period_type,period,sector_a,sector_b,pair,n_elites_period,n_diversified_period,n_pair,expected_qi,assoc_log2,assoc_ci_low,assoc_ci_high,assoc_boot_se,p_value,share_of_diversified,log_or_uncond,se_uncond,ci_low_uncond,ci_high_uncond,p_value_uncond,q_value,q_value_uncond,direction
era,Pre-1000,Politics,Administration & Law,Politics + Administration & Law,9988,6379,59,29.7510752773874,0.9759032443876119,0.6556708025559647,1.2651734508079178,0.15840104967176427,0.0004997501249375312,0.00924909860479699,0.006788431472612342,0.15085617566057735,-0.2888896728221193,0.30246653576734395,0.9641078184730245,0.00139216106232598,0.9641078184730245,associated
era,Pre-1000,Politics,Military,Politics + Military,9988,6379,576,186.92345108776718,1.621019128458929,1.5381496076517638,1.6958972831665722,0.041091025558033345,0.0004997501249375312,0.09029628468411977,0.9641365810209925,0.06051396868946752,0.8455292023896361,1.082743959652349,3.77200448652802e-57,0.00139216106232598,2.6746940904471415e-56,associated
era,Pre-1000,Politics,Religion,Politics + Religion,9988,6379,83,191.158143363021,-1.1986871954122542,-1.5058646698955722,-0.9221283457889848,0.1482703656304757,0.0004997501249375312,0.013011443799968648,-2.474580859900247,0.11417306696521773,-2.6983600711520737,-2.2508016486484204,3.614189554319155e-104,0.00139216106232598,9.396892841229803e-103,dissociated
era,Pre-1000,Politics,Nobility,Politics + Nobility,9988,6379,638,611.5653846591218,0.06100084105448625,-0.015176791206361806,0.13406392913401396,0.038853168403856754,0.11544227886056972,0.10001567643831322,-0.7644254510788864,0.05163555418104309,-0.8656311372737309,-0.6632197648840419,1.3752027534099669e-49,0.16674995835415626,7.151054317731828e-49,not distinguishable
era,Pre-1000,Politics,Kinship,Politics + Kinship,9988,6379,300,480.62176305121136,-0.6790370687953158,-0.818180812301872,-0.5504842300099704,0.0679146125443541,0.0004997501249375312,0.04702931493964571,-1.221148909979946,0.06635009369405598,-1.3511950936202957,-1.0911027263395963,1.206060266993382e-75,0.00139216106232598,1.34389572607834e-74,dissociated
era,Pre-1000,Politics,Big business,Politics + Big business,9988,6379,4,5.743769953143762,-0.47249238187404424,-2.2133253357335096,0.47860867515864985,0.743718330995869,0.4512743628185907,0.0006270575325286095,-1.1054861949931414,0.496285601520835,-2.078205973973978,-0.13276641601230477,0.0259125283014887,0.496315222670355,0.04210785848991914,not distinguishable
era,Pre-1000,Politics,Small business,Politics + Small business,9988,6379,8,19.029853768142754,-1.2001464005696083,-2.422579959839326,-0.47069396379805256,0.5157469169593483,0.02948525737131434,0.001254115065057219,-1.6169330957524026,0.3546044106122406,-2.311957740552394,-0.9219084509524111,5.119692740754546e-06,0.05110777944361152,1.3770208061339813e-05,not distinguishable
era,Pre-1000,Politics,Academia,Politics + Academia,9988,6379,79,145.47079953454883,-0.8766530311294725,-1.2088862362039607,-0.5958988309472592,0.15532035852331244,0.0004997501249375312,0.012384386267440038,-1.7749445188482478,0.1181289317855907,-2.0064772251480054,-1.5434118125484901,4.999391298760135e-51,0.00139216106232598,2.785375152166361e-50,dissociated
era,Pre-1000,Politics,Exploration & Invention,Politics + Exploration & Invention,9988,6379,16,16.89859258444644,-0.07650458312231906,-0.8291423319678384,0.4636659015481693,0.3402356675519931,0.8095952023988006,0.002508230130114438,-0.9348295505835468,0.26233624666919714,-1.4490085940551731,-0.4206505071119204,0.0003659728113350648,0.8309003393040322,0.0007512073495825013,not distinguishable
era,Pre-1000,Politics,Culture (core),Politics + Culture (core),9988,6379,79,145.63229799871576,-0.8782483107350134,-1.1901459607774778,-0.5956612970079116,0.1521389242195206,0.0004997501249375312,0.012384386267440038,-1.8188325849165543,0.11801451297814533,-2.050141030353719,-1.5875241394793895,1.360650950788882e-53,0.00139216106232598,8.163905704733292e-53,dissociated
era,Pre-1000,Politics,Culture (periphery),Politics + Culture (periphery),9988,6379,13,18.46109878939597,-0.4900831630824409,-1.4042011241939787,0.11672449918148399,0.38521188775024845,0.18940529735132433,0.002037936980717981,-1.1050827556667924,0.2872804022036905,-1.6681523439860257,-0.542013167347559,0.00011971731447447231,0.23450179672068727,0.0002667985865431097,not distinguishable
era,Pre-1000,Politics,Sport & Games,Politics + Sport & Games,9988,6379,2,5.7437699531437625,-1.3204892884289945,-3.7672176524801846,-0.1155066927704934,0.9815426921266371,0.15542228885557222,0.00031352876626430476,-2.1449912906510447,0.644659164445077,-3.4085232529633958,-0.8814593283386938,0.0008768368446272905,0.20547353441923105,0.0017098318470232163,not distinguishable
era,Pre-1000,Administration & Law,Military,Administration & Law + Military,9988,6379,9,18.43905918234742,-0.995365246638978,-2.142561437468855,-0.2616134087345037,0.4782260337565709,0.044977511244377814,0.0014108794481893713,-1.4054885034789466,0.3321978602087024,-2.056596309488003,-0.7543806974698899,2.3278126537500892e-05,0.07308845577211395,5.502102636136575e-05,not distinguishable
era,Pre-1000,Administration & Law,Religion,Administration & Law + Religion,9988,6379,27,18.85679029649089,0.5065918709439201,-0.07154250888819912,0.9526626610238517,0.2640504618681043,0.059470264867566215,0.004232638344568114,-0.9033125359594607,0.2037829035439036,-1.3027270269055118,-0.5038980450134096,9.305170994561057e-06,0.09095452273863068,2.3844366372832955e-05,not distinguishable
era,Pre-1000,Administration & Law,Nobility,Administration & Law + Nobility,9988,6379,42,60.32785215542489,-0.5172692219859779,-0.9545895918225115,-0.16778057895436146,0.1993881058129261,0.013493253373313344,0.0065841040915503996,-1.1555569130898202,0.16998609163858275,-1.4887296527014424,-0.822384173478198,1.061184356903502e-11,0.027696677976801077,3.619964021050219e-11,dissociated
era,Pre-1000,Administration & Law,Kinship,Administration & Law + Kinship,9988,6379,7,47.41092185947457,-2.6753920720749087,-4.181723420667607,-1.9000038383633082,0.575104214275384,0.0024987506246876563,0.0010973506819250665,-2.525466236596734,0.37155029225644676,-3.2537048094193697,-1.7972276637740983,1.0674252882583979e-11,0.0060907046476761624,3.619964021050219e-11,dissociated
era,Pre-1000,Administration & Law,Big business,Administration & Law + Big business,9988,6379,0,0.5665940441367003,-1.0930111771440107,-1.3358654697051047,-0.8393494416255607,0.12649701659070317,0.0004997501249375312,0.0,-0.8520882887098363,1.4232703413696015,-3.6416981577942553,1.9375215803745829,0.5493840469220586,0.00139216106232598,0.6013353036859037,dissociated
era,Pre-1000,Administration & Law,Small business,Administration & Law + Small business,9988,6379,1,1.8771994515415023,-0.6643004524869132,-2.4021845089787983,0.7251419436682336,1.029965052262187,0.5772113943028486,0.00015676438313215238,-0.857625305607403,0.8234354914932592,-2.471558868934191,0.7563082577193851,0.29763384074166066,0.6084120102111107,0.36849904091824653,not distinguishable
era,Pre-1000,Administration & Law,Academia,Administration & Law + Academia,9988,6379,32,14.349963401122356,1.1299803427436266,0.6250180252089587,1.5191765113674403,0.23256816695969013,0.0004997501249375312,0.005016460260228876,-0.01930218198068032,0.19066849655731644,-0.39301243523302054,0.35440807127165985,0.9193645099107453,0.00139216106232598,0.9313043087407549,associated
era,Pre-1000,Administration & Law,Exploration & Invention,Administration & Law + Exploration & Invention,9988,6379,2,1.6669612450964257,0.20625474302807278,-2.1925782353652092,1.3941301296563695,0.9808386321022827,0.7581209395302348,0.00031352876626430476,-0.3784200266228984,0.6412084589326015,-1.6351886061307974,0.8783485528850005,0.5550787418639112,0.7884457771114441,0.6013353036859037,not distinguishable
era,Pre-1000,Administration & Law,Culture (core),Administration & Law + Culture (core),9988,6379,23,14.365894413102408,0.6606544905491664,0.020541496095448638,1.1486292709058703,0.2882994939528277,0.02148925537231384,0.003605580812039505,-0.43340643065939266,0.21889937185245528,-0.862449199490205,-0.004363661828580334,0.04771088283697874,0.039908617120011425,0.07296958551537924,associated
era,Pre-1000,Administration & Law,Culture (periphery),Administration & Law + Culture (periphery),9988,6379,6,1.82109463081228,1.4856343757169774,0.04175496937227452,2.2849817205569316,0.5814378925915136,0.022488755622188907,0.0009405862987929142,0.6740469659258063,0.4069812092721916,-0.12363620424768929,1.4717301360993018,0.09767899176612756,0.04079355671001709,0.13852657014105363,associated
era,Pre-1000,Administration & Law,Sport & Games,Administration & Law + Sport & Games,9988,6379,2,0.5665940441367004,1.2289169177433514,-1.1437108581672444,2.3294248902042405,0.9529297729426286,0.14192903548225888,0.00031352876626430476,0.40574928342040917,0.647506468786916,-0.8633633954019461,1.6748619622427645,0.5308994646803653,0.1942186801336174,0.5915736892152642,not distinguishable
era,Pre-1000,Military,Religion,Military + Religion,9988,6379,52,118.47559410188573,-1.180276330689414,-1.5695963995340847,-0.8450792856381621,0.19225152295083214,0.0004997501249375312,0.008151747922871924,-2.2220187329621943,0.14280115989316478,-2.5019090063527973,-1.9421284595715913,1.3561307340100233e-54,0.00139216106232598,8.814849771065151e-54,dissociated
era,Pre-1000,Military,Nobility,Military + Nobility,9988,6379,258,379.0347144251144,-0.554067568311286,-0.7055565285173937,-0.4068943871516138,0.07638094167018256,0.0004997501249375312,0.04044521084809531,-1.1823661237238405,0.07231989444474958,-1.3241131168355498,-1.0406191306121313,4.413581132170239e-60,0.00139216106232598,3.4425932830927864e-59,dissociated
era,Pre-1000,Military,Kinship,Military + Kinship,9988,6379,254,297.878750619856,-0.22947913979169762,-0.3789030966789418,-0.09338203721025772,0.07432557432540854,0.001999000499750125,0.03981815331556671,-0.6052579362942178,0.073317746809642,-0.7489607200411161,-0.46155515254731944,1.5155678967578988e-16,0.005029743192919669,5.910714797355805e-16,dissociated
era,Pre-1000,Military,Big business,Military + Big business,9988,6379,1,3.5598617229241603,-1.436468089977758,-3.262092198877622,-0.0455602618450248,1.0154477620191569,0.2658670664667666,0.00015676438313215238,-1.590661340324038,0.8303516206775455,-3.2181505168520275,0.03682783620395136,0.05540992789052958,0.315387760665122,0.08311489183579437,not distinguishable
era,Pre-1000,Military,Small business,Military + Small business,9988,6379,8,11.79428294912422,-0.5324528473827627,-1.809373489964424,0.20236415622867585,0.5192314994137438,0.26686656671664166,0.001254115065057219,-0.9300791553589147,0.3550186252824938,-1.6259156609126024,-0.2342426498052269,0.008798036011466523,0.315387760665122,0.01559651838396338,not distinguishable
era,Pre-1000,Military,Academia,Military + Academia,9988,6379,14,90.15958774302474,-2.6444067006213894,-3.5853002913565652,-2.002531509220339,0.39466846540361644,0.0004997501249375312,0.002194701363850133,-2.852605940373364,0.26567393207235535,-3.3733268472351807,-2.3318850335115475,6.804509739773913e-27,0.00139216106232598,3.1220691747197953e-26,dissociated
era,Pre-1000,Military,Exploration & Invention,Military + Exploration & Invention,9988,6379,14,10.473374352281493,0.4020456723352581,-0.4551917694083883,0.9899709500086193,0.36814997151170276,0.25537231384307846,0.002194701363850133,-0.3916314387792451,0.27813640285562846,-0.9367787883762769,0.1535159108177867,0.1591146929481223,0.3112350074962519,0.21692170601827768,not distinguishable
era,Pre-1000,Military,Culture (core),Military + Culture (core),9988,6379,28,90.2596809232163,-1.671089617770523,-2.2503327006987943,-1.1993852458951502,0.2670576025244152,0.0004997501249375312,0.004389402727700266,-2.195602623853147,0.19155899925841494,-2.57105826239964,-1.8201469853066536,2.053079789415518e-30,0.00139216106232598,1.000876397340065e-29,dissociated
era,Pre-1000,Military,Culture (periphery),Military + Culture (periphery),9988,6379,3,11.441781178496194,-1.7705912109175712,-4.543023630309901,-0.7042740838660257,0.8663698203480477,0.047976011994003,0.0004702931493964571,-1.8512197948342095,0.5421085859477233,-2.913752623291747,-0.788686966376672,0.0006381701976127118,0.07636997827616804,0.0012763403952254235,not distinguishable
era,Pre-1000,Military,Sport & Games,Military + Sport & Games,9988,6379,5,3.559861722924161,0.438001027938383,-1.2593104690472594,1.3419734873453715,0.648541036741813,0.4432783608195902,0.0007838219156607619,-0.6239180119523144,0.4454297674201961,-1.4969603560958986,0.24912433219126984,0.16130075575718084,0.496315222670355,0.21692170601827768,not distinguishable
era,Pre-1000,Religion,Nobility,Religion + Nobility,9988,6379,227,387.62162723829283,-0.7706422811129772,-0.9392240596931196,-0.6232272028246666,0.08004690768613365,0.0004997501249375312,0.035585514970998586,-2.1732713363137264,0.07342690818804984,-2.317188076362304,-2.029354596265149,1.5972466810644299e-192,0.00139216106232598,1.2458524112302552e-190,dissociated
era,Pre-1000,Religion,Kinship,Religion + Kinship,9988,6379,246,304.62710047575445,-0.30782267485928194,-0.4684350906304138,-0.1667816539460299,0.07810877373153638,0.0009995002498750624,0.03856403825050948,-1.43085641036646,0.0715922662679805,-1.5711772522517018,-1.2905355684812183,7.263924478334738e-89,0.0025987006496751624,9.443101821835158e-88,dissociated
era,Pre-1000,Religion,Big business,Religion + Big business,9988,6379,8,3.6405092759803073,1.0376546134426279,-0.09629472022447753,1.7281491491548173,0.46363964999468255,0.03698150924537731,0.001254115065057219,-0.33024301603476514,0.37971112953226616,-1.0744768299180067,0.4139907978484765,0.384452500465329,0.06270777654650936,0.44587141655927076,not distinguishable
era,Pre-1000,Religion,Small business,Religion + Small business,9988,6379,39,12.061478737593605,1.652846344966402,1.2203303312838105,1.990509870923502,0.19881394014532408,0.0004997501249375312,0.0061138109421539424,0.241630566058603,0.18903698658171272,-0.12888192764155393,0.6121430597587599,0.20117240862623897,0.00139216106232598,0.26152413121411067,associated
era,Pre-1000,Religion,Academia,Religion + Academia,9988,6379,343,92.20212498237943,1.8896357842449432,1.7737968499675725,2.0038506028338294,0.058591964332622794,0.0004997501249375312,0.053770183414328265,0.12737888556594087,0.06751232506283818,-0.004945271557221936,0.2597030426891037,0.0591939466299906,0.00139216106232598,0.0871156195686654,associated
era,Pre-1000,Religion,Exploration & Invention,Religion + Exploration & Invention,9988,6379,15,10.710645369948631,0.4673988824744493,-0.34247106515417064,1.040905620389974,0.3511254018742048,0.16491754122938532,0.0023514657469822856,-0.9671190774836885,0.26959796401914987,-1.4955310869612224,-0.4387070680061548,0.000334165916802375,0.21087816747364024,0.0007044578786644662,not distinguishable
era,Pre-1000,Religion,Culture (core),Religion + Culture (core),9988,6379,192,92.30448574223793,1.052592000410199,0.8852908792604453,1.2136081013263986,0.0850584387130284,0.0004997501249375312,0.030098761561373255,-0.7347879880221247,0.08152833491598407,-0.8945835244574536,-0.5749924515867959,2.0109945722774923e-19,0.00139216106232598,8.255661928297074e-19,associated
era,Pre-1000,Religion,Culture (periphery),Religion + Culture (periphery),9988,6379,8,11.700991149689013,-0.5214636037743131,-1.7552916847860351,0.22924732742355558,0.5272496676080786,0.2768615692153923,0.001254115065057219,-1.570893368796248,0.3547008682114216,-2.2661070704906345,-0.8756796671018617,9.4766071481772e-06,0.32231645371344175,2.3844366372832955e-05,not distinguishable
era,Pre-1000,Religion,Sport & Games,Religion + Sport & Games,9988,6379,7,3.6405092759803077,0.8570823678008066,-0.3669328015222603,1.5992199990560982,0.5216737496244815,0.08695652173913043,0.0010973506819250665,-0.9272413019415979,0.38749602405098493,-1.6867335090815283,-0.16774909480166744,0.01671555341262309,0.1279737489745693,0.028973625915213356,not distinguishable
era,Pre-1000,Nobility,Kinship,Nobility + Kinship,9988,6379,1681,974.5825451247129,0.7861525190934185,0.7424623903247329,0.8270455833373341,0.021521620200386046,0.0004997501249375312,0.26352092804514815,1.2275042007646624,0.04649476131305289,1.1363744685910788,1.318633932938246,1.337451965322699e-153,0.00139216106232598,5.216062664758526e-152,associated
era,Pre-1000,Nobility,Big business,Nobility + Big business,9988,6379,7,11.646950616652047,-0.6956316828717173,-2.0271458131671776,0.039869077270763706,0.5391600868992223,0.1519240379810095,0.0010973506819250665,-1.2371650675529353,0.3988363771052522,-2.0188843666792295,-0.455445768426641,0.001922592728853883,0.2043116372848059,0.0035705293535857824,not distinguishable
era,Pre-1000,Nobility,Small business,Nobility + Small business,9988,6379,14,38.58785586605144,-1.430667548642451,-2.2645590810304546,-0.8670059081404025,0.36825347586343826,0.004997501249375313,0.002194701363850133,-1.7546598999845426,0.27801837944665364,-2.299575923699984,-1.2097438762691015,2.766851290531536e-10,0.010827919373646511,8.632576026458393e-10,dissociated
era,Pre-1000,Nobility,Academia,Nobility + Academia,9988,6379,66,294.9789480019889,-2.1516291005983414,-2.5006639115246974,-1.8368417373612715,0.16766819199056007,0.0004997501249375312,0.010346449286722056,-2.749720971464466,0.12761805891994094,-2.9998523669475503,-2.499589575981382,5.711866838039564e-103,0.00139216106232598,1.113814033417715e-101,dissociated
era,Pre-1000,Nobility,Exploration & Invention,Nobility + Exploration & Invention,9988,6379,13,34.2661831736916,-1.3647252813412292,-2.26916685407534,-0.7662758037972193,0.401261493409259,0.004997501249375313,0.002037936980717981,-1.8814151783862363,0.28633618242202974,-2.4426340959334145,-1.320196260839058,5.0095687657541164e-11,0.010827919373646511,1.6281098488700878e-10,dissociated
era,Pre-1000,Nobility,Culture (core),Nobility + Culture (core),9988,6379,167,295.3064271058112,-0.8204923032254223,-1.0188418534975687,-0.6448044980371082,0.09591924714389824,0.0004997501249375312,0.026179651983069447,-1.7451746184648185,0.08519314508830357,-1.9121531828378935,-1.5781960540917435,2.934758297255621e-93,0.00139216106232598,4.578222943718769e-92,dissociated
era,Pre-1000,Nobility,Culture (periphery),Nobility + Culture (periphery),9988,6379,17,37.43456086912819,-1.1161579151085435,-1.8327165466792565,-0.5767849427594768,0.324700288263157,0.0029985007496251873,0.0026649945132465906,-1.5330368157229404,0.2563781720204439,-2.0355380328830104,-1.0305355985628704,2.2369746616785075e-09,0.007087365408204988,6.710923985035523e-09,dissociated
era,Pre-1000,Nobility,Sport & Games,Nobility + Sport & Games,9988,6379,7,11.646950616652049,-0.6956316828717176,-2.0152190900037885,0.04332356640908856,0.5445701141255613,0.16091954022988506,0.0010973506819250665,-1.6835685468150787,0.3873174070744779,-2.4427106646810555,-0.924426428949102,1.3817506498864519e-05,0.20919540229885056,3.368017209098226e-05,not distinguishable
era,Pre-1000,Kinship,Big business,Kinship + Big business,9988,6379,5,9.153196174871514,-0.8115750794101315,-2.5908271771764975,0.06412306610841957,0.6683032486807736,0.17041479260369816,0.0007838219156607619,-1.0642081094270095,0.45433045215713136,-1.9546957956549869,-0.17372042319903203,0.019161924199734018,0.2143928035982009,0.032491958425635944,not distinguishable
era,Pre-1000,Kinship,Small business,Kinship + Small business,9988,6379,16,30.3257244179133,-0.9016687745155191,-1.664503824434993,-0.34114826537135384,0.34021983961589997,0.014492753623188406,0.002508230130114438,-1.0718354392138747,0.262950297759031,-1.5872180228215753,-0.556452855606174,4.577956837158468e-05,0.02898550724637681,0.00010502371567598838,dissociated
era,Pre-1000,Kinship,Academia,Kinship + Academia,9988,6379,53,231.82035087013628,-2.118504740703416,-2.528072623894119,-1.772225080574934,0.19412152893180848,0.0004997501249375312,0.008308512306004075,-2.40265020290408,0.14142869585648887,-2.6798504467827984,-2.125449959025362,1.0004661312394745e-64,0.00139216106232598,8.670706470742112e-64,dissociated
era,Pre-1000,Kinship,Exploration & Invention,Kinship + Exploration & Invention,9988,6379,20,26.929374655753357,-0.4200978217763761,-1.0504880660152691,0.052145035328965396,0.2883613072827089,0.13893053473263367,0.0031352876626430477,-0.8695328369095277,0.23914611866249083,-1.3382592294880098,-0.4008064443310456,0.00027691533938600706,0.1942186801336174,0.0005999832353363486,not distinguishable
era,Pre-1000,Kinship,Culture (core),Kinship + Culture (core),9988,6379,81,232.07771269634435,-1.5128408893495537,-1.8229559644359155,-1.2468975648666305,0.14962396690011226,0.0004997501249375312,0.012697915033704342,-1.989139133035657,0.1165058979890565,-2.2174906930942075,-1.7607875729771063,2.34593735508221e-65,0.00139216106232598,2.287288921205155e-64,dissociated
era,Pre-1000,Kinship,Culture (periphery),Kinship + Culture (periphery),9988,6379,4,29.419363972008806,-2.7330826000816346,-4.452466536528352,-1.8027962138672546,0.7510730174924992,0.017491254372813594,0.0006270575325286095,-2.4616912500899684,0.47969323833975325,-3.4018899972358847,-1.521492502944052,2.8697961913442216e-07,0.03327604490437708,8.290522330549973e-07,dissociated
era,Pre-1000,Kinship,Sport & Games,Kinship + Sport & Games,9988,6379,7,9.153196174871514,-0.3641161024389102,-1.6912691290408637,0.3965250354779577,0.5234843731542566,0.45177411294352826,0.0010973506819250665,-1.149459938064438,0.3874219144890487,-1.9088068904629734,-0.39011298566590247,0.0030077368217688734,0.496315222670355,0.005455894699952841,not distinguishable
era,Pre-1000,Big business,Small business,Big business + Small business,9988,6379,1,0.36241385245047425,0.7985102441633923,-0.9210814068512677,2.1190081558033036,1.0058262011941912,0.48425787106446777,0.00015676438313215238,0.8401829246453159,0.8342152910443678,-0.7948790458016448,2.4752448950922767,0.31386097194478235,0.5206300959109487,0.3825180595577035,not distinguishable
era,Pre-1000,Big business,Academia,Big business + Academia,9988,6379,3,2.770417130930578,0.09788026359877998,-2.5452593038122324,1.100706054019948,0.8250985402060079,0.8925537231384307,0.0004702931493964571,-0.6635720566382691,0.5563842213951405,-1.7540851305727445,0.42694101729620637,0.23300618293700914,0.8925537231384306,0.2979423322801101,not distinguishable
era,Pre-1000,Big business,Exploration & Invention,Big business + Exploration & Invention,9988,6379,5,0.3218250709720487,2.7425283708320207,0.9797607116013046,3.590986449848569,0.6178016821899572,0.0034982508745627187,0.0007838219156607619,2.2170456620889594,0.46160993313593485,1.312290193142527,3.121801131035392,1.5641901291233986e-06,0.008025399065173296,4.357386788272324e-06,associated
era,Pre-1000,Big business,Culture (core),Big business + Culture (core),9988,6379,4,2.7734927867541423,0.45909420153695696,-1.290313354396276,1.3526027730573058,0.74481003724958,0.487256371814093,0.0006270575325286095,-0.428030093444309,0.49657650823634203,-1.4013200495875393,0.5452598626989213,0.38870841443628734,0.5206300959109487,0.44587141655927076,not distinguishable
era,Pre-1000,Big business,Culture (periphery),Big business + Culture (periphery),9988,6379,3,0.3515822041646069,2.039137215383655,-0.6860435752204497,3.033473715181762,0.8278158925777365,0.04297851074462768,0.0004702931493964571,1.7544781258772808,0.5622550773167574,0.6524581743364364,2.8564980774181254,0.0018058665147374997,0.07132603910810552,0.003435550930476219,not distinguishable
era,Pre-1000,Big business,Sport & Games,Big business + Sport & Games,9988,6379,0,0.10938716722000696,-0.2854310244626159,-0.40031017055069174,-0.18436670724492818,0.05748978491013796,0.0004997501249375312,0.0,0.4382777171546056,1.4269566172243988,-2.358557252605216,3.2351126869144275,0.7587356061651194,0.00139216106232598,0.7890850304117242,dissociated
era,Pre-1000,Small business,Academia,Small business + Academia,9988,6379,24,9.17875076969451,1.3398889923456934,0.7362509742800838,1.8081132736983994,0.2736403142765196,0.0004997501249375312,0.003762345195171657,0.3044369205654405,0.22421740031004062,-0.13502918404223907,0.7439030251731201,0.17453489201964634,0.00139216106232598,0.23074104368699008,associated
era,Pre-1000,Small business,Exploration & Invention,Small business + Exploration & Invention,9988,6379,4,1.0662481418094087,1.522612203501843,-0.14065189033120984,2.4448740235534037,0.731708584856701,0.05897051474262868,0.0006270575325286095,0.8089618256079849,0.48648617365229646,-0.1445510747505161,1.762474725966486,0.09633905253625039,0.09095452273863068,0.13852657014105363,not distinguishable
era,Pre-1000,Small business,Culture (core),Small business + Culture (core),9988,6379,18,9.188940815786367,0.9331144051829529,0.20328078298154198,1.4558993306459487,0.3200398589943498,0.0074962518740629685,0.0028217588963787427,-0.07221395283170523,0.25112216690024824,-0.5644133999561918,0.4199854942927813,0.773679718542025,0.015802909356132745,0.7940397111352362,associated
era,Pre-1000,Small business,Culture (periphery),Small business + Culture (periphery),9988,6379,0,1.1648373781181485,-1.7353812612360624,-1.9741586518562793,-1.4997203203603342,0.12324458354391983,0.0004997501249375312,0.0,-1.3955592039414915,1.419291685461067,-4.177370907445183,1.3862524995622,0.3254703178660583,0.00139216106232598,0.3846467392962507,dissociated
era,Pre-1000,Small business,Sport & Games,Small business + Sport & Games,9988,6379,2,0.3624138524504743,1.5354758383295986,-0.8453947255491527,2.638935148015034,0.9682174641676847,0.14192903548225888,0.00031352876626430476,0.9765688126695209,0.6498923248888988,-0.2972201441127207,2.2503577694517625,0.13292610268125987,0.1942186801336174,0.18514707159175484,not distinguishable
era,Pre-1000,Academia,Exploration & Invention,Academia + Exploration & Invention,9988,6379,15,8.150770446323806,0.8413676840429868,0.01193409277359511,1.4079998583241111,0.3571589280726722,0.026486756621689155,0.0023514657469822856,-0.28305476369198007,0.27016515790188644,-0.8125784731796775,0.24646894579571738,0.29477219431580814,0.046953795829358054,0.36849904091824653,associated
era,Pre-1000,Academia,Culture (core),Academia + Culture (core),9988,6379,315,70.24344924740595,2.156971537674782,2.030356560040641,2.27331862563095,0.061269406467282045,0.0004997501249375312,0.049380780686628,0.7632844138256399,0.07210023733014147,0.6219679486585626,0.9046008789927172,3.4446483066428466e-26,0.00139216106232598,1.4926809328785668e-25,associated
era,Pre-1000,Academia,Culture (periphery),Academia + Culture (periphery),9988,6379,21,8.904420747901119,1.1929256689936432,0.5664211746206337,1.6815874532716713,0.2896485520410904,0.0009995002498750624,0.0032920520457751998,0.15429459823463695,0.2362671955544291,-0.30878910505204404,0.617378301521318,0.5137232094552251,0.0025987006496751624,0.5807305846015588,associated
era,Pre-1000,Academia,Sport & Games,Academia + Sport & Games,9988,6379,6,2.7704171309305785,0.9909650596822678,-0.3483998828845234,1.7819682291184544,0.5558617198516983,0.06746626686656672,0.0009405862987929142,-0.40691487167442053,0.4131690785541205,-1.2167262656404967,0.4028965222916556,0.3246914490222218,0.10119940029985007,0.3846467392962507,not distinguishable
era,Pre-1000,Exploration & Invention,Culture (core),Exploration & Invention + Culture (core),9988,6379,11,8.159819251397197,0.40922504286416395,-0.555706047171161,1.0542346867120502,0.42148852717713037,0.3103448275862069,0.0017244082144536761,-0.6551097858383599,0.3085095122837682,-1.2597884299145456,-0.050431141762174225,0.033714733266799995,0.35598377281947263,0.05366835091449795,not distinguishable
era,Pre-1000,Exploration & Invention,Culture (periphery),Exploration & Invention + Culture (periphery),9988,6379,5,1.0343806379062088,1.8417751981822614,0.13404793858533268,2.7419122836189067,0.6459892023629165,0.014992503748125937,0.0007838219156607619,1.0316412455477475,0.4431966452815828,0.16297582079584516,1.9003066702996498,0.01992655079100024,0.029235382308845575,0.03306959492974507,associated
era,Pre-1000,Exploration & Invention,Sport & Games,Exploration & Invention + Sport & Games,9988,6379,0,0.32182507097204877,-0.7169032478052764,-0.9233482215084627,-0.5249138890436593,0.10111103590473433,0.0004997501249375312,0.0,-0.7194741216350727,1.421804060247373,-3.5062100797199234,2.067261836449778,0.6128362743623454,0.00139216106232598,0.6548113616474376,dissociated
era,Pre-1000,Culture (core),Culture (periphery),Culture (core) + Culture (periphery),9988,6379,51,8.914306238870324,2.451645743827431,2.105935447042918,2.7281284660640703,0.1594947738500685,0.0004997501249375312,0.007994983539739771,1.3049938356478477,0.1777057485217671,0.9566905685451841,1.6532971027505112,2.0797726625020965e-13,0.00139216106232598,7.724869889293501e-13,associated
era,Pre-1000,Culture (core),Sport & Games,Culture (core) + Sport & Games,9988,6379,3,2.773492786754143,0.09652412215224855,-2.602896507949364,1.1277118790425358,0.8422624545177642,0.8845577211394303,0.0004702931493964571,-1.1153025924048938,0.5493795167981329,-2.1920864453292346,-0.03851873948055329,0.042345037120199006,0.8925537231384306,0.06605825790751045,not distinguishable
era,Pre-1000,Culture (periphery),Sport & Games,Culture (periphery) + Sport & Games,9988,6379,0,0.35158220416460695,-0.7682177066739491,-0.9795971810439404,-0.5607112493330395,0.1072033888364939,0.0004997501249375312,0.0,-0.6697974015881787,1.4219244820791532,-3.456769386463319,2.1171745832869617,0.6376050927194957,0.00139216106232598,0.6720702328664955,dissociated
era,1000-1399,Politics,Administration & Law,Politics + Administration & Law,14607,9351,75,35.02648407285263,1.087581726994317,0.7762547742992237,1.3712542557353908,0.15104111208436344,0.0004997501249375312,0.008020532563362208,0.004414353821896072,0.12532689515635534,-0.2412263606845604,0.25005506832835256,0.9719021475317129,0.0013441555084526702,0.9845242533438131,associated
era,1000-1399,Politics,Military,Politics + Military,14607,9351,116,67.22177634578422,0.7826382340696406,0.5415870575381844,1.00444717714417,0.12047667362146196,0.0004997501249375312,0.01240509036466688,-0.22954008649951338,0.10108317296845168,-0.42766310551767867,-0.03141706748134809,0.02315883792401336,0.0013441555084526702,0.03686508894026617,associated
era,1000-1399,Politics,Religion,Politics + Religion,14607,9351,112,122.69275533762749,-0.1309924157447622,-0.38979988467123466,0.110182398496066,0.13033286379598708,0.3218390804597701,0.01197732862795423,-1.623938021028664,0.09956371490806969,-1.8190829022484807,-1.4287931398088474,8.305433923582056e-60,0.39846743295019155,7.198042733771115e-59,not distinguishable
era,1000-1399,Politics,Nobility,Politics + Nobility,14607,9351,712,603.8329787121324,0.23754634148634535,0.16989187389009922,0.30291073105365196,0.034099936047148546,0.0004997501249375312,0.07614158913485189,-0.5601013028822306,0.052086019795985976,-0.6621899016823631,-0.4580127040820981,5.712259115751907e-27,0.0013441555084526702,2.620918888403816e-26,associated
era,1000-1399,Politics,Kinship,Politics + Kinship,14607,9351,181,349.4776691561088,-0.9472933234779133,-1.1373322276725333,-0.7744364435640516,0.09467486411186192,0.0004997501249375312,0.01935621858624746,-1.47490155525536,0.08066131849939354,-1.6329977395141713,-1.3168053709965486,1.087322239336471e-74,0.0013441555084526702,1.2115876381177821e-73,dissociated
era,1000-1399,Politics,Big business,Politics + Big business,14607,9351,28,7.2128359881762725,1.885628581550319,1.3678209697195451,2.282165417871574,0.23629070229513877,0.0004997501249375312,0.0029943321569885573,0.6420247606785299,0.21111321622871448,0.22824285687024948,1.0558066644868103,0.0023568453434349218,0.0013441555084526702,0.0042752078322773,associated
era,1000-1399,Politics,Small business,Politics + Small business,14607,9351,36,22.539067033486653,0.6638141679335491,0.1521094845504005,1.0517302497249668,0.2297977961729318,0.0034982508745627187,0.0038498556304138597,-0.24621473467540028,0.1759019166817323,-0.5909824913715955,0.09855302202079502,0.1615949617411444,0.006996501749125438,0.21363401721710615,associated
era,1000-1399,Politics,Academia,Politics + Academia,14607,9351,49,69.41402886669374,-0.49815344894448443,-0.931188440406992,-0.1479475414535652,0.20141959180571056,0.015992003998001,0.0052400812747299755,-1.383980037889243,0.14704016266053702,-1.6721787567038957,-1.0957813190745904,4.855881981766488e-21,0.027719473596535066,1.8036133075132668e-20,dissociated
era,1000-1399,Politics,Exploration & Invention,Politics + Exploration & Invention,14607,9351,12,10.264643605417023,0.21562753917310143,-0.7723151898318024,0.8612633897986435,0.42459233064144053,0.5942028985507246,0.0012832852101379532,-0.626488912215264,0.2939319192328081,-1.2025954739115678,-0.05038235051896023,0.03305552531017832,0.6247276361819091,0.05156661948387819,not distinguishable
era,1000-1399,Politics,Culture (core),Politics + Culture (core),14607,9351,65,89.20123087230972,-0.45363287516327416,-0.8070916236630483,-0.15510596919697717,0.16819457916149258,0.006496751624187906,0.006951128221580579,-1.515542019710854,0.1283412817941596,-1.7670909320274069,-1.2639931073943012,3.520156234558666e-32,0.012668665667166415,1.8304812419705063e-31,dissociated
era,1000-1399,Politics,Culture (periphery),Politics + Culture (periphery),14607,9351,6,13.882222357061321,-1.1457749965976927,-2.535260048259727,-0.29795669172538913,0.5928925992587621,0.054972513743128434,0.0006416426050689766,-1.614156281542449,0.3983096951285958,-2.394843283994497,-0.8334692790904012,5.0669828742760004e-05,0.07796101949025487,0.00011624254829221414,not distinguishable
era,1000-1399,Politics,Sport & Games,Politics + Sport & Games,14607,9351,3,4.234307679788419,-0.4357985469385846,-3.1764407623275637,0.6171838309995948,0.8718653875784329,0.5462268865567217,0.0003208213025344883,-1.0724104588375347,0.5472182493905816,-2.144958227643075,0.00013730996800531692,0.050025125932510864,0.5836396870058123,0.0742359725013869,not distinguishable
era,1000-1399,Administration & Law,Military,Administration & Law + Military,14607,9351,31,26.29478022231509,0.23339984587092277,-0.3011892270357693,0.6458025898155824,0.2448863111374321,0.3328335832083958,0.003315153459523046,-0.5653767147207737,0.18526951229954206,-0.9285049588278761,-0.20224847061367124,0.002275913647781015,0.4,0.004226696774450457,not distinguishable
era,1000-1399,Administration & Law,Religion,Administration & Law + Religion,14607,9351,128,47.993064329004746,1.4059180322370413,1.182722207739974,1.6066982223644823,0.1076698151298565,0.0004997501249375312,0.013688375574804833,-0.23420248769299654,0.10064043504739939,-0.43145774038589935,-0.036947235000093726,0.019958816681382708,0.0013441555084526702,0.0324330771072469,associated
era,1000-1399,Administration & Law,Nobility,Administration & Law + Nobility,14607,9351,143,236.19809426855693,-0.7219973536228943,-0.9302563538536921,-0.543728082034343,0.10037716421478067,0.0004997501249375312,0.015292482087477275,-1.4498909448151844,0.09629234536948497,-1.6386239417393749,-1.261157947890994,3.097303702871426e-51,0.0013441555084526702,2.4158968882397124e-50,dissociated
era,1000-1399,Administration & Law,Kinship,Administration & Law + Kinship,14607,9351,44,136.703297690275,-1.624437916005871,-2.0984480856682426,-1.277973027058593,0.21235778539809463,0.0004997501249375312,0.004705379103839161,-1.8592940135995766,0.15645421535590953,-2.1659442756971594,-1.552643751501994,1.4342671464982547e-32,0.0013441555084526702,7.990916959061704e-32,dissociated
era,1000-1399,Administration & Law,Big business,Administration & Law + Big business,14607,9351,4,2.8214062079095057,0.43813082623819455,-1.2521407432596952,1.4686058527240078,0.76079315101872,0.47176411794102946,0.00042776173671265103,-0.33925473231255504,0.48077106023145205,-1.281566010366201,0.603056545741091,0.48040758987927856,0.5411411941088279,0.5430694494287497,not distinguishable
era,1000-1399,Administration & Law,Small business,Administration & Law + Small business,14607,9351,13,8.816485464664865,0.5351016845107253,-0.4154166750126668,1.1735257438067563,0.4059841634133602,0.16391804097951024,0.001390225644316116,-0.23736672175243725,0.28006352179295196,-0.786291224466623,0.3115577809617486,0.39669085045572317,0.21670520671867455,0.46181919903800606,not distinguishable
era,1000-1399,Administration & Law,Academia,Administration & Law + Academia,14607,9351,70,27.152311834282784,1.3502231574336987,1.0228436981928823,1.6325884227244383,0.15374118316276644,0.0004997501249375312,0.007485830392471394,0.15047110062097385,0.129473184060016,-0.1032963401366575,0.4042385413786052,0.24516249621269737,0.0013441555084526702,0.2987917922592249,associated
era,1000-1399,Administration & Law,Exploration & Invention,Administration & Law + Exploration & Invention,14607,9351,4,4.015165357672963,-0.004853822659464837,-1.7101295374569332,0.9850507670138142,0.7890764746942392,0.9960019990004998,0.00042776173671265103,-0.6256397354095069,0.4789026760478112,-1.5642889804632167,0.31300950964420304,0.19141565781613323,0.9960019990004998,0.24476100507636708,not distinguishable
era,1000-1399,Administration & Law,Culture (core),Administration & Law + Culture (core),14607,9351,48,34.89236507649162,0.4545465749653344,0.027728882533664356,0.7904599611205376,0.19829475783942635,0.02448775612193903,0.005133140840551813,-0.705198143097196,0.1513127039396496,-1.001771042818909,-0.4086252433754828,3.1538861899374145e-06,0.03979260369815093,7.687597587972448e-06,associated
era,1000-1399,Administration & Law,Culture (periphery),Administration & Law + Culture (periphery),14607,9351,4,5.430234155053373,-0.3981640692083797,-2.047732905226804,0.5440481491334351,0.7435007080157842,0.5232383808095952,0.00042776173671265103,-0.918440940789204,0.477467715784507,-1.8542776637268377,0.017395782148429628,0.0544089335646171,0.5706313509911711,0.07859068181555803,not distinguishable
era,1000-1399,Administration & Law,Sport & Games,Administration & Law + Sport & Games,14607,9351,3,1.6563113307356099,0.6987894309421403,-2.0454785031287304,1.7807096938450884,0.8839581452892553,0.3333333333333333,0.0003208213025344883,-0.0014077851805070494,0.5481142712362678,-1.0757117568035919,1.072896186442578,0.9979507031937825,0.4,0.9979507031937825,not distinguishable
era,1000-1399,Military,Religion,Military + Religion,14607,9351,41,92.10684777161663,-1.1580075404048396,-1.6227594944473185,-0.7911714076191209,0.2150284728567748,0.0009995002498750624,0.0043845578013046735,-2.2685222279080697,0.15922013559288234,-2.580593693670119,-1.9564507621460203,4.6322735174393366e-46,0.0023624551360683296,3.284703039638802e-45,dissociated
era,1000-1399,Military,Nobility,Military + Nobility,14607,9351,609,453.3042892114715,0.42555597588355004,0.35442726867277274,0.49099998905113207,0.035071361820492766,0.0004997501249375312,0.06512672441450112,-0.12604912203373933,0.06033346276995915,-0.24430270906285928,-0.007795535004619394,0.03668904992106334,0.0013441555084526702,0.056112664585155694,associated
era,1000-1399,Military,Kinship,Military + Kinship,14607,9351,168,262.356863565108,-0.6415288148059267,-0.8446621175817662,-0.46542062868507333,0.09494002437228315,0.0004997501249375312,0.017965992941931345,-1.094572983361665,0.08511248359080413,-1.2613934511996412,-0.927752515523689,7.527349908754153e-38,0.0013441555084526702,4.892777440690199e-37,dissociated
era,1000-1399,Military,Big business,Military + Big business,14607,9351,7,5.41475806404721,0.34257143751475283,-1.0688472066724324,1.1524608153201847,0.5563100122330741,0.5012493753123438,0.0007485830392471393,-0.4750390103495052,0.3764087961612862,-1.2128002508256261,0.2627222301266157,0.206938166190746,0.5585350182051831,0.2603415639173901,not distinguishable
era,1000-1399,Military,Small business,Military + Small business,14607,9351,17,16.920334134275883,0.006582625948627269,-0.7689977247280908,0.5284090237263305,0.34126098829739454,0.9835082458770614,0.001817987381028767,-0.6421705898745245,0.24655163922415407,-1.1254118027538664,-0.1589293769951825,0.00919791901143036,0.9960019990004998,0.015596471367208004,not distinguishable
era,1000-1399,Military,Academia,Military + Academia,14607,9351,11,52.10990145624676,-2.1937004865894756,-3.261728227684601,-1.4989904914331997,0.44536600690766237,0.0009995002498750624,0.0011763447759597903,-2.4898537027695715,0.2976493280303553,-3.073246385709068,-1.906461019830075,6.008568658269926e-17,0.0023624551360683296,2.0376885015002359e-16,dissociated
era,1000-1399,Military,Exploration & Invention,Military + Exploration & Invention,14607,9351,19,7.705784774270975,1.2487609039157326,0.5197224141605109,1.774977818919999,0.31686634871477876,0.0014992503748125937,0.0020318682493850925,0.26869553693814113,0.24119752393182864,-0.204051609968243,0.7414426838445253,0.2652765270983536,0.0034394567422171263,0.3183318325180243,associated
era,1000-1399,Military,Culture (core),Military + Culture (core),14607,9351,36,66.96437919572061,-0.8862295045100681,-1.4018037429690826,-0.4835962993082513,0.23194394305787316,0.0009995002498750624,0.0038498556304138597,-1.7190184568138422,0.1698403060068502,-2.0519054565872685,-1.386131457040416,4.441043409913809e-24,0.0023624551360683296,1.8231651893330375e-23,dissociated
era,1000-1399,Military,Culture (periphery),Military + Culture (periphery),14607,9351,4,10.421542314010154,-1.279179698022934,-2.9684456653581477,-0.32195741195928634,0.7609659840006007,0.09495252373813093,0.00042776173671265103,-1.5901780401677108,0.47669992109188036,-2.524509885507796,-0.6558461948276253,0.0008505276111582809,0.13225530092096807,0.0016585288417586476,not distinguishable
era,1000-1399,Military,Sport & Games,Military + Sport & Games,14607,9351,5,3.1787429649552497,0.580218740407102,-1.16203268979553,1.422103970857751,0.6379340334891103,0.31584207896051975,0.0005347021708908138,-0.19159833968028156,0.4428933926187404,-1.0596693892130127,0.6764727098524497,0.6653010286766905,0.3973497122406539,0.710869592284683,not distinguishable
era,1000-1399,Religion,Nobility,Religion + Nobility,14607,9351,356,827.368083277499,-1.2154988229835937,-1.345545437782182,-1.099059711685025,0.06451705288101273,0.0004997501249375312,0.038070794567425945,-2.9042289422370646,0.05944376220854206,-3.0207387161658072,-2.787719168308322,0.0,0.0013441555084526702,0.0,dissociated
era,1000-1399,Religion,Kinship,Religion + Kinship,14607,9351,230,478.85206583892733,-1.0563188991876749,-1.2184696516749876,-0.9001537680163145,0.08404593139986374,0.0004997501249375312,0.024596299860977437,-2.206338619209819,0.07087087046695517,-2.3452455253250513,-2.067431713094587,8.941589391486206e-213,0.0013441555084526702,1.7436099313398102e-211,dissociated
era,1000-1399,Religion,Big business,Religion + Big business,14607,9351,12,9.882981713354475,0.2677072884416695,-0.6547518248567299,0.9079656683534256,0.40441962069211734,0.49325337331334335,0.0012832852101379532,-1.1892174753160636,0.2968167702956526,-1.7709783450955427,-0.6074566055365844,6.160660238913398e-05,0.557590769832475,0.0001372947138957843,not distinguishable
era,1000-1399,Religion,Small business,Religion + Small business,14607,9351,43,30.88288541333397,0.4710373979181131,0.036356278382458126,0.8448082832089883,0.20500172176986015,0.025987006496751622,0.004598438669660999,-0.9223990695697436,0.16217065548282042,-1.2402535543160715,-0.6045445848234157,1.286640391942395e-08,0.041367071566257685,3.345265019050227e-08,associated
era,1000-1399,Religion,Academia,Religion + Academia,14607,9351,491,95.11065814672016,2.3619480606285195,2.2695375286819988,2.4574045063891563,0.04774709287018159,0.0004997501249375312,0.05250775318147792,0.5909687783841446,0.05956929190800544,0.47421296624445397,0.7077245905238353,3.3839150119748395e-23,0.0013441555084526702,1.3197268546701876e-22,associated
era,1000-1399,Religion,Exploration & Invention,Religion + Exploration & Invention,14607,9351,22,14.064548980835387,0.6274639750884488,-0.029189444325927835,1.0999088357492182,0.2859472169724773,0.033483258370814596,0.0023526895519195806,-0.8409762635219061,0.22561643808257656,-1.2831844821637561,-0.39876804488005607,0.0001934191946366774,0.0502248875562219,0.00040774857247731993,not distinguishable
era,1000-1399,Religion,Culture (core),Religion + Culture (core),14607,9351,380,122.2229557090829,1.6324913189086028,1.5090854500275193,1.7472712644208135,0.05957632401548025,0.0004997501249375312,0.04063736498770185,-0.3602365926252259,0.060486513948544506,-0.47879015996437313,-0.24168302528607866,2.590379331634004e-09,0.0013441555084526702,6.967227167843183e-09,associated
era,1000-1399,Religion,Culture (periphery),Religion + Culture (periphery),14607,9351,43,19.021332236094203,1.1559638877726073,0.7389289448347436,1.4825948732480299,0.19940017919692005,0.0009995002498750624,0.004598438669660999,-0.39698198726904316,0.1681067328509857,-0.7264711836569752,-0.06749279088111115,0.018201774151295137,0.0023624551360683296,0.030207199655340865,associated
era,1000-1399,Religion,Sport & Games,Religion + Sport & Games,14607,9351,8,5.801821285922002,0.4316939998701239,-0.7869550484706213,1.1853549184473071,0.5017325414773777,0.35132433783108447,0.0008555234734253021,-0.9767781893940751,0.36333242713297836,-1.6889097465747127,-0.26464663221343754,0.0071798122580666235,0.4152014901640089,0.01268395974992122,not distinguishable
era,1000-1399,Nobility,Kinship,Nobility + Kinship,14607,9351,3602,2356.6727186320018,0.6119409564176019,0.5842190809581024,0.637867664224656,0.014028771754494148,0.0004997501249375312,0.38519944390974226,1.6194819899077086,0.04142545840240984,1.5382880914389854,1.700675888376432,0.0,0.0013441555084526702,0.0,associated
era,1000-1399,Nobility,Big business,Nobility + Big business,14607,9351,27,48.63914148892049,-0.8374410339244729,-1.4036826851331434,-0.4298735799590614,0.246280786208846,0.0034982508745627187,0.0028873917228103944,-1.5907169678097408,0.21301554619802027,-2.0082274383578604,-1.1732064972616212,8.16646136176782e-14,0.006996501749125438,2.654099942574541e-13,dissociated
era,1000-1399,Nobility,Small business,Nobility + Small business,14607,9351,137,151.99026738818299,-0.1492855477177047,-0.3453233713246796,0.028226885462974187,0.0956025772408389,0.11694152923538231,0.014650839482408298,-0.7581922003742847,0.10768654785336583,-0.9692578341668817,-0.5471265665816877,1.9123153070626835e-12,0.16002525053262845,5.73694592118805e-12,not distinguishable
era,1000-1399,Nobility,Academia,Nobility + Academia,14607,9351,37,468.0875562535551,-3.643356141978278,-4.106927178122537,-3.241633367411205,0.2245528568956073,0.0004997501249375312,0.003956796064592022,-3.9776979099261984,0.16645273802454283,-4.303945276454303,-3.6514505433980946,3.301780097583642e-126,0.0013441555084526702,5.150776952230481e-125,dissociated
era,1000-1399,Nobility,Exploration & Invention,Nobility + Exploration & Invention,14607,9351,52,69.21874467624733,-0.40922917041322177,-0.7581337908034966,-0.10300506407929368,0.16691903994056478,0.015492253873063468,0.005560902577264464,-1.1048961565457411,0.16359031070682478,-1.4255331655311176,-0.7842591475603646,1.4378011465869475e-11,0.02746354095679433,4.153647756806737e-11,dissociated
era,1000-1399,Nobility,Culture (core),Nobility + Culture (core),14607,9351,228,601.5208576066825,-1.3976193061608526,-1.5680209592638212,-1.2385545319376772,0.08263974998987071,0.0004997501249375312,0.02438241899262111,-2.5015344793908545,0.07254387728355725,-2.643720478866627,-2.359348479915082,1.439792760428395e-260,0.0013441555084526702,3.743461177113827e-259,dissociated
era,1000-1399,Nobility,Culture (periphery),Nobility + Culture (periphery),14607,9351,10,93.61357703303143,-3.164013536457601,-4.288305890204174,-2.4716358247882404,0.4594639511413056,0.0004997501249375312,0.0010694043417816277,-3.3039866627998564,0.31579985548145506,-3.9229543795435085,-2.6850189460562044,1.2871971852843839e-25,0.0013441555084526702,5.5778544695656635e-25,dissociated
era,1000-1399,Nobility,Sport & Games,Nobility + Sport & Games,14607,9351,26,28.553691042256133,-0.13272909862149282,-0.6570934198136753,0.25555770970836567,0.2285289940085993,0.526736631684158,0.002780451288632232,-0.8578487131917938,0.23812688398501664,-1.3245774058024264,-0.3911200205811612,0.00031518864839027245,0.5706313509911711,0.0006469661730116119,not distinguishable
era,1000-1399,Kinship,Big business,Kinship + Big business,14607,9351,11,28.15065489393513,-1.3169342551749808,-2.318989839878841,-0.6232981472443688,0.43024824211819396,0.008995502248875561,0.0011763447759597903,-1.6535875497646915,0.30812260081885173,-2.2575078473696406,-1.049667252159742,8.021048361155144e-08,0.017113394522251066,2.0181992650648426e-07,dissociated
era,1000-1399,Kinship,Small business,Kinship + Small business,14607,9351,27,87.96671638327109,-1.6857031570042929,-2.292340486920176,-1.2464402714991594,0.26785030792600073,0.0004997501249375312,0.0028873917228103944,-1.8091801594378492,0.19870621217413906,-2.1986443352991616,-1.4197159835765367,8.642617048779909e-20,0.0013441555084526702,3.0642005900219676e-19,dissociated
era,1000-1399,Kinship,Academia,Kinship + Academia,14607,9351,27,270.9129078530479,-3.3029858103183978,-3.8985821411204564,-2.8274388390485368,0.2758633093283658,0.0004997501249375312,0.0028873917228103944,-3.2778246780259988,0.19344245105901114,-3.6569718821016606,-2.898677473950337,2.1059870256283945e-64,0.0013441555084526702,2.0533373499876847e-63,dissociated
era,1000-1399,Kinship,Exploration & Invention,Kinship + Exploration & Invention,14607,9351,10,40.061418312992,-1.9497187721161497,-2.9884752939198225,-1.2785203120652107,0.44559437585177364,0.0024987506246876563,0.0010694043417816277,-2.05138088072888,0.3181578550365262,-2.6749702766004715,-1.4277914848572886,1.1357326395795737e-10,0.00556864424930392,3.1638266388288124e-10,dissociated
era,1000-1399,Kinship,Culture (core),Kinship + Culture (core),14607,9351,117,348.1394933306302,-1.5690752481437873,-1.8264623366790635,-1.3398988175991675,0.12543624233053324,0.0004997501249375312,0.012512030798845043,-2.1936219421585137,0.09684655294226677,-2.3834411859253564,-2.003802698391671,1.379663321096828e-113,0.0013441555084526702,1.7935623174258764e-112,dissociated
era,1000-1399,Kinship,Culture (periphery),Kinship + Culture (periphery),14607,9351,6,54.18030458132101,-3.072509655841259,-4.5387052264590775,-2.223102843958167,0.6263050469438872,0.0029985007496251873,0.0006416426050689766,-2.8519933396993147,0.39787940987981396,-3.6318369830637502,-2.072149696334879,7.611006130524406e-13,0.006321163742453098,2.374633912723615e-12,dissociated
era,1000-1399,Kinship,Sport & Games,Kinship + Sport & Games,14607,9351,7,16.52589001106646,-1.1827677149018616,-2.529885033038275,-0.3853622642598143,0.5645621806894962,0.038980509745127435,0.0007485830392471393,-1.4882831629021203,0.38398676693153894,-2.2408972260879363,-0.735669099716304,0.00010624397650620118,0.05736754264377245,0.00023019528243010257,not distinguishable
era,1000-1399,Big business,Small business,Big business + Small business,14607,9351,12,1.8155365955801077,2.4325096316773065,1.452978536555085,3.056128768841475,0.40743823628530207,0.0004997501249375312,0.0012832852101379532,1.295350654695871,0.300794815682738,0.7057928159577046,1.8849084934340374,1.659132981390756e-05,0.0013441555084526702,3.9215870469236056e-05,associated
era,1000-1399,Big business,Academia,Big business + Academia,14607,9351,3,5.5913454388729145,-0.7994059996054214,-3.5429263967697473,0.2711269702043705,0.8502487209304377,0.27436281859070466,0.0003208213025344883,-1.4535508249236408,0.5419590063484007,-2.5157904773665063,-0.3913111724807756,0.007317669086493011,0.35082458770614694,0.01268395974992122,not distinguishable
era,1000-1399,Big business,Exploration & Invention,Big business + Exploration & Invention,14607,9351,6,0.8268237579902656,2.292462967899905,0.8406657000165475,3.0890362717458153,0.6143265664318057,0.0029985007496251873,0.0006416426050689766,1.3341700732113708,0.4084561053553855,0.5335961067148153,2.1347440397079263,0.001089345838457497,0.006321163742453098,0.002072414034138653,associated
era,1000-1399,Big business,Culture (core),Big business + Culture (core),14607,9351,4,7.185217506068885,-0.7721610900269429,-2.4860504105400096,0.20145772713466473,0.7641618149174163,0.25487256371814093,0.00042776173671265103,-1.6083382154104733,0.479653391339181,-2.548458862435268,-0.6682175683856786,0.0007990434731808761,0.3313343328335832,0.0015980869463617523,not distinguishable
era,1000-1399,Big business,Culture (periphery),Big business + Culture (periphery),14607,9351,5,1.11822209321174,1.7650219943140117,-0.040300944792626775,2.6636137402833184,0.6788195274757239,0.03298350824587706,0.0005347021708908138,0.8601428762277648,0.4397024013184511,-0.0016738303563994528,1.721959582811929,0.050442391571455206,0.0502248875562219,0.0742359725013869,not distinguishable
era,1000-1399,Big business,Sport & Games,Big business + Sport & Games,14607,9351,0,0.34107625387422946,-0.7503085095159132,-0.9206927894021474,-0.5881635285831607,0.08546735620355839,0.0004997501249375312,0.0,-0.4470888662733858,1.4211668652694667,-3.2325759222015407,2.338398189654769,0.753070845040247,0.0013441555084526702,0.7831936788418569,dissociated
era,1000-1399,Small business,Academia,Small business + Academia,14607,9351,26,17.472144086004775,0.560229826302378,-0.05255551593895842,1.0174485522388717,0.26751357645151874,0.04047976011994003,0.002780451288632232,-0.3807931852681335,0.2032814795215612,-0.7792248851303935,0.017638514594126464,0.06103648236711717,0.05847076461769115,0.08656082953882073,not distinguishable
era,1000-1399,Small business,Exploration & Invention,Small business + Exploration & Invention,14607,9351,3,2.5837044037561596,0.18269044333964737,-2.597760402353786,1.2811861660577595,0.8731879229029317,0.7866066966516742,0.0003208213025344883,-0.3538612602424654,0.5420851699768033,-1.416348193397,0.7086256729120692,0.5138994238946617,0.8073068728793498,0.5670325027395197,not distinguishable
era,1000-1399,Small business,Culture (core),Small business + Culture (core),14607,9351,42,22.45276327992814,0.8887949913032838,0.43976587627645347,1.259864553026662,0.206679533953539,0.0004997501249375312,0.004491498235482836,-0.273309908346295,0.16441492656502535,-0.5955631644137447,0.04894334772115472,0.09644901051622223,0.0013441555084526702,0.13198285649588304,associated
era,1000-1399,Small business,Culture (periphery),Small business + Culture (periphery),14607,9351,9,3.4942819660034705,1.2499913337422233,0.16333287085251832,1.968747914142586,0.4732854537542225,0.015492253873063468,0.0009624639076034649,0.39444037466292414,0.33494872515863994,-0.2620591266480101,1.0509398759738584,0.23895044663259069,0.02746354095679433,0.2958434101165408,associated
era,1000-1399,Small business,Sport & Games,Small business + Sport & Games,14607,9351,3,1.0658138577119545,1.16044220528912,-1.5889342921197176,2.1985610648747396,0.864405770906191,0.14942528735632185,0.0003208213025344883,0.528654585955045,0.5490702113432853,-0.5475230282777942,1.604832200187884,0.33563895445681136,0.2009512485136742,0.39666421890350434,not distinguishable
era,1000-1399,Academia,Exploration & Invention,Academia + Exploration & Invention,14607,9351,15,7.9570876557968235,0.8740353784727667,-0.016737602927540902,1.4531591081157316,0.3613910347781203,0.02848575712143928,0.0016041065126724415,-0.17317964201695524,0.26671776075220527,-0.6959464530912776,0.3495871690573671,0.5161449704423833,0.044437781109445275,0.5670325027395197,associated
era,1000-1399,Academia,Culture (core),Academia + Culture (core),14607,9351,335,69.14823741969576,2.2681540181494637,2.1492149612812406,2.38884296139653,0.06150285038920833,0.0004997501249375312,0.035825045449684526,0.741553140196297,0.06768833515012734,0.6088840033020475,0.8742222770905466,6.259757579864741e-28,0.0013441555084526702,3.051631820184061e-27,associated
era,1000-1399,Academia,Culture (periphery),Academia + Culture (periphery),14607,9351,25,10.761412124830569,1.1791095015706636,0.5568965996244947,1.6645577280989456,0.2744887640173972,0.0004997501249375312,0.002673510854454069,0.06756202350236662,0.21096645165241257,-0.345932221736362,0.48105626874109525,0.7487787604959089,0.0013441555084526702,0.7831936788418569,associated
era,1000-1399,Academia,Sport & Games,Academia + Sport & Games,14607,9351,8,3.2824088847964705,1.1681575117589018,0.07941088425189044,1.9137768873831575,0.48370291625734857,0.02048975512243878,0.0008555234734253021,0.10359267899285217,0.3638959501214585,-0.6096433832452064,0.8168287412309108,0.7758918835437092,0.03400427445851542,0.7963100910053857,associated
era,1000-1399,Exploration & Invention,Culture (core),Exploration & Invention + Culture (core),14607,9351,19,10.225339526380756,0.8624508048959864,0.14048343439495423,1.407321160721525,0.31808648398694106,0.013493253373313344,0.0020318682493850925,-0.3343686968540379,0.24047552763326113,-0.8057007310152298,0.13696333730715388,0.16439290403665918,0.02505889912186764,0.21371077524765694,associated
era,1000-1399,Exploration & Invention,Culture (periphery),Exploration & Invention + Culture (periphery),14607,9351,6,1.59135065282749,1.6360047419704042,0.18982737927222826,2.457891335318996,0.6046908603843623,0.017991004497751123,0.0006416426050689766,0.7488249864313834,0.4044720338612062,-0.043940199936580826,1.5415901727993475,0.06411719600060037,0.030506485887491032,0.08930609442940765,associated
era,1000-1399,Exploration & Invention,Sport & Games,Exploration & Invention + Sport & Games,14607,9351,1,0.4853882985872411,0.6061982557530148,-1.0943574938537184,1.9455902212422387,1.0088847965450798,0.6006996501749126,0.00010694043417816276,0.39036375816947755,0.8275663560948413,-1.2316662997764114,2.0123938161153663,0.6371403263963489,0.6247276361819091,0.6902353535960446,not distinguishable
era,1000-1399,Culture (core),Culture (periphery),Culture (core) + Culture (periphery),14607,9351,110,13.829066301605772,2.9470298595048123,2.7453944007031605,3.1336536068808742,0.09744217589043962,0.0004997501249375312,0.011763447759597903,1.6461615861268135,0.13008458202724402,1.3911958053534152,1.9011273669002118,1.0558148894539998e-36,0.0013441555084526702,6.334889336723998e-36,associated
era,1000-1399,Culture (core),Sport & Games,Culture (core) + Sport & Games,14607,9351,6,4.21809420272016,0.46223549404433606,-1.0255445673704022,1.2872853277240879,0.6127664007416885,0.3713143428285857,0.0006416426050689766,-0.6081566603537356,0.409907422668551,-1.4115752087840956,0.19526188807662437,0.13790340797854572,0.43227639911387594,0.1854563072814925,not distinguishable
era,1000-1399,Culture (periphery),Sport & Games,Culture (periphery) + Sport & Games,14607,9351,0,0.6564541887209534,-1.2097081168049342,-1.4224539949558779,-0.9948764307014455,0.10795947309013912,0.0004997501249375312,0.0,-1.0135945118351208,1.4201017713701716,-3.796993983720657,1.7698049600504153,0.47538314454305897,0.0013441555084526702,0.5430694494287497,dissociated
era,1400-1599,Politics,Administration & Law,Politics + Administration & Law,34289,19224,672,291.97455898230294,1.2012231309265888,1.1149327218924308,1.2830386481085236,0.04446239783641747,0.0004997501249375312,0.03495630461922597,0.3537690955121686,0.046231068780523986,0.2631562007023416,0.44438199032199566,1.9757924162652842e-14,0.000721861291576434,3.1451389483406563e-14,associated
era,1400-1599,Politics,Military,Politics + Military,34289,19224,488,312.0651279461573,0.6442017324981226,0.5349054958646268,0.7509075245968294,0.055517555341430526,0.0004997501249375312,0.025384935497295046,-0.15737581909304688,0.051341031782258906,-0.2580042413862743,-0.056747396799819425,0.002174495722056812,0.000721861291576434,0.0024942745047122255,associated
era,1400-1599,Politics,Religion,Politics + Religion,34289,19224,367,514.0793608203403,-0.4856493434630212,-0.623127655042956,-0.3638765231558226,0.0673452370707435,0.0004997501249375312,0.019090719933416562,-1.6425800524931784,0.055568659391818855,-1.7514946249011434,-1.5336654800852134,4.9624712397290046e-192,0.000721861291576434,6.451212611647706e-191,dissociated
era,1400-1599,Politics,Nobility,Politics + Nobility,34289,19224,1138,786.0819428816254,0.5334653188379359,0.4661088560793,0.5959689102010239,0.03357246922406396,0.0004997501249375312,0.059196837286724924,-0.22491263150514507,0.03589361033807439,-0.29526410776777084,-0.1545611552425193,3.7022384498170825e-10,0.000721861291576434,5.448577341240234e-10,associated
era,1400-1599,Politics,Kinship,Politics + Kinship,34289,19224,389,477.5004556950483,-0.29538866529287205,-0.42845179814370493,-0.1721466428678545,0.06678725024238936,0.0004997501249375312,0.02023512276321265,-0.7791728025893954,0.055243329969912124,-0.8874497293304231,-0.6708958758483676,3.5692283083008324e-45,0.000721861291576434,1.1135992321898597e-44,dissociated
era,1400-1599,Politics,Big business,Politics + Big business,34289,19224,144,58.86076624435711,1.283487872848008,1.0718029126263393,1.4732763891473455,0.10208596794020547,0.0004997501249375312,0.00749063670411985,0.29294374544134916,0.0949425033323855,0.10685643890987356,0.47903105197282475,0.0020321993055740823,0.000721861291576434,0.0023658439676832598,associated
era,1400-1599,Politics,Small business,Politics + Small business,34289,19224,251,204.26055453055798,0.2966205814907913,0.13507289726611374,0.4527662568687279,0.08219997322708479,0.001999000499750125,0.01305659592176446,-0.4320009790254247,0.06879491588214566,-0.5668390141544302,-0.29716294389641923,3.395586709946431e-10,0.0027354743680791183,5.093380064919647e-10,associated
era,1400-1599,Politics,Academia,Politics + Academia,34289,19224,274,536.8644759073759,-0.9690948015842161,-1.1240623791288993,-0.8136841873769634,0.08036554985642458,0.0004997501249375312,0.014253017062005826,-1.7639248405571095,0.06344559240562,-1.8882782016721247,-1.6395714794420944,4.083997933589491e-170,0.000721861291576434,3.981897985249754e-169,dissociated
era,1400-1599,Politics,Exploration & Invention,Politics + Exploration & Invention,34289,19224,129,92.62430450604272,0.4757224469886271,0.2472387002727048,0.6848332324383877,0.11427327524303187,0.0004997501249375312,0.006710362047440699,-0.46670023972323504,0.0945296178921069,-0.6519782907917646,-0.28142218865470553,7.930114561232507e-07,0.000721861291576434,1.145460992178029e-06,associated
era,1400-1599,Politics,Culture (core),Politics + Culture (core),34289,19224,204,621.5373195491732,-1.6049002952489544,-1.7943099190015064,-1.4207529378593768,0.09353446928822969,0.0004997501249375312,0.010611735330836454,-2.5236873666951727,0.07233034355220645,-2.6654548400574973,-2.381919893332848,1.0134296832121889e-266,0.000721861291576434,1.9761878822637684e-265,dissociated
era,1400-1599,Politics,Culture (periphery),Politics + Culture (periphery),34289,19224,22,169.73873148435825,-2.9195623993495396,-3.586421439020673,-2.4108342076731093,0.3011612406272415,0.0004997501249375312,0.0011444028297960883,-2.8252755945117243,0.2126628701618661,-3.242094820028982,-2.4084563689944667,2.819826323639037e-40,0.000721861291576434,8.45947897091711e-40,dissociated
era,1400-1599,Politics,Sport & Games,Politics + Sport & Games,34289,19224,2,14.412401489963093,-2.5765126076330844,-4.977236293695796,-1.435030856627598,0.9908453429588465,0.0014992503748125937,0.00010403662089055348,-2.6211264845002398,0.6373206210895337,-3.870274901835726,-1.3719780671647537,3.9101066183505844e-05,0.0020882415934889696,5.1692934954465355e-05,dissociated
era,1400-1599,Administration & Law,Military,Administration & Law + Military,34289,19224,148,189.06879561400876,-0.3522585747824021,-0.5733896485702376,-0.14795642027185904,0.10984833117759084,0.00399800099950025,0.007698709945900957,-0.7739341465755857,0.08622363801713641,-0.942932477089173,-0.6049358160619983,2.810625410505561e-19,0.005197401299350325,5.219732905224614e-19,dissociated
era,1400-1599,Administration & Law,Religion,Administration & Law + Religion,34289,19224,325,311.46179722167204,0.06128817562834717,-0.08213934736905505,0.1921333470426976,0.07101650085509817,0.3953023488255872,0.01690595089471494,-0.9632421057580797,0.06011515340592558,-1.0810678064336938,-0.8454164050824655,8.788526702428957e-58,0.44047976011994,3.427525413947293e-57,not distinguishable
era,1400-1599,Administration & Law,Nobility,Administration & Law + Nobility,34289,19224,368,476.25816819940223,-0.37159303682612227,-0.5037640598457884,-0.24248494516458602,0.0671890018017339,0.0004997501249375312,0.01914273824386184,-0.8267206273744899,0.05710372547443057,-0.9386439293043738,-0.7147973254446061,1.6803909496653153e-47,0.000721861291576434,5.698717133647591e-47,dissociated
era,1400-1599,Administration & Law,Kinship,Administration & Law + Kinship,34289,19224,106,289.299982531146,-1.4442040774795126,-1.745205796650274,-1.2037768452657454,0.13583004769947515,0.0004997501249375312,0.005513940907199334,-1.4463994019288136,0.1000297458292298,-1.642457703754104,-1.2503411001035232,2.1776738629451411e-47,0.000721861291576434,7.077440054571708e-47,dissociated
era,1400-1599,Administration & Law,Big business,Administration & Law + Big business,34289,19224,34,35.66157569729616,-0.06786118093827032,-0.6009621615201814,0.3500540171212758,0.2376649367979466,0.7671164417791104,0.0017686225551394091,-0.6121716774529132,0.17580303019227142,-0.9567456166297652,-0.26759773827606126,0.0004974139004340717,0.7873037165627712,0.0006062231911540249,not distinguishable
era,1400-1599,Administration & Law,Small business,Administration & Law + Small business,34289,19224,77,123.75396536842595,-0.6810236783490308,-1.0127577750591006,-0.3945323002030215,0.15796228851885313,0.0004997501249375312,0.004005409904286309,-0.9862342084210729,0.11732368124304692,-1.2161886236574448,-0.756279793184701,4.238817329835651e-17,0.000721861291576434,7.187559820156103e-17,dissociated
era,1400-1599,Administration & Law,Academia,Administration & Law + Academia,34289,19224,554,325.26646131786566,0.7673493788717982,0.6678026710752036,0.8580131992275633,0.04881565176887114,0.0004997501249375312,0.028818143986683312,-0.0976005516216151,0.04903878116176345,-0.19371656269867146,-0.0014845405445587379,0.04656089411089401,0.000721861291576434,0.05263405421231497,associated
era,1400-1599,Administration & Law,Exploration & Invention,Administration & Law + Exploration & Invention,34289,19224,31,56.11766304296656,-0.8459003730171267,-1.4061196064538037,-0.42469829773269024,0.2552078698342015,0.0034982508745627187,0.001612567623803579,-1.2551913752795159,0.1817155588971593,-1.611353870717948,-0.8990288798410837,4.93438231351761e-12,0.004624806240947323,7.546702361850463e-12,dissociated
era,1400-1599,Administration & Law,Culture (core),Administration & Law + Culture (core),34289,19224,243,376.5666263633175,-0.630897692913857,-0.810863245575493,-0.4777367563260972,0.08519629442212857,0.0004997501249375312,0.012640449438202247,-1.5258176686410214,0.06795849016169458,-1.6590163093579429,-1.3926190279241,1.2179029385999758e-111,0.000721861291576434,6.785459229342722e-111,dissociated
era,1400-1599,Administration & Law,Culture (periphery),Administration & Law + Culture (periphery),34289,19224,18,102.83846113153132,-2.481780129235249,-3.301327719860471,-1.916763548125127,0.34690394417655074,0.0004997501249375312,0.0009363295880149813,-2.2844279451599943,0.2344899798197662,-2.744028305606736,-1.8248275847132525,1.993645308543444e-22,0.000721861291576434,3.987290617086888e-22,dissociated
era,1400-1599,Administration & Law,Sport & Games,Administration & Law + Sport & Games,34289,19224,11,8.73194454486763,0.3169273981356571,-0.7342876497782025,0.9723612510995989,0.4338419827714517,0.43228385807096453,0.0005722014148980441,-0.3046123403327291,0.30598207903716823,-0.9043372152455789,0.29511253458012066,0.31948173637914923,0.47047309678494087,0.34136404709004986,not distinguishable
era,1400-1599,Military,Religion,Military + Religion,34289,19224,85,332.89326967084287,-1.963228655306421,-2.2886937049762746,-1.6919312290235717,0.1547576868729362,0.0004997501249375312,0.0044215563878485225,-2.4929810430769463,0.11038766234588622,-2.7093408612748835,-2.276621224879009,6.242978840655853e-113,0.000721861291576434,3.7457873043935117e-112,dissociated
era,1400-1599,Military,Nobility,Military + Nobility,34289,19224,1216,509.029165803303,1.255499685542984,1.1975753852114657,1.3117745533156944,0.028555994654176606,0.0004997501249375312,0.06325426550145652,0.7997469137269324,0.03881628598908026,0.723666993188335,0.8758268342655298,2.55910535894064e-94,0.000721861291576434,1.2475638624835622e-93,associated
era,1400-1599,Military,Kinship,Military + Kinship,34289,19224,326,309.2065157254855,0.07618125646348141,-0.06669211832646825,0.20903923139178784,0.0714226404064831,0.28335832083958024,0.016957969205160215,-0.257160043354901,0.060802764138673915,-0.37633346106670185,-0.13798662564310013,2.343011411575665e-05,0.3250286621395185,3.206226142156173e-05,not distinguishable
era,1400-1599,Military,Big business,Military + Big business,34289,19224,27,38.11542423945516,-0.4897456026644419,-1.1047409373624448,-0.026673082884204415,0.273388952745174,0.07296351824087956,0.0014044943820224719,-0.9164375874673665,0.1955732019992706,-1.2997610633859369,-0.5331141115487961,2.7872454568780317e-06,0.09033578448870802,3.9528208297542995e-06,not distinguishable
era,1400-1599,Military,Small business,Military + Small business,34289,19224,54,132.26939076867632,-1.2845944448434847,-1.6593956921766253,-0.9371206964972486,0.18451417233039946,0.0004997501249375312,0.0028089887640449437,-1.422935684863079,0.13850453921115585,-1.6944045817169444,-1.1514667880092135,9.271180177566538e-25,0.000721861291576434,2.0087557051394168e-24,dissociated
era,1400-1599,Military,Academia,Military + Academia,34289,19224,54,347.6478232266323,-2.6753718680654015,-3.1192664727010784,-2.3471120405178647,0.19791964191846784,0.0004997501249375312,0.0028089887640449437,-2.763740633406009,0.13730918863968383,-3.0328666431397893,-2.4946146236722284,4.207464035381404e-90,0.000721861291576434,1.930483498586762e-89,dissociated
era,1400-1599,Military,Exploration & Invention,Military + Exploration & Invention,34289,19224,192,59.97908091233441,1.670350325297497,1.4873488513359847,1.8415170626305977,0.09027110484213688,0.0004997501249375312,0.009987515605493134,0.706125298749783,0.0813881649816479,0.5466044953857532,0.8656461021138129,4.098622612963732e-18,0.000721861291576434,7.434710786306305e-18,associated
era,1400-1599,Military,Culture (core),Military + Culture (core),34289,19224,125,402.47791741144187,-1.683013419207755,-1.9493131730881326,-1.458975977138116,0.12543163939451688,0.0004997501249375312,0.006502288805659592,-2.316304015662863,0.0918958120801673,-2.4964198073399912,-2.136188223985735,3.463394369172456e-140,0.000721861291576434,2.7014476079545156e-139,dissociated
era,1400-1599,Military,Culture (periphery),Military + Culture (periphery),34289,19224,23,109.91470504367612,-2.2321996613075883,-2.8923638460932968,-1.7315166723449456,0.2981242064080224,0.0004997501249375312,0.001196421140241365,-2.10479104627184,0.20849108126921867,-2.5134335655595086,-1.6961485269841716,5.79223466671378e-24,0.000721861291576434,1.1889323789570391e-23,dissociated
era,1400-1599,Military,Sport & Games,Military + Sport & Games,34289,19224,14,9.332783654544471,0.5603810947270523,-0.30582987687923735,1.1416591875562556,0.3658294573344672,0.11444277861069466,0.0007282563462338743,-0.11639373960256892,0.27520507681081546,-0.6557956901517672,0.4230082109466293,0.6723430028244937,0.1394771364317841,0.6723430028244937,not distinguishable
era,1400-1599,Religion,Nobility,Religion + Nobility,34289,19224,451,838.5473568204093,-0.8940262526631951,-1.0101677336764672,-0.7777572793573343,0.06105256540844218,0.0004997501249375312,0.023460258010819808,-1.818289546402096,0.050402625280596,-1.9170786919520642,-1.719500400852128,5.535330750741954e-285,0.000721861291576434,1.439185995192908e-283,dissociated
era,1400-1599,Religion,Kinship,Religion + Kinship,34289,19224,286,509.3702363087104,-0.8315949840733142,-0.9870476798796463,-0.6867927756246831,0.07761861972778909,0.0004997501249375312,0.014877236787349146,-1.5152228028913421,0.06262300166280146,-1.637963886150433,-1.3924817196322512,2.4544045984264886e-129,0.000721861291576434,1.7403959879751467e-128,dissociated
era,1400-1599,Religion,Big business,Religion + Big business,34289,19224,8,62.789306384133894,-2.8964270103228236,-4.175766885542629,-2.127627226481962,0.5113419626936494,0.0004997501249375312,0.0004161464835622139,-3.1538261264375858,0.3454175500135044,-3.8308445244640543,-2.476807728411117,6.819972382608263e-20,0.000721861291576434,1.2974581605937673e-19,dissociated
era,1400-1599,Religion,Small business,Religion + Small business,34289,19224,156,217.8935029042685,-0.48076728029393545,-0.7200970113410559,-0.2808752352387271,0.10916238219418833,0.0004997501249375312,0.008114856429463172,-1.344059007007956,0.08411520432835434,-1.5089248074915307,-1.1791932065243815,1.796044757435142e-57,0.000721861291576434,6.6710233847591e-57,dissociated
era,1400-1599,Religion,Academia,Religion + Academia,34289,19224,1483,572.696385306356,1.3719035100068055,1.32031914694015,1.4241314715420554,0.026753864901607367,0.0004997501249375312,0.0771431543903454,-0.02021328172992322,0.03277136830748296,-0.08444516361258982,0.04401860015274338,0.537368629561116,0.000721861291576434,0.5588633747435606,associated
era,1400-1599,Religion,Exploration & Invention,Religion + Exploration & Invention,34289,19224,47,98.80632219606527,-1.0639580543661253,-1.49525138932449,-0.7098318957372841,0.20253836605035766,0.0004997501249375312,0.0024448605909280067,-1.925819818702228,0.14882039475917427,-2.2175077924302093,-1.6341318449742464,2.6567248243114044e-38,0.000721861291576434,7.400876296296056e-38,dissociated
era,1400-1599,Religion,Culture (core),Religion + Culture (core),34289,19224,1009,663.0205428235947,0.6054278729365098,0.5338220865523342,0.6753242588732171,0.03588335801992622,0.0004997501249375312,0.05248647523928423,-1.0720504954360779,0.03629039755699084,-1.14317967464778,-1.0009213162243757,8.599096372174966e-192,0.000721861291576434,9.581850243280676e-191,associated
era,1400-1599,Religion,Culture (periphery),Religion + Culture (periphery),34289,19224,87,181.0675921577448,-1.0531517981612224,-1.3725249729947864,-0.7968606872719909,0.14972221176298564,0.0004997501249375312,0.004525593008739076,-1.7789955206752899,0.1104198054875677,-1.9954183394309226,-1.5625727019196571,2.1285431795800167e-58,0.000721861291576434,8.738229895117963e-58,dissociated
era,1400-1599,Religion,Sport & Games,Religion + Sport & Games,34289,19224,14,15.374327427672524,-0.1306425680340955,-0.9510102054813646,0.47583095090608196,0.3640868932656872,0.7066466766616691,0.0007282563462338743,-1.1424909824644802,0.2748887680773754,-1.681272967896136,-0.6037089970328244,3.235934197678603e-05,0.7349125437281359,4.3517735761884656e-05,not distinguishable
era,1400-1599,Nobility,Kinship,Nobility + Kinship,34289,19224,2223,778.8811913488922,1.5124313839218988,1.47101981822961,1.5538982291727557,0.020821346895481627,0.0004997501249375312,0.11563670411985019,1.5759661824811686,0.03413269708710771,1.5090660961904374,1.6428662687718998,0.0,0.000721861291576434,0.0,associated
era,1400-1599,Nobility,Big business,Nobility + Big business,34289,19224,54,96.01151829139279,-0.8244449030633927,-1.2487018082512698,-0.49893161103508304,0.18893096468117898,0.0004997501249375312,0.0028089887640449437,-1.2269757202430316,0.14186433033399887,-1.5050298076976694,-0.9489216327883938,5.198113997083785e-18,0.000721861291576434,9.2148384493758e-18,dissociated
era,1400-1599,Nobility,Small business,Nobility + Small business,34289,19224,146,333.1823083326037,-1.187574532938241,-1.4193192586993617,-0.9801674600949867,0.11282632813208719,0.0004997501249375312,0.007594673325010404,-1.4275954266229063,0.0866474954650366,-1.597424517734378,-1.2577663355114346,5.4669346466884834e-61,0.000721861291576434,2.3690050135650096e-60,dissociated
era,1400-1599,Nobility,Academia,Nobility + Academia,34289,19224,144,875.7135990142089,-2.6002131130306774,-2.8298160336492257,-2.3858730302361906,0.11610613267121704,0.0004997501249375312,0.00749063670411985,-2.849103650448585,0.08517397523902387,-3.016044641917072,-2.6821626589800984,2.539400405882195e-245,0.000721861291576434,3.961464633176224e-244,dissociated
era,1400-1599,Nobility,Exploration & Invention,Nobility + Exploration & Invention,34289,19224,60,151.085360822363,-1.325123386162433,-1.7032580990888921,-0.9849624122188766,0.1848582843769639,0.0004997501249375312,0.003121098626716604,-1.680083004138061,0.13279429857654806,-1.9403598293480953,-1.4198061789280267,1.0938158211116694e-36,0.000721861291576434,2.8439211348903406e-36,dissociated
era,1400-1599,Nobility,Culture (core),Nobility + Culture (core),34289,19224,306,1013.8288291549317,-1.7265664477566796,-1.8829906797760692,-1.5853063175828246,0.07658472794632716,0.0004997501249375312,0.015917602996254682,-2.497384278583459,0.05971873413552452,-2.6144329974890868,-2.380335559677831,0.0,0.000721861291576434,0.0,dissociated
era,1400-1599,Nobility,Culture (periphery),Nobility + Culture (periphery),34289,19224,33,276.8715795341966,-3.0495869709524754,-3.6104577494489285,-2.6411131370021503,0.24975974635343887,0.0004997501249375312,0.0017166042446941324,-2.7903409527324894,0.1749129638454223,-3.1331703618695173,-2.4475115435954615,2.72668764659398e-57,0.000721861291576434,9.667347110651384e-57,dissociated
era,1400-1599,Nobility,Sport & Games,Nobility + Sport & Games,34289,19224,20,23.508979538796726,-0.22795017581995144,-0.9025356109707865,0.2407801410092189,0.29445958540292777,0.44127936031984005,0.0010403662089055348,-0.7662186262680822,0.23587294771224263,-1.2285296037840778,-0.3039076487520867,0.0011604052951146083,0.471503974040377,0.001371388076044537,not distinguishable
era,1400-1599,Kinship,Big business,Kinship + Big business,34289,19224,49,58.32158358459751,-0.2489170995443274,-0.6885995677602011,0.09111878572214872,0.19765707201920377,0.1874062968515742,0.00254889721181856,-0.5902585377954843,0.14856172703379916,-0.8814395227817307,-0.299077552809238,7.092732408786143e-05,0.22488755622188905,9.220552131421985e-05,not distinguishable
era,1400-1599,Kinship,Small business,Kinship + Small business,34289,19224,106,202.38946524472468,-0.9298405266406746,-1.2107146400428028,-0.6855041016737681,0.13305047736308467,0.0004997501249375312,0.005513940907199334,-1.0186996824035919,0.10083224701080036,-1.2163308865447606,-0.8210684782624231,5.362373613669274e-24,0.000721861291576434,1.1304463293681172e-23,dissociated
era,1400-1599,Kinship,Academia,Kinship + Academia,34289,19224,98,531.9466327578581,-2.434441301264429,-2.7214356811486486,-2.1724902165376596,0.1420937661163478,0.0004997501249375312,0.00509779442363712,-2.4651430198837248,0.10290009290273412,-2.6668272019730836,-2.263458837794366,7.874605121517005e-127,0.000721861291576434,5.118493328986054e-126,dissociated
era,1400-1599,Kinship,Exploration & Invention,Kinship + Exploration & Invention,34289,19224,45,91.77583748720336,-1.0200863809894296,-1.4850634015590929,-0.6369750917735105,0.21086484822087634,0.0004997501249375312,0.0023408239700374533,-1.237972510374643,0.15223177996525242,-1.5363467991065378,-0.9395982216427483,4.217232675779232e-16,0.000721861291576434,6.998811674697448e-16,dissociated
era,1400-1599,Kinship,Culture (core),Kinship + Culture (core),34289,19224,358,615.8438471994737,-0.7817623103215894,-0.9244773635677915,-0.6561810602942995,0.06891263797140158,0.0004997501249375312,0.018622555139409074,-1.4934851555544282,0.05663932844104888,-1.604498239298884,-1.3824720718099723,3.16266020441141e-153,0.000721861291576434,2.7409721771565553e-152,dissociated
era,1400-1599,Kinship,Culture (periphery),Kinship + Culture (periphery),34289,19224,56,168.1838726786469,-1.5779992761555215,-1.9977999073854682,-1.2598508595071474,0.1881566738218845,0.0004997501249375312,0.002913025384935497,-1.502584618543809,0.1362184331801438,-1.7695727475768908,-1.2355964895107272,2.717428009143613e-28,0.000721861291576434,6.234099550388289e-28,dissociated
era,1400-1599,Kinship,Sport & Games,Kinship + Sport & Games,34289,19224,5,14.280379474880569,-1.4261797862957248,-3.2251948817089247,-0.5262583442812853,0.6638288626050836,0.03948025987006497,0.0002600915522263837,-1.4450988862633256,0.4337817493848092,-2.295311115057552,-0.5948866574690996,0.0008641150901534954,0.050482955243689634,0.0010369381081841943,not distinguishable
era,1400-1599,Big business,Small business,Big business + Small business,34289,19224,114,24.948246356644706,2.16970944986502,1.930065983477029,2.3938576846287805,0.11894910209868062,0.0004997501249375312,0.005930087390761548,1.174975440269002,0.10511101025788004,0.9689578601635571,1.380993020374447,5.200530378552189e-29,0.000721861291576434,1.2292162712941537e-28,associated
era,1400-1599,Big business,Academia,Big business + Academia,34289,19224,22,65.57226497230724,-1.5541198000355003,-2.299121343389248,-1.0518050834878934,0.3159973117468104,0.0004997501249375312,0.0011444028297960883,-1.9671225104208465,0.21485420509288425,-2.3882367524028996,-1.5460082684387935,5.4048761265923886e-20,0.000721861291576434,1.0539508446855158e-19,dissociated
era,1400-1599,Big business,Exploration & Invention,Big business + Exploration & Invention,34289,19224,39,11.313070077286634,1.7414687004361051,1.29799551970059,2.1194165960546383,0.21885363303608418,0.0004997501249375312,0.002028714107365793,0.6175707939227837,0.16684420043857942,0.290556161063168,0.9445854267823994,0.000214343919042468,0.000721861291576434,0.00026537818548115087,associated
era,1400-1599,Big business,Culture (core),Big business + Culture (core),34289,19224,48,75.91414898289426,-0.6558550477350178,-1.0783576337477683,-0.3058500772513369,0.20038630242299926,0.0024987506246876563,0.0024968789013732834,-1.5630579422209914,0.14954359779241774,-1.8561633938941302,-1.2699524905478525,1.4318174879693582e-25,0.0033603887711316756,3.190907544617427e-25,dissociated
era,1400-1599,Big business,Culture (periphery),Big business + Culture (periphery),34289,19224,11,20.731774174747056,-0.884591069949457,-1.911925374824275,-0.23577515509542027,0.43573055476873734,0.04447776111944028,0.0005722014148980441,-1.1623052266149834,0.29842952808168416,-1.7472271016550844,-0.5773833515748824,9.830437985498285e-05,0.05595589302123132,0.0001236732520756236,not distinguishable
era,1400-1599,Big business,Sport & Games,Big business + Sport & Games,34289,19224,0,1.7603209968211488,-2.176527669825029,-2.380991305822049,-1.9615817846151038,0.1084437574555639,0.0004997501249375312,0.0,-1.9237807374221687,1.4168309670893633,-4.700769432917321,0.8532079580729832,0.1745254411392353,0.000721861291576434,0.19173217477268104,dissociated
era,1400-1599,Small business,Academia,Small business + Academia,34289,19224,274,227.55101674117614,0.2674495469182407,0.1100391867694318,0.4158413225970175,0.07815160328716399,0.0009995002498750624,0.014253017062005826,-0.5021999965081844,0.06621392611376503,-0.6319792916911638,-0.3724207013252049,3.337532486357046e-14,0.0014174730816409976,5.2065506787169916e-14,associated
era,1400-1599,Small business,Exploration & Invention,Small business + Exploration & Invention,34289,19224,32,39.258985481711505,-0.2908412264055561,-0.8364615424425309,0.14111222849305058,0.24986780526206076,0.239880059970015,0.0016645859342488557,-0.810093928804377,0.17943382487151371,-1.161784225552544,-0.45840363205621015,6.339972393374251e-06,0.2792633533979279,8.83067583362842e-06,not distinguishable
era,1400-1599,Small business,Culture (core),Small business + Culture (core),34289,19224,404,263.43976059686344,0.6159310041506538,0.4903036167776079,0.730815209356383,0.06125474038632938,0.0004997501249375312,0.021015397419891804,-0.44412612397692186,0.05672202068074374,-0.5553012845111795,-0.33295096344266417,4.883694836103675e-15,0.000721861291576434,7.936004108668471e-15,associated
era,1400-1599,Small business,Culture (periphery),Small business + Culture (periphery),34289,19224,225,71.94408023429541,1.638187723548625,1.460050394817776,1.8002078450450703,0.08562328609254656,0.0004997501249375312,0.011704119850187267,0.8639325691838825,0.07513181958378211,0.7166742027996695,1.0111909355680955,1.3362191975935541e-30,0.000721861291576434,3.2570342941342885e-30,associated
era,1400-1599,Small business,Sport & Games,Small business + Sport & Games,34289,19224,8,6.10872344865105,0.3630912158349915,-0.8752644172729128,1.0931568215889589,0.5116668719068178,0.43428285857071464,0.0004161464835622139,-0.21871513024731334,0.35262869197052005,-0.9098673665095327,0.47243710601490596,0.5350984643674077,0.47047309678494087,0.5588633747435606,not distinguishable
era,1400-1599,Academia,Exploration & Invention,Academia + Exploration & Invention,34289,19224,102,103.18563324051478,-0.01659209735618556,-0.30589416228192096,0.23029091096581195,0.13454151320972277,0.896551724137931,0.005305867665418227,-0.9031344021638562,0.10450478218906828,-1.10796377525443,-0.6983050290732824,5.521857800507444e-18,0.9081952530228392,9.571220187546237e-18,not distinguishable
era,1400-1599,Academia,Culture (core),Academia + Culture (core),34289,19224,1351,692.4070549551019,0.9638277613935979,0.9053085825881058,1.0176398171330046,0.02892368077331653,0.0004997501249375312,0.07027673741156887,-0.4279038516218862,0.033278172993668254,-0.493129070689476,-0.36267863255429644,7.716347201853915e-38,0.000721861291576434,2.0754313163607083e-37,associated
era,1400-1599,Academia,Culture (periphery),Academia + Culture (periphery),34289,19224,117,189.09290155601192,-0.6902441933021788,-0.9487050062596746,-0.4452392646208595,0.1303435956196891,0.0004997501249375312,0.006086142322097378,-1.267801895834443,0.09646554422286902,-1.4568743625112663,-1.0787294291576197,1.8782451331459597e-39,0.000721861291576434,5.4260414957549946e-39,dissociated
era,1400-1599,Academia,Sport & Games,Academia + Sport & Games,34289,19224,11,16.05575104924388,-0.5256985987009932,-1.5220179821126802,0.12281023667080297,0.43230016004413063,0.21039480259870064,0.0005722014148980441,-1.2051736528229784,0.30569987903816825,-1.8043454157377883,-0.6060018899081686,8.068960705002217e-05,0.24864840307119168,0.00010317687458855294,not distinguishable
era,1400-1599,Exploration & Invention,Culture (core),Exploration & Invention + Culture (core),34289,19224,110,119.45979810248886,-0.11850462958668527,-0.3909531823753937,0.1089689155089695,0.12816740371312613,0.35932033983008493,0.005722014148980441,-1.2321091611648578,0.10092124667484371,-1.4299148046475514,-1.0343035176821642,2.7959080671176817e-34,0.4061882102427047,7.034865459199328e-34,not distinguishable
era,1400-1599,Exploration & Invention,Culture (periphery),Exploration & Invention + Culture (periphery),34289,19224,68,32.62387302503689,1.0482326175506862,0.6815929736279153,1.3387644431721164,0.16727226368680034,0.0004997501249375312,0.0035372451102788183,0.1760604731672483,0.12712398994444066,-0.07310254712385539,0.425223493458352,0.16606750820034633,0.000721861291576434,0.1850466519946716,associated
era,1400-1599,Exploration & Invention,Sport & Games,Exploration & Invention + Sport & Games,34289,19224,4,2.7700711091842773,0.46060299331770377,-1.1837767782777349,1.408942441332607,0.7131734239652826,0.447776111944028,0.00020807324178110696,-0.2249108096631178,0.4787325968401584,-1.1632266994698282,0.7134050801435926,0.638494577636163,0.4719802261031647,0.6525751892707082,not distinguishable
era,1400-1599,Culture (core),Culture (periphery),Culture (core) + Culture (periphery),34289,19224,882,218.9161333132726,2.0079266697105,1.9451063161979594,2.07306470579056,0.03257117234891252,0.0004997501249375312,0.04588014981273408,1.0727407613424633,0.049168987048657166,0.9763695467270953,1.1691119759578315,1.58533346636723e-105,0.000721861291576434,8.243734025109595e-105,associated
era,1400-1599,Culture (core),Sport & Games,Culture (core) + Sport & Games,34289,19224,42,18.588021592655288,1.154795261105447,0.7657506220076739,1.4798740676236184,0.1813743219492261,0.0004997501249375312,0.002184769038701623,-0.08199492424268086,0.17754652553074213,-0.4299861142829354,0.26599626579757374,0.6442088406903145,0.000721861291576434,0.6525751892707082,associated
era,1400-1599,Culture (periphery),Sport & Games,Culture (periphery) + Sport & Games,34289,19224,5,5.076295673170035,-0.019875440938295647,-1.8358451621896619,0.9005330384950493,0.6801904794847149,0.9720139930034982,0.0002600915522263837,-0.4916029099167114,0.4341584614323873,-1.3425534943241906,0.35934767449076765,0.2575032150747052,0.9720139930034981,0.27896181633093065,not distinguishable
era,1600-1799,Politics,Administration & Law,Politics + Administration & Law,125472,67757,6839,2765.0754545769905,1.3063111567321624,1.285357981443476,1.3275743458516536,0.0110545374596141,0.0004997501249375312,0.10093422081851322,0.9535152350385252,0.018195491168243122,0.9178520723487686,0.9891783977282818,0.0,0.0006187382499226577,0.0,associated
era,1600-1799,Politics,Military,Politics + Military,125472,67757,5979,3176.9034525603124,0.9121765640214476,0.8876222982207366,0.93614087206988,0.012574232220296369,0.0004997501249375312,0.08824180527473176,0.0667317526470381,0.01692128728313885,0.03356602957208595,0.09989747572199023,8.024842091568534e-05,0.0006187382499226577,8.816023706230221e-05,associated
era,1600-1799,Politics,Religion,Politics + Religion,125472,67757,1522,2153.5377743558247,-0.5006013218424232,-0.5656809398361651,-0.4387196568833819,0.03230500458398971,0.0004997501249375312,0.022462623787948107,-1.494578088547,0.02772038862592613,-1.5489100502538151,-1.4402461268401847,0.0,0.0006187382499226577,0.0,dissociated
era,1600-1799,Politics,Nobility,Politics + Nobility,125472,67757,2865,2616.503535356868,0.1308710229039283,0.08609739606426627,0.17215112155095882,0.02198398967918654,0.0004997501249375312,0.04228345410806263,-0.5109446513058499,0.021967687944881638,-0.5540013196778178,-0.46788798293388184,1.1556628885531418e-119,0.0006187382499226577,2.651226626680737e-119,associated
era,1600-1799,Politics,Kinship,Politics + Kinship,125472,67757,1528,1956.624015866005,-0.3566186249999736,-0.41793983823231634,-0.29530691687566074,0.031908550613079345,0.0004997501249375312,0.022551175524300072,-0.7756397823737337,0.028736882817764577,-0.8319640726965523,-0.719315492050915,1.8804040072755287e-160,0.0006187382499226577,5.866860502699649e-160,dissociated
era,1600-1799,Politics,Big business,Politics + Big business,125472,67757,1766,1016.2849473306378,0.7968791715348448,0.7453030565918554,0.8478426611657892,0.02606830388108518,0.0004997501249375312,0.026063727732927963,0.02070799871875794,0.029080114274294813,-0.036289025258859894,0.07770502269637578,0.47640180361820406,0.0006187382499226577,0.47856969922779413,associated
era,1600-1799,Politics,Small business,Politics + Small business,125472,67757,1529,1918.527435571809,-0.32731523042167665,-0.38834112451310293,-0.26652502360375024,0.031435296585691275,0.0004997501249375312,0.022565934147025398,-0.8503163801861974,0.02857944468532461,-0.9063320917694336,-0.7943006686029611,1.5989134180746313e-194,0.0006187382499226577,6.563960347885328e-194,dissociated
era,1600-1799,Politics,Academia,Politics + Academia,125472,67757,1437,3421.3935449887595,-1.2512329222665912,-1.322350937500355,-1.1863022274753536,0.03428368698379412,0.0004997501249375312,0.021208140856295292,-2.0802614848501606,0.028013689161796397,-2.1351683156072814,-2.02535465409304,0.0,0.0006187382499226577,0.0,dissociated
era,1600-1799,Politics,Exploration & Invention,Politics + Exploration & Invention,125472,67757,430,735.722216179018,-0.7741280473996447,-0.9003869359946214,-0.6509375498551118,0.06407738755638394,0.0004997501249375312,0.006346207771890727,-1.3009849577896282,0.05130629716234719,-1.4015453002278286,-1.2004246153514277,7.48146693096847e-142,0.0006187382499226577,2.012256622812209e-141,dissociated
era,1600-1799,Politics,Culture (core),Politics + Culture (core),125472,67757,1077,4085.998476409449,-1.9231773273120127,-2.0037163515721557,-1.848505130518617,0.03987751644855743,0.0004997501249375312,0.01589503667517747,-2.8650595020989473,0.031715693700012496,-2.927222261750972,-2.8028967424469227,0.0,0.0006187382499226577,0.0,dissociated
era,1600-1799,Politics,Culture (periphery),Politics + Culture (periphery),125472,67757,317,1369.0546333256877,-2.108878321185985,-2.271464287246991,-1.9567076484942878,0.07966844049531939,0.0004997501249375312,0.004678483403928745,-2.3689211718471315,0.0576339848327975,-2.4818837821194144,-2.2559585615748485,0.0,0.0006187382499226577,0.0,dissociated
era,1600-1799,Politics,Sport & Games,Politics + Sport & Games,125472,67757,58,131.37451193208705,-1.1726572246029106,-1.5580094083906673,-0.8672910310548931,0.1758927065891292,0.0004997501249375312,0.0008560001180689818,-2.1478736986505758,0.13404911901651068,-2.410609971922937,-1.8851374253782147,8.823660454563604e-58,0.0006187382499226577,1.3235490681845405e-57,dissociated
era,1600-1799,Administration & Law,Military,Administration & Law + Military,125472,67757,796,1298.357108373153,-0.7054964569321213,-0.8023230059557118,-0.6198509430223912,0.04691445459611878,0.0004997501249375312,0.011747863689360509,-1.2168907326198035,0.03734955762808072,-1.2900958655708417,-1.1436855996687654,7.590507598377267e-233,0.0006187382499226577,4.2289970905244774e-232,dissociated
era,1600-1799,Administration & Law,Religion,Administration & Law + Religion,125472,67757,319,880.1215143102944,-1.4627061597634694,-1.623491310906743,-1.3212954321972321,0.07687223983190783,0.0004997501249375312,0.0047080006493794,-1.9384014046026632,0.05725078743998116,-2.050612947985026,-1.8261898612203,2.7605432500454253e-251,0.0006187382499226577,1.6563259500272552e-250,dissociated
era,1600-1799,Administration & Law,Nobility,Administration & Law + Nobility,125472,67757,708,1069.3293060184938,-0.5945408710758767,-0.6973965051658805,-0.5013730007802574,0.050914145956533555,0.0004997501249375312,0.01044910488953171,-0.9192982816869906,0.039660123841875804,-0.9970321244170671,-0.841564438956914,7.346232347830137e-119,0.0006187382499226577,1.5916836753631963e-118,dissociated
era,1600-1799,Administration & Law,Kinship,Administration & Law + Kinship,125472,67757,305,799.6455471021351,-1.3890900711854166,-1.5490465198650423,-1.236160589957895,0.07896175676704219,0.0004997501249375312,0.004501379931224818,-1.3561139172798737,0.05889614867619583,-1.4715503686852176,-1.2406774658745299,2.588572950127168e-117,0.0006187382499226577,5.456991624592408e-117,dissociated
era,1600-1799,Administration & Law,Big business,Administration & Law + Big business,125472,67757,228,415.3417959352729,-0.8638406043563094,-1.0613112351419016,-0.6922438580031656,0.08982827824302225,0.0004997501249375312,0.003364965981374618,-1.183631448731935,0.06806723383899248,-1.3170432270563603,-1.0502196704075097,9.969908957644367e-68,0.0006187382499226577,1.728117552658357e-67,dissociated
era,1600-1799,Administration & Law,Small business,Administration & Law + Small business,125472,67757,278,784.0759943699566,-1.4942358664614261,-1.6646935901519588,-1.335741848164031,0.08345236708768261,0.0004997501249375312,0.0041028971176409815,-1.518611259771336,0.061475070367190084,-1.6391023976910284,-1.3981201218516435,9.959380036601259e-135,0.0006187382499226577,2.5894388095163276e-134,dissociated
era,1600-1799,Administration & Law,Academia,Administration & Law + Academia,125472,67757,1291,1398.2768743249508,-0.11511820612493644,-0.18843659950874914,-0.04488915396342691,0.03720719025155139,0.0029985007496251873,0.01905338193839751,-0.8832836629750993,0.03015869908576852,-0.9423947131832056,-0.824172612766993,1.4808110648432844e-188,0.0034907919174740985,5.500155383703628e-188,dissociated
era,1600-1799,Administration & Law,Exploration & Invention,Administration & Law + Exploration & Invention,125472,67757,87,300.6796345649862,-1.7832692978013844,-2.098359926100055,-1.5118297286756206,0.1499995199498998,0.0004997501249375312,0.0012840001771034727,-1.791455387676428,0.10842914855020057,-2.003976518834821,-1.578934256518035,2.552356562439937e-61,0.0006187382499226577,4.235825784474789e-61,dissociated
era,1600-1799,Administration & Law,Culture (core),Administration & Law + Culture (core),125472,67757,948,1669.8918446428193,-0.8164668946155847,-0.9071721250172137,-0.734496095676702,0.04464529583367886,0.0004997501249375312,0.013991174343610255,-1.664124971560114,0.03428666868443435,-1.7313268421816055,-1.5969231009386227,0.0,0.0006187382499226577,0.0,dissociated
era,1600-1799,Administration & Law,Culture (periphery),Administration & Law + Culture (periphery),125472,67757,173,559.5139548534523,-1.6905271149864023,-1.9072896102740873,-1.4802801708671023,0.10701737561877285,0.0004997501249375312,0.0025532417314816183,-1.7795657374999678,0.07730038787291212,-1.9310744977308756,-1.62805697726906,2.8438565311449237e-117,0.0006187382499226577,5.837389721823791e-117,dissociated
era,1600-1799,Administration & Law,Sport & Games,Administration & Law + Sport & Games,125472,67757,22,53.690971089666945,-1.2681274986746913,-1.9326443545319307,-0.7590227211181638,0.30029524753625547,0.0014992503748125937,0.00032468969995719997,-1.939253107163127,0.21292475454206194,-2.356585626065568,-1.5219205882606857,8.415298753077163e-20,0.0018272113943028484,1.058698875387127e-19,dissociated
era,1600-1799,Military,Religion,Military + Religion,125472,67757,224,1011.2060677609012,-2.1720028528204587,-2.371335023585265,-2.002389908110307,0.09487111107884535,0.0004997501249375312,0.003305931490473309,-2.7062182281502105,0.06768270555868529,-2.838876331045234,-2.573560125255187,0.0,0.0006187382499226577,0.0,dissociated
era,1600-1799,Military,Nobility,Military + Nobility,125472,67757,2826,1228.5943078301214,1.2014210797214147,1.1604971634530121,1.2437988490129055,0.021356331600117996,0.0004997501249375312,0.04170786782177487,0.3719496182824956,0.022688428635613874,0.32748029815669244,0.4164189384082988,2.1177276911084584e-60,0.0006187382499226577,3.371076732784893e-60,associated
era,1600-1799,Military,Kinship,Military + Kinship,125472,67757,885,918.7440781075865,-0.05395567044829609,-0.1485411002712546,0.029868603694779144,0.04494396868626598,0.22288855572213892,0.013061381111914636,-0.5863671887601509,0.036243699047587695,-0.6574048388934228,-0.515329538626879,7.156353364743825e-59,0.22875404403061628,1.1163911249000367e-58,not distinguishable
era,1600-1799,Military,Big business,Military + Big business,125472,67757,241,477.2024514973789,-0.9840890914618334,-1.167637173766755,-0.8225315313870175,0.08894145694476722,0.0004997501249375312,0.0035568280768038724,-1.5204428459311876,0.06616340702776427,-1.6501231237056055,-1.3907625681567697,7.368821659296123e-117,0.0006187382499226577,1.4737643318592247e-116,dissociated
era,1600-1799,Military,Small business,Military + Small business,125472,67757,328,900.855609368767,-1.4562030303371365,-1.6137693515881915,-1.3062555021789488,0.07886143648216103,0.0004997501249375312,0.004840828253907345,-1.7433847023998248,0.05668209990376964,-1.8544816182112134,-1.6322877865884362,9.786039316811058e-208,0.0006187382499226577,4.2406170372847915e-207,dissociated
era,1600-1799,Military,Academia,Military + Academia,125472,67757,573,1606.5350485553956,-1.4865360023921033,-1.6065732086584452,-1.376344162907706,0.05813926227468654,0.0004997501249375312,0.008456690821612527,-2.2035162083300857,0.04303824310756467,-2.2878711648209125,-2.119161251839259,0.0,0.0006187382499226577,0.0,dissociated
era,1600-1799,Military,Exploration & Invention,Military + Exploration & Invention,125472,67757,722,345.46260485691215,1.0623814824192384,0.9749603044008692,1.1508895762656943,0.04537864012561346,0.0004997501249375312,0.010655725607686291,0.13824935556640894,0.041713794970574924,0.05649031742408209,0.2200083937087358,0.000918939535072294,0.0006187382499226577,0.0009818805991183416,associated
era,1600-1799,Military,Culture (core),Military + Culture (core),125472,67757,797,1918.6041226711006,-1.2668765643467352,-1.3627235369519966,-1.175184899290419,0.04775754492855215,0.0004997501249375312,0.011762622312085837,-2.2810832054921297,0.036778109893958834,-2.353168300884289,-2.2089981100999703,0.0,0.0006187382499226577,0.0,dissociated
era,1600-1799,Military,Culture (periphery),Military + Culture (periphery),125472,67757,129,642.8474897447376,-2.312646089592023,-2.576362050236402,-2.085019932132008,0.12521780567684748,0.0004997501249375312,0.0019038623315672182,-2.475609315120982,0.08895268705184603,-2.6499565817426003,-2.301262048499364,1.848304989507961e-170,0.0006187382499226577,6.2681647470269985e-170,dissociated
era,1600-1799,Military,Sport & Games,Military + Sport & Games,125472,67757,87,61.68765888241314,0.492654710474456,0.18569020420632262,0.7419899567324875,0.14368315306450405,0.001999000499750125,0.0012840001771034727,-0.9116495017366896,0.11111511153756706,-1.129435120350321,-0.6938638831230581,2.314559465125026e-16,0.0023624551360683296,2.865645052059556e-16,associated
era,1600-1799,Religion,Nobility,Religion + Nobility,125472,67757,481,832.8311800405538,-0.79135416312624,-0.9171124812695274,-0.6695084313650326,0.06340773785246615,0.0004997501249375312,0.007098897530882418,-1.4874050097289977,0.0471933577689409,-1.5799039909561219,-1.3949060285018735,5.040940118701326e-218,0.0006187382499226577,2.4574583078668966e-217,dissociated
era,1600-1799,Religion,Kinship,Religion + Kinship,125472,67757,567,622.7920069701406,-0.1352878194973724,-0.2496049428435654,-0.026958137098411297,0.05621838859620595,0.019490254872563718,0.008368139085260563,-0.8303698429573092,0.044200258762169604,-0.9170023501311616,-0.7437373357834568,9.732501317362828e-79,0.021114442778610694,1.807464530367382e-78,dissociated
era,1600-1799,Religion,Big business,Religion + Big business,125472,67757,61,323.4827625896506,-2.397258741409665,-2.7656757868037825,-2.061681171685784,0.17922390771761648,0.0004997501249375312,0.0009002759862449636,-2.679089731177857,0.12846401877635055,-2.9308792079795043,-2.42730025437621,1.3791126955302533e-96,0.0006187382499226577,2.6236778110087745e-96,dissociated
era,1600-1799,Religion,Small business,Religion + Small business,125472,67757,460,610.6658930577445,-0.40836287774843194,-0.5360369421769912,-0.28841079452518414,0.0636140689342794,0.0004997501249375312,0.0067889664536505455,-1.125679162692106,0.048523543439952944,-1.220785307834414,-1.0305730175497982,4.7018073048941704e-119,0.0006187382499226577,1.0478313422335578e-118,dissociated
era,1600-1799,Religion,Academia,Religion + Academia,125472,67757,3148,1089.027087084552,1.530962603144507,1.4936967560010033,1.5703835246750184,0.01936553329207752,0.0004997501249375312,0.04646014433933025,0.09872481284492038,0.021383243229523917,0.056813656115053505,0.14063596957478725,3.894694714399953e-06,0.0006187382499226577,4.402698372799947e-06,associated
era,1600-1799,Religion,Exploration & Invention,Religion + Exploration & Invention,125472,67757,121,234.17984848961868,-0.949737651880657,-1.2310343172212594,-0.7208705790281554,0.13014858918117936,0.0004997501249375312,0.0017857933497646,-1.5927372450983033,0.09248150991888743,-1.7740010045393226,-1.411473485657284,1.8090237211556458e-66,0.0006187382499226577,3.067475005437834e-66,dissociated
era,1600-1799,Religion,Culture (core),Religion + Culture (core),125472,67757,2335,1300.5703553493781,0.8440324672720535,0.7981055649888545,0.8918204668755417,0.02451538275588634,0.0004997501249375312,0.03446138406363918,-0.7557932784758512,0.023421048460267355,-0.8016985334579753,-0.7098880234937271,1.8543213917044255e-228,0.0006187382499226577,9.642471236863012e-228,associated
era,1600-1799,Religion,Culture (periphery),Religion + Culture (periphery),125472,67757,264,435.7690981132606,-0.7219505657742968,-0.8969841643969214,-0.5563794517397621,0.08809831089732635,0.0004997501249375312,0.0038962763994864,-1.4811157567698285,0.06313515129233492,-1.604860653302805,-1.3573708602368522,1.0587490915390712e-121,0.0006187382499226577,2.502497852728714e-121,dissociated
era,1600-1799,Religion,Sport & Games,Religion + Sport & Games,125472,67757,34,41.81641198689568,-0.2946209444798426,-0.8287607675231025,0.11756297628952976,0.2469977137913599,0.22588705647176413,0.0005017931726611273,-1.6406475483550897,0.17285240414643677,-1.9794382604821057,-1.3018568362280738,2.2749382071828203e-21,0.22882065460776108,2.9089373796763932e-21,not distinguishable
era,1600-1799,Nobility,Kinship,Nobility + Kinship,125472,67757,2559,756.6793150479128,1.757155101803951,1.7142036995878458,1.7983865550700615,0.021750877707370844,0.0004997501249375312,0.03776731555411249,1.2833772825723968,0.025302654773643896,1.2337840792160548,1.3329704859287388,0.0,0.0006187382499226577,0.0,associated
era,1600-1799,Nobility,Big business,Nobility + Big business,125472,67757,202,393.0248180559563,-0.9585327156826214,-1.1647569146265588,-0.7723125318500826,0.09796563010367607,0.0004997501249375312,0.002981241790516109,-1.2947925579663384,0.07207746379173054,-1.4360643869981302,-1.1535207289345466,3.7359151964758753e-72,0.0006187382499226577,6.622758757389052e-72,dissociated
era,1600-1799,Nobility,Small business,Nobility + Small business,125472,67757,309,741.9463392442191,-1.2623473485899095,-1.4215315262724466,-1.118734034349547,0.0775846731169754,0.0004997501249375312,0.004560414422126127,-1.3907392917993437,0.05849014858050172,-1.505379983017127,-1.2760986005815604,5.733073349433638e-125,0.0006187382499226577,1.3974366289244491e-124,dissociated
era,1600-1799,Nobility,Academia,Nobility + Academia,125472,67757,391,1323.1452252136417,-1.7574322777853841,-1.8965747087936249,-1.6274127979750879,0.07094619020317768,0.0004997501249375312,0.005770621485602963,-2.178571085052001,0.051804667578921514,-2.280108233506687,-2.0770339365973145,0.0,0.0006187382499226577,0.0,dissociated
era,1600-1799,Nobility,Exploration & Invention,Nobility + Exploration & Invention,125472,67757,83,284.52363769923005,-1.7712334677266055,-2.0861829801235965,-1.487592658399961,0.15323306090355304,0.0004997501249375312,0.0012249656862021636,-1.823414367228381,0.11092839333013914,-2.0408340181554534,-1.6059947163013082,1.0264229217746668e-60,0.0006187382499226577,1.6679372478838336e-60,dissociated
era,1600-1799,Nobility,Culture (core),Nobility + Culture (core),125472,67757,758,1580.1658894838238,-1.059311367168747,-1.1594296254367604,-0.9677564839340439,0.04934909364018005,0.0004997501249375312,0.011187036025798073,-1.893089191634547,0.03794098502290555,-1.9674535222794418,-1.818724860989652,0.0,0.0006187382499226577,0.0,dissociated
era,1600-1799,Nobility,Culture (periphery),Nobility + Culture (periphery),125472,67757,183,529.4503766731833,-1.530077212306916,-1.740217076214436,-1.3272798555405354,0.10483595299571198,0.0004997501249375312,0.002700827958734891,-1.7050963540313342,0.07524960198932633,-1.8525855739304138,-1.5576071341322546,1.1319874150735986e-113,0.0006187382499226577,2.2073754593935173e-113,dissociated
era,1600-1799,Nobility,Sport & Games,Nobility + Sport & Games,125472,67757,42,50.80606948368011,-0.2716666648168011,-0.7451726402672295,0.11402330639333892,0.2133546331512757,0.20039980009995004,0.0006198621544637454,-1.2692235967094299,0.1563215759369005,-1.5756138855457549,-0.9628333078731048,4.688350743085219e-16,0.20841579210394806,5.713927468135112e-16,not distinguishable
era,1600-1799,Kinship,Big business,Kinship + Big business,125472,67757,318,293.9043603221297,0.113494333666375,-0.04697095803513571,0.26046931290056496,0.07712059427611535,0.14292853573213393,0.004693242026654072,-0.3462689119048251,0.05864598128875372,-0.46121503523078244,-0.23132278857886782,3.539478505606544e-09,0.15065440252846551,4.247374206727852e-09,not distinguishable
era,1600-1799,Kinship,Small business,Kinship + Small business,125472,67757,300,554.8282302057371,-0.8859757465069694,-1.039218485957348,-0.7338654283650125,0.07796230194824519,0.0004997501249375312,0.004427586817598182,-0.9555035084105566,0.059633001869196824,-1.0723841920741823,-0.8386228247469308,8.819271940227664e-58,0.0006187382499226577,1.3235490681845405e-57,dissociated
era,1600-1799,Kinship,Academia,Kinship + Academia,125472,67757,576,989.4493506878989,-0.7800341058195845,-0.8935757567344438,-0.6714446517827353,0.05612893583831486,0.0004997501249375312,0.00850096668978851,-1.2835893774772933,0.043654886309949494,-1.3691529546447943,-1.1980258003097923,5.011399342942608e-190,0.0006187382499226577,1.954445743747617e-189,dissociated
era,1600-1799,Kinship,Exploration & Invention,Kinship + Exploration & Invention,125472,67757,128,212.76706684363108,-0.7308928394066521,-0.977252713089175,-0.5044808887569631,0.12194784378751215,0.0004997501249375312,0.0018891037088418908,-0.919761628646795,0.09028497246784536,-1.0967201746837718,-0.7428030826098181,2.2591313640079818e-24,0.0006187382499226577,2.9368707732103762e-24,dissociated
era,1600-1799,Kinship,Culture (core),Kinship + Culture (core),125472,67757,1247,1181.6496659136462,0.07762711625485326,0.00463389105212881,0.14245846120012137,0.03601207744698208,0.02948525737131434,0.018404002538483108,-0.8174062340527709,0.031179919652027738,-0.8785188765707452,-0.7562935915347966,1.7557856273514736e-151,0.03150479554743176,5.267356882054421e-151,associated
era,1600-1799,Kinship,Culture (periphery),Kinship + Culture (periphery),125472,67757,242,395.9235323818358,-0.7090578586224364,-0.8808937835425269,-0.5404445046315742,0.09030326098734283,0.0004997501249375312,0.0035715866995292,-0.9502372659961825,0.06615070639670735,-1.079892650533729,-0.8205818814586361,8.613745315936753e-47,0.0006187382499226577,1.2442076567464197e-46,dissociated
era,1600-1799,Kinship,Sport & Games,Kinship + Sport & Games,125472,67757,66,37.99283064601976,0.7887645741463456,0.4212504172389164,1.0900865744444188,0.17100528539705143,0.0004997501249375312,0.0009740690998716,-0.3452364128672436,0.12648407793506355,-0.5931452056199682,-0.09732762011451904,0.006343330531911107,0.0006187382499226577,0.006597063753187551,associated
era,1600-1799,Big business,Small business,Big business + Small business,125472,67757,832,288.18187558769256,1.5279697389798255,1.4400112309871327,1.6114664029860568,0.04339767820440799,0.0004997501249375312,0.01227917410747229,0.7066330686074191,0.038965426568902645,0.63026083253237,0.7830053046824683,1.690887288077026e-73,0.0006187382499226577,3.067190894651349e-73,associated
era,1600-1799,Big business,Academia,Big business + Academia,125472,67757,252,513.9272916493982,-1.0266837953978394,-1.206471060766908,-0.8679176507766077,0.08783790315290485,0.0004997501249375312,0.0037191729267824726,-1.6814060965722784,0.06472882837482154,-1.8082746001869285,-1.5545375929576282,9.211111474061026e-149,0.0006187382499226577,2.660987759173185e-148,dissociated
era,1600-1799,Big business,Exploration & Invention,Big business + Exploration & Invention,125472,67757,258,110.51278404408691,1.2194384560818903,1.046912508751305,1.372192433213501,0.08275867811644426,0.0004997501249375312,0.0038077246631344364,0.3049495584530926,0.0656585513529812,0.17625879780124942,0.4336403191049357,3.4094086627650683e-06,0.0006187382499226577,3.910792289642284e-06,associated
era,1600-1799,Big business,Culture (core),Big business + Culture (core),125472,67757,362,613.7575531877536,-0.7608626975974633,-0.910531814598866,-0.6233630012176248,0.07200795928373176,0.0004997501249375312,0.005342621426568473,-1.7052546845037377,0.05459673009621131,-1.812264275492312,-1.5982450935151635,3.72372904846058e-214,0.0006187382499226577,1.7085345045877957e-213,dissociated
era,1600-1799,Big business,Culture (periphery),Big business + Culture (periphery),125472,67757,117,205.6456033406827,-0.8110029350627459,-1.0866815933219387,-0.5645882763576574,0.1299577063313816,0.0004997501249375312,0.001726758858863291,-1.2367879011317544,0.09391479230488997,-1.4208608940493388,-1.05271490821417,1.3189171166607324e-39,0.0006187382499226577,1.8704642745370387e-39,dissociated
era,1600-1799,Big business,Sport & Games,Big business + Sport & Games,125472,67757,34,19.733756500449836,0.76983217341026,0.23010174010008044,1.1868461648406563,0.24547257138585887,0.00399800099950025,0.0005017931726611273,-0.5691960517978335,0.1731562088363998,-0.908582221117177,-0.22980988247848994,0.0010119524511073656,0.004519479390739413,0.0010666525835996555,associated
era,1600-1799,Small business,Academia,Small business + Academia,125472,67757,1368,970.1842101550931,0.49552150535956513,0.427160980248473,0.5617728163162738,0.03457111389395691,0.0004997501249375312,0.020189795888247708,-0.3516087623430936,0.03011472371512849,-0.4106336208247454,-0.29258390386144173,1.6977714633681005e-31,0.0006187382499226577,2.283209899012273e-31,associated
era,1600-1799,Small business,Exploration & Invention,Small business + Exploration & Invention,125472,67757,382,208.62437127195204,0.8710985449676046,0.7315583467121243,1.0000297164708014,0.06791481358392108,0.0004997501249375312,0.005637793881075018,0.20243163384507668,0.05474633823748522,0.09512881089960565,0.3097344567905477,0.00021762285464716556,0.0006187382499226577,0.00023575809253442937,associated
era,1600-1799,Small business,Culture (core),Small business + Culture (core),125472,67757,1854,1158.6422761381689,0.6779726104859095,0.6210953248844252,0.7302492576377383,0.02789640503858194,0.0004997501249375312,0.027362486532756764,-0.3921584553130448,0.02667355976139687,-0.4444386324453826,-0.3398782781807069,6.245278160209322e-49,0.0006187382499226577,9.19116408483636e-49,associated
era,1600-1799,Small business,Culture (periphery),Small business + Culture (periphery),125472,67757,871,388.2146764547709,1.1647890847191533,1.0819593831886671,1.2496121703586955,0.043239132586126036,0.0004997501249375312,0.012854760393760054,0.42531810885423393,0.03758303764996099,0.3516553550603104,0.49898086264815744,1.0840830508155915e-29,0.0006187382499226577,1.4331945417562057e-29,associated
era,1600-1799,Small business,Sport & Games,Small business + Sport & Games,125472,67757,51,37.253088666174314,0.4479777528623836,0.04015713385768986,0.7958527410306916,0.19161179361154262,0.017491254372813594,0.0007526897589916909,-0.6778639446839654,0.1426929852933426,-0.9575421958589169,-0.3981856935090139,2.029078383417736e-06,0.01921574424055578,2.3622106553221404e-06,associated
era,1600-1799,Academia,Exploration & Invention,Academia + Exploration & Invention,125472,67757,666,372.04892875793263,0.8391749607708645,0.7357892794687613,0.9332695495030244,0.04962916574318214,0.0004997501249375312,0.009829242735067963,-0.17295091100844692,0.042934195525454966,-0.25710193423833866,-0.08879988777855519,5.618668267662078e-05,0.0006187382499226577,6.260801783966314e-05,associated
era,1600-1799,Academia,Culture (core),Academia + Culture (core),125472,67757,4139,2066.257240334283,1.0020875777707143,0.9666947809517185,1.0365095794634895,0.017579315220723493,0.0004997501249375312,0.06108593946012958,-0.5386128501097167,0.018532565995958275,-0.5749366794617949,-0.5022890207576385,1.0527767574496023e-185,0.0006187382499226577,3.73257214004859e-185,associated
era,1600-1799,Academia,Culture (periphery),Academia + Culture (periphery),125472,67757,627,692.3201427642748,-0.14286541592571977,-0.24867530494964785,-0.03925225481076049,0.053498250462538616,0.009495252373813094,0.0092536564487802,-1.0119679747984498,0.04226491945543983,-1.0948072169311118,-0.9291287326657878,1.0812373074299969e-126,0.010580424073677448,2.7205325799851532e-126,dissociated
era,1600-1799,Academia,Sport & Games,Academia + Sport & Games,125472,67757,41,66.43505572561935,-0.6896506513206023,-1.1627313422020211,-0.30603970778887746,0.22387828016254552,0.0034982508745627187,0.0006051035317384181,-1.9038714442230413,0.15803202400555266,-2.2136142112739243,-1.5941286771721581,2.0021923694269712e-33,0.004012699532586648,2.788767943130424e-33,dissociated
era,1600-1799,Exploration & Invention,Culture (core),Exploration & Invention + Culture (core),125472,67757,258,444.3193500149292,-0.7830552673309729,-0.957950657905636,-0.6252509672084551,0.08368645812429995,0.0004997501249375312,0.0038077246631344364,-1.6614170001489388,0.0645713742494895,-1.787976893677938,-1.5348571066199395,5.407567411920351e-146,0.0006187382499226577,1.506393779034955e-145,dissociated
era,1600-1799,Exploration & Invention,Culture (periphery),Exploration & Invention + Culture (periphery),125472,67757,248,148.87363965655103,0.7343202772359942,0.5534372169562666,0.8928844198347374,0.08828026757179563,0.0004997501249375312,0.0036601384358811635,-0.04711845872230151,0.0664946844229051,-0.17744804019119548,0.08321112274659247,0.47856969922779413,0.0006187382499226577,0.47856969922779413,associated
era,1600-1799,Exploration & Invention,Sport & Games,Exploration & Invention + Sport & Games,125472,67757,29,14.285917649555218,0.9964911711190562,0.3890332860871146,1.4537399805022233,0.26472718861230254,0.001999000499750125,0.0004280000590344909,-0.34902372665082376,0.18699476980963897,-0.7155334754777161,0.017486022176068594,0.061972947437754784,0.0023624551360683296,0.06360381447559044,associated
era,1600-1799,Culture (core),Culture (periphery),Culture (core) + Culture (periphery),125472,67757,3022,826.8031757602712,1.8692543141399665,1.8336159810836998,1.9028128381543474,0.018186842995004247,0.0004997501249375312,0.044600557875939015,0.6526718665018663,0.024142899071547073,0.6053517843216341,0.6999919486820985,5.9388761691181485e-161,0.0006187382499226577,1.9301347549633986e-160,associated
era,1600-1799,Culture (core),Sport & Games,Culture (core) + Sport & Games,125472,67757,129,79.34005045185448,0.6977675604679902,0.45044399495935833,0.897223764502584,0.11408343591405168,0.0004997501249375312,0.0019038623315672182,-1.0897328718121502,0.09302503924536955,-1.2720619487330744,-0.9074037948912259,1.0754512844385788e-31,0.0006187382499226577,1.4716701787054236e-31,associated
era,1600-1799,Culture (periphery),Sport & Games,Culture (periphery) + Sport & Games,125472,67757,28,26.583676990221313,0.07353830091681711,-0.5149864966604926,0.5265277774480387,0.26760804022179174,0.784607696151924,0.0004132414363091636,-1.0645988723381716,0.18984134160740387,-1.4366879018886833,-0.69250984278766,2.0487349566214158e-08,0.784607696151924,2.4212322214616734e-08,not distinguishable
era,1800-1899,Politics,Administration & Law,Politics + Administration & Law,404231,189984,24246,9211.314442673749,1.3962192525024246,1.3842101670657365,1.4074441790903898,0.005885250860579404,0.0004997501249375312,0.1276212733703891,1.2975365621703343,0.010294870691587426,1.277358615614823,1.3177145087258457,0.0,0.000533979585549691,0.0,associated
era,1800-1899,Politics,Military,Politics + Military,404231,189984,7957,5811.176382988871,0.45336088159101623,0.4281979081918192,0.4781634250525183,0.012426043285406632,0.0004997501249375312,0.04188247431362641,-0.4489915218502841,0.013098753355285993,-0.4746650784266447,-0.42331796527392357,1.7029214989805846e-257,0.000533979585549691,3.405842997961169e-257,associated
era,1800-1899,Politics,Religion,Politics + Religion,404231,189984,2447,3502.4952637761753,-0.5172801777168736,-0.5687060991608504,-0.4686412315609045,0.025768038942184286,0.0004997501249375312,0.012880032002694964,-1.2803159207118338,0.021637113251426292,-1.3227246626846292,-1.2379071787390383,0.0,0.000533979585549691,0.0,dissociated
era,1800-1899,Politics,Nobility,Politics + Nobility,404231,189984,2143,2065.455966310271,0.053158912159467435,0.0005771172623678835,0.1046730721881048,0.0266317823419823,0.04547726136931534,0.011279897254505643,-0.37831788002503985,0.024597483029533837,-0.4265289467629262,-0.3301068132871535,2.21748258021447e-53,0.04667403140534996,2.6206612311625553e-53,associated
era,1800-1899,Politics,Kinship,Politics + Kinship,404231,189984,2420,3440.503652476216,-0.5075243292351859,-0.5575338896605183,-0.4575192156596491,0.026083526730882836,0.0004997501249375312,0.012737914771770255,-0.7426944817544561,0.022458282970810813,-0.7867127163772453,-0.6986762471316669,8.036726006293359e-240,0.000533979585549691,1.567161571227205e-239,dissociated
era,1800-1899,Politics,Big business,Politics + Big business,404231,189984,8031,4827.597592027777,0.7342146192021062,0.7118069825696478,0.7574793217694102,0.01160672179125443,0.0004997501249375312,0.04227198079838302,0.20772568361475613,0.01402661505240051,0.18023351811205113,0.23521784911746113,1.2738154808853446e-49,0.000533979585549691,1.4611412868978953e-49,associated
era,1800-1899,Politics,Small business,Politics + Small business,404231,189984,8494,6367.888425069641,0.4156006981462644,0.39170816720252927,0.438359235165135,0.011961057836799311,0.0004997501249375312,0.04470902812868452,0.09892125647638704,0.013467464842159169,0.07252502538575507,0.12531748756701902,2.0544780698406617e-13,0.000533979585549691,2.1655309384806974e-13,associated
era,1800-1899,Politics,Academia,Politics + Academia,404231,189984,8728,13037.92190307226,-0.578963612554983,-0.60362673877213,-0.5543102079998631,0.012753093180553548,0.0004997501249375312,0.04594071079669867,-1.4324785508263138,0.011918581578259726,-1.4558389707197028,-1.4091181309329248,0.0,0.000533979585549691,0.0,dissociated
era,1800-1899,Politics,Exploration & Invention,Politics + Exploration & Invention,404231,189984,1487,3191.424012765298,-1.1015366386185141,-1.1726313308850804,-1.0370690546272499,0.03443338256546198,0.0004997501249375312,0.00782697490314974,-1.4053138642777416,0.027420222502728846,-1.4590575003830901,-1.3515702281723931,0.0,0.000533979585549691,0.0,dissociated
era,1800-1899,Politics,Culture (core),Politics + Culture (core),404231,189984,4298,14648.32141916248,-1.768879384894997,-1.809132176370332,-1.7306709564075857,0.020131721895538537,0.0004997501249375312,0.0226229577227556,-2.708912002203101,0.016016523592331234,-2.7403043884440703,-2.6775196159621317,0.0,0.000533979585549691,0.0,dissociated
era,1800-1899,Politics,Culture (periphery),Politics + Culture (periphery),404231,189984,4617,7470.561524448916,-0.6942012814392957,-0.7311040997938442,-0.6569520084635464,0.018534347833708664,0.0004997501249375312,0.024302046488125315,-1.0956733475880007,0.01613104875312871,-1.127290203144133,-1.0640564920318685,0.0,0.000533979585549691,0.0,dissociated
era,1800-1899,Politics,Sport & Games,Politics + Sport & Games,404231,189984,1137,2430.3394113338595,-1.0955880423684077,-1.1756319665156028,-1.0168406828344834,0.04019128071711974,0.0004997501249375312,0.005984714502273876,-2.8840799748383765,0.030241286350373243,-2.9433528960851083,-2.8248070535916447,0.0,0.000533979585549691,0.0,dissociated
era,1800-1899,Administration & Law,Military,Administration & Law + Military,404231,189984,1801,2388.1743178565807,-0.4070115121831081,-0.47339327922577534,-0.3437094193816399,0.03316811228643246,0.0004997501249375312,0.009479745662792657,-0.9894296813491156,0.024675184303474977,-1.0377930425839266,-0.9410663201143046,0.0,0.000533979585549691,0.0,dissociated
era,1800-1899,Administration & Law,Religion,Administration & Law + Religion,404231,189984,442,1439.3934525632847,-1.7022127005637244,-1.8343708662833946,-1.5745736833941373,0.06625952104057001,0.0004997501249375312,0.002326511706248947,-1.927614825910223,0.04825457653849535,-2.022193795925674,-1.8330358558947721,0.0,0.000533979585549691,0.0,dissociated
era,1800-1899,Administration & Law,Nobility,Administration & Law + Nobility,404231,189984,578,848.8245009814706,-0.5539989095354009,-0.6754026574088775,-0.44669565130302086,0.05792022554008508,0.0004997501249375312,0.003042361462017854,-0.7175697548047814,0.04312282577324857,-0.8020904933203485,-0.6330490162892142,3.567972459100386e-62,0.000533979585549691,4.348466434528595e-62,dissociated
era,1800-1899,Administration & Law,Kinship,Administration & Law + Kinship,404231,189984,385,1413.9172384076637,-1.8754049977435152,-2.0251868176477332,-1.7410705878234005,0.0717950103826023,0.0004997501249375312,0.0020264864409634494,-1.5827907018174856,0.05184104574777155,-1.6843991514831178,-1.4811822521518534,9.920965115170333e-205,0.000533979585549691,1.7196339532961912e-204,dissociated
era,1800-1899,Administration & Law,Big business,Administration & Law + Big business,404231,189984,855,1983.9605316363165,-1.2139071094498026,-1.3113335786095306,-1.1221197815418258,0.048376449826669804,0.0004997501249375312,0.004500378979282466,-1.2929921452979936,0.035162550018856716,-1.3619107433349527,-1.2240735472610345,5.203402352001863e-296,0.000533979585549691,1.1937217160474863e-295,dissociated
era,1800-1899,Administration & Law,Small business,Administration & Law + Small business,404231,189984,752,2616.9619700831972,-1.7984050889596626,-1.8992459820439487,-1.7001559175976975,0.05159282715898437,0.0004997501249375312,0.003958228061310426,-1.5686994247202515,0.03729811168960192,-1.6418037236318712,-1.4955951258086317,0.0,0.000533979585549691,0.0,dissociated
era,1800-1899,Administration & Law,Academia,Administration & Law + Academia,404231,189984,3113,5358.094161155424,-0.7833172769236442,-0.8290612358019048,-0.7383114802635478,0.023061843789502136,0.0004997501249375312,0.016385590365504462,-1.3419688710155924,0.019011177203789982,-1.3792307783350208,-1.304706963696164,0.0,0.000533979585549691,0.0,dissociated
era,1800-1899,Administration & Law,Exploration & Invention,Administration & Law + Exploration & Invention,404231,189984,336,1311.5549008266048,-1.9631496785238902,-2.1143665456545815,-1.8104900788525666,0.07669459755297496,0.0004997501249375312,0.0017685699848408287,-1.8089976905614167,0.055314274344924086,-1.9174136682774678,-1.7005817128453655,1.3703716977000362e-234,0.000533979585549691,2.5449760100143526e-234,dissociated
era,1800-1899,Administration & Law,Culture (core),Administration & Law + Culture (core),404231,189984,2242,6019.90762410133,-1.4247531857873834,-1.4805171472980152,-1.3727490737738637,0.02773453544088998,0.0004997501249375312,0.011800993767896244,-2.1101722611729166,0.021972725253869774,-2.153238802670501,-2.067105719675332,0.0,0.000533979585549691,0.0,dissociated
era,1800-1899,Administration & Law,Culture (periphery),Administration & Law + Culture (periphery),404231,189984,1169,3070.119025277326,-1.3926376651339372,-1.4769438728164588,-1.3148862454446186,0.04106060730926004,0.0004997501249375312,0.006153149738925383,-1.4150044225618135,0.030149784932176665,-1.4740980010288798,-1.3559108440947472,0.0,0.000533979585549691,0.0,dissociated
era,1800-1899,Administration & Law,Sport & Games,Administration & Law + Sport & Games,404231,189984,742,998.7778348653368,-0.4284948285353117,-0.5253152605166335,-0.33397721155569887,0.04909882741539497,0.0004997501249375312,0.00390559204985683,-2.12420147314639,0.037352288210191216,-2.1974119580383644,-2.0509909882544153,0.0,0.000533979585549691,0.0,dissociated
era,1800-1899,Military,Religion,Military + Religion,404231,189984,467,908.0755292223643,-0.9586400846328149,-1.089655185452781,-0.8377386246259827,0.06554397941741559,0.0004997501249375312,0.0024581017348829374,-1.715730627734331,0.04702183411071198,-1.8078934225913263,-1.6235678328773355,1.7216129885175015e-291,0.000533979585549691,3.836737517267575e-291,dissociated
era,1800-1899,Military,Nobility,Military + Nobility,404231,189984,1948,535.501086636886,1.8620561009275751,1.8072512261946392,1.9176419555740685,0.028039420314139307,0.0004997501249375312,0.010253495031160518,0.8479472488832829,0.02581180509339828,0.7973561109002223,0.8985383868663435,1.0970741372966542e-236,0.000533979585549691,2.0871166514424152e-236,associated
era,1800-1899,Military,Kinship,Military + Kinship,404231,189984,945,892.0032547440067,0.08322002786301848,-0.006722106396081267,0.16553039737375572,0.04400165413887079,0.059470264867566215,0.004974103082364831,-0.47604913986539416,0.03402189629780762,-0.5427320566090971,-0.40936622312169124,1.7337503082901473e-44,0.060242605969742395,1.9598916528497318e-44,not distinguishable
era,1800-1899,Military,Big business,Military + Big business,404231,189984,719,1251.6285985000493,-0.7993161482200472,-0.9035546069160959,-0.6988916487393521,0.052125125021675794,0.0004997501249375312,0.0037845292235135592,-1.3191671121851571,0.038215571329600434,-1.394069631991174,-1.2442645923791402,4.147267968600098e-261,0.000533979585549691,8.512813198705465e-261,dissociated
era,1800-1899,Military,Small business,Military + Small business,404231,189984,964,1650.9725827265556,-0.7758998752265703,-0.8591108123866192,-0.6931616782950754,0.043181857471670984,0.0004997501249375312,0.005074111504126663,-1.150137740258054,0.03320942807376574,-1.2152282192826347,-1.0850472612334732,8.090402622631097e-263,0.000533979585549691,1.7055443366627718e-262,dissociated
era,1800-1899,Military,Academia,Military + Academia,404231,189984,2419,3380.280897033295,-0.4826475813034125,-0.5369582546534709,-0.43416918290103707,0.026103076476674716,0.0004997501249375312,0.012732651170624896,-1.4563019229818082,0.021370980850901257,-1.4981890454495745,-1.4144148005140418,0.0,0.000533979585549691,0.0,dissociated
era,1800-1899,Military,Exploration & Invention,Military + Exploration & Invention,404231,189984,1995,827.4255441077471,1.2691773426984452,1.2139159684368657,1.3232709090124217,0.028077338204798033,0.0004997501249375312,0.01050088428499242,0.2834921801577131,0.02450889344083977,0.23545474901366714,0.33152961130175906,6.062654837369704e-31,0.000533979585549691,6.567876073817179e-31,associated
era,1800-1899,Military,Culture (core),Military + Culture (core),404231,189984,2386,3797.8016308818924,-0.6704581410031655,-0.7254165242789131,-0.6173246407852662,0.02740866121434575,0.0004997501249375312,0.012558952332828027,-1.8748751440355589,0.02143892854039851,-1.9168954439747399,-1.8328548440963779,0.0,0.000533979585549691,0.0,dissociated
era,1800-1899,Military,Culture (periphery),Military + Culture (periphery),404231,189984,557,1936.8574684632886,-1.7970464649612492,-1.9157133679861433,-1.6818164235212911,0.05983289481763687,0.0004997501249375312,0.0029318258379653025,-2.0324437938927016,0.04301437399284387,-2.1167519669186756,-1.9481356208667275,0.0,0.000533979585549691,0.0,dissociated
era,1800-1899,Military,Sport & Games,Military + Sport & Games,404231,189984,1852,630.1027070505115,1.5546702741844651,1.4962766799713654,1.6094190915435158,0.02922446396706781,0.0004997501249375312,0.009748189321205997,-0.9944423018056822,0.024350187644292136,-1.0421686695884946,-0.9467159340228696,0.0,0.000533979585549691,0.0,associated
era,1800-1899,Religion,Nobility,Religion + Nobility,404231,189984,191,322.75565153780684,-0.7553312010076261,-0.9635794306330296,-0.5716266278866777,0.10119520522647296,0.0004997501249375312,0.0010053478187636853,-1.1900168138505012,0.07326766013885352,-1.3336214277226541,-1.0464121999783482,2.5429309459216906e-59,0.000533979585549691,3.0515171351060287e-59,dissociated
era,1800-1899,Religion,Kinship,Religion + Kinship,404231,189984,820,537.6255974882185,0.608560399384561,0.5122340196399926,0.6997186078795007,0.048185687114740014,0.0004997501249375312,0.004316152939194879,-0.08995336831444058,0.03653638839948699,-0.16156468957743508,-0.018342047051446084,0.013815644217971188,0.000533979585549691,0.014368269986690035,associated
era,1800-1899,Religion,Big business,Religion + Big business,404231,189984,170,754.3779347476107,-2.1464716374112944,-2.371627738137303,-1.9435527388456968,0.10924724872845523,0.0004997501249375312,0.0008948121947111335,-2.2666746770849926,0.07714029953337065,-2.417869664170399,-2.115479689999586,8.847197619897594e-190,0.000533979585549691,1.4083294170449231e-189,dissociated
era,1800-1899,Religion,Small business,Religion + Small business,404231,189984,575,995.0693750324521,-0.7907059235279794,-0.9074371374504757,-0.6838297265970208,0.05756738587228831,0.0004997501249375312,0.003026570658581775,-1.1542650121295193,0.042656680307700194,-1.2378721055326116,-1.070657918726427,2.959194820674249e-161,0.000533979585549691,4.616343920251828e-161,dissociated
era,1800-1899,Religion,Academia,Religion + Academia,404231,189984,4807,2037.3530335010778,1.2382368470253966,1.2050965346029812,1.2698706891522928,0.016415298501426423,0.0004997501249375312,0.025302130705743643,-0.03457356679132278,0.01663372441325951,-0.06717566664131142,-0.0019714669413341407,0.03766128100014447,0.000533979585549691,0.03865236734225354,associated
era,1800-1899,Religion,Exploration & Invention,Religion + Exploration & Invention,404231,189984,178,498.70350826870765,-1.4837039988562062,-1.7121615797832062,-1.2815998194623612,0.1074783738938418,0.0004997501249375312,0.0009369210038740104,-1.7731343204360839,0.07555790886027428,-1.9212278218022214,-1.6250408190699464,8.818859689022986e-122,0.000533979585549691,1.2738352884144313e-121,dissociated
era,1800-1899,Religion,Culture (core),Religion + Culture (core),404231,189984,3204,2288.9999112509704,0.4850667607693646,0.4431356870826932,0.5285155475760561,0.021712641679079867,0.0004997501249375312,0.016864578069732187,-0.9469568193679491,0.019326654987053184,-0.9848370631425734,-0.9090765755933248,0.0,0.000533979585549691,0.0,associated
era,1800-1899,Religion,Culture (periphery),Religion + Culture (periphery),404231,189984,860,1167.3770787203403,-0.4406413384384149,-0.5322678231463631,-0.35171018763171585,0.04622678116490429,0.0004997501249375312,0.004526696985009264,-1.0374611562265763,0.03515805060281614,-1.106370935408096,-0.9685513770450567,2.2400608035722634e-191,0.000533979585549691,3.6400988058049284e-191,dissociated
era,1800-1899,Religion,Sport & Games,Religion + Sport & Games,404231,189984,671,379.77366400327173,0.820349371616422,0.7171162690819954,0.9213124659987556,0.05251284441955162,0.0004997501249375312,0.0035318763685362976,-1.5294292120590203,0.0394674980987137,-1.6067855083324991,-1.4520729157855414,0.0,0.000533979585549691,0.0,associated
era,1800-1899,Nobility,Kinship,Nobility + Kinship,404231,189984,1625,317.04311193727494,2.355859175075751,2.2954432157972584,2.414424260646493,0.03071894626978521,0.0004997501249375312,0.008553351861209365,1.6895100702744514,0.02846259252098483,1.6337233889333211,1.7452967516155817,0.0,0.000533979585549691,0.0,associated
era,1800-1899,Nobility,Big business,Nobility + Big business,404231,189984,281,444.864100828901,-0.6618503501367123,-0.839923377591473,-0.5056956472065227,0.08685245511921741,0.0004997501249375312,0.0014790719218460502,-0.8432272344895032,0.06080871601093564,-0.9624123178709371,-0.7240421511080694,1.0055494593921363e-43,0.000533979585549691,1.1204693976083805e-43,dissociated
era,1800-1899,Nobility,Small business,Nobility + Small business,404231,189984,219,586.8022146409821,-1.4198821383020834,-1.6035566848161162,-1.2325590421741524,0.09504129370439947,0.0004997501249375312,0.0011527286508337545,-1.237912208739734,0.06852403267872918,-1.3722193127900433,-1.1036051046894249,5.971701489533173e-73,0.000533979585549691,7.512785744896572e-73,dissociated
era,1800-1899,Nobility,Academia,Nobility + Academia,404231,189984,489,1201.447157415498,-1.2959927056412641,-1.4269773404565484,-1.1814585163113243,0.0633850069188936,0.0004997501249375312,0.002573900960080849,-1.6593754857574774,0.04650142833750678,-1.7505182852989907,-1.5682326862159641,6.902024173555646e-279,0.000533979585549691,1.4954385709370564e-278,dissociated
era,1800-1899,Nobility,Exploration & Invention,Nobility + Exploration & Invention,404231,189984,80,294.0903724343453,-1.8716495938051243,-2.2132176126516674,-1.5824021307098437,0.16254150637294662,0.0004997501249375312,0.0004210880916287687,-1.6800041969041397,0.11218861152862478,-1.8998938755002444,-1.460114518308035,1.0725879390766646e-50,0.000533979585549691,1.2486844663877588e-50,dissociated
era,1800-1899,Nobility,Culture (core),Nobility + Culture (core),404231,189984,877,1349.8458006420667,-0.6218578737744317,-0.7118297266233673,-0.5350623055210945,0.04551858731215712,0.0004997501249375312,0.004616178204480377,-1.4175994171319732,0.035507557079020945,-1.4871942290068543,-1.3480046052570922,0.0,0.000533979585549691,0.0,dissociated
era,1800-1899,Nobility,Culture (periphery),Nobility + Culture (periphery),404231,189984,245,688.4137652129787,-1.4886003803260197,-1.6781163804995491,-1.3203390339270635,0.08988667787984173,0.0004997501249375312,0.0012895822806131042,-1.42494158693829,0.06484431499952113,-1.5520364443373513,-1.2978467295392286,5.016288626327302e-107,0.000533979585549691,6.864394962342624e-107,dissociated
era,1800-1899,Nobility,Sport & Games,Nobility + Sport & Games,404231,189984,203,223.95627148325437,-0.14140561234953672,-0.3450134630525352,0.047695701315475,0.0995664354519905,0.15592203898050974,0.0010685110325080007,-1.8448511132383962,0.07099381158271525,-1.983998983940518,-1.7057032425362744,7.114137638904612e-149,0.15592203898050974,1.0880445800677641e-148,not distinguishable
era,1800-1899,Kinship,Big business,Kinship + Big business,404231,189984,907,741.0259955778997,0.2914003731743594,0.1988545640190206,0.3770137357568156,0.04571799387105605,0.0004997501249375312,0.004774086238841166,-0.032040815194707556,0.03487898943345566,-0.10040363448428065,0.03632200409486554,0.3582901979585703,0.000533979585549691,0.36294331741257774,associated
era,1800-1899,Kinship,Small business,Kinship + Small business,404231,189984,401,977.4573729402638,-1.2843715948296544,-1.4305201990312242,-1.1468815096029308,0.07293803386845318,0.0004997501249375312,0.0021107040592892035,-1.042618096062082,0.05096191211688803,-1.1425034438111825,-0.9427327483129814,5.018733480311937e-93,0.000533979585549691,6.74933123214364e-93,dissociated
era,1800-1899,Kinship,Academia,Kinship + Academia,404231,189984,2235,2001.2933709399856,0.1593044818490219,0.10709222541144968,0.21309141195823872,0.02717814750565472,0.0004997501249375312,0.011764148559878727,-0.4265759700799059,0.023245362185666973,-0.47213687996381315,-0.3810150601959986,3.240080300010485e-75,0.000533979585549691,4.1430534983740627e-75,associated
era,1800-1899,Kinship,Exploration & Invention,Kinship + Exploration & Invention,404231,189984,417,489.8768199478821,-0.23211458703617413,-0.37117937827364683,-0.10376287006526567,0.06902712848979531,0.0014992503748125937,0.002194921677614957,-0.41225021785993404,0.05028315777794204,-0.5108052071047005,-0.31369522861516763,2.432541833457688e-16,0.0015802909356132744,2.5991542878041047e-16,dissociated
era,1800-1899,Kinship,Culture (core),Kinship + Culture (core),404231,189984,2925,2248.486282515631,0.379408356599935,0.33588709101116726,0.4232373302616254,0.022560263778899255,0.0004997501249375312,0.015396033350176856,-0.4883984437726883,0.020891251272090877,-0.5293452962659865,-0.4474515912793902,7.133763691077263e-121,0.000533979585549691,1.0116973961891392e-120,associated
era,1800-1899,Kinship,Culture (periphery),Kinship + Culture (periphery),404231,189984,785,1146.7153559614374,-0.5464530597312447,-0.6426246601996981,-0.4530209759655126,0.04877542284423581,0.0004997501249375312,0.004131926899107293,-0.637855950643099,0.03705368890681269,-0.7104811809004519,-0.5652307203857461,2.0718622954561436e-66,0.000533979585549691,2.565162841993321e-66,dissociated
era,1800-1899,Kinship,Sport & Games,Kinship + Sport & Games,404231,189984,714,373.0519471734623,0.935625129167771,0.8323933043051334,1.0324476667111855,0.05048148007078863,0.0004997501249375312,0.003758211217786761,-0.9693114162803408,0.03865326548870671,-1.045071816638206,-0.8935510159224757,8.84433655260557e-139,0.000533979585549691,1.3266504828908355e-138,associated
era,1800-1899,Big business,Small business,Big business + Small business,404231,189984,2654,1371.5349078382749,0.9521229538834951,0.9020366433112144,0.99963301176879,0.02513599755494103,0.0004997501249375312,0.013969597439784404,0.4950290640304729,0.021525917354152647,0.45283826601633376,0.5372198620446121,5.008039378741913e-117,0.000533979585549691,6.975483420390522e-117,associated
era,1800-1899,Big business,Academia,Big business + Academia,404231,189984,1194,2808.1467233837843,-1.2334683173149354,-1.3164771906338857,-1.15652662208391,0.040444990450910566,0.0004997501249375312,0.006284739767559374,-1.7124307778892134,0.029912132318968963,-1.7710585572343926,-1.6538029985440341,0.0,0.000533979585549691,0.0,dissociated
era,1800-1899,Big business,Exploration & Invention,Big business + Exploration & Invention,404231,189984,1758,687.3784757265184,1.3541197165983365,1.2969169935655123,1.4123678931504782,0.02968646337152094,0.0004997501249375312,0.009253410813542194,0.6357048810326641,0.026130907963336624,0.5844883014245243,0.6869214606408038,9.98488086144988e-131,0.000533979585549691,1.4694730324397936e-130,associated
era,1800-1899,Big business,Culture (core),Big business + Culture (core),404231,189984,1586,3154.999401139275,-0.9920208283360541,-1.0600091425594569,-0.9302017038888896,0.03383299505721727,0.0004997501249375312,0.00834807141654034,-1.8020178703190706,0.02618941035769681,-1.8533491146201564,-1.7506866260179847,0.0,0.000533979585549691,0.0,dissociated
era,1800-1899,Big business,Culture (periphery),Big business + Culture (periphery),404231,189984,810,1609.0319471675027,-0.9897571219108725,-1.0889011429408395,-0.8959856766977625,0.04972007049783961,0.0004997501249375312,0.004263516927741283,-1.1540176579457673,0.03613240974843052,-1.224837181052691,-1.0831981348388435,7.785078205454615e-224,0.000533979585549691,1.380082045512409e-223,dissociated
era,1800-1899,Big business,Sport & Games,Big business + Sport & Games,404231,189984,1193,523.4537915923139,1.1876870777507493,1.1102457208717347,1.2608931501820289,0.038451469179301596,0.0004997501249375312,0.006279476166414014,-0.9721253553298427,0.030090561117250805,-1.0311028551196542,-0.9131478555400311,5.640711825878825e-229,0.000533979585549691,1.0231988893454613e-228,associated
era,1800-1899,Small business,Academia,Small business + Academia,404231,189984,3847,3704.112589098737,0.05459864637309356,0.014713681595514873,0.09627250814561841,0.020688016927902512,0.008995502248875561,0.020249073606198417,-0.5422735870008151,0.017794666461801428,-0.5771511332659459,-0.5073960407356842,5.77264982684585e-204,0.009355322338830584,9.78840622812992e-204,associated
era,1800-1899,Small business,Exploration & Invention,Small business + Exploration & Invention,404231,189984,1537,906.6931026830549,0.7611048337129552,0.6963975285765701,0.8279708541769849,0.033402040129995814,0.0004997501249375312,0.00809015496041772,0.3325556646159532,0.027528064088341974,0.27860065900280295,0.38651067022910346,1.3373234059130953e-33,0.000533979585549691,1.4691721924115694e-33,associated
era,1800-1899,Small business,Culture (core),Small business + Culture (core),404231,189984,4506,4161.631905856009,0.11468470315263345,0.07891167009816792,0.14948483432949364,0.018181752376084156,0.0004997501249375312,0.0237177867609904,-0.7520265228232439,0.016640646956741577,-0.7846421908584574,-0.7194108547880304,0.0,0.000533979585549691,0.0,associated
era,1800-1899,Small business,Culture (periphery),Small business + Culture (periphery),404231,189984,1646,2122.4088620923008,-0.3666399247693862,-0.4315710177071242,-0.3033932372464272,0.03325177671582446,0.0004997501249375312,0.008663887485261916,-0.5293339548656152,0.025996575494154926,-0.5802872428341589,-0.47838066689707154,3.658217088012352e-92,0.000533979585549691,4.836286997711245e-92,dissociated
era,1800-1899,Small business,Sport & Games,Small business + Sport & Games,404231,189984,557,690.466692179163,-0.3096443626194975,-0.42705050260769056,-0.19899506978039558,0.058714301923999776,0.0004997501249375312,0.0029318258379653025,-1.9153822832144647,0.0430689761441232,-1.9997974764569462,-1.8309670899719832,0.0,0.000533979585549691,0.0,dissociated
era,1800-1899,Academia,Exploration & Invention,Academia + Exploration & Invention,404231,189984,3413,1856.4071908509713,0.878350041421757,0.8381651127435443,0.9156927830158966,0.02044711047832482,0.0004997501249375312,0.017964670709112347,0.004229726979170856,0.01963759495993189,-0.03425995914229564,0.04271941310063736,0.8294638454647153,0.000533979585549691,0.8294638454647153,associated
era,1800-1899,Academia,Culture (core),Academia + Culture (core),404231,189984,15245,8520.725891533037,0.8392505652224613,0.8223842774784055,0.8561182134315527,0.008498160373260876,0.0004997501249375312,0.08024359946100725,-0.669290010981314,0.009744633984582078,-0.6883894935910949,-0.6501905283715331,0.0,0.000533979585549691,0.0,associated
era,1800-1899,Academia,Culture (periphery),Academia + Culture (periphery),404231,189984,3173,4345.522274135206,-0.45362072598549213,-0.49889400653737687,-0.40890659254594647,0.023172689450567503,0.0004997501249375312,0.01670140643422604,-1.1092184032042691,0.018981390219393508,-1.1464219280342804,-1.0720148783742578,0.0,0.000533979585549691,0.0,dissociated
era,1800-1899,Academia,Sport & Games,Academia + Sport & Games,404231,189984,1002,1413.6948087632536,-0.49637863189578985,-0.5809437719590833,-0.4142085474827983,0.043528281770906896,0.0004997501249375312,0.005274128347650328,-2.5943615436406375,0.03218063841260039,-2.6574355949293342,-2.531287492351941,0.0,0.000533979585549691,0.0,dissociated
era,1800-1899,Exploration & Invention,Culture (core),Exploration & Invention + Culture (core),404231,189984,1022,2085.7042570581516,-1.028779573664061,-1.1102753411524424,-0.9453310608961115,0.04264080973928285,0.0004997501249375312,0.005379400370557521,-1.79893970331751,0.03249047470578762,-1.8626210337408537,-1.7352583728941664,0.0,0.000533979585549691,0.0,dissociated
era,1800-1899,Exploration & Invention,Culture (periphery),Exploration & Invention + Culture (periphery),404231,189984,775,1063.6974386549753,-0.4565671499383129,-0.5541413881679258,-0.3560625805025238,0.05014047995562449,0.0004997501249375312,0.004079290887653697,-0.7396844110251802,0.037198236591817944,-0.8125929547451434,-0.6667758673052171,5.495655531094469e-88,0.000533979585549691,7.144352190422809e-88,dissociated
era,1800-1899,Exploration & Invention,Sport & Games,Exploration & Invention + Sport & Games,404231,189984,561,346.044376776452,0.6962459139691276,0.5745874511617837,0.8112495103841295,0.058846415625757965,0.0004997501249375312,0.0029528802425467407,-1.3115963161717,0.043233871505141866,-1.396334704321778,-1.2268579280216219,3.702048547773777e-202,0.000533979585549691,6.143825249496907e-202,associated
era,1800-1899,Culture (core),Culture (periphery),Culture (core) + Culture (periphery),404231,189984,15178,4882.266321189023,1.6362585844870599,1.6199578550472986,1.652759166524282,0.008251755532709504,0.0004997501249375312,0.07989093818426815,0.6463033093669975,0.011184197780944318,0.6243822817163467,0.6682243370176484,0.0,0.000533979585549691,0.0,associated
era,1800-1899,Culture (core),Sport & Games,Culture (core) + Sport & Games,404231,189984,1278,1588.3095558722341,-0.31349404449404095,-0.3845587844517533,-0.2433786497483686,0.03639668565686229,0.0004997501249375312,0.006726882263769581,-2.7438449760834946,0.02859635573750122,-2.799893833328997,-2.6877961188379924,0.0,0.000533979585549691,0.0,dissociated
era,1800-1899,Culture (periphery),Sport & Games,Culture (periphery) + Sport & Games,404231,189984,498,810.0289389807828,-0.7012701917655334,-0.8248746764256797,-0.5765120841703185,0.06332233077865644,0.0004997501249375312,0.002621273370389085,-2.338356029076853,0.04536998289856807,-2.4272811955580464,-2.2494308625956596,0.0,0.000533979585549691,0.0,dissociated
era,1900-2020,Politics,Administration & Law,Politics + Administration & Law,1482865,430565,29269,7395.678452945811,1.98454616171232,1.9733242697777384,1.9961114513303526,0.0057463984873953764,0.0004997501249375312,0.06797812177023213,1.6291420037802284,0.008114340733193158,1.61323789594317,1.645046111617287,0.0,0.0005413959686823255,0.0,associated
era,1900-2020,Politics,Military,Politics + Military,1482865,430565,9377,4266.360849881671,1.136028295498423,1.113785249496785,1.1591693038594468,0.011625111156527382,0.0004997501249375312,0.02177836099079117,0.5600946551595283,0.011934141512665978,0.5367037377947029,0.5834855725243536,0.0,0.0005413959686823255,0.0,associated
era,1900-2020,Politics,Religion,Politics + Religion,1482865,430565,2690,2991.8046560075277,-0.15338276125897438,-0.20218653326508454,-0.10366091398932441,0.025243190063519393,0.0004997501249375312,0.006247604891247547,-0.675044796726574,0.02021601822001962,-0.7146681924378124,-0.6354214010153356,1.816576342574781e-244,0.0005413959686823255,3.9359154089120255e-244,dissociated
era,1900-2020,Politics,Nobility,Politics + Nobility,1482865,430565,1560,1288.9070291179892,0.2753006038786477,0.208369000278661,0.33581168039011905,0.03263801174413387,0.0004997501249375312,0.0036231463309837073,0.13125177982235525,0.027674557934031146,0.07700964627165421,0.1854939133730563,2.1090148066995215e-06,0.0005413959686823255,2.2847660405911483e-06,associated
era,1900-2020,Politics,Kinship,Politics + Kinship,1482865,430565,3062,3423.633521631298,-0.16102911557931973,-0.208965895992403,-0.11678646616671337,0.024292913584378274,0.0004997501249375312,0.0071115859394052005,-0.14828061302502019,0.019451624797488236,-0.18640579762809711,-0.11015542842194324,2.4776027373899415e-14,0.0005413959686823255,2.884373336065902e-14,dissociated
era,1900-2020,Politics,Big business,Politics + Big business,1482865,430565,11603,6561.44756311987,0.8223640652534822,0.8010776857220419,0.8441574909319196,0.011156787214478953,0.0004997501249375312,0.026948312101541,0.48160170685040066,0.010696291912183927,0.4606369747025202,0.5025664389982811,0.0,0.0005413959686823255,0.0,associated
era,1900-2020,Politics,Small business,Politics + Small business,1482865,430565,9242,6290.03243339527,0.5551010058055321,0.5291887243104362,0.5790704213527936,0.012664887459241747,0.0004997501249375312,0.021464819481379117,0.4348128046639574,0.01187176783680528,0.41154413970381903,0.45808146962409574,1.111951961627368e-293,0.0005413959686823255,2.6282500911192333e-293,associated
era,1900-2020,Politics,Academia,Politics + Academia,1482865,430565,24158,20024.589950376485,0.2707221575172669,0.2567551974386005,0.2859115851647849,0.00739527659035824,0.0004997501249375312,0.0561076724768618,-0.22468979515369078,0.00730061006331061,-0.23899899087777957,-0.210380599429602,5.348327150050295e-208,0.0005413959686823255,1.1274851829835759e-207,associated
era,1900-2020,Politics,Exploration & Invention,Politics + Exploration & Invention,1482865,430565,2635,3108.024888450842,-0.23815343781349843,-0.2907425890163296,-0.18897406885064125,0.026282974530787363,0.0004997501249375312,0.006119865757783378,-0.2972697924844353,0.020770342953573297,-0.337979664673439,-0.2565599202954316,1.8354931227667128e-46,0.0005413959686823255,2.3861410595967267e-46,dissociated
era,1900-2020,Politics,Culture (core),Politics + Culture (core),1482865,430565,10933,35265.482409266355,-1.6895219233667353,-1.7124175984381287,-1.665827106177173,0.012217217788847911,0.0004997501249375312,0.025392217202977484,-2.325608939942821,0.009996154170121938,-2.3452014021162597,-2.306016477769382,0.0,0.0005413959686823255,0.0,dissociated
era,1900-2020,Politics,Culture (periphery),Politics + Culture (periphery),1482865,430565,8185,18915.022622228626,-1.208428188015627,-1.2373222570354439,-1.1805689766293945,0.014397334971625153,0.0004997501249375312,0.019009905589167722,-1.0562344680736557,0.011640409131214976,-1.0790496699708372,-1.0334192661764743,0.0,0.0005413959686823255,0.0,dissociated
era,1900-2020,Politics,Sport & Games,Politics + Sport & Games,1482865,430565,5877,9060.015625781141,-0.624390521204464,-0.6592566779422425,-0.5908486010093477,0.0176490352232611,0.0004997501249375312,0.013649507043071314,-3.3399842038500616,0.013350882779433545,-3.3661519340977515,-3.3138164736023716,0.0,0.0005413959686823255,0.0,dissociated
era,1900-2020,Administration & Law,Military,Administration & Law + Military,1482865,430565,2299,1669.5648276653385,0.4614160921825662,0.40427657299591985,0.5150516386370589,0.028042346974250523,0.0004997501249375312,0.0053394957788022715,0.16018128709063886,0.021802664170300357,0.11744806531685018,0.20291450886442755,2.0290566701221906e-13,0.0005413959686823255,2.2937162357903027e-13,associated
era,1900-2020,Administration & Law,Religion,Administration & Law + Religion,1482865,430565,641,1170.789813771637,-0.8685769175035438,-0.9866288595983346,-0.76409619448678,0.056920541733134475,0.0004997501249375312,0.001488741537282408,-0.961008062131043,0.040046141999612574,-1.0394985004502837,-0.8825176238118023,2.951671915154718e-127,0.0005413959686823255,4.8985193485546385e-127,dissociated
era,1900-2020,Administration & Law,Nobility,Administration & Law + Nobility,1482865,430565,335,504.39095933615243,-0.5896590780507589,-0.7350602416994572,-0.442219546648134,0.07557442647290434,0.0004997501249375312,0.0007780474492817577,-0.3327508356821055,0.055678854830484514,-0.44188139114985514,-0.22362028021435587,2.283305145814036e-09,0.0005413959686823255,2.5442543053356403e-09,dissociated
era,1900-2020,Administration & Law,Kinship,Administration & Law + Kinship,1482865,430565,345,1339.778399356484,-1.955775089176055,-2.1154293528904353,-1.8146045695622817,0.07619188173193348,0.0004997501249375312,0.000801272746275243,-1.245929709489675,0.05432038264482745,-1.352397659473537,-1.1394617595058132,2.0009146810318345e-116,0.0005413959686823255,3.1851294922547573e-116,dissociated
era,1900-2020,Administration & Law,Big business,Administration & Law + Big business,1482865,430565,2036,2567.706402579429,-0.33466933983678626,-0.3935096037747804,-0.2764855355406776,0.030959343065787577,0.0004997501249375312,0.004728670467873608,-0.27025996163942373,0.022916230264736947,-0.3151757729583081,-0.2253441503205393,4.222150509745191e-32,0.0005413959686823255,5.311737738066531e-32,dissociated
era,1900-2020,Administration & Law,Small business,Administration & Law + Small business,1482865,430565,823,2461.492894104874,-1.5799860428042218,-1.6750784399817846,-1.4827210044071637,0.04890401225963584,0.0004997501249375312,0.0019114419425638406,-1.011385230086342,0.03537953216967599,-1.080729113138907,-0.9420413470337771,9.822923047700679e-180,0.0005413959686823255,1.9154699943016323e-179,dissociated
era,1900-2020,Administration & Law,Academia,Administration & Law + Academia,1482865,430565,6964,7836.268952846931,-0.1702391818336617,-0.19922489269704266,-0.13991218889213933,0.01520075676858021,0.0004997501249375312,0.016174096826263164,-0.3617821033706941,0.012870747398679185,-0.3870087682721053,-0.33655543846928293,7.633277791419981e-174,0.0005413959686823255,1.4521845554408746e-173,dissociated
era,1900-2020,Administration & Law,Exploration & Invention,Administration & Law + Exploration & Invention,1482865,430565,250,1216.2705452844975,-2.2801746263297002,-2.456431188141453,-2.104851549239137,0.0886020353097882,0.0004997501249375312,0.0005806324248371326,-1.5519743772619983,0.06363198580112918,-1.6766930694322115,-1.427255685091785,2.1917590956628313e-131,0.0005413959686823255,3.7164610752543657e-131,dissociated
era,1900-2020,Administration & Law,Culture (core),Administration & Law + Culture (core),1482865,430565,4121,13800.522537327051,-1.743533762307808,-1.7856555690035236,-1.7039890439405572,0.021164750306442826,0.0004997501249375312,0.009571144891015295,-2.048209782242283,0.016164254655371246,-2.0798917213668107,-2.016527843117755,0.0,0.0005413959686823255,0.0,dissociated
era,1900-2020,Administration & Law,Culture (periphery),Administration & Law + Culture (periphery),1482865,430565,1477,7402.059412166927,-2.3248660339658613,-2.3954418234029533,-2.2566843456009824,0.03653230653830442,0.0004997501249375312,0.0034303763659377794,-1.6166233744756795,0.02644923556662644,-1.6684638761862673,-1.5647828727650916,0.0,0.0005413959686823255,0.0,dissociated
era,1900-2020,Administration & Law,Sport & Games,Administration & Law + Sport & Games,1482865,430565,2350,3545.4768030983823,-0.5932154179823376,-0.6495467333823414,-0.5402502857423591,0.028009080653146404,0.0004997501249375312,0.005457944793469047,-2.9703764282844594,0.02105741683921893,-3.0116489652893286,-2.92910389127959,0.0,0.0005413959686823255,0.0,dissociated
era,1900-2020,Military,Religion,Military + Religion,1482865,430565,577,675.3960244074668,-0.2269803819180428,-0.3456389631560753,-0.11294039942747516,0.05886422668038635,0.0009995002498750624,0.001340099636524102,-0.5692505977413219,0.04225421779878333,-0.6520688646269373,-0.4864323308557066,2.2845907851382695e-41,0.001067959171099382,2.9212800203407383e-41,dissociated
era,1900-2020,Military,Nobility,Military + Nobility,1482865,430565,603,290.9690916982578,1.05001086737566,0.9392704192731459,1.159492046639376,0.056032811048865094,0.0004997501249375312,0.0014004854087071637,0.7864425780185452,0.04229194826823981,0.7035503594127952,0.8693347966242952,3.490306214823533e-77,0.0005413959686823255,5.235459322235299e-77,associated
era,1900-2020,Military,Kinship,Military + Kinship,1482865,430565,458,772.8808312717914,-0.7542572729434956,-0.8899625988331905,-0.6297650914274083,0.06563549625769975,0.0004997501249375312,0.001063718602301627,-0.45806125831968125,0.04739816963085237,-0.5509616707961519,-0.3651608458432106,4.283149049825212e-22,0.0005413959686823255,5.139778859790254e-22,dissociated
era,1900-2020,Military,Big business,Military + Big business,1482865,430565,1640,1481.2382852572416,0.14684494236942938,0.08199269828798383,0.21038639871620873,0.033221023454412316,0.0004997501249375312,0.00380894870693159,0.00987477739867886,0.025551594273832575,-0.04020634737803298,0.05995590217539071,0.6991528834993167,0.0005413959686823255,0.6991528834993167,associated
era,1900-2020,Military,Small business,Military + Small business,1482865,430565,1489,1419.9666714130888,0.06846314179680056,-0.0026049731086950005,0.1378584604777094,0.035651297505024535,0.05897051474262868,0.003458246722329962,0.11457627615533218,0.026806408104245352,0.062035716271011294,0.16711683603965308,1.9181430344993495e-05,0.059736365583442044,2.0218264417695847e-05,not distinguishable
era,1900-2020,Military,Academia,Military + Academia,1482865,430565,3698,4520.525234064601,-0.28970969428410503,-0.3342799997083047,-0.2459447700068799,0.022329819849086777,0.0004997501249375312,0.008588714828190866,-0.5329715224886327,0.017371998858654644,-0.5670206402515958,-0.49892240472566957,1.0547953268150587e-206,0.0005413959686823255,2.1651061971466992e-206,dissociated
era,1900-2020,Military,Exploration & Invention,Military + Exploration & Invention,1482865,430565,891,701.6325912870286,0.344491301893712,0.2522203576040965,0.4315623197292095,0.0469172686818531,0.0004997501249375312,0.0020693739621195405,0.2568693097240326,0.03448407263832275,0.18928052735292,0.3244580920951452,9.410304039962337e-14,0.0005413959686823255,1.079417228113327e-13,associated
era,1900-2020,Military,Culture (core),Military + Culture (core),1482865,430565,3158,7961.136957990622,-1.333825515381779,-1.3795580793373803,-1.2881519578775664,0.02373789617805948,0.0004997501249375312,0.007334548790542659,-1.7993920658947444,0.018574779154234587,-1.8357986330370442,-1.7629854987524447,0.0,0.0005413959686823255,0.0,dissociated
era,1900-2020,Military,Culture (periphery),Military + Culture (periphery),1482865,430565,943,4270.041847477614,-2.1783247080489323,-2.2666139226380104,-2.091827008371986,0.04492294380851386,0.0004997501249375312,0.0021901455064856643,-1.5726174148019219,0.03304010570439774,-1.6373760219825415,-1.5078588076213022,0.0,0.0005413959686823255,0.0,dissociated
era,1900-2020,Military,Sport & Games,Military + Sport & Games,1482865,430565,4942,2045.286787837232,1.2725851708997795,1.2376155567814369,1.3077231348746965,0.018095190616378758,0.0004997501249375312,0.011477941774180437,-1.6250405573111022,0.015220603370890623,-1.6548729399180477,-1.5952081747041567,0.0,0.0005413959686823255,0.0,associated
era,1900-2020,Religion,Nobility,Religion + Nobility,1482865,430565,159,204.0433788720129,-0.3588504135383555,-0.5845285110186421,-0.15101535731092683,0.11445513800328218,0.0029985007496251873,0.00036928222219641634,-0.3830593953091701,0.0800102907241519,-0.5398795651285078,-0.22623922548983239,1.6876528499466228e-06,0.0031184407796101946,1.8540411590962897e-06,dissociated
era,1900-2020,Religion,Kinship,Religion + Kinship,1482865,430565,485,541.9861448433379,-0.16011499579087493,-0.2907833374794376,-0.0384474498663268,0.06425750052748341,0.012993503248375811,0.0011264269041840374,-0.1787016281478176,0.046162902975900554,-0.2691809179805827,-0.08822233831505251,0.00010834133992888189,0.0133354375443857,0.00011267499352603717,dissociated
era,1900-2020,Religion,Big business,Religion + Big business,1482865,430565,261,1038.7249823493323,-1.9906251662595695,-2.1733053249059817,-1.8198394874392798,0.09014383492602919,0.0004997501249375312,0.0006061802515299665,-1.6660744250107649,0.06222346942261619,-1.7880324250790927,-1.544116424942437,6.207768501073015e-158,0.0005413959686823255,1.1004680524629435e-157,dissociated
era,1900-2020,Religion,Small business,Religion + Small business,1482865,430565,431,995.7579886912324,-1.207158828280074,-1.3399142848986185,-1.0820407909869276,0.06629128955971225,0.0004997501249375312,0.0010010103004192165,-0.9535581382763605,0.04867483256168531,-1.0489608100972636,-0.8581554664554573,1.8681565482243646e-85,0.0005413959686823255,2.8571806031666753e-85,dissociated
era,1900-2020,Religion,Academia,Religion + Academia,1482865,430565,7750,3170.038568877524,1.2895614574780383,1.2644233534399145,1.3144352626776847,0.012730370254038063,0.0004997501249375312,0.01799960516995111,0.6122221666713891,0.013121670194873498,0.5865036930894371,0.6379406402533411,0.0,0.0005413959686823255,0.0,associated
era,1900-2020,Religion,Exploration & Invention,Religion + Exploration & Invention,1482865,430565,103,492.0229974164936,-2.250560322294401,-2.540560079503029,-1.9970593582932576,0.14080374668846135,0.0004997501249375312,0.00023922055903289864,-1.7306521343148467,0.0986559036548324,-1.924017705478318,-1.5372865631513752,6.810572579902864e-69,0.0005413959686823255,9.837493726526358e-69,dissociated
era,1900-2020,Religion,Culture (core),Religion + Culture (core),1482865,430565,4557,5582.782951585202,-0.29287101511528885,-0.32901314505710333,-0.25748208915715287,0.018573539333020583,0.0004997501249375312,0.010583767839931254,-1.1434925615999798,0.015996012885473025,-1.174844746855507,-1.1121403763444526,0.0,0.0005413959686823255,0.0,dissociated
era,1900-2020,Religion,Culture (periphery),Religion + Culture (periphery),1482865,430565,730,2994.385972059732,-2.0355448964333656,-2.141391793507031,-1.9322700876863117,0.05286212718305593,0.0004997501249375312,0.0016954466805244272,-1.612952929591099,0.03750055016810774,-1.68645400792059,-1.5394518512616078,0.0,0.0005413959686823255,0.0,dissociated
era,1900-2020,Religion,Sport & Games,Religion + Sport & Games,1482865,430565,2908,1434.2665212887057,1.019459317079688,0.9695276351616796,1.0654817478162653,0.024229096699646915,0.0004997501249375312,0.006753916365705526,-1.974858567668638,0.019448973554962445,-2.0129785558363644,-1.9367385795009118,0.0,0.0005413959686823255,0.0,associated
era,1900-2020,Nobility,Kinship,Nobility + Kinship,1482865,430565,1199,233.49443967553646,2.3578870045384006,2.281836477875292,2.4313685963870153,0.03813310406710806,0.0004997501249375312,0.002784713109518888,2.1356940784738714,0.03148626295981058,2.0739810030726424,2.1974071538751003,0.0,0.0005413959686823255,0.0,associated
era,1900-2020,Nobility,Big business,Nobility + Big business,1482865,430565,444,447.4957709495406,-0.011301694346309628,-0.1496226340422465,0.11069360838099927,0.06630224274325243,0.8740629685157422,0.0010312031865107475,0.17137844085624487,0.0487205895390464,0.07588608535971393,0.26687079635277583,0.0004355054507590318,0.8740629685157422,0.0004469661205158484,not distinguishable
era,1900-2020,Nobility,Small business,Nobility + Small business,1482865,430565,130,428.98505032652486,-1.7185581075833605,-1.9745041941946948,-1.4968079735060236,0.12600896084253663,0.0004997501249375312,0.00030192886091530896,-0.890296449853525,0.08824491951070046,-1.0632564920944978,-0.7173364076125521,6.1842512596528655e-24,0.0005413959686823255,7.53705622270193e-24,dissociated
era,1900-2020,Nobility,Academia,Nobility + Academia,1482865,430565,770,1365.6924377722778,-0.8262938497883585,-0.9234207110229337,-0.7354456645621066,0.048596868908107375,0.0004997501249375312,0.0017883478684983685,-0.6423518850503797,0.037586067533817866,-0.7160205774166627,-0.5686831926840966,1.7569298517804472e-65,0.0005413959686823255,2.4471522935513374e-65,dissociated
era,1900-2020,Nobility,Exploration & Invention,Nobility + Exploration & Invention,1482865,430565,47,211.96968812265433,-2.1612576160381454,-2.6351298146527635,-1.7803025747918504,0.2163438194568959,0.0004997501249375312,0.00010915889586938093,-1.2450982224743565,0.14558790865766125,-1.5304505234433725,-0.9597459215053405,1.2075487036470568e-17,0.0005413959686823255,1.4271030134010672e-17,dissociated
era,1900-2020,Nobility,Culture (core),Nobility + Culture (core),1482865,430565,1889,2405.1330269472433,-0.34841206132970665,-0.4041227168072843,-0.29264014715233316,0.029035451754372794,0.0004997501249375312,0.004387258602069374,-0.6899669484109827,0.025625962969608795,-0.740193835831416,-0.6397400609905495,1.1339777409337632e-159,0.0005413959686823255,2.0569828789031054e-159,dissociated
era,1900-2020,Nobility,Culture (periphery),Nobility + Culture (periphery),1482865,430565,429,1290.0190924999952,-1.5872214489704666,-1.721723747498227,-1.4618011537230393,0.06694612939937403,0.0004997501249375312,0.0009963652410205197,-0.8570697071933496,0.04940970311665161,-0.9539127253019868,-0.7602266890847125,2.1079683684193117e-67,0.0005413959686823255,2.98948241339466e-67,dissociated
era,1900-2020,Nobility,Sport & Games,Nobility + Sport & Games,1482865,430565,1724,617.90003475179,1.4795658233492517,1.4179019044954038,1.5388764758127875,0.03109196287478894,0.0004997501249375312,0.004004041201676866,-1.1223777659836343,0.02654338117608145,-1.174402793088754,-1.0703527388785146,0.0,0.0005413959686823255,0.0,associated
era,1900-2020,Kinship,Big business,Kinship + Big business,1482865,430565,1067,1188.6516929459933,-0.15569669292649196,-0.24387805514266442,-0.07527453738696203,0.04314137962005718,0.0004997501249375312,0.002478139189204882,0.13518499829469224,0.03158857833420347,0.07327138475965345,0.19709861182973104,1.8726895789719606e-05,0.0005413959686823255,2.000955988490588e-05,dissociated
era,1900-2020,Kinship,Small business,Kinship + Small business,1482865,430565,315,1139.4829614527096,-1.853300351252555,-2.0169399009511095,-1.7015023055288347,0.07896113982261302,0.0004997501249375312,0.0007315968552947871,-0.926005447821262,0.05685907672728452,-1.0374492382067397,-0.8145616574357843,1.2413682581119927e-59,0.0005413959686823255,1.6987144584690428e-59,dissociated
era,1900-2020,Kinship,Academia,Kinship + Academia,1482865,430565,1774,3627.5932278801465,-1.0317989535933467,-1.0947267894295067,-0.9665790963624058,0.03236496645091043,0.0004997501249375312,0.004120167686644293,-0.7321638360286187,0.024756076073055695,-0.7806857451318079,-0.6836419269254295,3.12274570661473e-192,0.0005413959686823255,6.24549141322946e-192,dissociated
era,1900-2020,Kinship,Exploration & Invention,Kinship + Exploration & Invention,1482865,430565,191,563.0402452867828,-1.5571742521467689,-1.7728232162248936,-1.3568476084038448,0.10618004617116172,0.0004997501249375312,0.00044360317257556933,-0.7639749343887275,0.07283544360801869,-0.9067324038604442,-0.6212174649170109,9.699416040346629e-26,0.0005413959686823255,1.200880081185773e-25,dissociated
era,1900-2020,Kinship,Culture (core),Kinship + Culture (core),1482865,430565,8100,6388.586507029865,0.3424012869139642,0.3173789100068534,0.36821757153930673,0.012963083975255248,0.0004997501249375312,0.018812490564723096,0.04453467908875744,0.013666556905752714,0.01774822755348212,0.07132113062403275,0.0011193925077167988,0.0005413959686823255,0.001133930072752082,associated
era,1900-2020,Kinship,Culture (periphery),Kinship + Culture (periphery),1482865,430565,1121,3426.5874177516566,-1.611553372001416,-1.6979551397272012,-1.533741503784828,0.04159779737215065,0.0004997501249375312,0.0026035557929697025,-0.8126295356970911,0.03069011640902293,-0.872782163858776,-0.7524769075354061,1.712517247878886e-154,0.0005413959686823255,2.968363229656736e-154,dissociated
era,1900-2020,Kinship,Sport & Games,Kinship + Sport & Games,1482865,430565,6170,1641.2846110716018,1.910122527164719,1.8812208494163256,1.9395036197704185,0.015038398322493828,0.0004997501249375312,0.014330008244980433,-0.6668119813310349,0.014793235609392254,-0.6958067231254438,-0.6378172395366261,0.0,0.0005413959686823255,0.0,associated
era,1900-2020,Big business,Small business,Big business + Small business,1482865,430565,2910,2183.837041377608,0.4140715375147416,0.3611914073449799,0.4603804709609074,0.025383636100355766,0.0004997501249375312,0.006758561425104223,0.5489959184045144,0.01964710502284393,0.5104875925597403,0.5875042442492886,8.054608411830066e-172,0.0005413959686823255,1.495855847911298e-171,associated
era,1900-2020,Big business,Academia,Big business + Academia,1482865,430565,5028,6952.339552313705,-0.46747418874201896,-0.5056515182457753,-0.4307540881626576,0.01884178019681602,0.0004997501249375312,0.011677679328324411,-0.5024950319971815,0.014972959343420404,-0.5318420323102855,-0.4731480316840775,6.398480470723414e-247,0.0005413959686823255,1.4259470763326465e-246,dissociated
era,1900-2020,Big business,Exploration & Invention,Big business + Exploration & Invention,1482865,430565,2594,1079.0754974308936,1.2649923976940622,1.2145516805454124,1.3161851776436853,0.026199463439774785,0.0004997501249375312,0.006024642040110088,1.1421028012059549,0.0212359811072293,1.1004802782357854,1.1837253241761243,0.0,0.0005413959686823255,0.0,associated
era,1900-2020,Big business,Culture (core),Big business + Culture (core),1482865,430565,5917,12243.826654775323,-1.0490537327108127,-1.0822541612585221,-1.0154863146579765,0.017050491811966387,0.0004997501249375312,0.013742408231045255,-1.4191391650782808,0.013856347904437771,-1.4462976069709788,-1.3919807231855827,0.0,0.0005413959686823255,0.0,dissociated
era,1900-2020,Big business,Culture (periphery),Big business + Culture (periphery),1482865,430565,3946,6567.108751555542,-0.7347944355943011,-0.7758406892279395,-0.6933244518414027,0.021402515876731903,0.0004997501249375312,0.0091647021936293,-0.3544715642584687,0.01674736691426396,-0.38729640341042604,-0.3216467251065114,1.973477160836318e-99,0.0005413959686823255,3.078624370904656e-99,dissociated
era,1900-2020,Big business,Sport & Games,Big business + Sport & Games,1482865,430565,8011,3145.5478057623936,1.348531791561775,1.321417184367232,1.3755209141870888,0.013539528295714401,0.0004997501249375312,0.01860578542148108,-1.3948779251014898,0.01218271116378305,-1.4187560389825045,-1.370999811220475,0.0,0.0005413959686823255,0.0,associated
era,1900-2020,Small business,Academia,Small business + Academia,1482865,430565,7734,6664.755124742137,0.21464793291869622,0.1873534137377384,0.241861152695701,0.014339385215130845,0.0004997501249375312,0.017962444694761534,0.23575983798820985,0.012691105799565582,0.2108852706210613,0.26063440535535837,4.953805270758021e-77,0.0005413959686823255,7.290505870172182e-77,associated
era,1900-2020,Small business,Exploration & Invention,Small business + Exploration & Invention,1482865,430565,1171,1034.4393994814063,0.17881066051244848,0.09491972509836653,0.2539630655677959,0.0403869187918187,0.0004997501249375312,0.002719682277937129,0.4625729472478812,0.030328235517462214,0.4031296056336553,0.5220162888621072,1.5912723761086673e-52,0.0005413959686823255,2.1037160226521366e-52,associated
era,1900-2020,Small business,Culture (core),Small business + Culture (core),1482865,430565,11406,11737.35917669778,-0.04131312555565012,-0.062138410834534606,-0.020302536657317335,0.010922881359686686,0.0014992503748125937,0.026490773750769338,-0.36901337778558285,0.010929186071073654,-0.3904345824848872,-0.3475921730862785,6.654640307146506e-250,0.0015802909356132744,1.526652776345375e-249,dissociated
era,1900-2020,Small business,Culture (periphery),Small business + Culture (periphery),1482865,430565,3473,6295.4594460368235,-0.8580361507586679,-0.9038730695804399,-0.8138539059405383,0.02288644516063306,0.0004997501249375312,0.008066145645837446,-0.27820302599521557,0.01786539165966432,-0.31321919364815765,-0.2431868583422735,1.1251323473902849e-54,0.0005413959686823255,1.5131090189041762e-54,dissociated
era,1900-2020,Small business,Sport & Games,Small business + Sport & Games,1482865,430565,4543,3015.431812676565,0.5912002678292396,0.5530959483176798,0.6293528299230364,0.01926792430576097,0.0004997501249375312,0.010551252424140374,-1.815990736248988,0.015712691609288554,-1.8467876118031936,-1.7851938606947824,0.0,0.0005413959686823255,0.0,associated
era,1900-2020,Academia,Exploration & Invention,Academia + Exploration & Invention,1482865,430565,7486,3293.1825109759584,1.1845899089728587,1.158506398934148,1.2088336997558038,0.013018262750769434,0.0004997501249375312,0.017386457329323098,1.056471122732562,0.014113801590477842,1.0288080716152255,1.0841341738498986,0.0,0.0005413959686823255,0.0,associated
era,1900-2020,Academia,Culture (core),Academia + Culture (core),1482865,430565,44833,37366.38993557503,0.2628166376113413,0.2540174940974297,0.27131696335251265,0.004547748380493689,0.0004997501249375312,0.10412597401089266,-0.5741624929270976,0.005666783850378144,-0.5852693892738388,-0.5630555965803565,0.0,0.0005413959686823255,0.0,associated
era,1900-2020,Academia,Culture (periphery),Academia + Culture (periphery),1482865,430565,10092,20041.867079541295,-0.9897693195314147,-1.0149891868856444,-0.9640604021715774,0.012855262733691567,0.0004997501249375312,0.02343896972582537,-0.793022992822106,0.010615502345460113,-0.8138293774192078,-0.7722166082250042,0.0,0.0005413959686823255,0.0,dissociated
era,1900-2020,Academia,Sport & Games,Academia + Sport & Games,1482865,430565,4176,9599.757427574174,-1.2007786536769585,-1.243107039756893,-1.159867193914537,0.021408522783729973,0.0004997501249375312,0.009698884024479463,-3.665279501841542,0.01573543950855601,-3.696120963278312,-3.6344380404047723,0.0,0.0005413959686823255,0.0,dissociated
era,1900-2020,Exploration & Invention,Culture (core),Exploration & Invention + Culture (core),1482865,430565,2458,5799.652836793433,-1.238312561284928,-1.2920845730242276,-1.1872626412439289,0.026781352460969295,0.0004997501249375312,0.0057087780009986875,-1.4348451478400268,0.02135026911969848,-1.4766916753146357,-1.3929986203654179,0.0,0.0005413959686823255,0.0,dissociated
era,1900-2020,Exploration & Invention,Culture (periphery),Exploration & Invention + Culture (periphery),1482865,430565,1227,3110.7064788144035,-1.3417511196337075,-1.4183745318900147,-1.262872383491597,0.04012798403270185,0.0004997501249375312,0.0028497439411006467,-0.6952694393034504,0.02942784976847402,-0.7529480248496595,-0.6375908537572413,2.071818975140655e-123,0.0005413959686823255,3.366705834603564e-123,dissociated
era,1900-2020,Exploration & Invention,Sport & Games,Exploration & Invention + Sport & Games,1482865,430565,3047,1489.9823208330117,1.0318469577591471,0.982564792418302,1.0786594635696702,0.02419322381973632,0.0004997501249375312,0.0070767479939149724,-1.5131119680587932,0.019447977584255108,-1.5512300041239333,-1.4749939319936531,0.0,0.0005413959686823255,0.0,associated
era,1900-2020,Culture (core),Culture (periphery),Culture (core) + Culture (periphery),1482865,430565,81307,35295.90931419445,1.2038670097834705,1.1974219137224618,1.2101563129486295,0.003312898353630488,0.0004997501249375312,0.18883792226493096,1.1790531058087788,0.005686791158920631,1.1679069951372942,1.1901992164802633,0.0,0.0005413959686823255,0.0,associated
era,1900-2020,Culture (core),Sport & Games,Culture (core) + Sport & Games,1482865,430565,12074,16906.217682074235,-0.48563314914361067,-0.5087573352057857,-0.4646393693252954,0.011295440711536585,0.0004997501249375312,0.028042223589934155,-3.8850697123505538,0.009434549633427105,-3.903561429632071,-3.8665779950690364,0.0,0.0005413959686823255,0.0,dissociated
era,1900-2020,Culture (periphery),Sport & Games,Culture (periphery) + Sport & Games,1482865,430565,5747,9067.832567880316,-0.6579027398434163,-0.690974752904345,-0.6241590733831396,0.017181050094543546,0.0004997501249375312,0.013347578182156004,-2.8768536059601266,0.013578105072308522,-2.9034666919018512,-2.850240520018402,0.0,0.0005413959686823255,0.0,dissociated
