period_type,period,sector_a,sector_b,pair,n_elites_period,n_diversified_period,n_pair,expected_qi,assoc_log2,assoc_ci_low,assoc_ci_high,assoc_boot_se,p_value,share_of_diversified,log_or_uncond,se_uncond,ci_low_uncond,ci_high_uncond,p_value_uncond,q_value,q_value_uncond,direction
century,800,Politics,Administration & Law,Politics + Administration & Law,1128,773,0,1.0766645568334416,-1.6568757522845499,-2.1623313417309684,-1.0485698329170408,0.28106640512710845,0.0004997501249375312,0.0,-1.6274093500319036,1.4408420522405063,-4.451459772423296,1.1966410723594887,0.25869333334812405,0.00278432212465196,0.44840177780341506,dissociated
century,800,Politics,Military,Politics + Military,1128,773,31,10.0071042758634,1.5839867066456497,1.147632595262488,1.95312175769558,0.2048898464322004,0.0004997501249375312,0.040103492884864166,0.7244709021242942,0.2248063996090902,0.2838503588904774,1.1650914453581112,0.0012701348776729016,0.00278432212465196,0.005214237918867702,associated
century,800,Politics,Religion,Politics + Religion,1128,773,11,16.93953303019973,-0.6007275491266902,-1.5709250360533604,0.02738644231369154,0.4126017079469022,0.13493253373313344,0.014230271668822769,-1.745104784794036,0.31361758226005343,-2.3597952460237406,-1.1304143235643314,2.6300249461751234e-08,0.18146099364111049,2.2793549533517737e-07,not distinguishable
century,800,Politics,Nobility,Politics + Nobility,1128,773,67,50.71918328991265,0.3982032533863605,0.15689071065180726,0.6149737756273814,0.11586015650362286,0.0009995002498750624,0.08667529107373868,-0.37972262571620685,0.1703491242508187,-0.7136069092478114,-0.0458383421846022,0.02580827003231644,0.004872563718140929,0.08752369837046445,associated
century,800,Politics,Kinship,Politics + Kinship,1128,773,26,41.518397146040925,-0.6650287696468072,-1.2266296459454606,-0.27626551178736575,0.23981442514419402,0.011494252873563218,0.03363518758085381,-1.1277741893262243,0.22207554260651918,-1.5630422528350019,-0.6925061258174467,3.80755195799776e-07,0.033205619412515965,2.9698905272382528e-06,dissociated
century,800,Politics,Big business,Politics + Big business,1128,773,0,0.3297227407627692,-0.7307012327155514,-1.2505076238308388,-0.20336465653844146,0.2856572932764323,0.020989505247376312,0.0,-0.4468503242710187,1.4930745209286016,-3.373276385291078,2.47957573674904,0.764724889766859,0.051974012993503245,0.8861983373536889,not distinguishable
century,800,Politics,Small business,Politics + Small business,1128,773,0,1.327230278492069,-1.8696584624839416,-2.3692219268324335,-1.2422945912828405,0.2791248640510553,0.0004997501249375312,0.0,-1.7587319002376012,1.4379390079721701,-4.577092355863055,1.0596285553878524,0.22129489653679502,0.00278432212465196,0.4109762364254765,dissociated
century,800,Politics,Academia,Politics + Academia,1128,773,3,9.165317100888748,-1.4654621432682033,-4.2644726970444955,-0.4744495245073518,0.8821525873173511,0.063968015992004,0.0038809831824062097,-1.999825574826777,0.5483043882952282,-3.0745021758854243,-0.9251489737681298,0.00026501988471493935,0.11778893162114593,0.0014765393576975194,not distinguishable
century,800,Politics,Exploration & Invention,Politics + Exploration & Invention,1128,773,1,2.4224217484329684,-0.9622018945544706,-2.848726518291334,0.36371507766031425,1.0020198890581615,0.44427786106946526,0.00129366106080207,-1.6280931619661918,0.8350597227799085,-3.2648102186148122,0.008623894682428856,0.05121513967618917,0.5022271472959172,0.1426707462408127,not distinguishable
century,800,Politics,Culture (core),Politics + Culture (core),1128,773,7,11.337197997788339,-0.6583651179903692,-2.0093656171271714,0.11249307101115649,0.533031977386698,0.18440779610194902,0.009055627425614488,-1.3709880716676723,0.3840289224954506,-2.1236847597587554,-0.6182913835765891,0.00035696412979535614,0.23580013272052497,0.001740200132752361,not distinguishable
century,800,Politics,Culture (periphery),Politics + Culture (periphery),1128,773,0,0.9100643141914709,-1.4957609666304832,-2.012240999914329,-0.8874203653539424,0.2894805024106964,0.0004997501249375312,0.0,-1.392449838613444,1.4470706616797864,-4.228708335505825,1.4438086582789373,0.33592192342114413,0.00278432212465196,0.5458731255593592,dissociated
century,800,Politics,Sport & Games,Politics + Sport & Games,1128,773,0,0.24716352161267707,-0.5794959259081182,-1.084616543475815,0.0,0.27395698766439974,0.06846576711644178,0.0,-0.6485648611640681,1.479482535972346,-3.5483506316698663,2.2512209093417304,0.6611160804878049,0.11778893162114593,0.8276057577180731,not distinguishable
century,800,Administration & Law,Military,Administration & Law + Military,1128,773,2,0.8233184858106285,0.9177677750671441,-1.4653520751504883,2.033630075256818,0.9242644447766061,0.23488255872063968,0.00258732212160414,0.4465084220089964,0.6992258377151759,-0.9239742199127483,1.816991063930741,0.5230991860256076,0.29080697746364914,0.7463904574600785,not distinguishable
century,800,Administration & Law,Religion,Administration & Law + Religion,1128,773,4,1.3936729647558184,1.2487378009756922,-0.4031712292615192,2.044314557228101,0.659543699933989,0.06096951524237881,0.00517464424320828,0.18195643782196802,0.5675251165713373,-0.9303927906578531,1.2943056663017891,0.7485030068170713,0.11778893162114593,0.8845944626019934,not distinguishable
century,800,Administration & Law,Nobility,Administration & Law + Nobility,1128,773,4,4.1728396184019765,-0.05437452030847974,-1.9424240939490183,0.7575842276057854,0.664182173095581,0.9190404797601199,0.00517464424320828,-0.7934732103734236,0.5666130604949884,-1.9040348089436008,0.31708838819675356,0.16139976042993498,0.9345327336331835,0.3366849830374698,not distinguishable
century,800,Administration & Law,Kinship,Administration & Law + Kinship,1128,773,0,3.4158596662183265,-2.969329063593642,-3.54015313552044,-2.1649146914396975,0.35527030043126095,0.0004997501249375312,0.0,-2.7095920116742827,1.4397760619356608,-5.531553093068178,0.11236906971961247,0.05984229054661636,0.00278432212465196,0.16095512629779574,dissociated
century,800,Administration & Law,Big business,Administration & Law + Big business,1128,773,0,0.027127410705302335,-0.07622361949161509,-0.17790207299274172,-0.013649377845497475,0.043493197736811005,0.07146426786606697,0.0,2.1411924165717338,1.5139644099964837,-0.8261778270213744,5.108562660164842,0.15727528089906073,0.11856571714142927,0.3366849830374698,not distinguishable
century,800,Administration & Law,Small business,Administration & Law + Small business,1128,773,0,0.10919574665027958,-0.2849777742064405,-0.487443136500515,-0.12029049131298117,0.09356773949360547,0.0034982508745627187,0.0,0.831044680931656,1.4596170422815429,-2.029804721940168,3.6918940838034797,0.5691131943164489,0.01186363340069096,0.7633505781833456,dissociated
century,800,Administration & Law,Academia,Administration & Law + Academia,1128,773,2,0.754061793447928,0.9953196567119608,-1.364130276203524,2.039137313107613,0.937795519871506,0.19790104947526238,0.00258732212160414,0.39407978588303894,0.6989742352305666,-0.9759097151688716,1.7640692869349495,0.572892090221377,0.24897228804952365,0.7633505781833456,not distinguishable
century,800,Administration & Law,Exploration & Invention,Administration & Law + Exploration & Invention,1128,773,0,0.1993008717541809,-0.48398520877712053,-0.7615065932595183,-0.23992874204515363,0.1341476577990371,0.0014992503748125937,0.0,-0.1632419531674807,1.44668147638095,-2.9987376468741425,2.672253740539181,0.9101582738508404,0.006878913484434253,0.9448155280580314,dissociated
century,800,Administration & Law,Culture (core),Administration & Law + Culture (core),1128,773,1,0.932749817685801,0.06617578804713238,-1.823387852986105,1.428351159375633,1.0021779692553778,0.9235382308845578,0.00129366106080207,-0.38491102483072814,0.8649704121624697,-2.0802530326691686,1.3104309830077125,0.6563204296824152,0.9345327336331835,0.8276057577180731,not distinguishable
century,800,Administration & Law,Culture (periphery),Administration & Law + Culture (periphery),1128,773,0,0.07487408469976833,-0.20131790069648295,-0.3684905424957515,-0.07323911376679737,0.0771321496399421,0.013493253373313344,0.0,1.1965993603411127,1.4686143968046999,-1.681884857396099,4.075083578078324,0.41519757972556937,0.03758834868280146,0.6566913913769497,dissociated
century,800,Administration & Law,Sport & Games,Administration & Law + Sport & Games,1128,773,0,0.020334983103212908,-0.05751261079911925,-0.1338990315067734,0.0,0.0353534675186962,0.12743628185907047,0.0,1.9396208201477494,1.5005615635336522,-1.001479844378209,4.880721484673708,0.19615060577551224,0.1809809381023774,0.38249368126224886,not distinguishable
century,800,Military,Religion,Military + Religion,1128,773,6,12.95355233554019,-1.049475535416819,-2.4271950409648713,-0.22155846115290373,0.5781513696801125,0.062468765617191405,0.007761966364812419,-2.04678836227364,0.4084720237110532,-2.847393528747304,-1.2461831957999756,5.419267845186137e-07,0.11778893162114593,3.84275356295017e-06,not distinguishable
century,800,Military,Nobility,Military + Nobility,1128,773,23,38.78463438103361,-0.7413043766339188,-1.2951508989154499,-0.32529066979722143,0.24880698043572244,0.006496751624187906,0.029754204398447608,-1.5936834021558144,0.2367199294273777,-2.0576544638334746,-1.1297123404781542,1.6693483576886768e-11,0.020269865067466263,2.1701528649952796e-10,dissociated
century,800,Military,Kinship,Military + Kinship,1128,773,41,31.748852188556604,0.36386352387239373,0.018041784610335836,0.6438633845840304,0.1618456225443138,0.02348825587206397,0.05304010349288486,-0.07890932957065655,0.19995544720841554,-0.470822006099151,0.3130033469578379,0.6931126055245369,0.053884822294734985,0.8318907635088725,not distinguishable
century,800,Military,Big business,Military + Big business,1128,773,0,0.25213686652836387,-0.589067118471702,-1.0694801240190366,-0.15835622838552738,0.2421144489264054,0.021989005497251374,0.0,-0.14890434201864441,1.4936558625341256,-3.0764698325855306,2.7786611485482418,0.9205894888770562,0.051974012993503245,0.9448155280580314,not distinguishable
century,800,Military,Small business,Military + Small business,1128,773,2,1.014924487180972,0.7226822118720715,-1.659658462394504,1.8272256172441987,0.920328661125461,0.3408295852073963,0.00258732212160414,0.2960630997427214,0.6912917910154474,-1.0588688106475554,1.6509950101329982,0.6684508043107513,0.4027986006996502,0.8276057577180731,not distinguishable
century,800,Military,Academia,Military + Academia,1128,773,1,7.008659242644072,-2.3235928202441896,-4.135894807192825,-0.9536965446076215,1.0007902059070313,0.0004997501249375312,0.00129366106080207,-2.5711372225096065,0.8265308090917421,-4.191137608329421,-0.9511368366897919,0.0018660788045671303,0.00278432212465196,0.007277707337811808,dissociated
century,800,Military,Exploration & Invention,Military + Exploration & Invention,1128,773,5,1.8524103846980273,1.225291854244303,-0.3742521827848061,2.0551815032273733,0.6210087716725397,0.04897551224387806,0.00646830530401035,0.10738276103859407,0.46575566000111224,-0.8054983325635858,1.020263854640774,0.81765975509081,0.1061136098617358,0.8982740971420167,not distinguishable
century,800,Military,Culture (core),Military + Culture (core),1128,773,3,8.669482643997132,-1.389485415034759,-4.166580298515767,-0.34945656250066776,0.8668799447266794,0.06896551724137931,0.0038809831824062097,-1.8786266848410806,0.5489410168881145,-2.954551077941785,-0.8027022917403763,0.0006209965121212085,0.11778893162114593,0.00269098488585857,not distinguishable
century,800,Military,Culture (periphery),Military + Culture (periphery),1128,773,0,0.6959203480739464,-1.2581213048659328,-1.7421868172937975,-0.7136167800500115,0.26338754051714813,0.0004997501249375312,0.0,-1.0942233552218037,1.4476702781802058,-3.9316571004550074,1.7432103900113998,0.44973839939422267,0.00278432212465196,0.674607599091334,dissociated
century,800,Military,Sport & Games,Military + Sport & Games,1128,773,0,0.18900436080134855,-0.46258501908221966,-0.8940068683129969,0.0,0.22654046700864516,0.07296351824087956,0.0,-0.35057905362939396,1.4800691886959318,-3.2515146634734204,2.5503565562146324,0.8127602311096301,0.11856571714142927,0.8982740971420167,not distinguishable
century,800,Religion,Nobility,Religion + Nobility,1128,773,44,65.65271801417842,-0.5719950975982911,-0.957533567082481,-0.2702705430451093,0.17148739866289134,0.0029985007496251873,0.056921086675291076,-2.161893919849712,0.1773178908199941,-2.5094369858569006,-1.8143508538425235,3.4209049602904546e-34,0.010631048112307482,2.6683058690265545e-32,dissociated
century,800,Religion,Kinship,Religion + Kinship,1128,773,29,53.742892598426735,-0.8787191603222996,-1.4059654141659044,-0.4882938486486075,0.23303950539502677,0.001999000499750125,0.037516170763260026,-1.8958431334435175,0.20627364237007553,-2.3001394724888655,-1.4915467943981695,3.8952046808754196e-20,0.007796101949025487,1.5191298255414137e-18,dissociated
century,800,Religion,Big business,Religion + Big business,1128,773,0,0.4268048639195156,-0.8903375206728944,-1.5134738885161036,-0.25990840642421725,0.3345934067453394,0.018490754622688656,0.0,-1.1742296950706859,1.4922439565883787,-4.099027849983909,1.7505684598425364,0.4313471061713663,0.0497337538127488,0.6597073388503248,dissociated
century,800,Religion,Small business,Religion + Small business,1128,773,3,1.71801416272114,0.6580863444649605,-1.8394045314479024,1.6023010553596757,0.7742130733709186,0.3153423288355822,0.0038809831824062097,-0.3277323232294676,0.6036602460202678,-1.5109064054291925,0.8554417589702574,0.5871927524487274,0.37841079460269866,0.7633505781833456,not distinguishable
century,800,Religion,Academia,Religion + Academia,1128,773,50,11.863913022725107,2.0301479775466422,1.7356325695270503,2.305219921775333,0.14696686009693374,0.0004997501249375312,0.0646830530401035,0.5905455251742824,0.19239151854276615,0.21345814883046071,0.967632901518104,0.0021441830485036386,0.00278432212465196,0.007964108465870659,associated
century,800,Religion,Exploration & Invention,Religion + Exploration & Invention,1128,773,1,3.1356690239314897,-1.2772583678794227,-3.1577857796868227,0.11231808556451796,1.0112199076303823,0.3468265867066467,0.00129366106080207,-2.36468635256429,0.8335678641591476,-3.9984793663162197,-0.7308933388123606,0.004556454510572063,0.40376826512117076,0.016154702355664588,not distinguishable
century,800,Religion,Culture (core),Religion + Culture (core),1128,773,34,14.675273041467541,1.184873887450878,0.7525966401910594,1.5340774223328315,0.19889143444490942,0.0004997501249375312,0.04398447606727038,-0.2861851408813996,0.20564331318094212,-0.6892460347160462,0.11687575295324693,0.16402601737722888,0.00278432212465196,0.3366849830374698,associated
century,800,Religion,Culture (periphery),Religion + Culture (periphery),1128,773,1,1.1780196745845948,-0.16179713058651074,-2.0884198344607388,1.1296645029020291,0.9712908688158829,0.8355822088955522,0.00129366106080207,-0.9268254300157707,0.8754968467332247,-2.642799249612891,0.7891483895813497,0.289769253758421,0.8944158057957323,0.48089365517354976,not distinguishable
century,800,Religion,Sport & Games,Religion + Sport & Games,1128,773,1,0.31993726900282526,0.8713770580246942,-0.916198959943458,1.9387294174770053,0.8877608017164041,0.4432783608195902,0.00129366106080207,-0.07225039985467187,0.9452354359549844,-1.9249118543264414,1.7804110546170975,0.9390719062561693,0.5022271472959172,0.9512676452984573,not distinguishable
century,800,Nobility,Kinship,Nobility + Kinship,1128,773,246,160.91326811489773,0.6108284740790866,0.5067603634867047,0.7228769267036639,0.054951302348961555,0.0004997501249375312,0.3182406209573092,1.0062587219644394,0.13057251163611014,0.7503365991576636,1.2621808447712153,1.2930235511201456e-14,0.00278432212465196,2.521395924684284e-13,associated
century,800,Nobility,Big business,Nobility + Big business,1128,773,1,1.2779097324328605,-0.24521957717128787,-2.2510720042953096,0.9683623252083433,0.9191101506062745,0.8370814592703648,0.00129366106080207,-0.7868350028805228,0.9777217183270996,-2.703169570801638,1.1294995650405926,0.42095602011342925,0.8944158057957323,0.6566913913769497,not distinguishable
century,800,Nobility,Small business,Nobility + Small business,1128,773,3,5.143959698202608,-0.6893527640684257,-3.135886782617117,0.308499592518075,0.7838244321609333,0.3053473263368316,0.0038809831824062097,-1.303197640623043,0.6028135801741705,-2.484712257764417,-0.12168302348166882,0.03062908742160516,0.3721420539730135,0.09954453412021676,not distinguishable
century,800,Nobility,Academia,Nobility + Academia,1128,773,3,35.52211138656645,-3.36345591813991,-6.116990851930522,-2.3144633692906162,0.8716439359288605,0.0004997501249375312,0.0038809831824062097,-3.811698216826675,0.5453197358238687,-4.880524899041458,-2.7428715346118926,2.7519805871125096e-12,0.00278432212465196,4.293089715895515e-11,dissociated
century,800,Nobility,Exploration & Invention,Nobility + Exploration & Invention,1128,773,4,9.388604259500507,-1.135841902757602,-2.826931705701216,-0.21321310177465275,0.7088369519576722,0.08945527236381809,0.00517464424320828,-2.1703816539841525,0.5012204328374082,-3.1527737023454727,-1.1879896056228323,1.4897811183882095e-05,0.13418290854572715,9.683577269523362e-05,not distinguishable
century,800,Nobility,Culture (core),Nobility + Culture (core),1128,773,25,43.93969195566012,-0.8013515692922465,-1.3704832663455508,-0.3788908424435095,0.2522914014959172,0.005497251374312844,0.03234152652005175,-1.794255390654331,0.22561063240547025,-2.2364522301690526,-1.3520585511396095,1.8221763178549794e-15,0.01786606696651674,4.7376584264229464e-14,dissociated
century,800,Nobility,Culture (periphery),Nobility + Culture (periphery),1128,773,0,3.527145387529897,-3.009757557230814,-3.6402138475615424,-2.1069640858528813,0.39330604505101696,0.0004997501249375312,0.0,-3.0907640403108774,1.4458686417455027,-5.924666578132062,-0.2568615024896923,0.032544995357314144,0.00278432212465196,0.10154038551482014,dissociated
century,800,Nobility,Sport & Games,Nobility + Sport & Games,1128,773,0,0.9579341389694173,-1.5439255485205805,-2.4223378732160477,0.0,0.5839912109148029,0.05347326336831584,0.0,-2.342721138019015,1.4783029492347965,-5.240194918519216,0.5547526424811862,0.11302613890204474,0.1069465267366317,0.26715269195028757,not distinguishable
century,800,Kinship,Big business,Kinship + Big business,1128,773,1,1.0460886857082075,-0.043660575826060484,-2.021860875100573,1.1581284040450441,0.9077349412284761,0.9345327336331835,0.00129366106080207,-0.1720973230180951,0.9779352637661304,-2.0888504399997103,1.7446557939635203,0.8603094337541013,0.9345327336331835,0.9192347374358891,not distinguishable
century,800,Kinship,Small business,Kinship + Small business,1128,773,4,4.210812315971985,-0.06605085312554564,-1.6105602858518833,0.7785590221656832,0.6515319790967716,0.9045477261369316,0.00517464424320828,-0.35066005886924473,0.5533859755819343,-1.435296571009836,0.7339764532713464,0.5263009635936451,0.9345327336331835,0.7463904574600785,not distinguishable
century,800,Kinship,Academia,Kinship + Academia,1128,773,4,29.078171854291078,-2.7165359796124706,-4.439609751107459,-1.7826707524425154,0.7643995289298666,0.02148925537231384,0.00517464424320828,-2.8709166853938797,0.4838986617491736,-3.81935806242226,-1.9224753083654993,2.9765144856585066e-09,0.051974012993503245,2.902101623517044e-08,not distinguishable
century,800,Kinship,Exploration & Invention,Kinship + Exploration & Invention,1128,773,9,7.685451046497419,0.2148655970964862,-0.7837422943310903,0.8010437883160263,0.4162223414080201,0.567216391804098,0.01164294954721863,-0.6356333922187106,0.37194090297714333,-1.3646375620539115,0.09337077761649026,0.08745772824979248,0.632041122295995,0.21317821260886916,not distinguishable
century,800,Kinship,Culture (core),Kinship + Culture (core),1128,773,13,35.968749154772496,-1.4337013101068812,-2.3370908613588135,-0.8214187041392018,0.3842620167564455,0.001999000499750125,0.016817593790426907,-1.8729114707061472,0.29218117231118357,-2.4455865684360667,-1.3002363729762274,1.454211552993601e-10,0.007796101949025487,1.6204071590500126e-09,dissociated
century,800,Kinship,Culture (periphery),Kinship + Culture (periphery),1128,773,0,2.8872985228139094,-2.760135137232085,-3.384902588135803,-1.8688256656335631,0.3828235590280055,0.0004997501249375312,0.0,-2.4737143050169155,1.4460084974978817,-5.307890960112763,0.36046235007893257,0.08713298649652045,0.00278432212465196,0.21317821260886916,dissociated
century,800,Kinship,Sport & Games,Kinship + Sport & Games,1128,773,0,0.7841587234192139,-1.36082353216233,-2.180830263166714,0.0,0.532537488773548,0.05347326336831584,0.0,-1.7280126841999013,1.4784421844036777,-4.62575936563111,1.1697339972313068,0.24248164205856115,0.1069465267366317,0.4298538200129039,not distinguishable
century,800,Big business,Small business,Big business + Small business,1128,773,0,0.03344061122533726,-0.09339956761510018,-0.21416799819007212,-0.01786115294508456,0.05166403231996561,0.07946026986506746,0.0,2.0101780708136117,1.5112016420088488,-0.9517771475237318,4.972133289150955,0.1834572565224203,0.12305611899932387,0.3669145130448406,not distinguishable
century,800,Big business,Academia,Big business + Academia,1128,773,0,0.23092737627714338,-0.5477999746423025,-0.9984428130318459,-0.13986449812240515,0.2290009788565156,0.025987006496751622,0.0,-0.20057891023950764,1.493541682570573,-3.1279206080778303,2.7267627875988154,0.8931673320983199,0.057913900192760756,0.9414466473468777,not distinguishable
century,800,Big business,Exploration & Invention,Big business + Exploration & Invention,1128,773,2,0.06103482208466862,2.155765871543567,-0.13735613874412092,3.2149343985092584,0.9377074931763889,0.13393303348325838,0.00258732212160414,3.262258393739761,0.9083057417385711,1.4819791399321616,5.04253764754736,0.0003286713908881284,0.18146099364111049,0.0017090912326182676,not distinguishable
century,800,Big business,Culture (core),Big business + Culture (core),1128,773,0,0.2856496244641523,-0.6519579634659268,-1.1713524107312545,-0.17453072996083607,0.2631531826497584,0.02148925537231384,0.0,-0.38193461069797024,1.493186197465907,-3.308579557731148,2.5447103363352075,0.7981168677379198,0.051974012993503245,0.8982740971420167,not distinguishable
century,800,Big business,Culture (periphery),Big business + Culture (periphery),1128,773,0,0.022929786499074366,-0.06468915470185403,-0.15638958218609106,-0.010503345962745905,0.03715276135507381,0.08045977011494253,0.0,2.3756918739919985,1.519893684805841,-0.60329974822745,5.354683496211447,0.11803742275245799,0.12305611899932387,0.2707917345497566,not distinguishable
century,800,Big business,Sport & Games,Big business + Sport & Games,1128,773,0,0.006227479412785388,-0.017857728121347158,-0.05302869539840169,0.0,0.014091953076338835,0.17891054472763618,0.0,3.118664766464165,1.5507848528916655,0.07912645479650049,6.158203078131829,0.04432297566750891,0.23258370814592705,0.12804415192835908,not distinguishable
century,800,Small business,Academia,Small business + Academia,1128,773,3,0.929550097814678,1.2917937427305335,-1.2845211296306804,2.2831797362248896,0.811378100351654,0.07946026986506746,0.0038809831824062097,0.6601484451496807,0.6069693330201866,-0.5295114475698851,1.8498083378692467,0.2767654741652853,0.12305611899932387,0.4692979779324403,not distinguishable
century,800,Small business,Exploration & Invention,Small business + Exploration & Invention,1128,773,0,0.24568297511342174,-0.576634308458134,-0.8963259884714223,-0.3117779767246269,0.1479821355017039,0.0009995002498750624,0.0,-0.29432197103865826,1.4437900064469118,-3.1241503836746056,2.5355064415972888,0.8384678077001706,0.004872563718140929,0.9083401250085181,dissociated
century,800,Small business,Culture (core),Small business + Culture (core),1128,773,1,1.1498231203333509,-0.1373488588428489,-2.0289547837129263,1.1505697796339718,0.9903440082578129,0.8605697151424287,0.00129366106080207,-0.5251501369169368,0.8594289094294405,-2.20963079939864,1.1593305255647666,0.5411694822877477,0.9070869970420194,0.7537717789007915,not distinguishable
century,800,Small business,Culture (periphery),Small business + Culture (periphery),1128,773,0,0.09229908392283548,-0.24439775990838164,-0.43454671749494317,-0.09512869431122017,0.08775646987436184,0.009495252373813094,0.0,1.0655735694067132,1.4657661598198455,-1.8073281038401838,3.9384752426536105,0.4672420165582598,0.028485757121439283,0.6876391941800805,dissociated
century,800,Small business,Sport & Games,Small business + Sport & Games,1128,773,0,0.0250674224538293,-0.07057459226173814,-0.17100664038319227,0.0,0.04425690076421737,0.12843578210894552,0.0,1.8086048482143853,1.4977740740717502,-1.127032336966245,4.7442420333950155,0.22722868455447875,0.1809809381023774,0.4121822650057987,not distinguishable
century,800,Academia,Exploration & Invention,Academia + Exploration & Invention,1128,773,2,1.6965875550719094,0.1866640890826482,-2.208160735119635,1.3666571068767135,0.947675542386559,0.8085957021489255,0.00258732212160414,-0.8358459157483007,0.657793526155012,-2.125121227012124,0.45342939551552264,0.20384206014336925,0.8883164051776927,0.3877970900288488,not distinguishable
century,800,Academia,Culture (core),Academia + Culture (core),1128,773,32,7.940214805649113,1.945088096666943,1.530795898212771,2.2930081673868017,0.1969650446898758,0.0004997501249375312,0.04139715394566624,0.7869898659797281,0.22280830791672795,0.3502855824629413,1.2236941494965148,0.0004122129547770888,0.00278432212465196,0.0018913300278007603,associated
century,800,Academia,Culture (periphery),Academia + Culture (periphery),1128,773,3,0.637380254190294,1.6216402587503198,-0.936823490419916,2.4642957970804704,0.7872959214202253,0.051974012993503245,0.0038809831824062097,1.1278532788439481,0.6418563640095051,-0.1301851946146817,2.385891752302578,0.078888164995368,0.1069465267366317,0.20510922898795678,not distinguishable
century,800,Academia,Sport & Games,Academia + Sport & Games,1128,773,2,0.17310551108908953,1.8930235209066013,-0.2742049727213972,2.72955869779433,0.8494229573990535,0.14392803598200898,0.00258732212160414,1.676164065912361,0.8332286771319122,0.043035858733813104,3.3092922730909087,0.04425689570196205,0.19027774248468984,0.12804415192835908,not distinguishable
century,800,Exploration & Invention,Culture (core),Exploration & Invention + Culture (core),1128,773,5,2.098623410483934,1.0816840433854216,-0.5354790912881487,1.8669045918659612,0.6099486754226908,0.06846576711644178,0.00646830530401035,-0.13413378212100227,0.46413448710524136,-1.0438373768472753,0.7755698126052708,0.7725831658980877,0.11778893162114593,0.8861983373536889,not distinguishable
century,800,Exploration & Invention,Culture (periphery),Exploration & Invention + Culture (periphery),1128,773,0,0.1684615788822606,-0.418916546135874,-0.6798930677308526,-0.19474543385055768,0.1259035166143226,0.0029985007496251873,0.0,0.07135556205877713,1.4528852992965537,-2.7762996245624683,2.919010748680022,0.9608292399230981,0.010631048112307482,0.9608292399230981,dissociated
century,800,Exploration & Invention,Sport & Games,Exploration & Invention + Sport & Games,1128,773,0,0.04575232370248843,-0.12631827304408574,-0.27994318522661726,0.0,0.07264866457538566,0.10494752623688156,0.0,0.8145229650539318,1.4851707595492816,-2.0964117236626603,3.7254576537705235,0.5833917059020094,0.15445107634861813,0.7633505781833456,not distinguishable
century,800,Culture (core),Culture (periphery),Culture (core) + Culture (periphery),1128,773,7,0.7884185633834009,2.5412892434446324,1.5827573220003586,3.050493632362308,0.3956459798048575,0.001999000499750125,0.009055627425614488,2.371577964480997,0.602688697056156,1.1903081182509314,3.5528478107110626,8.319787926491074e-05,0.007796101949025487,0.0004991872755894644,associated
century,800,Culture (core),Sport & Games,Culture (core) + Sport & Games,1128,773,0,0.21412586516347035,-0.5142502777479311,-0.9731239087239445,0.0,0.2491463295703628,0.06946526736631684,0.0,-0.5836394324156727,1.4795952315805367,-3.483646086313525,2.3163672214821793,0.6932423029240604,0.11778893162114593,0.8318907635088725,not distinguishable
century,800,Culture (periphery),Sport & Games,Culture (periphery) + Sport & Games,1128,773,0,0.017188401284749896,-0.048761826052362574,-0.12859439135600592,0.0,0.03227055063097473,0.12993503248375812,0.0,2.1741227058728203,1.506543587143036,-0.77870272492753,5.126948136673171,0.14898675918181598,0.1809809381023774,0.33202763474804703,not distinguishable
century,900,Politics,Administration & Law,Politics + Administration & Law,1632,1098,5,2.002494552449498,1.136064690100563,-0.3563715678576007,1.9599791731847813,0.5923864987685734,0.05347326336831584,0.004553734061930784,0.49925695599931225,0.48145296261661796,-0.44439085072925893,1.4429047627278835,0.2997453109159578,0.09930748911258658,0.471697342463367,not distinguishable
century,900,Politics,Military,Politics + Military,1632,1098,14,15.386529556343108,-0.1317510992929539,-0.992511659793396,0.44719973231077115,0.36504720887947234,0.6951524237881059,0.012750455373406194,-0.8894713040037016,0.2819470678011203,-1.4420875568938973,-0.3368550511135058,0.0016063804668449515,0.7530817924371147,0.0052207365172460924,not distinguishable
century,900,Politics,Religion,Politics + Religion,1632,1098,18,14.78526338394929,0.275383858886761,-0.44566016250793095,0.8053324094344414,0.3201354732864392,0.3698150924537731,0.01639344262295082,-1.1978973806168483,0.2511131164359032,-1.6900790888312185,-0.705715672402478,1.8390636188588586e-06,0.480759620189905,1.3040632933726452e-05,not distinguishable
century,900,Politics,Nobility,Politics + Nobility,1632,1098,106,70.74034986795145,0.5800869236726796,0.40092136925580324,0.7399644262769461,0.08470631719138774,0.0004997501249375312,0.0965391621129326,-0.0028149209298096727,0.146949880470468,-0.29083668665192697,0.2852068447923076,0.9847169348233982,0.0022929711614780844,0.9847169348233982,associated
century,900,Politics,Kinship,Politics + Kinship,1632,1098,31,61.848484106860525,-0.9850026552900129,-1.4855114761640789,-0.6079850391588549,0.2247727801479825,0.0004997501249375312,0.028233151183970857,-1.3840726033144417,0.20041594074407132,-1.7768878471728216,-0.9912573594560619,4.985079367736233e-12,0.0022929711614780844,5.5548027240489454e-11,dissociated
century,900,Politics,Big business,Politics + Big business,1632,1098,0,0.367917175518674,-0.7956292793840966,-1.2947386721324088,-0.2031896210403725,0.2732069872350429,0.00849575212393803,0.0,-0.5015991566108877,1.4789288449138003,-3.400299692641936,2.397101379420161,0.7344863230325902,0.02208895552223888,0.8184276170934577,dissociated
century,900,Politics,Small business,Politics + Small business,1632,1098,1,1.7033587910404835,-0.5547419393507214,-2.4174049585739104,0.7415835435346592,0.9846724462800409,0.5887056471764118,0.0009107468123861566,-0.8633201064990274,0.8453777581945224,-2.5202605125602915,0.7936202995622367,0.30714829564789403,0.6671881450579058,0.471697342463367,not distinguishable
century,900,Politics,Academia,Politics + Academia,1632,1098,6,9.061722441117736,-0.556830809419139,-1.9611492844134528,0.2775300700299742,0.5873880128709246,0.2848575712143928,0.00546448087431694,-1.3619213871336062,0.40732031440482536,-2.160269203367064,-0.5635735709001486,0.0008269508948196875,0.38308431990901104,0.003071531895044554,not distinguishable
century,900,Politics,Exploration & Invention,Politics + Exploration & Invention,1632,1098,4,1.927628546458957,0.8903773109765213,-0.7484860018002195,1.7965694609319824,0.6790613889329176,0.14192903548225888,0.0036429872495446266,0.017885673157589176,0.5115030198508168,-0.9846602457500118,1.02043159206519,0.9721061374837391,0.20765980646040616,0.9847169348233982,not distinguishable
century,900,Politics,Culture (core),Politics + Culture (core),1632,1098,7,13.257412311471436,-0.8752466323649091,-2.2292723941598886,-0.0896493694428168,0.5436681987896077,0.095952023988006,0.006375227686703097,-1.5997526066996366,0.37898301331023015,-2.342559312787688,-0.8569459006115855,2.430350503549851e-05,0.15592203898050974,0.00013540524234063455,not distinguishable
century,900,Politics,Culture (periphery),Politics + Culture (periphery),1632,1098,0,1.1076924381018058,-1.6849914360780107,-2.1775804392038536,-1.0989358758599985,0.265362795789503,0.0004997501249375312,0.0,-1.6080129032866535,1.4373670164961396,-4.425252255619087,1.2092264490457802,0.26325911294232085,0.0022929711614780844,0.43709727164236944,dissociated
century,900,Politics,Sport & Games,Politics + Sport & Games,1632,1098,1,0.8111468298653254,0.19413324471366472,-1.649779410603578,1.5068953604778736,0.9815628191579532,0.8055972013993004,0.0009107468123861566,-0.22420794736999644,0.8672397443644076,-1.9239978463242355,1.4755819515842425,0.7959974930362146,0.8378210894552723,0.8744761191102075,not distinguishable
century,900,Administration & Law,Military,Administration & Law + Military,1632,1098,1,2.013769004479799,-0.7448895828468134,-2.6356919334934448,0.5556962746421523,0.9871477370306077,0.5067466266866567,0.0009107468123861566,-1.0700786328111658,0.8423322066184815,-2.7210497577833896,0.5808924921610579,0.20395072233432188,0.5899438340531227,0.37876562719231205,not distinguishable
century,900,Administration & Law,Religion,Administration & Law + Religion,1632,1098,4,1.9350760687547501,0.8859581604278806,-0.8030424752213248,1.756622086808622,0.6944604833180325,0.14642678660669664,0.0036429872495446266,-0.3915332594741925,0.5180688461327212,-1.406948197894326,0.6238816789459409,0.4497959409828083,0.20765980646040616,0.6265014892260544,not distinguishable
century,900,Administration & Law,Nobility,Administration & Law + Nobility,1632,1098,3,9.258405113933584,-1.4792904550094876,-4.094218442805103,-0.48995637856204916,0.8422048422967806,0.06546726636681659,0.00273224043715847,-1.9745546977763464,0.5736042043148829,-3.098818938233517,-0.8502904573191759,0.0005766528678988249,0.11347659503581542,0.0022489461848054174,not distinguishable
century,900,Administration & Law,Kinship,Administration & Law + Kinship,1632,1098,1,8.094649271778897,-2.5184762670578777,-4.410720426154003,-1.1008688979450143,1.0206329336963471,0.0004997501249375312,0.0009107468123861566,-2.3853544817172123,0.8408587093661177,-4.033437552074803,-0.7372714113596215,0.0045567044067941695,0.0022929711614780844,0.014216917749197809,dissociated
century,900,Administration & Law,Big business,Administration & Law + Big business,1632,1098,0,0.04815252208512627,-0.13264928048786911,-0.2698801283332678,-0.029456364997848053,0.061100280373664426,0.03698150924537731,0.0,1.6659900819390216,1.489565917618396,-1.2535591165930344,4.585539280471078,0.2633791252204021,0.07590941371419553,0.43709727164236944,not distinguishable
century,900,Administration & Law,Small business,Administration & Law + Small business,1632,1098,0,0.22293338626782272,-0.5319346232038487,-0.7799162357976299,-0.2959639734973392,0.1255143238678549,0.0009995002498750624,0.0,0.16012273996255127,1.441461853116935,-2.6651424921466416,2.985387972071744,0.911550071126001,0.004331167749458604,0.9362420100484236,dissociated
century,900,Administration & Law,Academia,Administration & Law + Academia,1632,1098,10,1.1859864638286208,2.638724469325405,1.6209278057401033,3.195702036928589,0.39207770173832435,0.0004997501249375312,0.009107468123861567,1.7510062292198418,0.3995862033804538,0.9678172705941523,2.5341951878455315,1.175684846935784e-05,0.0022929711614780844,7.641951505082596e-05,associated
century,900,Administration & Law,Exploration & Invention,Administration & Law + Exploration & Invention,1632,1098,0,0.252285520577915,-0.5893522278434203,-0.8535659149310096,-0.3410072580270907,0.131899659936774,0.0004997501249375312,0.0,-0.15845663548889607,1.437654448287205,-2.9762593541318174,2.6593460831540257,0.9122358046625665,0.0022929711614780844,0.9362420100484236,dissociated
century,900,Administration & Law,Culture (core),Administration & Law + Culture (core),1632,1098,2,1.7351129047449205,0.16158038517833465,-2.2280813640419987,1.2905392143691838,0.9458870373920248,0.8435782108945528,0.0018214936247723133,-0.4949430226695396,0.6666579878606192,-1.8015926788763532,0.8117066335372741,0.4578303623360661,0.865777637497041,0.6265047063546167,not distinguishable
century,900,Administration & Law,Culture (periphery),Administration & Law + Culture (periphery),1632,1098,1,0.1449733476400787,1.2176510506105171,-0.4732245545700913,2.549835218214368,1.0076587008791287,0.4197901049475262,0.0009107468123861566,1.7592840623799857,0.8772384954266008,0.03989661134384814,3.4786715134161232,0.04491178056031989,0.5203588681849551,0.12079720288637764,not distinguishable
century,900,Administration & Law,Sport & Games,Administration & Law + Sport & Games,1632,1098,0,0.1061618435842438,-0.27777494594434093,-0.4762786162272518,-0.11800597902891241,0.09162031457219108,0.004497751124437781,0.0,0.7630375167694637,1.4529506715380245,-2.084745799445064,3.610820832983992,0.5994691261973251,0.014617691154422787,0.7665342925146125,dissociated
century,900,Military,Religion,Military + Religion,1632,1098,5,14.868507427022365,-1.4824735350852523,-3.323007331943313,-0.6043256928501506,0.6846636543822481,0.04997501249375312,0.004553734061930784,-2.614573812009071,0.43597285627875804,-3.469080610315437,-1.7600670137027055,2.008695498145536e-09,0.09507441401250594,1.740869431726131e-08,not distinguishable
century,900,Military,Nobility,Military + Nobility,1632,1098,44,71.13863244016486,-0.6869324608955383,-1.075406733468222,-0.38025424217619075,0.17611777905843237,0.0014992503748125937,0.04007285974499089,-1.6249880025309622,0.17540900891881472,-1.968789660011839,-1.2811863450500853,1.9692491333262603e-20,0.005568644249303919,5.120047746648277e-19,dissociated
century,900,Military,Kinship,Military + Kinship,1632,1098,112,62.19670366449012,0.8434635022960791,0.6748731355832177,0.9993442565627222,0.0812264683240417,0.0004997501249375312,0.10200364298724955,0.5568366547187941,0.14344394399608087,0.27568652448647557,0.8379867849511126,0.00010363871898103242,0.0022929711614780844,0.0005052387550325331,associated
century,900,Military,Big business,Military + Big business,1632,1098,0,0.36998862412333317,-0.7990684416738282,-1.3151332221274044,-0.20598115092242325,0.27267706631844324,0.0074962518740629685,0.0,-0.5855611741771218,1.4788201683573727,-3.4840487041575723,2.3129263558033286,0.6921307754437813,0.021506488135242724,0.7940144858687902,dissociated
century,900,Military,Small business,Military + Small business,1632,1098,1,1.7129490478311882,-0.5610077333877138,-2.425924610691313,0.788175775663728,0.997605339982137,0.5902048975512244,0.0009107468123861566,-0.9477604070694827,0.8451859638200045,-2.6043248961566916,0.7088040820177262,0.26213330884102226,0.6671881450579058,0.43709727164236944,not distinguishable
century,900,Military,Academia,Military + Academia,1632,1098,1,9.112741783392257,-2.67998548003228,-4.4594947483907905,-1.3477149206794246,1.0193440828216251,0.0004997501249375312,0.0009107468123861566,-2.9734899510452646,0.8234660504317922,-4.587483409891577,-1.3594964921989519,0.00030508431251029765,0.0022929711614780844,0.0013220320208779566,dissociated
century,900,Military,Exploration & Invention,Military + Exploration & Invention,1632,1098,4,1.9384814876331073,0.8839419816218596,-0.8503740234742686,1.7704916916596414,0.7041696818690847,0.14342828585707146,0.0036429872495446266,-0.06761599338717984,0.5111769543435756,-1.0695228239005878,0.9342908371262282,0.8947666851675337,0.20765980646040616,0.9362420100484236,not distinguishable
century,900,Military,Culture (core),Military + Culture (core),1632,1098,8,13.332054241941993,-0.7024806852217066,-1.8779158423125062,0.048757330629881857,0.4870135231947521,0.12443778110944528,0.007285974499089253,-1.5529747920329258,0.3572709624062866,-2.2532258783492476,-0.852723705716604,1.3815679715896826e-05,0.19412293853073465,8.289407829538096e-05,not distinguishable
century,900,Military,Culture (periphery),Military + Culture (periphery),1632,1098,1,1.1139289720501402,-0.1056145872341595,-1.9699868472138837,1.2298931617439515,1.0064936522530994,0.8865567216391804,0.0009107468123861566,-0.5258259050254832,0.8580781336416048,-2.2076590469630286,1.1560072369120622,0.5400119627780281,0.8980704452968321,0.7139141202828169,not distinguishable
century,900,Military,Sport & Games,Military + Sport & Games,1632,1098,3,0.8157137516637696,1.4115092733909222,-1.0827607186706436,2.280520907195409,0.7688858971788566,0.059470264867566215,0.00273224043715847,0.723358759456701,0.6213727332745549,-0.49453179776142653,1.9412493166748286,0.2443712547326845,0.10542456044704919,0.4332035879352134,not distinguishable
century,900,Religion,Nobility,Religion + Nobility,1632,1098,43,68.35871686011157,-0.6626238964611083,-1.080652328283306,-0.3463293067298341,0.18329164366892167,0.0014992503748125937,0.039162112932604735,-2.4180078049882776,0.1716019680456544,-2.7543476623577603,-2.081667947618795,4.326757244733195e-45,0.005568644249303919,3.374870650891892e-43,dissociated
century,900,Religion,Kinship,Religion + Kinship,1632,1098,26,59.766215762008976,-1.1853571182111617,-1.7480024455445808,-0.7654101534342683,0.25147158961812616,0.0004997501249375312,0.023679417122040074,-2.369152477028553,0.2095252503079289,-2.7798219676320937,-1.9584829864250122,1.2082955250150433e-29,0.0022929711614780844,4.712352547558669e-28,dissociated
century,900,Religion,Big business,Religion + Big business,1632,1098,0,0.3555304161797374,-0.7748910520442964,-1.2576888584153014,-0.19640131304574462,0.26509854105228997,0.0079960019990005,0.0,-1.1334455316933125,1.4783082539831267,-4.03092970950024,1.7640386461136157,0.4432492057180819,0.021506488135242724,0.6265014892260544,dissociated
century,900,Religion,Small business,Religion + Small business,1632,1098,4,1.6460113856557368,1.0682672711141896,-0.6799533183261938,1.9541462426451157,0.7336823082590491,0.10794602698650675,0.0036429872495446266,-0.2525634695337936,0.5240426650846239,-1.2796870930996564,0.7745601540320693,0.6298399649728799,0.1718324511213781,0.7798018613949941,not distinguishable
century,900,Religion,Academia,Religion + Academia,1632,1098,44,8.756639170905826,2.265244944993457,1.9263663958540187,2.5650199486141543,0.16486712396756148,0.0004997501249375312,0.04007285974499089,0.3320845654078748,0.18715269042745503,-0.03473470782993704,0.6989038386456866,0.07599627548276161,0.0022929711614780844,0.17434439669574722,associated
century,900,Religion,Exploration & Invention,Religion + Exploration & Invention,1632,1098,2,1.8627305952660278,0.08147295606708518,-2.3377674889231224,1.2307267070448764,0.9591815311266997,0.9045477261369316,0.0018214936247723133,-1.2843457905683238,0.6598145668136353,-2.5775823415230485,0.008890760386401242,0.051591664079974384,0.9045477261369316,0.1298112838141291,not distinguishable
century,900,Religion,Culture (core),Religion + Culture (core),1632,1098,37,12.811071703622002,1.4942638651357634,1.081223321180929,1.841859265582049,0.19710751477412636,0.0004997501249375312,0.033697632058287796,-0.39079869314893523,0.1898155950826287,-0.7628372595108874,-0.018760126786982967,0.03951019777248979,0.0022929711614780844,0.11006412236622155,associated
century,900,Religion,Culture (periphery),Religion + Culture (periphery),1632,1098,4,1.0703994804327759,1.5187934008416768,-0.2190803334394506,2.307521206886509,0.6938483752410396,0.03948025987006497,0.0036429872495446266,0.24848956764535135,0.5530236666737048,-0.83543681903511,1.3324159543258127,0.6531943453117506,0.07896051974012994,0.7838332143741007,not distinguishable
century,900,Religion,Sport & Games,Religion + Sport & Games,1632,1098,0,0.7838377471732259,-1.3604628845944347,-1.8672634935280268,-0.7470163701522992,0.287152565027391,0.0004997501249375312,0.0,-2.037708757962892,1.441407708265688,-4.86286786616364,0.7874503502378567,0.15745190449423618,0.0022929711614780844,0.32693864821772217,dissociated
century,900,Nobility,Kinship,Nobility + Kinship,1632,1098,374,285.95249901856533,0.3866697947524046,0.316440685635788,0.46000250309186136,0.037152508195137685,0.0004997501249375312,0.3406193078324226,0.7152331332751927,0.10416089597390712,0.5110777771663347,0.9193884893840506,6.574157828174151e-12,0.0022929711614780844,6.409803882469798e-11,associated
century,900,Nobility,Big business,Nobility + Big business,1632,1098,4,1.701041461091314,1.0317386798623425,0.0,1.3932462648156752,0.37118233418123936,0.027486256871564217,0.0036429872495446266,1.0998407900511171,0.9441111652093349,-0.7506170937591792,2.9502986738614134,0.24403988082480055,0.06305670694064731,0.4332035879352134,not distinguishable
century,900,Nobility,Small business,Nobility + Small business,1632,1098,3,7.875370109018393,-1.2587980227461362,-3.81780862548319,-0.23466703980237402,0.8112548068375783,0.0944527736131934,0.00273224043715847,-1.8401514087035782,0.5785432688627491,-2.9740962156745665,-0.7062066017325901,0.0014693824082374404,0.15592203898050974,0.0049831229496747976,not distinguishable
century,900,Nobility,Academia,Nobility + Academia,1632,1098,10,41.896292445473215,-2.013548778774386,-3.0991010524231695,-1.3505025852210315,0.4388958452817775,0.001999000499750125,0.009107468123861567,-2.864118544729458,0.32339145983218415,-3.497965806000539,-2.230271283458377,8.256112461226851e-19,0.007087365408204988,1.2879535439513887e-17,dissociated
century,900,Nobility,Exploration & Invention,Nobility + Exploration & Invention,1632,1098,3,8.912266937490237,-1.4271873147745144,-4.077098091549895,-0.3703544608906354,0.8447320658124337,0.07296351824087956,0.00273224043715847,-2.201217685464422,0.5665703773752603,-3.311695625119932,-1.0907397458089116,0.00010226168669481797,0.12372074832149141,0.0005052387550325331,not distinguishable
century,900,Nobility,Culture (core),Nobility + Culture (core),1632,1098,44,61.29479542998592,-0.4736799984334501,-0.8491706302110965,-0.1659566006914195,0.1731064586417283,0.009995002498750625,0.04007285974499089,-1.5967551679843532,0.17572269421540374,-1.9411716486465447,-1.2523386873221618,1.0200643586472712e-19,0.025148715964598348,1.989125499362179e-18,dissociated
century,900,Nobility,Culture (periphery),Nobility + Culture (periphery),1632,1098,1,5.121344935017473,-1.9059528430603712,-3.849177640575038,-0.5619089692025248,0.9864646367659513,0.033483258370814596,0.0009107468123861566,-2.355165295790787,0.8565376551440723,-4.033979099873169,-0.6763514917084053,0.005966181272919634,0.07362985174079627,0.017898543818758904,not distinguishable
century,900,Nobility,Sport & Games,Nobility + Sport & Games,1632,1098,1,3.750285337151018,-1.5025971971584804,-3.4928439840717744,-0.1459834320503322,0.9921862383396616,0.16841579210394803,0.0009107468123861566,-2.1363132634330437,0.8655264071540701,-3.832745021455021,-0.4398815054110663,0.013578522641506248,0.23457913900192762,0.03922684318657361,not distinguishable
century,900,Kinship,Big business,Kinship + Big business,1632,1098,0,1.4872252677263103,-1.9907554227691027,-2.7790190092140343,-0.6867133708964281,0.5059515201100087,0.0074962518740629685,0.0,-1.8923078341968131,1.4779836167773885,-4.789155723080494,1.0045400546868684,0.20042884657965898,0.021506488135242724,0.37876562719231205,dissociated
century,900,Kinship,Small business,Kinship + Small business,1632,1098,4,6.885457930763464,-0.7147623757372391,-2.778129657647042,0.2133130970993825,0.7339733901874317,0.22988505747126436,0.0036429872495446266,-1.0190892477718823,0.5231114562412541,-2.04438770200474,0.00620920646097578,0.051399381048217084,0.31457955232909857,0.1298112838141291,not distinguishable
century,900,Kinship,Academia,Kinship + Academia,1632,1098,2,36.630044695667685,-3.8925870518524786,-6.300121096261293,-2.6872020504582386,1.0062236384499643,0.0004997501249375312,0.0018214936247723133,-3.8113564279335193,0.6395845215607711,-5.0649420901926305,-2.557770765674408,2.5361071559793575e-09,0.0022929711614780844,1.9781635816638987e-08,dissociated
century,900,Kinship,Exploration & Invention,Kinship + Exploration & Invention,1632,1098,7,7.79201970400752,-0.14483294906362318,-1.3038849463019242,0.5622027888876684,0.48459680831102453,0.7466266866566716,0.006375227686703097,-0.7660561771490318,0.4168047990010678,-1.5829935831911248,0.050881228893061015,0.06607338095866595,0.7977655008112382,0.16105386608674827,not distinguishable
century,900,Kinship,Culture (core),Kinship + Culture (core),1632,1098,28,53.59020966197172,-0.9244055703327344,-1.472112298901277,-0.5166866136419006,0.24227092369960396,0.0014992503748125937,0.025500910746812388,-1.5867379829471806,0.2076065945129464,-1.9936469081925556,-1.1798290577018056,2.1221178748763862e-14,0.005568644249303919,2.758753237339302e-13,dissociated
century,900,Kinship,Culture (periphery),Kinship + Culture (periphery),1632,1098,3,4.477606082107881,-0.5080971407490733,-3.029513609162579,0.45829029771300206,0.8014340408921917,0.4592703648175912,0.00273224043715847,-0.847338372049504,0.6020146216737953,-2.0272870305301427,0.33261028643113466,0.15927780297786465,0.5511244377811094,0.32693864821772217,not distinguishable
century,900,Kinship,Sport & Games,Kinship + Sport & Games,1632,1098,4,3.2788848726921596,0.2519644352461753,-1.5507448019856835,1.0604263977161474,0.6566057179879924,0.6306846576711644,0.0036429872495446266,-0.23902165765000274,0.574558435876844,-1.365156191968617,0.8871128766686115,0.6774031916932596,0.7027629042621546,0.7940144858687902,not distinguishable
century,900,Big business,Small business,Big business + Small business,1632,1098,1,0.040959423187514214,1.4713702125760304,-0.1555526137440588,2.6795480006487025,0.9752502320724398,0.3778110944527736,0.0009107468123861566,3.1249547507316886,0.9654353046661037,1.2327015535861254,5.017207947877251,0.0012086328746758646,0.48310271093961216,0.004285152919305338,not distinguishable
century,900,Big business,Academia,Big business + Academia,1632,1098,0,0.21790061273398173,-0.5218560340626219,-0.9042119043918614,-0.12635905359629596,0.19384599036669925,0.010494752623688156,0.0,-0.19176652704357605,1.479422869889654,-3.091435352027298,2.7079022979401457,0.8968650817032,0.02558095952023988,0.9362420100484236,dissociated
century,900,Big business,Exploration & Invention,Big business + Exploration & Invention,1632,1098,0,0.04635227398833369,-0.12790336918060893,-0.2569215878028545,-0.027469429384595016,0.059214558458197585,0.03548225887056472,0.0,1.4648747748207211,1.4873789308495218,-1.4503879296443414,4.380137479285784,0.3246879683134527,0.07480043761902833,0.48703195247017905,not distinguishable
century,900,Big business,Culture (core),Big business + Culture (core),1632,1098,0,0.318791298752286,-0.7115676761187737,-1.192479697371227,-0.17790590322399244,0.24939991434154413,0.0079960019990005,0.0,-0.5650465841787423,1.4788458436415013,-3.4635844377160847,2.3334912693586,0.7023974298070067,0.021506488135242724,0.7940144858687902,dissociated
century,900,Big business,Culture (periphery),Big business + Culture (periphery),1632,1098,0,0.026635870007226763,-0.07487769409846111,-0.1559862340315741,-0.016430052276041062,0.03696945187081384,0.04297851074462768,0.0,2.183665047550587,1.4976797996547624,-0.7517873597727474,5.119117454873921,0.14483172766610597,0.08380809595202399,0.3138020766098963,not distinguishable
century,900,Big business,Sport & Games,Big business + Sport & Games,1632,1098,0,0.019505054628784206,-0.05520969130161346,-0.12902685853411586,-0.010228928294430527,0.03017174819538672,0.05847076461769116,0.0,2.3861956319555757,1.502168979409213,-0.5580555676864818,5.330446831597634,0.11217328974101519,0.10542456044704919,0.249986188565691,not distinguishable
century,900,Small business,Academia,Small business + Academia,1632,1098,4,1.0088219549693107,1.576502427411775,-0.09162312404810576,2.416191750496885,0.700526710480342,0.03398300849575212,0.0036429872495446266,0.7045798358309086,0.5272957982476345,-0.3289199287344551,1.7380796003962722,0.18147945532043808,0.07362985174079627,0.36295891064087615,not distinguishable
century,900,Small business,Exploration & Invention,Small business + Exploration & Invention,1632,1098,1,0.2145987157882438,1.069757274363193,-0.6747164105025912,2.4514886102588456,1.0143295177628437,0.4492753623188406,0.0009107468123861566,1.1301870766074749,0.8605947974797457,-0.5565787264528266,2.8169528796677765,0.18909443124777336,0.5475543478260869,0.36873414093315804,not distinguishable
century,900,Small business,Culture (core),Small business + Culture (core),1632,1098,2,1.47591903115531,0.33940426524414724,-2.0782000930409366,1.4898228538176974,0.9591494003760251,0.6856571714142928,0.0018214936247723133,-0.3676138138866816,0.6705669742841757,-1.6819250834836659,0.9466974557103027,0.5835453688687544,0.7530817924371147,0.7586089795293808,not distinguishable
century,900,Small business,Culture (periphery),Small business + Culture (periphery),1632,1098,0,0.1233170027190493,-0.31803797195078587,-0.5064951547444435,-0.1543650331820991,0.09330267785566666,0.0029985007496251873,0.0,0.6778797084291569,1.449844933302096,-2.163816360842951,3.519575777701265,0.6401041045089543,0.010168828629163679,0.7801268773702881,dissociated
century,900,Small business,Sport & Games,Small business + Sport & Games,1632,1098,2,0.09030322170968648,2.082399974142211,-0.2467880662251964,3.1608658008144843,0.9596303620982141,0.13993003498250875,0.0018214936247723133,2.7366235735462663,0.7294017715048009,1.3069961013968565,4.166251045695676,0.00017551764499110358,0.20765980646040616,0.0008053162534885929,not distinguishable
century,900,Academia,Exploration & Invention,Academia + Exploration & Invention,1632,1098,2,1.1416467328680127,0.6067843889483759,-1.8028601585574686,1.7442720422552944,0.9557273772556951,0.46776611694152925,0.0018214936247723133,-0.3329951816577484,0.6623517401080165,-1.6312045922694605,0.9652142289539638,0.6151423397289797,0.5528145018399891,0.7738887499816196,not distinguishable
century,900,Academia,Culture (core),Academia + Culture (core),1632,1098,37,7.8517624567653135,2.166738011552673,1.7765231431431583,2.4966646569994952,0.18038108877178957,0.0004997501249375312,0.033697632058287796,0.7243811882110754,0.20201643882157128,0.32842896812079575,1.1203334083013552,0.0003361061001760287,0.0022929711614780844,0.0013798039901963283,associated
century,900,Academia,Culture (periphery),Academia + Culture (periphery),1632,1098,2,0.6560358609051422,1.1127419431148984,-1.2424582089887095,2.1848933737630234,0.894873071866761,0.14442778610694654,0.0018214936247723133,0.45457607844737447,0.6898704342587468,-0.8975699726997692,1.8067221295945182,0.5099409500022254,0.20765980646040616,0.6857826568995444,not distinguishable
century,900,Academia,Sport & Games,Academia + Sport & Games,1632,1098,0,0.4804053819876918,-0.9714503090905859,-1.3888002557601913,-0.5033655580859016,0.23200833289505593,0.0004997501249375312,0.0,-1.095178219359264,1.4425504013606572,-3.9225770060261524,1.732220567307624,0.4477354325942222,0.0022929711614780844,0.6265014892260544,dissociated
century,900,Exploration & Invention,Culture (core),Exploration & Invention + Culture (core),1632,1098,2,1.6702433284646754,0.2040712876606027,-2.1561633601987262,1.3397026772443348,0.9467202768221119,0.7896051974012993,0.0018214936247723133,-0.7105983745366576,0.6610343157367633,-2.006225633380714,0.5850288843073984,0.2823838819370783,0.8322865594229912,0.4588738081477522,not distinguishable
century,900,Exploration & Invention,Culture (periphery),Exploration & Invention + Culture (periphery),1632,1098,1,0.13955332015505278,1.2298259526602584,-0.47623671778626336,2.508759000669726,1.0026538556174034,0.42028985507246375,0.0009107468123861566,1.551409173978247,0.8732600645765368,-0.16018055259176522,3.262998900548259,0.07563872465390635,0.5203588681849551,0.17434439669574722,not distinguishable
century,900,Exploration & Invention,Sport & Games,Exploration & Invention + Sport & Games,1632,1098,0,0.10219283742239292,-0.2682974536324731,-0.46870997898296074,-0.11773147147515962,0.0903135137667065,0.005497251374312844,0.0,0.5619033061879004,1.4507084954095628,-2.2814853448148424,3.4052919571906433,0.6985117224406039,0.01715142428785607,0.7940144858687902,dissociated
century,900,Culture (core),Culture (periphery),Culture (core) + Culture (periphery),1632,1098,2,0.959788600417318,0.7761686348312187,-1.6235218341809277,1.874661517237906,0.9363503899320735,0.31584207896051975,0.0018214936247723133,0.07750618790887503,0.6886051133763951,-1.2721598343088594,1.4271722101266093,0.9103830874428337,0.41755393489695836,0.9362420100484236,not distinguishable
century,900,Culture (core),Sport & Games,Culture (core) + Sport & Games,1632,1098,0,0.7028390316571177,-1.2664435886751357,-1.750180040045174,-0.6839906468216088,0.2758237957425675,0.0004997501249375312,0.0,-1.468704520210261,1.4419587393870434,-4.294943649408866,1.3575346089883442,0.3084174931491246,0.0022929711614780844,0.471697342463367,dissociated
century,900,Culture (periphery),Sport & Games,Culture (periphery) + Sport & Games,1632,1098,0,0.0587240905146878,-0.16020793144859233,-0.30058624912229914,-0.05612208532064408,0.06183768874220812,0.014992503748125937,0.0,1.2807467722223456,1.4612678640402756,-1.5833382412965948,4.144831785741286,0.38077854735847183,0.03543682704102494,0.5603910696973736,dissociated
century,1000,Politics,Administration & Law,Politics + Administration & Law,2137,1443,5,2.0267408313588495,1.122153924472645,-0.6279370363973595,1.9957089560749803,0.6549485693779589,0.06496751624187906,0.003465003465003465,0.20078732373880895,0.4570949313254489,-0.695118741659071,1.0966933891366888,0.6604671244254549,0.10781843120992694,0.7724855770181059,not distinguishable
century,1000,Politics,Military,Politics + Military,2137,1443,9,6.760925938452807,0.38777397601670494,-0.8144144362158622,1.0633229947729037,0.47521449548184913,0.3793103448275862,0.006237006237006237,-0.4533739907253927,0.34357191183352503,-1.1267749379191017,0.22002695646831633,0.18697200992201035,0.5320497645913885,0.3883825992436906,not distinguishable
century,1000,Politics,Religion,Politics + Religion,2137,1443,22,16.190129057521172,0.430929890964334,-0.23762966111039,0.914428402947572,0.2926464737044847,0.1329335332333833,0.015246015246015246,-1.1178909201553644,0.2302537690288309,-1.5691883074518729,-0.6665935328588558,1.203633385507361e-06,0.20713172825352028,7.823617005797846e-06,not distinguishable
century,1000,Politics,Nobility,Politics + Nobility,2137,1443,95,74.74507383979733,0.34390359884454486,0.16187791613729086,0.5110502879357552,0.08956089053059914,0.0004997501249375312,0.06583506583506583,-0.276905334101274,0.15370608999276147,-0.5781692704870864,0.02435860228453851,0.07162020092825212,0.001771841352051247,0.19263364387598847,associated
century,1000,Politics,Kinship,Politics + Kinship,2137,1443,14,44.48910373368244,-1.6335227258043012,-2.5007136708924036,-1.0595423171844824,0.36022017394434835,0.0004997501249375312,0.009702009702009701,-1.9990162662730662,0.2774174956626021,-2.542754557771766,-1.455277974774366,5.770209968059479e-13,0.001771841352051247,5.000848638984882e-12,dissociated
century,1000,Politics,Big business,Politics + Big business,2137,1443,1,0.4463038452275912,0.6645871080053172,-1.151841657537509,1.8551545070740028,0.9721473672112533,0.5477261369315343,0.000693000693000693,0.5087695963133653,0.8819662206646794,-1.2198841961894065,2.237423388816137,0.5640351350257848,0.6502657762028077,0.7331416579038808,not distinguishable
century,1000,Politics,Small business,Politics + Small business,2137,1443,3,1.7991774038348745,0.6062371337925327,-2.088192614399964,1.5897768269464585,0.8467757930564386,0.384807596201899,0.002079002079002079,-0.09912261293898075,0.5625015303185983,-1.2016256123634335,1.0033803864854718,0.8601230735754856,0.5320497645913885,0.8945279965185049,not distinguishable
century,1000,Politics,Academia,Politics + Academia,2137,1443,7,8.566360008805818,-0.2736328535711279,-1.7570528619213257,0.49991412344550795,0.5478738414360167,0.5942028985507246,0.004851004851004851,-1.0928335959043267,0.3796175420110496,-1.836883978245984,-0.3487832135626695,0.003992226926212286,0.6804883272649389,0.014828271440217063,not distinguishable
century,1000,Politics,Exploration & Invention,Politics + Exploration & Invention,2137,1443,1,1.9356427408952805,-0.699340034108744,-2.5080581415665835,0.6467427232377543,0.9988956376400723,0.5327336331834083,0.000693000693000693,-1.0536006723593276,0.8337161403529957,-2.687684307451199,0.5804829627325439,0.20632326088785768,0.6492691154422788,0.41264652177571537,not distinguishable
century,1000,Politics,Culture (core),Politics + Culture (core),2137,1443,8,8.517021113070145,-0.08518805839324883,-1.2797848814883506,0.655351801361641,0.49618416250873526,0.856071964017991,0.005544005544005544,-0.9825836710619134,0.35829187578952926,-1.6848357476093907,-0.280331594514436,0.006098992882553433,0.9023461242351797,0.02162370203814399,not distinguishable
century,1000,Politics,Culture (periphery),Politics + Culture (periphery),2137,1443,2,1.3006552067926143,0.47340613744772253,-1.9393578099028208,1.643155088939239,0.9574767075900075,0.5992003998001,0.001386001386001386,-0.11841247677389422,0.6632252875083716,-1.4183340402903024,1.1815090867425142,0.8582986333535116,0.6804883272649389,0.8945279965185049,not distinguishable
century,1000,Politics,Sport & Games,Politics + Sport & Games,2137,1443,0,0.2228662834820748,-0.53180070581775,-0.9224118157837841,-0.1253752364996832,0.20064620154490478,0.0069965017491254375,0.0,-0.04664837710095706,1.479095161312042,-2.9456748932725594,2.8523781390706455,0.9748401242391664,0.016050798130346593,0.9748401242391663,dissociated
century,1000,Administration & Law,Military,Administration & Law + Military,2137,1443,2,1.7611279793883345,0.1448854442381551,-2.2763887435296826,1.32569540394188,0.9821576519124201,0.848575712143928,0.001386001386001386,-0.5142663625658461,0.6531390730305066,-1.794418945705639,0.7658862205739467,0.43106149454349774,0.9023461242351797,0.608660281647067,not distinguishable
century,1000,Administration & Law,Religion,Administration & Law + Religion,2137,1443,11,4.2173053709908865,1.2855989604567668,0.35082969028062494,1.886023374476054,0.3837723332862522,0.004997501249375313,0.007623007623007623,-0.35173678455212015,0.33677512672855,-1.011816032940078,0.3083424638358378,0.2962882214590038,0.012574357982299174,0.508264557622887,associated
century,1000,Administration & Law,Nobility,Administration & Law + Nobility,2137,1443,9,19.470061062499685,-1.07183932556421,-2.1787411180322738,-0.42479942957664574,0.4391566014239033,0.027486256871564217,0.006237006237006237,-1.869128463250437,0.3608708039493945,-2.5764352389912504,-1.1618216875096237,2.22487578850813e-07,0.05497251374312843,1.577639195487583e-06,not distinguishable
century,1000,Administration & Law,Kinship,Administration & Law + Kinship,2137,1443,7,11.588798054668274,-0.6887083090626276,-1.8949939899046442,0.021923252047487102,0.5046392903555801,0.13543228385807096,0.004851004851004851,-1.241027077598296,0.396716795669003,-2.018591997109542,-0.46346215808705005,0.0017585391379111145,0.20713172825352028,0.007620336264281497,not distinguishable
century,1000,Administration & Law,Big business,Administration & Law + Big business,2137,1443,0,0.11625599752077481,-0.30160168725450526,-0.5129521560334048,-0.1293352079037879,0.09951701927991018,0.004997501249375313,0.0,0.6326217601720924,1.4542240287855837,-2.2176573362476515,3.482900856591836,0.6635453033360654,0.012574357982299174,0.7724855770181059,dissociated
century,1000,Administration & Law,Small business,Administration & Law + Small business,2137,1443,0,0.46866090453018194,-0.9540636203186381,-1.253970783584957,-0.6680037420954291,0.15145560088160404,0.0004997501249375312,0.0,-0.8047914615180038,1.4291695913634521,-3.6059638605903697,1.9963809375543622,0.5733543734889324,0.001771841352051247,0.7331416579038808,dissociated
century,1000,Administration & Law,Academia,Administration & Law + Academia,2137,1443,8,2.2314186592722325,1.6378123805471703,0.4964895045824596,2.311952150767275,0.4758786897007744,0.005997001499250375,0.005544005544005544,0.5004127212987001,0.3811467026756841,-0.24663481594564085,1.247460258543041,0.18921203552897747,0.014617691154422787,0.3883825992436906,associated
century,1000,Administration & Law,Exploration & Invention,Administration & Law + Exploration & Invention,2137,1443,0,0.5042082430902519,-1.006058472596625,-1.301291741893857,-0.7130230010145712,0.15287731604612992,0.0004997501249375312,0.0,-0.8507225212685677,1.4288161942627242,-3.651202262023507,1.9497572194863717,0.5515736189297452,0.001771841352051247,0.7291990216359343,dissociated
century,1000,Administration & Law,Culture (core),Administration & Law + Culture (core),2137,1443,3,2.2185665572756674,0.3645087727238319,-2.379380389734365,1.4042187204393146,0.8759080578159204,0.6106946526736632,0.002079002079002079,-0.5438917326372407,0.5575563612108427,-1.6367022006104923,0.5489187353360111,0.32931630121613864,0.6804883272649389,0.5130077735657002,not distinguishable
century,1000,Administration & Law,Culture (periphery),Administration & Law + Culture (periphery),2137,1443,0,0.3388027464095822,-0.7464034902297825,-1.0237724980104386,-0.4786079865018006,0.13889203999140642,0.0004997501249375312,0.0,-0.47616010766564637,1.4322291671467497,-3.283329275273276,2.3310090599419833,0.7395413070254888,0.001771841352051247,0.8240603135426875,dissociated
century,1000,Administration & Law,Sport & Games,Administration & Law + Sport & Games,2137,1443,0,0.05805359370530159,-0.1584755856975456,-0.3195510471306642,-0.0353272410424899,0.07208400386697075,0.029985007496251874,0.0,1.2816550860270475,1.4836935177302681,-1.6263842087242781,4.1896943807783735,0.38768272384323066,0.05704464840750356,0.570551933203245,not distinguishable
century,1000,Military,Religion,Military + Religion,2137,1443,3,14.068345015771877,-2.057410167380228,-4.812880080452149,-1.0118616301582632,0.8793538674727833,0.051974012993503245,0.002079002079002079,-2.9762695149702925,0.5426066480175479,-4.039778545084687,-1.9127604848558986,4.13158953950335e-08,0.09008828918873896,3.2226398408126135e-07,not distinguishable
century,1000,Military,Nobility,Military + Nobility,2137,1443,84,64.94941969095163,0.3685709408621642,0.17841801042901867,0.5426837459860109,0.09351369194505477,0.0009995002498750624,0.058212058212058215,-0.23804423430037425,0.16375149018378707,-0.5589971550605969,0.08290868645984839,0.14603171200988163,0.0031184407796101946,0.32544210105059335,associated
century,1000,Military,Kinship,Military + Kinship,2137,1443,35,38.65862085127427,-0.14151093015920013,-0.5730593636887956,0.19520448222086556,0.19656552020935306,0.4622688655672164,0.024255024255024255,-0.7341721520233714,0.1955672711625427,-1.117484003501955,-0.35086030054478773,0.00017399005379128597,0.5910978936761129,0.0009693731568371647,not distinguishable
century,1000,Military,Big business,Military + Big business,2137,1443,0,0.38781386202789975,-0.828329139708039,-1.2012554754352343,-0.3866606722563072,0.20898085401389602,0.0004997501249375312,0.0,-0.5450169885142699,1.4498063882372296,-3.38663750945924,2.2966035324307,0.7069734120296652,0.001771841352051247,0.7991873353378824,dissociated
century,1000,Military,Small business,Military + Small business,2137,1443,0,1.5633876896102463,-2.045014914452579,-2.391969151632126,-1.630000960934999,0.1923153125109805,0.0004997501249375312,0.0,-1.9833261502699433,1.4246745779317123,-4.775688323016099,0.8090360224762125,0.1638843251218811,0.001771841352051247,0.3550827044307424,dissociated
century,1000,Military,Academia,Military + Academia,2137,1443,1,7.443702746594567,-2.4048491374979104,-4.190015706329584,-1.0462327889176566,1.0226268456422842,0.0004997501249375312,0.000693000693000693,-2.612871178935297,0.8233721863093073,-4.226680664101539,-0.9990616937690546,0.0015067621357449162,0.001771841352051247,0.006913379211064909,dissociated
century,1000,Military,Exploration & Invention,Military + Exploration & Invention,2137,1443,5,1.6819686742113251,1.3338012291134425,-0.3838000864089408,2.177226342055986,0.6463828899171195,0.04697651174412794,0.003465003465003465,0.5190276071005308,0.4619693840068829,-0.3864323855529598,1.4244875997540212,0.2612206026650372,0.08327654354640862,0.47564980441111154,not distinguishable
century,1000,Military,Culture (core),Military + Culture (core),2137,1443,5,7.40082991924152,-0.5225725862331261,-2.3507027304165535,0.35365570339093977,0.6843684135097945,0.36931534232883556,0.003465003465003465,-1.2933850060153465,0.4395826595417911,-2.154967018717257,-0.43180299331343597,0.0032578188320892773,0.5320497645913885,0.013328775334277284,not distinguishable
century,1000,Military,Culture (periphery),Military + Culture (periphery),2137,1443,2,1.1301989088974058,0.6168800890984092,-1.7910559165790374,1.7069592917384486,0.9579668640465222,0.46026986506746626,0.001386001386001386,0.0341583240483849,0.6638383661556732,-1.2669648736167345,1.3352815217135043,0.9589623338407156,0.5910978936761129,0.9714163901243612,not distinguishable
century,1000,Military,Sport & Games,Military + Sport & Games,2137,1443,0,0.19365872608360146,-0.4722979493515444,-0.8207916956090727,-0.11024108526166997,0.18127647752972553,0.00849575212393803,0.0,0.10414953785660017,1.4793638363437047,-2.795403581377061,3.0037026570902614,0.9438740410386821,0.018407462935199067,0.9687128315923316,dissociated
century,1000,Religion,Nobility,Religion + Nobility,2137,1443,77,155.5318748615447,-1.0095725636346844,-1.303968453002137,-0.7747273427502455,0.13038771964544682,0.0004997501249375312,0.05336105336105336,-3.0123421019385295,0.13523011219770667,-3.2773931218460346,-2.7472910820310243,6.361142866842481e-110,0.001771841352051247,4.9616914361371355e-108,dissociated
century,1000,Religion,Kinship,Religion + Kinship,2137,1443,41,92.57431104342784,-1.1652716955099598,-1.5928428200569742,-0.8237948100526937,0.2011094294970135,0.0004997501249375312,0.028413028413028413,-2.482876218544766,0.1688005116446104,-2.8137252213682022,-2.1520272157213296,5.648715174972641e-49,0.001771841352051247,1.4686659454928868e-47,dissociated
century,1000,Religion,Big business,Religion + Big business,2137,1443,3,0.9286829250438821,1.292669154836126,-1.059831971055815,2.159123657113759,0.7455290010603246,0.06846576711644178,0.002079002079002079,0.17845542253290478,0.6491337616107647,-1.0938467502241942,1.4507575952900036,0.7833829458572696,0.11125687156421789,0.8606178841812258,not distinguishable
century,1000,Religion,Small business,Religion + Small business,2137,1443,13,3.7437843118160377,1.6695361682908174,0.8914264501725877,2.2019367921203177,0.33458193159754046,0.0009995002498750624,0.009009009009009009,0.1272946844140443,0.33049423126074595,-0.5204740088570177,0.7750633776851064,0.7001154554783955,0.0031184407796101946,0.7991873353378824,associated
century,1000,Religion,Academia,Religion + Academia,2137,1443,86,17.82514839391508,2.2388752516454695,2.0005229374558615,2.460865174305793,0.11645321135627457,0.0004997501249375312,0.0595980595980596,0.5299488419918444,0.14642091979044342,0.24296383920257536,0.8169338447811135,0.000295341722104812,0.001771841352051247,0.0015357769549450223,associated
century,1000,Religion,Exploration & Invention,Religion + Exploration & Invention,2137,1443,5,4.027745630418906,0.2806387090632269,-1.3569106335272159,1.1538979082741578,0.6528013158281318,0.6091954022988506,0.003465003465003465,-1.0744029406798186,0.45700829379859104,-1.970139196525057,-0.17866668483458015,0.018725627825058346,0.6804883272649389,0.056176883475175035,not distinguishable
century,1000,Religion,Culture (core),Religion + Culture (core),2137,1443,58,17.7224824848036,1.6827171109705192,1.3736047224057977,1.9490279546034983,0.14875873525408795,0.0004997501249375312,0.040194040194040194,-0.15173659241467571,0.1596873051216375,-0.46472371045308525,0.1612505256237338,0.3420051823771334,0.001771841352051247,0.5130077735657002,associated
century,1000,Religion,Culture (periphery),Religion + Culture (periphery),2137,1443,11,2.7064438158756117,1.8425878279294192,0.9697200867716679,2.383030041426488,0.35690653669949013,0.0014992503748125937,0.007623007623007623,0.3674669521810696,0.3716077784016308,-0.3608842934861267,1.095818197848266,0.3227331124341518,0.004497751124437781,0.5130077735657002,associated
century,1000,Religion,Sport & Games,Religion + Sport & Games,2137,1443,0,0.46374709573081874,-0.9467265125594447,-1.5078142888014945,-0.25161612143741374,0.3148660362903386,0.004997501249375313,0.0,-1.4610022465080423,1.4778822650334928,-4.357651485973689,1.4356469929576037,0.3228695375961077,0.012574357982299174,0.5130077735657002,dissociated
century,1000,Nobility,Kinship,Nobility + Kinship,2137,1443,617,427.3884222927128,0.5292044933210042,0.46658588959376907,0.5981617922390791,0.03370147256213732,0.0004997501249375312,0.4275814275814276,1.6437022857519958,0.10650393988069033,1.4349545635858427,1.852450007918149,9.781273004821519e-54,0.001771841352051247,3.814696471880393e-52,associated
century,1000,Nobility,Big business,Nobility + Big business,2137,1443,5,4.287456484104878,0.2001722450099197,-1.0436246722111955,0.8515692789287471,0.49625035800546524,0.6276861569215393,0.003465003465003465,-0.30785982105517196,0.6046163694000481,-1.4929079050792664,0.8771882629689225,0.6106246021705316,0.6895707076039446,0.7441987338953354,not distinguishable
century,1000,Nobility,Small business,Nobility + Small business,2137,1443,17,17.2839533170348,-0.023221144343306768,-0.6136360616069773,0.4150173481132812,0.2706153875098663,0.928535732133933,0.01178101178101178,-0.7365416725686744,0.31118773859199345,-1.3464696402089815,-0.12661370492836732,0.017939116056026383,0.940594637746062,0.055970042094802316,not distinguishable
century,1000,Nobility,Academia,Nobility + Academia,2137,1443,4,82.29347821594936,-4.201520222086592,-5.883434375625195,-3.26162369731685,0.758631480154911,0.0004997501249375312,0.002772002772002772,-4.472948932571277,0.4785694284056657,-5.410945012246382,-3.534952852896172,9.059648090780804e-21,0.001771841352051247,1.4133051021618055e-19,dissociated
century,1000,Nobility,Exploration & Invention,Nobility + Exploration & Invention,2137,1443,21,18.594919378590536,0.17114783110087384,-0.3081456684454281,0.5411862296884566,0.22438071712207555,0.431784107946027,0.014553014553014554,-0.44665016998772544,0.29880964480557504,-1.0323170738066525,0.1390167338312016,0.13497580878753476,0.5708332274540696,0.31143426535481433,not distinguishable
century,1000,Nobility,Culture (core),Nobility + Culture (core),2137,1443,28,81.81949984739506,-1.5302722975284226,-2.0934295138474606,-1.117689091702466,0.24570629531949276,0.0004997501249375312,0.019404019404019403,-2.4899677800423907,0.20566682460842298,-2.8930747562749,-2.0868608038098815,9.720936829520059e-34,0.001771841352051247,1.8955826817564114e-32,dissociated
century,1000,Nobility,Culture (periphery),Nobility + Culture (periphery),2137,1443,2,12.494856720546615,-2.37794072694621,-4.776997641166515,-1.1851804386011848,0.9565137812398063,0.02948525737131434,0.001386001386001386,-2.8053854377878453,0.6601903096683097,-4.0993584447377325,-1.5114124308379584,2.1438338698457915e-05,0.05704464840750356,0.00012863003219074748,not distinguishable
century,1000,Nobility,Sport & Games,Nobility + Sport & Games,2137,1443,2,2.140984225032406,-0.07914758922442591,-2.3270887114939818,0.882246100438341,0.8075171272563278,0.9150424787606197,0.001386001386001386,-0.6445589882451769,0.8292372587698168,-2.2698640154340177,0.9807460389436641,0.4369868688748173,0.940594637746062,0.608660281647067,not distinguishable
century,1000,Kinship,Big business,Kinship + Big business,2137,1443,0,2.5519420408068525,-2.6097275643236526,-3.2550875376327797,-1.6230561981198701,0.40747823076768086,0.0004997501249375312,0.0,-2.465934260806897,1.448198724756243,-5.304403761329133,0.3725352397153392,0.08861306882650231,0.001771841352051247,0.22296191511184454,dissociated
century,1000,Kinship,Small business,Kinship + Small business,2137,1443,2,10.28760227995476,-2.109374238021518,-4.513438692853582,-0.9347477956069907,0.9553345402496294,0.09295352323838081,0.001386001386001386,-2.2511930478040645,0.6528080345669443,-3.5306967955552753,-0.9716893000528537,0.0005637589029172901,0.1479668329100756,0.0027483246517217893,not distinguishable
century,1000,Kinship,Academia,Kinship + Academia,2137,1443,8,48.9819984230928,-2.5413690210666005,-3.813479817749325,-1.8109141718212096,0.5163419288482188,0.0009995002498750624,0.005544005544005544,-2.812209131214295,0.35277727310419715,-3.5036525864985215,-2.120765675930069,1.5659778736839087e-15,0.0031184407796101946,1.744946773533498e-14,dissociated
century,1000,Kinship,Exploration & Invention,Kinship + Exploration & Invention,2137,1443,7,11.06790393874898,-0.6251649764189382,-2.0411581625969517,0.11737134050000704,0.545098140154988,0.19140429785107446,0.004851004851004851,-1.0687177255849825,0.40171665953482233,-1.8560823782732343,-0.2813530728967307,0.007805325106765986,0.2871064467766117,0.026470232970771605,not distinguishable
century,1000,Kinship,Culture (core),Kinship + Culture (core),2137,1443,13,48.69988119819942,-1.8656954246506963,-2.7978238009367824,-1.2424455859402328,0.4103154528943112,0.0024987506246876563,0.009009009009009009,-2.342954285230801,0.28440747984766446,-2.9003929457322233,-1.7855156247293786,1.750850647263051e-16,0.00721861291576434,2.276105841441966e-15,dissociated
century,1000,Kinship,Culture (periphery),Kinship + Culture (periphery),2137,1443,0,7.437078435019508,-3.988608062412105,-4.428393955558902,-3.442156074210323,0.25224270806400634,0.0004997501249375312,0.0,-3.5800679253776297,1.4261132336447597,-6.375249863321359,-0.7848859874339009,0.012060566657173397,0.001771841352051247,0.039196841635813544,dissociated
century,1000,Kinship,Sport & Games,Kinship + Sport & Games,2137,1443,1,1.274337750790062,-0.24231815661235984,-2.2168109416632356,1.0031053655111037,0.9389379607100917,0.8065967016491754,0.000693000693000693,-0.5143244246236639,0.9438902690911656,-2.3643493520423484,1.3357005027950204,0.5858233040602663,0.8738130934532733,0.7334386017820889,not distinguishable
century,1000,Big business,Small business,Big business + Small business,2137,1443,1,0.10320271865220391,1.3142476647187622,-0.35924706489837216,2.6127309928471836,1.0041065458560594,0.3843078460769615,0.000693000693000693,2.0474331472082983,0.8921539876303518,0.2988113314528087,3.7960549629637876,0.021736995114577475,0.5320497645913885,0.06279576366433492,not distinguishable
century,1000,Big business,Academia,Big business + Academia,2137,1443,0,0.4913754696884891,-0.9875034667284204,-1.4322886743347065,-0.4927951174612263,0.237398988247784,0.0004997501249375312,0.0,-0.90694856908318,1.4492128160713953,-3.7474056885831146,1.9335085504167546,0.5314320141767405,0.001771841352051247,0.7146844328583751,dissociated
century,1000,Big business,Exploration & Invention,Big business + Exploration & Invention,2137,1443,0,0.11103051470855982,-0.28931633477928737,-0.4891713972690288,-0.11927943749106248,0.09437128484092219,0.004997501249375313,0.0,0.7790896103606699,1.4552306721935695,-2.073162507138726,3.631341727860066,0.5923927168239949,0.012574357982299174,0.7334386017820889,dissociated
century,1000,Big business,Culture (core),Big business + Culture (core),2137,1443,0,0.48854533844942066,-0.9833790400667693,-1.4132917103845828,-0.4867351680767555,0.23489633676267518,0.0004997501249375312,0.0,-0.9316060875521659,1.449179811252998,-3.771998517608042,1.9087863425037104,0.5203210569766545,0.001771841352051247,0.7120182884943693,dissociated
century,1000,Big business,Culture (periphery),Big business + Culture (periphery),2137,1443,0,0.07460695820436271,-0.20064736840797223,-0.3520793584283147,-0.08087852409906915,0.07008302218729055,0.0069965017491254375,0.0,1.153514583055807,1.458581884035336,-1.7053059096534515,4.0123350757650655,0.42903348918230366,0.016050798130346593,0.608660281647067,dissociated
century,1000,Big business,Sport & Games,Big business + Sport & Games,2137,1443,0,0.012783845718737044,-0.03642271841764518,-0.08613784191197439,-0.007182440291115932,0.020697946384154176,0.059470264867566215,0.0,2.911079388223654,1.5091479117624254,-0.04685051883069935,5.8690092952780075,0.05373636849156528,0.10084088390587315,0.14969416936936045,not distinguishable
century,1000,Small business,Academia,Small business + Academia,2137,1443,2,1.980873907576235,0.011079683936468958,-2.447546332312679,1.1237440785756596,0.9704971111108628,0.9855072463768116,0.001386001386001386,-0.679300081577418,0.6550761886670123,-1.963249411364762,0.6046492482099262,0.299745764751959,0.9855072463768116,0.508264557622887,not distinguishable
century,1000,Small business,Exploration & Invention,Small business + Exploration & Invention,2137,1443,0,0.44759550099311307,-0.9223432540597846,-1.22203015315258,-0.637024595457199,0.1475718502702317,0.0004997501249375312,0.0,-0.6582693046670963,1.4301938510597165,-3.4614492527441407,2.1449106434099483,0.6453254522826701,0.001771841352051247,0.7724855770181059,dissociated
century,1000,Small business,Culture (core),Small business + Culture (core),2137,1443,1,1.969464845723715,-0.71923593053375,-2.533567710515602,0.6665002336463377,1.022793728152666,0.5502248875562219,0.000693000693000693,-1.2437548798018276,0.8337314964470697,-2.877868612838084,0.39035885323442887,0.1357533977187652,0.6502657762028077,0.31143426535481433,not distinguishable
century,1000,Small business,Culture (periphery),Small business + Culture (periphery),2137,1443,0,0.3007618123964214,-0.6794450801107768,-0.9407022495175558,-0.4286092203286708,0.13148218811726312,0.0004997501249375312,0.0,-0.28373681529353467,1.4336035543391608,-3.09359978179829,2.5261261512112205,0.8431087475906704,0.001771841352051247,0.8945279965185049,dissociated
century,1000,Small business,Sport & Games,Small business + Sport & Games,2137,1443,1,0.0515353085061006,1.4434373475505489,-0.19894925695872734,2.6724439312999118,0.9998696823671438,0.3888055972013993,0.000693000693000693,2.797042186198139,0.9554562549453796,0.924347926505195,4.669736445891083,0.0034176347010967394,0.5320497645913885,0.013328775334277284,not distinguishable
century,1000,Academia,Exploration & Invention,Academia + Exploration & Invention,2137,1443,2,2.131120695300101,-0.07374933473277218,-2.4992801703680088,1.1100165233388133,0.9901721373661766,0.9225387306346826,0.001386001386001386,-0.7274362540385774,0.6542304671767605,-2.009727969705028,0.5548554616278732,0.26618285921817364,0.940594637746062,0.47564980441111154,not distinguishable
century,1000,Academia,Culture (core),Academia + Culture (core),2137,1443,59,9.377143608627133,2.590723877113075,2.293853066675958,2.8531515714432882,0.1409629720910716,0.0004997501249375312,0.040887040887040885,1.3019196871266008,0.17113643777425006,0.9664922690890707,1.6373471051641308,2.7945816099891512e-14,0.001771841352051247,2.7247170697394225e-13,associated
century,1000,Academia,Culture (periphery),Academia + Culture (periphery),2137,1443,5,1.4320066250260237,1.5093315773229266,-0.14727022103964238,2.3709938623670905,0.6170329239085043,0.035982008995502246,0.003465003465003465,0.5792596078542025,0.4739616449200561,-0.34970521618910744,1.5082244318975124,0.22164501794817393,0.06526969073602733,0.42945921349154353,not distinguishable
century,1000,Academia,Sport & Games,Academia + Sport & Games,2137,1443,1,0.24537324940117347,1.0089275522981125,-0.7509167038514254,2.1910088485556605,0.9284730905389057,0.40379810094952523,0.000693000693000693,1.0465730039438377,0.9454559001468532,-0.8065205603439947,2.89966656823167,0.26831527428319113,0.5430388254148787,0.47564980441111154,not distinguishable
century,1000,Exploration & Invention,Culture (core),Exploration & Invention + Culture (core),2137,1443,1,2.118846270494529,-0.803968873474961,-2.6361917426843577,0.5479021031126106,1.0025721190937402,0.5012493753123438,0.000693000693000693,-1.290812091779414,0.8330974019965663,-2.9236829996926836,0.342058816133856,0.1212824283276759,0.6205944646724257,0.29562591904871,not distinguishable
century,1000,Exploration & Invention,Culture (periphery),Exploration & Invention + Culture (periphery),2137,1443,1,0.32357421656295526,0.8649919310329898,-0.8783226334848684,2.1672487219384684,1.0017112701626738,0.47276361819090457,0.000693000693000693,0.8239233535314401,0.8499472398389069,-0.8419732365528174,2.4898199436156974,0.33235474820418864,0.5947671325627509,0.5130077735657002,not distinguishable
century,1000,Exploration & Invention,Sport & Games,Exploration & Invention + Sport & Games,2137,1443,0,0.055444196662880994,-0.15171388199844502,-0.29611896227877943,-0.03331277335087005,0.06858212826800907,0.02448775612193903,0.0,1.4281148579697351,1.4846801829728755,-1.481858300657101,4.338088016596571,0.33609950360569896,0.050264341513453804,0.5130077735657002,not distinguishable
century,1000,Culture (core),Culture (periphery),Culture (core) + Culture (periphery),2137,1443,6,1.4237588248527502,1.756511773502046,0.45427397285046717,2.4774994012915275,0.5340898273411919,0.010994502748625687,0.004158004158004158,0.7645993378156832,0.445047232906797,-0.10769323868163883,1.6368919143130052,0.08579325801659096,0.02317760038899469,0.22296191511184454,associated
century,1000,Culture (core),Sport & Games,Culture (core) + Sport & Games,2137,1443,0,0.2439599950952509,-0.5732969505999579,-0.981679191391146,-0.13791564903039913,0.21338160770792966,0.0079960019990005,0.0,-0.28234872647641834,1.4787497517620098,-3.1806982399299577,2.616000786977121,0.8485745886097976,0.01781966159777254,0.8945279965185049,dissociated
century,1000,Culture (periphery),Sport & Games,Culture (periphery) + Sport & Games,2137,1443,0,0.037255729868134406,-0.10368086928642455,-0.21164244732184356,-0.02181903380566942,0.04856666470484783,0.03298350824587706,0.0,1.8025238358152134,1.4879650749083897,-1.1138877110052303,4.718935382635657,0.22574138145068312,0.06125508674234311,0.42945921349154353,not distinguishable
century,1100,Politics,Administration & Law,Politics + Administration & Law,3224,2095,7,4.922618581592843,0.4679008985721275,-0.7881821033807496,1.2087654853406837,0.5177743934705823,0.33683158420789605,0.003341288782816229,-0.34102426517545553,0.38309121965324766,-1.091883055695821,0.4098345253449099,0.3733634635853079,0.46092743102133144,0.6196244714820004,not distinguishable
century,1100,Politics,Military,Politics + Military,3224,2095,25,11.194720815109985,1.1246398260491146,0.5370340276912301,1.556200195868828,0.2637100224315295,0.0009995002498750624,0.011933174224343675,0.14952018292241717,0.21867172125065748,-0.27907639072887147,0.5781167565737059,0.49412324337945024,0.002887445166305736,0.7060306236304534,associated
century,1100,Politics,Religion,Politics + Religion,3224,2095,29,22.87594518651722,0.3356902541444757,-0.2367688059518625,0.757129026425173,0.25295336957463255,0.17991004497751126,0.013842482100238664,-1.1664656642946534,0.19861108118689275,-1.555743383420963,-0.7771879451683437,4.27682291210662e-09,0.2923538230884558,3.0326562467665125e-08,not distinguishable
century,1100,Politics,Nobility,Politics + Nobility,3224,2095,151,123.60308439643615,0.2877788217581999,0.14154387780138764,0.4261549184047415,0.07059500446859159,0.0009995002498750624,0.0720763723150358,-0.26479728729699253,0.12275897721440791,-0.505404882637232,-0.024189691956753023,0.03100174629469652,0.002887445166305736,0.08060454036621095,associated
century,1100,Politics,Kinship,Politics + Kinship,3224,2095,32,66.16121159600023,-1.0364078211440928,-1.5836670640568955,-0.6264877337929766,0.24254354166891132,0.0004997501249375312,0.015274463007159905,-1.4906048096032383,0.18998495687780417,-1.8629753250837344,-1.1182342941227421,4.29826271253365e-15,0.0015592203898050973,4.78949273682321e-14,dissociated
century,1100,Politics,Big business,Politics + Big business,3224,2095,1,0.9312162564298697,0.06772082131430952,-1.7735445661611042,1.4570576012196388,1.0076558724197597,0.9115442278860569,0.00047732696897374703,-0.3612041415388252,0.8467303536980582,-2.020795634787019,1.2983873517093687,0.6696801851744818,0.9115442278860569,0.7914402188425693,not distinguishable
century,1100,Politics,Small business,Politics + Small business,3224,2095,1,3.4622357439722062,-1.4013522191179635,-3.2065011920811957,-0.03472419529370629,1.0241885107014488,0.33033483258370816,0.00047732696897374703,-1.5944097458344282,0.8271879418125077,-3.215698111786943,0.026878620118086838,0.053916597297516994,0.46092743102133144,0.12598167089558102,not distinguishable
century,1100,Politics,Academia,Politics + Academia,3224,2095,6,11.460491720784457,-0.8797650797065789,-2.411447379968503,-0.03011928642239621,0.6277434243998552,0.12193903048475763,0.002863961813842482,-1.5703941546953224,0.40147341514065055,-2.3572820483709975,-0.7835062610196474,9.169543238238614e-05,0.21616464495025217,0.00038879185935206085,not distinguishable
century,1100,Politics,Exploration & Invention,Politics + Exploration & Invention,3224,2095,3,1.6213903949164317,0.722344780688152,-1.9498104357778616,1.7475240869232984,0.8203639061486846,0.29485257371314344,0.001431980906921241,0.1076032492813936,0.5667973166954313,-1.0033194914416517,1.218525990004439,0.8494311276467574,0.4383468643036972,0.9063926192904987,not distinguishable
century,1100,Politics,Culture (core),Politics + Culture (core),3224,2095,10,17.509219991061233,-0.7783463692108099,-1.8079470358653202,-0.08941861911040656,0.451240078232323,0.08345827086456771,0.00477326968973747,-1.5751113155847785,0.3184646473811609,-2.1993020244518537,-0.9509206067177031,7.577207310428684e-07,0.15229594505073044,3.940147801422916e-06,not distinguishable
century,1100,Politics,Culture (periphery),Politics + Culture (periphery),3224,2095,0,1.6213903949164317,-2.085010141369452,-2.454048394537616,-1.6526474460777412,0.2031505869180359,0.0004997501249375312,0.0,-1.9976657172836236,1.4251881658058665,-4.791034522263121,0.7957030876958746,0.16100915510263614,0.0015592203898050973,0.2990170023334671,dissociated
century,1100,Politics,Sport & Games,Politics + Sport & Games,3224,2095,1,0.6364749277224981,0.40039664414956816,-1.4341787270805473,1.7037870152200936,0.9918794083326826,0.6346826586706646,0.00047732696897374703,0.10690306459682582,0.8628521292075618,-1.5842871086499952,1.798093237843647,0.9013984118239762,0.7072178196615978,0.9149520247379284,not distinguishable
century,1100,Administration & Law,Military,Administration & Law + Military,3224,2095,3,4.033938192088851,-0.37340980193360124,-3.0573310930822455,0.6207186884810567,0.8319862628121952,0.5992003998001,0.001431980906921241,-0.9713094358516556,0.547146550656142,-2.043716675137694,0.1010978034343828,0.07586038126020261,0.6975765848419074,0.1599218848188055,not distinguishable
century,1100,Administration & Law,Religion,Administration & Law + Religion,3224,2095,24,8.24318448776932,1.4865510028399966,0.9541029077168636,1.9037851261080327,0.252018375360548,0.0004997501249375312,0.011455847255369928,-0.1777758503785039,0.23228144299206982,-0.6330474786429607,0.2774957778859529,0.44406508527320254,0.0015592203898050973,0.68002782214899,associated
century,1100,Administration & Law,Nobility,Administration & Law + Nobility,3224,2095,37,44.53949419924562,-0.2643000302035532,-0.6646715229672122,0.04913009525516066,0.18435092823332289,0.14942528735632185,0.01766109785202864,-1.0308630437560666,0.20350055469414918,-1.4297241309565991,-0.6320019565555343,4.070043167146242e-07,0.24798239178283202,2.2675954788386202e-06,not distinguishable
century,1100,Administration & Law,Kinship,Administration & Law + Kinship,3224,2095,8,23.840723024708588,-1.5178372766052222,-2.7072510599725135,-0.7862585747848135,0.4922015128239084,0.010994502748625687,0.0038186157517899762,-1.8515434379269162,0.3587938517849266,-2.5547793874253726,-1.14830748842846,2.4633602822351014e-07,0.02522268277625893,1.4780161693410608e-06,dissociated
century,1100,Administration & Law,Big business,Administration & Law + Big business,3224,2095,0,0.3355571687715689,-0.7408104458845975,-1.0195321910881743,-0.4620306025379933,0.1418993857214877,0.0004997501249375312,0.0,-0.48427539167186984,1.433086362325136,-3.293124661829136,2.3245738784853964,0.7354198742392719,0.0015592203898050973,0.8331445631549468,dissociated
century,1100,Administration & Law,Small business,Administration & Law + Small business,3224,2095,1,1.2475920773989775,-0.22040596981934638,-2.0127041084594257,1.218066061028742,1.0282506119046335,0.7031484257871065,0.00047732696897374703,-0.5630308809495123,0.8305650660902554,-2.190938410486413,1.0648766485873882,0.49784210640608895,0.7617441279360321,0.7060306236304534,not distinguishable
century,1100,Administration & Law,Academia,Administration & Law + Academia,3224,2095,14,4.129706851660891,1.6470601487358711,0.7578839133591364,2.2053848317471614,0.36403550192732376,0.0014992503748125937,0.006682577565632458,0.4069905220696502,0.28833992145179527,-0.15815572397586847,0.9721367681151689,0.15809854063708217,0.003898050974512743,0.2990170023334671,associated
century,1100,Administration & Law,Exploration & Invention,Administration & Law + Exploration & Invention,3224,2095,0,0.584256521119429,-1.116706120128265,-1.4357069796763715,-0.7917411980301914,0.16031076316730705,0.0004997501249375312,0.0,-0.9156085703703349,1.4276830338531428,-3.713867316722495,1.8826501759818248,0.5213116641190776,0.0015592203898050973,0.7165320723283258,dissociated
century,1100,Administration & Law,Culture (core),Administration & Law + Culture (core),3224,2095,4,6.30932315348979,-0.5975864000794233,-2.2680657482314746,0.35583929417182225,0.7424451381594755,0.3658170914542729,0.0019093078758949881,-1.4015560613186122,0.4838493779348552,-2.3499008420709284,-0.453211280566296,0.0037713609778193503,0.4919609160936773,0.011766646250796374,not distinguishable
century,1100,Administration & Law,Culture (periphery),Administration & Law + Culture (periphery),3224,2095,1,0.584256521119429,0.4682563805928912,-1.3135705964895883,1.792225581214945,0.9976321337651318,0.6096951524237881,0.00047732696897374703,0.1631146350202516,0.8391723827853543,-1.4816632352390429,1.8078925052795463,0.8458817942949217,0.6993562042508158,0.9063926192904987,not distinguishable
century,1100,Administration & Law,Sport & Games,Administration & Law + Sport & Games,3224,2095,0,0.2293492228748852,-0.5446816681859442,-0.8036603388179944,-0.29590546426783293,0.13161751032113847,0.0004997501249375312,0.0,-0.04232433374467341,1.4416160237003268,-2.867891740197314,2.783243072707967,0.9765783112893149,0.0015592203898050973,0.9765783112893149,dissociated
century,1100,Military,Religion,Military + Religion,3224,2095,11,18.746150537253946,-0.7429360570446188,-1.7582959471686501,-0.061592387160625615,0.422660417990877,0.07746126936531735,0.005250596658711217,-2.0109124641377565,0.3047997074330143,-2.6083198907064644,-1.4135050375690486,4.181820456829323e-11,0.14736534171938423,3.6242443959187467e-10,not distinguishable
century,1100,Military,Nobility,Military + Nobility,3224,2095,113,101.2890181398998,0.15711037784855056,-0.01856285671059607,0.3181177908857014,0.08492322116395662,0.0704647676161919,0.05393794749403341,-0.5191422088067306,0.13277841883529948,-0.7793879097239176,-0.2588965078895436,9.235774851441081e-05,0.14130434782608697,0.00038879185935206085,not distinguishable
century,1100,Military,Kinship,Military + Kinship,3224,2095,41,54.21712730089637,-0.3988811529465947,-0.8199973051789196,-0.06515648547162925,0.19161838397668218,0.037481259370314844,0.019570405727923627,-0.9769957678685471,0.17441000992033442,-1.3188393873124027,-0.6351521484246917,2.1223711099008708e-08,0.08120939530234883,1.379541221435566e-07,not distinguishable
century,1100,Military,Big business,Military + Big business,3224,2095,2,0.7631037748797007,0.9849549210398592,-1.4084180356190008,2.107860360856996,0.9537955919066797,0.2028985507246377,0.0009546539379474941,0.38466849434775907,0.673195314136637,-0.9347943213600495,1.7041313100555677,0.5677238058100706,0.32298136645962733,0.7380409475530918,not distinguishable
century,1100,Military,Small business,Military + Small business,3224,2095,4,2.8371982850447512,0.43128759231132985,-1.2126654972711783,1.3768088953656243,0.73108112866893,0.4987506246876562,0.0019093078758949881,-0.25697353496630065,0.4909799460771877,-1.2192942292775886,0.7053471593449872,0.6007035321588494,0.5985007496251874,0.7629007788895011,not distinguishable
century,1100,Military,Academia,Military + Academia,3224,2095,2,9.391529017799966,-1.984265452982342,-4.40128334695936,-0.836912895381279,0.9831184448905609,0.13893053473263367,0.0009546539379474941,-2.3698486726868175,0.6386426961222679,-3.6215883570864627,-1.1181089882871724,0.00020663934593993688,0.23557786324229185,0.0008058934491657538,not distinguishable
century,1100,Military,Exploration & Invention,Military + Exploration & Invention,3224,2095,2,1.3286807681579584,0.4511248483367745,-2.001389853680785,1.570308165313434,0.9770285050728654,0.6256871564217891,0.0009546539379474941,-0.08021244373436995,0.6596832963312464,-1.3731917045436128,1.212766817074873,0.9032218705746217,0.7072178196615978,0.9149520247379284,not distinguishable
century,1100,Military,Culture (core),Military + Culture (core),3224,2095,15,14.348280303442271,0.061972364699874945,-0.7508711520789582,0.606837275350568,0.3517726248450743,0.8555722138930535,0.007159904534606206,-0.9596877641394801,0.26735080699457103,-1.4836953458488393,-0.43568018243012085,0.000331160546862335,0.8666835413462101,0.0012300248883458157,not distinguishable
century,1100,Military,Culture (periphery),Military + Culture (periphery),3224,2095,1,1.3286807681579584,-0.2858407458294315,-2.1340006796128868,1.0853032179433475,1.0197356948186682,0.6741629185407296,0.00047732696897374703,-0.6844147427215187,0.836201125897256,-2.3233689494801406,0.9545394640371031,0.4130825806778542,0.7406296851574212,0.6712591936015131,not distinguishable
century,1100,Military,Sport & Games,Military + Sport & Games,3224,2095,1,0.5215721016548867,0.5541714689172561,-1.267942886255404,1.8145416831205552,0.9890409316410316,0.5887056471764118,0.00047732696897374703,0.2898770923284582,0.8632119443596898,-1.4020183186165338,1.9817725032734501,0.7370124981755298,0.6957430375721231,0.8331445631549468,not distinguishable
century,1100,Religion,Nobility,Religion + Nobility,3224,2095,84,206.9798850041024,-1.2959482286918327,-1.597148070028924,-1.073538624291281,0.133065225784832,0.0004997501249375312,0.04009546539379475,-3.155006023172894,0.12383316552272856,-3.397719027597442,-2.912293018748346,3.4675618361001444e-143,0.0015592203898050973,2.7046982321581126e-141,dissociated
century,1100,Religion,Kinship,Religion + Kinship,3224,2095,59,110.79043888541553,-0.9033680805563534,-1.2496265681162657,-0.602419918468784,0.1644733993811266,0.0004997501249375312,0.028162291169451074,-2.2081534199232182,0.1408650163214706,-2.484248851913301,-1.9320579879331359,2.218752498331221e-55,0.0015592203898050973,4.326567371745881e-54,dissociated
century,1100,Religion,Big business,Religion + Big business,3224,2095,4,1.5593707439501612,1.1277214229001802,-0.5488375668293852,1.9969658662511063,0.6878401589767571,0.08395802098950525,0.0019093078758949881,-0.3146647269003269,0.5272017911623434,-1.34798023757852,0.7186507837778662,0.5506020382113728,0.15229594505073044,0.7279145589913063,not distinguishable
century,1100,Religion,Small business,Religion + Small business,3224,2095,8,5.797696389566169,0.4326386340827383,-0.7192361879056635,1.154414029055691,0.4860101063887831,0.33183408295852074,0.0038186157517899762,-0.9577028103549429,0.3668709112093079,-1.6767697963251864,-0.23863582438469932,0.009041984564674603,0.46092743102133144,0.0261212887423933,not distinguishable
century,1100,Religion,Academia,Religion + Academia,3224,2095,101,19.191197938478222,2.3658569402442113,2.1620162798233786,2.5657437298394505,0.10381956462287072,0.0004997501249375312,0.04821002386634845,0.5073485688025262,0.1299637383865115,0.25261964156496364,0.7620774960400888,9.470570932934816e-05,0.0015592203898050973,0.00038879185935206085,associated
century,1100,Religion,Exploration & Invention,Religion + Exploration & Invention,3224,2095,4,2.715103746199359,0.4850597097017091,-1.2297020596735473,1.4149370678549036,0.7455313575054243,0.45027486256871563,0.0019093078758949881,-0.8196279912077031,0.5066326570926594,-1.8126279991093155,0.17337201669390923,0.1057066942119794,0.5664748271025777,0.2061280537133598,not distinguishable
century,1100,Religion,Culture (core),Religion + Culture (core),3224,2095,94,29.320112503324214,1.6640286287988153,1.4203200261774347,1.8768365624590977,0.11634259787693302,0.0004997501249375312,0.04486873508353222,-0.28066074612222836,0.12342561092190332,-0.5225749435291589,-0.03874654871529784,0.022970416474684716,0.0015592203898050973,0.061782499483634755,associated
century,1100,Religion,Culture (periphery),Religion + Culture (periphery),3224,2095,10,2.715103746199359,1.707452131038157,0.7874485834758116,2.3177275494039327,0.3970866377564699,0.0014992503748125937,0.00477326968973747,0.17744725797719452,0.36694716412142836,-0.5417691837008051,0.8966636996551941,0.6286860058567189,0.003898050974512743,0.7662110696378761,associated
century,1100,Religion,Sport & Games,Religion + Sport & Games,3224,2095,2,1.0658108411394585,0.675018157503127,-1.706067800036497,1.7460438495191661,0.9236627632454836,0.3888055972013993,0.0009546539379474941,-0.5104103413679958,0.6940182289386917,-1.8706860700878316,0.8498653873518399,0.4620701868448266,0.5140141793510025,0.68002782214899,not distinguishable
century,1100,Nobility,Kinship,Nobility + Kinship,3224,2095,864,598.6218211408943,0.5290165837471815,0.47476117453416644,0.5844811906365456,0.027950315299923232,0.0004997501249375312,0.4124105011933174,1.5449581238212184,0.08782242338138903,1.372826173993696,1.7170900736487409,2.8448241423273635e-69,0.0015592203898050973,1.1094814155076718e-67,associated
century,1100,Nobility,Big business,Nobility + Big business,3224,2095,6,8.425576827461773,-0.4575056901297649,-1.7655394888200586,0.27931709739577787,0.5347231273024332,0.3233383308345827,0.002863961813842482,-1.2488997941376712,0.46447039676429275,-2.159261771795685,-0.3385378164796574,0.007169466725916102,0.46092743102133144,0.021508400177748303,not distinguishable
century,1100,Nobility,Small business,Nobility + Small business,3224,2095,40,31.32605670723597,0.34771349187597234,0.0017686745586266877,0.6042009813835558,0.15131108938058763,0.02798600699650175,0.01909307875894988,-0.12174832573074215,0.2363094896007868,-0.5849149253482843,0.3414182738867999,0.6064083114249881,0.062368815592203905,0.7629007788895011,not distinguishable
century,1100,Nobility,Academia,Nobility + Academia,3224,2095,9,103.69369392686401,-3.4551966409365753,-4.6609200894448986,-2.7169544662981204,0.4895330289841897,0.0004997501249375312,0.0042959427207637235,-3.94098220636884,0.3320115612562652,-4.59172486643112,-3.29023954630656,1.6943728563017982e-32,0.0015592203898050973,2.6432216558308054e-31,dissociated
century,1100,Nobility,Exploration & Invention,Nobility + Exploration & Invention,3224,2095,14,14.670222137284828,-0.0651893108564599,-0.7375215484589204,0.400434985471792,0.29414732418954037,0.8315842078960519,0.006682577565632458,-0.6622607890209266,0.3450088140260938,-1.3384780645120704,0.0139564864702173,0.05491508731345839,0.8534680028406848,0.12598167089558102,not distinguishable
century,1100,Nobility,Culture (core),Nobility + Culture (core),3224,2095,87,158.42214652609658,-0.8609652627737764,-1.112108091819806,-0.6391989984071446,0.12285002179497569,0.0004997501249375312,0.04152744630071599,-2.016409065778121,0.12531008962444734,-2.262016841442038,-1.7708012901142043,2.9334898413538853e-58,0.0015592203898050973,7.627073587520102e-57,dissociated
century,1100,Nobility,Culture (periphery),Nobility + Culture (periphery),3224,2095,0,14.670222137284828,-4.923170305984032,-5.33157678599094,-4.40589906681306,0.24130968526260066,0.0004997501249375312,0.0,-4.6259641438304415,1.4243199084875238,-7.417631164465988,-1.834297123194895,0.001162843614936839,0.0015592203898050973,0.0041228091802306115,dissociated
century,1100,Nobility,Sport & Games,Nobility + Sport & Games,3224,2095,7,5.758778764063546,0.2610094149537362,-0.7288784849866006,0.8275589156527918,0.4001970270897428,0.47126436781609193,0.003341288782816229,-0.3101549283038396,0.517631706652575,-1.3247130733428865,0.7044032167352072,0.5490523915412542,0.5743534482758621,0.7279145589913063,not distinguishable
century,1100,Kinship,Big business,Kinship + Big business,3224,2095,2,4.509971365375795,-1.0028742627949185,-3.3949046144352386,0.18646116664121876,0.9453688864447504,0.2128935532233883,0.0009546539379474941,-1.421972242530463,0.6709547847288235,-2.737043620598957,-0.10690086446196889,0.03406288524706352,0.33211394302848574,0.08302828278971733,not distinguishable
century,1100,Kinship,Small business,Kinship + Small business,3224,2095,0,16.767946175423273,-5.110024595893475,-5.4132511347134065,-4.739797659948503,0.16964570902707868,0.0004997501249375312,0.0,-4.335355968983716,1.4195124375252237,-7.1176003465331545,-1.553111591434278,0.0022572461195688037,0.0015592203898050973,0.0076550085794072475,dissociated
century,1100,Kinship,Academia,Kinship + Academia,3224,2095,2,55.50428177878014,-4.485537131899975,-6.891373121031996,-3.330717652972149,1.0115230746193848,0.0004997501249375312,0.0009546539379474941,-4.216805403004889,0.6363077414296867,-5.463968576207074,-2.969642229802703,3.4259950671731937e-11,0.0015592203898050973,3.3403451904938637e-10,dissociated
century,1100,Kinship,Exploration & Invention,Kinship + Exploration & Invention,3224,2095,0,7.852552189330428,-4.062217091993405,-4.498817078607326,-3.515087224861031,0.2404175908548744,0.0004997501249375312,0.0,-3.5604047065683178,1.4249163941430443,-6.353240839088684,-0.7675685740479512,0.012465814814390548,0.0015592203898050973,0.03472619841151653,dissociated
century,1100,Kinship,Culture (core),Kinship + Culture (core),3224,2095,24,84.79886411400783,-1.7997447807330815,-2.435357384527873,-1.3348487019964193,0.28205657571792264,0.0004997501249375312,0.011455847255369928,-2.383322579766992,0.21133055289370206,-2.797530463438648,-1.9691146960953358,1.6910955772269403e-29,0.0015592203898050973,2.1984242503950224e-28,dissociated
century,1100,Kinship,Culture (periphery),Kinship + Culture (periphery),3224,2095,1,7.852552189330428,-2.4772545912722492,-4.366636051968999,-1.1639058257123627,1.0292167607606555,0.0004997501249375312,0.00047732696897374703,-2.4899105459462945,0.8344087666726049,-4.1253517286246,-0.854469363267989,0.0028446800973359076,0.0015592203898050973,0.0092452103163417,dissociated
century,1100,Kinship,Sport & Games,Kinship + Sport & Games,3224,2095,1,3.0825102966018427,-1.2560083502659352,-3.1770890888768513,0.08476630011547219,0.9980084645700886,0.2978510744627686,0.00047732696897374703,-1.5127071879426204,0.861474416858131,-3.201197044984557,0.17578266909931628,0.07909671137232825,0.4383468643036972,0.1623564075537264,not distinguishable
century,1100,Big business,Small business,Big business + Small business,3224,2095,1,0.23600813360012876,1.0271688860657242,-0.7123326455028548,2.331467786816965,1.0166592122236953,0.4642678660669665,0.00047732696897374703,1.1027736262992833,0.8528134824282563,-0.568740799260099,2.7742880518586657,0.19597626746439445,0.5743534482758621,0.35549183400518064,not distinguishable
century,1100,Big business,Academia,Big business + Academia,3224,2095,1,0.781220419744988,0.2274438040288047,-1.6141545561064874,1.501892553885789,0.9787966958601052,0.7136431784107946,0.00047732696897374703,-0.3687289421968793,0.846716688902581,-2.028293652445938,1.2908357680521794,0.6632134029132766,0.7625228481649586,0.7914402188425693,not distinguishable
century,1100,Big business,Exploration & Invention,Big business + Exploration & Invention,3224,2095,0,0.11052434011971042,-0.28812071821230956,-0.44746218212483047,-0.15478770483364107,0.07591627508701226,0.0014992503748125937,0.0,0.7133917549559379,1.4400505402397534,-2.1091073039139787,3.5358908138258545,0.6203223440162071,0.003898050974512743,0.7662110696378761,dissociated
century,1100,Big business,Culture (core),Big business + Culture (core),3224,2095,1,1.1935404277651631,-0.17507992617005197,-2.018539244435663,1.1407074035599674,1.0041256664521225,0.7951024487756122,0.00047732696897374703,-0.8655368574476894,0.8460127962969946,-2.523721938189799,0.7926482232944199,0.3062710920427042,0.8269065467266367,0.5193292430289332,not distinguishable
century,1100,Big business,Culture (periphery),Big business + Culture (periphery),3224,2095,1,0.11052434011971042,1.2968417825088465,-0.37439842566657217,2.553458959359453,1.0090617234751993,0.4062968515742129,0.00047732696897374703,1.8285773886884713,0.8611985921093954,0.14062814815405633,3.516526629222886,0.03372926350308584,0.5281859070464768,0.08302828278971733,not distinguishable
century,1100,Big business,Sport & Games,Big business + Sport & Games,3224,2095,0,0.043386202119999114,-0.12004983764753066,-0.21225784312656415,-0.050409874776113486,0.04157426377712797,0.0074962518740629685,0.0,1.5864947265584777,1.4538650517786047,-1.2630807749275876,4.436070228044543,0.2751736371338518,0.01771841352051247,0.4773295167402204,dissociated
century,1100,Small business,Academia,Small business + Academia,3224,2095,7,2.9045554590420375,1.1394241612196767,-0.2605221711947397,1.8882718434818127,0.5566403699249529,0.04447776111944028,0.003341288782816229,0.11662730649168374,0.39012599151122856,-0.6480196368703243,0.8812742498536917,0.7649798754487788,0.09376392884638762,0.8524061469286393,not distinguishable
century,1100,Small business,Exploration & Invention,Small business + Exploration & Invention,3224,2095,2,0.41092637537113397,1.4565217352856084,-0.9186182755536194,2.594869869178529,0.9574137315745042,0.1359320339830085,0.0009546539379474941,1.2107812043893422,0.6671400219955511,-0.09681323872193803,2.5183756475006227,0.0695418639627783,0.23557786324229185,0.15303583099812215,not distinguishable
century,1100,Small business,Culture (core),Small business + Culture (core),3224,2095,5,4.43754960499407,0.1556363763803038,-1.5634413576985464,1.0501787206279738,0.6590250213945971,0.7926036981509246,0.002386634844868735,-0.7334688058538487,0.4460962487897345,-1.6078174534817282,0.1408798417740309,0.10013612195983126,0.8269065467266367,0.20027224391966253,not distinguishable
century,1100,Small business,Culture (periphery),Small business + Culture (periphery),3224,2095,0,0.41092637537113397,-0.865406359601754,-1.1458682565648244,-0.5980009982880374,0.1390160119967342,0.0004997501249375312,0.0,-0.5435999153829054,1.4287489906268258,-3.343947937011484,2.256748106245673,0.7035945945269739,0.0015592203898050973,0.819110124971701,dissociated
century,1100,Small business,Sport & Games,Small business + Sport & Games,3224,2095,1,0.16130867426107512,1.1815667703513855,-0.5198360070391219,2.4855603851150065,1.0131894971397335,0.42978510744627685,0.00047732696897374703,1.570689118560738,0.8688224604228971,-0.1322029038681405,3.2735811409896165,0.0706319219991333,0.5495612849313048,0.15303583099812215,not distinguishable
century,1100,Academia,Exploration & Invention,Academia + Exploration & Invention,3224,2095,3,1.3602246268157794,0.9118780811402252,-1.7567045380178348,1.8986169361810588,0.8320544943594271,0.22038980509745126,0.001431980906921241,0.10002900418972888,0.5667766193503639,-1.0108531697369845,1.2109111781164423,0.8599109465063707,0.3370667607372784,0.9063926192904987,not distinguishable
century,1100,Academia,Culture (core),Academia + Culture (core),3224,2095,76,14.688919030758276,2.3324405484364488,2.069076195740044,2.580746996892491,0.13005200290363478,0.0004997501249375312,0.036276849642004776,0.8530632463580861,0.1437663220007249,0.5712812552366653,1.1348452374795068,2.962202054466828e-09,0.0015592203898050973,2.3105176024841257e-08,associated
century,1100,Academia,Culture (periphery),Academia + Culture (periphery),3224,2095,4,1.3602246268157794,1.2744481605249336,-0.46491881986955674,2.152814236581796,0.7020379979712482,0.07246376811594203,0.0019093078758949881,0.3231823719284038,0.5067334603327444,-0.6700152103237751,1.3163799541805827,0.5236195913168534,0.14130434782608697,0.7165320723283258,not distinguishable
century,1100,Academia,Sport & Games,Academia + Sport & Games,3224,2095,0,0.5339546069554439,-1.0481728493300269,-1.4379284368450571,-0.6327120118445761,0.21064694369720918,0.0004997501249375312,0.0,-1.0744352868844231,1.4396888482292738,-3.8962254294138,1.7473548556449536,0.45548809941377355,0.0015592203898050973,0.68002782214899,dissociated
century,1100,Exploration & Invention,Culture (core),Exploration & Invention + Culture (core),3224,2095,5,2.0781370301052355,1.09310267247093,-0.5391503188805108,1.9386253971897125,0.6573285351606385,0.07246376811594203,0.002386634844868735,0.12331315701408137,0.46722195629278146,-0.7924418773197702,1.039068191347933,0.7918350687764675,0.14130434782608697,0.8699033149938656,not distinguishable
century,1100,Exploration & Invention,Culture (periphery),Exploration & Invention + Culture (periphery),3224,2095,0,0.19243983579239757,-0.46976062988502715,-0.6748688280171635,-0.29410206478691286,0.09827011409822824,0.0004997501249375312,0.0,0.2251665186251589,1.4341198607403862,-2.585708408425998,3.036041445676316,0.8752395172629545,0.0015592203898050973,0.9102490979534726,dissociated
century,1100,Exploration & Invention,Sport & Games,Exploration & Invention + Sport & Games,3224,2095,0,0.07554203537958455,-0.202993206222539,-0.3424147791698752,-0.09652264261629798,0.0624989318227251,0.0024987506246876563,0.0,1.1552800866827997,1.4485392077495336,-1.6838567605062862,3.994416933871886,0.4251326215399016,0.006287178991149587,0.6767417240839251,dissociated
century,1100,Culture (core),Culture (periphery),Culture (core) + Culture (periphery),3224,2095,15,2.0781370301052355,2.5878673642205077,1.933023937078964,3.025663576067238,0.2887824623623215,0.0004997501249375312,0.007159904534606206,1.5010557550253456,0.3371301378469405,0.8402806848453422,2.161830825205349,8.489522376769887e-06,0.0015592203898050973,4.13864215867532e-05,associated
century,1100,Culture (core),Sport & Games,Culture (core) + Sport & Games,3224,2095,0,0.8157702920781452,-1.3959076445397984,-1.8456451455339558,-0.883427408648812,0.2531982427933728,0.0004997501249375312,0.0,-1.569893313108726,1.4392772978268087,-4.390876816849271,1.2510901906318188,0.2753824135039733,0.0015592203898050973,0.4773295167402204,dissociated
century,1100,Culture (periphery),Sport & Games,Culture (periphery) + Sport & Games,3224,2095,0,0.07554203537958455,-0.202993206222539,-0.34179616038153104,-0.09836632454501068,0.062382560210568996,0.0029985007496251873,0.0,1.0982973280355848,1.4479909487815126,-1.7397649315761796,3.936359587647349,0.44815328622225425,0.007308845577211394,0.68002782214899,dissociated
century,1200,Politics,Administration & Law,Politics + Administration & Law,4189,2668,17,10.243261540269753,0.7039228753223082,-0.023846034599895725,1.2226818997317508,0.3196742589119342,0.03248375812093953,0.006371814092953523,-0.2545799211469347,0.2554539500191445,-0.755269663184458,0.24610982089058858,0.3189691332347663,0.06179836910812886,0.4523562253147595,not distinguishable
century,1200,Politics,Military,Politics + Military,4189,2668,31,17.087682062539525,0.8407864707164374,0.303630048472239,1.2288669865985937,0.23134009580279694,0.001999000499750125,0.011619190404797601,-0.14669469426035367,0.19443437445090353,-0.5277860681841245,0.23439667966341723,0.4505676956098803,0.00556864424930392,0.5578457183741375,associated
century,1200,Politics,Religion,Politics + Religion,4189,2668,17,33.382932269190945,-0.9532038105571478,-1.7191425652385404,-0.4081050490785271,0.3377333124667544,0.00849575212393803,0.006371814092953523,-2.211645934622838,0.24649256320729995,-2.694771358509146,-1.7285205107365302,2.899510371384172e-19,0.02070839580209895,3.230882985256649e-18,dissociated
century,1200,Politics,Nobility,Politics + Nobility,4189,2668,202,167.6151930299224,0.26847179723365544,0.13465344476483718,0.3886339247678774,0.06261760463271342,0.0004997501249375312,0.07571214392803598,-0.48651743563630934,0.09909890836303502,-0.680751296027858,-0.2922835752447607,9.134957123368349e-07,0.0016948047715272798,3.516986606847557e-06,associated
century,1200,Politics,Kinship,Politics + Kinship,4189,2668,58,95.66341433567096,-0.717051495954678,-1.065808169671964,-0.42443043981440104,0.16589609447709472,0.0004997501249375312,0.021739130434782608,-1.2537002639460906,0.14406151795090447,-1.5360608391298634,-0.9713396887623178,3.2455423974951785e-18,0.0016948047715272798,3.164403837557799e-17,dissociated
century,1200,Politics,Big business,Politics + Big business,4189,2668,7,1.6322363182509803,1.814523253067274,0.5721731420356986,2.5203647104712665,0.5023098673391246,0.006496751624187906,0.002623688155922039,0.8642172310469705,0.418330433375158,0.044289581631660746,1.6841448804622803,0.038840544317450314,0.016346665376988923,0.07986847571756797,associated
century,1200,Politics,Small business,Politics + Small business,4189,2668,9,6.489793969655507,0.44267758192540885,-0.7825484969921357,1.1339275733854135,0.4770150973557568,0.3008495752123938,0.003373313343328336,-0.3271165560045182,0.3424898850084035,-0.9983967306209891,0.3441636186119526,0.33952053414199634,0.4116888923959073,0.4646070467206266,not distinguishable
century,1200,Politics,Academia,Politics + Academia,4189,2668,16,20.154017518289862,-0.32395641044079304,-1.0928402871538991,0.2436065848352082,0.34461839065946526,0.3288355822088955,0.005997001499250375,-1.1884146736710444,0.25618046514974996,-1.6905283853645543,-0.6863009619775344,3.5014205987750568e-06,0.44222716228092845,1.1874382900193672e-05,not distinguishable
century,1200,Politics,Exploration & Invention,Politics + Exploration & Invention,4189,2668,2,2.3945441923740862,-0.21140808815455103,-2.6336924432492363,0.9388578292069857,0.9740187431489075,0.7731134432783608,0.0007496251874062968,-0.8072009508051887,0.6518443906561296,-2.0848159564912025,0.4704140548808253,0.2155923105364539,0.8149033591312452,0.33632400443686805,not distinguishable
century,1200,Politics,Culture (core),Politics + Culture (core),4189,2668,25,25.248735672068648,-0.014004346981883409,-0.5865750230941045,0.4703856582918129,0.27152320258084883,0.9545227386306847,0.009370314842578711,-1.161750857347457,0.20862320350015234,-1.5706523362077558,-0.7528493784871585,2.567117082743805e-08,0.9545227386306846,1.1778537203177458e-07,not distinguishable
century,1200,Politics,Culture (periphery),Politics + Culture (periphery),4189,2668,0,3.5729766483220713,-3.0260835429329016,-3.3495832805821517,-2.6747391641107314,0.1765146709072035,0.0004997501249375312,0.0,-2.8286527186147907,1.4203728939133533,-5.612583590684963,-0.044721846544618415,0.04642748397102962,0.0016948047715272798,0.09285496794205925,dissociated
century,1200,Politics,Sport & Games,Politics + Sport & Games,4189,2668,1,1.5152124501403164,-0.4259694395740999,-2.2662415445460624,0.937882609286444,1.0082831020503975,0.6331834082958521,0.0003748125937031484,-0.8702588324231789,0.8391530043251476,-2.514998720900468,0.7744810560541103,0.29970410925178836,0.7183551081602055,0.4410739721064055,not distinguishable
century,1200,Administration & Law,Military,Administration & Law + Military,4189,2668,8,7.375578434239316,0.11007695285365411,-1.1729507675760622,0.8440423441452248,0.5113535396952401,0.816591704147926,0.0029985007496251873,-0.6234933540188342,0.355615165535051,-1.3204990784675341,0.0735123704298658,0.07955376544952263,0.8492553723138431,0.14774270726339916,not distinguishable
century,1200,Administration & Law,Religion,Administration & Law + Religion,4189,2668,42,14.409118475822352,1.5112678826334411,1.0921594441756763,1.8488134260564606,0.1942533024333262,0.0004997501249375312,0.015742128935532233,-0.12422982237659443,0.17726145261175238,-0.47166226949562906,0.22320262474244024,0.4834102453904916,0.0016948047715272798,0.5800922944685899,associated
century,1200,Administration & Law,Nobility,Administration & Law + Nobility,4189,2668,46,72.34796378102943,-0.6476579309618221,-1.0670023757134883,-0.3470252591013964,0.18247033856522699,0.001999000499750125,0.017241379310344827,-1.3971286689078213,0.17090584593695604,-1.7321041269442552,-1.0621532108713874,2.962483548058089e-16,0.00556864424930392,2.3107371674853093e-15,dissociated
century,1200,Administration & Law,Kinship,Administration & Law + Kinship,4189,2668,15,41.29132395707827,-1.430935248737627,-2.2049254417617563,-0.8545463023079944,0.35307611471341593,0.0004997501249375312,0.005622188905547227,-1.7138585620863442,0.2668359178612456,-2.236856961094386,-1.190860163078303,1.3370843877099841e-10,0.0016948047715272798,6.952838816091917e-10,dissociated
century,1200,Administration & Law,Big business,Administration & Law + Big business,4189,2668,1,0.7045242850618063,0.31649901990106627,-1.499229325118136,1.6762147047954667,1.0295945307224694,0.6756621689155422,0.0003748125937031484,-0.03007184850471341,0.8389316949821427,-1.674377970669713,1.6142342736602864,0.9714056263322864,0.7319673496585041,0.9762254872355829,not distinguishable
century,1200,Administration & Law,Small business,Administration & Law + Small business,4189,2668,4,2.80119821225968,0.4469352372353815,-1.2597963407133594,1.4266046313681506,0.7516942357880876,0.47426286856571714,0.0014992503748125937,-0.1817280064516852,0.4866558759150514,-1.1355735232451858,0.7721175103418155,0.7088343943275672,0.5871825991766021,0.7787194754584542,not distinguishable
century,1200,Administration & Law,Academia,Administration & Law + Academia,4189,2668,15,8.69910479532228,0.7527028372811565,-0.08661989658875503,1.3342109677148446,0.3516278862931729,0.035982008995502246,0.005622188905547227,-0.26321635032605367,0.26986151168764433,-0.7921449132338365,0.2657122125817292,0.3293739521893907,0.06682373099164703,0.4587708619780799,not distinguishable
century,1200,Administration & Law,Exploration & Invention,Administration & Law + Exploration & Invention,4189,2668,1,1.0335602242872348,-0.031922322926150604,-1.8164225740509838,1.3122928005841987,1.0116702475092596,0.9390304847576212,0.0003748125937031484,-0.40133511330276744,0.8330901952529878,-2.0341918959986236,1.2315216693930886,0.6299887444370931,0.9512256858583695,0.7019874580870465,not distinguishable
century,1200,Administration & Law,Culture (core),Administration & Law + Culture (core),4189,2668,21,10.898144618629587,0.915537657122075,0.2921742942729028,1.392980144536478,0.2826456621569552,0.0029985007496251873,0.007871064467766116,-0.3320170575859291,0.23290239801319332,-0.788505757691788,0.12447164251992981,0.15399450250970342,0.008064933050716021,0.2669238043501526,associated
century,1200,Administration & Law,Culture (periphery),Administration & Law + Culture (periphery),4189,2668,1,1.5422085580101474,-0.44516770645570913,-2.250550621332002,0.9085857674983745,1.0262972436256212,0.6401799100449775,0.0003748125937031484,-0.7707497272853133,0.8290535059436555,-2.395694598934878,0.8541951443642514,0.3525397513871509,0.7183551081602055,0.4741051828999615,not distinguishable
century,1200,Administration & Law,Sport & Games,Administration & Law + Sport & Games,4189,2668,1,0.654013120658739,0.3783028737900247,-1.4206187290137433,1.718127336453102,1.011595416582796,0.6446776611694153,0.0003748125937031484,0.07076823051711625,0.840920855712934,-1.5774366466802343,1.7189731077144668,0.9329326893311732,0.7183551081602055,0.9702499969044202,not distinguishable
century,1200,Military,Religion,Military + Religion,4189,2668,12,24.037113017992155,-0.9730374198167732,-1.9111840568885705,-0.3478472430490608,0.3992084306661849,0.02148925537231384,0.004497751124437781,-2.125717725937382,0.2908867987450343,-2.695855851477649,-1.555579600397115,2.717240147343677e-13,0.046161129961335125,1.7662060957733898e-12,dissociated
century,1200,Military,Nobility,Military + Nobility,4189,2668,179,120.68997731847422,0.5667134544028157,0.4441447347097007,0.6866921772205021,0.06173919672626874,0.0004997501249375312,0.06709145427286357,0.08237850817941263,0.1171692672689858,-0.14727325566779953,0.3120302720266248,0.4820104705064735,0.0016948047715272798,0.5800922944685899,associated
century,1200,Military,Kinship,Military + Kinship,4189,2668,33,68.8816753283148,-1.050393581587042,-1.5921444577504509,-0.6585870652270341,0.23453310587647228,0.0004997501249375312,0.012368815592203899,-1.4310712843621773,0.18577488984852364,-1.7951900684652837,-1.066952500259071,1.3264365279784182e-14,0.0016948047715272798,9.405640834756056e-14,dissociated
century,1200,Military,Big business,Military + Big business,4189,2668,4,1.175278688447613,1.4255238885601258,-0.24958259473183422,2.351192972923715,0.7224502417284377,0.06196901549225387,0.0014992503748125937,0.6538931029331523,0.5106268313192193,-0.34693548645251737,1.654721692318822,0.2003449483688824,0.10741296018657337,0.3311634868313691,not distinguishable
century,1200,Military,Small business,Military + Small business,4189,2668,2,4.672924171375495,-1.0490519486971546,-3.470497720359217,0.07790054220139202,0.9728294279090242,0.1774112943528236,0.0007496251874062968,-1.3261704285406832,0.6421714794218732,-2.5848265282075547,-0.06751432887381159,0.03891028304189209,0.2562607585096341,0.07986847571756797,not distinguishable
century,1200,Military,Academia,Military + Academia,4189,2668,2,14.511738901403223,-2.5860911028164386,-4.9923501959432635,-1.4484746261505037,0.9932263961370507,0.0014992503748125937,0.0007496251874062968,-2.723248265648621,0.6370647231876021,-3.9718951230963215,-1.4746014082009211,1.9141142553896813e-05,0.004497751124437781,5.972036476815806e-05,dissociated
century,1200,Military,Exploration & Invention,Military + Exploration & Invention,4189,2668,3,1.7241723679196626,0.6540863243258466,-2.1022873459472415,1.663688473836123,0.8856924268237213,0.3743128435782109,0.0011244377811094452,-0.027354083651662427,0.5586802451035797,-1.1223673640546785,1.0676591967513538,0.9609496056080754,0.48660669665167416,0.9762254872355829,not distinguishable
century,1200,Military,Culture (core),Military + Culture (core),4189,2668,6,18.18014990465764,-1.5229944091941894,-3.0120034791488015,-0.6565428448759683,0.598800343178811,0.022488755622188907,0.0022488755622188904,-2.181061667290155,0.3987568044416983,-2.9626250039958837,-1.3994983305844262,4.5091550916089995e-08,0.046161129961335125,1.9539672063638996e-07,dissociated
century,1200,Military,Culture (periphery),Military + Culture (periphery),4189,2668,0,2.5726932198112116,-2.619503734275308,-2.953232410912111,-2.278655352553596,0.172614431479053,0.0004997501249375312,0.0,-2.413166546422766,1.4207147254349792,-5.197767408275325,0.3714343154297932,0.08940247129320043,0.0016948047715272798,0.16217192467138683,dissociated
century,1200,Military,Sport & Games,Military + Sport & Games,4189,2668,2,1.0910165894535508,0.6519792162280864,-1.7510822499627643,1.860266356524786,0.9747827330052201,0.4427786106946527,0.0007496251874062968,0.09576559765806969,0.6631541466255945,-1.2040165297280954,1.395547725044235,0.885177307320893,0.5570440586158534,0.9330247293382385,not distinguishable
century,1200,Religion,Nobility,Religion + Nobility,4189,2668,106,235.78302332914774,-1.1496625465597772,-1.3927797966443873,-0.9314097593960695,0.11566995212596341,0.0004997501249375312,0.03973013493253373,-2.866092556143247,0.10930247428477377,-3.080325405741404,-2.6518597065450904,1.5049187967778408e-151,0.0016948047715272798,1.1738366614867158e-149,dissociated
century,1200,Religion,Kinship,Religion + Kinship,4189,2668,62,134.5690008543963,-1.1117685106033168,-1.454515536746369,-0.8012002732176097,0.17191306452808833,0.0004997501249375312,0.023238380809595203,-2.251789282496364,0.1356032084625801,-2.517571571083021,-1.9860069939097071,6.335248204701527e-62,0.0016948047715272798,1.2353733999167977e-60,dissociated
century,1200,Religion,Big business,Religion + Big business,4189,2668,0,2.296054474227462,-2.4833924683429087,-2.899033468004063,-1.9989409837176475,0.2289408182301705,0.0004997501249375312,0.0,-3.0185142603641126,1.4255139272011217,-5.812521557678311,-0.22450696304991435,0.034218118087590774,0.0016948047715272798,0.07625752030948801,dissociated
century,1200,Religion,Small business,Religion + Small business,4189,2668,11,9.129144054832073,0.2561543950320782,-0.64908309660914,0.9168719554224861,0.4111461030464332,0.512743628185907,0.004122938530734633,-1.0429145570217957,0.31313212276537394,-1.6566535176419286,-0.4291755964016628,0.0008666230226683442,0.6152923538230884,0.0024141641345761015,not distinguishable
century,1200,Religion,Academia,Religion + Academia,4189,2668,156,28.350503894015592,2.4394942352871873,2.268546784413732,2.604757282772157,0.08456026022831932,0.0004997501249375312,0.05847076461769116,0.7419390322675801,0.10844587007439657,0.5293851269217628,0.9544929376133974,7.833484991369024e-12,0.0016948047715272798,4.364370209477028e-11,associated
century,1200,Religion,Exploration & Invention,Religion + Exploration & Invention,4189,2668,10,3.3683871907269416,1.4405852199533076,0.4676005945670466,2.07285190062579,0.40416808411233346,0.0034982508745627187,0.0037481259370314842,-0.08123361967898791,0.3520890155051722,-0.7713280900691254,0.6088608507111496,0.8175331248479264,0.00909545227386307,0.8735285443580583,associated
century,1200,Religion,Culture (core),Religion + Culture (core),4189,2668,97,35.51720535820453,1.4367159746606295,1.1817681971380667,1.6531320424942821,0.11959528287390414,0.0004997501249375312,0.0363568215892054,-0.5586819715370777,0.11706602831155942,-0.7881313870277341,-0.3292325560464212,1.8207394919629602e-06,0.0016948047715272798,6.4553491078686765e-06,associated
century,1200,Religion,Culture (periphery),Religion + Culture (periphery),4189,2668,11,5.0260792067663616,1.0573057152258099,0.09597371739414196,1.6899844579205083,0.4119382182470059,0.02048975512243878,0.004122938530734633,-0.4143510529082006,0.32605031183439276,-1.0534096641036104,0.22470755828720912,0.20379291497315022,0.04566288284429214,0.3311634868313691,associated
century,1200,Religion,Sport & Games,Religion + Sport & Games,4189,2668,4,2.1314378847284536,0.7740736611249756,-0.9348726049949542,1.6699741867721491,0.7070129106413828,0.20839580209895053,0.0014992503748125937,-0.5724908776237361,0.5126031491747881,-1.5771930500063207,0.43221129475884856,0.2640667666981589,0.295543137522148,0.40217976766526814,not distinguishable
century,1200,Nobility,Kinship,Nobility + Kinship,4189,2668,1028,675.6688978718072,0.6050862314631144,0.5517840730462538,0.6565692542882668,0.027661779289554926,0.0004997501249375312,0.3853073463268366,1.5919353752459287,0.07747216288148162,1.4400899359982247,1.7437808144936326,7.940699945608394e-94,0.0016948047715272798,3.096872978787274e-92,associated
century,1200,Nobility,Big business,Nobility + Big business,4189,2668,5,11.528454444968991,-1.1289477565175456,-2.7630226566265983,-0.31618416296182167,0.6189639080564606,0.06696651674162919,0.0018740629685157421,-1.7903045387419203,0.468136420325625,-2.7078519225801454,-0.8727571549036953,0.00013113229869138917,0.11355191969232777,0.0003933968960741675,not distinguishable
century,1200,Nobility,Small business,Nobility + Small business,4189,2668,44,45.8372928600059,-0.05836842475017692,-0.4286447746925335,0.22895678897735244,0.16745757735304978,0.7096451774112944,0.01649175412293853,-0.6318021114710076,0.1945508154064981,-1.0131217096677438,-0.25048251327427135,0.0011642715826227464,0.7582510114805612,0.003131489084295663,not distinguishable
century,1200,Nobility,Academia,Nobility + Academia,4189,2668,14,142.34744702389673,-3.300350447240119,-4.218356705114311,-2.7167193404392127,0.38061233865146804,0.0004997501249375312,0.005247376311844078,-3.721399405594594,0.26935547200348137,-4.249336130721417,-3.1934626804677704,2.04266385427232e-43,0.0016948047715272798,3.186555612664819e-42,dissociated
century,1200,Nobility,Exploration & Invention,Nobility + Exploration & Invention,4189,2668,7,16.912620635613735,-1.2151708472122669,-2.478047398095687,-0.4846697377014605,0.5180062396179966,0.029985007496251874,0.002623688155922039,-1.8477458513568472,0.39952902774942217,-2.6308227457457147,-1.0646689569679797,3.7494189614278966e-06,0.05997001499250375,1.2185611624640663e-05,not distinguishable
century,1200,Nobility,Culture (core),Nobility + Culture (core),4189,2668,63,178.33134561079487,-1.4937711376990652,-1.829536318737687,-1.2066294202920822,0.1604550125481294,0.0004997501249375312,0.02361319340329835,-2.62048605133457,0.1369954826809924,-2.8889971973893154,-2.3519749052798247,1.468786919665092e-81,0.0016948047715272798,3.818845991129239e-80,dissociated
century,1200,Nobility,Culture (periphery),Nobility + Culture (periphery),4189,2668,4,25.23586692842187,-2.515783474873091,-4.3671950764787795,-1.5975742145406922,0.7638008138822547,0.021989005497251374,0.0014992503748125937,-2.8310740683382387,0.48908269704491103,-3.7896761545462643,-1.8724719821302132,7.100143569191171e-09,0.046161129961335125,3.461319989980696e-08,dissociated
century,1200,Nobility,Sport & Games,Nobility + Sport & Games,4189,2668,5,10.701917063461956,-1.0262421282897267,-2.6444148410545347,-0.17244169169581275,0.6243753482741458,0.08045977011494253,0.0018740629685157421,-1.6732068652345045,0.4728673820633663,-2.6000269340787026,-0.7463867963903065,0.000402518069068656,0.13352898019075568,0.0011628299773094508,not distinguishable
century,1200,Kinship,Big business,Kinship + Big business,4189,2668,2,6.579661988171304,-1.5017523869420988,-3.9459740019216905,-0.2731365196483825,0.9715008517082427,0.13193403298350825,0.0007496251874062968,-1.7164744872618152,0.6587145367534445,-3.0075549792985665,-0.42539399522506405,0.009166153054696716,0.20539730134932535,0.02166545267473769,not distinguishable
century,1200,Kinship,Small business,Kinship + Small business,4189,2668,8,26.16082623315323,-1.649186744641636,-2.865964897156666,-0.9020859404196201,0.5049159807736832,0.009995002498750625,0.0029985007496251873,-1.7556823477709507,0.3581294273313801,-2.4576160253404558,-1.0537486702014456,9.468810095358807e-07,0.023624551360683296,3.516986606847557e-06,dissociated
century,1200,Kinship,Academia,Kinship + Academia,4189,2668,5,81.24229407915928,-3.893579209089719,-5.754564616965051,-2.999646713281681,0.6909469498622656,0.0004997501249375312,0.0018740629685157421,-3.6710021475683035,0.43060650745366674,-4.51499090217749,-2.827013392959117,1.5255962975993275e-17,0.0016948047715272798,1.322183457919417e-16,dissociated
century,1200,Kinship,Exploration & Invention,Kinship + Exploration & Invention,4189,2668,3,9.652579853414046,-1.5364195474124973,-4.255978790388691,-0.4926093672265222,0.8724029951119382,0.05897051474262868,0.0011244377811094452,-1.7388314684091994,0.5566174078035535,-2.8298015877041642,-0.6478613491142347,0.001784554663283867,0.10453863977102357,0.004639842124538053,not distinguishable
century,1200,Kinship,Culture (core),Kinship + Culture (core),4189,2668,44,101.77946936563035,-1.2006393396984196,-1.6303949262339896,-0.8554883227408313,0.19774265189455462,0.0004997501249375312,0.01649175412293853,-1.925335743009322,0.15960391305564292,-2.238159412598382,-1.612512073420262,1.6521278290480735e-33,0.0016948047715272798,2.1477661777624956e-32,dissociated
century,1200,Kinship,Culture (periphery),Kinship + Culture (periphery),4189,2668,0,14.402925835383593,-4.897523692273864,-5.236346993457561,-4.519687310125346,0.18366699727264682,0.0004997501249375312,0.0,-4.1196093895513,1.4199150833877172,-6.902642952991226,-1.3365758261113747,0.0037160976508237497,0.0016948047715272798,0.00905798802388289,dissociated
century,1200,Kinship,Sport & Games,Kinship + Sport & Games,4189,2668,4,6.107930359541955,-0.5542734809456622,-2.3207685550392214,0.37476418557980873,0.7290553485120375,0.3633183408295852,0.0014992503748125937,-0.9463534265682291,0.5124026080674982,-1.9506625383805254,0.057955685244067356,0.06476246938384954,0.4803191624526719,0.1262868152985066,not distinguishable
century,1200,Big business,Small business,Big business + Small business,4189,2668,2,0.4463634398765493,1.401461849537021,-0.983786634750518,2.5775806115423476,0.9834033262990269,0.14992503748125938,0.0007496251874062968,1.0901470462963723,0.6648327776653988,-0.2129251979278095,2.393219290520554,0.10106106938647884,0.2206443947837402,0.17915371391239432,not distinguishable
century,1200,Big business,Academia,Big business + Academia,4189,2668,1,1.3861790726884398,-0.3305041503796137,-2.162011825484879,1.032638626970688,1.0136431823738699,0.6711644177911045,0.0003748125937031484,-0.8464959357251425,0.837309165332815,-2.4876218997774595,0.7946300283271748,0.3120299374860305,0.7319673496585041,0.450709909702044,not distinguishable
century,1200,Big business,Exploration & Invention,Big business + Exploration & Invention,4189,2668,2,0.16469505621320166,1.9111635661382163,-0.4247497323667216,3.0268372584044743,0.9475987735010567,0.12593703148425786,0.0007496251874062968,2.0251043856975794,0.6749088066839418,0.7022831245970536,3.3479256467981053,0.0026948363413074185,0.2004711929749411,0.006780555955547698,not distinguishable
century,1200,Big business,Culture (core),Big business + Culture (core),4189,2668,2,1.7365901844980363,0.16062716256546175,-2.2867217471253647,1.2573743900654992,0.9709576857289359,0.8345827086456772,0.0007496251874062968,-0.7301493095271083,0.6593349358682504,-2.0224457838288794,0.5621471647746625,0.2681198451101787,0.856545411504774,0.40217976766526814,not distinguishable
century,1200,Big business,Culture (periphery),Big business + Culture (periphery),4189,2668,2,0.24574680718689776,1.7451702939027915,-0.6277631853294607,2.8984185949651677,0.9691623214186816,0.13493253373313344,0.0007496251874062968,1.649054453275565,0.6697275945804464,0.3363883678978903,2.96172053865324,0.013805822528788866,0.20539730134932535,0.03167218109545681,not distinguishable
century,1200,Big business,Sport & Games,Big business + Sport & Games,4189,2668,0,0.10421524081515757,-0.27313448039188476,-0.4143822348500455,-0.15558531208699075,0.06603679936692249,0.0014992503748125937,0.0,0.766891890616072,1.4369793855784723,-2.049587705117734,3.5833714863498773,0.5935606699336755,0.004497751124437781,0.6709816268815463,dissociated
century,1200,Small business,Academia,Small business + Academia,4189,2668,8,5.511466989311794,0.4997457438334385,-0.737370274861121,1.2639752313835855,0.508668292934132,0.2893553223388306,0.0029985007496251873,-0.323598565565859,0.3603419254023971,-1.0298687393545574,0.3826716082228394,0.36916851089232516,0.4030306275433712,0.4866036501179041,not distinguishable
century,1200,Small business,Exploration & Invention,Small business + Exploration & Invention,4189,2668,0,0.6548298004971614,-1.2076802420550345,-1.5011975850623858,-0.9176585610771186,0.14621155058008276,0.0004997501249375312,0.0,-0.9627566133510577,1.424978616403234,-3.7557147015013963,1.830201474799281,0.4992763422515232,0.0016948047715272798,0.5900538590245273,dissociated
century,1200,Small business,Culture (core),Small business + Culture (core),4189,2668,18,6.9047063719270545,1.3210108379694756,0.5967995933753503,1.813017939073888,0.31555108494643597,0.0014992503748125937,0.006746626686656672,0.1382946812765544,0.2578975566820513,-0.36718452982026606,0.6437738923733749,0.5917935078645642,0.004497751124437781,0.6709816268815463,associated
century,1200,Small business,Culture (periphery),Small business + Culture (periphery),4189,2668,3,0.9770926731078854,1.2445945781221808,-1.4689845119382132,2.2538317721970706,0.8546426533825495,0.10594702648675662,0.0011244377811094452,0.694126499210546,0.5574596398431751,-0.39849439488207716,1.7867473933031692,0.21307290703681725,0.17216391804097952,0.33632400443686805,not distinguishable
century,1200,Small business,Sport & Games,Small business + Sport & Games,4189,2668,1,0.41436122565458655,0.7141263695953985,-1.0520316440316226,1.9839302951042959,1.0040078240809158,0.5412293853073463,0.0003748125937031484,0.6387095203152537,0.8431430957538613,-1.0138509473623143,2.2912699879928216,0.44873003377572396,0.6396347280905003,0.5578457183741375,not distinguishable
century,1200,Academia,Exploration & Invention,Academia + Exploration & Invention,4189,2668,6,2.0335701460517397,1.3592679453453562,-0.10263524179221876,2.1367642234923077,0.5907360100558723,0.031984007996002,0.0022488755622188904,0.3782256843723715,0.42572457134808067,-0.4561944754698666,1.2126458442146095,0.37431050009069544,0.06179836910812886,0.4866036501179041,not distinguishable
century,1200,Academia,Culture (core),Academia + Culture (core),4189,2668,94,21.442525576178237,2.1065847403961993,1.8683200471016232,2.31694644841867,0.11707062871877344,0.0004997501249375312,0.03523238380809595,0.6231384784874574,0.12625613916654602,0.3756764457210272,0.8706005112538876,7.994145095767982e-07,0.0016948047715272798,3.2818069340521192e-06,associated
century,1200,Academia,Culture (periphery),Academia + Culture (periphery),4189,2668,7,3.0343556271408576,1.085443384326937,-0.14538679078403052,1.845096779642506,0.5160925933338282,0.04597701149425287,0.002623688155922039,0.1339891632894174,0.3909619849831871,-0.6322963272776294,0.9002746538564641,0.7318116711874147,0.08340016038492382,0.7927959771196993,not distinguishable
century,1200,Academia,Sport & Games,Academia + Sport & Games,4189,2668,6,1.2867963821023873,1.8630644795470284,0.5079672434288631,2.639587916698804,0.5426855710060305,0.010494752623688156,0.0022488755622188904,0.9270702702686862,0.44620850512349697,0.052501600226632084,1.8016389403107402,0.03774053953711201,0.024076197195519886,0.07986847571756797,associated
century,1200,Exploration & Invention,Culture (core),Exploration & Invention + Culture (core),4189,2668,5,2.547634735440441,0.8517416150666611,-0.7603734179182318,1.6880305662156627,0.6303180882423077,0.13693153423288357,0.0018740629685157421,-0.24778389884812546,0.4559159618524658,-1.1413791840789584,0.6458113863827075,0.5867952933476386,0.20539730134932535,0.6709816268815463,not distinguishable
century,1200,Exploration & Invention,Culture (periphery),Exploration & Invention + Culture (periphery),4189,2668,1,0.36051862304743626,0.8016841806963773,-0.9334354901327504,2.12729171391965,1.0182478345904828,0.5062468765617192,0.0003748125937031484,0.7191871922506884,0.8391406630590234,-0.9255285073449974,2.363902891846374,0.3914161413187843,0.6152923538230884,0.5004993282436915,not distinguishable
century,1200,Exploration & Invention,Sport & Games,Exploration & Invention + Sport & Games,4189,2668,1,0.15288717501287136,1.2000568934430489,-0.4779041784447663,2.479374243486462,1.0073092180808763,0.40679660169915044,0.0003748125937031484,1.5603643072893534,0.8508674349065833,-0.10733586512755,3.2280644797062568,0.06667607803901547,0.5201661464349793,0.12684717285471236,not distinguishable
century,1200,Culture (core),Culture (periphery),Culture (core) + Culture (periphery),4189,2668,32,3.801407987028213,2.9175588361408757,2.5203396158068023,3.2104377402538686,0.17933712486197043,0.0004997501249375312,0.01199400299850075,1.761342695489008,0.24855001885939038,1.2741846585246028,2.248500732453413,1.3757425019312496e-12,0.0016948047715272798,8.254455011587497e-12,associated
century,1200,Culture (core),Sport & Games,Culture (core) + Sport & Games,4189,2668,1,1.612084622135146,-0.4937051377105336,-2.3411957265620265,0.8170823035863353,0.9966343192128037,0.6006996501749126,0.0003748125937031484,-1.174242562836015,0.8388606368298613,-2.818409411022543,0.4699242853505132,0.16157127412811056,0.6993219808006444,0.273968682217231,not distinguishable
century,1200,Culture (periphery),Sport & Games,Culture (periphery) + Sport & Games,4189,2668,0,0.22812788667196143,-0.5422637693604878,-0.7538818801821747,-0.3431379153659097,0.10479299020495471,0.0004997501249375312,0.0,0.04266049714271504,1.431495766369719,-2.763071204941934,2.8483921992273644,0.976225487235583,0.0016948047715272798,0.9762254872355829,dissociated
century,1300,Politics,Administration & Law,Politics + Administration & Law,5057,3145,46,20.360250076151484,1.156474262990938,0.7769779106440118,1.4875769312839535,0.18442711762427152,0.0004997501249375312,0.014626391096979332,0.09285549462774763,0.1654428889532047,-0.2314125677205336,0.4171235569760288,0.5746243482462093,0.0015592203898050973,0.7091923987787622,associated
century,1300,Politics,Military,Politics + Military,5057,3145,51,34.55410776360687,0.5549889180758835,0.1500811039489883,0.8788900236397643,0.18537029972494828,0.005997001499250375,0.016216216216216217,-0.42199467776218336,0.1531084636759055,-0.7220872665669582,-0.12190208895740856,0.00584805798226716,0.015089229578759007,0.012003908489916802,associated
century,1300,Politics,Religion,Politics + Religion,5057,3145,44,49.23175024998571,-0.1603618698965605,-0.5931888546453925,0.18700598595872167,0.20103278675269592,0.4237881059470265,0.013990461049284579,-1.6752019265153015,0.15843363259400037,-1.9857318463995424,-1.3646720066310607,3.953505910383628e-26,0.49336525766967265,3.8546682626240373e-25,not distinguishable
century,1300,Politics,Nobility,Politics + Nobility,5057,3145,264,232.65099704786073,0.1820031231014311,0.07412611613408142,0.2913485845562455,0.056429571405185536,0.001999000499750125,0.08394276629570747,-0.7383589723550436,0.08169953587221576,-0.8984900626645864,-0.5782278820455007,1.6030618233946688e-19,0.005774890332611472,1.0419901852065346e-18,associated
century,1300,Politics,Kinship,Politics + Kinship,5057,3145,77,140.56186086786636,-0.8640597612771124,-1.1618340978501864,-0.6097608886160474,0.14136341202983127,0.0004997501249375312,0.02448330683624801,-1.421503222202975,0.12417034178413959,-1.6648770920998888,-1.1781293523060614,2.406077171389715e-30,0.0015592203898050973,2.681057419548539e-29,dissociated
century,1300,Politics,Big business,Politics + Big business,5057,3145,19,4.904099330961931,1.8513480262546904,1.156652614127276,2.2919455924227403,0.2810886102042773,0.0004997501249375312,0.006041335453100159,0.622900805603633,0.26445482316825253,0.1045693521938581,1.141232259013408,0.018502039177171352,0.0015592203898050973,0.03279906945044012,associated
century,1300,Politics,Small business,Politics + Small business,5057,3145,23,11.838710844989507,0.9294690879671776,0.3029902912079882,1.377486568174432,0.2744454400159397,0.0024987506246876563,0.007313195548489666,-0.02042843976710752,0.22731456196548036,-0.465964981219449,0.425108101685234,0.9283916395868516,0.0069608053116299,0.9655273051703256,associated
century,1300,Politics,Academia,Politics + Academia,5057,3145,20,29.570420313937223,-0.552721123814547,-1.2708036471976498,-0.06423160708768502,0.3139314388011572,0.07546226886556721,0.006359300476947536,-1.4890217352746227,0.22921379100191452,-1.9382807656383751,-1.0397627049108702,8.236671796464187e-11,0.11772113943028485,3.381370526969508e-10,not distinguishable
century,1300,Politics,Exploration & Invention,Politics + Exploration & Invention,5057,3145,6,4.107850452910023,0.49634582305056557,-0.9200351919448535,1.2999316615643606,0.5790123684662555,0.3343328335832084,0.0019077901430842607,-0.43941880760717106,0.4164155358770799,-1.2555932579262477,0.3767556427119056,0.291315050032696,0.4224984282052522,0.39864164741316294,not distinguishable
century,1300,Politics,Culture (core),Politics + Culture (core),5057,3145,22,38.82113210774118,-0.8053798579450184,-1.47814007782695,-0.296115307163042,0.29961442748662165,0.012993503248375811,0.0069952305246422895,-1.9163299700620156,0.2177989383254558,-2.343215889179909,-1.4894440509441222,1.3850954597705878e-18,0.02533733133433283,8.310572758623527e-18,dissociated
century,1300,Politics,Culture (periphery),Politics + Culture (periphery),5057,3145,4,8.351677647487344,-0.9760259118702082,-2.6316927004715986,0.0011073578546187109,0.7265032942191806,0.12893553223388307,0.0012718600953895071,-1.5114674876509124,0.4825033280255643,-2.4571740105810185,-0.5657609647208065,0.0017329284363352003,0.19340329835082462,0.0040960126677013825,not distinguishable
century,1300,Politics,Sport & Games,Politics + Sport & Games,5057,3145,1,2.047143306834837,-0.7639176297758467,-2.5982918548511287,0.5896652680527237,1.003438648758347,0.5057471264367817,0.0003179650238473768,-1.3076897931023832,0.8372463659164314,-2.9486926702985885,0.3333130840938223,0.11831304164785272,0.5635467980295567,0.18094935781436297,not distinguishable
century,1300,Administration & Law,Military,Administration & Law + Military,5057,3145,18,14.317250563783274,0.32024749961513127,-0.4628164956518421,0.8478214152521368,0.33217925087394373,0.3098450774612694,0.005723370429252782,-0.39901859329055217,0.24554084349644947,-0.8802786465435931,0.08224145996248877,0.10414978340121823,0.40539730134932533,0.16842392245998067,not distinguishable
century,1300,Administration & Law,Religion,Administration & Law + Religion,5057,3145,51,20.39882808853836,1.3011503875139507,0.9190362095711537,1.6127738925972888,0.17875406347423248,0.0004997501249375312,0.016216216216216217,-0.2251291063502878,0.15805436833895514,-0.5349156682946399,0.08465745559406426,0.15433718668125027,0.0015592203898050973,0.22293149187291703,associated
century,1300,Administration & Law,Nobility,Administration & Law + Nobility,5057,3145,51,96.3972978679086,-0.9118840021069008,-1.294784321725964,-0.6053693364424365,0.17548839814887965,0.0004997501249375312,0.016216216216216217,-1.543055658326565,0.15682355892092234,-1.8504298338115728,-1.2356814828415574,7.61350635226532e-23,0.0015592203898050973,6.598372171963277e-22,dissociated
century,1300,Administration & Law,Kinship,Administration & Law + Kinship,5057,3145,14,58.24081453714893,-2.0183103708797865,-2.8912944413587316,-1.4149648948007925,0.3749828673471454,0.0004997501249375312,0.004451510333863275,-2.048057716577517,0.27149329290288354,-2.5801845706671687,-1.5159308624878651,4.569018862740266e-14,0.0015592203898050973,2.2273966955858796e-13,dissociated
century,1300,Administration & Law,Big business,Administration & Law + Big business,5057,3145,3,2.0319789297240645,0.4670895228636575,-2.272733410500195,1.5471338461215491,0.8609771560036615,0.5207396301849075,0.0009538950715421304,-0.23160465508229913,0.5504002376665132,-1.310389120908665,0.8471798107440668,0.6739061270268347,0.5720801571045463,0.7845474314640762,not distinguishable
century,1300,Administration & Law,Small business,Administration & Law + Small business,5057,3145,8,4.9052862449659855,0.6530918212075003,-0.6087908297833761,1.4138841328908582,0.5107954405924409,0.16591704147926037,0.0025437201907790143,-0.0248594842575379,0.3581885439519902,-0.7269090304034387,0.6771900618883628,0.9446685638245609,0.24417979689400582,0.9695282628725757,not distinguishable
century,1300,Administration & Law,Academia,Administration & Law + Academia,5057,3145,33,12.252294859047856,1.393404202693997,0.8932065406672735,1.8024922833956614,0.23088520509408175,0.0004997501249375312,0.010492845786963434,0.26563339646728323,0.1906318482387151,-0.10800502608059837,0.6392718190151648,0.16348780128626694,0.0015592203898050973,0.23185542727870587,associated
century,1300,Administration & Law,Exploration & Invention,Administration & Law + Exploration & Invention,5057,3145,3,1.7020588294514336,0.6685019100926005,-2.1116693071316592,1.70090507449433,0.9042581746657699,0.35732133933033483,0.0009538950715421304,0.013564386351606282,0.5537245694740005,-1.0717357698174348,1.0988645425206471,0.9804564711300572,0.4287856071964018,0.9923954718545317,not distinguishable
century,1300,Administration & Law,Culture (core),Administration & Law + Culture (core),5057,3145,20,16.08526197112968,0.30572210945496814,-0.37783436824788375,0.7978464654467925,0.30335010629682774,0.2988505747126437,0.006359300476947536,-0.8260280077840777,0.23287284405788142,-1.2824587821375253,-0.3695972334306301,0.0003894666095778933,0.4019024970273484,0.0010126131849025226,not distinguishable
century,1300,Administration & Law,Culture (periphery),Administration & Law + Culture (periphery),5057,3145,2,3.460458661674988,-0.663739423954426,-3.0596692461064032,0.5533584619332264,1.001351272192811,0.48375812093953025,0.0006359300476947536,-0.9919288559644579,0.6424025931380489,-2.251037938515034,0.26718022658611806,0.12256598965082316,0.546857006279469,0.18384898447623474,not distinguishable
century,1300,Administration & Law,Sport & Games,Administration & Law + Sport & Games,5057,3145,2,0.8482193742185287,0.8908728325314761,-1.4907015174028673,2.062930757626886,0.9478849661124548,0.23888055972013994,0.0006359300476947536,0.36427161861966806,0.6615789898368248,-0.9324232014605086,1.6609664386998446,0.5819014554082151,0.3327264938959092,0.7091923987787622,not distinguishable
century,1300,Military,Religion,Military + Religion,5057,3145,15,34.619579886608115,-1.1800073714258017,-2.0649517343246813,-0.5912974867831986,0.372404123225888,0.0069965017491254375,0.0047694753577106515,-2.203076056745137,0.2606187244208921,-2.7138887566100856,-1.6922633568801881,2.8329648643477084e-17,0.016537185952478307,1.578366138708009e-16,dissociated
century,1300,Military,Nobility,Military + Nobility,5057,3145,233,163.59929795507892,0.5088534831667524,0.39715414748166855,0.6174492522336049,0.058510358438589385,0.0004997501249375312,0.07408585055643879,0.013095187205353576,0.0967740584018167,-0.17658196726220715,0.2027723416729143,0.8923611470587443,0.0015592203898050973,0.9405968847375953,associated
century,1300,Military,Kinship,Military + Kinship,5057,3145,59,98.84256697387691,-0.7395223575234363,-1.1085203022268415,-0.4469858556782177,0.1676851516154184,0.0004997501249375312,0.01875993640699523,-1.078321889068036,0.14240151213036145,-1.3574288528435443,-0.7992149252925276,3.663777942486649e-14,0.0015592203898050973,1.9051645300930576e-13,dissociated
century,1300,Military,Big business,Military + Big business,5057,3145,1,3.4485440330276953,-1.3963582782520902,-3.1937664135835417,-0.0249463822715901,1.0032945347632956,0.3118440779610195,0.0003179650238473768,-1.669108959938088,0.8258874882892364,-3.287848436984991,-0.0503694828911847,0.04328097513876515,0.40539730134932533,0.07338947958312352,not distinguishable
century,1300,Military,Small business,Military + Small business,5057,3145,11,8.3249365251378,0.38197605446619803,-0.6616295406774925,1.012146556943941,0.4291241912738374,0.344327836081959,0.0034976152623211448,-0.26187378080049434,0.3102873883198645,-0.8700370619074287,0.34628950030644007,0.3986852087501629,0.42269490254872566,0.5182907713752117,not distinguishable
century,1300,Military,Academia,Military + Academia,5057,3145,6,20.793807312166933,-1.7119223020789982,-3.1678801531245977,-0.8256711867194737,0.6249146285528588,0.019490254872563718,0.0019077901430842607,-2.109391472793299,0.39793163975307755,-2.8893374867093313,-1.329445458877267,1.1524010816677475e-07,0.036196187620475474,4.08578565318565e-07,dissociated
century,1300,Military,Exploration & Invention,Military + Exploration & Invention,5057,3145,9,2.888624844630608,1.4872275888524211,0.3780260193797057,2.1751507637981145,0.45035815202571317,0.0079960019990005,0.002861685214626391,0.575687185121009,0.35594677556775745,-0.12196849499179552,1.2733428652338135,0.10580477180178273,0.017324670997834416,0.16842392245998067,associated
century,1300,Military,Culture (core),Military + Culture (core),5057,3145,10,27.298872728842362,-1.4046370535652046,-2.4970711411539295,-0.734378518273927,0.4505424595837084,0.008995502248875561,0.003179650238473768,-2.1250105713791054,0.31468847915283676,-2.7417999905186656,-1.5082211522395452,1.4507532693067938e-11,0.018464451984534048,6.656397353289996e-11,dissociated
century,1300,Military,Culture (periphery),Military + Culture (periphery),5057,3145,1,5.872868017818874,-2.086980282104865,-3.8415503542122926,-0.7504304743903321,1.0112596151946056,0.0004997501249375312,0.0003179650238473768,-2.071856134838698,0.823304714831909,-3.6855333759092397,-0.4581788937681561,0.011852288839414327,0.0015592203898050973,0.02254825681644677,dissociated
century,1300,Military,Sport & Games,Military + Sport & Games,5057,3145,2,1.4395434021833158,0.366211034710727,-2.0753714928207505,1.4795846190760307,0.973421727639413,0.6701649175412294,0.0006359300476947536,-0.19288673212513854,0.6604938661410321,-1.4874547097615616,1.1016812455112843,0.7702605513553062,0.7160666242221355,0.8582903286530555,not distinguishable
century,1300,Religion,Nobility,Religion + Nobility,5057,3145,89,233.0918174214987,-1.384030150888572,-1.6742954643632217,-1.1572041593928366,0.13355045202568597,0.0004997501249375312,0.028298887122416534,-2.852556371085194,0.11499572779522035,-3.0779479975638258,-2.6271647446065622,7.76971748025784e-136,0.0015592203898050973,6.060379634601115e-134,dissociated
century,1300,Religion,Kinship,Religion + Kinship,5057,3145,68,140.82819341237837,-1.044873402909957,-1.369019076430608,-0.7594483215203396,0.15815813156165337,0.0004997501249375312,0.021621621621621623,-2.0583104925717817,0.12919535220231,-2.3115333828883093,-1.805087602255254,3.8141282932155425e-57,0.0015592203898050973,7.4375501717703075e-56,dissociated
century,1300,Religion,Big business,Religion + Big business,5057,3145,5,4.913391476393775,0.02289889645764143,-1.7585453703912128,0.9455255500454325,0.6662906587463131,0.9665167416291854,0.001589825119236884,-1.3069370922069028,0.4436049280415237,-2.1764027511682893,-0.4374714332455164,0.0032173185943306717,0.9775112443778112,0.007170024295936926,not distinguishable
century,1300,Religion,Small business,Religion + Small business,5057,3145,11,11.861142491551528,-0.10417823083654491,-1.1369782927495855,0.579466190761307,0.42682693954984535,0.7851074462768616,0.0034976152623211448,-1.2721938481217727,0.30831948334804643,-1.8765000354839438,-0.6678876607596017,3.6877539316938825e-05,0.816511744127936,0.00010273028809718672,not distinguishable
century,1300,Religion,Academia,Religion + Academia,5057,3145,148,29.626449490243477,2.301360369730027,2.132284128617436,2.4706453756546725,0.09024682415834062,0.0004997501249375312,0.047058823529411764,0.5372438200105655,0.10522537077945274,0.33100209328283814,0.7434855467382928,3.2966092761387196e-07,0.0015592203898050973,1.117980537125305e-06,associated
century,1300,Religion,Exploration & Invention,Religion + Exploration & Invention,5057,3145,3,4.115633889020241,-0.39917387223727907,-3.1141484361249465,0.6382256454120748,0.8419040904729346,0.5807096451774113,0.0009538950715421304,-1.5426026996094582,0.5513435855757155,-2.6232361273378606,-0.46196927188105574,0.005143647322399599,0.6291021156088622,0.010843364625599155,not distinguishable
century,1300,Religion,Culture (core),Religion + Culture (core),5057,3145,131,38.894689264933426,1.7389897390267497,1.5476346887025865,1.9322273570347537,0.10019811832764715,0.0004997501249375312,0.04165341812400636,-0.2971441463839492,0.10279761600381712,-0.4986274737514308,-0.09566081901646764,0.003845386260954616,0.0015592203898050973,0.008331670232068334,associated
century,1300,Religion,Culture (periphery),Religion + Culture (periphery),5057,3145,11,8.367502164501177,0.37503417874377387,-0.6170861240614554,1.021603275926373,0.42462608494959636,0.3468265867066467,0.0034976152623211448,-0.9278059872132398,0.31272918366754127,-1.5407551872016207,-0.314856787224859,0.0030091336221128033,0.42269490254872566,0.00690330654484702,not distinguishable
century,1300,Religion,Sport & Games,Religion + Sport & Games,5057,3145,2,2.0510221747049955,-0.029147344702920013,-2.435465574295949,1.1245048326245912,0.924648120084883,0.9695152423788106,0.0006359300476947536,-1.1879534778191445,0.659596108495363,-2.480761850470056,0.10485489483176691,0.07169788910997084,0.9775112443778112,0.11898798618250479,not distinguishable
century,1300,Nobility,Kinship,Nobility + Kinship,5057,3145,1093,665.5018244013844,0.7153551859479651,0.6627013019862238,0.7698781275559741,0.027612679788229746,0.0004997501249375312,0.34753577106518285,1.6510609356623558,0.07118076518354816,1.5115466359026013,1.7905752354221103,5.075870945554669e-119,0.0015592203898050973,1.979589668766321e-117,associated
century,1300,Nobility,Big business,Nobility + Big business,5057,3145,11,23.218866281720384,-1.0444011921869172,-2.0145129335729925,-0.4408839710525466,0.4044741361469337,0.02048975512243878,0.0034976152623211448,-1.7476274164664747,0.32061998971897254,-2.376042596315661,-1.1192122366172885,5.0150794447362725e-08,0.03716746278023779,1.8627437937591866e-07,dissociated
century,1300,Nobility,Small business,Nobility + Small business,5057,3145,36,56.05136142375948,-0.6316652922412552,-1.1035273533599992,-0.2778576345152511,0.20872838723520304,0.0069965017491254375,0.011446740858505564,-1.190083251662644,0.19126236312766837,-1.564957483392874,-0.815209019932414,4.900587587774876e-10,0.016537185952478307,1.9112291592322017e-09,dissociated
century,1300,Nobility,Academia,Nobility + Academia,5057,3145,10,140.00361510395888,-3.742146017908051,-4.832098960720192,-3.04627580173856,0.4523746861306257,0.0004997501249375312,0.003179650238473768,-3.971894630416158,0.3134382340495839,-4.586233569153342,-3.3575556916789737,8.451299003602018e-37,0.0015592203898050973,1.0986688704682624e-35,dissociated
century,1300,Nobility,Exploration & Invention,Nobility + Exploration & Invention,5057,3145,10,19.44895972421378,-0.92592418848864,-1.9195061108307374,-0.2947483588003879,0.41763586167426675,0.034482758620689655,0.003179650238473768,-1.577398690813521,0.3397882930337992,-2.2433837451597674,-0.9114136364672745,3.4455455951476656e-06,0.057226705796038155,1.0336636785442998e-05,not distinguishable
century,1300,Nobility,Culture (core),Nobility + Culture (core),5057,3145,50,183.8018797098548,-1.8677154922306045,-2.2674695111182572,-1.542503300202673,0.1846948002687432,0.0004997501249375312,0.01589825119236884,-2.8894740052109205,0.14894236373188754,-3.18140103812542,-2.597546972296421,7.72505634825573e-84,0.0015592203898050973,2.0085146505464898e-82,dissociated
century,1300,Nobility,Culture (periphery),Nobility + Culture (periphery),5057,3145,4,39.5417126445123,-3.1535067751839794,-4.843689015713315,-2.213155633855961,0.7473486023353961,0.0074962518740629685,0.0012718600953895071,-3.214287837000843,0.48174795641888946,-4.158513831581867,-2.27006184241982,2.521069327007778e-11,0.016705932747911757,1.0924633750367037e-10,dissociated
century,1300,Nobility,Sport & Games,Nobility + Sport & Games,5057,3145,12,9.692370299439585,0.29443849661335436,-0.4245084293700053,0.7784840934736525,0.30678827645450735,0.2983508245877061,0.0038155802861685214,-0.4184261066778899,0.3634252215606713,-1.1307395409368057,0.2938873275810259,0.24959226043436855,0.4019024970273484,0.3476463627478705,not distinguishable
century,1300,Kinship,Big business,Kinship + Big business,5057,3145,7,14.028253019390117,-0.9538987327527387,-2.320705863888513,-0.16666936780728128,0.5437692763874252,0.07296351824087956,0.0022257551669316376,-1.3218176271480213,0.3853603085412795,-2.077123831888929,-0.5665114224071135,0.0006033978921652048,0.11614600862833888,0.0015182269544801927,not distinguishable
century,1300,Kinship,Small business,Kinship + Small business,5057,3145,17,33.864817971444914,-0.973577395449913,-1.7331192809809264,-0.4350027863154272,0.3392063195923282,0.010494752623688156,0.005405405405405406,-1.161995884008859,0.25565283109256237,-1.663075432950281,-0.6609163350674366,5.488042902946154e-06,0.020989505247376312,1.5854346164066668e-05,dissociated
century,1300,Kinship,Academia,Kinship + Academia,5057,3145,12,84.58665089319433,-2.767004712689655,-3.782654887950919,-2.1424278561486587,0.4131498908358396,0.0009995002498750624,0.0038155802861685214,-2.8199274288864,0.2883697997342841,-3.385132236365597,-2.254722621407203,1.3876689445186826e-22,0.0029985007496251873,1.0823817767245725e-21,dissociated
century,1300,Kinship,Exploration & Invention,Kinship + Exploration & Invention,5057,3145,0,11.750570620667844,-4.614777045130288,-4.959527974880922,-4.215801877524625,0.193930253248544,0.0004997501249375312,0.0,-3.8956834879600675,1.420296039309187,-6.679463725006074,-1.111903250914061,0.00609053025009484,0.0015592203898050973,0.01218106050018968,dissociated
century,1300,Kinship,Culture (core),Kinship + Culture (core),5057,3145,36,111.0484570058131,-1.6117021885336187,-2.061426642648829,-1.2388023823094179,0.22117839624966468,0.0004997501249375312,0.011446740858505564,-2.225533354983105,0.17282257492421432,-2.564265601834565,-1.8868011081316451,6.020783953228636e-38,0.0015592203898050973,9.392422967036671e-37,dissociated
century,1300,Kinship,Culture (periphery),Kinship + Culture (periphery),5057,3145,5,23.890104842626965,-2.1487924359263064,-3.9515050299095975,-1.2555918372614567,0.6786920610898541,0.0074962518740629685,0.001589825119236884,-2.084705308833151,0.4381067900711104,-2.9433946173725274,-1.2260160002937748,1.950939058975699e-06,0.016705932747911757,6.1219298408754725e-06,dissociated
century,1300,Kinship,Sport & Games,Kinship + Sport & Games,5057,3145,1,5.855885522938034,-2.0831306395447426,-3.9855934704578395,-0.7694491052084496,1.0171975672898559,0.004497751124437781,0.0003179650238473768,-2.0864127424698347,0.8369183398572073,-3.726772688589961,-0.4460527963497083,0.012667936626105256,0.01169415292353823,0.023259644811769432,dissociated
century,1300,Big business,Small business,Big business + Small business,5057,3145,8,1.1815184441320745,2.3376982377578672,1.0719588523478953,3.039761357053398,0.5210853043837221,0.0034982508745627187,0.0025437201907790143,1.38823735705031,0.37285667282042567,0.6574382783222756,2.1190364357783444,0.00019667721355556405,0.009409088559168692,0.000528993884735655,associated
century,1300,Big business,Academia,Big business + Academia,5057,3145,1,2.9511656682147445,-1.2021212292026981,-3.011744371961086,0.13631639270110743,1.0182969528940613,0.4007996001999001,0.0003179650238473768,-1.6924035734992873,0.8258608938553,-3.3110909254556753,-0.07371622154289925,0.040436712211785346,0.4736722547817001,0.0700903011670946,not distinguishable
century,1300,Big business,Exploration & Invention,Big business + Exploration & Invention,5057,3145,4,0.40996871529332385,2.306036149993095,0.5691715057648561,3.23651398595181,0.7651916890497473,0.02148925537231384,0.0012718600953895071,1.656781981442035,0.5034104451562009,0.6700975089358813,2.643466453948189,0.0009979088779356344,0.03809458906910181,0.002432402889968109,associated
century,1300,Big business,Culture (core),Big business + Culture (core),5057,3145,1,3.8743985057120245,-1.5441221545130743,-3.3413972787954727,-0.21037111693022698,1.00627083591789,0.19440279860069964,0.0003179650238473768,-2.1930457492098707,0.8254197655376299,-3.8108684896636253,-0.5752230087561163,0.007886624034952659,0.2808040424232328,0.015378916868157686,not distinguishable
century,1300,Big business,Culture (periphery),Big business + Culture (periphery),5057,3145,2,0.8335080828609104,0.906701525290604,-1.4614374617004071,2.0359952778310286,0.9773114997385542,0.23788105947026486,0.0006359300476947536,0.35974601439351217,0.6498763913822633,-0.9140117127157238,1.6335037415027482,0.5798795447965428,0.3327264938959092,0.7091923987787622,not distinguishable
century,1300,Big business,Sport & Games,Big business + Sport & Games,5057,3145,0,0.20430751341735556,-0.49427737831573926,-0.6898456229418246,-0.30970178978448,0.09567773392986187,0.0004997501249375312,0.0,0.013629177609027971,1.4299829712841499,-2.789137446107906,2.8163958013259616,0.9923954718545316,0.0015592203898050973,0.9923954718545317,dissociated
century,1300,Small business,Academia,Small business + Academia,5057,3145,9,7.124243340887136,0.31733334735829516,-0.8761393910717049,1.0712734909990518,0.48177823966826683,0.48125937031484256,0.002861685214626391,-0.4951593257456863,0.3382833789326451,-1.1581947484536705,0.16787609696229805,0.1432646683733719,0.546857006279469,0.2108423421343964,not distinguishable
century,1300,Small business,Exploration & Invention,Small business + Exploration & Invention,5057,3145,1,0.9896824571245953,0.009957664231468445,-1.7665613429818308,1.4000268266765326,0.9977251518342843,0.9775112443778111,0.0003179650238473768,-0.25218595798528054,0.8305868943707082,-1.8801362709518685,1.3757643549813074,0.7614145091464417,0.9775112443778112,0.8582903286530555,not distinguishable
century,1300,Small business,Culture (core),Small business + Culture (core),5057,3145,18,9.352967897244277,0.9088950090094853,0.1981012466579832,1.4243550812101695,0.32041001580740974,0.00849575212393803,0.005723370429252782,-0.2584777934747103,0.2508801388111279,-0.750202865544521,0.23324727859510042,0.30287670664790456,0.017909963936950445,0.4073169503195958,associated
century,1300,Small business,Culture (periphery),Small business + Culture (periphery),5057,3145,6,2.012125063954678,1.3715314288096891,-0.02448110070477126,2.207133094506075,0.5936967904263152,0.028985507246376812,0.0019077901430842607,0.6529803176840719,0.41226239125229475,-0.1550539691704258,1.4610146045385697,0.113217627836496,0.04914933837429111,0.17661949942493377,associated
century,1300,Small business,Sport & Games,Small business + Sport & Games,5057,3145,0,0.49320729691102216,-0.9901667658809906,-1.2799094760915937,-0.6804367452102535,0.1506247690459665,0.0004997501249375312,0.0,-0.6986232811454256,1.4277192215193097,-3.4969529553232728,2.0997063930324216,0.6246093571836475,0.0015592203898050973,0.749531228620377,dissociated
century,1300,Academia,Exploration & Invention,Academia + Exploration & Invention,5057,3145,4,2.472002789635697,0.5984895313963223,-1.07272983953873,1.4937267607449334,0.7148593293279422,0.335832083958021,0.0012718600953895071,-0.29779738794386634,0.49186723505855534,-1.2618571686586348,0.6662623927709022,0.544884939017732,0.4224984282052522,0.6967381187439852,not distinguishable
century,1300,Academia,Culture (core),Academia + Culture (core),5057,3145,106,23.36159701217198,2.1580909221864006,1.9292128150079073,2.3595664821919833,0.11176754381347623,0.0004997501249375312,0.03370429252782194,0.5604217803166872,0.11780290216633327,0.329528092070674,0.7913154685627004,1.9621570002806003e-06,0.0015592203898050973,6.1219298408754725e-06,associated
century,1300,Academia,Culture (periphery),Academia + Culture (periphery),5057,3145,9,5.025833018848464,0.7817355463925368,-0.36646098770130575,1.4898564821490825,0.46654632843440974,0.08095952023988005,0.002861685214626391,-0.157635441000264,0.34217876943437847,-0.8283058290916459,0.5130349470911177,0.6450271040938002,0.12382044271981656,0.762304759383582,not distinguishable
century,1300,Academia,Sport & Games,Academia + Sport & Games,5057,3145,1,1.2319202033498677,-0.20740996001122958,-2.0425813130742623,1.1328716411170745,1.0015782074433062,0.744127936031984,0.0003179650238473768,-0.7626725594364172,0.83771054588816,-2.4045852293772105,0.8792401105043763,0.3625984587574862,0.7843510677093886,0.479367453950575,not distinguishable
century,1300,Exploration & Invention,Culture (core),Exploration & Invention + Culture (core),5057,3145,8,3.245335908259686,1.1823677256509537,0.02622383170577805,1.838989712042794,0.47438163773787917,0.02498750624687656,0.0025437201907790143,-0.08597451713676985,0.37138840739997564,-0.8138957956407221,0.6419467613671824,0.8169303577174435,0.04331167749458604,0.8850078875272305,associated
century,1300,Exploration & Invention,Culture (periphery),Exploration & Invention + Culture (periphery),5057,3145,4,0.6981764284559787,1.9090846444692353,0.2336567278628183,2.846038076036855,0.7338365678572191,0.01699150424787606,0.0012718600953895071,1.2415085077940522,0.4988666613208977,0.26372985160509277,2.2192871639830116,0.012822624703924174,0.032325300764252024,0.023259644811769432,associated
century,1300,Exploration & Invention,Sport & Games,Exploration & Invention + Sport & Games,5057,3145,0,0.17113534104534223,-0.4246756345276466,-0.5922836215346513,-0.2647380887395547,0.0861902149865062,0.0004997501249375312,0.0,0.24809737513940838,1.4311560306045654,-2.55696844484554,3.0531631951243567,0.8623727669553534,0.0015592203898050973,0.9214393948290076,dissociated
century,1300,Culture (core),Culture (periphery),Culture (core) + Culture (periphery),5057,3145,57,6.598097879731683,3.0180575822612288,2.7443173477375753,3.2648942642088077,0.13045854260323964,0.0004997501249375312,0.018124006359300476,1.821452224748306,0.1909712845784896,1.4471485069744663,2.195755942522146,1.4584790788304166e-21,0.0015592203898050973,1.0341942558979317e-20,associated
century,1300,Culture (core),Sport & Games,Culture (core) + Sport & Games,5057,3145,5,1.617310016317211,1.3771990945643375,-0.25249161616974497,2.145316598382046,0.6198600386988954,0.04147926036981509,0.001589825119236884,0.1835035536572058,0.4702528684982394,-0.7381920685993434,1.105199175913755,0.696371547764657,0.06740379810094953,0.798779128318283,not distinguishable
century,1300,Culture (periphery),Sport & Games,Culture (periphery) + Sport & Games,5057,3145,0,0.3479355489903503,-0.76202651579061,-1.0141974431899583,-0.5241293469777265,0.1252815515497527,0.0004997501249375312,0.0,-0.38417129320831045,1.4285248400154429,-3.1840799796385784,2.4157373932219577,0.7879845696923938,0.0015592203898050973,0.8656731892395313,dissociated
century,1400,Politics,Administration & Law,Politics + Administration & Law,10078,5791,104,62.32474838785378,0.7340980490473585,0.47871064284945775,0.9761250062592338,0.12499443010493694,0.0004997501249375312,0.01795890174408565,-0.056219108727317856,0.10927851253840368,-0.27040499330258905,0.15796677584795335,0.6069324332869881,0.0011812275680341648,0.6485031478956859,associated
century,1400,Politics,Military,Politics + Military,10078,5791,91,69.97403590278078,0.3766799067881546,0.08874315577991555,0.6192619057824673,0.13577212960585933,0.006496751624187906,0.015714039026074943,-0.3255869144792555,0.11459626050174353,-0.5501955850626727,-0.10097824389583818,0.004494901246723628,0.011016231014927318,0.006615137683857414,associated
century,1400,Politics,Religion,Politics + Religion,10078,5791,106,127.0004140070146,-0.25964850122044814,-0.5296496657111673,-0.036883528726069634,0.1279605841762645,0.041979010494752625,0.01830426523916422,-1.3774337279849755,0.10382355797932578,-1.5809279016244542,-1.173939554345497,3.593904282277626e-40,0.05549767489136787,2.803245340176548e-39,not distinguishable
century,1400,Politics,Nobility,Politics + Nobility,10078,5791,374,262.75894588434386,0.5084831619299296,0.39776788215511527,0.6085195425195506,0.05323515804138209,0.0004997501249375312,0.06458297357969263,-0.22306226858014885,0.06457481042265287,-0.3496288970085485,-0.09649564015174925,0.0005516757146277264,0.0011812275680341648,0.0008964730362700555,associated
century,1400,Politics,Kinship,Politics + Kinship,10078,5791,107,155.37372407007044,-0.5360410908717038,-0.8142061050377449,-0.3189166817260574,0.12539903779560957,0.0009995002498750624,0.018476946986703505,-0.9327180039377118,0.10427993075331803,-1.137106668214215,-0.7283293396612085,3.740864922187923e-19,0.002165583874729302,1.3263066542302635e-18,dissociated
century,1400,Politics,Big business,Politics + Big business,10078,5791,39,12.728259324180742,1.5782294200624711,1.151034961981341,1.9175267869936525,0.19614570536958897,0.0004997501249375312,0.006734588154032119,0.5400070082810002,0.18214782455750828,0.18299727214828404,0.8970167444137165,0.0030301416969681304,0.0011812275680341648,0.004634334360068906,associated
century,1400,Politics,Small business,Politics + Small business,10078,5791,66,49.37143526551601,0.4151406172449273,0.07012609971961964,0.7034443697606858,0.16363257357121452,0.015992003998001,0.011396995337592817,-0.3256344394547732,0.1330736295064418,-0.5864587532873992,-0.06481012562214727,0.014404102410256027,0.02267956930625596,0.01971087698245562,associated
century,1400,Politics,Academia,Politics + Academia,10078,5791,85,120.17987583136521,-0.49718879208463945,-0.8061064324278759,-0.23290635426106154,0.1480107607928673,0.0024987506246876563,0.014677948540839232,-1.3218107036116629,0.11482635982835329,-1.5468703688752352,-1.0967510383480905,1.1560354338416882e-30,0.004753720700625298,6.440768845689405e-30,dissociated
century,1400,Politics,Exploration & Invention,Politics + Exploration & Invention,10078,5791,35,21.252678811940253,0.7066259468410032,0.20732566233719515,1.0807812362817808,0.22241358823801902,0.004497751124437781,0.006043861163874978,-0.31007707530115064,0.1800555789550028,-0.6629860100529561,0.04283185945065482,0.08504802254344965,0.007973286084230612,0.10529755172046147,associated
century,1400,Politics,Culture (core),Politics + Culture (core),10078,5791,44,135.07038139520589,-1.6071647803380487,-2.082352378877275,-1.2373865277282514,0.21312382830838816,0.0004997501249375312,0.007597996891728544,-2.499445289751173,0.15417404918380162,-2.801626426151424,-2.197264153350922,4.159151832261304e-59,0.0011812275680341648,5.4068973819396945e-58,dissociated
century,1400,Politics,Culture (periphery),Politics + Culture (periphery),10078,5791,9,39.45828421549553,-2.072495217453483,-3.2208266498317424,-1.3392261340903358,0.4827870633878841,0.0009995002498750624,0.001554135727853566,-2.1886545204024475,0.32882666560668383,-2.8331547849915477,-1.5441542558133472,2.8147200773550804e-11,0.002165583874729302,7.082198904312783e-11,dissociated
century,1400,Politics,Sport & Games,Politics + Sport & Games,10078,5791,0,4.507216915291901,-3.324008955089613,-3.6458793109108734,-2.9375169480789056,0.1807654303657174,0.0004997501249375312,0.0,-2.922236728051616,1.4207469010851836,-5.706900654178575,-0.13757280192465648,0.039702453962163424,0.0011812275680341648,0.05076707227948765,dissociated
century,1400,Administration & Law,Military,Administration & Law + Military,10078,5791,34,42.62057197944108,-0.3217799531761926,-0.8283264358986197,0.09205930898636683,0.23217126628203813,0.15892053973013492,0.005871179416335693,-0.7252877832713,0.17798190892027058,-1.0741323247550303,-0.3764432417875696,4.600156778468203e-05,0.19993229191855683,7.973605082678219e-05,not distinguishable
century,1400,Administration & Law,Religion,Administration & Law + Religion,10078,5791,148,77.35483907381246,0.9316043129954065,0.7229371698434347,1.1151110210140025,0.10040178220519833,0.0004997501249375312,0.025556898635814194,-0.1936845357134828,0.09457181455751072,-0.3790452922462038,-0.00832377918076177,0.04055848725035476,0.0011812275680341648,0.051025193637543084,associated
century,1400,Administration & Law,Nobility,Administration & Law + Nobility,10078,5791,121,160.04417098172112,-0.40201397098704683,-0.6361407073269173,-0.2006099208812161,0.1115613022308742,0.0014992503748125937,0.020894491452253496,-0.9148265479457792,0.10124745307812351,-1.1132715559789013,-0.7163815399126572,1.6317793756157045e-19,0.0029985007496251873,6.060894823715473e-19,dissociated
century,1400,Administration & Law,Kinship,Administration & Law + Kinship,10078,5791,27,94.63677355473347,-1.7905714802859911,-2.393509566042003,-1.3412258240034185,0.2690340979813209,0.0004997501249375312,0.004662407183560697,-1.7172343007956337,0.19611180327640587,-2.101613435217389,-1.3328551663738781,2.0157715265389816e-18,0.0011812275680341648,6.836094742175676e-18,dissociated
century,1400,Administration & Law,Big business,Administration & Law + Big business,10078,5791,8,7.752671197255879,0.04260167955408689,-1.139980700635113,0.7796307895108431,0.4864506941556606,0.9300349825087456,0.0013814539803142809,-0.5426957226160121,0.3532985136773013,-1.2351608094235225,0.14976936419149844,0.12451810714591618,0.9421133589049631,0.15175644308408534,not distinguishable
century,1400,Administration & Law,Small business,Administration & Law + Small business,10078,5791,16,30.07170850321952,-0.889731155174357,-1.6429404811352573,-0.3142397159185956,0.34451052166066604,0.012993503248375811,0.0027629079606285617,-1.1637699559816628,0.25237119768435484,-1.6584175034429982,-0.6691224085203273,4.000772874079222e-06,0.020269865067466263,7.430006766147126e-06,dissociated
century,1400,Administration & Law,Academia,Administration & Law + Academia,10078,5791,147,73.20050904977795,1.0009684653053506,0.8062407234936952,1.1827460593788688,0.09696385002406935,0.0004997501249375312,0.02538421688827491,0.1033951173640129,0.09546193082456156,-0.08371026705212777,0.2905005017801536,0.2787626438398284,0.0011812275680341648,0.3294467609016154,associated
century,1400,Administration & Law,Exploration & Invention,Administration & Law + Exploration & Invention,10078,5791,10,12.94482039479225,-0.356661154930154,-1.5326407452131805,0.32141198712257774,0.4704979015526267,0.39580209895052476,0.001726817475392851,-0.9522408569374659,0.3158988120404629,-1.571402528536773,-0.3330791853381586,0.0025750022973780088,0.45400828997266074,0.004017003583909693,not distinguishable
century,1400,Administration & Law,Culture (core),Administration & Law + Culture (core),10078,5791,47,82.27018548055703,-0.8011836769224836,-1.2323864680773096,-0.46587681230623434,0.1977975459776069,0.0004997501249375312,0.008116042134346399,-1.7048239991135052,0.15157701143987037,-2.0019149415356514,-1.4077330566913593,2.3893523728996325e-29,0.0011812275680341648,1.1648092817885709e-28,dissociated
century,1400,Administration & Law,Culture (periphery),Administration & Law + Culture (periphery),10078,5791,5,24.03369508267764,-2.157261014507015,-4.007096701948943,-1.2676904912860858,0.6771355044274613,0.0079960019990005,0.0008634087376964255,-2.0693355947835625,0.430395567212495,-2.912910906520053,-1.2257602830470724,1.524589123467876e-06,0.013269960764298701,2.9729487907623586e-06,dissociated
century,1400,Administration & Law,Sport & Games,Administration & Law + Sport & Games,10078,5791,3,2.7453063195047,0.10900026362568362,-2.664744498652603,1.1643745843318276,0.853790922843507,0.8650674662668666,0.0005180452426178552,-0.24691969006891243,0.5529965241532503,-1.330792877409283,0.8369534972714582,0.6552273078641732,0.8960388226939162,0.6724701317553357,not distinguishable
century,1400,Military,Religion,Military + Religion,10078,5791,27,86.84881089162435,-1.6673564447516345,-2.2586594173957764,-1.2292986270223354,0.2700406863662755,0.0004997501249375312,0.004662407183560697,-2.2286349563591177,0.19539894891792794,-2.6116168962382567,-1.845653016479979,3.9223291659736395e-30,0.0011812275680341648,2.0396111663062926e-29,dissociated
century,1400,Military,Nobility,Military + Nobility,10078,5791,408,179.6868315715215,1.1808424985216879,1.0893066383951162,1.2713968761127814,0.04686545589454794,0.0004997501249375312,0.07045415299602832,0.8353103602768829,0.07247263850770119,0.6932639888017885,0.9773567317519772,9.771772601718126e-31,0.0011812275680341648,5.8630635610308756e-30,associated
century,1400,Military,Kinship,Military + Kinship,10078,5791,75,106.2518046480042,-0.4997119093794341,-0.8345213458380206,-0.23583105325964426,0.15375233422544574,0.0014992503748125937,0.012951131065446382,-0.708111443825981,0.12378844371965388,-0.9507367935165026,-0.4654860941354594,1.0631384024186779e-08,0.0029985007496251873,2.3692798682473392e-08,dissociated
century,1400,Military,Big business,Military + Big business,10078,5791,5,8.704177822320101,-0.7428572376866761,-2.5209446690473305,0.12781932429900952,0.6610672861891561,0.1934032983508246,0.0008634087376964255,-1.0938188594568525,0.43448967530115307,-1.9454186230471127,-0.24221909586659252,0.011819784073972306,0.23571026986506746,0.016463270674461426,not distinguishable
century,1400,Military,Small business,Military + Small business,10078,5791,10,33.7624918654678,-1.706240752637926,-2.8204730467493264,-1.017742372917917,0.4538360590366385,0.0029985007496251873,0.001726817475392851,-1.729554610646074,0.3133509052537962,-2.3437223849435145,-1.1153868363486334,3.398773887140398e-08,0.005439140894668944,7.364010088804196e-08,dissociated
century,1400,Military,Academia,Military + Academia,10078,5791,16,82.18460853584808,-2.3251527770465388,-3.115743793634266,-1.7165584471485575,0.3624427149277625,0.0004997501249375312,0.0027629079606285617,-2.468043846709702,0.25002665163043125,-2.9580960839053474,-1.9779916095140568,5.553925460773552e-23,0.0011812275680341648,2.3461436112911406e-22,dissociated
century,1400,Military,Exploration & Invention,Military + Exploration & Invention,10078,5791,43,14.533573748638988,1.532827396592386,1.1181233214168578,1.8605652101004675,0.18952978128598966,0.0004997501249375312,0.0074253151441892595,0.5273156158980522,0.16687095718426503,0.20024853981689272,0.8543826919792117,0.0015775813482061126,0.0011812275680341648,0.0025112519420423833,associated
century,1400,Military,Culture (core),Military + Culture (core),10078,5791,29,92.36743126053032,-1.6544577756413146,-2.267157834701724,-1.203670756422977,0.2732126003736265,0.0004997501249375312,0.005007770678639268,-2.3151533046350843,0.1888729968542856,-2.685344378469484,-1.9449622308006846,1.527271675891867e-34,0.0011812275680341648,1.0829744610869602e-33,dissociated
century,1400,Military,Culture (periphery),Military + Culture (periphery),10078,5791,6,26.983416477290064,-2.0800497341945614,-3.5051659917270674,-1.2325486689345828,0.6202017112264723,0.010994502748625687,0.0010360904852357105,-1.9936862597202187,0.39644310280317524,-2.770714741214442,-1.2166577782259953,4.932137107196239e-07,0.01786606696651674,1.0123860377929123e-06,dissociated
century,1400,Military,Sport & Games,Military + Sport & Games,10078,5791,3,3.082245302775911,-0.03350921062670373,-2.7613715111563875,1.011300813713607,0.8859169444552842,0.9615192403798101,0.0005180452426178552,-0.3410443500837427,0.5529004950136964,-1.4247293203105875,0.7426406201431023,0.5373483679988069,0.96151924037981,0.6074372855638687,not distinguishable
century,1400,Religion,Nobility,Religion + Nobility,10078,5791,174,326.12527928069744,-0.904409416686197,-1.0960559699740686,-0.7207857145568372,0.09634342184417514,0.0004997501249375312,0.030046624071835608,-1.916703630633789,0.08226324649358273,-2.077939593761211,-1.755467667506367,4.471165409505462e-120,0.0011812275680341648,1.1625030064714202e-118,dissociated
century,1400,Religion,Kinship,Religion + Kinship,10078,5791,110,192.84328830249328,-0.8071183141173152,-1.0543786187051971,-0.5753415389185806,0.12315169996485692,0.0004997501249375312,0.01899499222932136,-1.4986319830313595,0.10173819439972259,-1.6980388440548158,-1.2992251220079032,4.120017245985257e-49,0.0011812275680341648,4.0170168148356255e-48,dissociated
century,1400,Religion,Big business,Religion + Big business,10078,5791,2,15.797776600468994,-2.7046751603907513,-5.0801925994619,-1.4744931447077125,0.944770984248285,0.0009995002498750624,0.0003453634950785702,-3.030999010668572,0.6373008514737268,-4.280108679557077,-1.7818893417800672,1.974723575580374e-06,0.002165583874729302,3.7567911925675404e-06,dissociated
century,1400,Religion,Small business,Religion + Small business,10078,5791,42,61.277735227109766,-0.5396241414583677,-0.9907113477810949,-0.17854168380951194,0.2105936478925098,0.015992003998001,0.007252633396649974,-1.4013109325689272,0.16080349304759245,-1.7164857789422086,-1.086136086195646,2.9222282232757705e-18,0.02267956930625596,9.497241725646255e-18,dissociated
century,1400,Religion,Academia,Religion + Academia,10078,5791,390,149.1621738605811,1.3836129126721997,1.278402476560588,1.48224246608496,0.053022554405684194,0.0004997501249375312,0.06734588154032119,0.005166957652174181,0.06314987188189329,-0.11860679123633668,0.12894070654068504,0.9347894092597449,0.0011812275680341648,0.9347894092597449,associated
century,1400,Religion,Exploration & Invention,Religion + Exploration & Invention,10078,5791,11,26.37792517274653,-1.2247879131627566,-2.2647287804808136,-0.5442291729947699,0.45011164565155637,0.013993003498250875,0.001899499222932136,-2.089305171161528,0.3011506161878376,-2.67956037888969,-1.4990499634333663,3.984174669031205e-12,0.020989505247376312,1.0716056006359793e-11,dissociated
century,1400,Religion,Culture (core),Religion + Culture (core),10078,5791,250,167.6436389513104,0.5751164021770755,0.42390138869523636,0.7107473010292945,0.07294676180621319,0.0004997501249375312,0.04317043688482127,-1.1462122663058139,0.07157581843147459,-1.286500870431504,-1.0059236621801237,1.0210020987918464e-57,0.0011812275680341648,1.137688052939486e-56,associated
century,1400,Religion,Culture (periphery),Religion + Culture (periphery),10078,5791,20,48.9739518340881,-1.2710452326146937,-1.9782202564749434,-0.7174709456764649,0.3129055135608667,0.001999000499750125,0.003453634950785702,-1.945550769092852,0.22682084807731637,-2.390119631324392,-1.500981906861312,9.697616321277818e-18,0.0038980509745127436,3.0256562922386796e-17,dissociated
century,1400,Religion,Sport & Games,Religion + Sport & Games,10078,5791,5,5.594166814496411,-0.14799737255101433,-1.9176714713790635,0.770370665766128,0.6833297206497976,0.7946026986506747,0.0008634087376964255,-0.9760677473056838,0.4492387782984316,-1.8565757527706097,-0.09555974184075788,0.02980178834426363,0.8608195902048975,0.03939897442122989,not distinguishable
century,1400,Nobility,Kinship,Nobility + Kinship,10078,5791,1008,398.98530687022037,1.3359967372501684,1.2784533068910366,1.3974753707983016,0.0300548586704967,0.0004997501249375312,0.1740632015195994,1.6677225467439927,0.05756493597045451,1.5548952722419018,1.7805498212460835,1.519732901810852e-184,0.0011812275680341648,1.1853916634124645e-182,associated
century,1400,Nobility,Big business,Nobility + Big business,10078,5791,15,32.68498893732987,-1.0982625777891688,-1.910951286005411,-0.5283478222853475,0.361572429319942,0.006496751624187906,0.0025902262130892764,-1.563206827594896,0.26645153497020396,-2.085451836136496,-1.0409618190532963,4.4439700700467415e-09,0.011016231014927318,1.0503929256474117e-08,dissociated
century,1400,Nobility,Small business,Nobility + Small business,10078,5791,51,126.78126477261692,-1.3053757392633976,-1.7030802162928842,-0.9689272883286819,0.1886927523836347,0.0004997501249375312,0.00880676912450354,-1.6390358103435345,0.1471862715463448,-1.9275209025743703,-1.3505507181126988,8.399435386027694e-29,0.0011812275680341648,3.8538585888832944e-28,dissociated
century,1400,Nobility,Academia,Nobility + Academia,10078,5791,33,308.61077009763716,-3.2058909210503237,-3.7616405322734585,-2.796931195638406,0.2534417685506735,0.0004997501249375312,0.005698497668796408,-3.3898882165566286,0.17591708128358233,-3.73468569587245,-3.045090737240807,9.62943437280264e-83,0.0011812275680341648,1.8777397026965148e-81,dissociated
century,1400,Nobility,Exploration & Invention,Nobility + Exploration & Invention,10078,5791,24,54.57490723316977,-1.1686134106600257,-1.825064187718195,-0.6974014720323085,0.2800106593073942,0.0014992503748125937,0.004144361940942842,-1.7264341389156703,0.2111365831032982,-2.140261841798135,-1.312606436033206,2.913378021842463e-16,0.0029985007496251873,8.74013406552739e-16,dissociated
century,1400,Nobility,Culture (core),Nobility + Culture (core),10078,5791,78,346.8482067517421,-2.1456180900579387,-2.4762080676245466,-1.8619176681834264,0.15306974562065503,0.0004997501249375312,0.013469176308064238,-2.9950318344998696,0.11706778447265417,-3.2244846920662718,-2.7655789769334675,2.3142614056512296e-144,0.0011812275680341648,9.025619482039796e-143,dissociated
century,1400,Nobility,Culture (periphery),Nobility + Culture (periphery),10078,5791,10,101.32521268005362,-3.277633594665436,-4.288614757457167,-2.6003549852140515,0.440535359130433,0.0004997501249375312,0.001726817475392851,-3.085368172442367,0.3126558752921951,-3.6981736880150695,-2.4725626568696644,5.71496520699124e-23,0.0011812275680341648,2.3461436112911406e-22,dissociated
century,1400,Nobility,Sport & Games,Nobility + Sport & Games,10078,5791,14,11.574114830815175,0.2641354731669455,-0.45717542953858714,0.8118026357336974,0.3287334185319906,0.4112943528235882,0.0024175444655499916,-0.2468014588601301,0.3049041044064764,-0.8444135034968239,0.3508105857765637,0.41826232708701594,0.4649414423223171,0.4797714928351065,not distinguishable
century,1400,Kinship,Big business,Kinship + Big business,10078,5791,14,19.327176227207516,-0.4514263243216343,-1.3120989947634378,0.14484338726646262,0.36809907177187295,0.2048975512243878,0.0024175444655499916,-0.7929751160481816,0.27510934884288124,-1.3321894397802287,-0.25376079231613435,0.003946587067802886,0.24587706146926536,0.005919880601704329,not distinguishable
century,1400,Kinship,Small business,Kinship + Small business,10078,5791,37,74.96786525664332,-1.0089718699706405,-1.4897891505526457,-0.6193043891877542,0.22494107633418256,0.0004997501249375312,0.006389224658953549,-1.1257924478839554,0.1707291924713115,-1.460421665127726,-0.7911632306401848,4.280615307940891e-11,0.0011812275680341648,1.043399981310592e-10,dissociated
century,1400,Kinship,Academia,Kinship + Academia,10078,5791,22,182.48666844366142,-3.023741637742199,-3.68995192433931,-2.5067678854727258,0.30120382418474917,0.0004997501249375312,0.003798998445864272,-2.903005345996272,0.2140052211057497,-3.3224555793635413,-2.4835551126290025,6.447882752422475e-42,0.0011812275680341648,5.588165052099479e-41,dissociated
century,1400,Kinship,Exploration & Invention,Kinship + Exploration & Invention,10078,5791,18,32.27104808575597,-0.8248965432420082,-1.6009004324655078,-0.2723705694339852,0.33438511228643764,0.022488755622188907,0.003108271455707132,-1.1813950227508583,0.24088970153915798,-1.653538837767608,-0.7092512077341087,9.376177341976863e-07,0.030774086640890087,1.8752354683953725e-06,dissociated
century,1400,Kinship,Culture (core),Kinship + Culture (core),10078,5791,99,205.0970991250843,-1.0470514781822264,-1.3177681941279191,-0.7967108832657349,0.13311892324035832,0.0004997501249375312,0.017095493006389226,-1.7863083666573931,0.10628448848354768,-1.9946259640851465,-1.5779907692296398,2.1739058500056195e-63,0.0011812275680341648,3.3912931260087666e-62,dissociated
century,1400,Kinship,Culture (periphery),Kinship + Culture (periphery),10078,5791,10,59.91527931924886,-2.5245241324276972,-3.5505718476821087,-1.8227212780089905,0.44887783313748714,0.0004997501249375312,0.001726817475392851,-2.234517375000213,0.31309020315428593,-2.8481741731826133,-1.6208605768178126,9.54062530379505e-13,0.0011812275680341648,2.657745620342907e-12,dissociated
century,1400,Kinship,Sport & Games,Kinship + Sport & Games,10078,5791,2,6.843966122736441,-1.5546313088163106,-3.9957240172391835,-0.36015224035992166,0.9907851998834868,0.13693153423288357,0.0003453634950785702,-1.4220627002058155,0.6473729853463568,-2.6909137514846746,-0.15321164892695616,0.028044256472115343,0.1750927814781134,0.03771468973836201,not distinguishable
century,1400,Big business,Small business,Big business + Small business,10078,5791,36,6.141388678670443,2.458339625988181,1.9801573972166575,2.805569178481714,0.20750088059650887,0.0004997501249375312,0.006216542911414264,1.3874193269800512,0.18997701981866605,1.0150643681354659,1.7597742858246366,2.812323393224637e-13,0.0011812275680341648,8.124489802648951e-13,associated
century,1400,Big business,Academia,Big business + Academia,10078,5791,4,14.949359378869007,-1.7795501102096305,-3.4530545023408834,-0.8195685792727291,0.7555917916021803,0.015992003998001,0.0006907269901571404,-2.146079406866078,0.4780648621040965,-3.0830865365901072,-1.2090722771420488,7.152581672605512e-06,0.02267956930625596,1.2974450475889069e-05,dissociated
century,1400,Big business,Exploration & Invention,Big business + Exploration & Invention,10078,5791,8,2.643653366468622,1.43502069300707,0.25442251984047015,2.14065410462922,0.49977385982541367,0.013493253373313344,0.0013814539803142809,0.38117816432343615,0.3558585165064468,-0.31630452802919956,1.0786608566760718,0.2841015921716533,0.02063674045330276,0.3307451371550591,associated
century,1400,Big business,Culture (core),Big business + Culture (core),10078,5791,10,16.801612241230565,-0.7205171529794143,-1.7659982954423208,-0.05013577954629856,0.4555619815351161,0.09545227386306847,0.001726817475392851,-1.7015882860782952,0.3187568865757342,-2.326351783766734,-1.0768247883898563,9.387343009397831e-08,0.12408795602198901,1.9789533911703536e-07,not distinguishable
century,1400,Big business,Culture (periphery),Big business + Culture (periphery),10078,5791,2,4.908276590655687,-1.1132408410824708,-3.489665267825727,0.10817894732466263,0.9631805251537202,0.1619190404797601,0.0003453634950785702,-1.3391866930861367,0.638497793731592,-2.590642368800057,-0.08773101737221634,0.035957984317552996,0.2004711929749411,0.046745379612818896,not distinguishable
century,1400,Big business,Sport & Games,Big business + Sport & Games,10078,5791,0,0.5606596362253089,-1.0849617722672604,-1.3290428148677056,-0.8458029897820121,0.12244717043451325,0.0004997501249375312,0.0,-0.7342800549642041,1.4224311468202517,-3.5222451027318975,2.053684992803489,0.6057043725342479,0.0011812275680341648,0.6485031478956859,dissociated
century,1400,Small business,Academia,Small business + Academia,10078,5791,73,57.98682365251637,0.32963260973682795,0.002146968988562169,0.5991430940687058,0.15362161180144476,0.033483258370814596,0.012605767570367812,-0.48394576743484247,0.1270991252426844,-0.7330600529105039,-0.23483148195918102,0.00014030799753246697,0.04502920953316446,0.00023791356103331355,associated
century,1400,Small business,Exploration & Invention,Small business + Exploration & Invention,10078,5791,8,10.25442346221761,-0.3393954385100913,-1.5904358416406583,0.39195014511645454,0.5071800577659134,0.4542728635682159,0.0013814539803142809,-0.9253701096350222,0.35001703070092793,-1.611403489808841,-0.23933672946120343,0.008198448241571153,0.5061897622617263,0.011842203015602777,not distinguishable
century,1400,Small business,Culture (core),Small business + Culture (core),10078,5791,115,65.1714967456957,0.8145536098666425,0.5714342629784502,1.0199538846476848,0.11505551878744688,0.0004997501249375312,0.019858400967017787,-0.3855269283741179,0.1058356708285881,-0.5929648431981506,-0.17808901355008525,0.00026979984252262923,0.0011812275680341648,0.00044775293014393783,associated
century,1400,Small business,Culture (periphery),Small business + Culture (periphery),10078,5791,81,19.038633153901618,2.060470513790787,1.768965043667411,2.3084857503838396,0.13702260775008795,0.0004997501249375312,0.013987221550682093,1.1797301863594403,0.12890188414350992,0.9270824934381608,1.4323778792807196,5.58082840368536e-20,0.0011812275680341648,2.1765230774372902e-19,associated
century,1400,Small business,Sport & Games,Small business + Sport & Games,10078,5791,2,2.1747334204056425,-0.09746701635593887,-2.526948163367541,1.0710371022705198,1.0060065877302065,0.8730634682658671,0.0003453634950785702,-0.3585391347641002,0.6481314510354779,-1.628876778793637,0.9117985092654364,0.5801340560311098,0.8960388226939162,0.643752997416762,not distinguishable
century,1400,Academia,Exploration & Invention,Academia + Exploration & Invention,10078,5791,26,24.961302659805714,0.05768612689512406,-0.5618889136922404,0.49727777963263403,0.2654363085572257,0.8270864567716142,0.0044897254360214125,-0.9090550181432373,0.20430541732321333,-1.3094936360967355,-0.5086164001897392,8.607422776376037e-06,0.871793832813323,1.5258613103575703e-05,not distinguishable
century,1400,Academia,Culture (core),Academia + Culture (core),10078,5791,395,158.64036247924284,1.3133779045128395,1.2000003030942916,1.4122562459961825,0.05406578036269353,0.0004997501249375312,0.06820929027801761,-0.16128512163499298,0.06239960156403833,-0.2835883407005081,-0.03898190256947785,0.00974598123311737,0.0011812275680341648,0.013821573385148271,associated
century,1400,Academia,Culture (periphery),Academia + Culture (periphery),10078,5791,27,46.34381310022253,-0.7684268977841994,-1.391967652484689,-0.31356417138302284,0.27450247549690815,0.01249375312343828,0.004662407183560697,-1.3433281356877742,0.19792235137427264,-1.7312559443813487,-0.9554003269941999,1.1437249075954843e-11,0.019888015176085426,2.9736847597482594e-11,dissociated
century,1400,Academia,Sport & Games,Academia + Sport & Games,10078,5791,6,5.293732925224868,0.16594653617935634,-1.3530666433508214,0.9442416164497242,0.600166881037918,0.7471264367816092,0.0010360904852357105,-0.5047307090699696,0.417536675542284,-1.3231025931328464,0.313641174992907,0.22672830192726046,0.8207867897037396,0.2720739623127125,not distinguishable
century,1400,Exploration & Invention,Culture (core),Exploration & Invention + Culture (core),10078,5791,34,28.05405353481988,0.2729007967065118,-0.2323884029642629,0.6698555981290143,0.22866456525876552,0.22788605697151423,0.005871179416335693,-1.0597422303795974,0.1814503810453756,-1.4153849772285336,-0.7040994835306611,5.2076626932035774e-09,0.26931988551178954,1.1946990884408208e-08,not distinguishable
century,1400,Exploration & Invention,Culture (periphery),Exploration & Invention + Culture (periphery),10078,5791,18,8.195466736225118,1.0891898981930577,0.38432776885046654,1.6067399379958789,0.3192951348669487,0.0029985007496251873,0.003108271455707132,0.13280445084228396,0.24382539298147918,-0.3450933194014152,0.6107022210859832,0.5859802925203859,0.005439140894668944,0.643752997416762,associated
century,1400,Exploration & Invention,Sport & Games,Exploration & Invention + Sport & Games,10078,5791,2,0.9361467949414755,0.7997248739226229,-1.6152587118608266,1.9559688477389348,0.9814697834927233,0.3153423288355822,0.0003453634950785702,0.3091803561247664,0.6492415120622403,-0.9633330075172246,1.5816937197667573,0.6339192288197014,0.36711494998769273,0.6592759979724895,not distinguishable
century,1400,Culture (core),Culture (periphery),Culture (core) + Culture (periphery),10078,5791,243,52.085895974286835,2.2111739600052456,2.0916526527231682,2.33676865103302,0.06339484309319093,0.0004997501249375312,0.04196166465204628,1.1183813854713835,0.09249514688447591,0.9370908975778107,1.2996718733649564,1.1749412741017965e-33,0.0011812275680341648,7.637118281661678e-33,associated
century,1400,Culture (core),Sport & Games,Culture (core) + Sport & Games,10078,5791,12,5.949636078987113,0.9546384310764495,0.0306280948981367,1.5352341945657026,0.38681878915870904,0.021989005497251374,0.002072180970471421,-0.16034382936322547,0.3209469015745064,-0.789399756449258,0.4687120977228071,0.617359484720252,0.030627543371171555,0.6507302676781035,associated
century,1400,Culture (periphery),Sport & Games,Culture (periphery) + Sport & Games,10078,5791,2,1.7380748388985627,0.15966981554240114,-2.2264418241036403,1.3083027972619166,0.9632639709323254,0.8115942028985508,0.0003453634950785702,-0.13399986060503727,0.648425500167771,-1.4049138409338684,1.136914119723794,0.8362799191473282,0.8671828469326981,0.8471406973180727,not distinguishable
century,1500,Politics,Administration & Law,Politics + Administration & Law,24211,13433,568,232.86548923488738,1.284569122223669,1.1948655481386534,1.375421655258964,0.046339407937940086,0.0004997501249375312,0.042283927640884386,0.44423255169341164,0.05153609116761543,0.3432218130048854,0.5452432903819379,6.705123559247148e-18,0.000795520607043417,1.4942846789179358e-17,associated
century,1500,Politics,Military,Politics + Military,24211,13433,397,244.4476167521503,0.6984816055861108,0.5730375538697607,0.8091218147912449,0.06015091651436302,0.0004997501249375312,0.02955408322787166,-0.12514108163194304,0.05762352473524161,-0.2380831901130166,-0.012198973150869485,0.02987820296995981,0.000795520607043417,0.034783579576968135,associated
century,1500,Politics,Religion,Politics + Religion,24211,13433,261,387.280376752281,-0.5684288526443108,-0.7299419262739553,-0.4225267362509824,0.07837177791163537,0.0004997501249375312,0.019429762525124693,-1.7414254375363591,0.06576394991762885,-1.8703227793749118,-1.6125280956978065,1.6502015137934333e-154,0.000795520607043417,2.1452619679314633e-153,dissociated
century,1500,Politics,Nobility,Politics + Nobility,24211,13433,764,512.8016999085888,0.5747094632358632,0.4950288676272032,0.651688615397028,0.039871612590462305,0.0004997501249375312,0.05687486041837266,-0.17448421852978802,0.04356938723086453,-0.2598802175022825,-0.08908821955729354,6.208482107290355e-05,0.000795520607043417,8.96780748830829e-05,associated
century,1500,Politics,Kinship,Politics + Kinship,24211,13433,282,313.88762200752666,-0.15429354975095635,-0.317921360795699,-0.006351050141254316,0.07775146713533261,0.04997501249375312,0.020993076751284152,-0.6771508134415035,0.06530000311135346,-0.8051388195397563,-0.5491628073432507,3.4008122746831976e-25,0.06390247499201218,8.842111914176315e-25,not distinguishable
century,1500,Politics,Big business,Politics + Big business,24211,13433,105,46.69951103830177,1.1603991797045516,0.912043051063259,1.3768262354629555,0.11842273885386276,0.0004997501249375312,0.007816571130797291,0.2035644097640071,0.11104283083616773,-0.014079538674881625,0.4212083582028958,0.06677190712355674,0.000795520607043417,0.07659130522996214,associated
century,1500,Politics,Small business,Politics + Small business,24211,13433,185,155.33470936813427,0.25140258338095844,0.046718108857089824,0.43294309077845267,0.09544245897118014,0.005997001499250375,0.013772053897119035,-0.4677739423748831,0.0803155225328646,-0.6251923665392978,-0.3103555182104685,5.738563991611338e-09,0.008206423104237354,8.607845987417009e-09,associated
century,1500,Politics,Academia,Politics + Academia,24211,13433,189,420.963932387322,-1.153211326561348,-1.3579778209010573,-0.9695456085368822,0.09968140830266349,0.0004997501249375312,0.014069828035435123,-1.9341595767827255,0.07611385699918637,-2.0833427365011308,-1.7849764170643203,1.8869392388315488e-142,0.000795520607043417,2.1025894375551543e-141,dissociated
century,1500,Politics,Exploration & Invention,Politics + Exploration & Invention,24211,13433,94,71.90850453345837,0.3841551744605776,0.09056895315187234,0.617356032702194,0.13525361263144317,0.006496751624187906,0.0069976922504280505,-0.5195499883025522,0.11083385773570345,-0.736784349464531,-0.3023156271405734,2.763643316150219e-06,0.008588925876045027,4.067248653956926e-06,associated
century,1500,Politics,Culture (core),Politics + Culture (core),24211,13433,160,493.04722544120943,-1.620614839309993,-1.8466851910591169,-1.4258754634840496,0.10898407857254401,0.0004997501249375312,0.011910965532643489,-2.5449905185591435,0.08183134872440923,-2.7053799620589856,-2.3846010750593014,2.3761360316848325e-212,0.000795520607043417,6.177953682380564e-211,dissociated
century,1500,Politics,Culture (periphery),Politics + Culture (periphery),24211,13433,13,131.1167642968805,-3.2853119474109507,-4.275008377414095,-2.669981215906532,0.41125367846640654,0.0004997501249375312,0.0009677659495272835,-3.0930897635214767,0.27413501871871215,-3.6303944002101525,-2.555785126832801,1.5906111718036546e-29,0.000795520607043417,5.169486308361877e-29,dissociated
century,1500,Politics,Sport & Games,Politics + Sport & Games,24211,13433,2,9.646548334620903,-2.020989033082417,-4.423769744946285,-0.8427152733978408,0.9878719062571667,0.13043478260869565,0.00014888706915804363,-2.297518864397105,0.6397240558812208,-3.551378013924298,-1.0436597148699123,0.00032887897226404624,0.149616368286445,0.0004347891497728069,not distinguishable
century,1500,Administration & Law,Military,Administration & Law + Military,24211,13433,114,147.70821639745722,-0.3722778319617702,-0.6333712678203355,-0.13158711084955382,0.12835320225781358,0.00399800099950025,0.008486562942008486,-0.7955578281918709,0.09839196361701587,-0.9884060768812221,-0.6027095795025198,6.186009908044958e-16,0.00566989232656399,1.2372019816089916e-15,dissociated
century,1500,Administration & Law,Religion,Administration & Law + Religion,24211,13433,177,234.01534633825176,-0.40186330904729184,-0.5945512567597317,-0.2156775508119253,0.09815377649443952,0.0004997501249375312,0.013176505620486861,-1.3431711987948276,0.0797159581897848,-1.4994144768468058,-1.1869279207428494,1.0586914971930768e-63,0.000795520607043417,4.587663154503333e-63,dissociated
century,1500,Administration & Law,Nobility,Administration & Law + Nobility,24211,13433,247,309.861987878904,-0.3265233465828983,-0.5034984084544023,-0.17637997932568975,0.08408831240834116,0.0004997501249375312,0.018387553041018388,-0.7535732510884933,0.06935420448707078,-0.889507491883152,-0.6176390102938345,1.6816206931638097e-27,0.000795520607043417,4.684514788099185e-27,dissociated
century,1500,Administration & Law,Kinship,Administration & Law + Kinship,24211,13433,79,189.66755091329057,-1.2582443285842393,-1.600547370953042,-0.9907586598426895,0.15499384014231288,0.0004997501249375312,0.005881039231742723,-1.303027392084,0.11607258909862139,-1.530529666717298,-1.0755251174507021,3.0403201707348153e-29,0.000795520607043417,9.120960512204445e-29,dissociated
century,1500,Administration & Law,Big business,Administration & Law + Big business,24211,13433,26,28.21832167459756,-0.11597907951000312,-0.7244919020071027,0.33630737616812145,0.2706308825374773,0.6531734132933533,0.001935531899054567,-0.6238575504740389,0.2008943299413861,-1.0176104371591557,-0.2301046637889222,0.001900209076896108,0.6884800842821832,0.0023526398094904193,not distinguishable
century,1500,Administration & Law,Small business,Administration & Law + Small business,24211,13433,61,93.8614708960245,-0.6176114968692553,-1.0001602140978285,-0.29483355664554495,0.17979691335385253,0.0014992503748125937,0.004541055609320331,-0.9247639387649204,0.1321324741413966,-1.1837435880820577,-0.665784289447783,2.5823130725280223e-12,0.0022488755622188904,4.378704775156212e-12,dissociated
century,1500,Administration & Law,Academia,Administration & Law + Academia,24211,13433,407,254.3687373464407,0.6770456386760954,0.5651150755925175,0.7869659301647957,0.057781419949207116,0.0004997501249375312,0.03029851857366188,-0.1739710220792701,0.05714076131374527,-0.28596691425421084,-0.061975129904329365,0.002329864320790728,0.000795520607043417,0.0028395221409636996,associated
century,1500,Administration & Law,Exploration & Invention,Administration & Law + Exploration & Invention,24211,13433,21,43.450932717478295,-1.0315571224504643,-1.739709606538998,-0.5405356820327566,0.3085986969581788,0.00399800099950025,0.001563314226159458,-1.357543069402847,0.2197363669728734,-1.7882263486696788,-0.9268597901360152,6.489665355947338e-10,0.00566989232656399,9.925370544390046e-10,dissociated
century,1500,Administration & Law,Culture (core),Administration & Law + Culture (core),24211,13433,196,297.92528655935615,-0.6028404726004607,-0.7969372368023959,-0.4278236960061887,0.09294526312171623,0.0004997501249375312,0.014590932777488274,-1.483644983919896,0.07607155292110725,-1.632745227645266,-1.3345447401945258,1.0295773526767426e-84,0.000795520607043417,7.300639409889629e-84,dissociated
century,1500,Administration & Law,Culture (periphery),Administration & Law + Culture (periphery),24211,13433,13,79.22770387953744,-2.562121713485558,-3.4955272962195467,-1.9065054359777207,0.40576947953756326,0.0004997501249375312,0.0009677659495272835,-2.330538297353115,0.2745095894938468,-2.8685770927610545,-1.792499501945175,2.069489983691736e-17,0.000795520607043417,4.3627086142690654e-17,dissociated
century,1500,Administration & Law,Sport & Games,Administration & Law + Sport & Games,24211,13433,8,5.828956190411216,0.42549525993661313,-0.7671223798559761,1.146156366464803,0.5141997520444193,0.35282358820589704,0.0005955482766321745,-0.26124955866762234,0.35722497781743917,-0.9614105151898031,0.43891139785455846,0.4645772418305628,0.3822255538897218,0.4898519899809529,not distinguishable
century,1500,Military,Religion,Military + Religion,24211,13433,58,245.65466477565298,-2.0730565499425855,-2.4939189323404443,-1.7480181509674946,0.19065222953819314,0.0004997501249375312,0.004317725005583265,-2.5929218695724376,0.13328538470958992,-2.854161223603234,-2.331682515541641,2.7003393309881634e-84,0.000795520607043417,1.7552205651423065e-83,dissociated
century,1500,Military,Nobility,Military + Nobility,24211,13433,808,325.2737222160003,1.3113775368017908,1.2392020229981948,1.380563927320884,0.03654873656060449,0.0004997501249375312,0.06015037593984962,0.8373058768430354,0.046633391316695354,0.7459044298623125,0.9287073238237582,4.3801706786744237e-72,0.000795520607043417,2.1353332058537815e-71,associated
century,1500,Military,Kinship,Military + Kinship,24211,13433,251,199.10112463768587,0.3334385505748612,0.1734455542240465,0.48560719013648845,0.08000880485269724,0.0004997501249375312,0.018685327179334476,-0.05123249259026168,0.07007799027150763,-0.18858535352241662,0.08612036834189328,0.46473137511013485,0.000795520607043417,0.4898519899809529,associated
century,1500,Military,Big business,Military + Big business,24211,13433,22,29.62182805517879,-0.42088432653935204,-1.1274368219187896,0.07295772336715735,0.30300737921910653,0.14792603698150925,0.00163775776073848,-0.8513668992553004,0.21685892239547302,-1.2764103871504275,-0.42632341136017327,8.640529525510882e-05,0.1672207374573583,0.00012253841872542705,not distinguishable
century,1500,Military,Small business,Military + Small business,24211,13433,44,98.5298978426171,-1.154058814946226,-1.6296675425954208,-0.7850641301135141,0.20880372778845774,0.0004997501249375312,0.00327551552147696,-1.3227291397495795,0.15374734841616178,-1.6240739426452566,-1.0213843368539024,7.747998527675164e-18,0.000795520607043417,1.6787330143296187e-17,dissociated
century,1500,Military,Academia,Military + Academia,24211,13433,38,267.02038084257043,-2.7967184554363786,-3.3016331223367303,-2.3965626592929294,0.2271127043434688,0.0004997501249375312,0.002828854314002829,-2.8677722074837897,0.16328442648707667,-3.18780968339846,-2.5477347315691192,4.726763431550169e-69,0.000795520607043417,2.168750280358313e-68,dissociated
century,1500,Military,Exploration & Invention,Military + Exploration & Invention,24211,13433,149,45.61206979765002,1.6969291549448273,1.4939200671675068,1.8808628034733483,0.0994464170972742,0.0004997501249375312,0.01109208665227425,0.76915950895093,0.09336624916412256,0.5861616605892498,0.9521573573126102,1.7498239728696316e-16,0.000795520607043417,3.5917439443113487e-16,associated
century,1500,Military,Culture (core),Military + Culture (core),24211,13433,96,312.7433202271402,-1.698682897559193,-1.9914826545718096,-1.453884255560991,0.14071997973347275,0.0004997501249375312,0.007146579319586094,-2.3204152888235314,0.10495300885204176,-2.526123186173533,-2.1147073914735297,2.5843980029905257e-108,0.000795520607043417,2.239811602591789e-107,dissociated
century,1500,Military,Culture (periphery),Military + Culture (periphery),24211,13433,17,83.16828508050345,-2.2573259429185253,-3.0575953011723693,-1.6939194683835317,0.35406270349224367,0.0004997501249375312,0.0012655400878433707,-2.1194171485699678,0.2416758222066087,-2.5931017600949207,-1.6457325370450149,1.7919107063079718e-18,0.000795520607043417,4.2354253058188426e-18,dissociated
century,1500,Military,Sport & Games,Military + Sport & Games,24211,13433,11,6.118873404472008,0.7969762786162341,-0.23342442907894356,1.4055366423004547,0.4139132518944205,0.0544727636181909,0.00081887888036924,0.018221275605190063,0.311731990552359,-0.5927734258774336,0.6292159770878137,0.9533888068593664,0.06853025100353048,0.9533888068593663,not distinguishable
century,1500,Religion,Nobility,Religion + Nobility,24211,13433,277,515.3338427314459,-0.8944186568391601,-1.0508391071443128,-0.743743801128245,0.07847745811002522,0.0004997501249375312,0.020620859078389044,-1.7757209342429325,0.06394665420256158,-1.9010563764799533,-1.6503854920059118,1.0337113789802791e-169,0.000795520607043417,2.0157371890115442e-168,dissociated
century,1500,Religion,Kinship,Religion + Kinship,24211,13433,176,315.43755503113346,-0.8399712548130013,-1.053690337341599,-0.6495961760375965,0.10272172037970892,0.0004997501249375312,0.01310206208590784,-1.5240421209056503,0.07950116378518475,-1.6798644019246125,-1.368219839886688,6.583217236271326e-82,0.000795520607043417,3.66779246020831e-81,dissociated
century,1500,Religion,Big business,Religion + Big business,24211,13433,6,46.93010666957142,-2.867291489766043,-4.3155150377077005,-2.019797491065337,0.6173315883932889,0.0024987506246876563,0.00044666120747413086,-3.1236497434720727,0.3951325356291595,-3.8981095133052253,-2.34918997363892,2.6724288539733197e-15,0.0036774065797290038,4.963082157379023e-15,dissociated
century,1500,Religion,Small business,Religion + Small business,24211,13433,114,156.101730361897,-0.451752555371459,-0.7209833819578836,-0.226759743420714,0.127778111381638,0.0009995002498750624,0.008486562942008486,-1.317883585665361,0.09851466539735036,-1.5109723298441677,-1.1247948414865543,8.181372552587346e-41,0.0015286474409853896,3.0387955195324428e-40,dissociated
century,1500,Religion,Academia,Religion + Academia,24211,13433,1093,423.0425932035132,1.3683742550108253,1.3057108765652046,1.4271031400783194,0.03138524967228511,0.0004997501249375312,0.08136678329487083,-0.0314017098509616,0.03835137854469938,-0.10657041179857238,0.043766992096649186,0.4129064662639029,0.000795520607043417,0.44731533845256144,associated
century,1500,Religion,Exploration & Invention,Religion + Exploration & Invention,24211,13433,36,72.26357863654586,-0.9953200349373181,-1.501074572816053,-0.5921363601319969,0.2298358911814791,0.0004997501249375312,0.002679967244844785,-1.8544676675121186,0.17013329583928563,-2.1879289273571185,-1.5210064076671186,1.1514757383003278e-27,0.000795520607043417,3.326485466200947e-27,dissociated
century,1500,Religion,Culture (core),Religion + Culture (core),24211,13433,759,495.4818234416706,0.6147627145004219,0.5339609455239965,0.6915984564164519,0.040594572204606674,0.0004997501249375312,0.05650264274547755,-1.0477352936921076,0.042139236577906955,-1.1303281973848052,-0.9651423899994099,1.8407621838428862e-136,0.000795520607043417,1.7947431292468142e-135,associated
century,1500,Religion,Culture (periphery),Religion + Culture (periphery),24211,13433,67,131.76420047684982,-0.9704632175789182,-1.3029760075387966,-0.6769245297756332,0.16106632297876,0.0004997501249375312,0.004987716816794462,-1.715665916921742,0.12603616293982728,-1.9626967962838036,-1.4686350375596806,3.375477975789979e-42,0.000795520607043417,1.3857225374295703e-41,dissociated
century,1500,Religion,Sport & Games,Religion + Sport & Games,24211,13433,9,9.694181636412235,-0.10174654547133856,-1.249848737045037,0.5855751327587674,0.48163438634700617,0.816591704147926,0.0006699918112111963,-1.1805953742598143,0.3392167224233245,-1.8454601502095302,-0.5157305983100983,0.0005007456160768528,0.8358028777818882,0.0006509693008999086,not distinguishable
century,1500,Nobility,Kinship,Nobility + Kinship,24211,13433,1215,417.6739234542732,1.539374887292919,1.4818389805964913,1.5948563883100948,0.028828446479239937,0.0004997501249375312,0.0904488945135115,1.4759376947777463,0.04317195723357946,1.3913206585999305,1.560554730955562,3.7193476476452927e-256,0.000795520607043417,2.9010911651633285e-254,associated
century,1500,Nobility,Big business,Nobility + Big business,24211,13433,39,62.14060903075665,-0.6652455861811828,-1.1378447645308654,-0.28093011658282263,0.21634722405600104,0.004497751124437781,0.0029032978485818506,-1.0458115984967813,0.16666561484262332,-1.372476203588323,-0.7191469934052396,3.498384114508999e-10,0.006264724780466908,5.457479218634039e-10,dissociated
century,1500,Nobility,Small business,Nobility + Small business,24211,13433,95,206.6958139205061,-1.1174222175765074,-1.4049496870862548,-0.855582150316827,0.13992991805844146,0.0004997501249375312,0.007072135785007072,-1.3181812796328478,0.10705478440584819,-1.5280086570683102,-1.1083539021973854,7.696275812883742e-35,0.000795520607043417,2.6100413626301383e-34,dissociated
century,1500,Nobility,Academia,Nobility + Academia,24211,13433,111,560.1547972756189,-2.3300690472364,-2.6085229213857994,-2.0944449333871775,0.13164201678848317,0.0004997501249375312,0.008263232338271422,-2.602574624484908,0.09727283252337925,-2.793229376230731,-2.4119198727390847,1.0681492219425585e-157,0.000795520607043417,1.666312786230391e-156,dissociated
century,1500,Nobility,Exploration & Invention,Nobility + Exploration & Invention,24211,13433,36,95.68490476345946,-1.3979140315441185,-1.9309142403455233,-0.9985144422120242,0.23386765763060743,0.0004997501249375312,0.002679967244844785,-1.6582792588386759,0.17021553632798325,-1.991901710041523,-1.3246568076358287,1.991315319640725e-22,0.000795520607043417,5.010406288128276e-22,dissociated
century,1500,Nobility,Culture (core),Nobility + Culture (core),24211,13433,228,656.072284026974,-1.5227596852355492,-1.7082948133933171,-1.3540374846179668,0.0903931230658381,0.0004997501249375312,0.016973125884016973,-2.2627327925374994,0.06950793666670683,-2.398968348404245,-2.1264972366707537,1.8627380146497527e-232,0.000795520607043417,7.264678257134035e-231,dissociated
century,1500,Nobility,Culture (periphery),Nobility + Culture (periphery),24211,13433,23,174.47025474994382,-2.8963770203134938,-3.598750672620235,-2.389477063591753,0.30438032124419734,0.0004997501249375312,0.0017122012953175016,-2.6202512276346517,0.20885559472029172,-3.0296081932864234,-2.21089426198288,4.193951873025977e-36,0.000795520607043417,1.4869465731637555e-35,dissociated
century,1500,Nobility,Sport & Games,Nobility + Sport & Games,24211,13433,6,12.836159849004126,-1.0368316786235088,-2.49082751515324,-0.18325857172681856,0.6064249732398552,0.07446276861569215,0.00044666120747413086,-1.3952822784567835,0.4042420437658481,-2.187596684237846,-0.6029678726757213,0.0005572709593552463,0.09219199923847599,0.0007125759808149051,not distinguishable
century,1500,Kinship,Big business,Kinship + Big business,24211,13433,35,38.03647297238016,-0.11840551125848718,-0.6080342716881819,0.28268715250149706,0.2303078330446124,0.6141929035482259,0.0026055237102657635,-0.46836555854758544,0.1754322132497026,-0.8122126965170025,-0.12451842057816837,0.007590077401278203,0.65626091064057,0.009108092881533844,not distinguishable
century,1500,Kinship,Small business,Kinship + Small business,24211,13433,69,126.5191935244816,-0.8699616322405539,-1.206146322317234,-0.5739760637028162,0.16458771760563676,0.0004997501249375312,0.005136603885952505,-0.9563850807425973,0.12462925570826129,-1.2006584219307894,-0.7121117395544052,1.66921091615756e-14,0.000795520607043417,2.9590557150065834e-14,dissociated
century,1500,Kinship,Academia,Kinship + Academia,24211,13433,76,342.87261002507313,-2.1662433108339525,-2.510295029251196,-1.8682356230947166,0.16417570256792088,0.0004997501249375312,0.005657708628005658,-2.26635075337353,0.11717089216597386,-2.4960057020188384,-2.0366958047282213,2.3682825598066023e-83,0.000795520607043417,1.4209695358839613e-82,dissociated
century,1500,Kinship,Exploration & Invention,Kinship + Exploration & Invention,24211,13433,27,58.56904769148154,-1.1029707344465385,-1.711619589495751,-0.6507220051848233,0.276829870310732,0.0009995002498750624,0.002009975433633589,-1.261207375313409,0.19516362745962657,-1.643728085134277,-0.8786866654925409,1.031182759984816e-10,0.0015286474409853896,1.6414745975268497e-10,dissociated
century,1500,Kinship,Culture (core),Kinship + Culture (core),24211,13433,259,401.5840219230606,-0.6317624686559151,-0.7943264034418085,-0.4833588578240707,0.08148976246320958,0.0004997501249375312,0.01928087545596665,-1.3427769197112398,0.06705678158886685,-1.474208211625419,-1.2113456277970607,3.370384016632557e-89,0.000795520607043417,2.6288995329733943e-88,dissociated
century,1500,Kinship,Culture (periphery),Kinship + Culture (periphery),24211,13433,46,106.79382183067918,-1.2062643842032963,-1.6533667810320758,-0.8388906278559566,0.21041520830694985,0.0004997501249375312,0.003424402590635003,-1.213001613716309,0.15084855369010325,-1.5086647789489116,-0.9173384484837067,8.897146859844666e-16,0.000795520607043417,1.7349436376697099e-15,dissociated
century,1500,Kinship,Sport & Games,Kinship + Sport & Games,24211,13433,3,7.8570560343903315,-1.2556398871633043,-4.00224035479729,-0.20335135793917405,0.8753756453654931,0.10844577711144428,0.00022333060373706543,-1.3558234190210967,0.5433137228664078,-2.420718315839256,-0.2909285222029374,0.012579018072204767,0.12816319113170688,0.01486611226715109,not distinguishable
century,1500,Big business,Small business,Big business + Small business,24211,13433,78,18.823247749514284,2.0223550588813977,1.727433478734047,2.280581818623965,0.14178755305564317,0.0004997501249375312,0.005806595697163701,1.0936994515658005,0.1260738394439111,0.8465947262557347,1.3408041768758663,4.132941810956407e-18,0.000795520607043417,9.481454742782343e-18,associated
century,1500,Big business,Academia,Big business + Academia,24211,13433,18,51.01183389835389,-1.4773786323358002,-2.225447074882778,-0.930144260491183,0.3324248002584956,0.0004997501249375312,0.0013399836224223926,-1.8973209764509187,0.23750955802547533,-2.3628397101808503,-1.431802242720987,1.367030458987814e-15,0.000795520607043417,2.600692092708524e-15,dissociated
century,1500,Big business,Exploration & Invention,Big business + Exploration & Invention,24211,13433,31,8.713774285452963,1.7734876675641182,1.2320891344036207,2.1845215915071883,0.2461832362038756,0.0004997501249375312,0.002307749571949676,0.7077920266060145,0.18774541048344803,0.33981102205845637,1.0757730311535725,0.00016327601725130795,0.000795520607043417,0.00022742016688575035,associated
century,1500,Big business,Culture (core),Big business + Culture (core),24211,13433,38,59.74678881778873,-0.6460259012593184,-1.115381932008878,-0.26749022940532785,0.21735077939571756,0.006496751624187906,0.002828854314002829,-1.5140889878522439,0.16844904251923631,-1.844249111189947,-1.1839288645145407,2.508337115412128e-19,0.008588925876045027,6.114071718817061e-19,dissociated
century,1500,Big business,Culture (periphery),Big business + Culture (periphery),24211,13433,9,15.888550270021948,-0.7866888208259313,-1.8927485001909023,-0.039762762126800966,0.48689685686398715,0.09995002498750624,0.0006699918112111963,-1.0562820974349365,0.3288751692476199,-1.7008774291602715,-0.4116867657096015,0.0013190501209256011,0.1199400299850075,0.001659450152132208,not distinguishable
century,1500,Big business,Sport & Games,Big business + Sport & Games,24211,13433,0,1.1689555410304409,-1.7389455235505928,-1.9590399123898745,-1.4872857044587866,0.12078344635661316,0.0004997501249375312,0.0,-1.5593045177410991,1.4180533072427686,-4.338688999936926,1.220079964454727,0.2715024148454682,0.000795520607043417,0.30253126225637883,dissociated
century,1500,Small business,Academia,Small business + Academia,24211,13433,201,169.67861583041739,0.2437300753700491,0.058134958858372617,0.40888094836017835,0.08819810555414938,0.0079960019990005,0.014963150450383385,-0.50738502760539,0.07751877397835621,-0.6593218246029682,-0.3554482306078118,5.936891492180885e-11,0.01039480259870065,9.647448674793938e-11,associated
century,1500,Small business,Exploration & Invention,Small business + Exploration & Invention,24211,13433,24,28.984277694475402,-0.267164102236968,-0.8846049476248771,0.24848241282216985,0.29242385716158736,0.3453273363318341,0.0017866448298965235,-0.7461922468847647,0.2069665067453671,-1.1518466001056842,-0.3405378936638452,0.0003117003087966202,0.3793736934349727,0.00041918317389890304,not distinguishable
century,1500,Small business,Culture (core),Small business + Culture (core),24211,13433,289,198.7333458176611,0.539104215770223,0.39326497806826477,0.6735901717832491,0.07213509821783115,0.0004997501249375312,0.021514181493337305,-0.4662368666058986,0.0671450198344394,-0.5978411054813998,-0.33463262773039737,3.8188094111241135e-12,0.000795520607043417,6.337598597184699e-12,associated
century,1500,Small business,Culture (periphery),Small business + Culture (periphery),24211,13433,144,52.84944710557297,1.4375242680571743,1.231636896692807,1.6399341503756184,0.10445866022201723,0.0004997501249375312,0.01071986897937914,0.7226789311449159,0.0927239336473607,0.5409400211960889,0.9044178410937429,6.4983822044706594e-15,0.000795520607043417,1.1787763068574684e-14,associated
century,1500,Small business,Sport & Games,Small business + Sport & Games,24211,13433,6,3.888249902259294,0.5667940313962995,-0.8248241319415637,1.3937214834177116,0.5915268426033031,0.28835582208895555,0.00044666120747413086,-0.07930038373381203,0.404806297515502,-0.8727207268641959,0.7141199593965719,0.8446906994453194,0.3213107731848362,0.8669194020623013,not distinguishable
century,1500,Academia,Exploration & Invention,Academia + Exploration & Invention,24211,13433,76,78.5486744418213,-0.04728152259309497,-0.38224983875706897,0.2237587623551952,0.1549433124256635,0.7526236881559221,0.005657708628005658,-0.8966679362035722,0.12130679317764453,-1.1344292508317555,-0.6589066215753889,1.449227429453944e-13,0.7827286356821589,2.511994211053503e-13,not distinguishable
century,1500,Academia,Culture (core),Academia + Culture (core),24211,13433,956,538.5761565602432,0.8272758682641399,0.7551065628537738,0.8958378356386607,0.03522926159574892,0.0004997501249375312,0.07116801905754486,-0.5333251366320229,0.03936192283058058,-0.6104745053799607,-0.4561757678840849,8.002706124941824e-42,0.000795520607043417,3.121055388727311e-41,associated
century,1500,Academia,Culture (periphery),Academia + Culture (periphery),24211,13433,90,143.22433903250808,-0.6673146987119187,-0.9824340981899288,-0.4115938563921295,0.1449850461875451,0.0004997501249375312,0.006699918112111963,-1.2419811635819438,0.11026616943155716,-1.4581028556677957,-1.0258594714960918,1.9874434003984297e-29,0.000795520607043417,6.200823409243101e-29,dissociated
century,1500,Academia,Sport & Games,Academia + Sport & Games,24211,13433,5,10.537329201038647,-1.0048875890754634,-2.8011560590845126,-0.14363361097681174,0.6708524753177718,0.11594202898550725,0.00037221767289510904,-1.613943739089852,0.4373686203141132,-2.471186234905514,-0.75670124327419,0.00022414618359072486,0.13497728747566515,0.00030672635649257087,not distinguishable
century,1500,Exploration & Invention,Culture (core),Exploration & Invention + Culture (core),24211,13433,76,91.99886977488524,-0.2739759899303638,-0.5952689568057947,0.017535503993348127,0.1528506764575224,0.0769615192403798,0.005657708628005658,-1.2978650156339437,0.1211046914853188,-1.5352302109451685,-1.060499820322719,8.481198310541744e-27,0.09379685157421289,2.2811498904215725e-26,not distinguishable
century,1500,Exploration & Invention,Culture (periphery),Exploration & Invention + Culture (periphery),24211,13433,50,24.465392971350095,1.0163537720694096,0.6249534590553845,1.368572364176336,0.19274345047669378,0.0004997501249375312,0.0037221767289510907,0.20133334573479228,0.14832148614607565,-0.08937676711151599,0.49204345858110055,0.17465037901814096,0.000795520607043417,0.19743086323789846,associated
century,1500,Exploration & Invention,Sport & Games,Exploration & Invention + Sport & Games,24211,13433,2,1.7999726967731329,0.12031136000632195,-2.272575836207068,1.2918275179862782,0.9489525585160973,0.8250874562718641,0.00014888706915804363,-0.4229426785209768,0.6405196671866459,-1.6783612262068028,0.8324758691648492,0.5090537751456679,0.8358028777818882,0.5294159261514946,not distinguishable
century,1500,Culture (core),Culture (periphery),Culture (core) + Culture (periphery),24211,13433,639,167.74920021094886,1.926344712247191,1.8545541050346535,1.9990071601905153,0.03707263068549576,0.0004997501249375312,0.047569418595994936,1.0537871531920275,0.058040059121309814,0.9400286373142603,1.1675456690697947,1.1468574155464748e-73,0.000795520607043417,5.963658560841669e-73,associated
century,1500,Culture (core),Sport & Games,Culture (core) + Sport & Games,24211,13433,30,12.341677104423612,1.2479756140289182,0.7847775785082677,1.6083864291316925,0.2106803859348314,0.0004997501249375312,0.0022333060373706543,-0.02797321313109239,0.21206597982545258,-0.44362253358897946,0.38767610732679464,0.8950570091285087,0.000795520607043417,0.9066811261301777,associated
century,1500,Culture (periphery),Sport & Games,Culture (periphery) + Sport & Games,24211,13433,3,3.2820401057542714,-0.11180974003123739,-2.90695428910082,0.9679202006402013,0.8959299285744823,0.8650674662668666,0.00022333060373706543,-0.5628221153306082,0.5436870185517423,-1.628448671692023,0.5028044410308067,0.3005778257484347,0.8650674662668666,0.3302122592729283,not distinguishable
century,1600,Politics,Administration & Law,Politics + Administration & Law,34930,18437,934,378.78240911473875,1.3009222020968825,1.2252499015293905,1.36925761306883,0.03641020657340236,0.0004997501249375312,0.050659000922058904,0.597769338757596,0.04149713501725017,0.5164349541237856,0.6791037233914063,4.807962322641564e-47,0.0007496251874062968,1.500084244664168e-46,associated
century,1600,Politics,Military,Politics + Military,34930,18437,859,448.5749217520086,0.9365414815453744,0.8579972173084731,1.012019638604534,0.03851205951210815,0.0004997501249375312,0.04659109399576938,0.06365261144513473,0.040869457642136994,-0.016451525533453776,0.14375674842372324,0.1193609275442291,0.0007496251874062968,0.13300217640642673,associated
century,1600,Politics,Religion,Politics + Religion,34930,18437,377,563.0519769210752,-0.5780720331968984,-0.6983057230489736,-0.4514450620664361,0.06460033509704378,0.0004997501249375312,0.02044801214948202,-1.6064908286103408,0.05484103371998301,-1.7139792547015074,-1.4990024025191742,1.2516085743860562e-188,0.0007496251874062968,1.627091146701873e-187,dissociated
century,1600,Politics,Nobility,Politics + Nobility,34930,18437,1066,708.8884196523668,0.5882362812463209,0.5209100112590402,0.6520004233499423,0.033827597265399155,0.0004997501249375312,0.05781851711232847,-0.10038620078019664,0.036925907152589164,-0.17276097879927138,-0.028011422761121882,0.006556189679915282,0.0007496251874062968,0.007748224167172606,associated
century,1600,Politics,Kinship,Politics + Kinship,34930,18437,471,472.74550168708777,-0.005331021928611202,-0.12453137317602356,0.10214970152639667,0.05758797186022276,0.927536231884058,0.025546455497098226,-0.44764390475067184,0.051576104389275915,-0.5487330693536526,-0.34655474014769105,3.982512915567514e-18,0.9275362318840579,7.396095414625382e-18,not distinguishable
century,1600,Politics,Big business,Politics + Big business,34930,18437,249,110.48405378214494,1.1686874108976189,1.0223942103595631,1.3116175906785765,0.07473812366956313,0.0004997501249375312,0.013505450995281228,0.26517380039708766,0.07385998175024984,0.12040823616659796,0.40993936462757735,0.000330395260298943,0.0007496251874062968,0.0004224726279232386,associated
century,1600,Politics,Small business,Politics + Small business,34930,18437,215,279.8017046422552,-0.37929264876794927,-0.5679572468071079,-0.21216188277668074,0.09156008779799973,0.0009995002498750624,0.011661333188696643,-0.9230360730972175,0.07279748710860495,-1.0657191478300831,-0.7803529983643518,7.681581806075624e-37,0.001443722583152868,1.9972112695796622e-36,dissociated
century,1600,Politics,Academia,Politics + Academia,34930,18437,194,615.2996530254328,-1.6626908992796934,-1.869219044414458,-1.4791880817448138,0.10134665811500601,0.0004997501249375312,0.010522319249335575,-2.2933255182347416,0.07413583742005184,-2.438631759578043,-2.14801927689144,4.157273398716946e-210,0.0007496251874062968,8.106683127498045e-209,dissociated
century,1600,Politics,Exploration & Invention,Politics + Exploration & Invention,34930,18437,129,104.38604094449299,0.3041294123722567,0.06600113028185159,0.5192049943468651,0.11661917967256957,0.011494252873563218,0.006996799913217985,-0.41642437293053625,0.09569294360034018,-0.603982542387203,-0.2288662034738695,1.3510282485603322e-05,0.015457788347205707,1.8169000584087227e-05,associated
century,1600,Politics,Culture (core),Politics + Culture (core),34930,18437,214,815.7057587630164,-1.9279552418831212,-2.119032185315382,-1.7432816440453451,0.09538582009135262,0.0004997501249375312,0.011607094429679448,-2.812661606778275,0.07049445686377226,-2.9508307422312687,-2.6744924713252813,0.0,0.0007496251874062968,0.0,dissociated
century,1600,Politics,Culture (periphery),Politics + Culture (periphery),34930,18437,37,235.8520356879423,-2.655974789887196,-3.1861022830417647,-2.267954609278156,0.23449898618913043,0.0004997501249375312,0.0020068340836361664,-2.677209650596978,0.16532076312828778,-3.0012383463284222,-2.353180954865534,5.556565904838674e-59,0.0007496251874062968,2.407845225430092e-58,dissociated
century,1600,Politics,Sport & Games,Politics + Sport & Games,34930,18437,5,16.427524007857787,-1.6218674416384868,-3.4691033565182825,-0.7477459582020592,0.6821017368147225,0.043478260869565216,0.00027119379508596845,-1.9187433598604262,0.4341833612317423,-2.7697427478746413,-1.0677439718462114,9.90666725090154e-06,0.053830227743271224,1.3556492027549475e-05,not distinguishable
century,1600,Administration & Law,Military,Administration & Law + Military,34930,18437,282,232.8674064205099,0.2756477883980742,0.10991014792543091,0.419409465055199,0.07868437096517618,0.0004997501249375312,0.01529533004284862,-0.371982383164646,0.06461241059586534,-0.49862270793254204,-0.24534205839674994,8.555339128768675e-09,0.0007496251874062968,1.2833008693153013e-08,associated
century,1600,Administration & Law,Religion,Administration & Law + Religion,34930,18437,170,292.29555016907153,-0.7801218888335872,-0.9928186610576452,-0.582996394462309,0.10464935741034256,0.0004997501249375312,0.009220589032922926,-1.5275442970165967,0.0799290973995141,-1.6842053279196443,-1.370883266113549,2.0356718090568107e-81,0.0007496251874062968,9.923900069151952e-81,dissociated
century,1600,Administration & Law,Nobility,Administration & Law + Nobility,34930,18437,327,368.0032024109504,-0.1701822502070871,-0.31777962905835677,-0.03614953764777546,0.07089737878584434,0.013993003498250875,0.017736074198622335,-0.6079280854359339,0.06018637871402864,-0.72589338771543,-0.48996278315643776,5.481646468520369e-24,0.018499224963789293,1.1555903366069966e-23,dissociated
century,1600,Administration & Law,Kinship,Administration & Law + Kinship,34930,18437,124,245.41500992713927,-0.9820140531797343,-1.2283234479359804,-0.7487266940437242,0.12142780789592894,0.0004997501249375312,0.0067256061181320175,-1.0389972248820283,0.09327070044113618,-1.2218077977466553,-0.8561866520174014,8.049036038948085e-29,0.0007496251874062968,1.9619525344935957e-28,dissociated
century,1600,Administration & Law,Big business,Administration & Law + Big business,34930,18437,48,57.355268445648484,-0.2544635934388359,-0.6680914204590298,0.08669169721332116,0.19893627792661928,0.20189905047476261,0.002603460432825297,-0.7402546583386833,0.1482363674864303,-1.0307979386120867,-0.44971137806527994,5.921949611782842e-07,0.22497322767187833,8.248429816411815e-07,not distinguishable
century,1600,Administration & Law,Small business,Administration & Law + Small business,34930,18437,67,145.25265259501268,-1.1105627324161955,-1.4611411882647924,-0.8108161458827386,0.1662228593550057,0.0004997501249375312,0.003633996854151977,-1.2742725194848112,0.12493197347074163,-1.519139187487465,-1.0294058514821576,1.988224622520073e-24,0.0007496251874062968,4.3078200154601586e-24,dissociated
century,1600,Administration & Law,Academia,Administration & Law + Academia,34930,18437,413,319.4187356971446,0.37018184458330633,0.24442071658752432,0.48506396224756243,0.060604748472583854,0.0004997501249375312,0.022400607474100994,-0.46946809018719937,0.05460235021688507,-0.5764886966122941,-0.3624474837621046,8.115505821324378e-18,0.0007496251874062968,1.472115009449538e-17,associated
century,1600,Administration & Law,Exploration & Invention,Administration & Law + Exploration & Invention,34930,18437,29,54.18962461456505,-0.8905522051083823,-1.4538168383012835,-0.4298089715807459,0.26194413936437844,0.00399800099950025,0.001572924011498617,-1.140080079538127,0.1880365066259885,-1.5086316325250644,-0.7715285265511895,1.3354053809125712e-09,0.00556864424930392,2.0832323942236112e-09,dissociated
century,1600,Administration & Law,Culture (core),Administration & Law + Culture (core),34930,18437,229,423.454979835968,-0.8854169181875136,-1.0737238292499018,-0.7240378577433844,0.09046527816933818,0.0004997501249375312,0.012420675814937355,-1.7569255954734935,0.0695878070469773,-1.893317697285569,-1.620533493661418,1.203219909631718e-140,0.0007496251874062968,9.3851152951274e-140,dissociated
century,1600,Administration & Law,Culture (periphery),Administration & Law + Culture (periphery),34930,18437,22,122.43718760544539,-2.4499244799344386,-3.1649452114343504,-1.9492308530075677,0.30598306442385304,0.0004997501249375312,0.0011932526983782612,-2.301870564114754,0.21276551104105287,-2.7188909657552176,-1.8848501624742906,2.8038097814867068e-27,0.0007496251874062968,6.248490370170375e-27,dissociated
century,1600,Administration & Law,Sport & Games,Administration & Law + Sport & Games,34930,18437,3,8.52797319716274,-1.3670472133111131,-4.1238987817060995,-0.3093917218899717,0.8690156820209247,0.06546726636681659,0.00016271627705158106,-1.4997305529840141,0.5408241252341099,-2.5597458384428693,-0.43971526752515877,0.005553415141677821,0.07856071964017991,0.006768224703919845,not distinguishable
century,1600,Military,Religion,Military + Religion,34930,18437,71,346.15243577965225,-2.277474750764861,-2.6397090642317047,-1.9747915162662764,0.16670071446728676,0.0004997501249375312,0.0038509518902207517,-2.771213716547245,0.12008237174190668,-3.006575165161382,-2.535852267933108,7.772238714855456e-118,0.0007496251874062968,5.0519551646560464e-117,dissociated
century,1600,Military,Nobility,Military + Nobility,34930,18437,1034,435.8095934597016,1.2455095444259363,1.1762343245863494,1.3072016111835505,0.03352524103572046,0.0004997501249375312,0.05608287682377827,0.5650939069432562,0.03909845674366867,0.4884609317256656,0.6417268821608468,2.3965194370718113e-47,0.0007496251874062968,7.788688170483387e-47,associated
century,1600,Military,Kinship,Military + Kinship,34930,18437,281,290.63392656517993,-0.04854804781593285,-0.2005547517814861,0.09397672873996814,0.07733653262033348,0.5297351324337831,0.015241091283831425,-0.45169220869113164,0.06453503190230266,-0.5781808712196448,-0.32520354616261843,2.574676409975948e-12,0.5660183606826724,4.365755651698347e-12,not distinguishable
century,1600,Military,Big business,Military + Big business,34930,18437,54,67.92325735295375,-0.32823055669347995,-0.7197324842119442,0.00885421189132947,0.18962701376649288,0.08195902048975512,0.002928892986928459,-0.9298189966572992,0.140120653990982,-1.2044554784796238,-0.6551825148349745,3.226478899293195e-11,0.09401181762060146,5.3545820030823234e-11,not distinguishable
century,1600,Military,Small business,Military + Small business,34930,18437,60,172.0161647008866,-1.5117245007167361,-1.9001066032635936,-1.1972229625766968,0.18162099577405677,0.0004997501249375312,0.003254325541031621,-1.7056295406242161,0.13131226202380725,-1.9630015741908784,-1.4482575070575539,1.4105608966122792e-38,0.0007496251874062968,3.7939224115778545e-38,dissociated
century,1600,Military,Academia,Military + Academia,34930,18437,92,378.27320098191143,-2.033808989900499,-2.3411877446806035,-1.7761542177071363,0.14197787901144354,0.0004997501249375312,0.004989965829581819,-2.464904360051249,0.10606924150195489,-2.6728000733950807,-2.2570086467074173,1.8535506678615363e-119,0.0007496251874062968,1.3143359281199984e-118,dissociated
century,1600,Military,Exploration & Invention,Military + Exploration & Invention,34930,18437,133,64.1743281533593,1.0455746747452388,0.8157135288420644,1.2557807412407174,0.11334886396512546,0.0004997501249375312,0.0072137549492867605,0.20874089393673034,0.09500078918646217,0.022539347131264487,0.3949424407421962,0.02800228846406482,0.0007496251874062968,0.03212027206172141,associated
century,1600,Military,Culture (core),Military + Culture (core),34930,18437,171,501.4786322558044,-1.5494173778283846,-1.7582839988361387,-1.3577840355638575,0.10406621391148976,0.0004997501249375312,0.00927482779194012,-2.4140165197187233,0.07891676676194206,-2.5686933825721296,-2.259339656865317,1.6934146695059858e-205,0.0007496251874062968,2.641726884429338e-204,dissociated
century,1600,Military,Culture (periphery),Military + Culture (periphery),34930,18437,36,144.99683862830048,-1.9950194373284538,-2.4968795545132543,-1.5841766040298157,0.22805417580214002,0.0004997501249375312,0.0019525953246189727,-2.1207204211560184,0.16778089774972654,-2.4495709807454826,-1.7918698615665545,1.2734442857161405e-36,0.0007496251874062968,3.2041501382535154e-36,dissociated
century,1600,Military,Sport & Games,Military + Sport & Games,34930,18437,20,10.09929399456806,0.9516557378155416,0.23084399434975608,1.4321272869963924,0.3007911332959338,0.004497751124437781,0.0010847751803438738,0.0787914593541442,0.2372179875427585,-0.38615579622966245,0.5437387149379508,0.7397775728766242,0.006154817328178016,0.7493850738230738,associated
century,1600,Religion,Nobility,Religion + Nobility,34930,18437,258,547.0289159283708,-1.0827708773514544,-1.2462234767214841,-0.9262362938713851,0.08389332412123907,0.0004997501249375312,0.01399359982643597,-1.8200979037447116,0.06516476194937637,-1.9478208371654893,-1.692374970323934,1.130935337334237e-171,0.0007496251874062968,1.102661953900881e-170,dissociated
century,1600,Religion,Kinship,Religion + Kinship,34930,18437,249,364.8041809241566,-0.5500584499469486,-0.7296379540417254,-0.39261537784440825,0.08545688954982815,0.0004997501249375312,0.013505450995281228,-1.1806043784067015,0.067233623237816,-1.3123822799528209,-1.0488264768605822,5.011160980115643e-69,0.0007496251874062968,2.299238567347177e-68,dissociated
century,1600,Religion,Big business,Religion + Big business,34930,18437,17,85.25738394408653,-2.292905974544301,-3.0371239983806118,-1.7303730475657888,0.34070245887300427,0.0004997501249375312,0.0009220589032922926,-2.6724358544140436,0.24145997429922797,-3.1456974040405306,-2.1991743047875567,1.7971670892071984e-28,0.0007496251874062968,4.122912734063573e-28,dissociated
century,1600,Religion,Small business,Religion + Small business,34930,18437,153,215.91497183777142,-0.49556165433146937,-0.7146068762913121,-0.2940700028632025,0.10673223480952664,0.0004997501249375312,0.008298530129630634,-1.283185199282399,0.08462488216973499,-1.4490499683350797,-1.1173204302297184,6.196152415137949e-52,0.0007496251874062968,2.196817674458e-51,dissociated
century,1600,Religion,Academia,Religion + Academia,34930,18437,1284,474.80914179789346,1.434268835327518,1.3756859528098178,1.4933665899355246,0.029607789210655756,0.0004997501249375312,0.06964256657807669,0.0350560169147618,0.03459510113747407,-0.03275038131468737,0.10286241514421098,0.31090583264619953,0.0007496251874062968,0.3277115533297779,associated
century,1600,Religion,Exploration & Invention,Religion + Exploration & Invention,34930,18437,62,80.55172186889862,-0.37498664501601775,-0.7509934751610916,-0.0742519875719149,0.17552924716761134,0.03248375812093953,0.0033628030590660087,-1.2186112016644342,0.13167918846382573,-1.4767024110535325,-0.9605199922753358,2.154473737237161e-20,0.04086666344247231,4.2012237876124636e-20,dissociated
century,1600,Religion,Culture (core),Religion + Culture (core),34930,18437,1058,629.4568010456175,0.7486964642775978,0.6853206262720984,0.8151236993481296,0.033535779567654245,0.0004997501249375312,0.05738460704019092,-0.9217075545457737,0.03583663144143379,-0.991947352170984,-0.8514677569205634,7.037695574674188e-146,0.0007496251874062968,6.09933616471763e-145,associated
century,1600,Religion,Culture (periphery),Religion + Culture (periphery),34930,18437,88,182.0002694713843,-1.044149233902151,-1.3617247829214179,-0.7676032937922405,0.15225826405748757,0.0004997501249375312,0.004773010793513045,-1.7649952889693696,0.1094481042714061,-1.9795135733413256,-1.5504770045974137,1.666563648342478e-58,0.0007496251874062968,6.841682345827015e-58,dissociated
century,1600,Religion,Sport & Games,Religion + Sport & Games,34930,18437,7,12.676650373005891,-0.813021169743689,-2.297110949177445,-0.013352419194558637,0.562103581101045,0.11544227886056972,0.0003796713131203558,-1.5762139747354535,0.3743240600594309,-2.3098891324519384,-0.8425388170189689,2.5443719206365412e-05,0.13049996740760056,3.3637459289771224e-05,not distinguishable
century,1600,Nobility,Kinship,Nobility + Kinship,34930,18437,1261,459.2923387144967,1.4560858738377105,1.398111000260433,1.5139350190207193,0.02940160491167334,0.0004997501249375312,0.06839507512068124,1.2477153133684336,0.03894995216925222,1.1713734071166992,1.3240572196201679,3.690062381741156e-225,0.0007496251874062968,9.594162192527007e-224,associated
century,1600,Nobility,Big business,Nobility + Big business,34930,18437,67,107.33995198509062,-0.6759323520075726,-1.0421159943632772,-0.3817850836096207,0.1672690339698766,0.0009995002498750624,0.003633996854151977,-1.0888401773630105,0.12667933671720238,-1.3371316773287272,-0.8405486773972939,8.308595308233076e-18,0.001443722583152868,1.4728873500958634e-17,dissociated
century,1600,Nobility,Small business,Nobility + Small business,34930,18437,109,271.8392429813241,-1.3144740140437174,-1.5880362377808102,-1.0799722954317112,0.13074570764104249,0.0004997501249375312,0.005912024732874112,-1.4722867455119741,0.09895079283057413,-1.6662302994598994,-1.2783431915640489,4.513361390096817e-50,0.0007496251874062968,1.5306182105545727e-49,dissociated
century,1600,Nobility,Academia,Nobility + Academia,34930,18437,140,597.7897529214886,-2.0902742233105798,-2.3389435159805627,-1.8770110447147328,0.11590320333823662,0.0004997501249375312,0.007593426262407116,-2.433520772084049,0.0865657031166671,-2.6031895501927163,-2.2638519939753814,7.021144012500584e-174,0.0007496251874062968,7.82356047107208e-173,dissociated
century,1600,Nobility,Exploration & Invention,Nobility + Exploration & Invention,34930,18437,28,101.41547344913191,-1.8383392827918008,-2.413286054061265,-1.3645837195866846,0.27165602868389416,0.0004997501249375312,0.0015186852524814232,-1.8752171580996135,0.19079963011213852,-2.249184433119405,-1.501249883079822,8.512560167646247e-23,0.0007496251874062968,1.747314981780019e-22,dissociated
century,1600,Nobility,Culture (core),Nobility + Culture (core),34930,18437,281,792.492798573744,-1.4941728420990052,-1.6561917686159737,-1.3445940031412171,0.07990021006849078,0.0004997501249375312,0.015241091283831425,-2.3042585771807147,0.06233963319697692,-2.4264442582467893,-2.18207289611464,4.506772349177318e-299,0.0007496251874062968,1.757641216179154e-297,dissociated
century,1600,Nobility,Culture (periphery),Nobility + Culture (periphery),34930,18437,51,229.140272461843,-2.1567313350321764,-2.587520392100782,-1.8020598132719814,0.19959876178143096,0.0004997501249375312,0.002766176709876878,-2.1560107165326747,0.1418063102074633,-2.4339510845393026,-1.8780703485260468,3.3311731041103566e-52,0.0007496251874062968,1.2372928672409896e-51,dissociated
century,1600,Nobility,Sport & Games,Nobility + Sport & Games,34930,18437,13,15.960037470333532,-0.2860082126998867,-1.2238513851498973,0.3342022195611411,0.39247560178843566,0.4512743628185907,0.0007051038672235179,-0.7746597415725553,0.28487378637528704,-1.3330123628681179,-0.21630712027699273,0.0065418540019436915,0.48888055972013994,0.007748224167172606,not distinguishable
century,1600,Kinship,Big business,Kinship + Big business,34930,18437,70,71.58316886759735,-0.03203917773931802,-0.37019628680488836,0.25954735128994433,0.16072768615495134,0.8495752123938031,0.003796713131203558,-0.40646435472672043,0.12468048701847866,-0.6508381092829386,-0.16209060017050228,0.0011139341574215647,0.871932454825219,0.0013791565758552707,not distinguishable
century,1600,Kinship,Small business,Kinship + Small business,34930,18437,94,181.284918385978,-0.9438462782193012,-1.2704093215489045,-0.6720208252653308,0.1524728744628856,0.0004997501249375312,0.005098443347616207,-0.9873963880917793,0.10659915842348328,-1.1963307386018065,-0.7784620375817521,1.9932043545534037e-20,0.0007496251874062968,3.9864087091068073e-20,dissociated
century,1600,Kinship,Academia,Kinship + Academia,34930,18437,143,398.6557105656421,-1.4759009144053017,-1.7187258494027322,-1.2673387263877605,0.11638205233340497,0.0004997501249375312,0.007756142539458697,-1.7477299410299085,0.08644554462334944,-1.9171632084916734,-1.5782966735681436,6.840081780374445e-91,0.0007496251874062968,3.8109027062086195e-90,dissociated
century,1600,Kinship,Exploration & Invention,Kinship + Exploration & Invention,34930,18437,44,67.63223597030209,-0.6145322179690752,-1.05866766766328,-0.2351170830423064,0.20965778310684258,0.00399800099950025,0.0023865053967565223,-0.7767601238924738,0.15470097407125433,-1.0799740330721324,-0.4735462147128154,5.139185789895878e-07,0.00556864424930392,7.288299847488699e-07,dissociated
century,1600,Kinship,Culture (core),Kinship + Culture (core),34930,18437,421,528.499824879172,-0.3277346135802763,-0.45215762525824754,-0.21318500413821243,0.06140917703290431,0.0004997501249375312,0.022834517546238543,-1.1342835669135733,0.05346227456353081,-1.2390696250580937,-1.029497508769053,6.721481747804368e-100,0.0007496251874062968,4.032889048682622e-99,dissociated
century,1600,Kinship,Culture (periphery),Kinship + Culture (periphery),34930,18437,79,152.8097089169713,-0.9474222984983721,-1.2820421961900026,-0.6571676617640123,0.15789332218697366,0.0004997501249375312,0.004284861962358302,-1.062856399182829,0.1157697313496602,-1.289765072628163,-0.835947725737495,4.279811904853447e-20,0.0007496251874062968,8.142081184843144e-20,dissociated
century,1600,Kinship,Sport & Games,Kinship + Sport & Games,34930,18437,7,10.64347464521648,-0.5712366486365796,-2.0122099767019366,0.22144932261693698,0.5829942001335631,0.25487256371814093,0.0003796713131203558,-0.7791016799206177,0.37451454491617764,-1.513150187956326,-0.04505317188490954,0.037498251910521516,0.2800008446480985,0.042389328246676496,not distinguishable
century,1600,Big business,Small business,Big business + Small business,34930,18437,137,42.36760075213891,1.681472040009941,1.4561554734242104,1.8779561986973503,0.10673518037086482,0.0004997501249375312,0.007430709985355535,0.7773891188506682,0.09412881282146297,0.5928966457206007,0.9618815919807356,1.4716938836575645e-16,0.0007496251874062968,2.550936065006445e-16,associated
century,1600,Big business,Academia,Big business + Academia,34930,18437,37,93.16873203342978,-1.3206769403370118,-1.8269591531892764,-0.908210101120974,0.23625992561511355,0.0004997501249375312,0.0020068340836361664,-1.8484465666244734,0.16688599905775062,-2.1755431247776644,-1.521350008471282,1.6384940454038745e-28,0.0007496251874062968,3.8728041073182487e-28,dissociated
century,1600,Big business,Exploration & Invention,Big business + Exploration & Invention,34930,18437,45,15.8061442566523,1.4804508619388548,1.0451452579351046,1.8179738303216093,0.19590565027548748,0.0004997501249375312,0.002440744155773716,0.5308045549318444,0.15537183238266464,0.2262757634618217,0.8353333464018671,0.0006346662480075703,0.0007496251874062968,0.0007984510862030723,associated
century,1600,Big business,Culture (core),Big business + Culture (core),34930,18437,65,123.51424364150532,-0.9209390189367554,-1.2886619087901867,-0.6255300492118776,0.1703982039612478,0.0004997501249375312,0.0035255193361175895,-1.8339596128323794,0.12818332447260564,-2.0851989287986865,-1.5827202968660723,1.9696337100573588e-46,0.0007496251874062968,5.9089011301720764e-46,dissociated
century,1600,Big business,Culture (periphery),Big business + Culture (periphery),34930,18437,22,35.71273769536896,-0.6865722477338521,-1.3549908651133986,-0.19642064289079372,0.29620637416055295,0.027486256871564217,0.0011932526983782612,-1.1006427270727313,0.2143129302705281,-1.5206960704029664,-0.6805893837424961,2.8112497970537905e-07,0.0351463612456067,4.137311022079163e-07,dissociated
century,1600,Big business,Sport & Games,Big business + Sport & Games,34930,18437,2,2.487457249057759,-0.25698997318053013,-2.6357515211835616,0.8944523854147702,0.956380118980989,0.7131434282858571,0.00010847751803438737,-0.6589951409426706,0.6382629363063245,-1.9099904961030665,0.5920002142177252,0.3018462671408676,0.7432283858070965,0.3225206689998311,not distinguishable
century,1600,Small business,Academia,Small business + Academia,34930,18437,345,235.95052091149873,0.5471473904900171,0.416381561204892,0.6676628438597279,0.06632803972704873,0.0004997501249375312,0.01871237186093182,-0.30298797763302565,0.059950187435508145,-0.42049034500662164,-0.1854856102594297,4.32661801169473e-07,0.0007496251874062968,6.24955935022572e-07,associated
century,1600,Small business,Exploration & Invention,Small business + Exploration & Invention,34930,18437,54,40.0291802792941,0.42729523335890884,0.019014508396487953,0.7556196717128948,0.1869855616713733,0.027486256871564217,0.002928892986928459,-0.14915321870124326,0.1412754719613328,-0.42605314374545555,0.12774670634296903,0.29107714482071856,0.0351463612456067,0.31533357355577846,associated
century,1600,Small business,Culture (core),Small business + Culture (core),34930,18437,535,312.80075934430545,0.7733383086149965,0.6696339950603819,0.8683357396284542,0.05152518509930056,0.0004997501249375312,0.029017736074198622,-0.33549165419896876,0.05067545282492601,-0.4348155417358237,-0.23616776666211378,3.5823362233494864e-11,0.0007496251874062968,5.821296362942915e-11,associated
century,1600,Small business,Culture (periphery),Small business + Culture (periphery),34930,18437,214,90.44277922956535,1.2379466488063526,1.071440650417156,1.3966949107218798,0.08584714565735256,0.0004997501249375312,0.011607094429679448,0.47871630509009466,0.07540978112097754,0.3309131340929787,0.6265194760872106,2.1785002110223498e-10,0.0007496251874062968,3.4678166624437405e-10,associated
century,1600,Small business,Sport & Games,Small business + Sport & Games,34930,18437,11,6.299504359999992,0.7581323690221208,-0.2318794976950005,1.3966140762843726,0.408734849861391,0.06746626686656672,0.0005966263491891306,0.08006711312777133,0.3069126383387227,-0.5214816580161251,0.6816158842716679,0.7941856917681094,0.07973286084230612,0.7941856917681094,not distinguishable
century,1600,Academia,Exploration & Invention,Academia + Exploration & Invention,34930,18437,104,88.02641416439242,0.2393230520745307,-0.029917658969638123,0.4735953536453038,0.13080973686570352,0.06496751624187906,0.0056408309377881435,-0.6083847173045683,0.10475143990117185,-0.8136975395108652,-0.4030718950982715,6.326550081112172e-09,0.07856071964017991,9.675900124053909e-09,not distinguishable
century,1600,Academia,Culture (core),Academia + Culture (core),34930,18437,1205,687.8664264634258,0.8083830109655037,0.7456857592771041,0.8722640663868346,0.03157066138205792,0.0004997501249375312,0.0653577046157184,-0.6931549207143568,0.03437469766595206,-0.7605293281396228,-0.6257805132890908,2.0001990546838015e-90,0.0007496251874062968,1.0401035084355767e-89,associated
century,1600,Academia,Culture (periphery),Academia + Culture (periphery),34930,18437,138,198.88874783575315,-0.525698019722413,-0.763368909399091,-0.31590605773387687,0.11392149083737561,0.0004997501249375312,0.007484948744372728,-1.2436094892524887,0.08898108328859605,-1.418012412498137,-1.0692065660068404,2.1808386936542564e-44,0.0007496251874062968,6.30020067055674e-44,dissociated
century,1600,Academia,Sport & Games,Academia + Sport & Games,34930,18437,7,13.852963661876263,-0.9363861608371572,-2.3779581569755712,-0.1532769923259642,0.5584735352574787,0.08045977011494253,0.0003796713131203558,-1.5381298663148675,0.3743299440588159,-2.2718165566701467,-0.8044431759595883,3.9733872838095367e-05,0.09366958311888832,5.1654034689523976e-05,not distinguishable
century,1600,Exploration & Invention,Culture (core),Exploration & Invention + Culture (core),34930,18437,65,116.69704769715727,-0.8393694156227126,-1.2019393380137544,-0.5383696869456436,0.16913237915859736,0.0004997501249375312,0.0035255193361175895,-1.7053281179017223,0.12870715343576494,-1.9575941386358215,-1.4530620971676231,4.5315369304913745e-40,0.0007496251874062968,1.2623567163511687e-39,dissociated
century,1600,Exploration & Invention,Culture (periphery),Exploration & Invention + Culture (periphery),34930,18437,73,33.74162308218257,1.1019931616118799,0.7596921826397316,1.384480154542643,0.15933753939342157,0.0004997501249375312,0.003959429408255139,0.2890106654047679,0.12365782763038446,0.04664132324921433,0.5313800075603214,0.0194297998258689,0.0007496251874062968,0.022619766961459314,associated
century,1600,Exploration & Invention,Sport & Games,Exploration & Invention + Sport & Games,34930,18437,3,2.350165524880311,0.29630921506458974,-2.480568871075723,1.314046937672743,0.8955801897656785,0.7146426786606697,0.00016271627705158106,-0.1957059331959991,0.5415293434789681,-1.2571034464147766,0.8656915800227782,0.717804273404463,0.7432283858070965,0.7366938595466856,not distinguishable
century,1600,Culture (core),Culture (periphery),Culture (core) + Culture (periphery),34930,18437,930,263.6677855498213,1.8165516052030268,1.7560298035147344,1.875982299551702,0.031092820837659182,0.0004997501249375312,0.050442045885990126,0.6998271150554132,0.0454106003082015,0.6108223384513383,0.7888318916594881,1.3785410451515972e-53,0.0007496251874062968,5.37631007609123e-53,associated
century,1600,Culture (core),Sport & Games,Culture (core) + Sport & Games,34930,18437,40,18.364941666008384,1.1022142689301058,0.6923809030134982,1.4376731915369965,0.189098252445082,0.0004997501249375312,0.0021695503606877476,-0.1707190248539892,0.18240144957011042,-0.5282258660114056,0.18678781630342722,0.34929783621913213,0.0007496251874062968,0.3632697496678974,associated
century,1600,Culture (periphery),Sport & Games,Culture (periphery) + Sport & Games,34930,18437,5,5.310013850811582,-0.07910998431666565,-1.917940016005776,0.8413182208252111,0.6818748374404723,0.8810594702648675,0.00027119379508596845,-0.595185063974877,0.4345512983106646,-1.4469056086637795,0.25653548071402554,0.17079483374978643,0.8925018010475282,0.18763376102089213,not distinguishable
century,1700,Politics,Administration & Law,Politics + Administration & Law,90542,49320,5905,2495.627254987003,1.2423677271514437,1.2196744999765452,1.264061156537477,0.011712045243396647,0.0004997501249375312,0.11972830494728305,1.021249806644789,0.020777505737098134,0.9805258954000767,1.0619737178895015,0.0,0.0006090704647676162,0.0,associated
century,1700,Politics,Military,Politics + Military,90542,49320,5120,2842.039109500573,0.8491044927438779,0.8235436119650293,0.8746535713207516,0.013295358485831387,0.0004997501249375312,0.10381184103811841,0.008293854487495207,0.0187762927788543,-0.02850767935905922,0.045095388334049635,0.6586922036476162,0.0006090704647676162,0.6586922036476162,associated
century,1700,Politics,Religion,Politics + Religion,90542,49320,1145,1472.2557375478343,-0.362540714806555,-0.43574791837030163,-0.2920112463530693,0.037107531073336905,0.0004997501249375312,0.02321573398215734,-1.3378449757496076,0.03243410985962901,-1.4014158310744804,-1.2742741204247348,0.0,0.0006090704647676162,0.0,dissociated
century,1700,Politics,Nobility,Politics + Nobility,90542,49320,1799,1755.6979289099286,0.03514065205625038,-0.01766040393060246,0.0869285309460116,0.02717119402384166,0.19890054972513743,0.036476074614760746,-0.574648031973859,0.027771470484724597,-0.6290801141239193,-0.5202159498237988,4.0866278330418817e-95,0.21547559553556556,1.0282482934750541e-94,not distinguishable
century,1700,Politics,Kinship,Politics + Kinship,90542,49320,1057,1400.396728164456,-0.4056929432040127,-0.485512732318388,-0.33329970082392757,0.038093277987115,0.0004997501249375312,0.02143146796431468,-0.8350808799664139,0.034785065812131734,-0.9032596089581921,-0.7669021509746357,2.3568312959020615e-127,0.0006090704647676162,8.753944813350515e-127,dissociated
century,1700,Politics,Big business,Politics + Big business,90542,49320,1517,970.2579511347178,0.6445129925818252,0.5894331200947852,0.6983951487862827,0.028135893935011844,0.0004997501249375312,0.03075831305758313,-0.10247133935624379,0.03173103007556795,-0.16466415830435696,-0.04027852040813062,0.001240618661113251,0.0006090704647676162,0.001362933176997656,associated
century,1700,Politics,Small business,Politics + Small business,90542,49320,1314,1699.023550706335,-0.3706162118340866,-0.4384138782050496,-0.3036259263497978,0.034535890451347084,0.0004997501249375312,0.02664233576642336,-0.8818126463519856,0.03129162675527775,-0.94314423479233,-0.8204810579116413,1.0148879690594276e-174,0.0006090704647676162,4.94757884916471e-174,dissociated
century,1700,Politics,Academia,Politics + Academia,90542,49320,1243,2815.396806493646,-1.1791879572841117,-1.2524657035025546,-1.1094747638630085,0.0360279387525525,0.0004997501249375312,0.025202757502027575,-2.06831415175926,0.030426785320736612,-2.1279506509879034,-2.0086776525306163,0.0,0.0006090704647676162,0.0,dissociated
century,1700,Politics,Exploration & Invention,Politics + Exploration & Invention,90542,49320,301,656.8435292771882,-1.1244895213280042,-1.2911850181129594,-0.973469692635843,0.07981054989711069,0.0004997501249375312,0.006103000811030008,-1.5971184851198263,0.06093015127854213,-1.716541581625769,-1.4776953886138837,1.925025364559589e-151,0.0006090704647676162,7.902735707139365e-151,dissociated
century,1700,Politics,Culture (core),Politics + Culture (core),90542,49320,863,3222.2135468934953,-1.9000078762900667,-1.9898648171648796,-1.8123110550303037,0.04578371609899741,0.0004997501249375312,0.017497972424979726,-2.8726978301897446,0.03557444652115698,-2.942423745371212,-2.802971915008277,0.0,0.0006090704647676162,0.0,dissociated
century,1700,Politics,Culture (periphery),Politics + Culture (periphery),90542,49320,280,1145.9323431064704,-2.031078540598774,-2.193797386444209,-1.8716430819278456,0.08249410865054498,0.0004997501249375312,0.0056772100567721,-2.349493957068135,0.06164220694182518,-2.470312682674112,-2.2286752314621574,0.0,0.0006090704647676162,0.0,dissociated
century,1700,Politics,Sport & Games,Politics + Sport & Games,90542,49320,53,121.31551204208408,-1.1870870617511813,-1.5943960942882855,-0.8499735960020106,0.19162017201673656,0.0004997501249375312,0.0010746147607461477,-2.279238421921124,0.14036055337638176,-2.5543451065388325,-2.0041317373034158,2.6963311128356228e-59,0.0006090704647676162,4.891019227934385e-59,dissociated
century,1700,Administration & Law,Military,Administration & Law + Military,90542,49320,514,1075.5552925187453,-1.0645092296710958,-1.1825204558750595,-0.9506038344163432,0.05938141288847874,0.0004997501249375312,0.010421735604217356,-1.5295347676380155,0.04607622639453909,-1.619844171371312,-1.439225363904719,1.2399482769801108e-241,0.0006090704647676162,8.792360509495332e-241,dissociated
century,1700,Administration & Law,Religion,Administration & Law + Religion,90542,49320,149,557.1677198836742,-1.8992602798103986,-2.157317013928784,-1.6940784606511168,0.11824178905528354,0.0004997501249375312,0.003021086780210868,-2.2057689545951873,0.08311451021758516,-2.3686733946216543,-2.0428645145687203,3.4482124467501714e-155,0.0006090704647676162,1.494225393591741e-154,dissociated
century,1700,Administration & Law,Nobility,Administration & Law + Nobility,90542,49320,381,664.4349802192238,-0.8015302184391769,-0.9395622178055464,-0.6716662743749764,0.0692037212509017,0.0004997501249375312,0.007725060827250608,-1.061569405259229,0.053499799549903165,-1.1664290123770393,-0.9567097981414189,1.279533002836918e-87,0.0006090704647676162,3.02435073397817e-87,dissociated
century,1700,Administration & Law,Kinship,Administration & Law + Kinship,90542,49320,181,529.9730420908593,-1.547309889007547,-1.7469978979004976,-1.359295448523472,0.10183005303563125,0.0004997501249375312,0.003669910786699108,-1.4891599957313149,0.07612927551745471,-1.638373375745526,-1.3399466157171036,3.329005369656194e-85,0.0006090704647676162,7.637129965681857e-85,dissociated
century,1700,Administration & Law,Big business,Administration & Law + Big business,90542,49320,180,367.18920262667467,-1.0264879746050843,-1.242298053348897,-0.8337093433846806,0.10364142203732067,0.0004997501249375312,0.0036496350364963502,-1.3137015180923817,0.07654413563868627,-1.4637280239442068,-1.1636750122405566,5.053852254002755e-66,0.0006090704647676162,1.0373696731900393e-65,dissociated
century,1700,Administration & Law,Small business,Administration & Law + Small business,90542,49320,211,642.9868491138795,-1.605253001165927,-1.8044677750166491,-1.4295897958179618,0.0962300886074727,0.0004997501249375312,0.004278183292781833,-1.6008322111206483,0.07053880888136166,-1.7390882765281173,-1.4625761457131794,5.094525241201954e-114,0.0006090704647676162,1.655720703390635e-113,dissociated
century,1700,Administration & Law,Academia,Administration & Law + Academia,90542,49320,878,1065.4726480160018,-0.2790562288540537,-0.3657427746377917,-0.19601280748400218,0.0440673319207154,0.0004997501249375312,0.017802108678021088,-1.0343709896922635,0.036297076094913,-1.105513258838293,-0.963228720546234,1.262935109016115e-178,0.0006090704647676162,7.036352750232642e-178,dissociated
century,1700,Administration & Law,Exploration & Invention,Administration & Law + Exploration & Invention,90542,49320,58,248.57910361230682,-2.090095462547059,-2.501664370751037,-1.7632600230854385,0.18773326524645007,0.0004997501249375312,0.0011759935117599352,-2.0238294282380522,0.1323550950639616,-2.283245414563417,-1.7644134419126876,8.791735440572324e-53,0.0006090704647676162,1.5239008096992028e-52,dissociated
century,1700,Administration & Law,Culture (core),Administration & Law + Culture (core),90542,49320,719,1219.430380954861,-0.7617322262697465,-0.864713349794874,-0.6614719675555693,0.05107178094296916,0.0004997501249375312,0.014578264395782643,-1.6171414233460903,0.039411840608314846,-1.6943886309383875,-1.5398942157537931,0.0,0.0006090704647676162,0.0,dissociated
century,1700,Administration & Law,Culture (periphery),Administration & Law + Culture (periphery),90542,49320,151,433.6722856404178,-1.518949844172783,-1.7493923224445753,-1.3091926445884141,0.1151874807783914,0.0004997501249375312,0.0030616382806163828,-1.6730258054240155,0.08298408180016249,-1.8356746057523339,-1.510377005095697,2.163382788056461e-90,0.0006090704647676162,5.2732455458876245e-90,dissociated
century,1700,Administration & Law,Sport & Games,Administration & Law + Sport & Games,90542,49320,19,45.91124049113259,-1.2510001347589876,-1.9737627964474325,-0.6965801478192856,0.3356591843045504,0.001999000499750125,0.00038523925385239256,-2.027461379472317,0.22872723528746555,-2.475766760635749,-1.5791559983088843,7.71236249022761e-19,0.0023624551360683296,9.861709413733666e-19,dissociated
century,1700,Military,Religion,Military + Religion,90542,49320,153,634.5067947532527,-2.048533373619074,-2.2766613296699774,-1.8417868930784675,0.11014709342001147,0.0004997501249375312,0.0031021897810218978,-2.602680395300286,0.08189425143854821,-2.7631931281198407,-2.4421676624807316,1.1852953267605728e-221,0.0006090704647676162,7.704419623943723e-221,dissociated
century,1700,Military,Nobility,Military + Nobility,90542,49320,1792,756.663558522127,1.2432962364820548,1.1914288951339445,1.2946608042792456,0.02642088502818407,0.0004997501249375312,0.036334144363341446,0.3806802825552986,0.028411030846885035,0.32499466209540395,0.4363659030151933,6.125773138917649e-41,0.0006090704647676162,9.751230710930135e-41,associated
century,1700,Military,Kinship,Military + Kinship,90542,49320,604,603.5372909128848,0.0011047207942903475,-0.10653055133830293,0.09984442623488768,0.05376476224979509,0.9790104947526237,0.012246553122465531,-0.5950344905020043,0.043924163176971225,-0.6811258503288679,-0.5089431306751407,8.269240454852565e-42,0.990504747626187,1.343751573913542e-41,not distinguishable
century,1700,Military,Big business,Military + Big business,90542,49320,187,418.15782880475655,-1.1588810078330989,-1.3735148289566648,-0.961946943022696,0.10504139876260603,0.0004997501249375312,0.003791565287915653,-1.6946406850604756,0.07500100021904836,-1.8416426454898103,-1.547638724631141,4.8633185679649126e-113,0.0006090704647676162,1.5173553932050528e-112,dissociated
century,1700,Military,Small business,Military + Small business,90542,49320,268,732.2382653196765,-1.4483758703702219,-1.6229525897975126,-1.2833411784617166,0.08651684260870715,0.0004997501249375312,0.00543390105433901,-1.7737134831531733,0.06281638937052154,-1.8968336063193956,-1.6505933599869511,2.0864018900159037e-175,0.0006090704647676162,1.0849289828082698e-174,dissociated
century,1700,Military,Academia,Military + Academia,90542,49320,481,1213.368274334055,-1.3340041695852438,-1.4608091789022577,-1.2178615222004574,0.06126795365561312,0.0004997501249375312,0.009752635847526359,-2.1473825264941753,0.047141397777456066,-2.239779666137989,-2.0549853868503614,0.0,0.0006090704647676162,0.0,dissociated
century,1700,Military,Exploration & Invention,Military + Exploration & Invention,90542,49320,589,283.0837549393771,1.0557169228690408,0.9519132285464565,1.1505608561001974,0.050872525343663426,0.0004997501249375312,0.011942416869424169,0.09763099021451822,0.046477824280683915,0.006534454624377753,0.18872752580465868,0.0356767130670124,0.0006090704647676162,0.038120323551054346,associated
century,1700,Military,Culture (core),Military + Culture (core),90542,49320,626,1388.6964998725123,-1.14886426625858,-1.2618402708659848,-1.0473735256848502,0.05488788522029599,0.0004997501249375312,0.012692619626926195,-2.2231821313213986,0.041588704644921246,-2.304695992425444,-2.141668270217353,0.0,0.0006090704647676162,0.0,dissociated
century,1700,Military,Culture (periphery),Military + Culture (periphery),90542,49320,93,493.86926434372094,-2.4025507814682254,-2.701287716843228,-2.142133767797093,0.1443301459857796,0.0004997501249375312,0.0018856447688564476,-2.5915624149321665,0.1046499138760847,-2.7966762461292927,-2.3864485837350404,2.1847497764579692e-135,0.0006090704647676162,8.52052412818608e-135,dissociated
century,1700,Military,Sport & Games,Military + Sport & Games,90542,49320,67,52.28406637279036,0.35478500504456006,0.024546464917096465,0.654951189708664,0.16018035022154653,0.031984007996002,0.0013584752635847526,-1.1498885146557243,0.12595921739043445,-1.3967685807409758,-0.9030084485704728,6.910036301261177e-20,0.03563932319554508,8.98304719163953e-20,associated
century,1700,Religion,Nobility,Religion + Nobility,90542,49320,223,391.9728837311197,-0.8123181490719935,-0.9996222518875868,-0.6375997306702829,0.09313170268200444,0.0004997501249375312,0.004521492295214923,-1.435227543866149,0.06876725968174792,-1.570011372842375,-1.300443714889923,9.867407864786023e-97,0.0006090704647676162,2.5655260448443663e-96,dissociated
century,1700,Religion,Kinship,Religion + Kinship,90542,49320,318,312.6491948686507,0.024443202817187416,-0.1321055045073033,0.16624608042385317,0.07689128773019316,0.7526236881559221,0.006447688564476885,-0.6874132241713365,0.058732769510508154,-0.8025294524119325,-0.5722969959307406,1.214648764847249e-31,0.7827286356821589,1.7544926603349154e-31,not distinguishable
century,1700,Religion,Big business,Religion + Big business,90542,49320,44,216.61744928152396,-2.2865984358452334,-2.7531084427129024,-1.9067829965762264,0.22387767038836756,0.0004997501249375312,0.0008921330089213301,-2.5620972963869284,0.1509992665927433,-2.8580558589087053,-2.2661387338651515,1.4260935711754617e-64,0.0006090704647676162,2.78088246379215e-64,dissociated
century,1700,Religion,Small business,Religion + Small business,90542,49320,307,379.3198987885884,-0.3047290799001962,-0.4624152522202612,-0.15567127496287947,0.07772650604235602,0.0004997501249375312,0.006224655312246553,-1.0025807172240686,0.05933314103904381,-1.1188736736605944,-0.8862877607875428,4.695285761798778e-64,0.0006090704647676162,8.93249486390987e-64,dissociated
century,1700,Religion,Academia,Religion + Academia,90542,49320,1864,628.5586984623678,1.5675222484564428,1.515818969887288,1.6187306161179273,0.025539374591008804,0.0004997501249375312,0.03779399837793999,0.13899062487236297,0.027500599718290962,0.08508944942451269,0.19289180032021325,4.324378718948666e-07,0.0006090704647676162,5.034351344447701e-07,associated
century,1700,Religion,Exploration & Invention,Religion + Exploration & Invention,90542,49320,59,146.64530161561416,-1.3062799038856299,-1.7023662593656719,-0.9800117098425363,0.18272566818947306,0.0004997501249375312,0.0011962692619626927,-1.8119724087308238,0.1313311202616019,-2.0693814044435634,-1.554563413018084,2.657667434014133e-43,0.0006090704647676162,4.410597018151114e-43,dissociated
century,1700,Religion,Culture (core),Religion + Culture (core),90542,49320,1277,719.3836224193203,0.8274876891190155,0.7558116759624607,0.8893467658338942,0.0339283782769494,0.0004997501249375312,0.02589213300892133,-0.7248340061628076,0.031231242437398943,-0.7860472413401095,-0.6636207709855056,3.726484917841319e-119,0.0006090704647676162,1.2637644503983602e-118,associated
century,1700,Religion,Culture (periphery),Religion + Culture (periphery),90542,49320,176,255.83809019304582,-0.5383796862747235,-0.7550512901969862,-0.3392665485042301,0.10431407116581569,0.0004997501249375312,0.0035685320356853203,-1.315869691998966,0.07726588241388473,-1.4673108215301802,-1.164428562467752,4.886030700705616e-65,0.0006090704647676162,9.772061401411232e-65,dissociated
century,1700,Religion,Sport & Games,Religion + Sport & Games,90542,49320,27,27.084608527149783,-0.0044318876648786545,-0.600487938510937,0.46082504840777166,0.2669817272992622,0.9905047476261869,0.0005474452554744526,-1.4820380855171642,0.1934472382242461,-1.8611946724366866,-1.1028814985976418,1.842029654297285e-14,0.990504747626187,2.280608143415686e-14,not distinguishable
century,1700,Nobility,Kinship,Nobility + Kinship,90542,49320,1298,372.8411646882185,1.7982795195839978,1.7344540117334974,1.8567065289687712,0.03159042251267273,0.0004997501249375312,0.02631792376317924,1.2190106084612788,0.03399524540332579,1.1523799274707602,1.2856412894517975,1.3669609912541734e-281,0.0006090704647676162,1.1846995257536168e-280,associated
century,1700,Nobility,Big business,Nobility + Big business,90542,49320,135,258.32115805014246,-0.9336627076613276,-1.1720108875029083,-0.702346202923029,0.12257468925475573,0.0004997501249375312,0.002737226277372263,-1.2677489627130423,0.08792018606652063,-1.4400725274034227,-1.0954253980226618,3.9119909722632335e-47,0.0006090704647676162,6.633375996446353e-47,dissociated
century,1700,Nobility,Small business,Nobility + Small business,90542,49320,200,452.3474717827756,-1.1754229664448148,-1.3744457732362003,-0.9986269913029521,0.09792285593089194,0.0004997501249375312,0.0040551500405515,-1.3065269355846212,0.07258583276085566,-1.4487951677958983,-1.164258703373344,1.9569583943113578e-72,0.0006090704647676162,4.2400765210079417e-72,dissociated
century,1700,Nobility,Academia,Nobility + Academia,90542,49320,251,749.5703205251353,-1.5764674573338773,-1.7525016224384542,-1.4023716022644752,0.08810426620551041,0.0004997501249375312,0.005089213300892133,-2.037118012848079,0.06466255702168648,-2.1638566246105846,-1.9103794010855735,7.69896215231188e-218,0.0006090704647676162,4.619377291387128e-217,dissociated
century,1700,Nobility,Exploration & Invention,Nobility + Exploration & Invention,90542,49320,55,174.87780537349778,-1.6599065050520443,-2.082902281374919,-1.3250123622549577,0.19434427896362044,0.0004997501249375312,0.0011151662611516627,-1.7342049095814065,0.13592057605880487,-2.000609238656664,-1.467800580506149,2.778937629842791e-37,0.0006090704647676162,4.335142702554754e-37,dissociated
century,1700,Nobility,Culture (core),Nobility + Culture (core),90542,49320,477,857.8810757952891,-0.8461175370778745,-0.9722099873731956,-0.7327854339373836,0.06203403643448551,0.0004997501249375312,0.009671532846715328,-1.6969948862033042,0.047861672147674755,-1.7908037636127467,-1.6031860087938616,2.324661410351056e-275,0.0006090704647676162,1.8132359000738237e-274,dissociated
century,1700,Nobility,Culture (periphery),Nobility + Culture (periphery),90542,49320,132,305.09265043608514,-1.2056174870128906,-1.4550815536992705,-0.9866279414334649,0.1194899547095191,0.0004997501249375312,0.00267639902676399,-1.465126575858346,0.0886876412996421,-1.6389543528056445,-1.2912987989110476,2.630663200367568e-61,0.0006090704647676162,4.885517372111197e-61,dissociated
century,1700,Nobility,Sport & Games,Nobility + Sport & Games,90542,49320,29,32.299002057655805,-0.15293696560139836,-0.7512883994752935,0.28034235798725654,0.2612568265694404,0.5552223888055972,0.0005879967558799676,-1.2613757057042625,0.18701307593385427,-1.6279213345346168,-0.8948300768739081,1.5318203517376624e-11,0.5932513195457065,1.866906053680276e-11,not distinguishable
century,1700,Kinship,Big business,Kinship + Big business,90542,49320,248,206.04461541609047,0.2667924019240146,0.09149977330208446,0.43441573273482736,0.0878737704245958,0.0029985007496251873,0.0050283860502838605,-0.2572794731688092,0.06657499178715272,-0.38776645707162855,-0.1267924892659899,0.00011131413093388472,0.0034394567422171263,0.00012583336540352187,associated
century,1700,Kinship,Small business,Kinship + Small business,90542,49320,206,360.8057565297502,-0.8070784591504452,-1.0077560615036167,-0.617831137522486,0.09844798194730471,0.0004997501249375312,0.0041768045417680455,-0.9125182292722328,0.07193457193325413,-1.053509990261411,-0.7715264682830547,7.125663168655834e-37,0.0006090704647676162,1.068849475298375e-36,dissociated
century,1700,Kinship,Academia,Kinship + Academia,90542,49320,433,597.8795139573431,-0.46502879070546926,-0.5894415000328834,-0.34227466064580503,0.06396314691420377,0.0004997501249375312,0.008779399837793998,-1.076265527961303,0.050694101115708275,-1.1756259661480912,-0.9769050897745147,4.983611440239422e-100,0.0006090704647676162,1.3404196287540516e-99,dissociated
century,1700,Kinship,Exploration & Invention,Kinship + Exploration & Invention,90542,49320,84,139.48772305363394,-0.7282770616178916,-1.0543998841312396,-0.46198312388146173,0.15376920787483583,0.0004997501249375312,0.0017031630170316302,-0.9452698344174235,0.11109848411588126,-1.1630228632845507,-0.7275168055502963,1.7635685113265e-17,0.0006090704647676162,2.218682965862371e-17,dissociated
century,1700,Kinship,Culture (core),Kinship + Culture (core),90542,49320,826,684.2713839981751,0.27139240549249743,0.17990343842595805,0.359911358006031,0.04474480564833121,0.0004997501249375312,0.016747769667477697,-0.674445896036607,0.038410222764896966,-0.749729932655805,-0.599161859417409,5.074312451194645e-69,0.0006090704647676162,1.069719922143736e-68,associated
century,1700,Kinship,Culture (periphery),Kinship + Culture (periphery),90542,49320,163,243.35094461436518,-0.5767089252820431,-0.798115970468691,-0.3742953797148766,0.10934607149097268,0.0004997501249375312,0.0033049472830494727,-0.8849303717484351,0.080535400206976,-1.0427797561541081,-0.7270809873427622,4.360473966220706e-28,0.0006090704647676162,5.966964374828335e-28,dissociated
century,1700,Kinship,Sport & Games,Kinship + Sport & Games,90542,49320,59,25.76264177323564,1.1798776234216632,0.7849188757329936,1.4858742519248478,0.18197180818734265,0.0004997501249375312,0.0011962692619626927,-0.1737437879401756,0.13400866493952904,-0.4364007712216525,0.08891319534130132,0.19479928790028,0.0006090704647676162,0.1973291487821018,associated
century,1700,Big business,Small business,Big business + Small business,90542,49320,695,249.98248499696308,1.4733407883588605,1.377624772407777,1.5610285349117081,0.047877767520140245,0.0004997501249375312,0.014091646390916463,0.6702359458548954,0.04287027294189977,0.5862102108887719,0.754261680821019,4.267994371678979e-55,0.0006090704647676162,7.565990022521826e-55,associated
century,1700,Big business,Academia,Big business + Academia,90542,49320,215,414.23786600674543,-0.9445119035292759,-1.1379147324983192,-0.7708036146556275,0.09334363412372278,0.0004997501249375312,0.004359286293592863,-1.64822481868432,0.07020429795956931,-1.7858252426850758,-1.5106243946835642,6.9177786852113e-122,0.0006090704647676162,2.4526669883930972e-121,dissociated
century,1700,Big business,Exploration & Invention,Big business + Exploration & Invention,90542,49320,213,96.6433794485217,1.1360484886575037,0.9435123038702355,1.30887385725077,0.09087912166673842,0.0004997501249375312,0.004318734793187348,0.22963181824171155,0.07241267553362322,0.08770297419581002,0.3715606622876131,0.0015183410241244649,0.0006090704647676162,0.0016448694428015036,associated
century,1700,Big business,Culture (core),Big business + Culture (core),90542,49320,297,474.0940461410586,-0.6738043333825657,-0.8375941667028577,-0.5267639111863873,0.08060154282811947,0.0004997501249375312,0.006021897810218978,-1.6438259527485266,0.0603372514538152,-1.7620869655980045,-1.5255649398990487,1.9593169045400925e-163,0.0006090704647676162,8.98980697377219e-163,dissociated
century,1700,Big business,Culture (periphery),Big business + Culture (periphery),90542,49320,95,168.60449912483952,-0.8243424057491248,-1.1332515955057691,-0.566758085541259,0.14500399187402607,0.0004997501249375312,0.0019261962692619628,-1.2698409825333046,0.10425199628038499,-1.474174895242859,-1.06550706982375,3.948750003434111e-34,0.0006090704647676162,5.8113679295822755e-34,dissociated
century,1700,Big business,Sport & Games,Big business + Sport & Games,90542,49320,32,17.84951901128824,0.82469747137363,0.26806984664471933,1.2417357205579722,0.2458542310168103,0.0014992503748125937,0.0006488240064882401,-0.6340430711423782,0.17868010372660972,-0.9842560744465333,-0.2838300678382232,0.0003874589794739187,0.0017991004497751122,0.0004317400056995094,associated
century,1700,Small business,Academia,Small business + Academia,90542,49320,1023,725.3739988594795,0.4957200581143638,0.4160179977407202,0.5707473739626086,0.03874767569874223,0.0004997501249375312,0.020742092457420924,-0.3668685058593427,0.03482970135812209,-0.435134720521262,-0.29860229119742343,6.072856006005533e-26,0.0006090704647676162,8.166944283938475e-26,associated
century,1700,Small business,Exploration & Invention,Small business + Exploration & Invention,90542,49320,328,169.2327050871942,0.9526287919898209,0.8041798235835375,1.0837498930954683,0.07109737987381387,0.0004997501249375312,0.006650446066504461,0.26484499148861973,0.059552457486712375,0.14812217481466347,0.38156780816257596,8.697438379649467e-06,0.0006090704647676162,9.976473435480271e-06,associated
century,1700,Small business,Culture (core),Small business + Culture (core),90542,49320,1319,830.1884552466536,0.6676119412930397,0.6044329512605102,0.7324749283351537,0.03306606663710648,0.0004997501249375312,0.026743714517437144,-0.40060237717595437,0.03143296560658365,-0.4622109897648583,-0.33899376458705044,3.3385427069438297e-37,0.0006090704647676162,5.106006492972916e-37,associated
century,1700,Small business,Culture (periphery),Small business + Culture (periphery),90542,49320,657,295.2441816458491,1.1526411085727597,1.0491338271691955,1.2448197198375381,0.049801974748079146,0.0004997501249375312,0.01332116788321168,0.4067023091018563,0.043348156554223166,0.3217399222555789,0.49166469594813367,6.459282681160858e-21,0.0006090704647676162,8.539390663229608e-21,associated
century,1700,Small business,Sport & Games,Small business + Sport & Games,90542,49320,40,31.256382010054132,0.3508753517342162,-0.10919760718916327,0.7306552956668784,0.21846522669026142,0.11394302848575712,0.0008110300081103001,-0.8442118678921873,0.1605845222567969,-1.1589575315155092,-0.5294662042688654,1.4633000470863335e-07,0.1251768481956205,1.7293546011020304e-07,not distinguishable
century,1700,Academia,Exploration & Invention,Academia + Exploration & Invention,90542,49320,562,280.430025386458,1.0016422705082708,0.8936348872092158,1.1035109807758556,0.05288858535349818,0.0004997501249375312,0.011394971613949716,-0.0639872099859924,0.04724835946508991,-0.15659399453756861,0.02861957456558381,0.17564907765810878,0.0006090704647676162,0.18027142180700637,associated
century,1700,Academia,Culture (core),Academia + Culture (core),90542,49320,2934,1375.6783563816005,1.0924472488366668,1.0516600651110704,1.1295716675559386,0.02015650997761571,0.0004997501249375312,0.05948905109489051,-0.4746230898654696,0.0220139887360995,-0.5177705077882246,-0.4314756719427146,4.2598270306790125e-103,0.0006090704647676162,1.186666101403439e-102,associated
century,1700,Academia,Culture (periphery),Academia + Culture (periphery),90542,49320,489,489.2395551527149,-0.0007058641287863895,-0.12054503037859339,0.11540739467042221,0.06093732190911558,0.9890054972513743,0.009914841849148419,-0.9342620554631047,0.048053816310262176,-1.0284475354312186,-0.8400765754949908,3.4065782944846924e-84,0.990504747626187,7.591803056280171e-84,not distinguishable
century,1700,Academia,Sport & Games,Academia + Sport & Games,90542,49320,34,51.793936615574275,-0.6000473164789779,-1.1318767713470437,-0.19082837445589368,0.23994151582003242,0.015992003998001,0.000689375506893755,-1.9543339692873511,0.1732086088330612,-2.293822842600151,-1.6148450959745513,1.590000212166369e-29,0.01807791756295765,2.2146431526602997e-29,dissociated
century,1700,Exploration & Invention,Culture (core),Exploration & Invention + Culture (core),90542,49320,193,320.9513574327382,-0.7322668766270752,-0.9374439548390104,-0.5488341673568002,0.09907805353657768,0.0004997501249375312,0.003913219789132198,-1.6282984865995467,0.07457773341134147,-1.774470844085776,-1.4821261291133174,1.113628306023897e-105,0.0006090704647676162,3.2171484396245913e-105,dissociated
century,1700,Exploration & Invention,Culture (periphery),Exploration & Invention + Culture (periphery),90542,49320,175,114.14157866746024,0.6143406491036483,0.4072876352916663,0.8061985828478773,0.10185013632271228,0.0004997501249375312,0.003548256285482563,-0.1621884354729833,0.07886652942814634,-0.31676683315215015,-0.007610037793816471,0.03973505722918966,0.0006090704647676162,0.04188289816049721,associated
century,1700,Exploration & Invention,Sport & Games,Exploration & Invention + Sport & Games,90542,49320,26,12.083736133842761,1.074432035111862,0.4616820227778065,1.5296623400572829,0.27673170675687436,0.0024987506246876563,0.000527169505271695,-0.3960824570448876,0.19747726105237945,-0.7831378887075513,-0.009027025382223886,0.04488701398986112,0.002908993264561749,0.04668249454945556,associated
century,1700,Culture (core),Culture (periphery),Culture (core) + Culture (periphery),90542,49320,2092,559.9332636355973,1.9006131304561245,1.854797007418153,1.9440247644180202,0.022810700490515156,0.0004997501249375312,0.042416869424168696,0.6398707055605749,0.028592674006902418,0.5838290645070462,0.6959123466141036,6.327755633818104e-111,0.0006090704647676162,1.898326690145431e-110,associated
century,1700,Culture (core),Sport & Games,Culture (core) + Sport & Games,90542,49320,89,59.27801147771285,0.5822727759757718,0.27979263738399035,0.8335220258946281,0.14061276059491232,0.0004997501249375312,0.0018045417680454176,-1.2788644417786554,0.1105787183850531,-1.4955987298133595,-1.0621301537439514,6.1850619015737105e-31,0.0006090704647676162,8.771542333140899e-31,associated
century,1700,Culture (periphery),Sport & Games,Culture (periphery) + Sport & Games,90542,49320,23,21.08134349222044,0.12287607782012715,-0.5375773332658441,0.6157312158194006,0.29694734170581805,0.6896551724137931,0.0004663422546634225,-1.1383559392246558,0.20897885902710886,-1.5479545029177892,-0.7287573755315224,5.116025069891685e-08,0.7269338303821062,6.139230083870022e-08,not distinguishable
century,1800,Politics,Administration & Law,Politics + Administration & Law,404231,189984,24246,9211.314442673749,1.3962192525024246,1.3840727640513342,1.4076659333720678,0.0060000546383468505,0.0004997501249375312,0.1276212733703891,1.2975365621703343,0.010294870691587426,1.277358615614823,1.3177145087258457,0.0,0.000533979585549691,0.0,associated
century,1800,Politics,Military,Politics + Military,404231,189984,7957,5811.176382988871,0.45336088159101623,0.429105668459495,0.4781350649200612,0.012806666430867125,0.0004997501249375312,0.04188247431362641,-0.4489915218502841,0.013098753355285993,-0.4746650784266447,-0.42331796527392357,1.7029214989805846e-257,0.000533979585549691,3.405842997961169e-257,associated
century,1800,Politics,Religion,Politics + Religion,404231,189984,2447,3502.4952637761753,-0.5172801777168736,-0.5683634562472827,-0.46966373041134524,0.025419064055394288,0.0004997501249375312,0.012880032002694964,-1.2803159207118338,0.021637113251426292,-1.3227246626846292,-1.2379071787390383,0.0,0.000533979585549691,0.0,dissociated
century,1800,Politics,Nobility,Politics + Nobility,404231,189984,2143,2065.455966310271,0.053158912159467435,0.0007988424081211698,0.10537038402334521,0.026509306185388864,0.047476261869065464,0.011279897254505643,-0.37831788002503985,0.024597483029533837,-0.4265289467629262,-0.3301068132871535,2.21748258021447e-53,0.04872563718140929,2.6206612311625553e-53,associated
century,1800,Politics,Kinship,Politics + Kinship,404231,189984,2420,3440.503652476216,-0.5075243292351859,-0.5596995485869362,-0.45494432598053575,0.02664672452217672,0.0004997501249375312,0.012737914771770255,-0.7426944817544561,0.022458282970810813,-0.7867127163772453,-0.6986762471316669,8.036726006293359e-240,0.000533979585549691,1.567161571227205e-239,dissociated
century,1800,Politics,Big business,Politics + Big business,404231,189984,8031,4827.597592027777,0.7342146192021062,0.7102105865753424,0.757700730772334,0.011954662781135375,0.0004997501249375312,0.04227198079838302,0.20772568361475613,0.01402661505240051,0.18023351811205113,0.23521784911746113,1.2738154808853446e-49,0.000533979585549691,1.4611412868978953e-49,associated
century,1800,Politics,Small business,Politics + Small business,404231,189984,8494,6367.888425069641,0.4156006981462644,0.3916869003989739,0.43809398064711436,0.0119731417686562,0.0004997501249375312,0.04470902812868452,0.09892125647638704,0.013467464842159169,0.07252502538575507,0.12531748756701902,2.0544780698406617e-13,0.000533979585549691,2.1655309384806974e-13,associated
century,1800,Politics,Academia,Politics + Academia,404231,189984,8728,13037.92190307226,-0.578963612554983,-0.60433649522756,-0.5533226555243678,0.01289942376494057,0.0004997501249375312,0.04594071079669867,-1.4324785508263138,0.011918581578259726,-1.4558389707197028,-1.4091181309329248,0.0,0.000533979585549691,0.0,dissociated
century,1800,Politics,Exploration & Invention,Politics + Exploration & Invention,404231,189984,1487,3191.424012765298,-1.1015366386185141,-1.1754732193241064,-1.0321691190989064,0.035741704872464926,0.0004997501249375312,0.00782697490314974,-1.4053138642777416,0.027420222502728846,-1.4590575003830901,-1.3515702281723931,0.0,0.000533979585549691,0.0,dissociated
century,1800,Politics,Culture (core),Politics + Culture (core),404231,189984,4298,14648.32141916248,-1.768879384894997,-1.8095215206385575,-1.7306276995213328,0.020149557682749095,0.0004997501249375312,0.0226229577227556,-2.708912002203101,0.016016523592331234,-2.7403043884440703,-2.6775196159621317,0.0,0.000533979585549691,0.0,dissociated
century,1800,Politics,Culture (periphery),Politics + Culture (periphery),404231,189984,4617,7470.561524448916,-0.6942012814392957,-0.7297777275829844,-0.6587530689134274,0.018253271515921272,0.0004997501249375312,0.024302046488125315,-1.0956733475880007,0.01613104875312871,-1.127290203144133,-1.0640564920318685,0.0,0.000533979585549691,0.0,dissociated
century,1800,Politics,Sport & Games,Politics + Sport & Games,404231,189984,1137,2430.3394113338595,-1.0955880423684077,-1.174937630169342,-1.0199193647187066,0.03987862779153041,0.0004997501249375312,0.005984714502273876,-2.8840799748383765,0.030241286350373243,-2.9433528960851083,-2.8248070535916447,0.0,0.000533979585549691,0.0,dissociated
century,1800,Administration & Law,Military,Administration & Law + Military,404231,189984,1801,2388.1743178565807,-0.4070115121831081,-0.4732539127755251,-0.3449819987707038,0.032947138517725676,0.0004997501249375312,0.009479745662792657,-0.9894296813491156,0.024675184303474977,-1.0377930425839266,-0.9410663201143046,0.0,0.000533979585549691,0.0,dissociated
century,1800,Administration & Law,Religion,Administration & Law + Religion,404231,189984,442,1439.3934525632847,-1.7022127005637244,-1.8414982256074863,-1.5750403119245404,0.06919142080178495,0.0004997501249375312,0.002326511706248947,-1.927614825910223,0.04825457653849535,-2.022193795925674,-1.8330358558947721,0.0,0.000533979585549691,0.0,dissociated
century,1800,Administration & Law,Nobility,Administration & Law + Nobility,404231,189984,578,848.8245009814706,-0.5539989095354009,-0.6767737137735529,-0.4411685410877538,0.059214060712983255,0.0004997501249375312,0.003042361462017854,-0.7175697548047814,0.04312282577324857,-0.8020904933203485,-0.6330490162892142,3.567972459100386e-62,0.000533979585549691,4.348466434528595e-62,dissociated
century,1800,Administration & Law,Kinship,Administration & Law + Kinship,404231,189984,385,1413.9172384076637,-1.8754049977435152,-2.012668649537721,-1.7340069590959668,0.07143747902645113,0.0004997501249375312,0.0020264864409634494,-1.5827907018174856,0.05184104574777155,-1.6843991514831178,-1.4811822521518534,9.920965115170333e-205,0.000533979585549691,1.7196339532961912e-204,dissociated
century,1800,Administration & Law,Big business,Administration & Law + Big business,404231,189984,855,1983.9605316363165,-1.2139071094498026,-1.3065511990173195,-1.1193024582159723,0.04800407059778387,0.0004997501249375312,0.004500378979282466,-1.2929921452979936,0.035162550018856716,-1.3619107433349527,-1.2240735472610345,5.203402352001863e-296,0.000533979585549691,1.1937217160474863e-295,dissociated
century,1800,Administration & Law,Small business,Administration & Law + Small business,404231,189984,752,2616.9619700831972,-1.7984050889596626,-1.9033296507310347,-1.7026947732505253,0.05137863521569642,0.0004997501249375312,0.003958228061310426,-1.5686994247202515,0.03729811168960192,-1.6418037236318712,-1.4955951258086317,0.0,0.000533979585549691,0.0,dissociated
century,1800,Administration & Law,Academia,Administration & Law + Academia,404231,189984,3113,5358.094161155424,-0.7833172769236442,-0.8321478514660978,-0.736236978716329,0.024233803824963165,0.0004997501249375312,0.016385590365504462,-1.3419688710155924,0.019011177203789982,-1.3792307783350208,-1.304706963696164,0.0,0.000533979585549691,0.0,dissociated
century,1800,Administration & Law,Exploration & Invention,Administration & Law + Exploration & Invention,404231,189984,336,1311.5549008266048,-1.9631496785238902,-2.1180320766957865,-1.8261747918905151,0.07670471405030638,0.0004997501249375312,0.0017685699848408287,-1.8089976905614167,0.055314274344924086,-1.9174136682774678,-1.7005817128453655,1.3703716977000362e-234,0.000533979585549691,2.5449760100143526e-234,dissociated
century,1800,Administration & Law,Culture (core),Administration & Law + Culture (core),404231,189984,2242,6019.90762410133,-1.4247531857873834,-1.4802841706481453,-1.367837061542352,0.028491683640666832,0.0004997501249375312,0.011800993767896244,-2.1101722611729166,0.021972725253869774,-2.153238802670501,-2.067105719675332,0.0,0.000533979585549691,0.0,dissociated
century,1800,Administration & Law,Culture (periphery),Administration & Law + Culture (periphery),404231,189984,1169,3070.119025277326,-1.3926376651339372,-1.4722869968918915,-1.3096666874329796,0.0412166121923197,0.0004997501249375312,0.006153149738925383,-1.4150044225618135,0.030149784932176665,-1.4740980010288798,-1.3559108440947472,0.0,0.000533979585549691,0.0,dissociated
century,1800,Administration & Law,Sport & Games,Administration & Law + Sport & Games,404231,189984,742,998.7778348653368,-0.4284948285353117,-0.5282406941020892,-0.3297090545117305,0.05104079602994447,0.0004997501249375312,0.00390559204985683,-2.12420147314639,0.037352288210191216,-2.1974119580383644,-2.0509909882544153,0.0,0.000533979585549691,0.0,dissociated
century,1800,Military,Religion,Military + Religion,404231,189984,467,908.0755292223643,-0.9586400846328149,-1.0918504760258958,-0.8313531178197501,0.06567858522083826,0.0004997501249375312,0.0024581017348829374,-1.715730627734331,0.04702183411071198,-1.8078934225913263,-1.6235678328773355,1.7216129885175015e-291,0.000533979585549691,3.836737517267575e-291,dissociated
century,1800,Military,Nobility,Military + Nobility,404231,189984,1948,535.501086636886,1.8620561009275751,1.805773317895436,1.915133451045431,0.02818324366886404,0.0004997501249375312,0.010253495031160518,0.8479472488832829,0.02581180509339828,0.7973561109002223,0.8985383868663435,1.0970741372966542e-236,0.000533979585549691,2.0871166514424152e-236,associated
century,1800,Military,Kinship,Military + Kinship,404231,189984,945,892.0032547440067,0.08322002786301848,-0.0071765628315010235,0.1647936535321134,0.04405131988615021,0.059470264867566215,0.004974103082364831,-0.47604913986539416,0.03402189629780762,-0.5427320566090971,-0.40936622312169124,1.7337503082901473e-44,0.060242605969742395,1.9598916528497318e-44,not distinguishable
century,1800,Military,Big business,Military + Big business,404231,189984,719,1251.6285985000493,-0.7993161482200472,-0.9005042992425439,-0.6987367268288336,0.052308210228881935,0.0004997501249375312,0.0037845292235135592,-1.3191671121851571,0.038215571329600434,-1.394069631991174,-1.2442645923791402,4.147267968600098e-261,0.000533979585549691,8.512813198705465e-261,dissociated
century,1800,Military,Small business,Military + Small business,404231,189984,964,1650.9725827265556,-0.7758998752265703,-0.8691803062948005,-0.6888559217211294,0.0451733254031178,0.0004997501249375312,0.005074111504126663,-1.150137740258054,0.03320942807376574,-1.2152282192826347,-1.0850472612334732,8.090402622631097e-263,0.000533979585549691,1.7055443366627718e-262,dissociated
century,1800,Military,Academia,Military + Academia,404231,189984,2419,3380.280897033295,-0.4826475813034125,-0.5353619208375736,-0.4309348452618941,0.026618829053804426,0.0004997501249375312,0.012732651170624896,-1.4563019229818082,0.021370980850901257,-1.4981890454495745,-1.4144148005140418,0.0,0.000533979585549691,0.0,dissociated
century,1800,Military,Exploration & Invention,Military + Exploration & Invention,404231,189984,1995,827.4255441077471,1.2691773426984452,1.213717983589352,1.3244400038382027,0.028865950790927953,0.0004997501249375312,0.01050088428499242,0.2834921801577131,0.02450889344083977,0.23545474901366714,0.33152961130175906,6.062654837369704e-31,0.000533979585549691,6.567876073817179e-31,associated
century,1800,Military,Culture (core),Military + Culture (core),404231,189984,2386,3797.8016308818924,-0.6704581410031655,-0.7250141112251918,-0.6180783757071012,0.027373411252170896,0.0004997501249375312,0.012558952332828027,-1.8748751440355589,0.02143892854039851,-1.9168954439747399,-1.8328548440963779,0.0,0.000533979585549691,0.0,dissociated
century,1800,Military,Culture (periphery),Military + Culture (periphery),404231,189984,557,1936.8574684632886,-1.7970464649612492,-1.9131218152285507,-1.6806644443271634,0.05977739162829908,0.0004997501249375312,0.0029318258379653025,-2.0324437938927016,0.04301437399284387,-2.1167519669186756,-1.9481356208667275,0.0,0.000533979585549691,0.0,dissociated
century,1800,Military,Sport & Games,Military + Sport & Games,404231,189984,1852,630.1027070505115,1.5546702741844651,1.4959188740189926,1.613203419228326,0.030210816857825906,0.0004997501249375312,0.009748189321205997,-0.9944423018056822,0.024350187644292136,-1.0421686695884946,-0.9467159340228696,0.0,0.000533979585549691,0.0,associated
century,1800,Religion,Nobility,Religion + Nobility,404231,189984,191,322.75565153780684,-0.7553312010076261,-0.9708579117389415,-0.5687630373009568,0.102239259092104,0.0004997501249375312,0.0010053478187636853,-1.1900168138505012,0.07326766013885352,-1.3336214277226541,-1.0464121999783482,2.5429309459216906e-59,0.000533979585549691,3.0515171351060287e-59,dissociated
century,1800,Religion,Kinship,Religion + Kinship,404231,189984,820,537.6255974882185,0.608560399384561,0.5132424025468595,0.692693629272037,0.04726907941353296,0.0004997501249375312,0.004316152939194879,-0.08995336831444058,0.03653638839948699,-0.16156468957743508,-0.018342047051446084,0.013815644217971188,0.000533979585549691,0.014368269986690035,associated
century,1800,Religion,Big business,Religion + Big business,404231,189984,170,754.3779347476107,-2.1464716374112944,-2.367406924405831,-1.9458256499031863,0.10873720635662598,0.0004997501249375312,0.0008948121947111335,-2.2666746770849926,0.07714029953337065,-2.417869664170399,-2.115479689999586,8.847197619897594e-190,0.000533979585549691,1.4083294170449231e-189,dissociated
century,1800,Religion,Small business,Religion + Small business,404231,189984,575,995.0693750324521,-0.7907059235279794,-0.9173174879475628,-0.6789267059244652,0.059441081056606705,0.0004997501249375312,0.003026570658581775,-1.1542650121295193,0.042656680307700194,-1.2378721055326116,-1.070657918726427,2.959194820674249e-161,0.000533979585549691,4.616343920251828e-161,dissociated
century,1800,Religion,Academia,Religion + Academia,404231,189984,4807,2037.3530335010778,1.2382368470253966,1.2059972470860496,1.2716308979852355,0.016483856609520255,0.0004997501249375312,0.025302130705743643,-0.03457356679132278,0.01663372441325951,-0.06717566664131142,-0.0019714669413341407,0.03766128100014447,0.000533979585549691,0.03865236734225354,associated
century,1800,Religion,Exploration & Invention,Religion + Exploration & Invention,404231,189984,178,498.70350826870765,-1.4837039988562062,-1.6940227814491153,-1.2952648262044926,0.105028507359402,0.0004997501249375312,0.0009369210038740104,-1.7731343204360839,0.07555790886027428,-1.9212278218022214,-1.6250408190699464,8.818859689022986e-122,0.000533979585549691,1.2738352884144313e-121,dissociated
century,1800,Religion,Culture (core),Religion + Culture (core),404231,189984,3204,2288.9999112509704,0.4850667607693646,0.4414767957193155,0.5279883719977201,0.021835746422941848,0.0004997501249375312,0.016864578069732187,-0.9469568193679491,0.019326654987053184,-0.9848370631425734,-0.9090765755933248,0.0,0.000533979585549691,0.0,associated
century,1800,Religion,Culture (periphery),Religion + Culture (periphery),404231,189984,860,1167.3770787203403,-0.4406413384384149,-0.5355891500163996,-0.35175976892252275,0.04728429050109774,0.0004997501249375312,0.004526696985009264,-1.0374611562265763,0.03515805060281614,-1.106370935408096,-0.9685513770450567,2.2400608035722634e-191,0.000533979585549691,3.6400988058049284e-191,dissociated
century,1800,Religion,Sport & Games,Religion + Sport & Games,404231,189984,671,379.77366400327173,0.820349371616422,0.716028983419827,0.924688314497487,0.05293334688244271,0.0004997501249375312,0.0035318763685362976,-1.5294292120590203,0.0394674980987137,-1.6067855083324991,-1.4520729157855414,0.0,0.000533979585549691,0.0,associated
century,1800,Nobility,Kinship,Nobility + Kinship,404231,189984,1625,317.04311193727494,2.355859175075751,2.296847262232889,2.414754558541041,0.030845839439694524,0.0004997501249375312,0.008553351861209365,1.6895100702744514,0.02846259252098483,1.6337233889333211,1.7452967516155817,0.0,0.000533979585549691,0.0,associated
century,1800,Nobility,Big business,Nobility + Big business,404231,189984,281,444.864100828901,-0.6618503501367123,-0.8313459378829868,-0.5030714415185581,0.08206672435819015,0.0004997501249375312,0.0014790719218460502,-0.8432272344895032,0.06080871601093564,-0.9624123178709371,-0.7240421511080694,1.0055494593921363e-43,0.000533979585549691,1.1204693976083805e-43,dissociated
century,1800,Nobility,Small business,Nobility + Small business,404231,189984,219,586.8022146409821,-1.4198821383020834,-1.619052249512269,-1.2406259147225434,0.09506847034020911,0.0004997501249375312,0.0011527286508337545,-1.237912208739734,0.06852403267872918,-1.3722193127900433,-1.1036051046894249,5.971701489533173e-73,0.000533979585549691,7.512785744896572e-73,dissociated
century,1800,Nobility,Academia,Nobility + Academia,404231,189984,489,1201.447157415498,-1.2959927056412641,-1.4167651685866673,-1.1754762530806109,0.06317254530175981,0.0004997501249375312,0.002573900960080849,-1.6593754857574774,0.04650142833750678,-1.7505182852989907,-1.5682326862159641,6.902024173555646e-279,0.000533979585549691,1.4954385709370564e-278,dissociated
century,1800,Nobility,Exploration & Invention,Nobility + Exploration & Invention,404231,189984,80,294.0903724343453,-1.8716495938051243,-2.218958167775677,-1.5870546457088108,0.16078981510607648,0.0004997501249375312,0.0004210880916287687,-1.6800041969041397,0.11218861152862478,-1.8998938755002444,-1.460114518308035,1.0725879390766646e-50,0.000533979585549691,1.2486844663877588e-50,dissociated
century,1800,Nobility,Culture (core),Nobility + Culture (core),404231,189984,877,1349.8458006420667,-0.6218578737744317,-0.713639925623494,-0.5353243579589558,0.045326995971465237,0.0004997501249375312,0.004616178204480377,-1.4175994171319732,0.035507557079020945,-1.4871942290068543,-1.3480046052570922,0.0,0.000533979585549691,0.0,dissociated
century,1800,Nobility,Culture (periphery),Nobility + Culture (periphery),404231,189984,245,688.4137652129787,-1.4886003803260197,-1.6685846226551917,-1.3130902238877307,0.08952731187815569,0.0004997501249375312,0.0012895822806131042,-1.42494158693829,0.06484431499952113,-1.5520364443373513,-1.2978467295392286,5.016288626327302e-107,0.000533979585549691,6.864394962342624e-107,dissociated
century,1800,Nobility,Sport & Games,Nobility + Sport & Games,404231,189984,203,223.95627148325437,-0.14140561234953672,-0.3368253493988802,0.0480704921084961,0.10001078137832288,0.16691654172913542,0.0010685110325080007,-1.8448511132383962,0.07099381158271525,-1.983998983940518,-1.7057032425362744,7.114137638904612e-149,0.16691654172913542,1.0880445800677641e-148,not distinguishable
century,1800,Kinship,Big business,Kinship + Big business,404231,189984,907,741.0259955778997,0.2914003731743594,0.2006117127586904,0.37496253704943994,0.0449966918784581,0.0004997501249375312,0.004774086238841166,-0.032040815194707556,0.03487898943345566,-0.10040363448428065,0.03632200409486554,0.3582901979585703,0.000533979585549691,0.36294331741257774,associated
century,1800,Kinship,Small business,Kinship + Small business,404231,189984,401,977.4573729402638,-1.2843715948296544,-1.4295722638820918,-1.1573694294568129,0.07111352015120806,0.0004997501249375312,0.0021107040592892035,-1.042618096062082,0.05096191211688803,-1.1425034438111825,-0.9427327483129814,5.018733480311937e-93,0.000533979585549691,6.74933123214364e-93,dissociated
century,1800,Kinship,Academia,Kinship + Academia,404231,189984,2235,2001.2933709399856,0.1593044818490219,0.10437137476353014,0.20980461019408178,0.026805227806308462,0.0004997501249375312,0.011764148559878727,-0.4265759700799059,0.023245362185666973,-0.47213687996381315,-0.3810150601959986,3.240080300010485e-75,0.000533979585549691,4.1430534983740627e-75,associated
century,1800,Kinship,Exploration & Invention,Kinship + Exploration & Invention,404231,189984,417,489.8768199478821,-0.23211458703617413,-0.3721084200445398,-0.10466500331499054,0.0692037271182438,0.0009995002498750624,0.002194921677614957,-0.41225021785993404,0.05028315777794204,-0.5108052071047005,-0.31369522861516763,2.432541833457688e-16,0.0010535272904088496,2.5991542878041047e-16,dissociated
century,1800,Kinship,Culture (core),Kinship + Culture (core),404231,189984,2925,2248.486282515631,0.379408356599935,0.33468646129765367,0.42230164874487336,0.023232560042226513,0.0004997501249375312,0.015396033350176856,-0.4883984437726883,0.020891251272090877,-0.5293452962659865,-0.4474515912793902,7.133763691077263e-121,0.000533979585549691,1.0116973961891392e-120,associated
century,1800,Kinship,Culture (periphery),Kinship + Culture (periphery),404231,189984,785,1146.7153559614374,-0.5464530597312447,-0.6411633440056319,-0.448501161710667,0.049551584436423976,0.0004997501249375312,0.004131926899107293,-0.637855950643099,0.03705368890681269,-0.7104811809004519,-0.5652307203857461,2.0718622954561436e-66,0.000533979585549691,2.565162841993321e-66,dissociated
century,1800,Kinship,Sport & Games,Kinship + Sport & Games,404231,189984,714,373.0519471734623,0.935625129167771,0.829345845178258,1.0332321987708941,0.05153135492417035,0.0004997501249375312,0.003758211217786761,-0.9693114162803408,0.03865326548870671,-1.045071816638206,-0.8935510159224757,8.84433655260557e-139,0.000533979585549691,1.3266504828908355e-138,associated
century,1800,Big business,Small business,Big business + Small business,404231,189984,2654,1371.5349078382749,0.9521229538834951,0.9018674672341483,0.9986025277924198,0.024404012757858834,0.0004997501249375312,0.013969597439784404,0.4950290640304729,0.021525917354152647,0.45283826601633376,0.5372198620446121,5.008039378741913e-117,0.000533979585549691,6.975483420390522e-117,associated
century,1800,Big business,Academia,Big business + Academia,404231,189984,1194,2808.1467233837843,-1.2334683173149354,-1.3153600384538524,-1.1609906742141154,0.03942853654364799,0.0004997501249375312,0.006284739767559374,-1.7124307778892134,0.029912132318968963,-1.7710585572343926,-1.6538029985440341,0.0,0.000533979585549691,0.0,dissociated
century,1800,Big business,Exploration & Invention,Big business + Exploration & Invention,404231,189984,1758,687.3784757265184,1.3541197165983365,1.2918738572646042,1.413445871092273,0.03095697932990256,0.0004997501249375312,0.009253410813542194,0.6357048810326641,0.026130907963336624,0.5844883014245243,0.6869214606408038,9.98488086144988e-131,0.000533979585549691,1.4694730324397936e-130,associated
century,1800,Big business,Culture (core),Big business + Culture (core),404231,189984,1586,3154.999401139275,-0.9920208283360541,-1.060365499036427,-0.9240116787145711,0.03414488975617622,0.0004997501249375312,0.00834807141654034,-1.8020178703190706,0.02618941035769681,-1.8533491146201564,-1.7506866260179847,0.0,0.000533979585549691,0.0,dissociated
century,1800,Big business,Culture (periphery),Big business + Culture (periphery),404231,189984,810,1609.0319471675027,-0.9897571219108725,-1.0835582402926214,-0.8953645281766761,0.049298332918488,0.0004997501249375312,0.004263516927741283,-1.1540176579457673,0.03613240974843052,-1.224837181052691,-1.0831981348388435,7.785078205454615e-224,0.000533979585549691,1.380082045512409e-223,dissociated
century,1800,Big business,Sport & Games,Big business + Sport & Games,404231,189984,1193,523.4537915923139,1.1876870777507493,1.1128433604288284,1.2607958472408913,0.03768445128785841,0.0004997501249375312,0.006279476166414014,-0.9721253553298427,0.030090561117250805,-1.0311028551196542,-0.9131478555400311,5.640711825878825e-229,0.000533979585549691,1.0231988893454613e-228,associated
century,1800,Small business,Academia,Small business + Academia,404231,189984,3847,3704.112589098737,0.05459864637309356,0.014447272163804804,0.09382252955341645,0.0202931135196826,0.009495252373813094,0.020249073606198417,-0.5422735870008151,0.017794666461801428,-0.5771511332659459,-0.5073960407356842,5.77264982684585e-204,0.009875062468765617,9.78840622812992e-204,associated
century,1800,Small business,Exploration & Invention,Small business + Exploration & Invention,404231,189984,1537,906.6931026830549,0.7611048337129552,0.6928384501602127,0.8265143814133776,0.03377742556385135,0.0004997501249375312,0.00809015496041772,0.3325556646159532,0.027528064088341974,0.27860065900280295,0.38651067022910346,1.3373234059130953e-33,0.000533979585549691,1.4691721924115694e-33,associated
century,1800,Small business,Culture (core),Small business + Culture (core),404231,189984,4506,4161.631905856009,0.11468470315263345,0.07924058228383306,0.15277110443702532,0.018418452717535293,0.0004997501249375312,0.0237177867609904,-0.7520265228232439,0.016640646956741577,-0.7846421908584574,-0.7194108547880304,0.0,0.000533979585549691,0.0,associated
century,1800,Small business,Culture (periphery),Small business + Culture (periphery),404231,189984,1646,2122.4088620923008,-0.3666399247693862,-0.4325696117306598,-0.30277441354583035,0.033342772390422354,0.0004997501249375312,0.008663887485261916,-0.5293339548656152,0.025996575494154926,-0.5802872428341589,-0.47838066689707154,3.658217088012352e-92,0.000533979585549691,4.836286997711245e-92,dissociated
century,1800,Small business,Sport & Games,Small business + Sport & Games,404231,189984,557,690.466692179163,-0.3096443626194975,-0.4297194145262798,-0.1966312791409851,0.05951607458888984,0.0004997501249375312,0.0029318258379653025,-1.9153822832144647,0.0430689761441232,-1.9997974764569462,-1.8309670899719832,0.0,0.000533979585549691,0.0,dissociated
century,1800,Academia,Exploration & Invention,Academia + Exploration & Invention,404231,189984,3413,1856.4071908509713,0.878350041421757,0.8356858107975836,0.9178741175866624,0.02063223295176619,0.0004997501249375312,0.017964670709112347,0.004229726979170856,0.01963759495993189,-0.03425995914229564,0.04271941310063736,0.8294638454647153,0.000533979585549691,0.8294638454647153,associated
century,1800,Academia,Culture (core),Academia + Culture (core),404231,189984,15245,8520.725891533037,0.8392505652224613,0.8226559288839802,0.8555928979645114,0.008374970814011442,0.0004997501249375312,0.08024359946100725,-0.669290010981314,0.009744633984582078,-0.6883894935910949,-0.6501905283715331,0.0,0.000533979585549691,0.0,associated
century,1800,Academia,Culture (periphery),Academia + Culture (periphery),404231,189984,3173,4345.522274135206,-0.45362072598549213,-0.4998268157306502,-0.4071633855737367,0.02341652655336629,0.0004997501249375312,0.01670140643422604,-1.1092184032042691,0.018981390219393508,-1.1464219280342804,-1.0720148783742578,0.0,0.000533979585549691,0.0,dissociated
century,1800,Academia,Sport & Games,Academia + Sport & Games,404231,189984,1002,1413.6948087632536,-0.49637863189578985,-0.5830466357866637,-0.41661904357018614,0.04368917949588732,0.0004997501249375312,0.005274128347650328,-2.5943615436406375,0.03218063841260039,-2.6574355949293342,-2.531287492351941,0.0,0.000533979585549691,0.0,dissociated
century,1800,Exploration & Invention,Culture (core),Exploration & Invention + Culture (core),404231,189984,1022,2085.7042570581516,-1.028779573664061,-1.1182983708594625,-0.9511102542274781,0.0426319282746279,0.0004997501249375312,0.005379400370557521,-1.79893970331751,0.03249047470578762,-1.8626210337408537,-1.7352583728941664,0.0,0.000533979585549691,0.0,dissociated
century,1800,Exploration & Invention,Culture (periphery),Exploration & Invention + Culture (periphery),404231,189984,775,1063.6974386549753,-0.4565671499383129,-0.55424646006404,-0.3606822054368743,0.049563517975235886,0.0004997501249375312,0.004079290887653697,-0.7396844110251802,0.037198236591817944,-0.8125929547451434,-0.6667758673052171,5.495655531094469e-88,0.000533979585549691,7.144352190422809e-88,dissociated
century,1800,Exploration & Invention,Sport & Games,Exploration & Invention + Sport & Games,404231,189984,561,346.044376776452,0.6962459139691276,0.5739963846443266,0.8105003714392631,0.058743828921362075,0.0004997501249375312,0.0029528802425467407,-1.3115963161717,0.043233871505141866,-1.396334704321778,-1.2268579280216219,3.702048547773777e-202,0.000533979585549691,6.143825249496907e-202,associated
century,1800,Culture (core),Culture (periphery),Culture (core) + Culture (periphery),404231,189984,15178,4882.266321189023,1.6362585844870599,1.620482859775136,1.6513094823382966,0.008088038823546301,0.0004997501249375312,0.07989093818426815,0.6463033093669975,0.011184197780944318,0.6243822817163467,0.6682243370176484,0.0,0.000533979585549691,0.0,associated
century,1800,Culture (core),Sport & Games,Culture (core) + Sport & Games,404231,189984,1278,1588.3095558722341,-0.31349404449404095,-0.3870427941415974,-0.2409158703847606,0.037062379957806355,0.0004997501249375312,0.006726882263769581,-2.7438449760834946,0.02859635573750122,-2.799893833328997,-2.6877961188379924,0.0,0.000533979585549691,0.0,dissociated
century,1800,Culture (periphery),Sport & Games,Culture (periphery) + Sport & Games,404231,189984,498,810.0289389807828,-0.7012701917655334,-0.8289083854965655,-0.5829667863434973,0.06245547102403919,0.0004997501249375312,0.002621273370389085,-2.338356029076853,0.04536998289856807,-2.4272811955580464,-2.2494308625956596,0.0,0.000533979585549691,0.0,dissociated
century,1900,Politics,Administration & Law,Politics + Administration & Law,1477543,429517,29247,7399.705639191387,1.9826760456927741,1.9717732454889356,1.9933117933827231,0.005675984526899003,0.0004997501249375312,0.06809276466356395,1.6272077135997043,0.008118419677350126,1.611295611032098,1.6431198161673106,0.0,0.000533979585549691,0.0,associated
century,1900,Politics,Military,Politics + Military,1477543,429517,9361,4267.623397720398,1.1331378252139725,1.109992422199771,1.1568166104306274,0.011863619125532585,0.0004997501249375312,0.021794247957589573,0.5566964683722817,0.011943149330582615,0.5332878956843398,0.5801050410602236,0.0,0.000533979585549691,0.0,associated
century,1900,Politics,Religion,Politics + Religion,1477543,429517,2687,2993.9337033012325,-0.15601843673013763,-0.20550584068727987,-0.10954326980218561,0.02477740852147208,0.0004997501249375312,0.006255864145074584,-0.6779946108457013,0.02022698802319431,-0.7176395073711622,-0.6383497143202405,2.522317710342458e-246,0.000533979585549691,5.465021705741992e-246,dissociated
century,1900,Politics,Nobility,Politics + Nobility,1477543,429517,1555,1275.7472130291742,0.28547058421261057,0.22216890847698365,0.34763157158773794,0.03270241566917313,0.0004997501249375312,0.0036203456440606543,0.13972963254852316,0.027742202757607394,0.08535491514361268,0.19410434995343365,4.7358342087098206e-07,0.000533979585549691,5.202747440554451e-07,associated
century,1900,Politics,Kinship,Politics + Kinship,1477543,429517,3048,3378.948382691703,-0.14868823290925604,-0.1987610737737837,-0.10116168761737032,0.024339854493580126,0.0004997501249375312,0.007096343101670015,-0.13929429796897902,0.019509170664033893,-0.17753227247048545,-0.10105632346747259,9.337201596427605e-13,0.000533979585549691,1.0555097456831206e-12,dissociated
century,1900,Politics,Big business,Politics + Big business,1477543,429517,11595,6565.135309715228,0.8205585082913842,0.7983795299128397,0.8412119433612426,0.011093000672540933,0.0004997501249375312,0.02699543906294745,0.47959305298832533,0.010700714898794818,0.4586196517866875,0.5005664541899632,0.0,0.000533979585549691,0.0,associated
century,1900,Politics,Small business,Politics + Small business,1477543,429517,9233,6293.26521469739,0.5529542509035057,0.5283263260757849,0.5783527420325557,0.012931000640554052,0.0004997501249375312,0.021496238798464323,0.43254087598129315,0.011877911696095528,0.4092601690569459,0.4558215829056404,2.414318728546547e-290,0.000533979585549691,5.706571540200929e-290,associated
century,1900,Politics,Academia,Politics + Academia,1477543,429517,24146,20049.36328859307,0.2682216880747529,0.25366926623088465,0.2828323658030022,0.007360009862399069,0.0004997501249375312,0.05621663403311161,-0.22732393736599132,0.007303171904556361,-0.2416381542989218,-0.21300972043306085,1.0472437307422778e-212,0.000533979585549691,2.20770299994318e-212,associated
century,1900,Politics,Exploration & Invention,Politics + Exploration & Invention,1477543,429517,2633,3108.897924178752,-0.23965379742631968,-0.29059569286604764,-0.18777546939950793,0.026310344335974224,0.0004997501249375312,0.006130141531068619,-0.29913144773954964,0.020778939347507328,-0.339858168860664,-0.2584047266184353,5.490872007097663e-47,0.000533979585549691,7.138133609226962e-47,dissociated
century,1900,Politics,Culture (core),Politics + Culture (core),1477543,429517,10904,35178.46356396989,-1.6897893588913147,-1.7144507696631641,-1.6648504383420784,0.012358427683119835,0.0004997501249375312,0.025386655242982233,-2.3271376830252386,0.010009351960984847,-2.346756012868769,-2.3075193531817084,0.0,0.000533979585549691,0.0,dissociated
century,1900,Politics,Culture (periphery),Politics + Culture (periphery),1477543,429517,8174,18902.95280847535,-1.2094473790525841,-1.2392491040620375,-1.1813661513227107,0.014571445165492879,0.0004997501249375312,0.019030678646014012,-1.0579772600854618,0.011648650749344703,-1.0808086155541774,-1.0351459046167462,0.0,0.000533979585549691,0.0,dissociated
century,1900,Politics,Sport & Games,Politics + Sport & Games,1477543,429517,5865,9033.963556597988,-0.6231848451652795,-0.6566303637649985,-0.589309739217167,0.017538968025427676,0.0004997501249375312,0.013654872798981182,-3.337493484289683,0.013364707628883844,-3.3636883112422953,-3.3112986573370704,0.0,0.000533979585549691,0.0,dissociated
century,1900,Administration & Law,Military,Administration & Law + Military,1477543,429517,2295,1670.040045714308,0.45849386508468853,0.4010510318071213,0.5136279898953485,0.029084872778346885,0.0004997501249375312,0.005343211095253506,0.15643975635517468,0.02182091992578488,0.1136707533006363,0.19920875940971305,7.540655485548483e-13,0.000533979585549691,8.649575409893848e-13,associated
century,1900,Administration & Law,Religion,Administration & Law + Religion,1477543,429517,640,1171.6097492102049,-0.8718371855723483,-0.9868147905467548,-0.7640920625838735,0.0556729763807488,0.0004997501249375312,0.00149004579562625,-0.9648415061519516,0.040076940873706085,-1.0433923102644156,-0.8862907020394877,4.5993838977897297e-128,0.000533979585549691,7.633020085693594e-128,dissociated
century,1900,Administration & Law,Nobility,Administration & Law + Nobility,1477543,429517,334,499.2354609137257,-0.5791583835713217,-0.74197435999896,-0.4342535476672778,0.07673356825930658,0.0004997501249375312,0.0007776176495924491,-0.3258831469180247,0.05577079071616025,-0.43519389672169884,-0.21657239711435064,5.1189488646947085e-09,0.000533979585549691,5.703971592088389e-09,dissociated
century,1900,Administration & Law,Kinship,Administration & Law + Kinship,1477543,429517,344,1322.2767300673727,-1.9409936833193802,-2.0958177602134955,-1.7973797198088057,0.0764426707300033,0.0004997501249375312,0.0008008996151491094,-1.2369258658410036,0.05440331906374882,-1.3435563712059513,-1.130295360476056,1.964347725086686e-114,0.000533979585549691,3.126920868505337e-114,dissociated
century,1900,Administration & Law,Big business,Administration & Law + Big business,1477543,429517,2035,2569.1205270394776,-0.33617210129527086,-0.3964721792589623,-0.27471596198055453,0.03080783565444331,0.0004997501249375312,0.004737879990780342,-0.27263178390489706,0.022922267498792153,-0.3175594282025297,-0.22770413960726443,1.2754408312570617e-32,0.000533979585549691,1.604586852226626e-32,dissociated
century,1900,Administration & Law,Small business,Administration & Law + Small business,1477543,429517,820,2462.7301772831074,-1.5859762083554991,-1.6855090556709993,-1.4916381351990564,0.04934394288815421,0.0004997501249375312,0.0019091211756461328,-1.0169277870995128,0.03544276578318327,-1.086395608034552,-0.9474599661644736,4.785768143044674e-181,0.000533979585549691,9.332247878937113e-181,dissociated
century,1900,Administration & Law,Academia,Administration & Law + Academia,1477543,429517,6953,7845.8749665938685,-0.17428694928597227,-0.20532328410116443,-0.1454014913218598,0.015062682146555118,0.0004997501249375312,0.016187950651545806,-0.36619126889994585,0.012880358670791405,-0.391436771894697,-0.3409457659051947,8.561899484489191e-178,0.000533979585549691,1.6288491702198948e-177,dissociated
century,1900,Administration & Law,Exploration & Invention,Administration & Law + Exploration & Invention,1477543,429517,250,1216.5984548191295,-2.280563368256497,-2.4658174332839917,-2.104907989403208,0.09388481271467977,0.0004997501249375312,0.0005820491389165039,-1.553583632608996,0.06363251279136374,-1.678303357680069,-1.428863907537923,1.1870563514552624e-131,0.000533979585549691,2.0128346829024015e-131,dissociated
century,1900,Administration & Law,Culture (core),Administration & Law + Culture (core),1477543,429517,4116,13766.313805926058,-1.741704569283472,-1.7860766393662586,-1.7019650009691314,0.02149049884013153,0.0004997501249375312,0.00958285702312132,-2.0486024440168533,0.016174176648074235,-2.080303830247079,-2.0169010577866278,0.0,0.000533979585549691,0.0,dissociated
century,1900,Administration & Law,Culture (periphery),Administration & Law + Culture (periphery),1477543,429517,1475,7397.25257605073,-2.3258831283708323,-2.3986941266338215,-2.2556188447238794,0.03655211279337306,0.0004997501249375312,0.003434089919607373,-1.6188633795753633,0.0264671736820366,-1.6707390399921551,-1.5669877191585715,0.0,0.000533979585549691,0.0,dissociated
century,1900,Administration & Law,Sport & Games,Administration & Law + Sport & Games,1477543,429517,2347,3535.241867663684,-0.590887794498707,-0.6473462616594934,-0.5373184215437501,0.028139495185056398,0.0004997501249375312,0.005464277316148138,-2.967682833157872,0.021070954383383425,-3.0089819037493033,-2.9263837625664406,0.0,0.000533979585549691,0.0,dissociated
century,1900,Military,Religion,Military + Religion,1477543,429517,577,675.7010917089912,-0.22763139889791628,-0.3491774096009787,-0.11357351073955092,0.058826431050673346,0.0004997501249375312,0.001343369412619291,-0.5714328751975125,0.042254730586326575,-0.6542521471467126,-0.48861360324831243,1.1360043273567922e-41,0.000533979585549691,1.4525956972758982e-41,dissociated
century,1900,Military,Nobility,Military + Nobility,1477543,429517,603,287.92347126391394,1.065165198294029,0.9495314673426367,1.171335100959014,0.05651933039730426,0.0004997501249375312,0.0014039025230666074,0.7968327251841035,0.04230889255181115,0.7139072957825536,0.8797581545856534,3.9987178373594507e-79,0.000533979585549691,5.998076756039177e-79,associated
century,1900,Military,Kinship,Military + Kinship,1477543,429517,457,762.5950796758158,-0.7380910809381704,-0.877838682511749,-0.6115493880291497,0.0667242700693792,0.0004997501249375312,0.0010639858259393691,-0.44823921797564115,0.04745506295978232,-0.5412511413768145,-0.3552272945744678,3.535392495199183e-21,0.000533979585549691,4.242470994239019e-21,dissociated
century,1900,Military,Big business,Military + Big business,1477543,429517,1637,1481.6858139178014,0.14376858450324306,0.07711927176314651,0.20933406271298652,0.03434209924654641,0.0004997501249375312,0.0038112577616252674,0.006112934079656072,0.025574259642868698,-0.04401261482036657,0.05623848297967872,0.8110847823315646,0.000533979585549691,0.8110847823315646,associated
century,1900,Military,Small business,Military + Small business,1477543,429517,1489,1420.327434537516,0.06809677974209188,0.0011303674968238828,0.13653139076304535,0.03557060621845458,0.049475262368815595,0.0034666846713866974,0.11288002572786292,0.02680735065994832,0.060337618434364214,0.16542243302136161,2.5448335388154983e-05,0.05011779824373528,2.682392108481201e-05,not distinguishable
century,1900,Military,Academia,Military + Academia,1477543,429517,3697,4524.942101167644,-0.2915085920551865,-0.3343636799828181,-0.2507924718149396,0.021659778111844726,0.0004997501249375312,0.00860734266629726,-0.53583774522045,0.01737502031694954,-0.5698927850416711,-0.501782705399229,7.735619370437367e-209,0.000533979585549691,1.5878376602476701e-208,dissociated
century,1900,Military,Exploration & Invention,Military + Exploration & Invention,1477543,429517,891,701.6473741763546,0.34446092732219374,0.2540046526101666,0.43490871097891426,0.04667953051946249,0.0004997501249375312,0.00207442313109842,0.25535414375556637,0.03448521510931088,0.18776312214131705,0.32294516536981566,1.3140502874690505e-13,0.000533979585549691,1.5297898869042677e-13,associated
century,1900,Military,Culture (core),Military + Culture (core),1477543,429517,3154,7939.429723714161,-1.3317148873459286,-1.3816172357846732,-1.28625061172708,0.02442332551572545,0.0004997501249375312,0.007343131936570613,-1.799789334956349,0.018586513039202966,-1.8362189005131868,-1.7633597693995111,0.0,0.000533979585549691,0.0,dissociated
century,1900,Military,Culture (periphery),Military + Culture (periphery),1477543,429517,943,4266.2086455443505,-2.177029175770481,-2.272628982988927,-2.0918084035624083,0.046490743790650435,0.0004997501249375312,0.0021954893519930524,-1.5734164161774453,0.03304072139665674,-1.6381762301148926,-1.508656602239998,0.0,0.000533979585549691,0.0,dissociated
century,1900,Military,Sport & Games,Military + Sport & Games,1477543,429517,4933,2038.875821105089,1.2744838457111345,1.2395231783352343,1.3106658704345335,0.01836605790124004,0.0004997501249375312,0.011484993609100455,-1.6229446312456808,0.015233845461050027,-1.6528029683493388,-1.5930862941420227,0.0,0.000533979585549691,0.0,associated
century,1900,Religion,Nobility,Religion + Nobility,1477543,429517,158,201.99153117610524,-0.3533787309129382,-0.5948762186736009,-0.14136146574222272,0.11608779466283846,0.0024987506246876563,0.00036785505579523046,-0.3800217970090072,0.08026514611953475,-0.5373414834032952,-0.22270211061471906,2.1950861839775805e-06,0.002598700649675163,2.3780100326423787e-06,dissociated
century,1900,Religion,Kinship,Religion + Kinship,1477543,429517,485,534.9954525586045,-0.14140302797904447,-0.2683138947413348,-0.013980947741394453,0.06551137234335694,0.028985507246376812,0.0011291753294980175,-0.16693707262769936,0.04616971082073273,-0.2574297058363355,-0.07644443941906322,0.00029950582178461154,0.02974828375286041,0.0003073875539368382,dissociated
century,1900,Religion,Big business,Religion + Big business,1477543,429517,261,1039.4706098859153,-1.9916599060401936,-2.172723922784188,-1.8274788674975193,0.086461479641983,0.0004997501249375312,0.0006076593010288301,-1.6682571983320738,0.06222377502900234,-1.7902157973889183,-1.5462985992752292,2.4305969615955083e-158,0.000533979585549691,4.408989837312782e-158,dissociated
century,1900,Religion,Small business,Religion + Small business,1477543,429517,431,996.4248903163988,-1.2081242546977156,-1.350225822192947,-1.0801798493495047,0.06873475175755818,0.0004997501249375312,0.0010034527154920527,-0.9556288687858688,0.048675283563273414,-1.0510324245698848,-0.8602253130018529,8.122506971053678e-86,0.000533979585549691,1.2422657720435038e-85,dissociated
century,1900,Religion,Academia,Religion + Academia,1477543,429517,7749,3174.4545850528893,1.287367274742588,1.2619208013210474,1.3123522705839237,0.012668151874260146,0.0004997501249375312,0.018041195109855954,0.6092812863187099,0.013123604584131575,0.583559021333812,0.6350035513036079,0.0,0.000533979585549691,0.0,associated
century,1900,Religion,Exploration & Invention,Religion + Exploration & Invention,1477543,429517,103,492.23783956698367,-2.2511894992562045,-2.5470871556221337,-1.981712298253162,0.14239990384789555,0.0004997501249375312,0.0002398042452335996,-1.7325488697353457,0.09865625928929828,-1.9259151379423702,-1.5391826015283212,4.860075781751727e-69,0.000533979585549691,7.020109462530272e-69,dissociated
century,1900,Religion,Culture (core),Religion + Culture (core),1477543,429517,4552,5569.874381960816,-0.2911152764040019,-0.32740246434835546,-0.25369670057528093,0.018619588345818557,0.0004997501249375312,0.010597950721391703,-1.144072623257512,0.016004460372409858,-1.1754413655874354,-1.1127038809275887,0.0,0.000533979585549691,0.0,dissociated
century,1900,Religion,Culture (periphery),Religion + Culture (periphery),1477543,429517,730,2992.9411897106593,-2.034848748639731,-2.140389187972733,-1.9385209377753816,0.05132364037774554,0.0004997501249375312,0.0016995834856361914,-1.6140829407990676,0.03750103071736427,-1.6875849610051015,-1.5405809205930336,0.0,0.000533979585549691,0.0,dissociated
century,1900,Religion,Sport & Games,Religion + Sport & Games,1477543,429517,2901,1430.3649757176709,1.019911391035892,0.9705056376833509,1.0678983834272908,0.024854175359717425,0.0004997501249375312,0.006754098207987111,-1.9737463053985893,0.01947096333266333,-2.0119093935306096,-1.9355832172665692,0.0,0.000533979585549691,0.0,associated
century,1900,Nobility,Kinship,Nobility + Kinship,1477543,429517,1132,227.96729160446955,2.3094515077429474,2.2261384559443482,2.383247590903169,0.03989566973767627,0.0004997501249375312,0.0026355185010139295,2.0932117066376628,0.03227913242235038,2.029944607089856,2.1564788061854694,0.0,0.000533979585549691,0.0,associated
century,1900,Nobility,Big business,Nobility + Big business,1477543,429517,444,442.92955856887517,0.00347847704243391,-0.13308871844266376,0.12863933100524805,0.0664479937274354,0.9570214892553723,0.001033719270715711,0.1815584385589343,0.04873476532320828,0.08603829852544607,0.2770785785924225,0.00019497491527076653,0.9570214892553722,0.0002027739118815972,not distinguishable
century,1900,Nobility,Small business,Nobility + Small business,1477543,429517,130,424.58731648345616,-1.7037094064999578,-1.9543830359180585,-1.4738386106645693,0.12298090146738853,0.0004997501249375312,0.000302665552236582,-0.8804338978826572,0.08825228758688212,-1.0534083815529462,-0.7074594142123682,1.934925532363228e-23,0.000533979585549691,2.3581904925676838e-23,dissociated
century,1900,Nobility,Academia,Nobility + Academia,1477543,429517,769,1352.6690939426721,-0.8143489001462354,-0.9162464076151968,-0.7209813411639905,0.04982903725559133,0.0004997501249375312,0.001790383151307166,-0.6339078283164523,0.03762782810559182,-0.7076583714034123,-0.5601572852294924,1.1078044280104579e-63,0.000533979585549691,1.543013310443138e-63,dissociated
century,1900,Nobility,Exploration & Invention,Nobility + Exploration & Invention,1477543,429517,47,209.74781481722687,-2.146091387542589,-2.6025237019118226,-1.7658766548103055,0.21039586900258592,0.0004997501249375312,0.00010942523811630273,-1.2351587606883692,0.1455923927345973,-1.5205198504481798,-0.9497976709285585,2.1818784233020382e-17,0.000533979585549691,2.578583591175136e-17,dissociated
century,1900,Nobility,Culture (core),Nobility + Culture (core),1477543,429517,1876,2373.3831219689387,-0.3392046154766173,-0.3983496695935999,-0.28352900581417795,0.02980581932379186,0.0004997501249375312,0.004367696738429445,-0.6832333293883607,0.025730520258560888,-0.73366514909514,-0.6328015096815813,2.3449184674754837e-155,0.000533979585549691,4.15690091961563e-155,dissociated
century,1900,Nobility,Culture (periphery),Nobility + Culture (periphery),1477543,429517,429,1275.3242923593975,-1.5706996170805203,-1.701074276481915,-1.4445517975708608,0.06699883334663692,0.0004997501249375312,0.0009987963223807206,-0.8458648377142829,0.04942361037781583,-0.9427351140548019,-0.7489945613737639,1.1552585557533604e-65,0.000533979585549691,1.6383666790684022e-65,dissociated
century,1900,Nobility,Sport & Games,Nobility + Sport & Games,1477543,429517,1704,609.4938339397028,1.4824820349512933,1.4219694006542392,1.5381302482949526,0.03046368687732441,0.0004997501249375312,0.00396724693085489,-1.1184549571940718,0.026699904337311033,-1.1707867696952015,-1.0661231446929422,0.0,0.000533979585549691,0.0,associated
century,1900,Kinship,Big business,Kinship + Big business,1477543,429517,1064,1173.1447267041178,-0.14081980738747707,-0.22879078971239664,-0.06158939774282168,0.04283009259189968,0.0014992503748125937,0.0024772011352286404,0.14466353204923812,0.03164065268089182,0.08264785279469015,0.20667921130378608,4.829110966115727e-06,0.0015802909356132744,5.159871991192146e-06,dissociated
century,1900,Kinship,Small business,Kinship + Small business,1477543,429517,314,1124.5634022877352,-1.8388743837483763,-1.996389754403612,-1.6840861843802022,0.07942989157366023,0.0004997501249375312,0.0007310537184791289,-0.9171437662541322,0.05695310076629661,-1.0287718437560736,-0.8055156887521908,2.411071348897902e-58,0.000533979585549691,3.299360793228708e-58,dissociated
century,1900,Kinship,Academia,Kinship + Academia,1477543,429517,1772,3582.683936610035,-1.0154564762635965,-1.080143600687984,-0.9527373278575464,0.03288302456726106,0.0004997501249375312,0.004125564296640179,-0.7212248601781426,0.024782655859463765,-0.7697988656626915,-0.6726508546935936,3.3866416592778126e-186,0.000533979585549691,6.773283318555625e-186,dissociated
century,1900,Kinship,Exploration & Invention,Kinship + Exploration & Invention,1477543,429517,191,555.5387716403188,-1.5378410909838394,-1.7450496032662708,-1.340915466808543,0.10313114512745393,0.0004997501249375312,0.000444685542132209,-0.7517654643329286,0.07283987919307146,-0.8945316275513486,-0.6089993011145085,5.675125824274392e-25,0.000533979585549691,7.026346258625437e-25,dissociated
century,1900,Kinship,Culture (core),Kinship + Culture (core),1477543,429517,7892,6286.150563043665,0.3281907809020139,0.3007217097129451,0.3527436253874238,0.012910632904042433,0.0004997501249375312,0.018374127217316193,0.026975204772348473,0.013804509399233092,-8.163365014838761e-05,0.054032043194845336,0.05069099421225571,0.000533979585549691,0.05134931881241487,associated
century,1900,Kinship,Culture (periphery),Kinship + Culture (periphery),1477543,429517,1115,3377.828233575519,-1.598618991569272,-1.6830573294411741,-1.5172279536441202,0.04188528670304893,0.0004997501249375312,0.002595939159567607,-0.8047341985543235,0.030778677494057837,-0.8650604064426769,-0.7444079906659701,1.0991116679541093e-150,0.000533979585549691,1.905126891120456e-150,dissociated
century,1900,Kinship,Sport & Games,Kinship + Sport & Games,1477543,429517,6127,1614.307429730617,1.923936449304442,1.893763776109596,1.9534785325064654,0.015150893249537103,0.0004997501249375312,0.014264860296565677,-0.6535896604092449,0.01486277531810627,-0.6827207000327332,-0.6244586207857566,0.0,0.000533979585549691,0.0,associated
century,1900,Big business,Small business,Big business + Small business,1477543,429517,2908,2184.9729750803126,0.41232976587695114,0.36310478580125555,0.4655874597059776,0.025729204809024908,0.0004997501249375312,0.0067703955838767736,0.5466003093861468,0.019654291703130208,0.5080778976480116,0.585122721124282,3.2170251566393073e-170,0.000533979585549691,5.9744752909015705e-170,associated
century,1900,Big business,Academia,Big business + Academia,1477543,429517,5021,6960.983759405994,-0.4712764485797097,-0.5088425521207599,-0.43542391875898195,0.018582577540441493,0.0004997501249375312,0.011689874905999063,-0.5066083304669952,0.01498302975113282,-0.5359750687792155,-0.47724159215477485,1.3077573488595892e-250,0.000533979585549691,3.000149212089646e-250,dissociated
century,1900,Big business,Exploration & Invention,Big business + Exploration & Invention,1477543,429517,2592,1079.3852975955485,1.2634659075555092,1.2091310338316272,1.3148872907722136,0.027115941336672698,0.0004997501249375312,0.006034685472286312,1.1398297779621878,0.021244835149285664,1.098189901069588,1.1814696548547876,0.0,0.000533979585549691,0.0,associated
century,1900,Big business,Culture (core),Big business + Culture (core),1477543,429517,5911,12213.690281574705,-1.0469620705160994,-1.078616371672907,-1.0144538723803522,0.016550796100024634,0.0004997501249375312,0.013761969840541817,-1.4192323332861783,0.013863654768269208,-1.446405096631986,-1.3920595699403706,0.0,0.000533979585549691,0.0,dissociated
century,1900,Big business,Culture (periphery),Big business + Culture (periphery),1477543,429517,3942,6562.958913487195,-0.7353455540666742,-0.7761372784022085,-0.6933367214016597,0.02103949247803414,0.0004997501249375312,0.009177750822435434,-0.35627509974940336,0.01675614000972301,-0.38911713416846044,-0.32343306533034627,2.53344391825826e-100,0.000533979585549691,3.952172512482885e-100,dissociated
century,1900,Big business,Sport & Games,Big business + Sport & Games,1477543,429517,8000,3136.522227432643,1.3506944141606134,1.3244313798527523,1.3768861500542253,0.013669103716463097,0.0004997501249375312,0.018625572445328125,-1.392231782553801,0.01219104336176296,-1.4161262275428566,-1.3683373375647456,0.0,0.000533979585549691,0.0,associated
century,1900,Small business,Academia,Small business + Academia,1477543,429517,7731,6672.721107258246,0.2123650345530488,0.18448709717581246,0.24035302427471306,0.014301476615446378,0.0004997501249375312,0.017999287571853966,0.23297640944779485,0.012694545385643631,0.20809510049193333,0.25785771840365634,3.1537423205304795e-75,0.000533979585549691,4.641356622667498e-75,associated
century,1900,Small business,Exploration & Invention,Small business + Exploration & Invention,1477543,429517,1171,1034.686663131168,0.1784660186575951,0.09415906144951093,0.2555522800244399,0.04068951473122806,0.0004997501249375312,0.0027263181666849043,0.46119866674340043,0.030329574997382345,0.401752699748531,0.5206446337382699,3.2150617665316943e-52,0.000533979585549691,4.250420640499528e-52,associated
century,1900,Small business,Culture (core),Small business + Culture (core),1477543,429517,11391,11707.906778155308,-0.039587044925074456,-0.06169759245401931,-0.01748076882791412,0.0110997819601173,0.0004997501249375312,0.026520486965591582,-0.3693397262614712,0.01093627668130868,-0.3907748285568362,-0.3479046239661062,5.086711169739654e-250,0.000533979585549691,1.1336099178276944e-249,dissociated
century,1900,Small business,Culture (periphery),Small business + Culture (periphery),1477543,429517,3471,6291.178945636795,-0.8578858827614437,-0.9025342132974078,-0.8145663261642391,0.02280790986981164,0.0004997501249375312,0.00808117024471674,-0.2794135690364125,0.0178712576379859,-0.31444123400686486,-0.24438590406596014,4.217859356025637e-55,0.000533979585549691,5.6722936167241324e-55,dissociated
century,1900,Small business,Sport & Games,Small business + Sport & Games,1477543,429517,4531,3006.635095519948,0.5915990023560942,0.5504185659525429,0.6278832142045877,0.019335220661183244,0.0004997501249375312,0.010549058593722717,-1.8146660374782602,0.01573229617382409,-1.8455013379789553,-1.783830736977565,0.0,0.000533979585549691,0.0,associated
century,1900,Academia,Exploration & Invention,Academia + Exploration & Invention,1477543,429517,7475,3296.3506369525244,1.1810815498967084,1.1550058091450868,1.2071476230068927,0.013314516598648227,0.0004997501249375312,0.017403269253603467,1.052499311556964,0.014123252924271731,1.0248177358253914,1.0801808872885368,0.0,0.000533979585549691,0.0,associated
century,1900,Academia,Culture (core),Academia + Culture (core),1477543,429517,44810,37299.568401473174,0.2646585481938641,0.25551291178852314,0.27409230775975724,0.004648842234655897,0.0004997501249375312,0.10432648765939416,-0.5742605447230424,0.005669371223106112,-0.5853725123203304,-0.5631485771257545,0.0,0.000533979585549691,0.0,associated
century,1900,Academia,Culture (periphery),Academia + Culture (periphery),1477543,429517,10086,20042.716760139778,-0.9906884186721158,-1.0171593858625003,-0.9651391400148218,0.013279850241504049,0.0004997501249375312,0.023482190460447434,-0.7951493083472848,0.010619375846648233,-0.8159632850067153,-0.7743353316878543,0.0,0.000533979585549691,0.0,dissociated
century,1900,Academia,Sport & Games,Academia + Sport & Games,1477543,429517,4172,9578.671365308379,-1.1989888131726374,-1.239286262361993,-1.1577278511467872,0.021372561531606733,0.0004997501249375312,0.009713236030238617,-3.6630164206148237,0.015743258556665852,-3.693873207385889,-3.6321596338437585,0.0,0.000533979585549691,0.0,dissociated
century,1900,Exploration & Invention,Culture (core),Exploration & Invention + Culture (core),1477543,429517,2454,5783.752287140119,-1.2367013118416816,-1.2882369296797271,-1.1811412681028446,0.02703833812768029,0.0004997501249375312,0.005713394347604402,-1.4353139106260595,0.021367291265595507,-1.4771938015066266,-1.3934340197454924,0.0,0.000533979585549691,0.0,dissociated
century,1900,Exploration & Invention,Culture (periphery),Exploration & Invention + Culture (periphery),1477543,429517,1226,3107.8672990055725,-1.3416097554179618,-1.4187570262502993,-1.2666186293758255,0.0392047535059933,0.0004997501249375312,0.002854368977246535,-0.6965792855341647,0.029440334238685594,-0.7542823406419885,-0.6388762304263409,9.156892533713147e-124,0.000533979585549691,1.4879950367283864e-123,dissociated
century,1900,Exploration & Invention,Sport & Games,Exploration & Invention + Sport & Games,1477543,429517,3039,1485.2896371497375,1.032604149828873,0.9857745897860698,1.0783131997212274,0.02386966181740369,0.0004997501249375312,0.007075389332669021,-1.5116318508133204,0.019471689582489383,-1.5497963623949995,-1.4734673392316413,0.0,0.000533979585549691,0.0,associated
century,1900,Culture (core),Culture (periphery),Culture (core) + Culture (periphery),1477543,429517,81084,35166.80161462738,1.2051915159369126,1.1989013974851281,1.2119621424293754,0.0033831867689743506,0.0004997501249375312,0.1887794895196232,1.177574391568464,0.005692679436874649,1.1664167398721896,1.1887320432647384,0.0,0.000533979585549691,0.0,associated
century,1900,Culture (core),Sport & Games,Culture (core) + Sport & Games,1477543,429517,11948,16806.665466900635,-0.4922469187600012,-0.5142439555878027,-0.4702431959410346,0.011128364263360316,0.0004997501249375312,0.027817292447097554,-3.88796069483895,0.009481770445233944,-3.9065449649116086,-3.8693764247662914,0.0,0.000533979585549691,0.0,dissociated
century,1900,Culture (periphery),Sport & Games,Culture (periphery) + Sport & Games,1477543,429517,5740,9030.968723547148,-0.6537842202948594,-0.688786635090516,-0.622199547823254,0.01698069444743364,0.0004997501249375312,0.01336384822952293,-2.8728276146775253,0.013586959172513709,-2.899458054655652,-2.8461971746993986,0.0,0.000533979585549691,0.0,dissociated
