period_type,period,sector_a,sector_b,pair,n_elites_period,n_diversified_period,n_pair,expected_qi,assoc_log2,assoc_ci_low,assoc_ci_high,assoc_boot_se,p_value,share_of_diversified,log_or_uncond,se_uncond,ci_low_uncond,ci_high_uncond,p_value_uncond,q_value,q_value_uncond,direction,era,region
era_region,1000-1399 | Europe,Politics,Administration & Law,Politics + Administration & Law,10656,6857,65,24.332085836815093,1.3992894570547167,1.061705779293131,1.685616229985954,0.15858054412155329,0.0004997501249375312,0.009479364153419862,0.1806294880289983,0.13580867896090712,-0.08555552273437966,0.4468144987923763,0.18350870066871705,0.00139216106232598,0.24678756296827464,associated,1000-1399,Europe
era_region,1000-1399 | Europe,Politics,Military,Politics + Military,10656,6857,70,39.027537991448554,0.8347651591245349,0.5106693855943072,1.124679046610664,0.1545419566794184,0.0004997501249375312,0.010208546011375236,-0.25695581527349853,0.1286875636145899,-0.5091834399580948,-0.004728190588902337,0.04585325751651037,0.00139216106232598,0.07299089972015936,associated,1000-1399,Europe
era_region,1000-1399 | Europe,Politics,Religion,Politics + Religion,10656,6857,65,74.21320491000095,-0.18986834271724107,-0.5604216801939513,0.1034168019440149,0.16840151825061528,0.25987006496751625,0.009479364153419862,-1.7851032378661824,0.12942765888431584,-2.0387814492794414,-1.5314250264529234,2.836291704616984e-43,0.3269333075397785,2.4581194773347194e-42,not distinguishable,1000-1399,Europe
era_region,1000-1399 | Europe,Politics,Nobility,Politics + Nobility,10656,6857,436,386.6347787871645,0.17314573390228916,0.08893277988444437,0.25946295981818934,0.04380998994088538,0.0004997501249375312,0.06358465801370862,-0.6926254183110987,0.06476910063685305,-0.8195728555593307,-0.5656779810628667,1.0886240944461195e-26,0.00139216106232598,5.660845291119821e-26,associated,1000-1399,Europe
era_region,1000-1399 | Europe,Politics,Kinship,Politics + Kinship,10656,6857,105,221.78606139767572,-1.0751744870711462,-1.356995595422086,-0.8513095531298616,0.1270853383680233,0.0004997501249375312,0.015312819017062855,-1.6497733113264708,0.10454694064525531,-1.8546853149911713,-1.4448613076617702,4.257283113351589e-56,0.00139216106232598,4.7438297548774846e-55,dissociated,1000-1399,Europe
era_region,1000-1399 | Europe,Politics,Big business,Politics + Big business,10656,6857,25,5.132124691283603,2.1787460673881274,1.5861523804547413,2.596174847113158,0.2505051481499274,0.0004997501249375312,0.00364590928977687,0.8311099585866945,0.22495278995878643,0.39020249026747306,1.272017426905916,0.0002202355940305204,0.00139216106232598,0.0005205568586175937,associated,1000-1399,Europe
era_region,1000-1399 | Europe,Politics,Small business,Politics + Small business,10656,6857,31,15.42183981306753,0.9843447756563997,0.42642864268844527,1.4087474655807268,0.2464522419957934,0.0014992503748125937,0.004520927519323319,-0.060557908238449705,0.1904444373045831,-0.43382900535543256,0.31271318887853317,0.7504985701415808,0.003898050974512743,0.7805185129472441,associated,1000-1399,Europe
era_region,1000-1399 | Europe,Politics,Academia,Politics + Academia,10656,6857,19,35.78916486939088,-0.8960647321630616,-1.6248018114728884,-0.35197717859151817,0.33063501739404233,0.010494752623688156,0.0027708910602304215,-1.7187686683496621,0.23123540187979144,-2.1719900560340535,-1.2655472806652708,1.0617604748355158e-13,0.019490254872563718,3.7644235016895563e-13,dissociated,1000-1399,Europe
era_region,1000-1399 | Europe,Politics,Exploration & Invention,Politics + Exploration & Invention,10656,6857,10,5.934598246423385,0.7064673483011749,-0.41176337695000353,1.381737621240783,0.45935900983453953,0.11394302848575712,0.001458363715910748,-0.3029127644814441,0.32323628366252843,-0.9364558804599998,0.3306303514971116,0.34869432330228467,0.16159193130707372,0.4177360866325596,not distinguishable,1000-1399,Europe
era_region,1000-1399 | Europe,Politics,Culture (core),Politics + Culture (core),10656,6857,36,47.78874715332715,-0.40379056942619485,-0.9041499833918494,-0.02152730212617503,0.22749162346602508,0.07446276861569215,0.005250109377278694,-1.588910744994101,0.17083304257251108,-1.9237435084362227,-1.2540779815519791,1.3918746953072515e-20,0.11616191904047975,6.386248601997978e-20,not distinguishable,1000-1399,Europe
era_region,1000-1399 | Europe,Politics,Culture (periphery),Politics + Culture (periphery),10656,6857,4,8.754591839601595,-1.0402443620768016,-2.7410234696015134,-0.06622961192069071,0.7562001031485274,0.10344827586206896,0.0005833454863642993,-1.5910765711450117,0.4781141361956151,-2.528180278088417,-0.653972864201606,0.0008752919796753533,0.14942528735632182,0.0019506506975622156,not distinguishable,1000-1399,Europe
era_region,1000-1399 | Europe,Politics,Sport & Games,Politics + Sport & Games,10656,6857,1,2.185264478161251,-0.8401016889944093,-2.6489648869246203,0.5261856424200428,1.0275905547664554,0.5012493753123438,0.00014583637159107482,-1.3514000137164317,0.8293815075234791,-2.9769877684624504,0.2741877410295872,0.10322689309456225,0.5749625187406296,0.14639450293410644,not distinguishable,1000-1399,Europe
era_region,1000-1399 | Europe,Administration & Law,Military,Administration & Law + Military,10656,6857,26,21.011292180351127,0.3008981698199489,-0.2707411127464732,0.7417412390284237,0.26453164486261427,0.25337331334332835,0.0037917456613679452,-0.5224645592281606,0.20255072129097434,-0.9194639729584704,-0.12546514549785087,0.009896471263035004,0.3239855482095018,0.018827433134554396,not distinguishable,1000-1399,Europe
era_region,1000-1399 | Europe,Administration & Law,Religion,Administration & Law + Religion,10656,6857,115,39.95423263301839,1.5135302901230048,1.2705209770857668,1.7174340026275225,0.11295441374538896,0.0004997501249375312,0.016771182732973604,-0.2068541120852598,0.10744636716844655,-0.41744899173541505,0.003740767564895414,0.054206243930692614,0.00139216106232598,0.08290366718811812,associated,1000-1399,Europe
era_region,1000-1399 | Europe,Administration & Law,Nobility,Administration & Law + Nobility,10656,6857,119,208.15292796492943,-0.8040945474508571,-1.0413214297075843,-0.6124251038996524,0.10721807578127317,0.0004997501249375312,0.017354528219337903,-1.5076890613774236,0.10561057294482039,-1.7146857843492715,-1.3006923384055757,3.09139665847325e-46,0.00139216106232598,3.0141117420114184e-45,dissociated,1000-1399,Europe
era_region,1000-1399 | Europe,Administration & Law,Kinship,Administration & Law + Kinship,10656,6857,40,119.40316959212053,-1.5658759832101592,-2.0611065643141475,-1.1852914869371152,0.22419378238451018,0.0004997501249375312,0.005833454863642992,-1.8434999056186745,0.1647369539608169,-2.1663843353818755,-1.5206154758554735,4.5352462365076094e-29,0.00139216106232598,2.5267800460542396e-28,dissociated,1000-1399,Europe
era_region,1000-1399 | Europe,Administration & Law,Big business,Administration & Law + Big business,10656,6857,4,2.7629867766237686,0.46373186057642385,-1.257932316755217,1.4015693823129902,0.7770083019176292,0.47226386806596704,0.0005833454863642993,-0.3332023065457319,0.48239377370819,-1.2786941030137844,0.6122894899223205,0.48973724556170406,0.5497997270021706,0.5380211993494777,not distinguishable,1000-1399,Europe
era_region,1000-1399 | Europe,Administration & Law,Small business,Administration & Law + Small business,10656,6857,12,8.302670343743777,0.5059149492885291,-0.48665924615197514,1.1365240514825978,0.4135279863854734,0.19740129935032483,0.0017500364590928978,-0.2709581981512911,0.29201807837562743,-0.8433136317675208,0.3013972354649387,0.3534689963813966,0.26361395573399743,0.4177360866325596,not distinguishable,1000-1399,Europe
era_region,1000-1399 | Europe,Administration & Law,Academia,Administration & Law + Academia,10656,6857,48,19.267846209676303,1.2948290553873059,0.917156698782787,1.640113656376238,0.18804747185909446,0.0004997501249375312,0.007000145836371591,0.09540739787678018,0.15480090899541654,-0.20800238375423621,0.3988171795077966,0.5376812030874494,0.00139216106232598,0.5824879700114035,associated,1000-1399,Europe
era_region,1000-1399 | Europe,Administration & Law,Exploration & Invention,Administration & Law + Exploration & Invention,10656,6857,3,3.195015216074434,-0.07822538334492582,-2.8026909543229706,1.0042021236692442,0.8448489295892959,0.8975512243878061,0.00043750911477322444,-0.6769769052875227,0.5435659073231656,-1.7423660836409272,0.38841227306588166,0.21297128660819697,0.920039980009995,0.27659015499244405,not distinguishable,1000-1399,Europe
era_region,1000-1399 | Europe,Administration & Law,Culture (core),Administration & Law + Culture (core),10656,6857,39,25.72807256228902,0.5907408619658518,0.09825384745125426,0.9674419886249129,0.22058487633076165,0.01199400299850075,0.005687618492051918,-0.6717335269376729,0.16783852859588053,-1.0006970429855988,-0.342770010889747,6.274014348591538e-05,0.021262096224614963,0.00015292909974691873,associated,1000-1399,Europe
era_region,1000-1399 | Europe,Administration & Law,Culture (periphery),Administration & Law + Culture (periphery),10656,6857,4,4.713217807946061,-0.21224913546826607,-1.9325186109253283,0.7078566676848739,0.7660961450280079,0.7351324337831084,0.0005833454863642993,-0.802118085083942,0.479119754857203,-1.7411928046040597,0.13695663443617578,0.09410122678638681,0.7854839703435953,0.138488597912041,not distinguishable,1000-1399,Europe
era_region,1000-1399 | Europe,Administration & Law,Sport & Games,Administration & Law + Sport & Games,10656,6857,3,1.1764828837537538,1.0619171682128936,-1.633663255005417,2.1008478147286427,0.8355177100879206,0.1889055472263868,0.00043750911477322444,0.3262972994854477,0.555638030557043,-0.7627532404063565,1.4153478393772518,0.5570371867054843,0.2631184407796102,0.5951904186716134,not distinguishable,1000-1399,Europe
era_region,1000-1399 | Europe,Military,Religion,Military + Religion,10656,6857,31,64.08473743114178,-1.0358414410438883,-1.6112645650490571,-0.6071498039448963,0.25908078715425126,0.0009995002498750624,0.004520927519323319,-2.234670860608118,0.18304598397283542,-2.5934409891948755,-1.8759007320213605,2.808705245768686e-34,0.0026883110169053405,1.825658409749646e-33,dissociated,1000-1399,Europe
era_region,1000-1399 | Europe,Military,Nobility,Military + Nobility,10656,6857,467,333.867649434771,0.4835310937111004,0.40504700735182414,0.5573070497523126,0.038429735581719374,0.0004997501249375312,0.06810558553303193,0.054685432161958536,0.07244759941442576,-0.08731186269031596,0.19668272701423303,0.45035255901041915,0.00139216106232598,0.5090941971422129,associated,1000-1399,Europe
era_region,1000-1399 | Europe,Military,Kinship,Military + Kinship,10656,6857,93,191.51715018632467,-1.038196902207369,-1.3341373524150233,-0.7959579511104149,0.13537090472370772,0.0004997501249375312,0.013562782557969957,-1.4298730085336886,0.11175660928596973,-1.6489159627341892,-1.210830054333188,1.7591921449067455e-37,0.00139216106232598,1.3721698730272614e-36,dissociated,1000-1399,Europe
era_region,1000-1399 | Europe,Military,Big business,Military + Big business,10656,6857,6,4.4317027367789645,0.39835387563869173,-1.0683834780368822,1.227815314355394,0.5904383465196849,0.43728135932033985,0.0008750182295464489,-0.42035467725245745,0.40473429963878976,-1.2136339045444853,0.3729245500395705,0.29899352610312835,0.5247376311844079,0.3701824608895875,not distinguishable,1000-1399,Europe
era_region,1000-1399 | Europe,Military,Small business,Military + Small business,10656,6857,13,13.317098437186315,-0.03349527720661178,-1.0234807142087368,0.5679705837787556,0.40482873431840094,0.9195402298850575,0.0018958728306839726,-0.6700812167481395,0.28049259222428047,-1.2198466975077293,-0.12031573598854972,0.016896857740982558,0.920039980009995,0.030650114041782316,not distinguishable,1000-1399,Europe
era_region,1000-1399 | Europe,Military,Academia,Military + Academia,10656,6857,10,30.904732335925324,-1.5805926453384311,-2.7362100280748565,-0.8675295920088536,0.47572313918324177,0.006496751624187906,0.001458363715910748,-2.0392670615241415,0.3125771093987246,-2.6519181959456417,-1.4266159271026413,6.843625878852064e-11,0.0133354375443857,2.1352112742018442e-10,dissociated,1000-1399,Europe
era_region,1000-1399 | Europe,Military,Exploration & Invention,Military + Exploration & Invention,10656,6857,13,5.124656330939639,1.2631225524641723,0.4489593885141866,1.8772175101592388,0.3730658189640948,0.0034982508745627187,0.0018958728306839726,0.2930353745808714,0.28953208070919045,-0.2744475036091419,0.8605182527708848,0.311490315558846,0.008025399065173296,0.37962882208734355,associated,1000-1399,Europe
era_region,1000-1399 | Europe,Military,Culture (core),Military + Culture (core),10656,6857,22,41.26663600094017,-0.8924259481344785,-1.5656044853743545,-0.4209251154646772,0.29325292116394913,0.009995002498750625,0.003208400175003646,-1.7738961850232398,0.21567833741399597,-2.196625726354672,-1.3511666436918077,1.9563034313510252e-16,0.019490254872563718,7.629583382268998e-16,dissociated,1000-1399,Europe
era_region,1000-1399 | Europe,Military,Culture (periphery),Military + Culture (periphery),10656,6857,1,7.559782925936942,-2.4257784824624133,-4.162227450702588,-1.0561148510627714,1.0180970172098165,0.0004997501249375312,0.00014583637159107482,-2.395460012316918,0.8205138667643287,-4.003667191175002,-0.7872528334588338,0.0035063482721867925,0.00139216106232598,0.0071972411902781535,dissociated,1000-1399,Europe
era_region,1000-1399 | Europe,Military,Sport & Games,Military + Sport & Games,10656,6857,2,1.887024020460984,0.06671501065218059,-2.329013545424033,1.2352326131306897,0.9602645481327914,0.9185407296351824,0.00029167274318214965,-0.5060781496345994,0.6495519865454905,-1.7792000432637607,0.7670437439945619,0.43590974987847697,0.920039980009995,0.5000141248606059,not distinguishable,1000-1399,Europe
era_region,1000-1399 | Europe,Religion,Nobility,Religion + Nobility,10656,6857,274,634.8693654657917,-1.2107893825017089,-1.3585046316361884,-1.0735734883056296,0.0724733909085165,0.0004997501249375312,0.039959165815954496,-2.9715009864895157,0.06818621634277688,-3.105145970521358,-2.837856002457673,0.0,0.00139216106232598,0.0,dissociated,1000-1399,Europe
era_region,1000-1399 | Europe,Religion,Kinship,Religion + Kinship,10656,6857,180,364.1813509648345,-1.0146375880661909,-1.2002570289022312,-0.8430892973456813,0.09178967692050922,0.0004997501249375312,0.026250546886393465,-2.2611485429226748,0.08037452534248903,-2.4186826125939533,-2.103614473251396,3.9070123945218177e-174,0.00139216106232598,7.618674169317545e-173,dissociated,1000-1399,Europe
era_region,1000-1399 | Europe,Religion,Big business,Religion + Big business,10656,6857,12,8.427148629689466,0.48565674395756114,-0.4447267844640637,1.1096633477122548,0.4105198518899075,0.21039480259870064,0.0017500364590928978,-1.076891685615363,0.2993948597236474,-1.6637056106737118,-0.49007776055701413,0.00032203918075014937,0.27351324337831084,0.0007387957676032839,not distinguishable,1000-1399,Europe
era_region,1000-1399 | Europe,Religion,Small business,Religion + Small business,10656,6857,33,25.32326162470489,0.3754898628336373,-0.1037123918121681,0.7674754200768552,0.23011739452589325,0.10044977511244378,0.004812600262505469,-1.0603362255212452,0.184055555149868,-1.4210851136149865,-0.6995873374275039,8.363811432641181e-09,0.14783174450510594,2.5091434297923546e-08,not distinguishable,1000-1399,Europe
era_region,1000-1399 | Europe,Religion,Academia,Religion + Academia,10656,6857,343,58.76720263618225,2.5350042288522054,2.4212288656862575,2.648160747773487,0.057787206763294026,0.0004997501249375312,0.05002187545573866,0.7195392639886832,0.07301399245933723,0.5764318387683822,0.8626466892089841,6.533801164830748e-23,0.00139216106232598,3.1852280678549893e-22,associated,1000-1399,Europe
era_region,1000-1399 | Europe,Religion,Exploration & Invention,Religion + Exploration & Invention,10656,6857,17,9.744841462064288,0.772457263102623,0.003707681431135313,1.280611198189998,0.3303130487508282,0.026986506746626688,0.002479218317048272,-0.7838110104009681,0.25764731745112407,-1.2887997526051713,-0.2788222681967649,0.002348668729844164,0.04478611757950812,0.004951247592644454,associated,1000-1399,Europe
era_region,1000-1399 | Europe,Religion,Culture (core),Religion + Culture (core),10656,6857,267,78.47098410756105,1.7601443175871745,1.6180643659407434,1.894802124384783,0.06962300050559701,0.0004997501249375312,0.03893831121481697,-0.38308122790034127,0.07203092975644827,-0.5242618502229799,-0.24190060557770265,1.047481863308536e-07,0.00139216106232598,2.8173650116574417e-07,associated,1000-1399,Europe
era_region,1000-1399 | Europe,Religion,Culture (periphery),Religion + Culture (periphery),10656,6857,37,14.375380775508182,1.3339639970429742,0.855925658381803,1.7085712756117133,0.21380005991582043,0.0004997501249375312,0.005395945748869768,-0.3121480841830525,0.18354973714900952,-0.6719055689951112,0.04760940062900615,0.08901464230843212,0.00139216106232598,0.13352196346264816,associated,1000-1399,Europe
era_region,1000-1399 | Europe,Religion,Sport & Games,Religion + Sport & Games,10656,6857,2,3.588289385081116,-0.7095692245890385,-3.1476727225368717,0.44146543985875714,0.9796831849899421,0.392303848075962,0.00029167274318214965,-1.8680430344697094,0.6489383808197984,-3.1399622608765143,-0.5961238080629045,0.003994270326133676,0.4781203148425787,0.007988540652267352,not distinguishable,1000-1399,Europe
era_region,1000-1399 | Europe,Nobility,Kinship,Nobility + Kinship,10656,6857,2827,1897.3062306021586,0.5751943260711103,0.5448331125903917,0.6074880076273775,0.015887951302570626,0.0004997501249375312,0.4122794224879685,1.818321231282213,0.04975873643516252,1.7207941078692945,1.9158483546951315,2.324291315705776e-292,0.00139216106232598,9.064736131252527e-291,associated,1000-1399,Europe
era_region,1000-1399 | Europe,Nobility,Big business,Nobility + Big business,10656,6857,23,43.90362537499664,-0.918016714762729,-1.4873689429986947,-0.4445459321470462,0.267395646047658,0.0024987506246876563,0.003354236546594721,-1.6316945547584045,0.23041025106482968,-2.0832986468454706,-1.1800904626713384,1.424043397082207e-12,0.0060907046476761624,4.82936456401792e-12,dissociated,1000-1399,Europe
era_region,1000-1399 | Europe,Nobility,Small business,Nobility + Small business,10656,6857,124,131.9287270818007,-0.0890703702065016,-0.29082311763054697,0.09124417549884181,0.09820150996762995,0.35582208895552225,0.018083710077293275,-0.642228641336232,0.11657986468998348,-0.8707251761285997,-0.4137321065438644,3.610508464282021e-08,0.4405416339449323,1.0057845007642772e-07,not distinguishable,1000-1399,Europe
era_region,1000-1399 | Europe,Nobility,Academia,Nobility + Academia,10656,6857,20,306.16444093386485,-3.9029650747399347,-4.627802566093811,-3.3841427532156594,0.32414605540622876,0.0004997501249375312,0.002916727431821496,-4.11406447728348,0.22441845664196047,-4.553924652301723,-3.6742043022652378,4.587344758292824e-75,0.00139216106232598,5.9635481857806714e-74,dissociated,1000-1399,Europe
era_region,1000-1399 | Europe,Nobility,Exploration & Invention,Nobility + Exploration & Invention,10656,6857,41,50.768520609914816,-0.30496193187184956,-0.6864901800788044,0.02553033943900786,0.18157396006936544,0.09495252373813093,0.005979291235234068,-0.9734968975446957,0.18849324003797177,-1.3429436480191204,-0.604050147070271,2.409214482843201e-07,0.14242878560719638,6.061894505218376e-07,not distinguishable,1000-1399,Europe
era_region,1000-1399 | Europe,Nobility,Culture (core),Nobility + Culture (core),10656,6857,141,408.81688937206115,-1.5324161439232193,-1.745224117521685,-1.3332226180822933,0.10685191819041015,0.0004997501249375312,0.02056292839434155,-2.63935481317191,0.09120910634050161,-2.8181246615992928,-2.460584964744527,4.042436608961892e-184,0.00139216106232598,1.0510335183300918e-182,dissociated,1000-1399,Europe
era_region,1000-1399 | Europe,Nobility,Culture (periphery),Nobility + Culture (periphery),10656,6857,5,74.89263093892966,-3.7769199940754326,-5.6128308348057905,-2.880695536552018,0.6846955005395229,0.0004997501249375312,0.000729181857955374,-3.7385488292279185,0.4331233355892111,-4.5874705669827724,-2.8896270914730646,6.049787018958037e-18,0.00139216106232598,2.621574374881816e-17,dissociated,1000-1399,Europe
era_region,1000-1399 | Europe,Nobility,Sport & Games,Nobility + Sport & Games,10656,6857,19,18.694213170117493,0.022802703088588703,-0.57183643248946,0.45619794585348433,0.26004523642210503,0.920039980009995,0.0027708910602304215,-0.664885209480982,0.28880519264633514,-1.2309433870677988,-0.09882703189416508,0.021324306838607986,0.920039980009995,0.036962131853587175,not distinguishable,1000-1399,Europe
era_region,1000-1399 | Europe,Kinship,Big business,Kinship + Big business,10656,6857,9,25.18452215691574,-1.4348998150172734,-2.5842580921164138,-0.7423756848285439,0.48028918953985955,0.011494252873563218,0.0013125273443196734,-1.7577270373249172,0.338499874120802,-2.421186790601689,-1.0942672840481453,2.0727016493850183e-07,0.020850040096230954,5.389024288401047e-07,dissociated,1000-1399,Europe
era_region,1000-1399 | Europe,Kinship,Small business,Kinship + Small business,10656,6857,23,75.67853273951988,-1.6967237438990594,-2.3488500405548627,-1.2075162874985026,0.2966819306442336,0.0004997501249375312,0.003354236546594721,-1.836364223612492,0.21536898955904688,-2.2584874431482236,-1.4142410040767601,1.5071795733615843e-17,0.00139216106232598,6.18736877485282e-17,dissociated,1000-1399,Europe
era_region,1000-1399 | Europe,Kinship,Academia,Kinship + Academia,10656,6857,12,175.62570472255058,-3.8166054791265083,-4.778441008246309,-3.156591542257126,0.405276746206195,0.0004997501249375312,0.0017500364590928978,-3.6419036260956816,0.2856503217667163,-4.201778256758446,-3.0820289954329176,3.136827942098253e-37,0.00139216106232598,2.2242961771242156e-36,dissociated,1000-1399,Europe
era_region,1000-1399 | Europe,Kinship,Exploration & Invention,Kinship + Exploration & Invention,10656,6857,8,29.12244538471285,-1.801155996180573,-3.020030627566707,-1.0703607771378856,0.5099520354650864,0.006496751624187906,0.0011666909727285986,-1.9640858211300787,0.35521047243409687,-2.6602983471009085,-1.2678732951592488,3.214050808164928e-08,0.0133354375443857,9.285035668032016e-08,dissociated,1000-1399,Europe
era_region,1000-1399 | Europe,Kinship,Culture (core),Kinship + Culture (core),10656,6857,81,234.51042870768467,-1.527852814082986,-1.8598300135184371,-1.2726997549060064,0.14929145071715907,0.0004997501249375312,0.01181274609887706,-2.2319411162389864,0.11617177887325957,-2.459637802830575,-2.0042444296473976,2.91357010293101e-82,0.00139216106232598,4.545169360572375e-81,dissociated,1000-1399,Europe
era_region,1000-1399 | Europe,Kinship,Culture (periphery),Kinship + Culture (periphery),10656,6857,6,42.96080579134477,-2.7412033000091425,-4.174170883410909,-1.8764218672163522,0.61481306065649,0.0029985007496251873,0.0008750182295464489,-2.6430111509035554,0.3996217341357595,-3.426269749809644,-1.8597525519974667,3.7462256034022704e-11,0.007087365408204988,1.217523321105738e-10,dissociated,1000-1399,Europe
era_region,1000-1399 | Europe,Kinship,Sport & Games,Kinship + Sport & Games,10656,6857,4,10.723597920846325,-1.318538324693742,-3.111753330629503,-0.36706469057355373,0.7675443421382481,0.08195902048975512,0.0005833454863642993,-1.6135944694131177,0.4941214355659489,-2.5820724831223774,-0.6451164557038579,0.001092390568455024,0.12534909016080195,0.002366846231652552,not distinguishable,1000-1399,Europe
era_region,1000-1399 | Europe,Big business,Small business,Big business + Small business,10656,6857,8,1.751199620142922,1.9167688509969665,0.7008658779301682,2.678137887950721,0.49673975197806475,0.0024987506246876563,0.0011666909727285986,0.9060429038683837,0.360258843676796,0.1999355702618636,1.612150237474904,0.011903996384826336,0.0060907046476761624,0.022107421857534622,associated,1000-1399,Europe
era_region,1000-1399 | Europe,Big business,Academia,Big business + Academia,10656,6857,3,4.063975030489138,-0.3829359766049162,-3.1542358098671,0.6493800031212263,0.8572541384408603,0.6136931534232883,0.00043750911477322444,-1.1261170135447767,0.5435013073891604,-2.191379576027531,-0.06085445106202236,0.03826847760663365,0.6741981122114998,0.06350938836845584,not distinguishable,1000-1399,Europe
era_region,1000-1399 | Europe,Big business,Exploration & Invention,Big business + Exploration & Invention,10656,6857,4,0.6738927599307165,1.9386243832693444,0.2746884551926308,2.8900054658349106,0.7514490942590665,0.01699150424787606,0.0005833454863642993,1.1399007576012927,0.4885407588912616,0.18236087017442004,2.0974406450281653,0.01963362882073594,0.02945194069631851,0.0348050692731228,associated,1000-1399,Europe
era_region,1000-1399 | Europe,Big business,Culture (core),Big business + Culture (core),10656,6857,4,5.426566277202596,-0.39727147944355534,-2.170891091595969,0.5647569060444614,0.7851436938458324,0.5542228885557221,0.0005833454863642993,-1.3795906331292547,0.4812077148283243,-2.32275775419277,-0.43642351206573904,0.004144697799094991,0.6175626472478046,0.008082160708235232,not distinguishable,1000-1399,Europe
era_region,1000-1399 | Europe,Big business,Culture (periphery),Big business + Culture (periphery),10656,6857,5,0.994112122149398,1.8801432027729448,0.05087901648833778,2.774945139448533,0.6990964389260056,0.02148925537231384,0.000729181857955374,0.9685920438905885,0.44259385679760743,0.10110808456727793,1.8360760032138992,0.02863724766693857,0.036438302587836514,0.04855881126133062,associated,1000-1399,Europe
era_region,1000-1399 | Europe,Big business,Sport & Games,Big business + Sport & Games,10656,6857,0,0.24814382527985906,-0.581387549653249,-0.7559711585163321,-0.41347316830526315,0.08633878091742996,0.0004997501249375312,0.0,-0.1572861502506886,1.4241235208609198,-2.9485682511380915,2.633995950636714,0.9120571191970843,0.00139216106232598,0.9239020168489945,dissociated,1000-1399,Europe
era_region,1000-1399 | Europe,Small business,Academia,Small business + Academia,10656,6857,19,12.212090643657811,0.6172728069913151,-0.09050270485137311,1.1428485806953184,0.31826358654438913,0.05897051474262868,0.0027708910602304215,-0.33277903608333415,0.2364227925069082,-0.7961677093968742,0.1306096372302059,0.15926168679095198,0.09387143163112321,0.21793704508235534,not distinguishable,1000-1399,Europe
era_region,1000-1399 | Europe,Small business,Exploration & Invention,Small business + Exploration & Invention,10656,6857,3,2.0250221535903794,0.4710588764764306,-2.2792929494225347,1.5163127134768222,0.8666720610778146,0.5092453773113443,0.00043750911477322444,-0.12288019682318907,0.5447696448278234,-1.190628700685723,0.9448683070393448,0.821540861972239,0.5756686873954328,0.8431603583399294,not distinguishable,1000-1399,Europe
era_region,1000-1399 | Europe,Small business,Culture (core),Small business + Culture (core),10656,6857,29,16.30662559780507,0.811684862380897,0.24269681419899342,1.251063897851147,0.2577984532936069,0.005497251374312844,0.0042292547761411696,-0.3982817595011716,0.19546801628175234,-0.7813990714134063,-0.015164447588937036,0.04159193395321467,0.012251017348468623,0.06758689267397384,associated,1000-1399,Europe
era_region,1000-1399 | Europe,Small business,Culture (periphery),Small business + Culture (periphery),10656,6857,9,2.987269177238593,1.4458297854978448,0.2675180408141246,2.1424277065716444,0.4852156114741087,0.00849575212393803,0.0013125273443196734,0.5443803739938124,0.33780575866049073,-0.11771891298074932,1.2064796609683741,0.10706666513630152,0.01699150424787606,0.14912856929699142,associated,1000-1399,Europe
era_region,1000-1399 | Europe,Small business,Sport & Games,Small business + Sport & Games,10656,6857,2,0.7456627721004706,1.0050145424706378,-1.3884387462065373,2.173967101750247,0.9846697708951672,0.19940029985007496,0.00029167274318214965,0.5196418427485049,0.6510647405398814,-0.7564450487096627,1.7957287342066723,0.4247883326774974,0.26361395573399743,0.4945297007290268,not distinguishable,1000-1399,Europe
era_region,1000-1399 | Europe,Academia,Exploration & Invention,Academia + Exploration & Invention,10656,6857,4,4.699429678786129,-0.2084283824438357,-1.8362622706499003,0.7572470185522415,0.7183800984487815,0.7641179410294853,0.0005833454863642993,-0.9478007820375849,0.48094419343681966,-1.8904514011737514,-0.0051501629014183425,0.04875723440043595,0.8054216135175655,0.07606128566468008,not distinguishable,1000-1399,Europe
era_region,1000-1399 | Europe,Academia,Culture (core),Academia + Culture (core),10656,6857,194,37.84247009807272,2.3427549688191482,2.1731069004446684,2.490378529854506,0.08161347414574806,0.0004997501249375312,0.028292256088668515,0.701022119332174,0.08684902098439397,0.5307980382027617,0.8712462004615862,6.930723777247369e-16,0.00139216106232598,2.5742688315490228e-15,associated,1000-1399,Europe
era_region,1000-1399 | Europe,Academia,Culture (periphery),Academia + Culture (periphery),10656,6857,15,6.93249770386352,1.0603491979485704,0.2675786889360147,1.6062515183519455,0.3522687120990797,0.010494752623688156,0.002187545573866122,-0.022948238035523472,0.26734069008424743,-0.5469359906006485,0.5010395145296015,0.9315944612284968,0.019490254872563718,0.9315944612284967,associated,1000-1399,Europe
era_region,1000-1399 | Europe,Academia,Sport & Games,Academia + Sport & Games,10656,6857,7,1.7304451486429095,1.7495589259789344,0.5207426279116661,2.4650971775786314,0.5159970963875335,0.006496751624187906,0.0010208546011375237,0.6504702564043495,0.39694685112290656,-0.12754557179654735,1.4284860846052463,0.10127919157168831,0.0133354375443857,0.1462921656035498,associated,1000-1399,Europe
era_region,1000-1399 | Europe,Exploration & Invention,Culture (core),Exploration & Invention + Culture (core),10656,6857,12,6.275079552818132,0.8836183031189331,-0.0670914229146229,1.5112280061014636,0.40501723335637957,0.03498250874562719,0.0017500364590928978,-0.3692703762667542,0.29866433431334866,-0.9546524715209176,0.21611171898740922,0.21630768531460365,0.05684657671164418,0.27659015499244405,not distinguishable,1000-1399,Europe
era_region,1000-1399 | Europe,Exploration & Invention,Culture (periphery),Exploration & Invention + Culture (periphery),10656,6857,3,1.149554309714263,1.0852786442665556,-1.6709511238029247,2.13040972936119,0.872421944568547,0.19390304847576212,0.00043750911477322444,0.4066852885904527,0.546741662986796,-0.6649283708636676,1.4782989480445732,0.4569766308834988,0.26361395573399743,0.5092025315558987,not distinguishable,1000-1399,Europe
era_region,1000-1399 | Europe,Exploration & Invention,Sport & Games,Exploration & Invention + Sport & Games,10656,6857,1,0.28694429674862787,0.9306290763289445,-0.7778673451406299,2.2230949676149314,1.0135234001643334,0.44577711144427784,0.00014583637159107482,0.8890091443999343,0.8334428437769557,-0.7445388294028988,2.5225571182027675,0.2861205175474666,0.5268274953432375,0.3599580704629418,not distinguishable,1000-1399,Europe
era_region,1000-1399 | Europe,Culture (core),Culture (periphery),Culture (core) + Culture (periphery),10656,6857,86,9.256862548203777,3.1482109234786804,2.9273240545688686,3.351191200473213,0.10954277403712183,0.0004997501249375312,0.012541927956832434,1.7558851732381708,0.14833381943924842,1.465150887137244,2.0466194593390976,2.501177974252455e-32,0.00139216106232598,1.5007067845514729e-31,associated,1000-1399,Europe
era_region,1000-1399 | Europe,Culture (core),Sport & Games,Culture (core) + Sport & Games,10656,6857,3,2.3106380373218545,0.3164572511158279,-2.3894390785953945,1.3011669961214924,0.8753783806343896,0.6611694152923538,0.00043750911477322444,-0.7182891050745748,0.5546111924184058,-1.8053270422146501,0.3687488320655006,0.19527817885620835,0.7162668665667167,0.2581643720471907,not distinguishable,1000-1399,Europe
era_region,1000-1399 | Europe,Culture (periphery),Sport & Games,Culture (periphery) + Sport & Games,10656,6857,0,0.4232940621127497,-0.8848621135315655,-1.1000573441751345,-0.6651017644683352,0.1124784218422507,0.0004997501249375312,0.0,-0.6136263450395787,1.423076711061658,-3.4028566987204285,2.175604008641271,0.666325167550577,0.00139216106232598,0.7023427441749325,dissociated,1000-1399,Europe
era_region,1400-1599 | Europe,Politics,Administration & Law,Politics + Administration & Law,29717,16361,640,274.8064012725638,1.2181604154942622,1.1267630140750122,1.302862319229104,0.045129468153695076,0.0004997501249375312,0.0391174133610415,0.3755756817689685,0.04777093601435402,0.2819446471808346,0.46920671635710237,3.780112044433498e-15,0.0007796101949025487,6.273377435442826e-15,associated,1400-1599,Europe
era_region,1400-1599 | Europe,Politics,Military,Politics + Military,29717,16361,395,217.41812551308576,0.8598914959482131,0.7400395050138451,0.9758867539437512,0.059856579648882725,0.0004997501249375312,0.024142778558767803,0.011878485341733849,0.05756727499960636,-0.10095337365749461,0.1247103443409623,0.836524605046755,0.0007796101949025487,0.8473885609564531,associated,1400-1599,Europe
era_region,1400-1599 | Europe,Politics,Religion,Politics + Religion,29717,16361,322,457.59416937151667,-0.5063450397958402,-0.6595874667319965,-0.36734478225576483,0.07431558858402938,0.0004997501249375312,0.019680948597274005,-1.650189397095134,0.059340092476003456,-1.7664959783481007,-1.5338828158421673,3.375103995448013e-170,0.0007796101949025487,3.7608301663563576e-169,dissociated,1400-1599,Europe
era_region,1400-1599 | Europe,Politics,Nobility,Politics + Nobility,29717,16361,923,598.420975403589,0.6247463019573176,0.5479790557003295,0.6893475507455753,0.03610626646652136,0.0004997501249375312,0.05641464458162704,-0.16202799978999957,0.03962800945556608,-0.23969889832290908,-0.08435710125709006,4.337522632425822e-05,0.0007796101949025487,5.935557286477441e-05,associated,1400-1599,Europe
era_region,1400-1599 | Europe,Politics,Kinship,Politics + Kinship,29717,16361,317,374.28012707762605,-0.23928786344239306,-0.3892732168247055,-0.10721113781605837,0.07247421646913889,0.001999000499750125,0.01937534380539087,-0.737199115926009,0.061139944376999114,-0.8570334069049272,-0.6173648249470907,1.769278121409417e-33,0.002887445166305736,4.7587480506873975e-33,dissociated,1400-1599,Europe
era_region,1400-1599 | Europe,Politics,Big business,Politics + Big business,29717,16361,132,54.16239830200275,1.2773716953515306,1.0668729655020552,1.466569362263205,0.1028064130457533,0.0004997501249375312,0.00806796650571481,0.2922264829701998,0.09933288927167325,0.09753401999772027,0.48691894594267937,0.0032621525860530953,0.0007796101949025487,0.003855271238062749,associated,1400-1599,Europe
era_region,1400-1599 | Europe,Politics,Small business,Politics + Small business,29717,16361,228,188.78210991669766,0.2716561047654548,0.10059017785364531,0.43567025174554486,0.08535365933263185,0.0024987506246876563,0.013935578509871035,-0.4555914492487623,0.0722101732249333,-0.5971233887696316,-0.3140595097278931,2.8040559091793837e-10,0.0035436827041024944,4.206083863769076e-10,associated,1400-1599,Europe
era_region,1400-1599 | Europe,Politics,Academia,Politics + Academia,29717,16361,230,490.2443554095098,-1.0902049231101065,-1.2633556059317843,-0.9259882926472062,0.08513162907065601,0.0004997501249375312,0.01405782042662429,-1.8870625176102933,0.06904899437716888,-2.022398546589544,-1.7517264886310424,1.9018428746688677e-164,0.0007796101949025487,1.854296802802146e-163,dissociated,1400-1599,Europe
era_region,1400-1599 | Europe,Politics,Exploration & Invention,Politics + Exploration & Invention,29717,16361,100,80.28615541085219,0.31501552152579376,0.020402533272915423,0.5592910603947521,0.13545969502803376,0.0239880059970015,0.006112095837662735,-0.6073366435573541,0.10645308012970643,-0.8159846806115787,-0.39868860650312943,1.162031577072409e-08,0.031184407796101946,1.7101596794650547e-08,associated,1400-1599,Europe
era_region,1400-1599 | Europe,Politics,Culture (core),Politics + Culture (core),29717,16361,170,569.1910747378179,-1.7404080646555296,-1.9604539864790216,-1.547484110898827,0.10329853872337039,0.0004997501249375312,0.01039056292402665,-2.67038973065779,0.07906290220272151,-2.825353018975124,-2.515426442340456,4.514894444420692e-250,0.0007796101949025487,1.1738725555493798e-248,dissociated,1400-1599,Europe
era_region,1400-1599 | Europe,Politics,Culture (periphery),Politics + Culture (periphery),29717,16361,18,159.33567422575706,-3.1109922679849817,-3.89205215518223,-2.5247469216255145,0.34686928292343,0.0004997501249375312,0.0011001772507792922,-2.9717347698114476,0.2343196024926473,-3.431001190697036,-2.512468348925859,7.403050218339154e-37,0.0007796101949025487,2.2209150655017464e-36,dissociated,1400-1599,Europe
era_region,1400-1599 | Europe,Politics,Sport & Games,Politics + Sport & Games,29717,16361,1,11.478433403284145,-2.997404832084113,-4.753548843112696,-1.6484769116561264,1.0128134007666385,0.0004997501249375312,6.112095837662735e-05,-2.8872580054582406,0.8213561361073962,-4.497116032228737,-1.2773999786877441,0.00043936869952023117,0.0007796101949025487,0.0005527541703641618,dissociated,1400-1599,Europe
era_region,1400-1599 | Europe,Administration & Law,Military,Administration & Law + Military,29717,16361,132,145.01771777429707,-0.1352024621100713,-0.3797966769323784,0.08016353694699875,0.11820416762170827,0.23938030984507747,0.00806796650571481,-0.5830941023815845,0.09175562297316822,-0.7629351234089943,-0.4032530813541748,2.0861706088066974e-10,0.27868155474501555,3.190613872292596e-10,not distinguishable,1400-1599,Europe
era_region,1400-1599 | Europe,Administration & Law,Religion,Administration & Law + Religion,29717,16361,301,305.2149490870692,-0.020029097847225435,-0.16950727545639566,0.12034893890116287,0.07440961554431383,0.7856071964017991,0.01839740847136483,-0.9809400612202944,0.06255199235192076,-1.1035419662300592,-0.8583381562105298,2.008440704514574e-55,0.7958098872641601,7.832918747606839e-55,not distinguishable,1400-1599,Europe
era_region,1400-1599 | Europe,Administration & Law,Nobility,Administration & Law + Nobility,29717,16361,334,399.1463173390026,-0.25671758428299735,-0.40159370344879475,-0.12387434813030447,0.07083765876850504,0.0009995002498750624,0.020414400097793533,-0.7027225025652716,0.06008008845404178,-0.8204794759351934,-0.5849655291953497,1.329302002550142e-31,0.0014709626318916012,3.4561852066303696e-31,dissociated,1400-1599,Europe
era_region,1400-1599 | Europe,Administration & Law,Kinship,Administration & Law + Kinship,29717,16361,95,249.644548765114,-1.3891893747122912,-1.6806856203553282,-1.133036159533902,0.14241956891147767,0.0004997501249375312,0.0058064910457795976,-1.372242059802053,0.10576307342893353,-1.5795376837227628,-1.1649464358813433,1.7030556601531653e-38,0.0007796101949025487,5.313533659677876e-38,dissociated,1400-1599,Europe
era_region,1400-1599 | Europe,Administration & Law,Big business,Administration & Law + Big business,29717,16361,33,36.126276833649555,-0.1287179588304236,-0.6558415264743449,0.27052818113038873,0.23594564872450413,0.5822088955522239,0.0020169916264287024,-0.6206716548590604,0.17879000879365062,-0.9711000720946156,-0.2702432376235052,0.0005175362665183512,0.6220862171653899,0.0006407591871179586,not distinguishable,1400-1599,Europe
era_region,1400-1599 | Europe,Administration & Law,Small business,Administration & Law + Small business,29717,16361,74,125.91751801801023,-0.7628840648413739,-1.100616858287624,-0.48840827426372724,0.15874333730565177,0.0009995002498750624,0.004522950919870423,-1.0167872803295748,0.11984264271092646,-1.2516788600429907,-0.7818957006161589,2.1692238090886122e-17,0.0014709626318916012,4.0285585025931365e-17,dissociated,1400-1599,Europe
era_region,1400-1599 | Europe,Administration & Law,Academia,Administration & Law + Academia,29717,16361,520,326.9925973533404,0.6684358672023207,0.5658583410644561,0.7667695228660728,0.05106544104580149,0.0004997501249375312,0.03178289835584622,-0.16165695968168736,0.05075260420140419,-0.26113206391643956,-0.06218185544693515,0.0014465631556234042,0.0007796101949025487,0.001735875786748085,associated,1400-1599,Europe
era_region,1400-1599 | Europe,Administration & Law,Exploration & Invention,Administration & Law + Exploration & Invention,29717,16361,29,53.55080216554237,-0.8736010746170347,-1.467968147442297,-0.4393779627482952,0.25981877287411315,0.0034982508745627187,0.001772507792922193,-1.2543356208162462,0.18800294664783138,-1.6228213962459956,-0.8858498453864967,2.5252395891040907e-11,0.004787080144138457,3.939373759002382e-11,dissociated,1400-1599,Europe
era_region,1400-1599 | Europe,Administration & Law,Culture (core),Administration & Law + Culture (core),29717,16361,227,379.6499967111053,-0.7407022332791093,-0.9269124706078022,-0.5776694370022365,0.08999357937235025,0.0004997501249375312,0.013874457551494407,-1.6163524445914537,0.07037231407790022,-1.7542821801841382,-1.4784227089987692,9.6091215203563e-117,0.0007796101949025487,7.495114785877914e-116,dissociated,1400-1599,Europe
era_region,1400-1599 | Europe,Administration & Law,Culture (periphery),Administration & Law + Culture (periphery),29717,16361,15,106.27676869956946,-2.7842576750308763,-3.637816899823203,-2.1884411923311125,0.3750613085054963,0.0004997501249375312,0.0009168143756494102,-2.4771188082571802,0.255964625999983,-2.978809475217147,-1.9754281412972134,3.754893018492053e-22,0.0007796101949025487,7.915720417361625e-22,dissociated,1400-1599,Europe
era_region,1400-1599 | Europe,Administration & Law,Sport & Games,Administration & Law + Sport & Games,29717,16361,10,7.656106002387268,0.364436897041141,-0.701001514432892,1.0416133433960957,0.44996840229923063,0.4007996001999001,0.0006112095837662734,-0.19937034781499943,0.32237524458623823,-0.8312258272040263,0.43248513157402746,0.5362841076192304,0.4466052687941744,0.5730158958123284,not distinguishable,1400-1599,Europe
era_region,1400-1599 | Europe,Military,Religion,Military + Religion,29717,16361,68,241.4764059417407,-1.820690490304607,-2.157213651398433,-1.5108385977724752,0.1660553955876019,0.0004997501249375312,0.004156225169610659,-2.3415548543522866,0.12348058839050259,-2.5835768075976717,-2.0995329011069015,3.452993983600984e-80,0.0007796101949025487,1.7955568714725118e-79,dissociated,1400-1599,Europe
era_region,1400-1599 | Europe,Military,Nobility,Military + Nobility,29717,16361,763,315.7919310446622,1.2713714054359875,1.189484443659342,1.3456148322264754,0.038912856974695424,0.0004997501249375312,0.046635291241366665,0.7505539740320044,0.046922811082251124,0.6585852643107922,0.8425226837532166,1.3734410427642534e-57,0.0007796101949025487,6.301670666800693e-57,associated,1400-1599,Europe
era_region,1400-1599 | Europe,Military,Kinship,Military + Kinship,29717,16361,176,197.51086432385142,-0.16591140577884664,-0.3798351231529745,0.016206974153151876,0.10190932447418723,0.09545227386306847,0.010757288674286413,-0.4374115084643695,0.0806141015480739,-0.5954151474985944,-0.2794078694301446,5.7633386746244736e-08,0.1200851187309571,8.324822530013129e-08,not distinguishable,1400-1599,Europe
era_region,1400-1599 | Europe,Military,Big business,Military + Big business,29717,16361,23,28.58196663020412,-0.30746407614357313,-0.9685748948875089,0.17619983815661028,0.28912038924131017,0.2683658170914543,0.0014057820426624289,-0.7509323051030898,0.21148456448488645,-1.1654420514934674,-0.3364225587127124,0.00038411104639737273,0.3078313784284329,0.0004911583871966405,not distinguishable,1400-1599,Europe
era_region,1400-1599 | Europe,Military,Small business,Military + Small business,29717,16361,33,99.62195425565307,-1.5795253553382118,-2.1446841374665473,-1.1637230548613222,0.25239897271559775,0.0004997501249375312,0.0020169916264287024,-1.6069342541814806,0.17567521031953517,-1.9512576664077694,-1.2626108419551918,5.843452570235955e-20,0.0007796101949025487,1.1994455275747486e-19,dissociated,1400-1599,Europe
era_region,1400-1599 | Europe,Military,Academia,Military + Academia,29717,16361,42,258.7061918645212,-2.6085654350753913,-3.095307322775806,-2.219198164280733,0.2230498080637468,0.0004997501249375312,0.0025670802518183485,-2.7056206514042302,0.155521187256894,-3.0104421784277426,-2.400799124380718,8.67575926058393e-68,0.0007796101949025487,4.2294326395346654e-67,dissociated,1400-1599,Europe
era_region,1400-1599 | Europe,Military,Exploration & Invention,Military + Exploration & Invention,29717,16361,168,42.36769948821686,1.9747856898532907,1.7884263464728767,2.1580727198569063,0.0953533019560793,0.0004997501249375312,0.010268321007273394,0.9615674084976514,0.08763357154870963,0.7898056082621806,1.1333292087331224,5.1766873077265815e-28,0.0007796101949025487,1.2618175312583542e-27,associated,1400-1599,Europe
era_region,1400-1599 | Europe,Military,Culture (core),Military + Culture (core),29717,16361,108,300.3670593324663,-1.4714311180421578,-1.7524641121983762,-1.217538821924625,0.13601652877642864,0.0004997501249375312,0.006601063504675753,-2.160125885191421,0.09924048270181335,-2.354637231286975,-1.9656145390958668,4.8122758436981225e-105,0.0007796101949025487,3.12797929840378e-104,dissociated,1400-1599,Europe
era_region,1400-1599 | Europe,Military,Culture (periphery),Military + Culture (periphery),29717,16361,21,84.0828151354824,-1.9760279179841438,-2.6881971891635934,-1.4351809768919084,0.317508845866591,0.0004997501249375312,0.0012835401259091743,-1.8979064303300437,0.21818335395835137,-2.3255458040884123,-1.4702670565716751,3.3577701700756682e-18,0.0007796101949025487,6.547651831647553e-18,dissociated,1400-1599,Europe
era_region,1400-1599 | Europe,Military,Sport & Games,Military + Sport & Games,29717,16361,8,6.057268710118336,0.37436782502009636,-0.9385268259161001,1.1417585523522331,0.5313053834608011,0.4397801099450275,0.0004889676670130188,-0.18432757120427026,0.355367171606371,-0.8808472275527574,0.5121920851442169,0.603972671523359,0.4764284524404464,0.6366198429570541,not distinguishable,1400-1599,Europe
era_region,1400-1599 | Europe,Religion,Nobility,Religion + Nobility,29717,16361,386,664.6389119563638,-0.7831872597898608,-0.9143872619412152,-0.6683088091996234,0.06346527418120199,0.0004997501249375312,0.023592689933378156,-1.6720695085422816,0.054591302297023137,-1.779068461044447,-1.5650705560401164,5.053663574079448e-206,0.0007796101949025487,9.854643969454925e-205,dissociated,1400-1599,Europe
era_region,1400-1599 | Europe,Religion,Kinship,Religion + Kinship,29717,16361,231,415.6958840889437,-0.8462505043272095,-1.0277630364963681,-0.6819125432999121,0.08562270714585703,0.0004997501249375312,0.014118941385000916,-1.4734557438863116,0.06962225002620144,-1.6099153539376665,-1.3369961338349567,2.0692108369560563e-99,0.0007796101949025487,1.2415265021736338e-98,dissociated,1400-1599,Europe
era_region,1400-1599 | Europe,Religion,Big business,Religion + Big business,29717,16361,5,60.15570803164467,-3.4631398934253337,-5.331008693934537,-2.548124934056243,0.7022684330926819,0.0034982508745627187,0.0003056047918831367,-3.5047830566008322,0.42854971518012486,-4.344740498353877,-2.6648256148477873,2.8801613596419313e-16,0.004787080144138457,5.105740592092514e-16,dissociated,1400-1599,Europe
era_region,1400-1599 | Europe,Religion,Small business,Religion + Small business,29717,16361,139,209.6716881410105,-0.5913032174190652,-0.8255301770840014,-0.3840113603336698,0.11278963336109755,0.0004997501249375312,0.008495813214351201,-1.3830601979048063,0.08903199126528703,-1.5575629007847689,-1.2085574950248437,2.029048912740936e-54,0.0007796101949025487,7.536467390180619e-54,dissociated,1400-1599,Europe
era_region,1400-1599 | Europe,Religion,Academia,Religion + Academia,29717,16361,1343,544.4920689024555,1.3016891812816351,1.250220453134755,1.356911245530064,0.02753809027967237,0.0004997501249375312,0.08208544709981053,-0.0458610298544832,0.034567956910658046,-0.11361422539937296,0.021892165690406577,0.18461060789045647,0.0007796101949025487,0.2086902523979073,associated,1400-1599,Europe
era_region,1400-1599 | Europe,Religion,Exploration & Invention,Religion + Exploration & Invention,29717,16361,42,89.17017479449186,-1.0771653687417677,-1.5440465194447728,-0.6950919590740027,0.21769721087537044,0.0004997501249375312,0.0025670802518183485,-1.8993199938281287,0.15745835768463276,-2.2079383748900088,-1.5907016127662486,1.669222184321658e-33,0.0007796101949025487,4.6499760848960475e-33,dissociated,1400-1599,Europe
era_region,1400-1599 | Europe,Religion,Culture (core),Religion + Culture (core),29717,16361,889,632.1745930678281,0.49153094419163146,0.416136669528955,0.5645693381072937,0.03741651050117331,0.0004997501249375312,0.05433653199682171,-1.1565769516464663,0.03864328587255942,-1.2323177919566828,-1.08083611133625,8.11662511042174e-197,0.0007796101949025487,1.0551612643548261e-195,associated,1400-1599,Europe
era_region,1400-1599 | Europe,Religion,Culture (periphery),Religion + Culture (periphery),29717,16361,74,176.96687366584862,-1.2522374226164885,-1.5880086054008327,-0.9656939499393348,0.15847949227336972,0.0004997501249375312,0.004522950919870423,-1.8873375030229365,0.1193833747570594,-2.121328917546773,-1.6533460884991,2.695085728761468e-56,0.0007796101949025487,1.1064036149652342e-55,dissociated,1400-1599,Europe
era_region,1400-1599 | Europe,Religion,Sport & Games,Religion + Sport & Games,29717,16361,10,12.748572997424052,-0.3354476476026683,-1.4195884497900861,0.3790716618542884,0.4548315840560445,0.431784107946027,0.0006112095837662734,-1.2164903165397731,0.3220703311413383,-1.8477481655767962,-0.58523246750275,0.0001586680657829925,0.4743543721097198,0.0002097645615436172,not distinguishable,1400-1599,Europe
era_region,1400-1599 | Europe,Nobility,Kinship,Nobility + Kinship,29717,16361,1745,543.6282913513174,1.6816216100901693,1.6389253704892857,1.7274200706194478,0.02314409716073639,0.0004997501249375312,0.10665607236721472,1.747996776137317,0.03855890213991803,1.6724213279430775,1.8235722243315564,0.0,0.0007796101949025487,0.0,associated,1400-1599,Europe
era_region,1400-1599 | Europe,Nobility,Big business,Nobility + Big business,29717,16361,52,78.66891644583762,-0.5926166831358907,-0.9875817761364574,-0.25890724944240845,0.18927798120158604,0.004497751124437781,0.003178289835584622,-1.012984812333653,0.1450502230351765,-1.2972832494825988,-0.728686375184707,2.8753997123353453e-12,0.006048699788037015,4.672524532544936e-12,dissociated,1400-1599,Europe
era_region,1400-1599 | Europe,Nobility,Small business,Nobility + Small business,29717,16361,125,274.1991584031549,-1.130165126254268,-1.3887759124870969,-0.9130415933577761,0.12411129228400969,0.0004997501249375312,0.007640119797078418,-1.3499930183082178,0.09348128870652936,-1.5332163441730153,-1.1667696924434203,2.843520374322643e-47,0.0007796101949025487,1.0081572236234823e-46,dissociated,1400-1599,Europe
era_region,1400-1599 | Europe,Nobility,Academia,Nobility + Academia,29717,16361,117,712.0621213763382,-2.6003550374373687,-2.883575189096012,-2.369857614074776,0.12909544997686775,0.0004997501249375312,0.0071511521300653995,-2.8290037500117475,0.0943604049071627,-3.0139501436297866,-2.6440573563937084,1.744667811907831e-197,0.0007796101949025487,2.7216817865762166e-196,dissociated,1400-1599,Europe
era_region,1400-1599 | Europe,Nobility,Exploration & Invention,Nobility + Exploration & Invention,29717,16361,45,116.6127248752262,-1.3639593898643352,-1.8124922968489463,-0.9998875059195013,0.21013697134612547,0.0004997501249375312,0.0027504431269482306,-1.6806758273804243,0.15251858654472458,-1.9796122570080845,-1.381739397752764,3.078251830951197e-28,0.0007796101949025487,7.745278800457851e-28,dissociated,1400-1599,Europe
era_region,1400-1599 | Europe,Nobility,Culture (core),Nobility + Culture (core),29717,16361,248,826.7293639877497,-1.7350415458184028,-1.9185840819214006,-1.5707159549097305,0.08789360474221102,0.0004997501249375312,0.015157997677403582,-2.4944651003253084,0.06621781861636789,-2.6242520248133894,-2.3646781758372275,1.50511733246695e-310,0.0007796101949025487,5.86995759662112e-309,dissociated,1400-1599,Europe
era_region,1400-1599 | Europe,Nobility,Culture (periphery),Nobility + Culture (periphery),29717,16361,25,231.42928000741415,-3.1851158129141157,-3.8261652511879487,-2.7166182906532623,0.28660951722543,0.0004997501249375312,0.0015280239594156837,-2.8522979899271768,0.20010424520712367,-3.244502310533139,-2.4600936693212145,4.229568878321446e-46,0.0007796101949025487,1.4343755326481425e-45,dissociated,1400-1599,Europe
era_region,1400-1599 | Europe,Nobility,Sport & Games,Nobility + Sport & Games,29717,16361,15,16.67200764074515,-0.14779050433123325,-0.9726290068826173,0.3972806115583454,0.3491128335210339,0.6511744127936032,0.0009168143756494102,-0.6387199940628565,0.2708935026614249,-1.1696712592792493,-0.10776872884646371,0.018382261199697405,0.6863730297013656,0.021085534905535257,not distinguishable,1400-1599,Europe
era_region,1400-1599 | Europe,Kinship,Big business,Kinship + Big business,29717,16361,42,49.203175113555126,-0.22587517500936416,-0.6867779162471054,0.142151982976507,0.21579645289362237,0.2863568215892054,0.0025670802518183485,-0.5350890031536477,0.1600713559384612,-0.8488288607930317,-0.22134914551426377,0.0008293303213182891,0.32370771136171045,0.001010746329106665,not distinguishable,1400-1599,Europe
era_region,1400-1599 | Europe,Kinship,Small business,Kinship + Small business,29717,16361,97,171.49682258797282,-0.8189077893308814,-1.1273466563738574,-0.5557727497857229,0.1440380283225662,0.0004997501249375312,0.005928732962532853,-0.9012990746693101,0.10561172979657808,-1.1082980650706031,-0.6943000842680171,1.4127363476005793e-17,0.0007796101949025487,2.6876447588498826e-17,dissociated,1400-1599,Europe
era_region,1400-1599 | Europe,Kinship,Academia,Kinship + Academia,29717,16361,85,445.35655037184955,-2.382583287823149,-2.716165810832155,-2.0940672820933273,0.15327256967259228,0.0004997501249375312,0.005195281462013325,-2.4130125937648597,0.11054516712559054,-2.629681121331017,-2.1963440661987024,1.2499485245578107e-105,0.0007796101949025487,8.863271355955384e-105,dissociated,1400-1599,Europe
era_region,1400-1599 | Europe,Kinship,Exploration & Invention,Kinship + Exploration & Invention,29717,16361,38,72.93498603676476,-0.9316091125787664,-1.458978709064516,-0.5440782431900552,0.23028568382040532,0.0004997501249375312,0.0023225964183118393,-1.1465891091449882,0.16547584764115716,-1.4709217705216564,-0.8222564477683202,4.236998139661957e-12,0.0007796101949025487,6.7446092835435235e-12,dissociated,1400-1599,Europe
era_region,1400-1599 | Europe,Kinship,Culture (core),Kinship + Culture (core),29717,16361,318,517.0747419130058,-0.7004738418233831,-0.8500733035439991,-0.5598931512496578,0.07446386767414064,0.0004997501249375312,0.019436464763767494,-1.4227073516672808,0.06042524724855208,-1.541140836274443,-1.3042738670601186,1.4153218939286658e-122,0.0007796101949025487,1.2266123080715104e-121,dissociated,1400-1599,Europe
era_region,1400-1599 | Europe,Kinship,Culture (periphery),Kinship + Culture (periphery),29717,16361,47,144.74656452715473,-1.6125046218498158,-2.060466432825977,-1.2670716069036536,0.19817788160831334,0.0004997501249375312,0.0028726850437014854,-1.4974507543266111,0.14839287501804163,-1.7883007893619727,-1.2066007192912496,6.04736710858341e-24,0.0007796101949025487,1.3102628735264056e-23,dissociated,1400-1599,Europe
era_region,1400-1599 | Europe,Kinship,Sport & Games,Kinship + Sport & Games,29717,16361,1,10.427443881305877,-2.864921563242009,-4.615133832837405,-1.5083206853325457,1.0086678730287588,0.0004997501249375312,6.112095837662735e-05,-2.389998713449266,0.8214182270383341,-3.9999784384444013,-0.7800189884541313,0.003618912550230111,0.0007796101949025487,0.004213062371909682,dissociated,1400-1599,Europe
era_region,1400-1599 | Europe,Big business,Small business,Big business + Small business,29717,16361,107,24.817452331929996,2.086132519486217,1.8337475504992231,2.297602539715892,0.11957726447667498,0.0004997501249375312,0.006539942546299126,1.157760211366239,0.10891698804663856,0.9442829147948275,1.3712375079376506,2.1669560087224383e-26,0.0007796101949025487,5.121896020616673e-26,associated,1400-1599,Europe
era_region,1400-1599 | Europe,Big business,Academia,Big business + Academia,29717,16361,20,64.44792849673055,-1.6636596021602468,-2.4171068374063327,-1.1502154330162795,0.32308315698388673,0.0004997501249375312,0.0012224191675325468,-2.033724556319843,0.2251074193952645,-2.4749350983345613,-1.5925140143051246,1.6481025273276626e-19,0.0007796101949025487,3.296205054655325e-19,dissociated,1400-1599,Europe
era_region,1400-1599 | Europe,Big business,Exploration & Invention,Big business + Exploration & Invention,29717,16361,38,10.554484403749704,1.8002267083512908,1.2860911265022352,2.175856547552344,0.22164578922867437,0.0004997501249375312,0.0023225964183118393,0.6959242979792567,0.16973964127403138,0.3632346010821552,1.0286139948763582,4.132367187979826e-05,0.0007796101949025487,5.7557971546861866e-05,associated,1400-1599,Europe
era_region,1400-1599 | Europe,Big business,Culture (core),Big business + Culture (core),29717,16361,41,74.82632952507527,-0.8600428954465393,-1.3430841439780443,-0.4820824435871221,0.21837354232607878,0.0009995002498750624,0.0025059592934417213,-1.7123657269689836,0.16127973953745964,-2.0284740164624044,-1.3962574374755627,2.474496964024207e-26,0.0014709626318916012,5.676787152761416e-26,dissociated,1400-1599,Europe
era_region,1400-1599 | Europe,Big business,Culture (periphery),Big business + Culture (periphery),29717,16361,11,20.94639953763912,-0.8991016044950846,-2.013205371337878,-0.25355850623697307,0.45063445303379424,0.049475262368815595,0.0006723305421429008,-1.1427837203608453,0.29876603714844696,-1.7283651531718012,-0.5572022875498893,0.00013076564036730367,0.06326345024209207,0.0001758572404939601,not distinguishable,1400-1599,Europe
era_region,1400-1599 | Europe,Big business,Sport & Games,Big business + Sport & Games,29717,16361,0,1.5089643502604009,-2.0064519631957136,-2.2133358657973115,-1.7696188088185396,0.11461772421038366,0.0004997501249375312,0.0,-1.7095292596699905,1.417507439206382,-4.4878438405145,1.0687853211745184,0.22781333194239517,0.0007796101949025487,0.25384914130724034,dissociated,1400-1599,Europe
era_region,1400-1599 | Europe,Small business,Academia,Small business + Academia,29717,16361,255,224.63214892246333,0.18255120247729215,0.015116628062689813,0.32581795780426365,0.07982300098661242,0.022988505747126436,0.015585844386039972,-0.554885428551217,0.0687666406921233,-0.6896680443077787,-0.4201028127946554,7.081379187971465e-16,0.03039158386908241,1.2274390592483872e-15,associated,1400-1599,Europe
era_region,1400-1599 | Europe,Small business,Exploration & Invention,Small business + Exploration & Invention,29717,16361,29,36.78747428636431,-0.3379761231963679,-0.9105190048856538,0.0956179350676493,0.25686918416099325,0.18240879560219891,0.001772507792922193,-0.8210050503306128,0.18845918266543257,-1.1903850483548606,-0.45162505230636496,1.3221435740562582e-05,0.21889055472263869,1.8750399777525115e-05,not distinguishable,1400-1599,Europe
era_region,1400-1599 | Europe,Small business,Culture (core),Small business + Culture (core),29717,16361,388,260.8058876252433,0.5721749674612804,0.4500193399516014,0.686892662075388,0.06150108505796776,0.0004997501249375312,0.02371493185013141,-0.4694681630953019,0.05830594951839928,-0.5837478241513645,-0.35518850203923935,8.158150457349568e-16,0.0007796101949025487,1.3833385558114485e-15,associated,1400-1599,Europe
era_region,1400-1599 | Europe,Small business,Culture (periphery),Small business + Culture (periphery),29717,16361,212,73.00831617213368,1.5314834614049375,1.3465098063078733,1.6898881326452364,0.08690108621293634,0.0004997501249375312,0.012957643175844998,0.817136796536648,0.07759081816949219,0.6650587929244433,0.9692148001488526,6.19334940128755e-26,0.0007796101949025487,1.38023215228694e-25,associated,1400-1599,Europe
era_region,1400-1599 | Europe,Small business,Sport & Games,Small business + Sport & Games,29717,16361,8,5.259469350726736,0.5615269463087261,-0.6405603780794915,1.2878173163162803,0.502337970225434,0.2288855572213893,0.0004889676670130188,0.0007422263301525397,0.3554823561856565,-0.6960031917937342,0.6974876444540392,0.998334064999697,0.2705011130798237,0.998334064999697,not distinguishable,1400-1599,Europe
era_region,1400-1599 | Europe,Academia,Exploration & Invention,Academia + Exploration & Invention,29717,16361,93,95.53263085480228,-0.038558336390548134,-0.325450706041467,0.20920728921321644,0.136157969253892,0.7991004497751124,0.005684249129026343,-0.9158092137599223,0.10970992444717503,-1.1308406656763854,-0.7007777618434592,6.969280960284443e-17,0.7991004497751124,1.2641951509353174e-16,not distinguishable,1400-1599,Europe
era_region,1400-1599 | Europe,Academia,Culture (core),Academia + Culture (core),29717,16361,1220,677.2814135950784,0.8485803148278744,0.7935333446520032,0.9049882396955368,0.02914405182175056,0.0004997501249375312,0.07456756921948536,-0.5536549663959532,0.034995656915159976,-0.6222464539496668,-0.48506347884223966,2.2407211700528186e-56,0.0007796101949025487,9.709791736895548e-56,associated,1400-1599,Europe
era_region,1400-1599 | Europe,Academia,Culture (periphery),Academia + Culture (periphery),29717,16361,110,189.59378575191778,-0.7826650008156882,-1.0536007652563382,-0.5271175877660951,0.13012117383305075,0.0004997501249375312,0.006723305421429008,-1.3328125585161132,0.09954656343611873,-1.527923822850906,-1.1377012941813205,7.027394819808374e-41,0.0007796101949025487,2.2839033164377214e-40,dissociated,1400-1599,Europe
era_region,1400-1599 | Europe,Academia,Sport & Games,Academia + Sport & Games,29717,16361,8,13.65820714039515,-0.7361038415563839,-1.940822254114596,-0.008553202889546058,0.5048202815343533,0.13543228385807096,0.0004889676670130188,-1.317881014134068,0.35498883360006017,-2.013659127990186,-0.6221029002779501,0.00020525640634920343,0.16505809595202398,0.00026683332825396444,not distinguishable,1400-1599,Europe
era_region,1400-1599 | Europe,Exploration & Invention,Culture (core),Exploration & Invention + Culture (core),29717,16361,95,110.91677084859982,-0.22239377035085073,-0.5152795402779907,0.008073578548994135,0.13490042047424022,0.09895052473763119,0.0058064910457795976,-1.320226879844027,0.10850762048012948,-1.532901815985081,-1.1075519437029733,4.651223520203529e-34,0.12251017348468624,1.3436867947254638e-33,not distinguishable,1400-1599,Europe
era_region,1400-1599 | Europe,Exploration & Invention,Culture (periphery),Exploration & Invention + Culture (periphery),29717,16361,62,31.049324647695908,0.9862470669075734,0.6138781055627578,1.2947524475484578,0.17381224565572034,0.0004997501249375312,0.0037894994193508956,0.15171288039850783,0.13325568364113846,-0.10946825953812356,0.4128940203351392,0.25490773589083615,0.0007796101949025487,0.2800394844997918,associated,1400-1599,Europe
era_region,1400-1599 | Europe,Exploration & Invention,Sport & Games,Exploration & Invention + Sport & Games,29717,16361,3,2.2367721912706084,0.3548795721930766,-2.440960955065417,1.4234405325362818,0.8763308751974835,0.6621689155422289,0.00018336287512988204,-0.2156440016409145,0.542787747441603,-1.2795079866264563,0.8482199833446273,0.6911538143608709,0.6886556721639181,0.7093420726335253,not distinguishable,1400-1599,Europe
era_region,1400-1599 | Europe,Culture (core),Culture (periphery),Culture (core) + Culture (periphery),29717,16361,842,220.12510594966923,1.9330797150924315,1.8674991739695317,1.99716738403427,0.03288186807192029,0.0004997501249375312,0.05146384695312022,1.0375398262641273,0.050980924708524576,0.9376172138354192,1.1374624386928356,4.500063044435718e-92,0.0007796101949025487,2.5071779818999e-91,associated,1400-1599,Europe
era_region,1400-1599 | Europe,Culture (core),Sport & Games,Culture (core) + Sport & Games,29717,16361,39,15.857662644048975,1.2718860378186327,0.8754673531039286,1.5989601137584306,0.18476052462390338,0.0004997501249375312,0.0023837173766884665,0.09457694536120384,0.19082018297297657,-0.2794306132658302,0.4685845039882379,0.620152753287045,0.0007796101949025487,0.6449588634185268,associated,1400-1599,Europe
era_region,1400-1599 | Europe,Culture (periphery),Sport & Games,Culture (periphery) + Sport & Games,29717,16361,5,4.4390916884949325,0.15518586771621468,-1.6707912373849843,1.0338990819770022,0.674596074878645,0.7821089455272364,0.0003056047918831367,-0.2980242121032762,0.43638096489987815,-1.1533309033070374,0.5572824791004849,0.49464157696653954,0.7958098872641601,0.5358617083804178,not distinguishable,1400-1599,Europe
era_region,1600-1799 | America,Politics,Administration & Law,Politics + Administration & Law,14073,9767,2753,1849.0208949494381,0.574115009097631,0.545278097624909,0.6020972133218581,0.014154535401472823,0.0004997501249375312,0.28186751305416197,1.0731789224409056,0.045754089858274574,0.9835009063186875,1.1628569385631238,1.1653245455275767e-121,0.0009745127436281859,2.2723828637787744e-120,associated,1600-1799,America
era_region,1600-1799 | America,Politics,Military,Politics + Military,14073,9767,1413,1206.4096097550205,0.22795425218083448,0.18630960317856815,0.26563166121665327,0.019855274752265575,0.0004997501249375312,0.14467083034708714,-0.4499623277689548,0.04332400175280917,-0.5348773712044608,-0.3650472843334488,2.871966134238142e-25,0.0009745127436281859,9.333889936273962e-25,associated,1600-1799,America
era_region,1600-1799 | America,Politics,Religion,Politics + Religion,14073,9767,291,461.022570631934,-0.6629053207670915,-0.7964836077790335,-0.5427702839917602,0.06655671134877113,0.0004997501249375312,0.029794204975939386,-1.8607785309956524,0.06919442372036519,-1.9963996014875682,-1.7251574605037365,2.7220542290819353e-159,0.0009745127436281859,1.0616011493419548e-157,dissociated,1600-1799,America
era_region,1600-1799 | America,Politics,Nobility,Politics + Nobility,14073,9767,140,187.56269158572414,-0.42064354083462185,-0.6251826135519574,-0.24368522647165172,0.09534869765411343,0.0004997501249375312,0.01433398177536603,-1.2659528603201786,0.10382938560782547,-1.4694584561115165,-1.0624472645288408,3.402769293000338e-34,0.0009745127436281859,1.4745333603001465e-33,dissociated,1600-1799,America
era_region,1600-1799 | America,Politics,Kinship,Politics + Kinship,14073,9767,400,494.3500732150565,-0.30518924944255793,-0.40624245085375327,-0.2075729229986491,0.052125616732624704,0.0004997501249375312,0.04095423364390294,-1.0095854099020736,0.06635821250431563,-1.1396475064105323,-0.8795233133936149,2.847900262450368e-52,0.0009745127436281859,2.4681802274569855e-51,dissociated,1600-1799,America
era_region,1600-1799 | America,Politics,Big business,Politics + Big business,14073,9767,679,630.0005395586796,0.10797594583441601,0.0353476836965904,0.17259079127507915,0.03471634920243461,0.0014992503748125937,0.06951981161052524,-0.6329186523544611,0.05613380686338138,-0.7429409138066886,-0.5228963909022336,1.7402671132859924e-29,0.0026577620280768704,6.4638492779194e-29,associated,1600-1799,America
era_region,1600-1799 | America,Politics,Small business,Politics + Small business,14073,9767,533,601.9762799783116,-0.1754161712367969,-0.25692858940447966,-0.09630441542171943,0.04167059809670624,0.0004997501249375312,0.05457151633050067,-0.8063205773631786,0.060444208352393836,-0.9247912257338705,-0.6878499289924868,1.3561480669735485e-40,0.0009745127436281859,7.0519699482624516e-40,dissociated,1600-1799,America
era_region,1600-1799 | America,Politics,Academia,Politics + Academia,14073,9767,289,476.58949496651746,-0.720696571755655,-0.858963081428867,-0.5863702003972243,0.06881893849134063,0.0004997501249375312,0.029589433807719872,-1.7708472622709215,0.06994261297776806,-1.9079347837073468,-1.6337597408344962,1.9947233933197104e-141,0.0009745127436281859,5.186280822631247e-140,dissociated,1600-1799,America
era_region,1600-1799 | America,Politics,Exploration & Invention,Politics + Exploration & Invention,14073,9767,128,279.18602139347416,-1.122039790818722,-1.3585199909374295,-0.9208183125103555,0.11477907752538775,0.0004997501249375312,0.013105354766048941,-2.019282496044321,0.09960744989587128,-2.214513097840229,-1.8240518942484134,2.2537258020295394e-91,0.0009745127436281859,2.929843542638401e-90,dissociated,1600-1799,America
era_region,1600-1799 | America,Politics,Culture (core),Politics + Culture (core),14073,9767,107,407.6326915944742,-1.924701615868875,-2.195158324747707,-1.6827402411990802,0.12906152171581423,0.0004997501249375312,0.010955257499744036,-2.944352282527319,0.10299691086496378,-3.1462262278226483,-2.74247833723199,9.803506730049935e-180,0.0009745127436281859,7.646735249438949e-178,dissociated,1600-1799,America
era_region,1600-1799 | America,Politics,Culture (periphery),Politics + Culture (periphery),14073,9767,91,208.67342496111263,-1.1928559233805158,-1.4662631560649784,-0.9443590040150222,0.1326836397487644,0.0004997501249375312,0.009317088153987919,-2.0038272631449234,0.11733374793438725,-2.2338014090963223,-1.7738531171935243,2.1636258390133005e-65,0.0009745127436281859,2.4108973634719635e-64,dissociated,1600-1799,America
era_region,1600-1799 | America,Politics,Sport & Games,Politics + Sport & Games,14073,9767,11,32.57570694068037,-1.5241381309779696,-2.5123994378358656,-0.8804350938846847,0.42023357779795695,0.005497251374312844,0.0011262414252073308,-2.352942402489935,0.3173048848692888,-2.974859976833741,-1.7310248281461287,1.2125896416329566e-13,0.008575712143928035,2.866120971132443e-13,dissociated,1600-1799,America
era_region,1600-1799 | America,Administration & Law,Military,Administration & Law + Military,14073,9767,113,326.3995539768513,-1.5261551111710512,-1.8054799855553343,-1.2999800788313949,0.12822946800511967,0.0004997501249375312,0.01156957100440258,-2.255593295071875,0.0980856207141916,-2.4478411116716905,-2.0633454784720597,5.091696128825901e-117,0.0009745127436281859,7.943045960968406e-116,dissociated,1600-1799,America
era_region,1600-1799 | America,Administration & Law,Religion,Administration & Law + Religion,14073,9767,27,124.73173307868576,-2.187096656367299,-2.791354955830115,-1.7149831742817934,0.274753041176592,0.0004997501249375312,0.002764410770963448,-2.829573241627233,0.19379775536126292,-3.209416842135308,-2.4497296411191574,2.781794838907098e-48,0.0009745127436281859,1.8081666452896137e-47,dissociated,1600-1799,America
era_region,1600-1799 | America,Administration & Law,Nobility,Administration & Law + Nobility,14073,9767,15,50.74593105131995,-1.7251692430673236,-2.619167450737123,-1.1218369133162744,0.3799566253882529,0.0009995002498750624,0.0015357837616463601,-2.236874021144089,0.25935147574624035,-2.74520291360672,-1.728545128681458,6.416278026918986e-18,0.0018130469648896482,1.853591429998818e-17,dissociated,1600-1799,America
era_region,1600-1799 | America,Administration & Law,Kinship,Administration & Law + Kinship,14073,9767,30,133.7486390203605,-2.1380263148096454,-2.682068297295238,-1.7107052278431643,0.25202647414991847,0.0004997501249375312,0.0030715675232927202,-2.4782721086354407,0.18486591938761412,-2.8406093106351644,-2.115934906635717,5.59310480903993e-41,0.0009745127436281859,3.1161583936079608e-40,dissociated,1600-1799,America
era_region,1600-1799 | America,Administration & Law,Big business,Administration & Law + Big business,14073,9767,69,170.4494837030396,-1.2984851826409558,-1.6481943036067863,-1.000190962925751,0.16767595265483634,0.0004997501249375312,0.007064605303573257,-1.9812295610832877,0.12460318602351114,-2.2254518056893695,-1.737007316477206,6.304974214699863e-57,0.0009745127436281859,6.147349859332367e-56,dissociated,1600-1799,America
era_region,1600-1799 | America,Administration & Law,Small business,Administration & Law + Small business,14073,9767,33,162.86739404327543,-2.2858870688098407,-2.8412935789546254,-1.8734902907611513,0.25192510327631085,0.0004997501249375312,0.0033787242756219923,-2.574980168662653,0.17630843808202948,-2.9205447073034305,-2.229415630021875,2.6108153788861387e-48,0.0009745127436281859,1.8081666452896137e-47,dissociated,1600-1799,America
era_region,1600-1799 | America,Administration & Law,Academia,Administration & Law + Academia,14073,9767,44,128.94343457585074,-1.540444551817175,-1.9798258814444187,-1.181941790906927,0.20429465462107857,0.0004997501249375312,0.004504965700829323,-2.25434320436918,0.15405099906328473,-2.5562831625332176,-1.9524032462051417,1.7110106844373528e-48,0.0009745127436281859,1.3345883338611352e-47,dissociated,1600-1799,America
era_region,1600-1799 | America,Administration & Law,Exploration & Invention,Administration & Law + Exploration & Invention,14073,9767,19,75.53503563180848,-1.9631902167546926,-2.7054581166939724,-1.4112167775671272,0.32553470368047044,0.0004997501249375312,0.0019453260980853897,-2.472591030343914,0.23062265427084802,-2.924611432714776,-2.020570627973052,8.079672554287088e-27,0.0009745127436281859,2.7400628662364906e-26,dissociated,1600-1799,America
era_region,1600-1799 | America,Administration & Law,Culture (core),Administration & Law + Culture (core),14073,9767,60,110.28686081988171,-0.872779742244432,-1.2587617040651036,-0.571145875502943,0.17523506976711836,0.0004997501249375312,0.0061431350465854405,-1.8737836928538882,0.13358169052813518,-2.135603806289033,-1.6119635794187432,1.061909118960595e-44,0.0009745127436281859,6.371454713763571e-44,dissociated,1600-1799,America
era_region,1600-1799 | America,Administration & Law,Culture (periphery),Administration & Law + Culture (periphery),14073,9767,34,56.45753505557706,-0.7232903504239718,-1.2476335767528677,-0.3335521988493993,0.2350868070390767,0.0069965017491254375,0.00348110985973175,-1.5026809721644543,0.17770264929100335,-1.850978164774821,-1.1543837795540877,2.763405575015652e-17,0.010494752623688156,7.698058387543601e-17,dissociated,1600-1799,America
era_region,1600-1799 | America,Administration & Law,Sport & Games,Administration & Law + Sport & Games,14073,9767,1,8.813504244282187,-2.6343615891511862,-4.446227237817837,-1.2897602268339523,1.0186358291694244,0.0004997501249375312,0.00010238558410975735,-2.9316254197864766,0.8239432250909366,-4.546554140964712,-1.316696698608241,0.0003736281670884372,0.0009745127436281859,0.0005947550414877163,dissociated,1600-1799,America
era_region,1600-1799 | America,Military,Religion,Military + Religion,14073,9767,46,81.38229364446394,-0.8163207987340576,-1.2683461820584505,-0.4608209172480199,0.20668134455938114,0.0009995002498750624,0.004709736869048838,-1.9273881135281654,0.15097796405839006,-2.22330492308261,-1.631471303973721,2.5379526807436593e-37,0.0018130469648896482,1.2372519318625339e-36,dissociated,1600-1799,America
era_region,1600-1799 | America,Military,Nobility,Military + Nobility,14073,9767,72,33.109619822848,1.1091067715174774,0.7885938001511767,1.382756612936084,0.15202499851059628,0.0004997501249375312,0.007371762055902529,-0.17784678336985102,0.13036847239289465,-0.4333689892599245,0.0776754225202225,0.1725091817256008,0.0009745127436281859,0.19962945024675785,associated,1600-1799,America
era_region,1600-1799 | America,Military,Kinship,Military + Kinship,14073,9767,120,87.26545159471036,0.4573080990976231,0.21135086943205847,0.6715448348215564,0.11852133701771861,0.0004997501249375312,0.012286270093170881,-0.6165370657414201,0.09939068923707095,-0.8113428166460792,-0.421731314836761,5.533798350645807e-10,0.0009745127436281859,1.2332464895724942e-09,associated,1600-1799,America
era_region,1600-1799 | America,Military,Big business,Military + Big business,14073,9767,75,111.21123383667968,-0.5652257229811815,-0.9037766604488533,-0.2713689807156774,0.16444874490656264,0.0024987506246876563,0.007678918808231801,-1.5338294375624304,0.12028775913000968,-1.7695934454572493,-1.2980654296676115,3.064543589768544e-37,0.0041468627388433444,1.4060847058938025e-36,dissociated,1600-1799,America
era_region,1600-1799 | America,Military,Small business,Military + Small business,14073,9767,106,106.26423412859161,-0.0035749966568714734,-0.261590331562437,0.2365303520826082,0.12861861419214193,0.9825087456271864,0.010852871915634279,-0.9675109044864709,0.1037736170415394,-1.170907193887888,-0.7641146150850537,1.1279393138908379e-20,0.9895052473763118,3.519170659339415e-20,not distinguishable,1600-1799,America
era_region,1600-1799 | America,Military,Academia,Military + Academia,14073,9767,65,84.13025456447203,-0.3696785995709326,-0.7240250761242744,-0.06598510033472502,0.17076293834722453,0.029985007496251874,0.0066550629671342275,-1.486144714210566,0.1289463814189709,-1.738879621791749,-1.2334098066293828,9.837796227190076e-31,0.04412887895674804,3.83674052860413e-30,dissociated,1600-1799,America
era_region,1600-1799 | America,Military,Exploration & Invention,Military + Exploration & Invention,14073,9767,110,49.283484631412726,1.1503072481563745,0.8914565668291567,1.3716228821098282,0.12264142567194786,0.0004997501249375312,0.011262414252073309,-0.19921866905132402,0.10625666297049315,-0.40748172847349057,0.009044390370842537,0.060809005160866736,0.0009745127436281859,0.07528733972297787,associated,1600-1799,America
era_region,1600-1799 | America,Military,Culture (core),Military + Culture (core),14073,9767,42,71.95761231592684,-0.7696744244259389,-1.2284114856195432,-0.40385490549519876,0.21007723874780013,0.0004997501249375312,0.004300194532609809,-1.8977814057486542,0.15782787937528747,-2.2071240493242175,-1.5884387621730907,2.645866545754531e-33,0.0009745127436281859,1.0861978450992286e-32,dissociated,1600-1799,America
era_region,1600-1799 | America,Military,Culture (periphery),Military + Culture (periphery),14073,9767,10,36.836205053265026,-1.8301859679354509,-2.9750732343605626,-1.155516097671695,0.4843222463704527,0.004997501249375313,0.0010238558410975735,-2.408246821304884,0.3127277827643639,-3.0211932755230375,-1.795300367086731,1.3524165148360764e-14,0.007955206070434172,3.4028544566843215e-14,dissociated,1600-1799,America
era_region,1600-1799 | America,Military,Sport & Games,Military + Sport & Games,14073,9767,28,5.7504467607487175,2.1889307017530024,1.7342006363144515,2.5454907443180907,0.20493262668869489,0.0004997501249375312,0.0028667963550732057,0.7515748524437804,0.23009673191483518,0.30058525789070345,1.2025644469968575,0.001089461959362786,0.0009745127436281859,0.0016662359378489665,associated,1600-1799,America
era_region,1600-1799 | America,Religion,Nobility,Religion + Nobility,14073,9767,18,12.652652896618642,0.49217144956746994,-0.2475544280774391,1.0200298783341635,0.32752890739874624,0.12043978010994502,0.0018429405139756322,-0.8403373328296143,0.23938607682754026,-1.3095340434115932,-0.3711406222476354,0.0004474580330613501,0.15922547200975784,0.0006980345315757062,not distinguishable,1600-1799,America
era_region,1600-1799 | America,Religion,Kinship,Religion + Kinship,14073,9767,79,33.34799598431543,1.2318844407496452,0.9182410466983945,1.4890490314498206,0.1473841577996976,0.0004997501249375312,0.00808846114467083,-0.19777447986478264,0.12059286093870639,-0.43413648730464716,0.03858752757508188,0.10100139465645833,0.0009745127436281859,0.12120167358774998,associated,1600-1799,America
era_region,1600-1799 | America,Religion,Big business,Religion + Big business,14073,9767,19,42.498740470864206,-1.140820276699117,-1.8623047174391965,-0.6252453579686569,0.3274935909539932,0.004497751124437781,0.0019453260980853897,-2.0773495556882673,0.2299438623882643,-2.528039525969265,-1.6266595854072692,1.652673763478149e-19,0.007308845577211394,4.958021290434447e-19,dissociated,1600-1799,America
era_region,1600-1799 | America,Religion,Small business,Religion + Small business,14073,9767,49,40.60827266963265,0.26799977268495256,-0.16243668550530682,0.6264967145808052,0.2040725114464127,0.19290354822588707,0.00501689362137811,-0.9231484741302156,0.14815784270886667,-1.2135378458395942,-0.632759102420837,4.639275335631045e-10,0.2507746126936532,1.0643043417035928e-09,not distinguishable,1600-1799,America
era_region,1600-1799 | America,Religion,Academia,Religion + Academia,14073,9767,189,32.14989827137398,2.53704744656908,2.3681074096557833,2.702198962090582,0.08522199054335564,0.0004997501249375312,0.019350875396744138,0.7041902986979889,0.08524424527877124,0.5371115779515973,0.8712690194443805,1.4463342194965168e-16,0.0009745127436281859,3.890140314507873e-16,associated,1600-1799,America
era_region,1600-1799 | America,Religion,Exploration & Invention,Religion + Exploration & Invention,14073,9767,17,18.833403340584383,-0.14374070154409013,-0.9585601929667258,0.43437984908645055,0.34921501813729316,0.6521739130434783,0.001740554929865875,-1.3694327626489398,0.24398579589503053,-1.8476449226031995,-0.89122060269468,1.9912918802199058e-08,0.6968433591423466,4.314465740476463e-08,not distinguishable,1600-1799,America
era_region,1600-1799 | America,Religion,Culture (core),Religion + Culture (core),14073,9767,122,27.498192270833453,2.1293761628769685,1.8877469907676274,2.3495382772862516,0.11576876054620165,0.0004997501249375312,0.012491041261390397,0.19336475704741482,0.10043083644373435,-0.0034796823823045053,0.39020919647713415,0.054185279971874084,0.0009745127436281859,0.06816857802913191,associated,1600-1799,America
era_region,1600-1799 | America,Religion,Culture (periphery),Religion + Culture (periphery),14073,9767,29,14.076746246600102,1.017046230540846,0.4314526940211834,1.476319561675216,0.2613022473229626,0.001999000499750125,0.002969181939182963,-0.4545511519097857,0.19225002096955024,-0.8313611930101041,-0.07774111080946722,0.01806051878216873,0.0033896095430545597,0.02387661805100273,associated,1600-1799,America
era_region,1600-1799 | America,Religion,Sport & Games,Religion + Sport & Games,14073,9767,5,2.197500522613372,1.0278083794164437,-0.7825197835859968,1.9165035095802379,0.6853063505251717,0.10644677661169415,0.0005119279205487867,-0.38331996255274065,0.4417055737101573,-1.249062887024649,0.4824229619191676,0.38549407987980766,0.14315256165020937,0.400913843075,not distinguishable,1600-1799,America
era_region,1600-1799 | America,Nobility,Kinship,Nobility + Kinship,14073,9767,54,13.5673181407029,1.9539089172281956,1.5639312751455032,2.269566955212245,0.18001714131046956,0.0004997501249375312,0.005528821541926896,0.6040414493608899,0.14848672980368127,0.3130074589456746,0.8950754397761052,4.742189930895427e-05,0.0009745127436281859,8.602111967670775e-05,associated,1600-1799,America
era_region,1600-1799 | America,Nobility,Big business,Nobility + Big business,14073,9767,25,17.29021236594157,0.5194135145868688,-0.13074893530246018,0.9824218451879048,0.28197574689240773,0.06346826586706647,0.0025596396027439336,-0.618466815590784,0.20598501415738288,-1.0221974433392544,-0.21473618784231352,0.002677855954331369,0.09000954068420335,0.003940995555431071,not distinguishable,1600-1799,America
era_region,1600-1799 | America,Nobility,Small business,Nobility + Small business,14073,9767,12,16.521093342833648,-0.44539561602737515,-1.3984386417813301,0.20753594248661342,0.4194361865721956,0.26936531734132935,0.001228627009317088,-1.203883124313659,0.2885294224308092,-1.769400792278045,-0.6383654563492729,3.0130260554810367e-05,0.32828898050974514,5.595619817321925e-05,not distinguishable,1600-1799,America
era_region,1600-1799 | America,Nobility,Academia,Nobility + Academia,14073,9767,9,13.079883368227504,-0.5154716703929635,-1.621790953471432,0.2082091358228736,0.4749576023907249,0.25287356321839083,0.0009214702569878161,-1.4661834883764504,0.3294091441776774,-2.1118254109646983,-0.8205415657882027,8.549141859704333e-06,0.3231610001450887,1.6264221098949705e-05,not distinguishable,1600-1799,America
era_region,1600-1799 | America,Nobility,Exploration & Invention,Nobility + Exploration & Invention,14073,9767,9,7.662192802052132,0.2189707240336459,-0.8926474400152458,0.9758481886874933,0.4870215411092071,0.63968015992004,0.0009214702569878161,-0.8477367205636577,0.33039706475017383,-1.4953149674739983,-0.20015847365331696,0.010293463127019817,0.6968433591423466,0.014085791647500803,not distinguishable,1600-1799,America
era_region,1600-1799 | America,Nobility,Culture (core),Nobility + Culture (core),14073,9767,13,11.187380585270677,0.20800778280356866,-0.7147296654672635,0.8264688071822707,0.3954974848561152,0.5767116441779111,0.0013310125934268455,-1.0518797016242445,0.27818144518658394,-1.597115334189949,-0.50664406905854,0.00015602910077467796,0.6426215463696724,0.00025354728875885165,not distinguishable,1600-1799,America
era_region,1600-1799 | America,Nobility,Culture (periphery),Nobility + Culture (periphery),14073,9767,3,5.726991655012625,-0.8311804237578753,-3.615744521839549,0.23823829727821394,0.8732896349769447,0.27386306846576713,0.000307156752329272,-1.522558159586345,0.5386562144891791,-2.5783243399851363,-0.4667919791875541,0.004704709684095394,0.32863568215892053,0.006672133733808013,not distinguishable,1600-1799,America
era_region,1600-1799 | America,Nobility,Sport & Games,Nobility + Sport & Games,14073,9767,0,0.894032394590638,-1.4792640870113862,-1.7054012984142948,-1.2174834214171681,0.12538247926887913,0.0004997501249375312,0.0,-1.7108446423188488,1.4191723666130052,-4.492422480880339,1.0707331962426412,0.22800154239704262,0.0009745127436281859,0.25405886152813323,dissociated,1600-1799,America
era_region,1600-1799 | America,Kinship,Big business,Kinship + Big business,14073,9767,68,45.570991100330616,0.5722453538785541,0.22919766772820116,0.8609942277719488,0.16378558980920202,0.0004997501249375312,0.0069622197194635,-0.4944003306137152,0.1282787888224749,-0.7458267567057659,-0.2429739045216644,0.00011615222817823444,0.0009745127436281859,0.0001969537782152671,associated,1600-1799,America
era_region,1600-1799 | America,Kinship,Small business,Kinship + Small business,14073,9767,45,43.54386063973622,0.04692561224716788,-0.40461055298517645,0.41649013197224705,0.2050454552760164,0.8050974512743628,0.004607351284939081,-0.7722962824642823,0.15466108971489675,-1.07543201830548,-0.46916054662308465,5.930247021419992e-07,0.8373013493253373,1.1860494042839983e-06,not distinguishable,1600-1799,America
era_region,1600-1799 | America,Kinship,Academia,Kinship + Academia,14073,9767,39,34.47402703630114,0.1755687305509824,-0.3188088688726313,0.5480606347895622,0.22185206924084427,0.41879060469765117,0.003993037780280537,-0.9028714559976098,0.1651223300859649,-1.226511222966101,-0.5792316890291185,4.55413175257698e-08,0.494934351006315,9.60060207300012e-08,not distinguishable,1600-1799,America
era_region,1600-1799 | America,Kinship,Exploration & Invention,Kinship + Exploration & Invention,14073,9767,38,20.194877460217945,0.8955847397887089,0.430460977566703,1.2848848761648362,0.21800613681848405,0.0004997501249375312,0.0038906521961707794,-0.2904285914963938,0.16917289064770064,-0.622007457165887,0.041150274173099466,0.08602374566315911,0.0009745127436281859,0.10484144002697517,associated,1600-1799,America
era_region,1600-1799 | America,Kinship,Culture (core),Kinship + Culture (core),14073,9767,66,29.486047383179052,1.149062975009457,0.7950808127126361,1.4506475444337812,0.16784033723792152,0.0004997501249375312,0.006757448551243985,-0.2764610195074351,0.13068104513474463,-0.5325958679715346,-0.020326171043335672,0.03438392258994553,0.0009745127436281859,0.04469909936692919,associated,1600-1799,America
era_region,1600-1799 | America,Kinship,Culture (periphery),Kinship + Culture (periphery),14073,9767,11,15.094359757913573,-0.43939046146585264,-1.4556575784300025,0.19741418827927917,0.42198913510715014,0.26786606696651677,0.0011262414252073308,-1.2165530292029856,0.30018626359309647,-1.8049181058454546,-0.6281879525605165,5.0638449377370193e-05,0.32828898050974514,8.976816025988353e-05,not distinguishable,1600-1799,America
era_region,1600-1799 | America,Kinship,Sport & Games,Kinship + Sport & Games,14073,9767,3,2.3563586979157707,0.29317775949384006,-2.452641945199899,1.3462107388610283,0.8705389316695159,0.7096451774112944,0.000307156752329272,-0.6293746072927122,0.546701138799957,-1.7009088393406278,0.4421596247552033,0.24964074445094342,0.7480043761902833,0.2742532122137125,not distinguishable,1600-1799,America
era_region,1600-1799 | America,Big business,Small business,Big business + Small business,14073,9767,116,55.49236701653683,1.0570278800600357,0.7836320779015465,1.2758784253934745,0.122354675945277,0.0004997501249375312,0.011876727756731853,-0.07764292174756088,0.10166271193351643,-0.2769018371372531,0.12161599364213133,0.4450278145963197,0.0009745127436281859,0.45080739660406416,associated,1600-1799,America
era_region,1600-1799 | America,Big business,Academia,Big business + Academia,14073,9767,31,43.93375627999956,-0.4963042784671218,-1.0681070456455406,-0.06633255292536823,0.256627480280468,0.05747126436781609,0.0031739531074024777,-1.5072589488512957,0.18276922553149802,-1.8654866308930318,-1.1490312668095597,1.6270949724815574e-16,0.08301404853128991,4.230446928452049e-16,not distinguishable,1600-1799,America
era_region,1600-1799 | America,Big business,Exploration & Invention,Big business + Exploration & Invention,14073,9767,61,25.73638477185771,1.2290174721666645,0.8625721460072644,1.546032709274852,0.17217062806163616,0.0004997501249375312,0.006245520630695198,-0.12990174436296426,0.13673178174406325,-0.3978960365813282,0.1380925478553997,0.34208790593816263,0.0009745127436281859,0.3605791440969822,associated,1600-1799,America
era_region,1600-1799 | America,Big business,Culture (core),Big business + Culture (core),14073,9767,38,37.577066874984375,0.015936095520220465,-0.4800826035616022,0.4020230867131525,0.22423475883700558,0.9440279860069966,0.0038906521961707794,-1.2437216987166995,0.1663788097833533,-1.569824165892072,-0.917619231541327,7.706249962958587e-14,0.9688708277440227,1.8783984284711557e-13,not distinguishable,1600-1799,America
era_region,1600-1799 | America,Big business,Culture (periphery),Big business + Culture (periphery),14073,9767,16,19.236276693422248,-0.25838382233501034,-1.062753146231878,0.33919158769282165,0.35833460582808685,0.44427786106946526,0.0016381693457561176,-1.1962037660404468,0.2520288505021319,-1.6901803130246253,-0.7022272190562682,2.0717448931448677e-06,0.5172190024390789,4.039902541632492e-06,not distinguishable,1600-1799,America
era_region,1600-1799 | America,Big business,Sport & Games,Big business + Sport & Games,14073,9767,5,3.002947367694472,0.6508623070421744,-1.057274090592691,1.4948947721998762,0.6423988201641335,0.25687156421789104,0.0005119279205487867,-0.5033243307588843,0.44161531170090595,-1.3688903416926599,0.36224168017489133,0.2543968120170529,0.3231610001450887,0.2755965463518073,not distinguishable,1600-1799,America
era_region,1600-1799 | America,Small business,Academia,Small business + Academia,14073,9767,53,41.979454794490024,0.3327736416224971,-0.07164833945927616,0.6668968527305836,0.18881834706397538,0.08245877061469266,0.005426435957817139,-0.7660370136321598,0.14318042672502365,-1.0466706500132061,-0.4854033772511135,8.788049988603605e-08,0.11485328764189336,1.803862892397582e-07,not distinguishable,1600-1799,America
era_region,1600-1799 | America,Small business,Exploration & Invention,Small business + Exploration & Invention,14073,9767,76,24.591555391216215,1.6082578435929595,1.3125571318602436,1.8839994949407124,0.14601987309033024,0.0004997501249375312,0.007781304392341559,0.3021161921274999,0.12523276687512214,0.056659969052260534,0.5475724152027392,0.015846264748331618,0.0009745127436281859,0.021310493971894245,associated,1600-1799,America
era_region,1600-1799 | America,Small business,Culture (core),Small business + Culture (core),14073,9767,64,35.905529455173436,0.8251415696803467,0.47104129979065884,1.1322611126713666,0.170211670348996,0.0004997501249375312,0.0065526773830244705,-0.5068348573548352,0.13180256836244705,-0.7651678913452314,-0.24850182336443905,0.00012035124545759154,0.0009745127436281859,0.00019973185416366255,associated,1600-1799,America
era_region,1600-1799 | America,Small business,Culture (periphery),Small business + Culture (periphery),14073,9767,58,18.380591058940283,1.6315326955654263,1.2501305395143174,1.9339889001777917,0.17364052754381432,0.0004997501249375312,0.005938363878365926,0.3708081202986039,0.14268621303567172,0.09114314274868729,0.6504730978485205,0.009355944773907148,0.0009745127436281859,0.013031494506513528,associated,1600-1799,America
era_region,1600-1799 | America,Small business,Sport & Games,Small business + Sport & Games,14073,9767,6,2.869367519338462,0.9479619167491697,-0.5547774998948555,1.7736236418355371,0.6048486129010878,0.0944527736131934,0.000614313504658544,-0.15533626842244835,0.4090514515318347,-0.9570771134248444,0.6464045765799475,0.7041328526190815,0.12925116389173835,0.7041328526190815,not distinguishable,1600-1799,America
era_region,1600-1799 | America,Academia,Exploration & Invention,Academia + Exploration & Invention,14073,9767,35,19.469333517199605,0.8300328414336564,0.32612644043073735,1.2482942953922314,0.22966477013838466,0.001999000499750125,0.0035834954438415073,-0.5475460772452208,0.1751058264419801,-0.8907534970715018,-0.20433865741893975,0.0017663369254649766,0.0033896095430545597,0.0026495053881974645,associated,1600-1799,America
era_region,1600-1799 | America,Academia,Culture (core),Academia + Culture (core),14073,9767,133,28.426698391111113,2.2063661691355247,1.9932640581338108,2.4066153337003624,0.1062962878461265,0.0004997501249375312,0.013617282686597726,0.37766987981239936,0.09744536691331075,0.1866769606623103,0.5686627989624884,0.00010631470625966802,0.0009745127436281859,0.00018427882418342454,associated,1600-1799,America
era_region,1600-1799 | America,Academia,Culture (periphery),Academia + Culture (periphery),14073,9767,32,14.552062766130993,1.1104785076648394,0.5987171497436686,1.5201339196063233,0.23887309004372387,0.0004997501249375312,0.0032763386915122352,-0.2776251664070494,0.18412011901605838,-0.6385005996785238,0.08325026686442505,0.1315934155852327,0.0009745127436281859,0.15551949114618407,associated,1600-1799,America
era_region,1600-1799 | America,Academia,Sport & Games,Academia + Sport & Games,14073,9767,1,2.2717014978798105,-0.8858093921373607,-2.6662688464498703,0.4568773302505324,1.014334415967865,0.4737631184407796,0.00010238558410975735,-1.6654782333454334,0.824264622377164,-3.281036893204675,-0.049919573486191915,0.04332506820541901,0.5406427221172023,0.055399267541355456,not distinguishable,1600-1799,America
era_region,1600-1799 | America,Exploration & Invention,Culture (core),Exploration & Invention + Culture (core),14073,9767,35,16.652353669113392,1.0494124660751574,0.5251287317505625,1.4414254252270595,0.2340140891361745,0.0009995002498750624,0.0035834954438415073,-0.49672205320943036,0.17522129276871037,-0.8401557870361027,-0.15328831938275805,0.004585050614579219,0.0018130469648896482,0.006622850887725539,associated,1600-1799,America
era_region,1600-1799 | America,Exploration & Invention,Culture (periphery),Exploration & Invention + Culture (periphery),14073,9767,18,8.524595169748027,1.0355911493849825,0.2836386258457162,1.5625992277801133,0.33388849286912414,0.0069965017491254375,0.0018429405139756322,-0.25985994372494414,0.24036502347418434,-0.7309753897343454,0.21125550228445716,0.27965019670486624,0.010494752623688156,0.29880431976684335,associated,1600-1799,America
era_region,1600-1799 | America,Exploration & Invention,Sport & Games,Exploration & Invention + Sport & Games,14073,9767,1,1.3307622381211264,-0.2874819391543783,-2.0496240101579533,1.0854374124607329,1.0154125853673974,0.6441779110444777,0.00010238558410975735,-1.053312376749382,0.8246527293154232,-2.6696317262076112,0.5630069727088476,0.20150343820380645,0.6968433591423466,0.22778649536082468,not distinguishable,1600-1799,America
era_region,1600-1799 | America,Culture (core),Culture (periphery),Culture (core) + Culture (periphery),14073,9767,108,12.446553220872921,3.0670550792617286,2.8366556447270663,3.278838406606961,0.11431028337434566,0.0004997501249375312,0.011057643083853793,1.2376359515134157,0.11354477479655914,1.0150881929121598,1.4601837101146715,1.1528064875008846e-27,0.0009745127436281859,4.0872230011395e-27,associated,1600-1799,America
era_region,1600-1799 | America,Culture (core),Sport & Games,Culture (core) + Sport & Games,14073,9767,3,1.9430134441905877,0.5186931191099374,-2.2014646844956283,1.5606597465328937,0.8756901934438979,0.4782608695652174,0.000307156752329272,-0.7430387009698072,0.5466135192827842,-1.8144011987640642,0.3283237968244499,0.174035930984353,0.5406427221172023,0.19962945024675785,not distinguishable,1600-1799,America
era_region,1600-1799 | America,Culture (periphery),Sport & Games,Culture (periphery) + Sport & Games,14073,9767,1,0.9946583738384193,0.005146727796326215,-1.7532661921928385,1.3669041000625328,1.0318921619764378,0.9895052473763118,0.00010238558410975735,-0.7078931954139773,0.8250033606057995,-2.324899782201344,0.9091133913733895,0.3908654826931133,0.9895052473763118,0.4011514164481952,not distinguishable,1600-1799,America
era_region,1600-1799 | Asia,Politics,Administration & Law,Politics + Administration & Law,3100,1919,38,18.543960354550123,1.0155249151798493,0.6137624543865544,1.3537216487532273,0.1902549960369176,0.0004997501249375312,0.019801980198019802,0.2682801236166815,0.19148076261068564,-0.10702217110026235,0.6435824183336254,0.16118975067732577,0.001856214749767973,0.22451429558627517,associated,1600-1799,Asia
era_region,1600-1799 | Asia,Politics,Military,Politics + Military,3100,1919,106,69.99814646280373,0.5951961986649797,0.3812932502927647,0.7966485359234379,0.10665021850659302,0.0004997501249375312,0.055237102657634186,-0.20343736460448916,0.11761452285755093,-0.433961829405289,0.027087100196310665,0.08368461153443264,0.001856214749767973,0.12552691730164894,associated,1600-1799,Asia
era_region,1600-1799 | Asia,Politics,Religion,Politics + Religion,3100,1919,55,43.851132631062185,0.32351682318552566,-0.030330947733875215,0.6248609450140824,0.16379208268718465,0.047476261869065464,0.0286607608129234,-0.6018354426635142,0.15145758838815387,-0.8986923159042958,-0.3049785694227326,7.078740764405946e-05,0.08229218723971347,0.00023005907484319326,not distinguishable,1600-1799,Asia
era_region,1600-1799 | Asia,Politics,Nobility,Politics + Nobility,3100,1919,153,146.77164843968018,0.05975893460627067,-0.12575268320829894,0.21751059506207382,0.08696300578611718,0.48875562218890556,0.07972902553413236,-0.5241852476570769,0.1018737295214647,-0.7238577575191476,-0.32451273779500606,2.6689331430930237e-07,0.5689990825482781,1.2245693244779756e-06,not distinguishable,1600-1799,Asia
era_region,1600-1799 | Asia,Politics,Kinship,Politics + Kinship,3100,1919,78,88.28106476501196,-0.1775593572267852,-0.4661360595088006,0.06496163229497003,0.13357571174977387,0.1889055472263868,0.04064616988014591,-0.612892339528782,0.13041537451513385,-0.8685064735784442,-0.35727820547911965,2.6074745963312837e-06,0.2631184407796102,1.0169150925692007e-05,not distinguishable,1600-1799,Asia
era_region,1600-1799 | Asia,Politics,Big business,Politics + Big business,3100,1919,14,10.290350117983486,0.4263112230617662,-0.39704092236810823,0.9829524784526638,0.34856062264366566,0.19540229885057472,0.007295466388744137,-0.25497048566695696,0.29119187962122467,-0.8257065697245574,0.3157655983906434,0.3812421545118282,0.26739261947973386,0.4574905854141938,not distinguishable,1600-1799,Asia
era_region,1600-1799 | Asia,Politics,Small business,Politics + Small business,3100,1919,6,15.421869720995359,-1.2924981396894075,-2.7461097664798286,-0.49067072399671385,0.6103874436039874,0.04297851074462768,0.003126628452318916,-1.535641136215893,0.40580467474130455,-2.33101829870885,-0.7402639737229362,0.00015421129345982972,0.07981723424002285,0.0004454992922172858,not distinguishable,1600-1799,Asia
era_region,1600-1799 | Asia,Politics,Academia,Politics + Academia,3100,1919,34,49.305882883146886,-0.5297197961672884,-1.0352895727527265,-0.15394005552249784,0.2243205346609734,0.02348825587206397,0.01771756122980719,-1.1600429081310248,0.18369380574942695,-1.5200827673999018,-0.800003048862148,2.700043692782316e-10,0.048212735737394465,1.6200262156693895e-09,dissociated,1600-1799,Asia
era_region,1600-1799 | Asia,Politics,Exploration & Invention,Politics + Exploration & Invention,3100,1919,9,6.965324808821492,0.3477224814988131,-0.6954483910577031,1.0011940453625432,0.440155228958325,0.40929535232383807,0.004689942678478374,-0.2738913550772845,0.35762927958346685,-0.9748447430608795,0.42706203290631045,0.44376394327868074,0.4911544227886057,0.5090233467020162,not distinguishable,1600-1799,Asia
era_region,1600-1799 | Asia,Politics,Culture (core),Politics + Culture (core),3100,1919,40,67.11392052110651,-0.7393983947121104,-1.1675305766006743,-0.3902220190863991,0.20362635737912155,0.0014992503748125937,0.020844189682126108,-1.7905940038930275,0.16835613786180706,-2.120572034102169,-1.4606159736838857,2.0318460469627097e-26,0.004677661169415292,5.282799722103046e-25,dissociated,1600-1799,Asia
era_region,1600-1799 | Asia,Politics,Culture (periphery),Politics + Culture (periphery),3100,1919,2,13.211828089354661,-2.4554209270345915,-4.865247610663182,-1.26249022943646,0.9690181210516571,0.01649175412293853,0.0010422094841063053,-2.3494227893666895,0.6419970241497138,-3.6077369567001285,-1.0911086220332504,0.0002526545816029639,0.03675305204540587,0.0006795537022424547,dissociated,1600-1799,Asia
era_region,1600-1799 | Asia,Politics,Sport & Games,Politics + Sport & Games,3100,1919,0,5.244871214570164,-3.522274551673215,-3.919262241069049,-3.02614661216577,0.22488644952166353,0.0004997501249375312,0.0,-3.615841290037725,1.4199233613393716,-6.398891078262894,-0.8327915018125567,0.010880779531332445,0.001856214749767973,0.02176155906266489,dissociated,1600-1799,Asia
era_region,1600-1799 | Asia,Administration & Law,Military,Administration & Law + Military,3100,1919,17,14.83518306713063,0.19050953285957942,-0.5583133960299821,0.7062486286982131,0.317174040799213,0.543728135932034,0.008858780614903595,-0.6539988738967308,0.25799921790283575,-1.1596773409862888,-0.14832040680717273,0.01124835911018316,0.623688155922039,0.02193430026485716,not distinguishable,1600-1799,Asia
era_region,1600-1799 | Asia,Administration & Law,Religion,Administration & Law + Religion,3100,1919,15,9.293668663477012,0.6623469223496473,-0.11812927028343587,1.2447339904990582,0.3426428687511987,0.05897051474262868,0.007816571130797291,-0.370387857248828,0.27299542423826056,-0.9054588887558186,0.16468317425816265,0.17485912793013525,0.09582708645677161,0.2392809119043956,not distinguishable,1600-1799,Asia
era_region,1600-1799 | Asia,Administration & Law,Nobility,Administration & Law + Nobility,3100,1919,13,31.10631329108453,-1.2272533550507023,-2.1038702271234753,-0.6478934492167825,0.37488726751651213,0.0079960019990005,0.006774361646690985,-1.6931433259097937,0.2874892779924875,-2.2566223107750694,-1.129664341044518,3.875678578358756e-09,0.020118972771678675,2.159306636514164e-08,dissociated,1600-1799,Asia
era_region,1600-1799 | Asia,Administration & Law,Kinship,Administration & Law + Kinship,3100,1919,9,18.710006240609676,-1.0158585691247375,-2.0697267680922566,-0.34278606631334174,0.4538820905468869,0.03248375812093953,0.004689942678478374,-1.3236067397966955,0.33805506649541794,-1.9861946701277147,-0.6610188094656764,9.027001705451754e-05,0.06179836910812886,0.0002816424532100947,not distinguishable,1600-1799,Asia
era_region,1600-1799 | Asia,Administration & Law,Big business,Administration & Law + Big business,3100,1919,6,2.1809038601654374,1.2777202343482168,-0.232972465396569,2.098878003816694,0.6252976402493353,0.047476261869065464,0.003126628452318916,0.4438070865827568,0.4163548706576187,-0.37224845990617583,1.2598626330716893,0.28645318066843073,0.08229218723971347,0.36037658213125157,not distinguishable,1600-1799,Asia
era_region,1600-1799 | Asia,Administration & Law,Small business,Administration & Law + Small business,3100,1919,1,3.268461696624774,-1.329013228196134,-3.125614491669478,-0.010536684720301372,1.015577176806028,0.3638180909545227,0.0005211047420531526,-1.455646604711063,0.8258169818391632,-3.074247889115823,0.16295467969369692,0.0779553898182568,0.4577066305556899,0.1192258903102751,not distinguishable,1600-1799,Asia
era_region,1600-1799 | Asia,Administration & Law,Academia,Administration & Law + Academia,3100,1919,17,10.449730968900408,0.6764594983134655,-0.07915653828225537,1.216983309643991,0.32966581048613713,0.047476261869065464,0.008858780614903595,-0.21166165636091222,0.2594323788080748,-0.7201491188247389,0.29682580610291437,0.4145776637159043,0.08229218723971347,0.48995542075515963,not distinguishable,1600-1799,Asia
era_region,1600-1799 | Asia,Administration & Law,Exploration & Invention,Administration & Law + Exploration & Invention,3100,1919,0,1.476208640978843,-1.9827352695012428,-2.290683981291683,-1.6028160007468515,0.17851647369649012,0.0004997501249375312,0.0,-1.8162874689432176,1.4227472990288892,-4.604872175039841,0.9722972371534051,0.2017414494329962,0.001856214749767973,0.271307466478857,dissociated,1600-1799,Asia
era_region,1600-1799 | Asia,Administration & Law,Culture (core),Administration & Law + Culture (core),3100,1919,11,14.223909454696013,-0.3565269217780629,-1.397914723825544,0.2902030640965407,0.43572827264109126,0.3733133433283358,0.005732152162584679,-1.4429437305585704,0.30938518024475686,-2.049338683838294,-0.8365487772788469,3.1026152955944713e-06,0.4621974726922253,1.1523999669350894e-05,not distinguishable,1600-1799,Asia
era_region,1600-1799 | Asia,Administration & Law,Culture (periphery),Administration & Law + Culture (periphery),3100,1919,0,2.800072548509372,-2.7224977409026696,-3.00634236521153,-2.386550783533366,0.16214813910111633,0.0004997501249375312,0.0,-2.3896535560057393,1.4201317013890757,-5.173111690728327,0.39380457871684893,0.0924334624131448,0.001856214749767973,0.13603415223066595,dissociated,1600-1799,Asia
era_region,1600-1799 | Asia,Administration & Law,Sport & Games,Administration & Law + Sport & Games,3100,1919,1,1.1115812141257033,-0.10351439277347013,-1.892006798277442,1.2510957311537694,1.0049768962482,0.84007996001999,0.0005211047420531526,-0.9048850708937961,0.8294078235391943,-2.530524405030617,0.7207542632430246,0.2752722802261246,0.885489687588638,0.3519875058629134,not distinguishable,1600-1799,Asia
era_region,1600-1799 | Asia,Military,Religion,Military + Religion,3100,1919,5,35.080941063552835,-2.6936011445214256,-4.516744808449474,-1.848296688920514,0.6558142330623987,0.0069965017491254375,0.0026055237102657635,-3.071347181077939,0.43171467042617073,-3.9175079351132336,-2.2251864270426447,1.1248318986185272e-12,0.01819090454772614,7.976080735658648e-12,dissociated,1600-1799,Asia
era_region,1600-1799 | Asia,Military,Nobility,Military + Nobility,3100,1919,198,117.41743576004407,0.7513619504183696,0.6157312316001418,0.8827241568567,0.06736006871967455,0.0004997501249375312,0.10317873892652424,0.020579903020781797,0.09673923563547765,-0.1690289988247544,0.210188804866318,0.831533006525716,0.001856214749767973,0.8678475533138478,associated,1600-1799,Asia
era_region,1600-1799 | Asia,Military,Kinship,Military + Kinship,3100,1919,42,70.62492219084236,-0.7428923278919414,-1.2070682143515588,-0.3938196170893363,0.2048661349799439,0.0024987506246876563,0.021886399166232414,-1.2945017646857482,0.16634355405788917,-1.6205351306392108,-0.9684683987322854,7.133182884198106e-15,0.007496251874062969,6.954853312093154e-14,dissociated,1600-1799,Asia
era_region,1600-1799 | Asia,Military,Big business,Military + Big business,3100,1919,8,8.232288297990046,-0.03889692068790713,-1.230222903143224,0.6584460402613596,0.48789676955142147,0.9415292353823088,0.004168837936425221,-0.8064042191471525,0.3640017361051763,-1.5198476219132981,-0.09296081638100706,0.026733606122366926,0.9537568877898713,0.04533089733792653,not distinguishable,1600-1799,Asia
era_region,1600-1799 | Asia,Military,Small business,Military + Small business,3100,1919,12,12.33750807131486,-0.038437088720743785,-0.8895030372973891,0.5891335915239363,0.38115506062287874,0.92103948025987,0.006253256904637832,-0.7403371774139919,0.30237442139628246,-1.3329910433507055,-0.1476833114772782,0.014348745549748132,0.9452773613193404,0.027297613484886688,not distinguishable,1600-1799,Asia
era_region,1600-1799 | Asia,Military,Academia,Military + Academia,3100,1919,16,39.44474561381966,-1.2755397170942624,-2.1561673911178407,-0.703902522586894,0.3572993576322181,0.0014992503748125937,0.008337675872850442,-1.904379050587652,0.2555284165457103,-2.405214747017244,-1.4035433541580598,9.14425047745991e-14,0.004677661169415292,7.925017080465255e-13,dissociated,1600-1799,Asia
era_region,1600-1799 | Asia,Military,Exploration & Invention,Military + Exploration & Invention,3100,1919,5,5.572265399906283,-0.14280322922428892,-1.9370271873206655,0.7398579299332997,0.6735767155644449,0.8045977011494253,0.0026055237102657635,-0.8338635693380761,0.4505154438393554,-1.7168738392632128,0.04914670058706039,0.0641824925583407,0.8597071327350024,0.10012468839101149,not distinguishable,1600-1799,Asia
era_region,1600-1799 | Asia,Military,Culture (core),Military + Culture (core),3100,1919,28,53.69118992099057,-0.9270964066482711,-1.4893492013105678,-0.48872601839212426,0.25763142889411134,0.0014992503748125937,0.014590932777488274,-2.1036192414956836,0.19692830623530455,-2.4895987217168805,-1.7176397612744867,1.2337017793049198e-26,0.004677661169415292,4.811436939289187e-25,dissociated,1600-1799,Asia
era_region,1600-1799 | Asia,Military,Culture (periphery),Military + Culture (periphery),3100,1919,1,10.569473004127875,-2.8835521340427572,-4.6608637577005085,-1.5079666303189738,1.0265920985055237,0.0004997501249375312,0.0005211047420531526,-2.798580863712229,0.823900414514296,-4.41342567616025,-1.183736051264209,0.0006819210351917528,0.001856214749767973,0.0017158013143534425,dissociated,1600-1799,Asia
era_region,1600-1799 | Asia,Military,Sport & Games,Military + Sport & Games,3100,1919,4,4.1959011529368535,-0.061477039103458926,-1.8971079807375995,0.8838990530090172,0.7609551500707227,0.920039980009995,0.0020844189682126106,-1.2783370487447134,0.48924193206349464,-2.237251235589163,-0.3194228619002639,0.008977928224097254,0.9452773613193404,0.01842837898630489,not distinguishable,1600-1799,Asia
era_region,1600-1799 | Asia,Religion,Nobility,Religion + Nobility,3100,1919,29,73.55748414636923,-1.3279305851618814,-1.8508626643085535,-0.9087564891727137,0.24305218627436817,0.0004997501249375312,0.015112037519541427,-2.0604353203320755,0.19502651880915425,-2.442687297198018,-1.6781833434661333,4.3343862922965665e-26,0.001856214749767973,7.116050773798272e-25,dissociated,1600-1799,Asia
era_region,1600-1799 | Asia,Religion,Kinship,Religion + Kinship,3100,1919,35,44.243783393532844,-0.33386822669060695,-0.8150510384686106,0.04038154945295569,0.2231016071426373,0.13093453273363317,0.018238665971860343,-1.050006330363428,0.18170680729887315,-1.4061516726692194,-0.6938609880576365,7.533616625192755e-09,0.1891276583930257,3.9174806451002325e-08,not distinguishable,1600-1799,Asia
era_region,1600-1799 | Asia,Religion,Big business,Religion + Big business,3100,1919,1,5.157210358479016,-1.9151283166264563,-3.7446513992336232,-0.5636354639299644,1.0265361426131827,0.0069965017491254375,0.0005211047420531526,-2.2288627745280962,0.8252970162713889,-3.8464449264200185,-0.611280622636174,0.006919797499635448,0.01819090454772614,0.014587681215447701,dissociated,1600-1799,Asia
era_region,1600-1799 | Asia,Religion,Small business,Religion + Small business,3100,1919,10,7.728971838697431,0.35160523707412145,-0.7103666440568323,0.9971525220935983,0.43139388011307067,0.38330834582708645,0.005211047420531527,-0.5181294566495014,0.3273808597186829,-1.1597959416981198,0.12353702839911707,0.11350116362695044,0.4671570464767616,0.1639461252389284,not distinguishable,1600-1799,Asia
era_region,1600-1799 | Asia,Religion,Academia,Religion + Academia,3100,1919,58,24.71060819345062,1.2144057017756245,0.8970632089943549,1.4832492438952005,0.1532207748965707,0.0004997501249375312,0.030224075039082855,0.03172200171839172,0.15179904388246207,-0.2658041242912339,0.32924812772801737,0.8344688012633152,0.001856214749767973,0.8678475533138478,associated,1600-1799,Asia
era_region,1600-1799 | Asia,Religion,Exploration & Invention,Religion + Exploration & Invention,3100,1919,2,3.490808849297378,-0.6747530837926765,-3.0836029410445103,0.5087939843799707,0.9794212014308069,0.4337831084457771,0.0010422094841063053,-1.2720287260496916,0.6486692630281111,-2.543420481584789,-0.000636970514593882,0.04988112676981601,0.5126527645268275,0.07940260996011528,not distinguishable,1600-1799,Asia
era_region,1600-1799 | Asia,Religion,Culture (core),Religion + Culture (core),3100,1919,62,33.63545478444948,0.8725852168361103,0.5676957482375201,1.1393441589282252,0.15076235689819403,0.0004997501249375312,0.03230849400729546,-0.7076125427109582,0.14390441226731623,-0.989665190754898,-0.4255598946670184,8.777288460318897e-07,0.001856214749767973,3.803491666138189e-06,associated,1600-1799,Asia
era_region,1600-1799 | Asia,Religion,Culture (periphery),Religion + Culture (periphery),3100,1919,9,6.621366221328916,0.4157734672443875,-0.6913994483433823,1.1029565916049016,0.4660091849411077,0.35732133933033483,0.004689942678478374,-0.43405925880676033,0.3449511381746758,-1.1101634896291248,0.24204497201560427,0.20827569189685657,0.4569026961928872,0.27182911024227396,not distinguishable,1600-1799,Asia
era_region,1600-1799 | Asia,Religion,Sport & Games,Religion + Sport & Games,3100,1919,9,2.6285698588038144,1.6024241946629787,0.48230002552210427,2.2026102724145806,0.4444533667743852,0.006496751624187906,0.004689942678478374,-0.025225524969064148,0.3525876567323229,-0.716297332164417,0.6658462822262887,0.9429648216369415,0.018098093810237737,0.9429648216369415,associated,1600-1799,Asia
era_region,1600-1799 | Asia,Nobility,Kinship,Nobility + Kinship,3100,1919,298,148.0858676219709,1.006434027466053,0.9049989517875402,1.110087007064592,0.053007747159668044,0.0004997501249375312,0.1552892131318395,0.9326477382666715,0.09340835124284755,0.7495673698306903,1.1157281067026528,1.7796546667675638e-23,0.001856214749767973,1.9830437715409996e-22,associated,1600-1799,Asia
era_region,1600-1799 | Asia,Nobility,Big business,Nobility + Big business,3100,1919,5,17.261407408391136,-1.6912423811733162,-3.4219120484341623,-0.8711880723385692,0.6451344700811801,0.026486756621689155,0.0026055237102657635,-2.0168536589769714,0.44223715667578073,-2.8836384860615016,-1.1500688318924412,5.101487025957394e-06,0.05297351324337832,1.8087090364758033e-05,not distinguishable,1600-1799,Asia
era_region,1600-1799 | Asia,Nobility,Small business,Nobility + Small business,3100,1919,17,25.869204954262315,-0.5914991517677616,-1.319939615936627,-0.06190313942153826,0.31624941563565323,0.05847076461769116,0.008858780614903595,-1.0873145102835335,0.26153707005607874,-1.5999271675934479,-0.5747018529736192,3.218885114652191e-05,0.09582708645677161,0.00010916219084472648,not distinguishable,1600-1799,Asia
era_region,1600-1799 | Asia,Nobility,Academia,Nobility + Academia,3100,1919,26,82.70748053451052,-1.6507208759610708,-2.258335114282282,-1.2047225622680358,0.26933537611475694,0.0004997501249375312,0.01354872329338197,-2.1612952222826123,0.20466609627289192,-2.5624407709774806,-1.760149673587744,4.5615710088450455e-26,0.001856214749767973,7.116050773798272e-25,dissociated,1600-1799,Asia
era_region,1600-1799 | Asia,Nobility,Exploration & Invention,Nobility + Exploration & Invention,3100,1919,6,11.683889068723213,-0.9064630883647219,-2.372137815848268,-0.053506292168850327,0.5837416598048943,0.09745127436281859,0.003126628452318916,-1.3749072495338013,0.41802248615511606,-2.1942313223978287,-0.5555831766697739,0.0010051728538598317,0.14904312549607548,0.00245010883128334,not distinguishable,1600-1799,Asia
era_region,1600-1799 | Asia,Nobility,Culture (core),Nobility + Culture (core),3100,1919,45,112.57933030525686,-1.3133967937461006,-1.7422103902665835,-0.9701495098004422,0.1958296488853039,0.0004997501249375312,0.02344971339239187,-2.4107911164303837,0.15854933464538373,-2.7215478123353356,-2.1000344205254318,3.2610443605289398e-52,0.001856214749767973,2.543614601212573e-50,dissociated,1600-1799,Asia
era_region,1600-1799 | Asia,Nobility,Culture (periphery),Nobility + Culture (periphery),3100,1919,7,22.162000772104594,-1.5953127380439953,-2.953991151666547,-0.7933383439561862,0.5481406009645102,0.01249375312343828,0.0036477331943720686,-1.8481003500853255,0.38146961405458074,-2.595780793632304,-1.100419906538347,1.2681231947818892e-06,0.028662139518476053,5.20597943120986e-06,dissociated,1600-1799,Asia
era_region,1600-1799 | Asia,Nobility,Sport & Games,Nobility + Sport & Games,3100,1919,1,8.797937660160004,-2.631948252337322,-4.483310544967739,-1.2390687801814302,1.0189217995431101,0.0004997501249375312,0.0005211047420531526,-3.154814870836724,0.8261560907713628,-4.774080808748595,-1.535548932924853,0.00013417482375979,0.001856214749767973,0.00040252447127936994,dissociated,1600-1799,Asia
era_region,1600-1799 | Asia,Kinship,Big business,Kinship + Big business,3100,1919,5,10.382491724767302,-0.9845053993263297,-2.7651877175954884,-0.0974467597518222,0.6653918450171289,0.1089455272363818,0.0026055237102657635,-1.2707594324350049,0.44295645658521204,-2.1389540873420207,-0.40256477752798925,0.0041201475016031715,0.16033492687618453,0.009182043003572782,not distinguishable,1600-1799,Asia
era_region,1600-1799 | Asia,Kinship,Small business,Kinship + Small business,3100,1919,5,15.559959857813913,-1.5459647630651199,-3.265086458177274,-0.688411824782425,0.6217162350696828,0.029985007496251874,0.0026055237102657635,-1.624401704910399,0.4389530400916156,-2.4847496634899655,-0.7640537463308323,0.00021506695999058665,0.05847076461769115,0.00059911510283092,not distinguishable,1600-1799,Asia
era_region,1600-1799 | Asia,Kinship,Academia,Kinship + Academia,3100,1919,19,49.747376439795474,-1.365574147021006,-2.102741939915163,-0.8492228972747978,0.31695539508255327,0.0004997501249375312,0.009900990099009901,-1.7077055819558544,0.23668007680104378,-2.1715985324859,-1.2438126314258087,5.383555134084968e-13,0.001856214749767973,4.199173004586275e-12,dissociated,1600-1799,Asia
era_region,1600-1799 | Asia,Kinship,Exploration & Invention,Kinship + Exploration & Invention,3100,1919,3,7.027693553548105,-1.1048529762299835,-3.7689197020770395,-0.02496270997374369,0.8550236711767731,0.15892053973013492,0.001563314226159458,-1.312710549246039,0.5533306940742625,-2.3972387096315932,-0.22818238886048436,0.017673913779725426,0.22537821998091861,0.03133102897314962,not distinguishable,1600-1799,Asia
era_region,1600-1799 | Asia,Kinship,Culture (core),Kinship + Culture (core),3100,1919,38,67.714870382236,-0.8252278255267594,-1.2897020173330633,-0.4628894465702991,0.21222372754842447,0.0009995002498750624,0.019801980198019802,-1.7491735512534656,0.17243838529317362,-2.087152786428086,-1.4111943160788454,3.532367222280063e-24,0.003543682704102494,4.5920773889640814e-23,dissociated,1600-1799,Asia
era_region,1600-1799 | Asia,Kinship,Culture (periphery),Kinship + Culture (periphery),3100,1919,6,13.330129124280306,-1.089303002944672,-2.575807119573985,-0.23492079463898177,0.6104083279187172,0.06496751624187906,0.003126628452318916,-1.255352881997267,0.40811225288122666,-2.055252897644471,-0.45545286635006277,0.0020979854830726315,0.10212893553223389,0.004958874778171675,not distinguishable,1600-1799,Asia
era_region,1600-1799 | Asia,Kinship,Sport & Games,Kinship + Sport & Games,3100,1919,1,5.291834714892676,-1.9490579312222138,-3.797815548759011,-0.5551052658463311,1.0276419551968041,0.010494752623688156,0.0005211047420531526,-2.4126611872459756,0.826537239209926,-4.03267417609743,-0.7926481983945208,0.0035115760571653486,0.02558095952023988,0.00805596860173227,dissociated,1600-1799,Asia
era_region,1600-1799 | Asia,Big business,Small business,Big business + Small business,3100,1919,14,1.8137234205871557,2.6477645782169645,1.8974632315223434,3.157543288927854,0.3265582958032151,0.0004997501249375312,0.007295466388744137,1.707587658746503,0.3042712529017328,1.111216003059107,2.3039593144338992,1.999353853850658e-08,0.001856214749767973,9.746850037521958e-08,associated,1600-1799,Asia
era_region,1600-1799 | Asia,Big business,Academia,Big business + Academia,3100,1919,3,5.798728440569335,-0.847705691056545,-3.617870857229222,0.23225450685150165,0.8858254431084589,0.25787106446776614,0.001563314226159458,-1.3356976247236645,0.5481673287309633,-2.4101055890363527,-0.26128966041097645,0.014823593347732056,0.3409142886184027,0.02752953050293096,not distinguishable,1600-1799,Asia
era_region,1600-1799 | Asia,Big business,Exploration & Invention,Big business + Exploration & Invention,3100,1919,3,0.8191725754599958,1.4077216103308394,-1.3123628313455915,2.421181224113023,0.8693848640994898,0.06546726636681659,0.001563314226159458,0.8228290869411906,0.5624737667233574,-0.27961949583658974,1.9252776697189709,0.14350145189263744,0.10212893553223389,0.20351114995683126,not distinguishable,1600-1799,Asia
era_region,1600-1799 | Asia,Big business,Culture (core),Big business + Culture (core),3100,1919,12,7.893082466572631,0.5746554336366295,-0.3101612484193801,1.177159910355152,0.3782014381651041,0.10494752623688156,0.006253256904637832,-0.6718107933855313,0.3085527930573562,-1.2765742677779495,-0.06704731899311311,0.02945848188814999,0.15742128935532232,0.048888544410121255,not distinguishable,1600-1799,Asia
era_region,1600-1799 | Asia,Big business,Culture (periphery),Big business + Culture (periphery),3100,1919,0,1.5538065401895516,-2.0383002923406686,-2.3698804628454226,-1.7195275123549214,0.1640520297192995,0.0004997501249375312,0.0,-1.785995764511305,1.421919144826426,-4.5729572883711,1.00096575934849,0.20909931557097994,0.001856214749767973,0.27182911024227396,dissociated,1600-1799,Asia
era_region,1600-1799 | Asia,Big business,Sport & Games,Big business + Sport & Games,3100,1919,1,0.6168347892913816,0.4255467135555521,-1.3677194730711368,1.7764414145605765,1.0068306497979862,0.6206896551724138,0.0005211047420531526,-0.2963441594435546,0.8325206082984828,-1.928084551708581,1.335396232821472,0.7218704098204629,0.6916256157635469,0.7820262773055016,not distinguishable,1600-1799,Asia
era_region,1600-1799 | Asia,Small business,Academia,Small business + Academia,3100,1919,19,8.690397657277687,1.0852749323456858,0.35929938976273057,1.5848811567261234,0.3130787895416564,0.004497751124437781,0.009900990099009901,0.2294495875675402,0.2532366129308154,-0.266894173776858,0.7257933489119384,0.3648998695094541,0.012993503248375811,0.44472171596464716,associated,1600-1799,Asia
era_region,1600-1799 | Asia,Small business,Exploration & Invention,Small business + Exploration & Invention,3100,1919,6,1.227671808336091,1.911610531574167,0.5062074032837877,2.7026877215176794,0.5817674857555817,0.010994502748625687,0.003126628452318916,1.1813458682269276,0.42710120692641695,0.3442275026511503,2.018464233802705,0.005675508283611728,0.025987006496751622,0.012296934614492078,associated,1600-1799,Asia
era_region,1600-1799 | Asia,Small business,Culture (core),Small business + Culture (core),3100,1919,12,11.829149455646457,0.019854818134911825,-0.9217866404925267,0.6519551820574689,0.4005927913236264,0.9600199900049975,0.006253256904637832,-1.0531499145913523,0.3018125816001674,-1.6447025745276804,-0.4615972546550242,0.00048407559068920246,0.9600199900049975,0.0012585965357919263,not distinguishable,1600-1799,Asia
era_region,1600-1799 | Asia,Small business,Culture (periphery),Small business + Culture (periphery),3100,1919,3,2.328647884638696,0.307242323514442,-2.4014058716667552,1.3188365187274467,0.8404293902683266,0.6826586706646677,0.001563314226159458,-0.11787382881724467,0.5521784743103524,-1.2001436384655353,0.9643959808310458,0.8309599768878161,0.7499630466456912,0.8678475533138478,not distinguishable,1600-1799,Asia
era_region,1600-1799 | Asia,Small business,Sport & Games,Small business + Sport & Games,3100,1919,2,0.9244336344984773,0.8115396879748579,-1.5771477245575842,1.9444556976522713,0.9542321089701788,0.29485257371314344,0.0010422094841063053,-0.09987096039510929,0.6507322093120977,-1.3753060906468209,1.1755641698566022,0.8780239043021444,0.38330834582708645,0.9011297965206219,not distinguishable,1600-1799,Asia
era_region,1600-1799 | Asia,Academia,Exploration & Invention,Academia + Exploration & Invention,3100,1919,9,3.925039148680711,1.1022372945513002,0.02461316155168138,1.7619312322370575,0.45051281330828247,0.022988505747126436,0.004689942678478374,0.23406428265826157,0.3587605464015062,-0.4691063882886905,0.9372349536052136,0.5141271612167677,0.048212735737394465,0.5728845510701126,associated,1600-1799,Asia
era_region,1600-1799 | Asia,Academia,Culture (core),Academia + Culture (core),3100,1919,108,37.819451740881455,1.5015462178287926,1.2903613271983805,1.6967619537757042,0.10188078385716923,0.0004997501249375312,0.05627931214174049,0.09359461218695389,0.12032778055000673,-0.1422478376910593,0.3294370620649671,0.43666897182814457,0.001856214749767973,0.5083608925760489,associated,1600-1799,Asia
era_region,1600-1799 | Asia,Academia,Culture (periphery),Academia + Culture (periphery),3100,1919,6,7.445014252699369,-0.2896100895107708,-1.7597766212192825,0.5011379463527994,0.5920763859000038,0.5617191404297851,0.003126628452318916,-0.8373865918512841,0.4089553435557019,-1.6389390652204598,-0.03583411848210838,0.040596900103530516,0.6349868543988875,0.06596996266823708,not distinguishable,1600-1799,Asia
era_region,1600-1799 | Asia,Academia,Sport & Games,Academia + Sport & Games,3100,1919,8,2.955544129242061,1.298549937945155,0.13099462804435574,2.034037649491414,0.4848479213515036,0.017491254372813594,0.004168837936425221,-0.1385353445266217,0.36941916877869924,-0.8625969153328721,0.5855262262796288,0.7076541125715161,0.037897717807762785,0.7774228278954683,associated,1600-1799,Asia
era_region,1600-1799 | Asia,Exploration & Invention,Culture (core),Exploration & Invention + Culture (core),3100,1919,6,5.342663999975332,0.15381339300454475,-1.2750279431539926,0.9343372640675,0.5771080142054386,0.7631184407796102,0.003126628452318916,-0.9544526358305082,0.41836647401533206,-1.7744509249005591,-0.13445434676045742,0.022526008724074113,0.826711644177911,0.03904508178839513,not distinguishable,1600-1799,Asia
era_region,1600-1799 | Asia,Exploration & Invention,Culture (periphery),Exploration & Invention + Culture (periphery),3100,1919,0,1.051739456714639,-1.6338863435687132,-1.9455337093019052,-1.2828339524502799,0.16700779793791923,0.0004997501249375312,0.0,-1.3677352273940644,1.4239667428406013,-4.158710043361643,1.4232395885735143,0.3367982715679255,0.001856214749767973,0.41698833622695536,dissociated,1600-1799,Asia
era_region,1600-1799 | Asia,Exploration & Invention,Sport & Games,Exploration & Invention + Sport & Games,3100,1919,0,0.41752268985356716,-0.8758157405992374,-1.1428947113188743,-0.5993132244782016,0.13978182106114467,0.0004997501249375312,0.0,-1.0030498490348247,1.4254515093575717,-3.7969348073756652,1.7908351093060155,0.48163726478889857,0.001856214749767973,0.5444595167178854,dissociated,1600-1799,Asia
era_region,1600-1799 | Asia,Culture (core),Culture (periphery),Culture (core) + Culture (periphery),3100,1919,56,10.133965069003146,2.4095712350257203,2.1612274698233134,2.632301748811514,0.12131954754150698,0.0004997501249375312,0.02918186555497655,1.4259775364176637,0.20501565563057633,1.024146851381734,1.8278082214535933,3.514214554117565e-12,0.001856214749767973,2.284239460176417e-11,associated,1600-1799,Asia
era_region,1600-1799 | Asia,Culture (core),Sport & Games,Culture (core) + Sport & Games,3100,1919,8,4.023011904211838,0.9101790482160619,-0.2696000728547959,1.6030514372436602,0.4835361787013084,0.05847076461769116,0.004168837936425221,-0.8819183104212801,0.36799400779001196,-1.6031865656897035,-0.16065005515285669,0.01654995658384856,0.09582708645677161,0.030020851477678787,not distinguishable,1600-1799,Asia
era_region,1600-1799 | Asia,Culture (periphery),Sport & Games,Culture (periphery) + Sport & Games,3100,1919,2,0.7919570376336262,0.9523699990222891,-1.4507601926763094,2.0926685470421087,0.9803979065029512,0.21739130434782608,0.0010422094841063053,0.08301101895556272,0.6519906674006533,-1.1948906891497177,1.360912727060843,0.8986876568059674,0.29235382308845576,0.9103589250761748,not distinguishable,1600-1799,Asia
era_region,1600-1799 | Europe,Politics,Administration & Law,Politics + Administration & Law,102936,53474,3933,1577.8842149970776,1.3173651503691473,1.2866354414323082,1.347074610851689,0.01533536679227181,0.0004997501249375312,0.07354976250140255,0.7187190609809079,0.021886325894122427,0.6758218622284279,0.7616162597333879,1.6500268798085687e-236,0.0005906137840170824,9.193006901790597e-236,associated,1600-1799,Europe
era_region,1600-1799 | Europe,Politics,Military,Politics + Military,102936,53474,4307,1955.3802114546922,1.139032781800323,1.1072862213796075,1.1688179145888593,0.015663442950438655,0.0004997501249375312,0.08054381568612784,0.21773053265540193,0.019719815582940402,0.17907969411283875,0.2563813711979651,2.4176802559045037e-28,0.0005906137840170824,3.367483213581273e-28,associated,1600-1799,Europe
era_region,1600-1799 | Europe,Politics,Religion,Politics + Religion,102936,53474,1106,1490.574813029565,-0.43034919392643334,-0.511233524180176,-0.3585321028983265,0.0380764690589338,0.0004997501249375312,0.020682948722743764,-1.4552539231081272,0.03227271854550583,-1.5185084514573186,-1.3919993947589357,0.0,0.0005906137840170824,0.0,dissociated,1600-1799,Europe
era_region,1600-1799 | Europe,Politics,Nobility,Politics + Nobility,102936,53474,2450,1786.2247454222825,0.45575875019760576,0.4104100749952226,0.49925745041578795,0.022872435140076388,0.0004997501249375312,0.04581665856303998,-0.23467446894804136,0.024053885647953334,-0.2818200848180299,-0.18752885307805284,1.7353960524700146e-22,0.0005906137840170824,2.256014868211019e-22,associated,1600-1799,Europe
era_region,1600-1799 | Europe,Politics,Kinship,Politics + Kinship,102936,53474,974,1254.8038114027509,-0.3653024800820735,-0.444987439128409,-0.2890844642118352,0.04081889287022986,0.0004997501249375312,0.018214459363428956,-0.8038506263924128,0.03528807341905646,-0.8730152502937635,-0.7346860024910621,7.293998201223595e-115,0.0005906137840170824,2.1071550359090387e-114,dissociated,1600-1799,Europe
era_region,1600-1799 | Europe,Politics,Big business,Politics + Big business,102936,53474,1031,578.1394440583078,0.834007245440644,0.7641520864610148,0.9028400173357702,0.03587446516895539,0.0004997501249375312,0.019280397950405804,-0.05432696765896626,0.036602357506647594,-0.12606758837199555,0.01741365305406302,0.13774319985061842,0.0005906137840170824,0.1413680208993189,associated,1600-1799,Europe
era_region,1600-1799 | Europe,Politics,Small business,Politics + Small business,102936,53474,927,1289.364077719351,-0.47579985963050003,-0.5627088271951949,-0.39460823062299355,0.042831112769505304,0.0004997501249375312,0.017335527546097167,-1.0144454036577677,0.03570590474178982,-1.0844289769516757,-0.9444618303638597,1.473085729890628e-177,0.0005906137840170824,7.181292933216812e-177,dissociated,1600-1799,Europe
era_region,1600-1799 | Europe,Politics,Academia,Politics + Academia,102936,53474,1078,2564.9343714925767,-1.250176942722929,-1.3302960130139454,-1.176484162933521,0.03982528962193038,0.0004997501249375312,0.020159329767737592,-2.1186846950778,0.03216097606822502,-2.1817202081715212,-2.055649181984079,0.0,0.0005906137840170824,0.0,dissociated,1600-1799,Europe
era_region,1600-1799 | Europe,Politics,Exploration & Invention,Politics + Exploration & Invention,102936,53474,259,471.9892994762109,-0.8645471182269295,-1.035258911588162,-0.7103744916740312,0.08315320658897105,0.0004997501249375312,0.004843475333807083,-1.3800965496609474,0.06518707033017604,-1.5078632075080924,-1.2523298918138024,1.7555787474915939e-99,0.0005906137840170824,4.149549766798313e-99,dissociated,1600-1799,Europe
era_region,1600-1799 | Europe,Politics,Culture (core),Politics + Culture (core),102936,53474,900,3142.510321056159,-1.8033488284400692,-1.894180925877952,-1.7135631101402107,0.04643586890027827,0.0004997501249375312,0.016830609268055505,-2.8166563506794438,0.03472298646239395,-2.884713404145736,-2.7485992972131514,0.0,0.0005906137840170824,0.0,dissociated,1600-1799,Europe
era_region,1600-1799 | Europe,Politics,Culture (periphery),Politics + Culture (periphery),102936,53474,220,1032.6773069776277,-2.2282373002259797,-2.4109855422029374,-2.03949780186495,0.09339254169598836,0.0004997501249375312,0.004114148932191346,-2.47353917834674,0.06878562268573328,-2.6083589988107776,-2.338719357882703,3.5167167273816413e-283,0.0005906137840170824,2.4936718612342546e-282,dissociated,1600-1799,Europe
era_region,1600-1799 | Europe,Politics,Sport & Games,Politics + Sport & Games,102936,53474,46,86.51738216359962,-0.904072899182228,-1.349258644869773,-0.5455733182485789,0.2061718893403677,0.0004997501249375312,0.0008602311403672813,-2.0332297775888617,0.15012799471467314,-2.327480647229621,-1.7389789079481024,8.678989212712321e-42,0.0005906137840170824,1.3815533848807368e-41,dissociated,1600-1799,Europe
era_region,1600-1799 | Europe,Administration & Law,Military,Administration & Law + Military,102936,53474,619,847.5936242612431,-0.4531192557735583,-0.5579629894273387,-0.3485836865557234,0.05274498770010871,0.0004997501249375312,0.011575719041029286,-0.9884076787400377,0.04248606757368992,-1.0716803711844698,-0.9051349862956054,1.019962288483417e-119,0.0005906137840170824,3.182282340068261e-119,dissociated,1600-1799,Europe
era_region,1600-1799 | Europe,Administration & Law,Religion,Administration & Law + Religion,102936,53474,263,646.1156252923079,-1.2951054083595595,-1.4761839564487242,-1.1348665257418191,0.0866965134738817,0.0004997501249375312,0.004918278041665108,-1.7821267748339107,0.06315109244581556,-1.9059029160277092,-1.6583506336401121,3.3194498881072094e-175,0.0005906137840170824,1.5230417133668372e-174,dissociated,1600-1799,Europe
era_region,1600-1799 | Europe,Administration & Law,Nobility,Administration & Law + Nobility,102936,53474,645,774.2702400528353,-0.2633514436529354,-0.3679011844047173,-0.16155709928767498,0.052265275818075455,0.0004997501249375312,0.012061936642106445,-0.6159490452158953,0.04199131400535871,-0.6982520206663984,-0.5336460697653923,1.0260750105695165e-48,0.0005906137840170824,1.8189511551005066e-48,dissociated,1600-1799,Europe
era_region,1600-1799 | Europe,Administration & Law,Kinship,Administration & Law + Kinship,102936,53474,247,543.9165764352538,-1.1372824696012653,-1.32073524796053,-0.9753987431724771,0.09073295467108444,0.0004997501249375312,0.004619067210233011,-1.124525246213267,0.06559558727977824,-1.2530925972816325,-0.9959578951449017,7.052393109896318e-66,0.0005906137840170824,1.3416747867607628e-65,dissociated,1600-1799,Europe
era_region,1600-1799 | Europe,Administration & Law,Big business,Administration & Law + Big business,102936,53474,143,250.6046158425674,-0.8072378117880015,-1.0343407667457476,-0.5828127290018407,0.11796274144187142,0.0004997501249375312,0.0026741968059243743,-1.1333537640361437,0.0856113291032889,-1.30115196907859,-0.9655555589936975,5.268537536653073e-40,0.0005906137840170824,8.218918557178794e-40,dissociated,1600-1799,Europe
era_region,1600-1799 | Europe,Administration & Law,Small business,Administration & Law + Small business,102936,53474,237,558.8973260670241,-1.2359458442692253,-1.4149292906612223,-1.0629894158077549,0.08983349395656406,0.0004997501249375312,0.00443206044058795,-1.3037130467467397,0.06674870727376356,-1.4345405130033162,-1.1728855804901632,5.90873612098121e-85,0.0005906137840170824,1.280226159545929e-84,dissociated,1600-1799,Europe
era_region,1600-1799 | Europe,Administration & Law,Academia,Administration & Law + Academia,102936,53474,1204,1111.8154961322214,0.11486834279191939,0.04073952900840695,0.1858091403879958,0.03679715743002357,0.001999000499750125,0.022515615065265362,-0.6828414303051341,0.03175545601880484,-0.7450821241019916,-0.6206007365082766,1.4556039818710063e-102,0.0022929711614780844,3.662487438256081e-102,associated,1600-1799,Europe
era_region,1600-1799 | Europe,Administration & Law,Exploration & Invention,Administration & Law + Exploration & Invention,102936,53474,63,204.59198605571876,-1.6914426227893382,-2.0512858216142926,-1.3806021114772866,0.1732594968706842,0.0004997501249375312,0.0011781426487638854,-1.6824517981122689,0.12721034257081218,-1.9317840695510606,-1.433119526673477,6.231509187282975e-40,0.0005906137840170824,9.530543462903374e-40,dissociated,1600-1799,Europe
era_region,1600-1799 | Europe,Administration & Law,Culture (core),Administration & Law + Culture (core),102936,53474,855,1362.1758554674159,-0.6716026641462614,-0.7651141646144923,-0.5823376103965867,0.045542773295293604,0.0004997501249375312,0.015989078804652727,-1.5464499829886096,0.03646128340996868,-1.6179140984721483,-1.4749858675050709,0.0,0.0005906137840170824,0.0,dissociated,1600-1799,Europe
era_region,1600-1799 | Europe,Administration & Law,Culture (periphery),Administration & Law + Culture (periphery),102936,53474,135,447.6319726393983,-1.7256308097980682,-1.965493925450359,-1.492305124455129,0.1204482647609347,0.0004997501249375312,0.0025245913902083254,-1.7814618676614213,0.08738159398569573,-1.952729791873385,-1.6101939434494577,2.1743951209622728e-92,0.0005906137840170824,4.845794841001636e-92,dissociated,1600-1799,Europe
era_region,1600-1799 | Europe,Administration & Law,Sport & Games,Administration & Law + Sport & Games,102936,53474,19,37.50246682464168,-0.9626189461646931,-1.7982207319103252,-0.4195286430055035,0.3436667691426037,0.01199400299850075,0.0003553128623256162,-1.756841256801065,0.2288013495956671,-2.2052919020085726,-1.3083906115935575,1.6101655750008708e-14,0.013364746198329405,1.9623892945323112e-14,dissociated,1600-1799,Europe
era_region,1600-1799 | Europe,Military,Religion,Military + Religion,102936,53474,159,800.6935464593602,-2.328594376430852,-2.5521095370708693,-2.121618435244096,0.11202662313414574,0.0004997501249375312,0.0029734076373564722,-2.7595002167682066,0.08017737255826145,-2.916647866982399,-2.602352566554014,1.3828156692736302e-259,0.0005906137840170824,8.988301850278595e-259,dissociated,1600-1799,Europe
era_region,1600-1799 | Europe,Military,Nobility,Military + Nobility,102936,53474,2171,959.5081130337518,1.1775734495702677,1.131222145872154,1.2255449615787293,0.02416700950108176,0.0004997501249375312,0.040599169689942774,0.4170891391717736,0.025758234495733376,0.3666029995601362,0.467575278783411,5.700487082543815e-59,0.0005906137840170824,1.058661886758137e-58,associated,1600-1799,Europe
era_region,1600-1799 | Europe,Military,Kinship,Military + Kinship,102936,53474,690,674.0442043433768,0.03372842527964895,-0.07471719551902957,0.12922877611634426,0.0521429741499833,0.5347326336831584,0.01290346710550922,-0.44800601594212114,0.04110935199616617,-0.5285803458546068,-0.36743168602963544,1.1793516242051077e-27,0.5416772133413812,1.586024598068938e-27,not distinguishable,1600-1799,Europe
era_region,1600-1799 | Europe,Military,Big business,Military + Big business,102936,53474,143,310.55973693143824,-1.1161409299464273,-1.3667509630787913,-0.9083669533710227,0.11578367708070335,0.0004997501249375312,0.0026741968059243743,-1.581855114410734,0.08542104964655502,-1.749280371717982,-1.4144298571034861,1.4692648855733372e-76,0.0005906137840170824,3.015859501966324e-76,dissociated,1600-1799,Europe
era_region,1600-1799 | Europe,Military,Small business,Military + Small business,102936,53474,176,692.6089767799748,-1.9734140200920183,-2.210269189140705,-1.7851005675268241,0.10594692473361803,0.0004997501249375312,0.0032913191457530763,-2.0674879704937,0.0766567160080486,-2.2177351338694753,-1.9172408071179246,3.2590277721635936e-160,0.0005906137840170824,1.2710208311438015e-159,dissociated,1600-1799,Europe
era_region,1600-1799 | Europe,Military,Academia,Military + Academia,102936,53474,470,1377.808332995874,-1.550632032635562,-1.681810671225742,-1.4295504422507839,0.06425971746850304,0.0004997501249375312,0.008789318173317875,-2.2223627652185853,0.04752847207891532,-2.3155185704932593,-2.1292069599439114,0.0,0.0005906137840170824,0.0,dissociated,1600-1799,Europe
era_region,1600-1799 | Europe,Military,Exploration & Invention,Military + Exploration & Invention,102936,53474,566,253.53895878621725,1.1570261939393938,1.0530142377758696,1.2554827047547306,0.05214411811042488,0.0004997501249375312,0.01058458316191046,0.27841802633779944,0.0472466532545103,0.18581458595895925,0.3710214667166396,3.795624713236336e-09,0.0005906137840170824,4.485738297461124e-09,associated,1600-1799,Europe
era_region,1600-1799 | Europe,Military,Culture (core),Military + Culture (core),102936,53474,698,1688.0653770322972,-1.2734660172265948,-1.378922716313736,-1.1765077667580588,0.051805982240432986,0.0004997501249375312,0.013053072521225268,-2.263793530680055,0.03943111179251069,-2.341078509793376,-2.1865085515667344,0.0,0.0005906137840170824,0.0,dissociated,1600-1799,Europe
era_region,1600-1799 | Europe,Military,Culture (periphery),Military + Culture (periphery),102936,53474,111,554.7242902833202,-2.316026975034148,-2.590555365477985,-2.067183607409355,0.13392326148398348,0.0004997501249375312,0.002075775143060179,-2.4319564478399824,0.09586988514142343,-2.619861422717172,-2.2440514729627927,5.7967998464604996e-142,0.0005906137840170824,2.0552290364723588e-141,dissociated,1600-1799,Europe
era_region,1600-1799 | Europe,Military,Sport & Games,Military + Sport & Games,102936,53474,51,46.47462774052546,0.13269070351962237,-0.2947789902251954,0.4757557982369361,0.1961571890143434,0.49225387306346824,0.0009537345251898119,-1.1946383076188223,0.14312208744735105,-1.4751575990156303,-0.9141190162220143,7.002599052833761e-17,0.5052079223546122,8.669884541603705e-17,not distinguishable,1600-1799,Europe
era_region,1600-1799 | Europe,Religion,Nobility,Religion + Nobility,102936,53474,400,731.4273806226327,-0.8698982736174445,-1.007213510932298,-0.7427006469380827,0.06627085172089417,0.0004997501249375312,0.007480270785802446,-1.4775299016618024,0.05176956910807054,-1.5789982571136207,-1.376061546209984,3.684143674078223e-179,0.0005906137840170824,1.9157547105206757e-178,dissociated,1600-1799,Europe
era_region,1600-1799 | Europe,Religion,Kinship,Religion + Kinship,102936,53474,415,513.8199251363707,-0.3078175688561448,-0.43639409734567663,-0.18056744559226945,0.06408136389427906,0.0004997501249375312,0.007760780940270038,-0.8927213907086421,0.05146388312057359,-0.9935906016249663,-0.7918521797923179,2.0941111987875927e-67,0.0005906137840170824,4.1882223975751854e-67,dissociated,1600-1799,Europe
era_region,1600-1799 | Europe,Religion,Big business,Religion + Big business,102936,53474,38,236.7378574761727,-2.623403896885905,-3.1332704755257743,-2.2318313555701685,0.2328081312538351,0.0004997501249375312,0.0007106257246512324,-2.8065556722279905,0.16218178307228634,-3.124431967049672,-2.488679377406309,4.312850242087234e-67,0.0005906137840170824,8.410057972070106e-67,dissociated,1600-1799,Europe
era_region,1600-1799 | Europe,Religion,Small business,Religion + Small business,102936,53474,355,527.971741771066,-0.5719767706153147,-0.7216289183898489,-0.43557397496161604,0.07184343923014268,0.0004997501249375312,0.006638740322399671,-1.2009314215357836,0.055093073664027145,-1.3089138459172769,-1.0929489971542903,2.4117028742981257e-105,0.0005906137840170824,6.486649110181165e-105,dissociated,1600-1799,Europe
era_region,1600-1799 | Europe,Religion,Academia,Religion + Academia,102936,53474,2795,1050.2951734476462,1.411624866009503,1.3733401497262905,1.4502298990914897,0.019847964908235857,0.0004997501249375312,0.05226839211579459,0.04669383313720168,0.022857072631533415,0.0018939707793961882,0.09149369549500716,0.041066152814959414,0.0005906137840170824,0.04387890300776485,associated,1600-1799,Europe
era_region,1600-1799 | Europe,Religion,Exploration & Invention,Religion + Exploration & Invention,102936,53474,92,193.27125429346864,-1.0668292940041175,-1.3809395946641787,-0.7868605283023542,0.14792545920107936,0.0004997501249375312,0.0017204622807345626,-1.6145771842774364,0.10594298041100844,-1.8222254258830128,-1.4069289426718599,1.916996129286548e-52,0.0005906137840170824,3.477341815915134e-52,dissociated,1600-1799,Europe
era_region,1600-1799 | Europe,Religion,Culture (core),Religion + Culture (core),102936,53474,2077,1286.8022899135801,0.6904976037397643,0.642873874906269,0.7400349527305352,0.024921597762122397,0.0004997501249375312,0.038841306055279204,-0.8476450988723502,0.024979547459219088,-0.8966050118924196,-0.7986851858522808,2.1317900758630823e-252,0.0005906137840170824,1.2790740455178494e-251,associated,1600-1799,Europe
era_region,1600-1799 | Europe,Religion,Culture (periphery),Religion + Culture (periphery),102936,53474,217,422.8630577461365,-0.9608799856924096,-1.163825119445907,-0.7860150349106151,0.09754486876483487,0.0004997501249375312,0.004058046901297827,-1.6129864026239984,0.06950175321033016,-1.7492098389162454,-1.4767629663317514,3.7935360551280086e-119,0.0005906137840170824,1.1380608165384026e-118,dissociated,1600-1799,Europe
era_region,1600-1799 | Europe,Religion,Sport & Games,Religion + Sport & Games,102936,53474,19,35.427334872851404,-0.8816077947125645,-1.6131775838111488,-0.33724827996556694,0.3254332200239628,0.014492753623188406,0.0003553128623256162,-2.075137727824846,0.2287480992111457,-2.5234840022786917,-1.6267914533710004,1.1715743264868305e-19,0.0159216166564605,1.4739160881608513e-19,dissociated,1600-1799,Europe
era_region,1600-1799 | Europe,Nobility,Kinship,Nobility + Kinship,102936,53474,2016,615.7341831801137,1.7103027881717658,1.66211231842424,1.7549338413861604,0.02430003337021199,0.0004997501249375312,0.03770056476044433,1.3348397437701367,0.028567601374306563,1.2788472450764958,1.3908322424637776,0.0,0.0005906137840170824,0.0,associated,1600-1799,Europe
era_region,1600-1799 | Europe,Nobility,Big business,Nobility + Big business,102936,53474,162,283.69392499174467,-0.8064359973194125,-1.0386924581771122,-0.6104708353188601,0.1098392399590351,0.0004997501249375312,0.0030295096682499906,-1.1383664784351797,0.08064934422523237,-1.296439193116635,-0.9802937637537242,3.069627774544143e-45,0.0005906137840170824,5.205021009009634e-45,dissociated,1600-1799,Europe
era_region,1600-1799 | Europe,Nobility,Small business,Nobility + Small business,102936,53474,257,632.6929596498394,-1.2980727822210418,-1.4754198588413623,-1.142465823608744,0.08642887656899606,0.0004997501249375312,0.004806073979878071,-1.355919577466721,0.06416504278345944,-1.4816830613223015,-1.2301560936111404,4.062188083875746e-99,0.0005906137840170824,9.319137368891418e-99,dissociated,1600-1799,Europe
era_region,1600-1799 | Europe,Nobility,Academia,Nobility + Academia,102936,53474,333,1258.61728804924,-1.9166540112966766,-2.074652735485485,-1.7848768627244975,0.07648798253009452,0.0004997501249375312,0.006227325429180536,-2.25833771044849,0.05614749798605282,-2.3683868065011535,-2.148288614395826,0.0,0.0005906137840170824,0.0,dissociated,1600-1799,Europe
era_region,1600-1799 | Europe,Nobility,Exploration & Invention,Nobility + Exploration & Invention,102936,53474,61,231.6058838376124,-1.9161247796114258,-2.3366565138760063,-1.5957241390618524,0.18515016977322324,0.0004997501249375312,0.0011407412948348731,-1.850224993585525,0.12916285536175484,-2.1033841900945647,-1.5970657970764854,1.5328924646197159e-46,0.0005906137840170824,2.657013605340841e-46,dissociated,1600-1799,Europe
era_region,1600-1799 | Europe,Nobility,Culture (core),Nobility + Culture (core),102936,53474,664,1542.034705415423,-1.2149618442532897,-1.3204815132019707,-1.1134717180122347,0.052928026535906204,0.0004997501249375312,0.01241724950443206,-1.9774856206693923,0.04062436782002119,-2.057109381596634,-1.8978618597421508,0.0,0.0005906137840170824,0.0,dissociated,1600-1799,Europe
era_region,1600-1799 | Europe,Nobility,Culture (periphery),Nobility + Culture (periphery),102936,53474,169,506.7363617501962,-1.5813728968719234,-1.815952038968229,-1.365767332087654,0.11222097329068145,0.0004997501249375312,0.0031604144070015334,-1.685683100550991,0.07838785241174849,-1.839323291278018,-1.5320429098239638,1.4162945581015244e-102,0.0005906137840170824,3.662487438256081e-102,dissociated,1600-1799,Europe
era_region,1600-1799 | Europe,Nobility,Sport & Games,Nobility + Sport & Games,102936,53474,37,42.45421407975568,-0.19590908019597766,-0.6905469072104895,0.2084363158643238,0.23310212499655814,0.4047976011994003,0.0006919250476867262,-1.2178422038194234,0.1665542648548672,-1.5442885629349632,-0.8913958447038837,2.632254721768701e-13,0.4325234642952496,3.1587056661224417e-13,not distinguishable,1600-1799,Europe
era_region,1600-1799 | Europe,Kinship,Big business,Kinship + Big business,102936,53474,228,199.29195318996085,0.19369568689134667,0.004989695209330757,0.3714717305856687,0.09157110867199039,0.0384807596201899,0.0042637543479073945,-0.24482617511491903,0.06919107543653501,-0.38044068297052763,-0.10921166725931042,0.0004025492882285415,0.04168748958853906,0.0004485549211689462,associated,1600-1799,Europe
era_region,1600-1799 | Europe,Kinship,Small business,Kinship + Small business,102936,53474,231,444.46004863101234,-0.9426636139881834,-1.1358101781317693,-0.7692821052646652,0.09329149578580505,0.0004997501249375312,0.004319856378800913,-0.936830535756925,0.06788619858759311,-1.0698874849886075,-0.8037735865252424,2.548008057556571e-43,0.0005906137840170824,4.228609116796012e-43,dissociated,1600-1799,Europe
era_region,1600-1799 | Europe,Kinship,Academia,Kinship + Academia,102936,53474,499,884.1652060800517,-0.8246469049619629,-0.9457783301258856,-0.710730759255065,0.06049137339654876,0.0004997501249375312,0.009331637805288551,-1.2727951231053707,0.04708787790681243,-1.365087363802723,-1.1805028824080184,6.5274972234301325e-161,0.0005906137840170824,2.679709386460791e-160,dissociated,1600-1799,Europe
era_region,1600-1799 | Europe,Kinship,Exploration & Invention,Kinship + Exploration & Invention,102936,53474,79,162.70066044462573,-1.0376201301469492,-1.3550252588773992,-0.7524947285110231,0.1569259745524431,0.0004997501249375312,0.001477353480195983,-1.0651839987525091,0.11426924540088189,-1.2891517197382376,-0.8412162777667807,1.1448740645189208e-20,0.0005906137840170824,1.463937328401243e-20,dissociated,1600-1799,Europe
era_region,1600-1799 | Europe,Kinship,Culture (core),Kinship + Culture (core),102936,53474,1107,1083.2629156154412,0.031257512084448304,-0.04312452266936272,0.10313828821605972,0.036964830953799134,0.4192903548225887,0.02070164939970827,-0.7990932696995718,0.03350247125204464,-0.8647581133535793,-0.7334284260455644,9.706868112831552e-126,0.4371014492753623,3.1547321366702544e-125,not distinguishable,1600-1799,Europe
era_region,1600-1799 | Europe,Kinship,Culture (periphery),Kinship + Culture (periphery),102936,53474,217,355.9768834969233,-0.7127931241070792,-0.9009212154991099,-0.5388361264357958,0.09301584849181309,0.0004997501249375312,0.004058046901297827,-0.8941477041989824,0.06999801847080821,-1.0313438204017664,-0.7569515879961983,2.2936678118044555e-37,0.0005906137840170824,3.4405017177066835e-37,dissociated,1600-1799,Europe
era_region,1600-1799 | Europe,Kinship,Sport & Games,Kinship + Sport & Games,102936,53474,59,29.82363208992033,0.9724471021052915,0.5990334668663496,1.3031578930407637,0.17701835609182281,0.0004997501249375312,0.0011033399409058609,-0.21378851692671424,0.1339983557921607,-0.4764252942793492,0.04884826042592072,0.1106102414639112,0.0005906137840170824,0.11503465112246765,associated,1600-1799,Europe
era_region,1600-1799 | Europe,Big business,Small business,Big business + Small business,102936,53474,660,204.7809251825633,1.685958983821152,1.5915838818411483,1.7751154219590977,0.0475574735755923,0.0004997501249375312,0.012342446796574036,0.8603498079507711,0.04411993735628056,0.7738747307324612,0.946824885169081,1.0924704970229623e-84,0.0005906137840170824,2.3030459126430014e-84,associated,1600-1799,Europe
era_region,1600-1799 | Europe,Big business,Academia,Big business + Academia,102936,53474,212,407.37107749727045,-0.940650366712042,-1.1458891487004224,-0.7591746720544235,0.09699664252332106,0.0004997501249375312,0.003964543516475297,-1.6130227508336699,0.07084040175217729,-1.7518699382679372,-1.4741755633994025,9.13333544015944e-115,0.0005906137840170824,2.5442863011872724e-114,dissociated,1600-1799,Europe
era_region,1600-1799 | Europe,Big business,Exploration & Invention,Big business + Exploration & Invention,102936,53474,178,74.96284958859125,1.2420855896707907,1.024859447492445,1.4383370140920613,0.1032703265423421,0.0004997501249375312,0.0033287204996820885,0.3562958111375308,0.07872074580645996,0.20200314935686925,0.5105884729181923,6.0089942315636415e-06,0.0005906137840170824,6.792776087854552e-06,associated,1600-1799,Europe
era_region,1600-1799 | Europe,Big business,Culture (core),Big business + Culture (core),102936,53474,304,499.1035364347316,-0.7143414609415495,-0.8714480955173214,-0.5673663893233741,0.07774591431483104,0.0004997501249375312,0.005685005797209859,-1.6683073013984064,0.05992188422654237,-1.7857541944824296,-1.5508604083143833,1.3701856781912023e-170,0.0005906137840170824,5.9374712721618765e-170,dissociated,1600-1799,Europe
era_region,1600-1799 | Europe,Big business,Culture (periphery),Big business + Culture (periphery),102936,53474,97,164.01311157355406,-0.7547284462976608,-1.0437393326509328,-0.48984695018037305,0.14602693485796994,0.0004997501249375312,0.0018139656655570932,-1.1747029339587267,0.10321462921223606,-1.3770036072147094,-0.972402260702744,5.19005116164905e-30,0.0005906137840170824,7.360436192884108e-30,dissociated,1600-1799,Europe
era_region,1600-1799 | Europe,Big business,Sport & Games,Big business + Sport & Games,102936,53474,27,13.740967248888811,0.9493844809155227,0.30582005200290624,1.3912512055519897,0.27832210405679364,0.0029985007496251873,0.0005049182780416651,-0.47298619229213534,0.19385126386976953,-0.8529346694768836,-0.09303771510738706,0.014689546368148447,0.0033896095430545592,0.016137811503036323,associated,1600-1799,Europe
era_region,1600-1799 | Europe,Small business,Academia,Small business + Academia,102936,53474,1263,908.517208131941,0.47504615358276064,0.4087644272577551,0.5420972239364752,0.0338094888739862,0.0004997501249375312,0.023618955006171224,-0.3296277802954157,0.03170881363137038,-0.3917770550129016,-0.26747850557792974,2.600226173728385e-25,0.0005906137840170824,3.437587144929051e-25,associated,1600-1799,Europe
era_region,1600-1799 | Europe,Small business,Exploration & Invention,Small business + Exploration & Invention,102936,53474,279,167.18182164588717,0.7371219879816316,0.5707223709465459,0.888115713960392,0.08192262448280481,0.0004997501249375312,0.005217488873097206,0.15516602068949928,0.06376473647533124,0.03018713719785006,0.2801449041811485,0.01495717627477361,0.0005906137840170824,0.016203607631004743,associated,1600-1799,Europe
era_region,1600-1799 | Europe,Small business,Culture (core),Small business + Culture (core),102936,53474,1725,1113.0985397300306,0.6317852492895454,0.5761923915275436,0.6872877485505137,0.028135725247713347,0.0004997501249375312,0.03225866776377305,-0.38452211063259634,0.028144982073266635,-0.43968627549619893,-0.32935794576899374,1.707680933615023e-42,0.0005906137840170824,2.7749815171244125e-42,associated,1600-1799,Europe
era_region,1600-1799 | Europe,Small business,Culture (periphery),Small business + Culture (periphery),102936,53474,791,365.7813292472544,1.111637187096231,1.017457439312658,1.1964377938593371,0.045464690437963105,0.0004997501249375312,0.014792235478924337,0.43298111914679277,0.03964400400480001,0.3552788712973848,0.5106833669962008,9.07502500236461e-28,0.0005906137840170824,1.2418455266393677e-27,associated,1600-1799,Europe
era_region,1600-1799 | Europe,Small business,Sport & Games,Small business + Sport & Games,102936,53474,35,30.645045491911603,0.1888163449235262,-0.3635819826637581,0.608361092091496,0.24686887865905183,0.42028985507246375,0.000654523693757714,-0.888472191767142,0.17110784332128323,-1.223843564676857,-0.5531008188574269,2.0752330457219084e-07,0.4371014492753623,2.38041437597513e-07,not distinguishable,1600-1799,Europe
era_region,1600-1799 | Europe,Academia,Exploration & Invention,Academia + Exploration & Invention,102936,53474,613,332.5751105046798,0.8812157932174677,0.7791294356660693,0.9713386329242508,0.04949374976134461,0.0004997501249375312,0.011463514979242249,-0.0736845968632357,0.04563993106124048,-0.16313886174326703,0.01576966801679565,0.10642410678516685,0.0005906137840170824,0.11217676120598667,associated,1600-1799,Europe
era_region,1600-1799 | Europe,Academia,Culture (core),Academia + Culture (core),102936,53474,3821,2214.289007075307,0.786969764054485,0.7520775189913416,0.820839331771174,0.017569746806037238,0.0004997501249375312,0.07145528668137786,-0.7176904111361176,0.019402675138328846,-0.7557196544072422,-0.6796611678649931,1.7048346683588692e-299,0.0005906137840170824,1.3297710413199179e-298,associated,1600-1799,Europe
era_region,1600-1799 | Europe,Academia,Culture (periphery),Academia + Culture (periphery),102936,53474,580,727.6494824456711,-0.32693858586786545,-0.43720572339659003,-0.21964406740371586,0.05565476721322303,0.0004997501249375312,0.010846392639413546,-1.132172396458117,0.04400246978483789,-1.2184172372363993,-1.0459275556798346,5.433318262349389e-146,0.0005906137840170824,2.0180896403012013e-145,dissociated,1600-1799,Europe
era_region,1600-1799 | Europe,Academia,Sport & Games,Academia + Sport & Games,102936,53474,31,60.96224631695277,-0.9643486667775789,-1.5435233513868858,-0.551691317749984,0.25450946215220877,0.0009995002498750624,0.0005797209858996896,-2.147362570749147,0.18103432249301293,-2.502189842835452,-1.7925352986628416,1.8728786325413066e-32,0.0011635973058246995,2.7052691358929986e-32,dissociated,1600-1799,Europe
era_region,1600-1799 | Europe,Exploration & Invention,Culture (core),Exploration & Invention + Culture (core),102936,53474,199,407.4648961404717,-1.032056272555851,-1.2333603678596252,-0.8619142661149164,0.09516889072983292,0.0004997501249375312,0.003721434715936717,-1.8137945060443041,0.07347108796120787,-1.9577978384482715,-1.6697911736403368,1.468270856024966e-134,0.0005906137840170824,4.979353337823798e-134,dissociated,1600-1799,Europe
era_region,1600-1799 | Europe,Exploration & Invention,Culture (periphery),Exploration & Invention + Culture (periphery),102936,53474,228,133.89924253067917,0.765669158121376,0.5869168453094489,0.9288492403182835,0.08898398097493632,0.0004997501249375312,0.0042637543479073945,0.03789026373160981,0.06979502781027198,-0.09890799077652329,0.1746885182397429,0.5872130285760939,0.0005906137840170824,0.5872130285760939,associated,1600-1799,Europe
era_region,1600-1799 | Europe,Exploration & Invention,Sport & Games,Exploration & Invention + Sport & Games,102936,53474,28,11.218036708241769,1.2822310447859222,0.7006041721836741,1.7205883087606684,0.2610426326936531,0.0004997501249375312,0.0005236189550061713,-0.1450113939405919,0.19073871225266636,-0.518859269955818,0.22883648207463417,0.4470979941912354,0.0005906137840170824,0.4529044616482644,associated,1600-1799,Europe
era_region,1600-1799 | Europe,Culture (core),Culture (periphery),Culture (core) + Culture (periphery),102936,53474,2838,891.5027355518876,1.6700087019587309,1.631845681111604,1.7057992761479106,0.01896300031544891,0.0004997501249375312,0.05307252122526836,0.5367351252499624,0.025197733913427695,0.4873475667796441,0.5861226837202806,1.112934891787198e-100,0.0005906137840170824,2.712778798731295e-100,associated,1600-1799,Europe
era_region,1600-1799 | Europe,Culture (core),Sport & Games,Culture (core) + Sport & Games,102936,53474,117,74.68982067338885,0.644051491078738,0.40623924400557804,0.8590822966136364,0.11562540015010224,0.0004997501249375312,0.0021879792048472156,-1.1761394000543939,0.0980512254303443,-1.3683198018978686,-0.983958998210919,3.7672275434612636e-33,0.0005906137840170824,5.544221667735444e-33,associated,1600-1799,Europe
era_region,1600-1799 | Europe,Culture (periphery),Sport & Games,Culture (periphery) + Sport & Games,102936,53474,25,24.544225791345866,0.026019233781399635,-0.6158682789337946,0.5230763439987978,0.29064273850593486,0.9325337331334332,0.0004675169241126529,-1.124348151237836,0.20081846495783154,-1.5179523425551857,-0.7307439599204861,2.1580511580047685e-08,0.9325337331334332,2.512358064542865e-08,not distinguishable,1600-1799,Europe
era_region,1800-1899 | America,Politics,Administration & Law,Politics + Administration & Law,101593,52779,12069,5922.248698557289,1.0270271319984194,1.0110013355327092,1.0436015783582135,0.008358459178608458,0.0004997501249375312,0.22867049394645597,1.5706117333390746,0.017661116021583698,1.5359959459367705,1.6052275207413786,0.0,0.0006838685920197796,0.0,associated,1800-1899,America
era_region,1800-1899 | America,Politics,Military,Politics + Military,101593,52779,2286,2330.4044417809764,-0.02774894152329312,-0.07677377890470893,0.013881885184137216,0.022948221019972063,0.2273863068465767,0.04331268118001478,-0.8633834726719167,0.02449663298145662,-0.9113968733155717,-0.8153700720282617,4.094841744116162e-272,0.2533733133433283,2.661647133675505e-271,not distinguishable,1800-1899,America
era_region,1800-1899 | America,Politics,Religion,Politics + Religion,101593,52779,586,1052.3638164539543,-0.8441158284745526,-0.9497006486842946,-0.7462245745608623,0.05270766588223826,0.0004997501249375312,0.011102900774929423,-1.5335431676716031,0.044441668707912496,-1.6206488383391116,-1.4464374970040947,6.325966998573044e-261,0.0006838685920197796,3.524467327776411e-260,dissociated,1800-1899,America
era_region,1800-1899 | America,Politics,Nobility,Politics + Nobility,101593,52779,219,283.0029486520521,-0.369142800639923,-0.532438216667067,-0.2150189023458388,0.08314525446608184,0.0004997501249375312,0.004149377593360996,-0.7620735471490228,0.07643989067945786,-0.9118957328807602,-0.6122513614172853,2.0710433566314213e-23,0.0006838685920197796,3.0479506003254875e-23,dissociated,1800-1899,America
era_region,1800-1899 | America,Politics,Kinship,Politics + Kinship,101593,52779,861,1086.1758885571628,-0.334999005410894,-0.4177733347972395,-0.25795990771735305,0.04082415757780162,0.0004997501249375312,0.01631330642869323,-0.5258744141429729,0.04012014640052033,-0.6045099010879927,-0.447238927197953,2.983089283940242e-39,0.0006838685920197796,4.950658811645508e-39,dissociated,1800-1899,America
era_region,1800-1899 | America,Politics,Big business,Politics + Big business,101593,52779,3635,2632.2311706676523,0.46559358080046104,0.4350569155801648,0.496635240197173,0.015744051346872585,0.0004997501249375312,0.06887208927793251,0.22353695309508853,0.02275366978488705,0.1789397603167099,0.2681341458734671,8.856094895421015e-23,0.0006838685920197796,1.279213707116369e-22,associated,1800-1899,America
era_region,1800-1899 | America,Politics,Small business,Politics + Small business,101593,52779,2887,2319.2375044768023,0.3158593835961836,0.2804053057363032,0.3518546465826179,0.018504788867979932,0.0004997501249375312,0.05469978589969495,0.20394134433027386,0.025206395369198324,0.15453680940664516,0.25334587925390256,5.924630438063797e-16,0.0006838685920197796,7.967606451189245e-16,associated,1800-1899,America
era_region,1800-1899 | America,Politics,Academia,Politics + Academia,101593,52779,2293,3476.6184215519315,-0.6003412948991574,-0.6485155890832514,-0.5533587180426381,0.024385883281610957,0.0004997501249375312,0.04344530968756513,-1.3109395376470165,0.0237400777063287,-1.3574700899514207,-1.2644089853426124,0.0,0.0006838685920197796,0.0,dissociated,1800-1899,America
era_region,1800-1899 | America,Politics,Exploration & Invention,Politics + Exploration & Invention,101593,52779,436,1258.2239784399005,-1.5279083947850622,-1.6522800317836013,-1.4022265493491577,0.0646541070173238,0.0004997501249375312,0.008260861327421891,-1.68138301671326,0.05094291197186194,-1.7812311241781094,-1.5815349092484106,6.831487126366496e-239,0.0006838685920197796,3.552373305710578e-238,dissociated,1800-1899,America
era_region,1800-1899 | America,Politics,Culture (core),Politics + Culture (core),101593,52779,951,3872.1119285056875,-2.025031375625373,-2.112987500589779,-1.9430141859608843,0.04350981938034369,0.0004997501249375312,0.018018530097197748,-2.938789300448026,0.03389370806788459,-3.0052209682610798,-2.872357632634972,0.0,0.0006838685920197796,0.0,dissociated,1800-1899,America
era_region,1800-1899 | America,Politics,Culture (periphery),Politics + Culture (periphery),101593,52779,1277,2502.1070661420367,-0.970108500371097,-1.038770396643054,-0.9035256565841927,0.03521372587849934,0.0004997501249375312,0.024195229163114118,-1.2927941788559238,0.031053232354391128,-1.3536585142705304,-1.2319298434413173,0.0,0.0006838685920197796,0.0,dissociated,1800-1899,America
era_region,1800-1899 | America,Politics,Sport & Games,Politics + Sport & Games,101593,52779,381,1146.2741348570107,-1.5878263083362631,-1.7286678075288353,-1.4573565861795277,0.06848533923777887,0.0004997501249375312,0.00721878019666913,-3.190520339658401,0.0523964890345213,-3.293217458166063,-3.0878232211507393,0.0,0.0006838685920197796,0.0,dissociated,1800-1899,America
era_region,1800-1899 | America,Administration & Law,Military,Administration & Law + Military,101593,52779,618,1001.9134725322309,-0.6966322095467371,-0.7977873085705159,-0.5949595868319106,0.05216533595290237,0.0004997501249375312,0.01170920252373103,-1.3609667247046413,0.04225826500939428,-1.443792924123054,-1.2781405252862286,1.4578297538766694e-227,0.0006838685920197796,7.106920050148763e-227,dissociated,1800-1899,America
era_region,1800-1899 | America,Administration & Law,Religion,Administration & Law + Religion,101593,52779,88,452.4439907541802,-2.355583303082557,-2.675059884835163,-2.0801903316920938,0.15411342358308303,0.0004997501249375312,0.0016673298092044185,-2.5293513674745793,0.107571344990027,-2.740191203655032,-2.3185115312941265,2.985852031281329e-122,0.0006838685920197796,8.317730658569416e-122,dissociated,1800-1899,America
era_region,1800-1899 | America,Administration & Law,Nobility,Administration & Law + Nobility,101593,52779,36,121.67178449254224,-1.742942764882111,-2.2850716626279364,-1.3374157521540768,0.23864670148641184,0.0004997501249375312,0.0006820894674018076,-1.7622447440689073,0.1687575347417773,-2.0930095121627907,-1.4314799759750239,1.5863607995528138e-25,0.0006838685920197796,2.379541199329221e-25,dissociated,1800-1899,America
era_region,1800-1899 | America,Administration & Law,Kinship,Administration & Law + Kinship,101593,52779,86,466.9808539557222,-2.4341352416435944,-2.761588677869469,-2.155509569690038,0.15462656255932877,0.0004997501249375312,0.001629435949904318,-2.114186793872473,0.10926003209122917,-2.3283364567712823,-1.9000371309736641,2.0365500202269652e-83,0.0006838685920197796,4.9640906743032275e-83,dissociated,1800-1899,America
era_region,1800-1899 | America,Administration & Law,Big business,Administration & Law + Big business,101593,52779,313,1131.6781865965354,-1.852563684843325,-2.0086278967513307,-1.7032644384851654,0.07843153793952387,0.0004997501249375312,0.0059303889804657155,-1.8346415158081917,0.058127230378926,-1.9485708873508867,-1.7207121442654967,1.2076135678535706e-218,0.0006838685920197796,5.232992127365473e-218,dissociated,1800-1899,America
era_region,1800-1899 | America,Administration & Law,Small business,Administration & Law + Small business,101593,52779,143,997.1124582827796,-2.7974287448970894,-3.0408909475594093,-2.594314787686571,0.11608763079286917,0.0004997501249375312,0.00270941093995718,-2.3989462827763095,0.0847584481045193,-2.565072841061167,-2.232819724491452,3.1447403960707044e-176,0.0006838685920197796,1.2264487544675747e-175,dissociated,1800-1899,America
era_region,1800-1899 | America,Administration & Law,Academia,Administration & Law + Academia,101593,52779,622,1494.7065723684348,-1.2641990734636874,-1.3688803706482535,-1.1641833356593936,0.05215973403806522,0.0004997501249375312,0.01178499024233123,-1.7346330707021145,0.041822633238240384,-1.8166054318490656,-1.6526607095551633,0.0,0.0006838685920197796,0.0,dissociated,1800-1899,America
era_region,1800-1899 | America,Administration & Law,Exploration & Invention,Administration & Law + Exploration & Invention,101593,52779,75,540.9496878999342,-2.84227873770246,-3.1814850336675637,-2.5492609571004983,0.1647180559870261,0.0004997501249375312,0.0014210197237537656,-2.521149062705363,0.11641299317307585,-2.749318529324592,-2.292979596086134,5.22844332962873e-104,0.0006838685920197796,1.35939526570347e-103,dissociated,1800-1899,America
era_region,1800-1899 | America,Administration & Law,Culture (core),Administration & Law + Culture (core),101593,52779,633,1664.7415524825128,-1.3943149388793543,-1.5102571033341952,-1.2909707476247425,0.054837386317330886,0.0004997501249375312,0.011993406468481783,-2.24429098622411,0.04121923475573442,-2.3250806863453493,-2.1635012861028704,0.0,0.0006838685920197796,0.0,dissociated,1800-1899,America
era_region,1800-1899 | America,Administration & Law,Culture (periphery),Administration & Law + Culture (periphery),101593,52779,414,1075.7337800858052,-1.3765474881021793,-1.514503420980677,-1.2474311544454366,0.0682541976231637,0.0004997501249375312,0.007844028875120786,-1.5204805981855634,0.051038948076106455,-1.620516936414732,-1.4204442599563947,5.171845409175099e-195,0.0006838685920197796,2.1231786416613563e-194,dissociated,1800-1899,America
era_region,1800-1899 | America,Administration & Law,Sport & Games,Administration & Law + Sport & Games,101593,52779,266,492.8189623818119,-0.8883852102742034,-1.0493379560749252,-0.7290960227975821,0.0837018724788269,0.0004997501249375312,0.005039883286913355,-2.4961280921430595,0.06245194879416613,-2.6185339117796254,-2.3737222725064937,0.0,0.0006838685920197796,0.0,dissociated,1800-1899,America
era_region,1800-1899 | America,Military,Religion,Military + Religion,101593,52779,124,178.0366781907535,-0.5200747465723307,-0.7877663778207014,-0.2884927158578915,0.1259806307460363,0.0004997501249375312,0.002349419276606226,-1.5935006142535957,0.09133130790189588,-1.7725099777413116,-1.4144912507658798,3.5979644520837024e-68,0.0006838685920197796,8.018320778929393e-68,dissociated,1800-1899,America
era_region,1800-1899 | America,Military,Nobility,Military + Nobility,101593,52779,88,47.87783854634677,0.8713311420193148,0.5688314278651788,1.1354323269464126,0.14672956391002914,0.0004997501249375312,0.0016673298092044185,-0.2393339512391805,0.11168372166465726,-0.45823404570190873,-0.020433856776452264,0.032116164402729214,0.0006838685920197796,0.03340081097883838,associated,1800-1899,America
era_region,1800-1899 | America,Military,Kinship,Military + Kinship,101593,52779,295,183.75693282691702,0.6814392274089536,0.5168378753622683,0.824344059314376,0.07822408945556854,0.0004997501249375312,0.005589344246764812,-0.21543583479848114,0.06180251260763195,-0.33656875950943976,-0.09430291008752252,0.0004905301251036028,0.0006838685920197796,0.0005241280788778222,associated,1800-1899,America
era_region,1800-1899 | America,Military,Big business,Military + Big business,101593,52779,321,445.3152859577931,-0.4716273465128741,-0.6257271205324574,-0.3266023139641776,0.07580000006434204,0.0004997501249375312,0.0060819644176661174,-1.2120985738793535,0.05775861877623256,-1.3253054666807693,-1.0988916810779377,8.881790932583332e-98,0.0006838685920197796,2.234773202391935e-97,dissociated,1800-1899,America
era_region,1800-1899 | America,Military,Small business,Military + Small business,101593,52779,332,392.36368143462226,-0.240674462367274,-0.3894028854380097,-0.09392049082810999,0.07476701917711677,0.0009995002498750624,0.006290380643816669,-0.9231794515963573,0.057133328180403606,-1.0351607748299483,-0.8111981283627662,9.920520855076248e-59,0.0013441555084526702,1.9345015667398682e-58,dissociated,1800-1899,America
era_region,1800-1899 | America,Military,Academia,Military + Academia,101593,52779,622,588.166929945913,0.08062225478762693,-0.026972271232547265,0.18114537771031342,0.053501068668693204,0.13343328335832083,0.01178499024233123,-1.1201476034179116,0.042275813090762546,-1.2030081970758062,-1.037287009760017,1.0725985721775728e-154,0.15534024032759738,3.6375082012978553e-154,not distinguishable,1800-1899,America
era_region,1800-1899 | America,Military,Exploration & Invention,Military + Exploration & Invention,101593,52779,763,212.86366372441273,1.8393136539063801,1.748016635665228,1.917674108066568,0.044209801893532,0.0004997501249375312,0.01445650732298831,0.6274950977907545,0.04128978612441971,0.5465671169868919,0.7084230785946172,3.682497888154032e-52,0.0006838685920197796,6.679879890139872e-52,associated,1800-1899,America
era_region,1800-1899 | America,Military,Culture (core),Military + Culture (core),101593,52779,526,655.0756825304705,-0.31632880984996165,-0.43549691374479743,-0.20155854526499786,0.059564877444456495,0.0004997501249375312,0.00996608499592641,-1.820543382171902,0.04534846621796464,-1.9094263759591126,-1.7316603883846913,0.0,0.0006838685920197796,0.0,dissociated,1800-1899,America
era_region,1800-1899 | America,Military,Culture (periphery),Military + Culture (periphery),101593,52779,180,423.30116597374604,-1.2313887197864688,-1.4370144160800111,-1.038547406554688,0.10191216906855217,0.0004997501249375312,0.0034104473370090375,-1.8057600876703115,0.075922485501704,-1.9545681592536512,-1.6569520160869717,4.860125375719865e-125,0.0006838685920197796,1.4040362196524057e-124,dissociated,1800-1899,America
era_region,1800-1899 | America,Military,Sport & Games,Military + Sport & Games,101593,52779,498,193.9242266553654,1.3583855043122486,1.2456123633182956,1.473456544864485,0.057297499420630456,0.0004997501249375312,0.009435570965725004,-1.2275705949791478,0.04683422011762443,-1.3193656664096916,-1.135775523548604,1.9923431713009916e-151,0.0006838685920197796,6.475115306728222e-151,associated,1800-1899,America
era_region,1800-1899 | America,Religion,Nobility,Religion + Nobility,101593,52779,20,21.620669782835563,-0.10977115928431286,-0.845533101490067,0.43485014171748126,0.3248550864471157,0.7306346826586707,0.0003789385930010042,-0.9369623253887733,0.22358201438502776,-1.3751830735834276,-0.49874157719411893,2.7811063216474216e-05,0.7498619111496884,3.055299902654914e-05,not distinguishable,1800-1899,America
era_region,1800-1899 | America,Religion,Kinship,Religion + Kinship,101593,52779,169,82.98093827087808,1.021766552716066,0.796516529403911,1.2136830816154143,0.10615827631441928,0.0004997501249375312,0.0032020311108584853,0.035047481902265726,0.08020939663674032,-0.12216293550574528,0.19225789931027673,0.6621477358003005,0.0006838685920197796,0.6621477358003005,associated,1800-1899,America
era_region,1800-1899 | America,Religion,Big business,Religion + Big business,101593,52779,45,201.09543453224836,-2.1475245165276173,-2.607286496611681,-1.7528850874765058,0.217243649755603,0.0004997501249375312,0.0008526118342522594,-2.3781095043721203,0.14935176983146073,-2.6708389732417834,-2.085380035502457,4.39702513703527e-57,0.0006838685920197796,8.365072211920758e-57,dissociated,1800-1899,America
era_region,1800-1899 | America,Religion,Small business,Religion + Small business,101593,52779,143,177.18355399155644,-0.30825941788807887,-0.5408948939727756,-0.09665466669515119,0.11776819061860604,0.009995002498750625,0.00270941093995718,-0.9513591118013072,0.08562269611052302,-1.1191795961779323,-0.783538627424682,1.1083306233585439e-28,0.012780494998402439,1.7289957724393285e-28,dissociated,1800-1899,America
era_region,1800-1899 | America,Religion,Academia,Religion + Academia,101593,52779,717,265.60436635490254,1.4309866488732004,1.3369444323906854,1.5173716695689943,0.04615981619906578,0.0004997501249375312,0.013584948559086001,-0.023949214538545045,0.04134836657206641,-0.10499201301979522,0.05709358394270512,0.5624503046905805,0.0006838685920197796,0.5697548541021465,associated,1800-1899,America
era_region,1800-1899 | America,Religion,Exploration & Invention,Religion + Exploration & Invention,101593,52779,40,96.12495304471608,-1.254473899956945,-1.7258702029217967,-0.8667107690538876,0.2266657821276455,0.0004997501249375312,0.0007578771860020084,-1.7269875854544559,0.15855492822050812,-2.0377552447666516,-1.4162199261422599,1.2578210883651428e-27,0.0006838685920197796,1.9237263704408066e-27,dissociated,1800-1899,America
era_region,1800-1899 | America,Religion,Culture (core),Religion + Culture (core),101593,52779,595,295.81901449136365,1.0069503025386546,0.896274252004639,1.1104241960313852,0.05288553465067147,0.0004997501249375312,0.011273423141779874,-0.758026150605857,0.04433377460036487,-0.8449203488225722,-0.6711319523891418,1.5315342627998303e-65,0.0006838685920197796,3.318324236066299e-65,associated,1800-1899,America
era_region,1800-1899 | America,Religion,Culture (periphery),Religion + Culture (periphery),101593,52779,290,191.15430032097726,0.6000317940739737,0.4497062236846078,0.7456486126825325,0.07665389362622027,0.0004997501249375312,0.005494609598514561,-0.4269359377994714,0.061527936435442715,-0.5475306932129391,-0.3063411823860037,3.951765506648977e-12,0.0006838685920197796,4.742118607978772e-12,associated,1800-1899,America
era_region,1800-1899 | America,Religion,Sport & Games,Religion + Sport & Games,101593,52779,285,87.5722838521359,1.6967307627617996,1.5434152289227352,1.8482790277939414,0.07912712335434696,0.0004997501249375312,0.00539987495026431,-0.9429571537780685,0.06167141097742647,-1.0638331192938244,-0.8220811882623127,8.91217423717748e-53,0.0006838685920197796,1.6551180726186747e-52,associated,1800-1899,America
era_region,1800-1899 | America,Nobility,Kinship,Nobility + Kinship,101593,52779,136,22.31533415098175,2.5808252625345243,2.3424587330340154,2.774963915794941,0.11079373841663018,0.0004997501249375312,0.0025767824324068283,1.5468548964030246,0.09368853801413622,1.3632253618953176,1.7304844309107317,3.077576300322831e-61,0.0006838685920197796,6.487863552031914e-61,associated,1800-1899,America
era_region,1800-1899 | America,Nobility,Big business,Nobility + Big business,101593,52779,49,54.078827153957064,-0.14091286763618424,-0.5789037458793911,0.20819355354197933,0.20219429849804782,0.487256371814093,0.0009283995528524602,-0.6200260040295421,0.14613438671023332,-0.9064494019815994,-0.3336026060774848,2.20700833562789e-05,0.5352957324154825,2.459237859699649e-05,not distinguishable,1800-1899,America
era_region,1800-1899 | America,Nobility,Small business,Nobility + Small business,101593,52779,28,47.64841535622539,-0.7565263980990312,-1.3321850417408119,-0.3085001869522061,0.26312226139230444,0.00849575212393803,0.0005305140302014059,-0.9545140321424233,0.1903876478781654,-1.3276738219836275,-0.581354242301219,5.344065277485005e-07,0.01104447776111944,6.221449129012394e-07,dissociated,1800-1899,America
era_region,1800-1899 | America,Nobility,Academia,Nobility + Academia,101593,52779,68,71.42664701887934,-0.07042236395346349,-0.4364911331245933,0.22828086490818686,0.1716219994656623,0.6781609195402298,0.0012883912162034142,-0.8749493574128705,0.1254016204267293,-1.1207365334492598,-0.6291621813764811,3.0116923608660103e-12,0.705287356321839,3.67050006480545e-12,not distinguishable,1800-1899,America
era_region,1800-1899 | America,Nobility,Exploration & Invention,Nobility + Exploration & Invention,101593,52779,10,25.85003848038041,-1.3274157408179024,-2.2949063239510656,-0.5872647701151013,0.4655011390712985,0.010994502748625687,0.0001894692965005021,-1.4513363802723742,0.31059729866497365,-2.0601070856557224,-0.8425656748890259,2.972267402311184e-06,0.01383179378052909,3.4093655497098875e-06,dissociated,1800-1899,America
era_region,1800-1899 | America,Nobility,Culture (core),Nobility + Culture (core),101593,52779,119,79.55200669146447,0.5780011453607417,0.32441354124412636,0.8001538797726789,0.12470007994247759,0.0004997501249375312,0.0022546846283559747,-0.7540258320696807,0.0976373778296879,-0.945395092615869,-0.5626565715234924,1.1387587079966091e-14,0.0006838685920197796,1.505477613961619e-14,associated,1800-1899,America
era_region,1800-1899 | America,Nobility,Culture (periphery),Nobility + Culture (periphery),101593,52779,47,51.405445334145504,-0.1279583843779924,-0.5625296107942114,0.23916995596487167,0.2045847361495223,0.526736631684158,0.0008905056935523598,-0.648741641723593,0.14901441406570543,-0.9408098932923756,-0.3566733901548104,1.33950775308852e-05,0.5706313509911711,1.5142261556652833e-05,not distinguishable,1800-1899,America
era_region,1800-1899 | America,Nobility,Sport & Games,Nobility + Sport & Games,101593,52779,30,23.55004435049704,0.3427696882152111,-0.2544980472139871,0.7734494071842861,0.2540031276774772,0.1794102948525737,0.0005684078895015062,-1.5951993770842006,0.1840692102590109,-1.9559750291918618,-1.2344237249765393,4.463817022273645e-18,0.20579416174265808,6.217459423881149e-18,not distinguishable,1800-1899,America
era_region,1800-1899 | America,Kinship,Big business,Kinship + Big business,101593,52779,258,207.5565587420695,0.3131885121502653,0.1418513683683315,0.46618704736646954,0.0824365983708056,0.0004997501249375312,0.004888307849712954,-0.11452958660846405,0.06575151853796539,-0.2434025629428762,0.014343389725948119,0.08153388561390165,0.0006838685920197796,0.08367951418268853,associated,1800-1899,America
era_region,1800-1899 | America,Kinship,Small business,Kinship + Small business,101593,52779,101,182.87639805308294,-0.8533282375696642,-1.1308634187923359,-0.5921561832459237,0.13741977527270427,0.0004997501249375312,0.0019136398946550711,-0.8751947028958476,0.10157776117911656,-1.074287114806916,-0.6761022909847791,6.93295121515764e-18,0.0006838685920197796,9.487196399689403e-18,dissociated,1800-1899,America
era_region,1800-1899 | America,Kinship,Academia,Kinship + Academia,101593,52779,338,274.1381394148507,0.3016238451547009,0.15443847493530055,0.4395455067663859,0.07322917073223816,0.0004997501249375312,0.006404062221716971,-0.4248336875150693,0.058047422158648304,-0.5386066349460199,-0.3110607400841186,2.5031976565477315e-13,0.0006838685920197796,3.0991970985829056e-13,associated,1800-1899,America
era_region,1800-1899 | America,Kinship,Exploration & Invention,Kinship + Exploration & Invention,101593,52779,77,99.21341332095142,-0.363591276784258,-0.7229453456610397,-0.06400199138734657,0.16739846741709738,0.031984007996002,0.001458913583053866,-0.6268107447117314,0.1160159489994038,-0.8542020047505628,-0.3994194846728999,6.560930770250418e-08,0.038380809595202396,7.753827273932312e-08,dissociated,1800-1899,America
era_region,1800-1899 | America,Kinship,Culture (core),Kinship + Culture (core),101593,52779,549,305.3235733626347,0.8454198649839765,0.7331106559847566,0.9527886538598433,0.05572901569286608,0.0004997501249375312,0.010401864377877565,-0.3565949389795377,0.047316754507865225,-0.44933577781495354,-0.26385410014412186,4.83361862384766e-14,0.0006838685920197796,6.081004075163185e-14,associated,1800-1899,America
era_region,1800-1899 | America,Kinship,Culture (periphery),Kinship + Culture (periphery),101593,52779,159,197.29601945293112,-0.3104569688748237,-0.5501424997378783,-0.11266270870744582,0.10971003984777584,0.0074962518740629685,0.0030125618143579834,-0.6267885656809313,0.08194180162288375,-0.7873944968617834,-0.4661826345000792,2.022462236250367e-14,0.009910299087744262,2.5860992529103052e-14,dissociated,1800-1899,America
era_region,1800-1899 | America,Kinship,Sport & Games,Kinship + Sport & Games,101593,52779,170,90.38594993372777,0.9076425488221782,0.6798633478762449,1.0964236508386085,0.10607453908459066,0.0004997501249375312,0.0032209780405085355,-1.0462901561076248,0.07918232356113446,-1.2014875102874483,-0.8910928019278013,7.315512694388511e-40,0.0006838685920197796,1.2404565003528345e-39,associated,1800-1899,America
era_region,1800-1899 | America,Big business,Small business,Big business + Small business,101593,52779,776,443.1814040488311,0.8074618376449942,0.7172604511644759,0.8903800352710162,0.04483729257399966,0.0004997501249375312,0.014702817408438963,0.3068786797334969,0.039822209890425515,0.2288271483482629,0.38493021111873094,1.295999152564882e-14,0.0006838685920197796,1.6847988983343468e-14,associated,1800-1899,America
era_region,1800-1899 | America,Big business,Academia,Big business + Academia,101593,52779,284,664.3444797832378,-1.224588252765413,-1.3892078126995082,-1.0741684183071103,0.08166632767222728,0.0004997501249375312,0.0053809280206142595,-1.708530017596917,0.06094876905577478,-1.8279896049462354,-1.5890704302475984,6.578445187594004e-173,0.0006838685920197796,2.4434224982492013e-172,dissociated,1800-1899,America
era_region,1800-1899 | America,Big business,Exploration & Invention,Big business + Exploration & Invention,101593,52779,438,240.4331028178571,0.8639442175028199,0.7437619209907239,0.9847447603055748,0.061793598817650154,0.0004997501249375312,0.008298755186721992,0.20438260204036315,0.05170096254917658,0.10304871544397705,0.3057164886367493,7.712317676763708e-05,0.0006838685920197796,8.355010816494018e-05,associated,1800-1899,America
era_region,1800-1899 | America,Big business,Culture (core),Big business + Culture (core),101593,52779,463,739.9190457195119,-0.6757726671244164,-0.7992177767477266,-0.5520982707591494,0.06301214535502932,0.0004997501249375312,0.008772428427973248,-1.6956789996978054,0.048357844199849974,-1.7904603743295113,-1.6008976250660996,2.2849595428077073e-269,0.0006838685920197796,1.3709757256846243e-268,dissociated,1800-1899,America
era_region,1800-1899 | America,Big business,Culture (periphery),Big business + Culture (periphery),101593,52779,321,478.12581527888136,-0.5740794749738662,-0.7336120014414782,-0.43080621188599283,0.07913228774023152,0.0004997501249375312,0.0060819644176661174,-0.9429263016256462,0.057979605844942286,-1.056566329081733,-0.8292862741695592,1.8046884241630304e-59,0.0006838685920197796,3.609376848326061e-59,dissociated,1800-1899,America
era_region,1800-1899 | America,Big business,Sport & Games,Big business + Sport & Games,101593,52779,554,219.0406888169872,1.3366991123603282,1.228381423006197,1.439950965096578,0.05458158502941521,0.0004997501249375312,0.010496599026127816,-0.8496118729658798,0.04490929042742753,-0.9376340822036378,-0.7615896637281219,8.046175724798706e-80,0.0006838685920197796,1.9018233531342395e-79,associated,1800-1899,America
era_region,1800-1899 | America,Small business,Academia,Small business + Academia,101593,52779,591,585.3485250744928,0.013850473837098119,-0.09786311012401755,0.11274760671478237,0.054410327383176214,0.7941029485257372,0.011197635423179675,-0.6522651562444228,0.04392482623487707,-0.7383578156647819,-0.5661724968240638,7.00074120784035e-50,0.8044159738312662,1.2410404868444258e-49,not distinguishable,1800-1899,America
era_region,1800-1899 | America,Small business,Exploration & Invention,Small business + Exploration & Invention,101593,52779,503,211.84365400226736,1.2455907845750616,1.1251410867588378,1.3596110532521446,0.05972499217276513,0.0004997501249375312,0.009530305613975255,0.6249462629714077,0.04915636039585797,0.528599796595526,0.7212927293472893,4.979705402277714e-37,0.0006838685920197796,8.092021278701285e-37,associated,1800-1899,America
era_region,1800-1899 | America,Small business,Culture (core),Small business + Culture (core),101593,52779,642,651.9366612751229,-0.022141396955078118,-0.12500328528088409,0.08007941836326335,0.05263350876277894,0.6736631684157921,0.012163928835332235,-1.0704293339955637,0.042117856446118616,-1.1529803326299561,-0.9878783353611712,1.7175049666468483e-142,0.705287356321839,5.358615495938167e-142,not distinguishable,1800-1899,America
era_region,1800-1899 | America,Small business,Culture (periphery),Small business + Culture (periphery),101593,52779,313,421.2727723196384,-0.42800052145632445,-0.5823054750905855,-0.285892337264428,0.07644249541329712,0.0004997501249375312,0.0059303889804657155,-0.7184797596088863,0.058918945367279804,-0.8339608925287547,-0.6029986266890179,3.3304633765322636e-34,0.0006838685920197796,5.3015539463166645e-34,dissociated,1800-1899,America
era_region,1800-1899 | America,Small business,Sport & Games,Small business + Sport & Games,101593,52779,164,192.99497178355182,-0.234208492604579,-0.46209172917811653,-0.030914248211536325,0.10829980066795465,0.03298350824587706,0.0031072964626082345,-1.8981003018869715,0.07946089561914439,-2.0538436573004946,-1.7423569464734485,4.15818910088003e-126,0.038980509745127435,1.247456730264009e-125,dissociated,1800-1899,America
era_region,1800-1899 | America,Academia,Exploration & Invention,Academia + Exploration & Invention,101593,52779,674,317.5610727972009,1.0845146306138915,0.9870729358838922,1.178383665751536,0.04891879616655799,0.0004997501249375312,0.01277023058413384,0.09540698991137554,0.042930415825901715,0.011263374892608188,0.1795506049301429,0.026258748783121188,0.0006838685920197796,0.027678140609235846,associated,1800-1899,America
era_region,1800-1899 | America,Academia,Culture (core),Academia + Culture (core),101593,52779,2480,977.27593741438,1.3430551503514705,1.2980387772090558,1.3856507409157643,0.02241309069956957,0.0004997501249375312,0.04698838553212452,-0.3815326240256937,0.02344599803631256,-0.4274867801768663,-0.3355784678745211,1.538909081246995e-59,0.0006838685920197796,3.1588133772964635e-59,associated,1800-1899,America
era_region,1800-1899 | America,Academia,Culture (periphery),Academia + Culture (periphery),101593,52779,661,631.5026718555539,0.06581049894871066,-0.04457721159038666,0.16978670417827896,0.05364015144061763,0.2193903048475762,0.012523920498683188,-0.7719840493352365,0.04148040421803689,-0.8532856416025888,-0.6906824570678841,2.626020859108236e-77,0.24800643156682528,6.0244007944247765e-77,not distinguishable,1800-1899,America
era_region,1800-1899 | America,Academia,Sport & Games,Academia + Sport & Games,101593,52779,286,289.30623658613,-0.01655350282456287,-0.1928397462327834,0.12911780811831816,0.08219957435217527,0.8470764617691154,0.00541882187991436,-2.189657412980266,0.060413126931316175,-2.3080671417656458,-2.071247684194886,1.2030823243176726e-287,0.8470764617691154,8.530947390616225e-287,not distinguishable,1800-1899,America
era_region,1800-1899 | America,Exploration & Invention,Culture (core),Exploration & Invention + Culture (core),101593,52779,252,353.68621715414133,-0.4882246841060908,-0.658469822301505,-0.3181095570413201,0.08598104661706224,0.0004997501249375312,0.004774626271812653,-1.5335492301805609,0.06532925013848304,-1.6615945604519877,-1.405503899909134,7.491760261526432e-122,0.0006838685920197796,2.0150251737898676e-121,dissociated,1800-1899,America
era_region,1800-1899 | America,Exploration & Invention,Culture (periphery),Exploration & Invention + Culture (periphery),101593,52779,194,228.5473146123503,-0.2358754933543166,-0.4482708925258936,-0.05313623879404007,0.0998408518792189,0.02148925537231384,0.003675704352109741,-0.6868389460148475,0.0742730143645646,-0.8324140541693941,-0.541263837860301,2.2982640404093163e-20,0.026605744746674282,3.259356275489576e-20,dissociated,1800-1899,America
era_region,1800-1899 | America,Exploration & Invention,Sport & Games,Exploration & Invention + Sport & Games,101593,52779,228,104.70290375507587,1.119019639595783,0.9355998493054772,1.2918682221566822,0.09131907097700324,0.0004997501249375312,0.004319899960211448,-1.0070250204280167,0.0686451098927281,-1.1415694358177637,-0.8724806050382696,1.0031795481315475e-48,0.0006838685920197796,1.738844550094682e-48,associated,1800-1899,America
era_region,1800-1899 | America,Culture (core),Culture (periphery),Culture (core) + Culture (periphery),101593,52779,3079,703.3412161129738,2.1293742239706708,2.094210645319639,2.1661341602960995,0.01840869445518154,0.0004997501249375312,0.0583375963925046,0.7651308943019289,0.023898746584659784,0.7182893509959958,0.8119724376078621,6.631112927439181e-225,0.0006838685920197796,3.042510637295624e-224,associated,1800-1899,America
era_region,1800-1899 | America,Culture (core),Sport & Games,Culture (core) + Sport & Games,101593,52779,332,322.2171644526303,0.04308402770332838,-0.10529349430697504,0.18459099299299583,0.07660426619859184,0.5892053973013494,0.006290380643816669,-2.548184411254266,0.05608621001554772,-2.6581133828847396,-2.4382554396237928,0.0,0.6295619313630856,0.0,not distinguishable,1800-1899,America
era_region,1800-1899 | America,Culture (periphery),Sport & Games,Culture (periphery) + Sport & Games,101593,52779,177,208.21243261950627,-0.2336975171563012,-0.44820155788365224,-0.032398184039963765,0.10464512332333455,0.02448775612193903,0.003353606548058887,-2.0524836151852566,0.07642792696814778,-2.2022823520428263,-1.9026848783276868,7.343368367369786e-159,0.029844452773613195,2.603557875703833e-158,dissociated,1800-1899,America
era_region,1800-1899 | Asia,Politics,Administration & Law,Politics + Administration & Law,13024,7598,699,318.9768586875883,1.1306126240762235,1.0618544442836135,1.1963899232500919,0.03505292314686238,0.0004997501249375312,0.09199789418267965,0.5417360860848115,0.054603984356971697,0.43471227674514695,0.648759895424476,3.367432136284908e-23,0.00139216106232598,1.250760507762966e-22,associated,1800-1899,Asia
era_region,1800-1899 | Asia,Politics,Military,Politics + Military,13024,7598,603,408.6629483836207,0.5606782627577523,0.4791022817321859,0.6366678316713986,0.04073120320198859,0.0004997501249375312,0.07936299026059489,-0.18320816688573763,0.05265780802145116,-0.2864174706077819,-0.07999886316369335,0.0005028731444381709,0.00139216106232598,0.0006648153434945309,associated,1800-1899,Asia
era_region,1800-1899 | Asia,Politics,Religion,Politics + Religion,13024,7598,171,198.193779987047,-0.21233813402393487,-0.4069890854723256,-0.03165241444345775,0.09492038274648296,0.027486256871564217,0.022505922611213477,-1.2574072695793042,0.08435947953881877,-1.422751849475389,-1.0920626896832193,3.0423045111830827e-50,0.038980509745127435,2.6366639096920047e-49,dissociated,1800-1899,Asia
era_region,1800-1899 | Asia,Politics,Nobility,Politics + Nobility,13024,7598,239,316.97783341286987,-0.40663020917776316,-0.5640085082103007,-0.25900002633665425,0.07759513658086592,0.0004997501249375312,0.03145564622269018,-0.9288338016283252,0.07381106737267741,-1.0735034936787728,-0.7841641095778775,2.5880401437119008e-36,0.00139216106232598,1.8351557382684386e-35,dissociated,1800-1899,Asia
era_region,1800-1899 | Asia,Politics,Kinship,Politics + Kinship,13024,7598,170,237.13138120394885,-0.4789536293715987,-0.6817668706078553,-0.30536922163360863,0.09624266363744706,0.0004997501249375312,0.022374309028691763,-0.9327861739718162,0.08636685076565317,-1.1020652014724963,-0.7635071464711359,3.431553756815554e-27,0.00139216106232598,1.574477606068313e-26,dissociated,1800-1899,Asia
era_region,1800-1899 | Asia,Politics,Big business,Politics + Big business,13024,7598,207,134.48884644368377,0.6202711280363481,0.46698595123666825,0.7594196480787508,0.07497265985005304,0.0004997501249375312,0.027244011581995263,-0.2285954021386903,0.08444241776035905,-0.39410254094899405,-0.06308826332838657,0.006787058148847806,0.00139216106232598,0.008021068721365588,associated,1800-1899,Asia
era_region,1800-1899 | Asia,Politics,Small business,Politics + Small business,13024,7598,99,136.3026061073774,-0.4593272832441896,-0.7362341001375503,-0.2331809086637046,0.12845377205741476,0.0009995002498750624,0.013029744669649908,-0.9210365307706804,0.11173322293617687,-1.140033647725587,-0.7020394138157737,1.6769975705146593e-16,0.0025987006496751624,4.671636089290837e-16,dissociated,1800-1899,Asia
era_region,1800-1899 | Asia,Politics,Academia,Politics + Academia,13024,7598,446,549.9196233063652,-0.3018717299081156,-0.4126560588958441,-0.19631071511952577,0.05499639618948663,0.0004997501249375312,0.058699657804685446,-1.1318570504056775,0.05560833605899482,-1.2408493890813073,-1.0228647117300478,4.271118789476414e-92,0.00139216106232598,1.1104908852638675e-90,dissociated,1800-1899,Asia
era_region,1800-1899 | Asia,Politics,Exploration & Invention,Politics + Exploration & Invention,13024,7598,32,55.524955456873975,-0.7856298785678462,-1.2731030575817464,-0.39398580386641346,0.23414658168998498,0.0029985007496251873,0.0042116346406949196,-1.3194996582995508,0.18796222473748245,-1.6879056187850163,-0.9510936978140853,2.2182735438646488e-12,0.005704464840750356,4.676360443822773e-12,dissociated,1800-1899,Asia
era_region,1800-1899 | Asia,Politics,Culture (core),Politics + Culture (core),13024,7598,311,568.7383668924188,-0.8698007401119923,-1.0138772778990877,-0.7397023385528039,0.07105169349902814,0.0004997501249375312,0.04093182416425375,-1.994788159747871,0.0629055770165179,-2.118083090700246,-1.871493228795496,1.1017042265190822e-220,0.00139216106232598,8.593292966848841e-219,dissociated,1800-1899,Asia
era_region,1800-1899 | Asia,Politics,Culture (periphery),Politics + Culture (periphery),13024,7598,190,203.82252257688256,-0.10105724413540684,-0.2817196523194088,0.05948491619233241,0.0890679299747076,0.2543728135932034,0.025006580679126086,-0.6156289984423248,0.08420636123884591,-0.7806734664704628,-0.4505845304141868,2.6524846903984666e-13,0.2834439922895695,6.085111936796482e-13,not distinguishable,1800-1899,Asia
era_region,1800-1899 | Asia,Politics,Sport & Games,Politics + Sport & Games,13024,7598,23,61.26027734329535,-1.3940184744572082,-2.070248445075623,-0.8958108647856342,0.28867978468769834,0.0004997501249375312,0.0030271123979994734,-2.3597007567439707,0.21219571915737773,-2.775604366292431,-1.9437971471955104,9.982616510449205e-29,0.00139216106232598,4.8665255488439875e-28,dissociated,1800-1899,Asia
era_region,1800-1899 | Asia,Administration & Law,Military,Administration & Law + Military,13024,7598,90,127.68274712047977,-0.5022123967952892,-0.7898951121237855,-0.2496555783736133,0.1398985804742192,0.0014992503748125937,0.011845222426954462,-1.1896408788980863,0.11114028870410542,-1.407475844758133,-0.9718059130380398,9.752259350753597e-27,0.003543682704102494,4.2259790519932254e-26,dissociated,1800-1899,Asia
era_region,1800-1899 | Asia,Administration & Law,Religion,Administration & Law + Religion,13024,7598,37,61.92371094817951,-0.7352035291493701,-1.2479467822540615,-0.3446747777716802,0.2334567036277183,0.006496751624187906,0.004869702553303501,-1.5893658710692593,0.16802393200383,-1.9186927777967662,-1.2600389643417524,3.1041601015094844e-21,0.010341767891564421,1.0088520329905823e-20,dissociated,1800-1899,Asia
era_region,1800-1899 | Asia,Administration & Law,Nobility,Administration & Law + Nobility,13024,7598,33,99.03662836705354,-1.5710664234465868,-2.131834843176241,-1.1771803622133956,0.24300617377798184,0.0004997501249375312,0.004343248223216636,-1.7869335828787947,0.1770817388073111,-2.1340137909411245,-1.4398533748164648,6.054338365458487e-24,0.00139216106232598,2.3611919625288103e-23,dissociated,1800-1899,Asia
era_region,1800-1899 | Asia,Administration & Law,Kinship,Administration & Law + Kinship,13024,7598,41,74.08938417429435,-0.8458589791560747,-1.3253426220403375,-0.459819247709917,0.21464261234224075,0.0004997501249375312,0.005396156883390366,-1.1948752040092134,0.16095356238038266,-1.5103441862747635,-0.8794062217436633,1.138702958094552e-13,0.00139216106232598,2.7755884603554706e-13,dissociated,1800-1899,Asia
era_region,1800-1899 | Asia,Administration & Law,Big business,Administration & Law + Big business,13024,7598,46,42.019726620467374,0.129098395093982,-0.2957729878713738,0.4809947519766692,0.19785394189500233,0.5177411294352824,0.006054224795998947,-0.7169486341165539,0.15406983271573324,-1.018925506239391,-0.4149717619937167,3.2650521836842304e-06,0.5384507746126936,4.897578275526346e-06,not distinguishable,1800-1899,Asia
era_region,1800-1899 | Asia,Administration & Law,Small business,Administration & Law + Small business,13024,7598,18,42.58641811376938,-1.219707897692952,-2.020586827618223,-0.6797420261756726,0.343272156734747,0.0034982508745627187,0.0023690444853908922,-1.4649397868204672,0.23784149029922827,-1.9311091078069547,-0.9987704658339798,7.306196529285342e-10,0.006345664377113769,1.3253100681029224e-09,dissociated,1800-1899,Asia
era_region,1800-1899 | Asia,Administration & Law,Academia,Administration & Law + Academia,13024,7598,132,171.8170156529668,-0.3790728095949877,-0.6111127137959994,-0.16731491887821903,0.11361724178539459,0.0024987506246876563,0.017372992892866545,-1.1499576931085098,0.09350366888143447,-1.3332248841161214,-0.9666905021008982,9.22372892971583e-35,0.00487256371814093,5.534237357829498e-34,dissociated,1800-1899,Asia
era_region,1800-1899 | Asia,Administration & Law,Exploration & Invention,Administration & Law + Exploration & Invention,13024,7598,9,17.348230062248764,-0.9097815964812644,-2.079049869368161,-0.17639874015664325,0.49222703203946994,0.05897051474262868,0.0011845222426954461,-1.3400750901898983,0.3314098282737781,-1.9896383536065034,-0.6905118267732934,5.264597065744374e-05,0.07418871209556512,7.332831627286806e-05,not distinguishable,1800-1899,Asia
era_region,1800-1899 | Asia,Administration & Law,Culture (core),Administration & Law + Culture (core),13024,7598,79,177.69674829799155,-1.1644442455524264,-1.4914299886785547,-0.8854264806630224,0.15405790748759587,0.0004997501249375312,0.010397473019215583,-2.0548834560701663,0.11692052909768992,-2.2840476931016385,-1.8257192190386942,3.82592674411276e-69,0.00139216106232598,5.968445720815905e-68,dissociated,1800-1899,Asia
era_region,1800-1899 | Asia,Administration & Law,Culture (periphery),Administration & Law + Culture (periphery),13024,7598,22,63.682356598701254,-1.5122517609234707,-2.1917776179194286,-1.0140740977264135,0.3021574874784607,0.0004997501249375312,0.002895498815477757,-1.700468853577689,0.21533238340472602,-2.122520325050952,-1.278417382104426,2.8581320811913825e-15,0.00139216106232598,7.431143411097595e-15,dissociated,1800-1899,Asia
era_region,1800-1899 | Asia,Administration & Law,Sport & Games,Administration & Law + Sport & Games,13024,7598,10,19.140175373109358,-0.9034184840822658,-2.012682186743009,-0.20123071449061702,0.4630835784180209,0.05297351324337831,0.0013161358252171624,-1.8800738518123459,0.31310518722074615,-2.493760018765008,-1.2663876848596836,1.9179494156993473e-09,0.06773662349153292,3.3244456538788686e-09,not distinguishable,1800-1899,Asia
era_region,1800-1899 | Asia,Military,Religion,Military + Religion,13024,7598,21,79.3346777413819,-1.8926788853587726,-2.6150284975221068,-1.375106693894728,0.3131042455801579,0.0004997501249375312,0.002763885232956041,-2.4648352542452527,0.2189092775496605,-2.8938974382425875,-2.035773070247918,2.0765245035213074e-29,0.00139216106232598,1.0797927418310798e-28,dissociated,1800-1899,Asia
era_region,1800-1899 | Asia,Military,Nobility,Military + Nobility,13024,7598,480,126.88256042452478,1.9153686550630944,1.8278258796912639,2.0050630810416163,0.045515274490888276,0.0004997501249375312,0.0631745196104238,1.2948653427467307,0.06307778233058382,1.1712328893787864,1.418497796114675,1.2087321089837546e-93,0.00139216106232598,4.714055225036643e-92,associated,1800-1899,Asia
era_region,1800-1899 | Asia,Military,Kinship,Military + Kinship,13024,7598,68,94.92094914085385,-0.47820204863673643,-0.8465928318438537,-0.19470352614975,0.16560224725440598,0.00849575212393803,0.008949723611476704,-0.9440890662660248,0.1276870538467232,-1.1943556918056024,-0.6938224407264474,1.4272019048576593e-13,0.01325337331334333,3.3733863205726494e-13,dissociated,1800-1899,Asia
era_region,1800-1899 | Asia,Military,Big business,Military + Big business,13024,7598,27,53.83432968036213,-0.9824323954160242,-1.5452574888484698,-0.5240748834454275,0.26489171721405885,0.004497751124437781,0.0035535667280863384,-1.5769965188879163,0.19597737620500338,-1.9611121762497228,-1.1928808615261097,8.496646910472032e-16,0.007626621471872758,2.2853050310924775e-15,dissociated,1800-1899,Asia
era_region,1800-1899 | Asia,Military,Small business,Military + Small business,13024,7598,29,54.56035669507901,-0.9002990016368873,-1.50364033443794,-0.4773005498100471,0.2637266447251372,0.004497751124437781,0.003816793893129771,-1.2630117298465673,0.1905577913373722,-1.6365050008678168,-0.8895184588253178,3.403297070194381e-11,0.007626621471872758,6.636429286879043e-11,dissociated,1800-1899,Asia
era_region,1800-1899 | Asia,Military,Academia,Military + Academia,13024,7598,73,220.12646462226968,-1.5857897006423898,-1.9313314420150463,-1.304585337729043,0.16086104475253668,0.0004997501249375312,0.009607791524085285,-2.1178674032998837,0.12091242812593418,-2.354855762426715,-1.8808790441730527,1.0871507677316711e-68,0.00139216106232598,1.4132959980511725e-67,dissociated,1800-1899,Asia
era_region,1800-1899 | Asia,Military,Exploration & Invention,Military + Exploration & Invention,13024,7598,23,22.225997445851096,0.04831714098020679,-0.6484603047977475,0.5214747479173591,0.2921699113594262,0.8600699650174912,0.0030271123979994734,-0.6594214285757832,0.21727053250419706,-1.0852716722840094,-0.233571184867557,0.002405160038796307,0.8712397048229132,0.002931288797282999,not distinguishable,1800-1899,Asia
era_region,1800-1899 | Asia,Military,Culture (core),Military + Culture (core),13024,7598,56,227.65939001475593,-2.0137192572068905,-2.441767243844765,-1.6834246783000943,0.19424980639219902,0.0004997501249375312,0.007370360621216109,-2.732825609715403,0.13651814146252442,-3.000401166981951,-2.465250052448855,3.8351410775266144e-89,0.00139216106232598,7.478525101176898e-88,dissociated,1800-1899,Asia
era_region,1800-1899 | Asia,Military,Culture (periphery),Military + Culture (periphery),13024,7598,13,81.58779829583612,-2.604208385417333,-3.5499058293718067,-2.008258406357081,0.40652674379416737,0.0004997501249375312,0.001710976572782311,-2.5200169877439844,0.27539767175789726,-3.059796424389463,-1.9802375510985057,5.668856210341037e-20,0.00139216106232598,1.7686831376264033e-19,dissociated,1800-1899,Asia
era_region,1800-1899 | Asia,Military,Sport & Games,Military + Sport & Games,13024,7598,39,24.52178045999045,0.6586682031381973,0.2061988193030211,1.037702228979849,0.21280618518583605,0.0034982508745627187,0.005132929718346934,-0.7656594345765998,0.16767311048646058,-1.0942987311300625,-0.43702013802313705,4.96214704665654e-06,0.006345664377113769,7.167545734059447e-06,associated,1800-1899,Asia
era_region,1800-1899 | Asia,Religion,Nobility,Religion + Nobility,13024,7598,26,61.535635575567575,-1.227104831614811,-1.8458354105816976,-0.7706978449208355,0.2744931504220871,0.0004997501249375312,0.003421953145564622,-1.782787206879892,0.19847523316571197,-2.1717986638846876,-1.3937757498750964,2.6488401110410673e-19,0.00139216106232598,7.946520333123201e-19,dissociated,1800-1899,Asia
era_region,1800-1899 | Asia,Religion,Kinship,Religion + Kinship,13024,7598,60,46.03486023040225,0.37862326833487003,0.028272190972460805,0.6947349413702401,0.17308709414617499,0.025987006496751622,0.007896814951302974,-0.529754163216853,0.13613629975638175,-0.7965813107393612,-0.26292701569434473,9.968748765708008e-05,0.03753678716197456,0.0001340624834009008,associated,1800-1899,Asia
era_region,1800-1899 | Asia,Religion,Big business,Religion + Big business,13024,7598,13,26.108628968251942,-0.9789347689366574,-1.8886231155218933,-0.3490680333905955,0.4003637881274474,0.020989505247376312,0.001710976572782311,-1.7806436560696741,0.27636391202311844,-2.322316923634986,-1.2389703885043621,1.1704820149599323e-10,0.030890215269723627,2.2267706626067005e-10,dissociated,1800-1899,Asia
era_region,1800-1899 | Asia,Religion,Small business,Religion + Small business,13024,7598,38,26.4607383018448,0.5139984415049077,-0.009797335603135017,0.9013042925629722,0.22930145972879853,0.033483258370814596,0.005001316135825217,-0.43213022751958813,0.16947510316441144,-0.7643014297218346,-0.09995902531734169,0.010777997231054944,0.04581919566532524,0.012362996823857142,associated,1800-1899,Asia
era_region,1800-1899 | Asia,Religion,Academia,Religion + Academia,13024,7598,232,106.75716081243155,1.1161567465963977,0.9569269260876556,1.2587509087323423,0.07765495739355854,0.0004997501249375312,0.030534351145038167,-0.17343521138321966,0.076025607665505,-0.32244540240760944,-0.024425020358829874,0.02253226214375439,0.00139216106232598,0.02547125285815714,associated,1800-1899,Asia
era_region,1800-1899 | Asia,Religion,Exploration & Invention,Religion + Exploration & Invention,13024,7598,8,10.779187262263282,-0.40812836969416033,-1.6697842872704345,0.3232876592072376,0.5142155675536211,0.38580709645177413,0.0010529086601737299,-1.2123946418470888,0.34979132697145227,-1.8979856427111352,-0.5268036409830423,0.0005281627292028632,0.4122322400443614,0.0006866115479637222,not distinguishable,1800-1899,Asia
era_region,1800-1899 | Asia,Religion,Culture (core),Religion + Culture (core),13024,7598,141,110.41048677164176,0.3514062718841915,0.1257210924510991,0.5546847399039925,0.10802369899268548,0.0024987506246876563,0.01855751513556199,-1.1335164347541813,0.09153060047204813,-1.3129164116793957,-0.9541164578289669,3.1897253654961687e-35,0.00487256371814093,2.0733214875725097e-34,associated,1800-1899,Asia
era_region,1800-1899 | Asia,Religion,Culture (periphery),Religion + Culture (periphery),13024,7598,16,39.56853492353607,-1.280003735180556,-2.1472476301596934,-0.7172790293805696,0.3723846766754887,0.005497251374312844,0.0021058173203474598,-1.775947980653331,0.25034592688858204,-2.266625997354952,-1.28526996395171,1.3031280118455907e-12,0.009123098025455358,2.8234440256654464e-12,dissociated,1800-1899,Asia
era_region,1800-1899 | Asia,Religion,Sport & Games,Religion + Sport & Games,13024,7598,16,11.892598486358908,0.41298730024287966,-0.41282233695377124,0.9712435920570919,0.3545016227145422,0.2223888055972014,0.0021058173203474598,-1.1659858080051455,0.2521616916915434,-1.6602227237205707,-0.6717488922897205,3.7648082562635867e-06,0.2550930417144369,5.540661207331317e-06,not distinguishable,1800-1899,Asia
era_region,1800-1899 | Asia,Nobility,Kinship,Nobility + Kinship,13024,7598,266,73.625066630501,1.8461021313841652,1.7181769436028596,1.980831691890638,0.06600471718105187,0.0004997501249375312,0.03500921295077652,1.3179860939995347,0.07845360994662676,1.1642170185041463,1.4717551694949231,2.458628066541369e-63,0.00139216106232598,2.739614131288954e-62,associated,1800-1899,Asia
era_region,1800-1899 | Asia,Nobility,Big business,Nobility + Big business,13024,7598,13,41.75638934924124,-1.6462100923562974,-2.579444938597176,-1.0120069844537063,0.3998851595843169,0.0014992503748125937,0.001710976572782311,-1.8574278415719323,0.27626924433835653,-2.3989155604751113,-1.3159401226687535,1.777124306390999e-11,0.003543682704102494,3.554248612781998e-11,dissociated,1800-1899,Asia
era_region,1800-1899 | Asia,Nobility,Small business,Nobility + Small business,13024,7598,20,42.31952939174917,-1.0626450301328079,-1.7543317917815533,-0.5499772008245589,0.30727615565598165,0.0024987506246876563,0.0026322716504343247,-1.1882308129683976,0.22672563206870847,-1.6326130518230662,-0.7438485741137291,1.5985471703328993e-07,0.00487256371814093,2.4937335857193234e-07,dissociated,1800-1899,Asia
era_region,1800-1899 | Asia,Nobility,Academia,Nobility + Academia,13024,7598,49,170.74023986951298,-1.7905213312390724,-2.2042065701031732,-1.441046455671432,0.19815947268897846,0.0004997501249375312,0.006449065543564096,-2.0550196868180395,0.14647366953519494,-2.3421080791070215,-1.7679312945290575,1.0220957982787592e-44,0.00139216106232598,7.972347226574322e-44,dissociated,1800-1899,Asia
era_region,1800-1899 | Asia,Nobility,Exploration & Invention,Nobility + Exploration & Invention,13024,7598,5,17.23950885122188,-1.6894625429513002,-3.518178869314743,-0.7799647112001767,0.6911645652283825,0.03948025987006497,0.0006580679126085812,-1.7378149888381558,0.43177323502309534,-2.5840905294834227,-0.8915394481928889,5.7015860787509016e-05,0.053094142583880476,7.802170423553865e-05,not distinguishable,1800-1899,Asia
era_region,1800-1899 | Asia,Nobility,Culture (core),Nobility + Culture (core),13024,7598,64,176.5831242797963,-1.4570556666112395,-1.8228371924302558,-1.1463566576445554,0.1729847107829973,0.0004997501249375312,0.008423269281389839,-2.099802430974217,0.1292110622773662,-2.353056113037855,-1.8465487489105794,2.199321187116184e-59,0.00139216106232598,2.1443381574382795e-58,dissociated,1800-1899,Asia
era_region,1800-1899 | Asia,Nobility,Culture (periphery),Nobility + Culture (periphery),13024,7598,6,63.28325980867637,-3.2946662088869676,-4.712317095405959,-2.4688195873509176,0.6273336261348804,0.004497751124437781,0.0007896814951302974,-2.8046060188169397,0.3947677008559139,-3.578350712494531,-2.0308613251393486,1.2080568781259846e-12,0.007626621471872758,2.6922410426807655e-12,dissociated,1800-1899,Asia
era_region,1800-1899 | Asia,Nobility,Sport & Games,Nobility + Sport & Games,13024,7598,8,19.020224055979913,-1.199434866097042,-2.463418264318009,-0.44376541788652,0.5143895881061348,0.03298350824587706,0.0010529086601737299,-1.9293181326447904,0.3471817634520451,-2.6097943890107986,-1.248841876278782,2.743191737320799e-08,0.04581919566532524,4.457686573146299e-08,dissociated,1800-1899,Asia
era_region,1800-1899 | Asia,Kinship,Big business,Kinship + Big business,13024,7598,41,31.237989653296076,0.38690058853455134,-0.06143885743234844,0.7510891085382859,0.20944505110134484,0.06046976511744128,0.005396156883390366,-0.30727444535129833,0.16345016319339253,-0.6276367652103476,0.013087874507751007,0.06011796884915632,0.07486732824064159,0.06512779958658602,not distinguishable,1800-1899,Asia
era_region,1800-1899 | Asia,Kinship,Small business,Kinship + Small business,13024,7598,10,31.6592751881657,-1.6148455632578214,-2.7599138775082275,-0.9330536811223402,0.4595867041882551,0.005997001499250375,0.0013161358252171624,-1.5295286299338786,0.31321604531021524,-2.1434320787419003,-0.9156251811258568,1.0432375101645215e-06,0.009745127436281859,1.5955397214280917e-06,dissociated,1800-1899,Asia
era_region,1800-1899 | Asia,Kinship,Academia,Kinship + Academia,13024,7598,92,127.73091566505505,-0.4712188578267123,-0.759922537257901,-0.22139075300893896,0.13912645135751778,0.0014992503748125937,0.012108449591997894,-0.9892448011929672,0.11143823633326223,-1.207663744406161,-0.7708258579797732,6.864584109439236e-19,0.003543682704102494,1.9831020760602236e-18,dissociated,1800-1899,Asia
era_region,1800-1899 | Asia,Kinship,Exploration & Invention,Kinship + Exploration & Invention,13024,7598,4,12.896890931307519,-1.5739013211116273,-3.2762539046453343,-0.5899672569463317,0.7804384224802257,0.05247376311844078,0.0005264543300868649,-1.5918237087140124,0.476543293375639,-2.525848563730265,-0.6577988536977599,0.0008367140094887007,0.06773662349153292,0.0010526402054857847,not distinguishable,1800-1899,Asia
era_region,1800-1899 | Asia,Kinship,Culture (core),Kinship + Culture (core),13024,7598,129,132.10198235923878,-0.03415024555123044,-0.27271096326825855,0.17058366996240143,0.11451693906773582,0.7726136931534233,0.016978152145301396,-0.9220281398936802,0.09647188273158869,-1.111113030047594,-0.7329432497397663,1.2065820912776582e-21,0.7929456324469344,4.091887092159014e-21,not distinguishable,1800-1899,Asia
era_region,1800-1899 | Asia,Kinship,Culture (periphery),Kinship + Culture (periphery),13024,7598,18,47.342259374880584,-1.3707602524057736,-2.147285642889844,-0.8264672208375573,0.3388116276517917,0.001999000499750125,0.0023690444853908922,-1.3776486670964145,0.23739256889557234,-1.8429381021317364,-0.9123592320610927,6.504130678816832e-09,0.004331167749458604,1.0794089211653465e-08,dissociated,1800-1899,Asia
era_region,1800-1899 | Asia,Kinship,Sport & Games,Kinship + Sport & Games,13024,7598,24,14.229045459239881,0.7341178121224476,0.13034828654289468,1.177312612912723,0.27343479430101925,0.012993503248375811,0.0031587259805211897,-0.46636278921763796,0.20992683522066022,-0.877819386250132,-0.05490619218514392,0.026313787394890688,0.019490254872563714,0.029321077382878195,associated,1800-1899,Asia
era_region,1800-1899 | Asia,Big business,Small business,Big business + Small business,13024,7598,33,17.955529030708657,0.8601080023087146,0.331653485184642,1.2722131427091161,0.24263125800253002,0.001999000499750125,0.004343248223216636,0.04536776141884147,0.18225484310677406,-0.3118517310704357,0.4025872539081186,0.8034189044575306,0.004331167749458604,0.8138529162037322,associated,1800-1899,Asia
era_region,1800-1899 | Asia,Big business,Academia,Big business + Academia,13024,7598,37,72.44247225218223,-0.9598685024137237,-1.4877635821513124,-0.5755035382705829,0.22812309593359617,0.0004997501249375312,0.004869702553303501,-1.6241001062638645,0.1691355052033357,-1.9556056964624025,-1.2925945160653265,7.81341040900708e-22,0.00139216106232598,2.770209145011601e-21,dissociated,1800-1899,Asia
era_region,1800-1899 | Asia,Big business,Exploration & Invention,Big business + Exploration & Invention,13024,7598,37,7.314459921986365,2.262672522299287,1.8056310518147938,2.623267802293953,0.2098675345891665,0.0004997501249375312,0.004869702553303501,1.0469094695326469,0.18031536986879906,0.6934913445898008,1.400327594475493,6.398628267321644e-09,0.00139216106232598,1.0794089211653465e-08,associated,1800-1899,Asia
era_region,1800-1899 | Asia,Big business,Culture (core),Big business + Culture (core),13024,7598,44,74.92151873875237,-0.7611708657769112,-1.1938341624127904,-0.3990303645735476,0.2058948340903994,0.001999000499750125,0.005790997630955514,-1.760433889444182,0.15606469440371717,-2.0663206904754676,-1.4545470884128964,1.6445660189220255e-29,0.004331167749458604,9.162582105422713e-29,dissociated,1800-1899,Asia
era_region,1800-1899 | Asia,Big business,Culture (periphery),Big business + Culture (periphery),13024,7598,26,26.85011919991016,-0.04555476104746189,-0.6929188692038114,0.4231371126150186,0.2811509284946062,0.8735632183908046,0.003421953145564622,-0.6543100890703659,0.20112513862839831,-1.0485153607820266,-0.2601048173587052,0.0011409360583067895,0.8735632183908046,0.0014125875007607869,not distinguishable,1800-1899,Asia
era_region,1800-1899 | Asia,Big business,Sport & Games,Big business + Sport & Games,13024,7598,13,8.069990146778771,0.65559395654233,-0.2077889466996687,1.2564290661218966,0.37939381493749125,0.08045977011494253,0.001710976572782311,-0.7581098198914755,0.2786555618663824,-1.3042747211495849,-0.21194491863336606,0.006516391396860715,0.09655172413793103,0.00781966967623286,not distinguishable,1800-1899,Asia
era_region,1800-1899 | Asia,Small business,Academia,Small business + Academia,13024,7598,102,73.41945463833326,0.47159789171522876,0.2017659363797161,0.698106813918448,0.12748312855360017,0.0009995002498750624,0.013424585417215057,-0.21637648939518592,0.1110412907688972,-0.4340174193022244,0.0012644405118525937,0.05134167281810653,0.0025987006496751624,0.05640352788468042,associated,1800-1899,Asia
era_region,1800-1899 | Asia,Small business,Exploration & Invention,Small business + Exploration & Invention,13024,7598,13,7.413105071521183,0.770643588468249,-0.13817632204085825,1.3656837777404647,0.38873492595760795,0.050974512743628186,0.001710976572782311,0.12256843470013333,0.28251879342672515,-0.43116840041624793,0.6763052698165146,0.664403395145667,0.06739003379666099,0.6818876950179215,not distinguishable,1800-1899,Asia
era_region,1800-1899 | Asia,Small business,Culture (core),Small business + Culture (core),13024,7598,154,75.9319343399295,1.015359390464816,0.8133080901250656,1.193945913115853,0.09695368040501559,0.0004997501249375312,0.0202684917083443,0.0061358406375287946,0.09607277260957113,-0.18216679367723063,0.1944384749522882,0.9490764531164325,0.00139216106232598,0.9490764531164325,associated,1800-1899,Asia
era_region,1800-1899 | Asia,Small business,Culture (periphery),Small business + Culture (periphery),13024,7598,23,27.212228508287307,-0.23786197454800348,-0.9047687700192216,0.2685985415741868,0.299549696437157,0.4257871064467766,0.0030271123979994734,-0.5464033388182103,0.21358194976684478,-0.9650239603612261,-0.12778271727519458,0.010519006941153578,0.44880262571416996,0.012246008080745958,not distinguishable,1800-1899,Asia
era_region,1800-1899 | Asia,Small business,Sport & Games,Small business + Sport & Games,13024,7598,5,8.178824618942686,-0.6580680517693742,-2.50186835744697,0.2904836277655925,0.7029122163593089,0.2688655672163918,0.0006580679126085812,-1.4549288953714208,0.4309087440632643,-2.2995100337354186,-0.6103477570074228,0.0007343572832170162,0.2953734400405431,0.0009390142309988076,not distinguishable,1800-1899,Asia
era_region,1800-1899 | Asia,Academia,Exploration & Invention,Academia + Exploration & Invention,13024,7598,51,29.908540011699653,0.7600958815780691,0.3820968513567255,1.0722785330503122,0.1742668723926224,0.0004997501249375312,0.0067122927086075285,-0.11400147699499996,0.15642378980883542,-0.4205921050203174,0.19258915103031748,0.46612471955876544,0.00139216106232598,0.49132065034572575,associated,1800-1899,Asia
era_region,1800-1899 | Asia,Academia,Culture (core),Academia + Culture (core),13024,7598,610,306.3511544030383,0.9924522841719764,0.9109574611645666,1.0721949438636849,0.042340079431790134,0.0004997501249375312,0.08028428533824691,-0.2708186001879533,0.05097922456680176,-0.3707378803388847,-0.17089932003702185,1.082307916947967e-07,0.00139216106232598,1.7228575004477843e-07,associated,1800-1899,Asia
era_region,1800-1899 | Asia,Academia,Culture (periphery),Academia + Culture (periphery),13024,7598,101,109.78908531517895,-0.11981029524311959,-0.4022327423968107,0.11324778460577063,0.1299234225490961,0.3523238380809595,0.013292971834693341,-0.7274756780213077,0.10790726854526678,-0.9389739243700306,-0.5159774316725849,1.565715666858983e-11,0.3816841579210395,3.213837421447386e-11,not distinguishable,1800-1899,Asia
era_region,1800-1899 | Asia,Academia,Sport & Games,Academia + Sport & Games,13024,7598,47,32.99787349623061,0.5038579997781961,0.09385494162452224,0.8221692667384521,0.18625599231246162,0.008995502248875561,0.0061858383785206635,-0.9361997287709974,0.15415341347988923,-1.2383404191915803,-0.6340590383504145,1.2541036489420389e-09,0.013757826968868505,2.223183741306342e-09,associated,1800-1899,Asia
era_region,1800-1899 | Asia,Exploration & Invention,Culture (core),Exploration & Invention + Culture (core),13024,7598,23,30.93203712229437,-0.419575019991397,-1.0235259845734526,0.025170675514632986,0.27422723712237024,0.11594202898550725,0.0030271123979994734,-1.3483204148020589,0.2168157978547775,-1.7732793785974228,-0.923361451006695,5.011726611744772e-10,0.1370223978919631,9.307492278954578e-10,not distinguishable,1800-1899,Asia
era_region,1800-1899 | Asia,Exploration & Invention,Culture (periphery),Exploration & Invention + Culture (periphery),13024,7598,15,11.085318314564114,0.4199705317167874,-0.43385432042311495,0.9936926013991388,0.3613068110730475,0.22638680659670166,0.0019742037378257435,-0.16204626772048494,0.264012180684037,-0.6795101418611974,0.35541760642022757,0.5393585336456559,0.2559155205006193,0.5609328749914821,not distinguishable,1800-1899,Asia
era_region,1800-1899 | Asia,Exploration & Invention,Sport & Games,Exploration & Invention + Sport & Games,13024,7598,6,3.331769550309407,0.7624289207995748,-0.6881405002635366,1.6316266627079503,0.6305577810460993,0.18490754622688654,0.0007896814951302974,-0.4788818945986046,0.3997121706528572,-1.2623177490782047,0.3045539598809955,0.23089099944683988,0.2152655015775694,0.24670545146374673,not distinguishable,1800-1899,Asia
era_region,1800-1899 | Asia,Culture (core),Culture (periphery),Culture (core) + Culture (periphery),13024,7598,365,113.5461664549125,1.6802534534289255,1.573520559244184,1.7838584788780976,0.053824270561051483,0.0004997501249375312,0.048038957620426426,0.7610736060215102,0.07183685381944997,0.6202733725353883,0.9018738395076321,3.16116566644086e-26,0.00139216106232598,1.2977416946441425e-25,associated,1800-1899,Asia
era_region,1800-1899 | Asia,Culture (core),Sport & Games,Culture (core) + Sport & Games,13024,7598,53,34.12709037428452,0.6276377248549563,0.23888050854206583,0.9351936120085593,0.17872351537856734,0.0024987506246876563,0.006975519873650961,-1.12077946884418,0.1461525400649907,-1.4072384473715616,-0.8343204903167981,1.7393849300182666e-14,0.00487256371814093,4.376516920691122e-14,associated,1800-1899,Asia
era_region,1800-1899 | Asia,Culture (periphery),Sport & Games,Culture (periphery) + Sport & Games,13024,7598,5,12.230350637856079,-1.210768632844358,-3.0430567451834505,-0.28665487658494754,0.7149950380612986,0.06296851574212893,0.0006580679126085812,-1.8838233363227161,0.4302397051014529,-2.727093158321564,-1.0405535143238684,1.1947500413556283e-05,0.07674287856071964,1.6943727859225274e-05,not distinguishable,1800-1899,Asia
era_region,1800-1899 | Europe,Politics,Administration & Law,Politics + Administration & Law,264531,119221,10675,3663.7128389468035,1.5427284306407751,1.5245697505459745,1.56012316903575,0.00909785993640067,0.0004997501249375312,0.08953959453451993,1.1500707936647394,0.014189837444889572,1.1222587122727559,1.177882875056723,0.0,0.000533979585549691,0.0,associated,1800-1899,Europe
era_region,1800-1899 | Europe,Politics,Military,Politics + Military,264531,119221,4751,2828.1699154480107,0.7482591945602297,0.71623902315052,0.7803333929497122,0.01622035347058261,0.0004997501249375312,0.039850361932880954,-0.26753865028330265,0.016893802664269184,-0.30065050350527023,-0.23442679706133504,1.742628010963031e-56,0.000533979585549691,2.3038133026290917e-56,associated,1800-1899,Europe
era_region,1800-1899 | Europe,Politics,Religion,Politics + Religion,264531,119221,1402,1890.1677207718799,-0.43089506536914035,-0.5037920922379544,-0.36597663775788053,0.03521565732811379,0.0004997501249375312,0.011759673211934139,-1.2240256290103768,0.02836828963511887,-1.2796274766952098,-1.1684237813255438,0.0,0.000533979585549691,0.0,dissociated,1800-1899,Europe
era_region,1800-1899 | Europe,Politics,Nobility,Politics + Nobility,264531,119221,1552,1191.3685633615685,0.3813681211034628,0.32123448700827106,0.4447337618541677,0.03142256573342286,0.0004997501249375312,0.013017840816634653,-0.13198271064405884,0.029085291296062358,-0.18898988158434105,-0.07497553970377661,5.684898872905665e-06,0.000533979585549691,6.158640445647804e-06,associated,1800-1899,Europe
era_region,1800-1899 | Europe,Politics,Kinship,Politics + Kinship,264531,119221,1155,1776.8305013507627,-0.6211947211246052,-0.6958687628749732,-0.5483442801549936,0.0384787499469986,0.0004997501249375312,0.009687890556193958,-0.8664957221022022,0.031709686071542724,-0.9286467068024259,-0.8043447374019784,2.088777265024048e-164,0.000533979585549691,4.654989333482164e-164,dissociated,1800-1899,Europe
era_region,1800-1899 | Europe,Politics,Big business,Politics + Big business,264531,119221,3699,2066.449280462569,0.8398273109451209,0.80318235038577,0.8752860776300511,0.018354557490928194,0.0004997501249375312,0.03102641313191468,0.14951818715764967,0.01978575050031322,0.11073811617703576,0.18829825813826356,4.129094683275208e-14,0.000533979585549691,4.736314489639209e-14,associated,1800-1899,Europe
era_region,1800-1899 | Europe,Politics,Small business,Politics + Small business,264531,119221,4576,3303.3055655904927,0.47011589636597173,0.4360129445433337,0.5018859907451779,0.01715612497506787,0.0004997501249375312,0.03838249972739702,0.056607446845979015,0.01772468074057933,0.02186707259444353,0.09134782109751449,0.001404583257752616,0.000533979585549691,0.001480506677090595,associated,1800-1899,Europe
era_region,1800-1899 | Europe,Politics,Academia,Politics + Academia,264531,119221,5664,7845.661505381195,-0.47003841580036515,-0.5031468579081151,-0.43857319344480755,0.016008357588746275,0.0004997501249375312,0.04750840875349142,-1.4163522273339848,0.014768487172198528,-1.445298462191494,-1.3874059924764757,0.0,0.000533979585549691,0.0,dissociated,1800-1899,Europe
era_region,1800-1899 | Europe,Politics,Exploration & Invention,Politics + Exploration & Invention,264531,119221,869,1682.41008614379,-0.9527001663408496,-1.0464264027593162,-0.86410979094173,0.045793628479215524,0.0004997501249375312,0.0072889843232316455,-1.3309297280147105,0.03566212348790366,-1.4008274900510016,-1.2610319659784195,7.621899392871978e-305,0.000533979585549691,2.5848180549739748e-304,dissociated,1800-1899,Europe
era_region,1800-1899 | Europe,Politics,Culture (core),Politics + Culture (core),264531,119221,2842,9025.94692778925,-1.6669978635722928,-1.7142846766871092,-1.6202460734277921,0.024039188471025128,0.0004997501249375312,0.023838082217059076,-2.66533876422016,0.019721205718569227,-2.7039923274285553,-2.6266852010117643,0.0,0.000533979585549691,0.0,dissociated,1800-1899,Europe
era_region,1800-1899 | Europe,Politics,Culture (periphery),Politics + Culture (periphery),264531,119221,2889,4280.598348093108,-0.5671611085029906,-0.6132016065157958,-0.52307857888717,0.02337807771197727,0.0004997501249375312,0.024232308066531903,-1.031541217192142,0.02026474096797282,-1.0712601094893688,-0.9918223248949154,0.0,0.000533979585549691,0.0,dissociated,1800-1899,Europe
era_region,1800-1899 | Europe,Politics,Sport & Games,Politics + Sport & Games,264531,119221,577,1096.378744425798,-0.9255111987265747,-1.036332158011708,-0.8256504500258542,0.055341759696820994,0.0004997501249375312,0.004839751386081311,-2.758505919994773,0.042341005210915716,-2.8414942902081677,-2.675517549781378,0.0,0.000533979585549691,0.0,dissociated,1800-1899,Europe
era_region,1800-1899 | Europe,Administration & Law,Military,Administration & Law + Military,264531,119221,942,1128.8496078044504,-0.2609276405343551,-0.34672614964240156,-0.1770645473523033,0.04320957969664651,0.0004997501249375312,0.00790129255751923,-0.875338614042005,0.03399199355597417,-0.9419629214117143,-0.8087143066722956,3.11575338695117e-146,0.000533979585549691,6.075719104554782e-146,dissociated,1800-1899,Europe
era_region,1800-1899 | Europe,Administration & Law,Religion,Administration & Law + Religion,264531,119221,285,754.4508123869094,-1.4028919054228963,-1.5709692933751143,-1.2561458302732844,0.08115400254478057,0.0004997501249375312,0.002390518448930977,-1.666491633834035,0.060141931976618865,-1.784369820508208,-1.548613447159862,5.392459707116157e-169,0.000533979585549691,1.2745813853183644e-168,dissociated,1800-1899,Europe
era_region,1800-1899 | Europe,Administration & Law,Nobility,Administration & Law + Nobility,264531,119221,492,475.5286901806309,0.049075197392994596,-0.07401676553710945,0.1582621538539766,0.0600150308585391,0.41529235382308843,0.004126789743417686,-0.231119455104572,0.04723886346558465,-0.3237076274971179,-0.13853128271202608,9.952760449275861e-07,0.42068576101559607,1.109021878633596e-06,not distinguishable,1800-1899,Europe
era_region,1800-1899 | Europe,Administration & Law,Kinship,Administration & Law + Kinship,264531,119221,223,709.2128388852685,-1.6669605738873232,-1.8670128148469403,-1.4917371095131922,0.09723693332490439,0.0004997501249375312,0.0018704758389880977,-1.3929176184116412,0.06804613459856904,-1.5262880422248366,-1.2595471945984458,3.970317590021208e-93,0.000533979585549691,6.072250431797141e-93,dissociated,1800-1899,Europe
era_region,1800-1899 | Europe,Administration & Law,Big business,Administration & Law + Big business,264531,119221,445,824.8126985073437,-0.8895154065350638,-1.0241100556349225,-0.7646808749241726,0.0657050879167684,0.0004997501249375312,0.0037325638939448586,-1.0656855610476472,0.04867419024605885,-1.1610869739299226,-0.9702841481653719,2.946255404810311e-106,0.000533979585549691,4.689957583167433e-106,dissociated,1800-1899,Europe
era_region,1800-1899 | Europe,Administration & Law,Small business,Administration & Law + Small business,264531,119221,491,1318.497580999968,-1.4241785970561118,-1.544237953914082,-1.2982219429837398,0.062215545038516146,0.0004997501249375312,0.00411840195938635,-1.2685980477292138,0.046267912976545644,-1.3592831571632433,-1.1779129382951843,1.6493430727813388e-165,0.000533979585549691,3.783787049321895e-165,dissociated,1800-1899,Europe
era_region,1800-1899 | Europe,Administration & Law,Academia,Administration & Law + Academia,264531,119221,2169,3131.5558039634498,-0.5297473312584996,-0.5883352376188953,-0.4782841636300383,0.02778997900068401,0.0004997501249375312,0.018193103563969436,-1.153662880960097,0.023059882619661142,-1.1988602508946329,-1.1084655110255612,0.0,0.000533979585549691,0.0,dissociated,1800-1899,Europe
era_region,1800-1899 | Europe,Administration & Law,Exploration & Invention,Administration & Law + Exploration & Invention,264531,119221,228,671.5254113750158,-1.5563216215474434,-1.7475088480199625,-1.3755610808659398,0.0934753118832342,0.0004997501249375312,0.0019124147591447816,-1.5007916225870546,0.06722971125654487,-1.6325618566498825,-1.3690213885242266,2.1928708706886294e-110,0.000533979585549691,3.5634151648690225e-110,dissociated,1800-1899,Europe
era_region,1800-1899 | Europe,Administration & Law,Culture (core),Administration & Law + Culture (core),264531,119221,1444,3602.6607149184133,-1.3186927990819164,-1.3882128323603302,-1.250551017701225,0.03510228276904618,0.0004997501249375312,0.012111960141250284,-2.0131077044820866,0.027530894616059558,-2.0670682579295634,-1.95914715103461,0.0,0.000533979585549691,0.0,dissociated,1800-1899,Europe
era_region,1800-1899 | Europe,Administration & Law,Culture (periphery),Administration & Law + Culture (periphery),264531,119221,698,1708.5790143014876,-1.2908870766211495,-1.3995215222089357,-1.1850225450385012,0.054027813927922816,0.0004997501249375312,0.005854673253873059,-1.3166804832050782,0.03899719742921835,-1.3931149901663462,-1.2402459762438103,6.783319233777676e-250,0.000533979585549691,1.959625556424662e-249,dissociated,1800-1899,Europe
era_region,1800-1899 | Europe,Administration & Law,Sport & Games,Administration & Law + Sport & Games,264531,119221,335,437.6139880740306,-0.38499351124127307,-0.5435835713160442,-0.24014243751849085,0.07674821038833181,0.0004997501249375312,0.002809907650497815,-2.055689674791183,0.05540212731176076,-2.164277844322234,-1.947101505260132,2.3432231556032253e-301,0.000533979585549691,7.615475255710483e-301,dissociated,1800-1899,Europe
era_region,1800-1899 | Europe,Military,Religion,Military + Religion,264531,119221,282,582.3914657272487,-1.044976411380082,-1.2230647749225645,-0.887531110269817,0.08449140295037483,0.0004997501249375312,0.002365355096836967,-1.7325145641246282,0.06043234337080576,-1.8509619571314075,-1.614067171117849,9.383349486949996e-181,0.000533979585549691,2.36097180639387e-180,dissociated,1800-1899,Europe
era_region,1800-1899 | Europe,Military,Nobility,Military + Nobility,264531,119221,1288,367.08006184454825,1.8095621175202508,1.7435809438287435,1.874472435332901,0.03385424926446439,0.0004997501249375312,0.010803465832361749,0.8420364751646457,0.03157955188800197,0.7801405534641619,0.9039323968651296,1.2323316189279739e-156,0.000533979585549691,2.5978882777400526e-156,associated,1800-1899,Europe
era_region,1800-1899 | Europe,Military,Kinship,Military + Kinship,264531,119221,512,547.4704221527874,-0.09654601819340593,-0.21790016510743693,0.01932945736971186,0.0609581081049475,0.11694152923538231,0.004294545424044421,-0.5728576604206973,0.04592399658272571,-0.6628686937228396,-0.4828466271185549,1.0344850413138359e-35,0.12161919040479761,1.241382049576603e-35,not distinguishable,1800-1899,Europe
era_region,1800-1899 | Europe,Military,Big business,Military + Big business,264531,119221,334,636.7066859062396,-0.9297551935877789,-1.0812239799995418,-0.7862075464868538,0.07637791596148888,0.0004997501249375312,0.002801519866466478,-1.4212073046559857,0.055776612584758835,-1.5305294653221129,-1.3118851439898584,3.255861406603613e-143,0.000533979585549691,6.046599755120996e-143,dissociated,1800-1899,Europe
era_region,1800-1899 | Europe,Military,Small business,Military + Small business,264531,119221,494,1017.802255825004,-1.0421234243702042,-1.1711609335564608,-0.9260145365792487,0.06394415326075917,0.0004997501249375312,0.00414356531148036,-1.3178316159191763,0.04611063258577375,-1.408208455787293,-1.2274547760510597,1.1986329618236312e-179,0.000533979585549691,2.921667844445101e-179,dissociated,1800-1899,Europe
era_region,1800-1899 | Europe,Military,Academia,Military + Academia,264531,119221,1546,2417.3761161538,-0.6447334942081814,-0.7142709979552635,-0.5812499545444312,0.03371298964349015,0.0004997501249375312,0.012967514112446633,-1.5951267901363693,0.026710339153357705,-1.6474790548769505,-1.542774525395788,0.0,0.000533979585549691,0.0,dissociated,1800-1899,Europe
era_region,1800-1899 | Europe,Military,Exploration & Invention,Military + Exploration & Invention,264531,119221,1119,518.377954112698,1.109387382572078,1.0323379067426663,1.1856323520683218,0.03876022276189589,0.0004997501249375312,0.009385930331065835,0.16381166484564313,0.032325129977414685,0.10045441008991035,0.22716891960137592,4.028081424156312e-07,0.000533979585549691,4.553483349046266e-07,associated,1800-1899,Europe
era_region,1800-1899 | Europe,Military,Culture (core),Military + Culture (core),264531,119221,1702,2781.0412817254696,-0.7082297190020888,-0.7722513160605948,-0.6477653532346882,0.03177802451026183,0.0004997501249375312,0.014276008421335168,-1.8922744271906424,0.025518897258583247,-1.9422914658174655,-1.8422573885638194,0.0,0.000533979585549691,0.0,dissociated,1800-1899,Europe
era_region,1800-1899 | Europe,Military,Culture (periphery),Military + Culture (periphery),264531,119221,337,1318.9220822782518,-1.966946748367312,-2.121749866082402,-1.8291284196405462,0.0748551728346684,0.0004997501249375312,0.0028266832185604887,-2.13148948221069,0.05521472517885324,-2.239710343561242,-2.0232686208601374,0.0,0.000533979585549691,0.0,dissociated,1800-1899,Europe
era_region,1800-1899 | Europe,Military,Sport & Games,Military + Sport & Games,264531,119221,1175,337.812151239992,1.7968476381863923,1.7280700969595362,1.863905001030188,0.0354136881036101,0.0004997501249375312,0.009855646236820694,-0.7833810053343075,0.0306628643420504,-0.8434802194447263,-0.7232817912238888,5.749398058134226e-144,0.000533979585549691,1.093787923254804e-143,associated,1800-1899,Europe
era_region,1800-1899 | Europe,Religion,Nobility,Religion + Nobility,264531,119221,122,245.33281400371547,-1.0048957516770196,-1.2634368445083888,-0.7837239905016828,0.12552378716282758,0.0004997501249375312,0.001023309651823085,-1.2915309671436275,0.09151810875643239,-1.470906460306235,-1.11215547398102,3.190034849024063e-45,0.000533979585549691,3.949566955934554e-45,dissociated,1800-1899,Europe
era_region,1800-1899 | Europe,Religion,Kinship,Religion + Kinship,264531,119221,508,365.8941827993487,0.4728511759785794,0.3488300161839046,0.5895039910859573,0.06035945280810014,0.0004997501249375312,0.004260994287919075,-0.11392935573158346,0.04634030087150083,-0.2047563454397251,-0.02310236602344183,0.013950430463854227,0.000533979585549691,0.014508447682408396,associated,1800-1899,Europe
era_region,1800-1899 | Europe,Religion,Big business,Religion + Big business,264531,119221,77,425.53398886182913,-2.4587003173138853,-2.8007258615147936,-2.1653673290919127,0.16403411718424182,0.0004997501249375312,0.0006458593704129306,-2.456256508079823,0.11421435596235915,-2.680116645766047,-2.232396370393599,1.377748776398026e-102,0.000533979585549691,2.1492880911809203e-102,dissociated,1800-1899,Europe
era_region,1800-1899 | Europe,Religion,Small business,Religion + Small business,264531,119221,326,680.2338712327592,-1.060007903832776,-1.2242249414626982,-0.9160732701734746,0.07834097956813336,0.0004997501249375312,0.002734417594215784,-1.2857931864462462,0.05646722298983719,-1.396468943506327,-1.1751174293861653,8.96864385335759e-115,0.000533979585549691,1.4884132352380682e-114,dissociated,1800-1899,Europe
era_region,1800-1899 | Europe,Religion,Academia,Religion + Academia,264531,119221,3618,1615.6194430754322,1.162857943837004,1.1246707627966746,1.1997677215217655,0.018943732157034324,0.0004997501249375312,0.0303470026253764,-0.037446220483915944,0.019541868999500226,-0.07574828372293638,0.0008558427551044953,0.05533905018660085,0.000533979585549691,0.056795340980985085,associated,1800-1899,Europe
era_region,1800-1899 | Europe,Religion,Exploration & Invention,Religion + Exploration & Invention,264531,119221,99,346.4506395714117,-1.8019619954036479,-2.1137473841618735,-1.5395583773314385,0.1438552513983966,0.0004997501249375312,0.0008303906191023394,-1.9468726866681978,0.1010559700651587,-2.1449423879959086,-1.7488029853404867,1.0507277856549752e-82,0.000533979585549691,1.4901230414743283e-82,dissociated,1800-1899,Europe
era_region,1800-1899 | Europe,Religion,Culture (core),Religion + Culture (core),264531,119221,2315,1858.6699590214807,0.3166650944606667,0.26391521082357355,0.36676344856195336,0.025223422011854183,0.0004997501249375312,0.019417720032544602,-1.0159623333084566,0.022922143663859175,-1.0608897348896207,-0.9710349317272926,0.0,0.000533979585549691,0.0,associated,1800-1899,Europe
era_region,1800-1899 | Europe,Religion,Culture (periphery),Religion + Culture (periphery),264531,119221,506,881.4830864717233,-0.8001887208863901,-0.9226402164764163,-0.681157131093011,0.060882137660557105,0.0004997501249375312,0.004244218719856401,-1.2409865660250965,0.0456473668587746,-1.3304554050682946,-1.1515177269818984,9.411594448757149e-163,0.000533979585549691,2.0391787972307156e-162,dissociated,1800-1899,Europe
era_region,1800-1899 | Europe,Religion,Sport & Games,Religion + Sport & Games,264531,119221,332,225.77201619698047,0.5552961678084618,0.39611062732867164,0.7052904759462203,0.07686800977426719,0.0004997501249375312,0.0027847442984038047,-1.6544711632272253,0.055827979150098794,-1.763894002361419,-1.5450483240930317,5.267964777645847e-193,0.000533979585549691,1.3696708421879201e-192,associated,1800-1899,Europe
era_region,1800-1899 | Europe,Nobility,Kinship,Nobility + Kinship,264531,119221,1092,230.6222998697716,2.2409049094445326,2.1677854257691194,2.3128889153395957,0.03722401336368267,0.0004997501249375312,0.009159460162219742,1.6785133052785675,0.034702140569169454,1.6104971097629954,1.7465295007941395,0.0,0.000533979585549691,0.0,associated,1800-1899,Europe
era_region,1800-1899 | Europe,Nobility,Big business,Nobility + Big business,264531,119221,204,268.21313865459877,-0.3939660200836624,-0.5875806394600834,-0.2101356722141397,0.09763712481812363,0.0004997501249375312,0.0017111079423926994,-0.6267872405776267,0.07150597617044938,-0.7669389538717075,-0.4866355272835459,1.8591245225361487e-18,0.000533979585549691,2.1643539217585012e-18,dissociated,1800-1899,Europe
era_region,1800-1899 | Europe,Nobility,Small business,Nobility + Small business,264531,119221,156,428.7499151607071,-1.4556551919274325,-1.6807428636941573,-1.2462983909477396,0.11115766668804346,0.0004997501249375312,0.0013084943088885346,-1.2044954618381096,0.08120162873744637,-1.3636506541635045,-1.0453402695127147,8.911588755378355e-50,0.000533979585549691,1.1395146277369044e-49,dissociated,1800-1899,Europe
era_region,1800-1899 | Europe,Nobility,Academia,Nobility + Academia,264531,119221,342,1018.3213868713054,-1.5727252565893186,-1.730107865824317,-1.4228245660023302,0.07669381074553949,0.0004997501249375312,0.0028686221387171722,-1.846169844260196,0.055579389065086776,-1.955105446827766,-1.7372342416926259,6.1577075307823394e-242,0.000533979585549691,1.71536138357508e-241,dissociated,1800-1899,Europe
era_region,1800-1899 | Europe,Nobility,Exploration & Invention,Nobility + Exploration & Invention,264531,119221,63,218.36707727361687,-1.7852264587718965,-2.171722242237738,-1.4705392762776397,0.18090118843540381,0.0004997501249375312,0.000528430393974216,-1.5722890543690435,0.12644179040930603,-1.8201149635712834,-1.3244631451668036,1.6898496264616552e-35,0.000533979585549691,1.997095013091047e-35,dissociated,1800-1899,Europe
era_region,1800-1899 | Europe,Nobility,Culture (core),Nobility + Culture (core),264531,119221,670,1171.5155933032534,-0.8056825272546514,-0.9097927746269849,-0.7082400522800397,0.052065027880683214,0.0004997501249375312,0.00561981530099563,-1.5071125973764046,0.04080574195253397,-1.5870918516033712,-1.427133343149438,1.3238854991848238e-298,0.000533979585549691,4.13052275745665e-298,dissociated,1800-1899,Europe
era_region,1800-1899 | Europe,Nobility,Culture (periphery),Nobility + Culture (periphery),264531,119221,182,555.5968535577807,-1.6074397102845925,-1.8242957707528393,-1.4096076851306836,0.10549559922144741,0.0004997501249375312,0.0015265766937032905,-1.4555620370756688,0.07527797737616332,-1.603106872732949,-1.3080172014183886,2.6832497643392306e-83,0.000533979585549691,3.875805215156666e-83,dissociated,1800-1899,Europe
era_region,1800-1899 | Europe,Nobility,Sport & Games,Nobility + Sport & Games,264531,119221,150,142.30360598582232,0.07573107714051536,-0.17015468425637784,0.27983135242329565,0.11537925582639492,0.5007496251874063,0.0012581676047005142,-1.6282574400501446,0.08265602823801448,-1.790263255396653,-1.4662516247036361,2.190639474605606e-86,0.5007496251874063,3.223959981495043e-86,not distinguishable,1800-1899,Europe
era_region,1800-1899 | Europe,Kinship,Big business,Kinship + Big business,264531,119221,528,400.01834888090656,0.4000351335105384,0.2844542055212022,0.5083781454115578,0.058974850235095536,0.0004997501249375312,0.00442874996854581,0.06605012893871869,0.045634643802374454,-0.02339377291393524,0.1554940307913726,0.14779384757658634,0.000533979585549691,0.1497132481944641,associated,1800-1899,Europe
era_region,1800-1899 | Europe,Kinship,Small business,Kinship + Small business,264531,119221,223,639.4460540066244,-1.5176754629269011,-1.7141334646374544,-1.333042405768853,0.09782289197795642,0.0004997501249375312,0.0018704758389880977,-1.1527396398894643,0.06812667776959273,-1.286267928317866,-1.0192113514610626,3.175484660338338e-64,0.000533979585549691,4.2704793707998344e-64,dissociated,1800-1899,Europe
era_region,1800-1899 | Europe,Kinship,Academia,Kinship + Academia,264531,119221,1685,1518.7445396959122,0.1498225206080074,0.09046374617610761,0.21053111152971443,0.03051079797255719,0.0004997501249375312,0.014133416092802442,-0.39194502108377377,0.027234659656170244,-0.44532495400986744,-0.3385650881576801,5.859325440282599e-47,0.000533979585549691,7.371409424871657e-47,associated,1800-1899,Europe
era_region,1800-1899 | Europe,Kinship,Exploration & Invention,Kinship + Exploration & Invention,264531,119221,310,325.67695281114015,-0.07106157847299371,-0.22676199165836577,0.07166713291713202,0.07871713865926537,0.3798100949525237,0.002600213049714396,-0.24648663981222932,0.058549505876772635,-0.3612436713307037,-0.13172960829375496,2.555016090063381e-05,0.38980509745127434,2.7300171921225167e-05,not distinguishable,1800-1899,Europe
era_region,1800-1899 | Europe,Kinship,Culture (core),Kinship + Culture (core),264531,119221,2087,1747.2213914356205,0.2563009779828311,0.20422789315027343,0.3091509363218665,0.026345378262089544,0.0004997501249375312,0.01750530527339982,-0.5127818313229694,0.025117976618143866,-0.5620130654945313,-0.4635505971514074,1.2319805882442876e-92,0.000533979585549691,1.8479708823664314e-92,associated,1800-1899,Europe
era_region,1800-1899 | Europe,Kinship,Culture (periphery),Kinship + Culture (periphery),264531,119221,558,828.6280721311697,-0.5700376856173929,-0.6923516370036419,-0.4575374205936236,0.05904914990956047,0.0004997501249375312,0.0046803834894859125,-0.5971623387503971,0.04409832413386879,-0.68359505405278,-0.5107296234480143,8.881975785018684e-42,0.000533979585549691,1.0824907987991521e-41,dissociated,1800-1899,Europe
era_region,1800-1899 | Europe,Kinship,Sport & Games,Kinship + Sport & Games,264531,119221,421,212.23439609181025,0.9864793159731635,0.8531694072943189,1.1033726803899908,0.06463724767405157,0.0004997501249375312,0.0035312570771927764,-0.8732400882565097,0.05025611134919067,-0.9717420665009234,-0.7747381100120959,1.258412823707779e-67,0.000533979585549691,1.7527892901644062e-67,associated,1800-1899,Europe
era_region,1800-1899 | Europe,Big business,Small business,Big business + Small business,264531,119221,1619,743.6741080210469,1.121836367234898,1.061016741769865,1.1819928705002063,0.031469657405753124,0.0004997501249375312,0.013579822346734216,0.6337201737119499,0.02764823707824241,0.5795296290385947,0.687910718385305,2.88123985579401e-116,0.000533979585549691,4.885580625042017e-116,associated,1800-1899,Europe
era_region,1800-1899 | Europe,Big business,Academia,Big business + Academia,264531,119221,788,1766.2959741377845,-1.1639527900077011,-1.2573899685952743,-1.0680095528623652,0.048231239683054906,0.0004997501249375312,0.006609573816693368,-1.6922621851408175,0.03696832370562472,-1.764720099603842,-1.619804270677793,0.0,0.000533979585549691,0.0,dissociated,1800-1899,Europe
era_region,1800-1899 | Europe,Big business,Exploration & Invention,Big business + Exploration & Invention,264531,119221,1173,378.7614543357995,1.6295531837938455,1.5514963463626827,1.7006617777455104,0.03781657031186534,0.0004997501249375312,0.00983887066875802,0.846694014531545,0.03224108782204347,0.7835014824003398,0.9098865466627503,5.305462927270154e-152,0.000533979585549691,1.0610925854540308e-151,associated,1800-1899,Europe
era_region,1800-1899 | Europe,Big business,Culture (core),Big business + Culture (core),264531,119221,954,2032.013962162501,-1.0904481600496772,-1.1774696172825274,-1.0084587507462042,0.04428238788060883,0.0004997501249375312,0.00800194596589527,-1.8792963835656191,0.03382029825031122,-1.9455841681362291,-1.813008598995009,0.0,0.000533979585549691,0.0,dissociated,1800-1899,Europe
era_region,1800-1899 | Europe,Big business,Culture (periphery),Big business + Culture (periphery),264531,119221,402,963.6923061174499,-1.2603321344031055,-1.4098666689074852,-1.1197016988696296,0.0708608841617029,0.0004997501249375312,0.003371889180597378,-1.344947637597288,0.051012089886662386,-1.4449313337751462,-1.2449639414194298,3.4296440457559875e-153,0.000533979585549691,7.039795672867554e-153,dissociated,1800-1899,Europe
era_region,1800-1899 | Europe,Big business,Sport & Games,Big business + Sport & Games,264531,119221,530,246.82805408840235,1.1009268591732044,0.9913062517517346,1.211883293424478,0.0576495947496654,0.0004997501249375312,0.004445525536608483,-1.0271943885841053,0.04477283179571896,-1.1149491389037145,-0.9394396382644961,1.756426196626133e-116,0.000533979585549691,3.044472074151964e-116,associated,1800-1899,Europe
era_region,1800-1899 | Europe,Small business,Academia,Small business + Academia,264531,119221,2929,2823.4979571060953,0.05291540498902366,0.009870765034450963,0.09705581142423833,0.02228945541278024,0.020989505247376312,0.024567819427785374,-0.5187296666782588,0.020710141995495677,-0.5593215449894303,-0.4781377883670873,1.876082882439085e-138,0.022124073098585842,3.403127089075549e-138,associated,1800-1899,Europe
era_region,1800-1899 | Europe,Small business,Exploration & Invention,Small business + Exploration & Invention,264531,119221,865,605.4660194023857,0.5142969252570242,0.4252669474650172,0.5942277025056686,0.044029853206258615,0.0004997501249375312,0.007255433187106299,0.17222038057372438,0.03630332638772401,0.10106586085378533,0.24337490029366343,2.0961297772343465e-06,0.000533979585549691,2.3027904594968878e-06,associated,1800-1899,Europe
era_region,1800-1899 | Europe,Small business,Culture (core),Small business + Culture (core),264531,119221,3527,3248.259269671712,0.11875723768325357,0.07863621517021778,0.15786324832037515,0.020551510457111687,0.0004997501249375312,0.029583714278524756,-0.6860343646151652,0.019242023947655097,-0.7237487315525692,-0.6483199976777612,2.123044629108858e-278,0.000533979585549691,6.369133887326574e-278,associated,1800-1899,Europe
era_region,1800-1899 | Europe,Small business,Culture (periphery),Small business + Culture (periphery),264531,119221,1229,1540.502439818857,-0.3257974110924727,-0.39994727862735635,-0.25133428315625733,0.03828221907824899,0.0004997501249375312,0.01030858657451288,-0.45015487050665515,0.03027512906976316,-0.509494123483391,-0.39081561752991933,5.254594569969425e-50,0.000533979585549691,6.830972940960252e-50,dissociated,1800-1899,Europe
era_region,1800-1899 | Europe,Small business,Sport & Games,Small business + Sport & Games,264531,119221,309,394.56496344859585,-0.3521504963539197,-0.5102389047001534,-0.20125504921306803,0.08086220771543577,0.0004997501249375312,0.002591825265683059,-1.896130478698892,0.057712625222183116,-2.009247224134371,-1.783013733263413,9.761935537680468e-237,0.000533979585549691,2.625624041169229e-236,dissociated,1800-1899,Europe
era_region,1800-1899 | Europe,Academia,Exploration & Invention,Academia + Exploration & Invention,264531,119221,2570,1438.0387605445546,0.8374449179543529,0.7942378429781297,0.8810998158940206,0.02231910106175395,0.0004997501249375312,0.021556604960535478,-0.0021758046297601606,0.02306794593839892,-0.047388978669022044,0.043037369409501716,0.9248537244493846,0.000533979585549691,0.9248537244493846,associated,1800-1899,Europe
era_region,1800-1899 | Europe,Academia,Culture (core),Academia + Culture (core),264531,119221,11725,7714.921373616666,0.6038325875262249,0.5846924763469243,0.6214696204874531,0.00940530754906834,0.0004997501249375312,0.09834676776742353,-0.8766167492300007,0.01124573871876381,-0.8986583971187777,-0.8545751013412236,0.0,0.000533979585549691,0.0,associated,1800-1899,Europe
era_region,1800-1899 | Europe,Academia,Culture (periphery),Academia + Culture (periphery),264531,119221,2281,3658.8382306897183,-0.6816001155930582,-0.7347116718508006,-0.6322580659162423,0.026460976906533824,0.0004997501249375312,0.019132535375479154,-1.2853979587686624,0.022403107214270596,-1.3293080489086326,-1.241487868628692,0.0,0.000533979585549691,0.0,dissociated,1800-1899,Europe
era_region,1800-1899 | Europe,Academia,Sport & Games,Academia + Sport & Games,264531,119221,569,937.1289103093975,-0.7193212117399347,-0.8321458286402666,-0.6104086130507822,0.056346087223744235,0.0004997501249375312,0.004772649113830617,-2.7520554778126254,0.042629615362520246,-2.835609523923165,-2.6685014317020856,0.0,0.000533979585549691,0.0,dissociated,1800-1899,Europe
era_region,1800-1899 | Europe,Exploration & Invention,Culture (core),Exploration & Invention + Culture (core),264531,119221,691,1654.3743983699105,-1.2589205670545238,-1.3583781762039226,-1.1567336929773382,0.05287451087861155,0.0004997501249375312,0.005795958765653702,-1.952795776061643,0.03953394672355135,-2.0302823116398034,-1.8753092404834824,0.0,0.000533979585549691,0.0,dissociated,1800-1899,Europe
era_region,1800-1899 | Europe,Exploration & Invention,Culture (periphery),Exploration & Invention + Culture (periphery),264531,119221,537,784.594943161749,-0.5466023779595054,-0.6637502370364284,-0.4343558253621081,0.05909886824480849,0.0004997501249375312,0.004504240024827841,-0.7736096576760709,0.044731406005596594,-0.8612832134470403,-0.6859361019051016,5.170276785912834e-67,0.000533979585549691,7.075115601775457e-67,dissociated,1800-1899,Europe
era_region,1800-1899 | Europe,Exploration & Invention,Sport & Games,Exploration & Invention + Sport & Games,264531,119221,301,200.95630300135744,0.5816910580608015,0.4228948974415304,0.7388990134010475,0.08009325222686682,0.0004997501249375312,0.002524722993432365,-1.3583568090016167,0.05878396288202432,-1.4735733762503844,-1.243140241752849,3.8823276368974513e-118,0.000533979585549691,6.8823080835909355e-118,associated,1800-1899,Europe
era_region,1800-1899 | Europe,Culture (core),Culture (periphery),Culture (core) + Culture (periphery),264531,119221,11334,4209.266441704225,1.428908650974855,1.411021722681067,1.4470511543073405,0.009022579809280638,0.0004997501249375312,0.09506714421117085,0.5557104658510622,0.013213664316949321,0.5298116837898416,0.5816092479122829,0.0,0.000533979585549691,0.0,associated,1800-1899,Europe
era_region,1800-1899 | Europe,Culture (core),Sport & Games,Culture (core) + Sport & Games,264531,119221,833,1078.1086850545464,-0.37191745139431653,-0.4617810048294631,-0.28744472541176475,0.04519828145970825,0.0004997501249375312,0.006987024098103522,-2.7572117674804715,0.035473762510733704,-2.8267403420015094,-2.6876831929594336,0.0,0.000533979585549691,0.0,dissociated,1800-1899,Europe
era_region,1800-1899 | Europe,Culture (periphery),Sport & Games,Culture (periphery) + Sport & Games,264531,119221,289,511.2981821442725,-0.8220116748640964,-0.9916704420246085,-0.6699466913975972,0.08254794399016936,0.0004997501249375312,0.002424069585056324,-2.3798540061491793,0.059468390482432354,-2.4964120514947465,-2.263295960803612,0.0,0.000533979585549691,0.0,dissociated,1800-1899,Europe
era_region,1800-1899 | Oceania,Politics,Administration & Law,Politics + Administration & Law,16103,5796,459,280.214955364309,0.7109589346244318,0.6191870178639941,0.793635521398282,0.04488684024908576,0.0004997501249375312,0.07919254658385093,0.2201547259017206,0.06231578662904709,0.09801578410878832,0.3422936676946529,0.00041104579308715744,0.0016241879060469764,0.0007402606554636125,associated,1800-1899,Oceania
era_region,1800-1899 | Oceania,Politics,Military,Politics + Military,16103,5796,143,210.13936732902326,-0.5537243563605031,-0.751612265644328,-0.3638475574746851,0.09856522002087667,0.0004997501249375312,0.024672187715665976,-1.1761468150240493,0.09196335931658851,-1.3563949992845628,-0.9958986307635358,1.8816567392043145e-37,0.0016241879060469764,1.1289940435225887e-36,dissociated,1800-1899,Oceania
era_region,1800-1899 | Oceania,Politics,Religion,Politics + Religion,16103,5796,161,126.18083360608478,0.3503358989497142,0.16652692359858415,0.5216725030253014,0.08935346498365587,0.0004997501249375312,0.027777777777777776,-0.6332912578560272,0.09087423551684452,-0.8114047594690426,-0.455177756243012,3.194836558651394e-12,0.0016241879060469764,1.1866535789276607e-11,associated,1800-1899,Oceania
era_region,1800-1899 | Oceania,Politics,Nobility,Politics + Nobility,16103,5796,19,28.07309807083973,-0.5511833466402756,-1.199245942740167,-0.06399650234776937,0.29850332887169684,0.06946526736631684,0.0032781228433402345,-0.9455529694413732,0.2492791138111236,-1.4341400325111755,-0.456965906371571,0.00014874848228139544,0.10419790104947525,0.00029749696456279087,not distinguishable,1800-1899,Oceania
era_region,1800-1899 | Oceania,Politics,Kinship,Politics + Kinship,16103,5796,120,134.41783450871563,-0.16304792130184179,-0.3993013853766389,0.04055160469034377,0.11264268975849621,0.14442778610694654,0.020703933747412008,-0.5293204037224923,0.10583973937070362,-0.7367662928890715,-0.3218745145559132,5.698937484242785e-07,0.2011672735061041,1.3891160117841788e-06,not distinguishable,1800-1899,Oceania
era_region,1800-1899 | Oceania,Politics,Big business,Politics + Big business,16103,5796,328,229.39903526030855,0.5148929585501848,0.4013455205929685,0.6209542686671119,0.05642209856418203,0.0004997501249375312,0.05659075224292615,0.02476029415578826,0.07058204282576998,-0.11358050978272088,0.1631010980942974,0.7257371903804639,0.0016241879060469764,0.7448355374957393,associated,1800-1899,Oceania
era_region,1800-1899 | Oceania,Politics,Small business,Politics + Small business,16103,5796,740,477.1658035278288,0.632498138685568,0.5656304308272102,0.696063216669761,0.033593503091003646,0.0004997501249375312,0.1276742581090407,0.408103105490809,0.051839356248776836,0.30649796724320644,0.5097082437384116,3.4774307679422548e-15,0.0016241879060469764,1.5068866661083104e-14,associated,1800-1899,Oceania
era_region,1800-1899 | Oceania,Politics,Academia,Politics + Academia,16103,5796,154,335.44419046503094,-1.120614743603754,-1.3371809384427145,-0.9212541854045342,0.10414260510409167,0.0004997501249375312,0.026570048309178744,-1.7403358663253023,0.08628892203957025,-1.90946215352286,-1.5712095791277447,1.8440207086979597e-90,0.0016241879060469764,2.8766723055688172e-89,dissociated,1800-1899,Oceania
era_region,1800-1899 | Oceania,Politics,Exploration & Invention,Politics + Exploration & Invention,16103,5796,104,141.21419972179612,-0.43948138081811466,-0.6884169096375683,-0.21252782344393667,0.11921059426513582,0.001999000499750125,0.017943409247757072,-1.0211878049633027,0.10832288280365371,-1.233500655258464,-0.8088749546681415,4.209476179083779e-21,0.004585942322956169,2.188927613123565e-20,dissociated,1800-1899,Oceania
era_region,1800-1899 | Oceania,Politics,Culture (core),Politics + Culture (core),16103,5796,93,272.1648994822579,-1.5440907220281466,-1.8572541152617186,-1.2876852065476194,0.14343217714721307,0.0004997501249375312,0.016045548654244308,-2.314721687716564,0.10785590469657799,-2.526119260921857,-2.1033241145112713,3.5859476241410414e-102,0.0016241879060469764,1.3985195734150062e-100,dissociated,1800-1899,Oceania
era_region,1800-1899 | Oceania,Politics,Culture (periphery),Politics + Culture (periphery),16103,5796,178,192.32872505748563,-0.11139590683180359,-0.2937987098455222,0.057208250796273924,0.08940976720388814,0.2178910544727636,0.030710835058661144,-0.7007997456211023,0.08605435183841914,-0.8694662752244038,-0.5321332160178007,3.8341815991937754e-16,0.2805318652149335,1.7592127337477322e-15,not distinguishable,1800-1899,Oceania
era_region,1800-1899 | Oceania,Politics,Sport & Games,Politics + Sport & Games,16103,5796,145,217.25705744907816,-0.5817003238159112,-0.7977176194985484,-0.3980999200393788,0.10176109383073054,0.0004997501249375312,0.025017253278122844,-3.634843374639274,0.0862375137387852,-3.803868901567293,-3.465817847711255,0.0,0.0016241879060469764,0.0,dissociated,1800-1899,Oceania
era_region,1800-1899 | Oceania,Administration & Law,Military,Administration & Law + Military,16103,5796,81,59.27687365434674,0.44721261367121035,0.135643254418764,0.711754086257935,0.14495505280622709,0.004997501249375313,0.013975155279503106,0.16247386381511317,0.11991096416767479,-0.0725516259535294,0.39749935358375577,0.17543215146746505,0.009995002498750625,0.21380793460097303,associated,1800-1899,Oceania
era_region,1800-1899 | Oceania,Administration & Law,Religion,Administration & Law + Religion,16103,5796,6,35.59354644652057,-2.473229281949731,-3.886382142085609,-1.622435542608494,0.6085389282037412,0.0024987506246876563,0.0010351966873706005,-2.1985346668331256,0.39518649809067014,-2.973100203090839,-1.4239691305754123,2.6474471526760285e-08,0.005413959686823256,8.260035116349209e-08,dissociated,1800-1899,Oceania
era_region,1800-1899 | Oceania,Administration & Law,Nobility,Administration & Law + Nobility,16103,5796,1,7.9189611569817355,-2.488679724716154,-4.259974981061065,-1.0612321891451846,1.0313045638581966,0.0004997501249375312,0.0001725327812284334,-1.776139064770971,0.822483767047178,-3.3882072481834395,-0.16407088135850212,0.030812775864653183,0.0016241879060469764,0.044507342915610155,dissociated,1800-1899,Oceania
era_region,1800-1899 | Oceania,Administration & Law,Kinship,Administration & Law + Kinship,16103,5796,13,37.91706948745319,-1.5087880649504644,-2.473179377898768,-0.9080416404802828,0.4013065526776594,0.0034982508745627187,0.002242926155969634,-1.062661547560956,0.27758926371656384,-1.6067365044454212,-0.5185865906764908,0.0001290945602703146,0.0073746910328619485,0.0002649835710811721,dissociated,1800-1899,Oceania
era_region,1800-1899 | Oceania,Administration & Law,Big business,Administration & Law + Big business,16103,5796,26,64.70971052398451,-1.2990944557263004,-1.9119878750165582,-0.8398122168340829,0.2772535361028057,0.0009995002498750624,0.004485852311939268,-1.0280207111907491,0.19945405843204833,-1.418950665717564,-0.6370907566639343,2.5475275591319037e-07,0.0026883110169053405,7.09668391472459e-07,dissociated,1800-1899,Oceania
era_region,1800-1899 | Oceania,Administration & Law,Small business,Administration & Law + Small business,16103,5796,68,134.60065768451278,-0.9798588046893093,-1.3302160263082303,-0.6758418283562306,0.16580265213356157,0.0004997501249375312,0.011732229123533472,-0.6890461435548023,0.12723777478076911,-0.9384321821251098,-0.4396601049844948,6.114459475053229e-08,0.0016241879060469764,1.8343378425159685e-07,dissociated,1800-1899,Oceania
era_region,1800-1899 | Oceania,Administration & Law,Academia,Administration & Law + Academia,16103,5796,109,94.62331189541935,0.2030600186386736,-0.05734541282630768,0.4389592498847548,0.12771215620229362,0.11044477761119441,0.01880607315389924,-0.0915238690674529,0.10396589745754078,-0.29529702808423286,0.11224928994932705,0.3786828023048713,0.15663077552133026,0.41601772647577406,not distinguishable,1800-1899,Oceania
era_region,1800-1899 | Oceania,Administration & Law,Exploration & Invention,Administration & Law + Exploration & Invention,16103,5796,21,39.83421279651144,-0.9076674392893465,-1.6098406593604535,-0.43387477627803234,0.3048802083497061,0.0074962518740629685,0.0036231884057971015,-0.828579752174936,0.22154063282017616,-1.2627993925024812,-0.39436011184739067,0.0001839614901792758,0.01426116210187589,0.00035872490584958777,dissociated,1800-1899,Oceania
era_region,1800-1899 | Oceania,Administration & Law,Culture (core),Administration & Law + Culture (core),16103,5796,42,76.77326035962406,-0.8625064290393176,-1.3072885217905914,-0.4940498379843343,0.21220140820664216,0.0009995002498750624,0.007246376811594203,-1.1600492095178676,0.15847830917179975,-1.470666695494595,-0.8494317235411402,2.4811107382609137e-13,0.0026883110169053405,1.018561250443954e-12,dissociated,1800-1899,Oceania
era_region,1800-1899 | Oceania,Administration & Law,Culture (periphery),Administration & Law + Culture (periphery),16103,5796,14,54.252783189756826,-1.9168794013138883,-2.844861537195614,-1.3353256565227718,0.3823463518220001,0.0009995002498750624,0.0024154589371980675,-1.5360213205277988,0.2666774855994781,-2.058709192302776,-1.0133334487528218,8.419057842948836e-09,0.0026883110169053405,2.8551587467391705e-08,dissociated,1800-1899,Oceania
era_region,1800-1899 | Oceania,Administration & Law,Sport & Games,Administration & Law + Sport & Games,16103,5796,107,61.284657456687206,0.7990161262680726,0.5461150391152596,1.0226843278310738,0.12241085816193337,0.0004997501249375312,0.018461007591442376,-1.7071771187218086,0.1026430091153797,-1.9083574165879527,-1.5059968208556644,4.07486516837612e-62,0.0016241879060469764,4.540564044761962e-61,associated,1800-1899,Oceania
era_region,1800-1899 | Oceania,Military,Religion,Military + Religion,16103,5796,15,26.69238450011978,-0.8109344513343603,-1.6372393436921369,-0.23990347789649447,0.36582987618695495,0.029985007496251874,0.002587991718426501,-1.1118761601803953,0.2589208796583808,-1.6193610843108215,-0.6043912360499689,1.7526908991834837e-05,0.05315524056153741,3.797496948230882e-05,not distinguishable,1800-1899,Oceania
era_region,1800-1899 | Oceania,Military,Nobility,Military + Nobility,16103,5796,22,5.938603402761874,1.8051053089860238,1.198994226179436,2.2603701907963094,0.2677605611492422,0.0004997501249375312,0.003795721187025535,1.3553392721713593,0.2376734615110842,0.8894992876096343,1.8211792567330845,1.180443788992117e-08,0.0016241879060469764,3.83644231422438e-08,associated,1800-1899,Oceania
era_region,1800-1899 | Oceania,Military,Kinship,Military + Kinship,16103,5796,19,28.43484560881112,-0.5693338221897303,-1.3180156678848631,-0.05765337454503561,0.3269988119775294,0.07546226886556721,0.0032781228433402345,-0.4798905660372896,0.23338454135984588,-0.9373242671025874,-0.022456864971991675,0.039761065827253285,0.1110576787078159,0.05638842062774103,not distinguishable,1800-1899,Oceania
era_region,1800-1899 | Oceania,Military,Big business,Military + Big business,16103,5796,20,48.52723728423216,-1.257959557407144,-1.9683363879677325,-0.7318426418601375,0.3145902397922453,0.0014992503748125937,0.003450655624568668,-1.0993327454688648,0.22580902377413317,-1.5419184320661659,-0.6567470588715638,1.1249510920608352e-06,0.003898050974512743,2.5807701523748575e-06,dissociated,1800-1899,Oceania
era_region,1800-1899 | Oceania,Military,Small business,Military + Small business,16103,5796,69,100.93999804942817,-0.5455417398998469,-0.8702827983719089,-0.26835546170498237,0.15849143758634668,0.001999000499750125,0.011904761904761904,-0.4655235522291963,0.1271737091993938,-0.7147840222600081,-0.21626308219838444,0.00025169118811501533,0.004585942322956169,0.0004788271383651512,dissociated,1800-1899,Oceania
era_region,1800-1899 | Oceania,Military,Academia,Military + Academia,16103,5796,125,70.9601058602631,0.8124774079451037,0.5686906755480859,1.0266695686909253,0.11416383513556763,0.0004997501249375312,0.021566597653554176,0.29062866041316204,0.09941032631484313,0.0957844208360695,0.48547289999025456,0.003460914684171631,0.0016241879060469764,0.0056239863617789,associated,1800-1899,Oceania
era_region,1800-1899 | Oceania,Military,Exploration & Invention,Military + Exploration & Invention,16103,5796,53,29.87255360523408,0.8167706817660009,0.4227302310915237,1.1262675826687722,0.1809971128884308,0.0004997501249375312,0.00914423740510697,0.3703707863821323,0.14683692615118618,0.08257041112580737,0.6581711616384571,0.011658118185064154,0.0016241879060469764,0.017830063106568705,associated,1800-1899,Oceania
era_region,1800-1899 | Oceania,Military,Culture (core),Military + Culture (core),16103,5796,49,57.57395903007058,-0.23046286390873835,-0.6656781471750218,0.1030449008384938,0.19586870513002935,0.23438280859570215,0.008454106280193236,-0.7928609826376566,0.1482606850942051,-1.0834519254222985,-0.5022700398530147,8.90546751415966e-08,0.2948686946849156,2.5726906152016797e-07,not distinguishable,1800-1899,Oceania
era_region,1800-1899 | Oceania,Military,Culture (periphery),Military + Culture (periphery),16103,5796,17,40.68535714131363,-1.234776577133839,-2.0231701945670575,-0.6648160793847637,0.35111056167411825,0.00399800099950025,0.002933057280883368,-1.144473546833004,0.24387458156164268,-1.6224677266938237,-0.6664793669721845,2.693887583831801e-06,0.008206423104237354,6.00352090111087e-06,dissociated,1800-1899,Oceania
era_region,1800-1899 | Oceania,Military,Sport & Games,Military + Sport & Games,16103,5796,112,45.95871454534247,1.2759038592022307,1.0504489931420524,1.4942391757448514,0.11558250442659172,0.0004997501249375312,0.01932367149758454,-1.4338877420544023,0.10166724195849319,-1.633155536293049,-1.2346199478157556,3.601950807777249e-45,0.0016241879060469764,2.8095216300662546e-44,associated,1800-1899,Oceania
era_region,1800-1899 | Oceania,Religion,Nobility,Religion + Nobility,16103,5796,5,3.565909316949441,0.43585357990479184,-1.3253331413677274,1.3037504272006226,0.6459263893907663,0.4447776111944028,0.000862663906142167,0.07609955116935953,0.4387413506620841,-0.7838334961283253,0.9360325984670443,0.8622979701408777,0.5027920822197597,0.8622979701408777,not distinguishable,1800-1899,Oceania
era_region,1800-1899 | Oceania,Religion,Kinship,Religion + Kinship,16103,5796,19,17.07406169526695,0.15002646020892457,-0.5616940372447129,0.669586194653266,0.32146922429634434,0.6341829085457271,0.0032781228433402345,-0.1555513974402629,0.23418618788556317,-0.6145563256959667,0.3034535308154409,0.5065488377205837,0.687031484257871,0.5412439635918566,not distinguishable,1800-1899,Oceania
era_region,1800-1899 | Oceania,Religion,Big business,Religion + Big business,16103,5796,22,29.138791702638713,-0.39756163243140913,-1.0757238500744846,0.08583437095689478,0.3079933691597693,0.18990504747626186,0.003795721187025535,-0.6758332808830916,0.21687739072601367,-1.1009129667060784,-0.2507535950601048,0.0018319810392071559,0.25106091022285465,0.0030403089586842165,not distinguishable,1800-1899,Oceania
era_region,1800-1899 | Oceania,Religion,Small business,Religion + Small business,16103,5796,34,60.61069498763214,-0.8248285264244294,-1.3505977891839491,-0.4220454306973919,0.2354930325266758,0.0024987506246876563,0.005866114561766736,-0.8958099178111141,0.17636790301800537,-1.2414910077264045,-0.5501288278958236,3.7900417849928014e-07,0.005413959686823256,9.854108640981285e-07,dissociated,1800-1899,Oceania
era_region,1800-1899 | Oceania,Religion,Academia,Religion + Academia,16103,5796,82,42.60889058547846,0.9364086843628899,0.631036377660902,1.1881476182549833,0.14191613386419427,0.0004997501249375312,0.014147688060731538,0.1417926116707755,0.12000579823569775,-0.09341875287119208,0.37700397621274306,0.23738509433877097,0.0016241879060469764,0.27635876654364383,associated,1800-1899,Oceania
era_region,1800-1899 | Oceania,Religion,Exploration & Invention,Religion + Exploration & Invention,16103,5796,20,17.937351595567925,0.1529924727458221,-0.5371562317150664,0.6883837096524852,0.304647465676895,0.6091954022988506,0.003450655624568668,-0.3565390800683399,0.22780779524330905,-0.8030423587452256,0.08996419860854582,0.11756244830573856,0.669256920835357,0.15542154182792556,not distinguishable,1800-1899,Oceania
era_region,1800-1899 | Oceania,Religion,Culture (core),Religion + Culture (core),16103,5796,45,34.57100988146696,0.3755875712359385,-0.037210735904901496,0.7166049846185373,0.19493481835898294,0.054972513743128434,0.007763975155279503,-0.5483833674665333,0.15540597690222513,-0.8529790821948945,-0.24378765273817204,0.0004175829338512686,0.0871329041361672,0.0007402606554636125,not distinguishable,1800-1899,Oceania
era_region,1800-1899 | Oceania,Religion,Culture (periphery),Religion + Culture (periphery),16103,5796,15,24.430035860982574,-0.6856167425976307,-1.531792669845195,-0.09790114352676986,0.36547756356155203,0.05697151424287856,0.002587991718426501,-0.9472471077300364,0.2592567178349372,-1.4553902746865133,-0.4391039407735595,0.00025848501450034583,0.0871329041361672,0.0004800435983577851,not distinguishable,1800-1899,Oceania
era_region,1800-1899 | Oceania,Religion,Sport & Games,Religion + Sport & Games,16103,5796,22,27.59648982722747,-0.32046490034997316,-0.9852816728859745,0.16434679738649252,0.28802572420671346,0.2493753123438281,0.003795721187025535,-2.834294340459376,0.21484060615742456,-3.255381928527928,-2.413206752390824,9.685934248593905e-40,0.2992503748125937,6.295857261586039e-39,not distinguishable,1800-1899,Oceania
era_region,1800-1899 | Oceania,Nobility,Kinship,Nobility + Kinship,16103,5796,8,3.798689505691163,0.983565933017251,-0.23827033552291557,1.7181151091147138,0.5168238086484198,0.05697151424287856,0.0013802622498274672,0.9282663512826878,0.35946710669785065,0.22371082215490046,1.632821880410475,0.009813280367315649,0.0871329041361672,0.015308717373012412,not distinguishable,1800-1899,Oceania
era_region,1800-1899 | Oceania,Nobility,Big business,Nobility + Big business,16103,5796,3,6.482887565061233,-0.9964688213026013,-3.7771133178367604,0.08498761056911613,0.8855482391460069,0.2193903048475762,0.0005175983436853002,-0.6704238091807193,0.5439695333432292,-1.7366040945334484,0.3957564761720098,0.2177751597723281,0.2805318652149335,0.2573706433672968,not distinguishable,1800-1899,Oceania
era_region,1800-1899 | Oceania,Nobility,Small business,Nobility + Small business,16103,5796,7,13.484852936076171,-0.8989025818731292,-2.091697206302882,-0.09547898695534446,0.5398420528880267,0.08345827086456771,0.0012077294685990338,-0.5298227455639439,0.37865331003273434,-1.2719832332281031,0.2123377421002154,0.1617442807131395,0.12055083569326447,0.20682055566598168,not distinguishable,1800-1899,Oceania
era_region,1800-1899 | Oceania,Nobility,Academia,Nobility + Academia,16103,5796,16,9.479756393352393,0.7253895196668453,-0.07311030622415397,1.2445387262807943,0.3377248169560176,0.04097951024487756,0.0027605244996549345,0.41145626852320527,0.2674923815459548,-0.11282879930686607,0.9357413363532766,0.12400018956640173,0.06800854891703084,0.16120024643632222,not distinguishable,1800-1899,Oceania
era_region,1800-1899 | Oceania,Nobility,Exploration & Invention,Nobility + Exploration & Invention,16103,5796,1,3.990756885039544,-1.5819961206967914,-3.340756200543975,-0.27109288472284415,1.0149500164437655,0.17541229385307347,0.0001725327812284334,-1.1310312845375015,0.8229196307597557,-2.7439537608266225,0.48189119175161976,0.16931356059317448,0.24003787579894265,0.21078814728202694,not distinguishable,1800-1899,Oceania
era_region,1800-1899 | Oceania,Nobility,Culture (core),Nobility + Culture (core),16103,5796,8,7.69146409224222,0.0533415078405028,-1.175727031825086,0.8024088516967025,0.5179930567026553,0.9015492253873063,0.0013802622498274672,-0.3485018355169279,0.3574992592914799,-1.0492003837282287,0.3521967126943727,0.3296434379012514,0.9132576568858427,0.37264040806228416,not distinguishable,1800-1899,Oceania
era_region,1800-1899 | Oceania,Nobility,Culture (periphery),Nobility + Culture (periphery),16103,5796,3,5.435269153004097,-0.7619585327294871,-3.5466370996749426,0.29651963894519456,0.897420908999426,0.3078460769615192,0.0005175983436853002,-0.5529005337351132,0.5440848831862499,-1.619306904780163,0.5135058373099366,0.3095328653316337,0.35311755886762497,0.3550524043509916,not distinguishable,1800-1899,Oceania
era_region,1800-1899 | Oceania,Nobility,Sport & Games,Nobility + Sport & Games,16103,5796,9,6.139751523192732,0.5167982602697433,-0.6266556554403905,1.2062581505800587,0.4714065906252863,0.24387806096951525,0.0015527950310559005,-1.7380992861676887,0.33927997600615306,-2.4030880391397487,-1.0731105331956288,3.008630097015631e-07,0.2992503748125937,8.092177502317904e-07,not distinguishable,1800-1899,Oceania
era_region,1800-1899 | Oceania,Kinship,Big business,Kinship + Big business,16103,5796,30,31.04095264655431,-0.04841699252277591,-0.5820963568829843,0.40689448605745765,0.25804679092535987,0.8465767116441779,0.005175983436853002,0.04875299449279563,0.189947827134043,-0.32354474668992866,0.4210507356755199,0.7974372484809357,0.86885504616113,0.8077935763832855,not distinguishable,1800-1899,Oceania
era_region,1800-1899 | Oceania,Kinship,Small business,Kinship + Small business,16103,5796,38,64.56732084794928,-0.757074706065018,-1.217668558717547,-0.3677456967588052,0.21664431578560847,0.0009995002498750624,0.006556245686680469,-0.3717310417644226,0.16970403404285908,-0.7043509484884264,-0.039111135040418854,0.028490404579453205,0.0026883110169053405,0.04192927466410094,dissociated,1800-1899,Oceania
era_region,1800-1899 | Oceania,Kinship,Academia,Kinship + Academia,16103,5796,45,45.39037062632486,-0.012324913184366418,-0.42686540006743867,0.3483957081117782,0.19928540814855447,0.9580209895052474,0.007763975155279503,-0.12506474344227225,0.15770682982750558,-0.4341701299041832,0.18404064301963868,0.42776589980890545,0.9580209895052474,0.4634130581263142,not distinguishable,1800-1899,Oceania
era_region,1800-1899 | Oceania,Kinship,Exploration & Invention,Kinship + Exploration & Invention,16103,5796,14,19.10828997868838,-0.4354108246403316,-1.3018149021462002,0.17280910286965168,0.37791988255731424,0.24737631184407796,0.0024154589371980675,-0.3327061663926054,0.2696155758513422,-0.8611526950612362,0.19574036227602531,0.217202149916346,0.2992503748125937,0.2573706433672968,not distinguishable,1800-1899,Oceania
era_region,1800-1899 | Oceania,Kinship,Culture (core),Kinship + Culture (core),16103,5796,72,36.827782415459566,0.9577311921723642,0.6532450604900489,1.2206100554244494,0.1480348962726179,0.0004997501249375312,0.012422360248447204,0.4081180335198266,0.1297220022809712,0.1538629090491231,0.6623731579905301,0.0016546498197764496,0.0016241879060469764,0.002805710563968762,associated,1800-1899,Oceania
era_region,1800-1899 | Oceania,Kinship,Culture (periphery),Kinship + Culture (periphery),16103,5796,28,26.024812355061098,0.10361937418372402,-0.47340402338378734,0.554796817405652,0.26690336651387603,0.6831584207896052,0.004830917874396135,0.09527857562198011,0.19622074157146402,-0.2893140778580894,0.4798712291020496,0.6272732631094559,0.7200859029944487,0.6611799259802372,not distinguishable,1800-1899,Oceania
era_region,1800-1899 | Oceania,Kinship,Sport & Games,Kinship + Sport & Games,16103,5796,68,29.397970330407105,1.1960564398921434,0.85251295842048,1.4765871551581622,0.15749292067005616,0.0004997501249375312,0.011732229123533472,-1.2060837357633312,0.13110597234945745,-1.4630514415682678,-0.9491160299583945,3.6027467909905395e-20,0.0016241879060469764,1.756339060607888e-19,associated,1800-1899,Oceania
era_region,1800-1899 | Oceania,Big business,Small business,Big business + Small business,16103,5796,108,110.19133856751714,-0.028847295126617833,-0.2923562237166969,0.1922873249270609,0.12480313693986554,0.8125937031484258,0.018633540372670808,0.10089578446305272,0.10545554140678842,-0.10579707669425259,0.30758864562035804,0.33868773260885543,0.8450974512743629,0.3773949020498675,not distinguishable,1800-1899,Oceania
era_region,1800-1899 | Oceania,Big business,Academia,Big business + Academia,16103,5796,39,77.46373291790849,-0.9809505154644013,-1.4336847751205746,-0.5952064052152644,0.21751553672989385,0.0004997501249375312,0.006728778467908903,-0.977055819905364,0.1647260566367133,-1.2999188909133221,-0.654192748897406,3.0036594653122466e-09,0.0016241879060469764,1.0649338104288874e-08,dissociated,1800-1899,Oceania
era_region,1800-1899 | Oceania,Big business,Exploration & Invention,Big business + Exploration & Invention,16103,5796,50,32.610429282738636,0.6089976722046236,0.1894674928946541,0.9330763647936534,0.18810122463824336,0.001999000499750125,0.00862663906142167,0.3510007276444276,0.1506910689126355,0.05564623257566198,0.6463552227131932,0.019844576347794886,0.004585942322956169,0.02976686452169233,associated,1800-1899,Oceania
era_region,1800-1899 | Oceania,Big business,Culture (core),Big business + Culture (core),16103,5796,66,62.850720574100585,0.06999331141713064,-0.27099987552232524,0.3595350806198867,0.16131874287811904,0.6496751624187906,0.011387163561076604,-0.4192337920107495,0.1299768558196937,-0.6739884294173492,-0.16447915460414986,0.0012577499782467525,0.6941734612145982,0.0021800999622943714,not distinguishable,1800-1899,Oceania
era_region,1800-1899 | Oceania,Big business,Culture (periphery),Big business + Culture (periphery),16103,5796,29,44.4142465834359,-0.6064581790263758,-1.1850985806643493,-0.18587704961386384,0.25050871700542693,0.020989505247376312,0.005003450655624569,-0.5481447849287391,0.1905464323547505,-0.92161579234405,-0.1746737775134281,0.0040185836123476605,0.03807398626268261,0.006396929015573827,dissociated,1800-1899,Oceania
era_region,1800-1899 | Oceania,Big business,Sport & Games,Big business + Sport & Games,16103,5796,66,50.17091710378129,0.39219639987052973,0.042231557201847694,0.6943259905026418,0.16289648241838614,0.01699150424787606,0.011387163561076604,-1.9757439386295113,0.128356570070214,-2.2273228159671308,-1.7241650612918917,1.834504576154541e-53,0.03155565074605554,1.7886419617506775e-52,associated,1800-1899,Oceania
era_region,1800-1899 | Oceania,Small business,Academia,Small business + Academia,16103,5796,149,161.1299032713692,-0.112548652467454,-0.3298786441259006,0.07876058654270944,0.10466721591639684,0.2843578210894553,0.025707384403036576,-0.18304343597801917,0.08989268796662714,-0.35923310439260836,-0.00685376756342998,0.04172587175503607,0.3360592431057199,0.0581181785159431,not distinguishable,1800-1899,Oceania
era_region,1800-1899 | Oceania,Small business,Exploration & Invention,Small business + Exploration & Invention,16103,5796,106,67.83194041957582,0.6402214297867007,0.38615497342623056,0.8637843457358211,0.122060329745485,0.0004997501249375312,0.01828847481021394,0.5492591664262553,0.10941530573569584,0.33480516718429143,0.7637131656682191,5.168541684192075e-07,0.0016241879060469764,1.300471778603167e-06,associated,1800-1899,Oceania
era_region,1800-1899 | Oceania,Small business,Culture (core),Small business + Culture (core),16103,5796,87,130.73383046712735,-0.5847847548777124,-0.8867683856831181,-0.32886138155242867,0.14278127015405845,0.0009995002498750624,0.015010351966873706,-0.8163938817116313,0.11296818124132328,-1.037811516944625,-0.5949762464786377,4.946548013594848e-13,0.0026883110169053405,1.929153725301991e-12,dissociated,1800-1899,Oceania
era_region,1800-1899 | Oceania,Small business,Culture (periphery),Small business + Culture (periphery),16103,5796,52,92.38469392436542,-0.8231234578042684,-1.242943991051039,-0.49801417205022536,0.1880756545876095,0.0004997501249375312,0.008971704623878536,-0.6041039920008971,0.14489770938914812,-0.8881035024036275,-0.32010448159816685,3.0570341784295704e-05,0.0016241879060469764,6.444558538310986e-05,dissociated,1800-1899,Oceania
era_region,1800-1899 | Oceania,Small business,Sport & Games,Small business + Sport & Games,16103,5796,60,104.35896535653849,-0.793443168464603,-1.187340618482705,-0.49339371150693245,0.17891945417887636,0.0004997501249375312,0.010351966873706004,-2.7991676648660078,0.13202059647763056,-3.0579280339621637,-2.540407295769852,9.054190417501634e-100,0.0016241879060469764,2.3540895085504245e-98,dissociated,1800-1899,Oceania
era_region,1800-1899 | Oceania,Academia,Exploration & Invention,Academia + Exploration & Invention,16103,5796,61,47.68537513269178,0.35199107364716276,0.0020283310431864375,0.6571714855786875,0.16910473543548193,0.03798100949525238,0.010524499654934438,-0.051948168017827145,0.1367870602649356,-0.3200508061371009,0.21615447010144662,0.7041131893740402,0.06583374979177078,0.7322777169490018,not distinguishable,1800-1899,Oceania
era_region,1800-1899 | Oceania,Academia,Culture (core),Academia + Culture (core),16103,5796,182,91.90495966645801,0.9818542711545222,0.7942770439568557,1.1493192845345372,0.09218566151214637,0.0004997501249375312,0.03140096618357488,0.11416774312526527,0.08324937196846031,-0.04900102593291693,0.27733651218344746,0.17025196511240637,0.0016241879060469764,0.21078814728202694,associated,1800-1899,Oceania
era_region,1800-1899 | Oceania,Academia,Culture (periphery),Academia + Culture (periphery),16103,5796,69,64.9457874719873,0.086712644166166,-0.25069332046996545,0.37976407018544356,0.15994690788583119,0.592703648175912,0.011904761904761904,-0.2295359391775585,0.1280777471300897,-0.4805683235525343,0.021496445197417335,0.07310718512771623,0.6604412079674449,0.09831655930968734,not distinguishable,1800-1899,Oceania
era_region,1800-1899 | Oceania,Academia,Sport & Games,Academia + Sport & Games,16103,5796,84,73.36361573477811,0.19408745503656352,-0.11578936805223025,0.4582584895443135,0.14535547723347172,0.1839080459770115,0.014492753623188406,-2.378930289322673,0.11303855125639561,-2.6004858497852084,-2.1573747288601375,2.5251155392748468e-98,0.2473246135552913,4.923975301585952e-97,not distinguishable,1800-1899,Oceania
era_region,1800-1899 | Oceania,Exploration & Invention,Culture (core),Exploration & Invention + Culture (core),16103,5796,26,38.68984975345926,-0.5644876822524268,-1.1867738150198133,-0.10539882263007365,0.27632862246279044,0.04847576211894053,0.004485852311939268,-0.990052036009585,0.20016453637526846,-1.3823745273051111,-0.5977295447140589,7.567969080221453e-07,0.07877311344327836,1.788792691688707e-06,not distinguishable,1800-1899,Oceania
era_region,1800-1899 | Oceania,Exploration & Invention,Culture (periphery),Exploration & Invention + Culture (periphery),16103,5796,22,27.34066549325026,-0.3072686958196455,-0.9550360914977791,0.21620942719957065,0.3010890757965468,0.29685157421289354,0.003795721187025535,-0.4170318832405533,0.21764402345557754,-0.8436141692134853,0.009550402732378671,0.05534993012543926,0.3455883998299358,0.07574200964533793,not distinguishable,1800-1899,Oceania
era_region,1800-1899 | Oceania,Exploration & Invention,Sport & Games,Exploration & Invention + Sport & Games,16103,5796,19,30.884375342204827,-0.6865723706025771,-1.4326441362745337,-0.1592640677281842,0.32722625554821655,0.038980509745127435,0.0032781228433402345,-2.841800251631083,0.23062449477987368,-3.2938242613996356,-2.389776241862531,6.87949538015092e-35,0.0660973860895639,3.8328617117983695e-34,not distinguishable,1800-1899,Oceania
era_region,1800-1899 | Oceania,Culture (core),Culture (periphery),Culture (core) + Culture (periphery),16103,5796,218,52.69420136507678,2.038292386740087,1.8842947466351667,2.174611849342515,0.07325906851107462,0.0004997501249375312,0.03761214630779848,1.2287029335906907,0.0834455583708899,1.0651496391837465,1.392256227997635,4.480763363464937e-49,0.0016241879060469764,3.8833282483362794e-48,associated,1800-1899,Oceania
era_region,1800-1899 | Oceania,Culture (core),Sport & Games,Culture (core) + Sport & Games,16103,5796,34,59.524062928114354,-0.7989446139573871,-1.3057368540573575,-0.37653892584891296,0.23628952190278155,0.001999000499750125,0.005866114561766736,-3.3345675646811372,0.1729182180617072,-3.6734872720820833,-2.9956478572801912,7.308822165316191e-83,0.004585942322956169,9.501468814911047e-82,dissociated,1800-1899,Oceania
era_region,1800-1899 | Oceania,Culture (periphery),Sport & Games,Culture (periphery) + Sport & Games,16103,5796,22,42.063422414072434,-0.9196891574160359,-1.6018718992758099,-0.404027796006169,0.3010869685452306,0.0069965017491254375,0.003795721187025535,-2.9979317867409527,0.21437432708705045,-3.4181054678315714,-2.577758105650334,1.9365633396772221e-44,0.013643178410794604,1.3731994590438485e-43,dissociated,1800-1899,Oceania
era_region,1900-2020 | Africa,Politics,Administration & Law,Politics + Administration & Law,53344,12434,1917,932.6363333245075,1.0390667951374248,1.001095657032593,1.0786238720768393,0.020088309680954854,0.0004997501249375312,0.15417403892552678,1.8837654159798347,0.037199268671151815,1.8108548493843772,1.9566759825752922,0.0,0.0009995002498750624,0.0,associated,1900-2020,Africa
era_region,1900-2020 | Africa,Politics,Military,Politics + Military,53344,12434,785,421.3231532641789,0.896972990765604,0.8344019456144277,0.9544887599068638,0.030189672176972014,0.0004997501249375312,0.06313334405661895,1.4334021051072552,0.051501542243209075,1.3324590823105653,1.534345127903945,1.7683357513075627e-170,0.0009995002498750624,1.2539108054726354e-169,associated,1900-2020,Africa
era_region,1900-2020 | Africa,Politics,Religion,Politics + Religion,53344,12434,159,202.10046372330797,-0.34508105227403524,-0.553105264103531,-0.16461794516890904,0.09809603750187287,0.0024987506246876563,0.012787518095544475,-0.8406675135780571,0.0841183457324244,-1.005539471213609,-0.6757955559425053,1.6213151748348793e-23,0.004429603380128118,5.058503345484824e-23,dissociated,1900-2020,Africa
era_region,1900-2020 | Africa,Politics,Nobility,Politics + Nobility,53344,12434,84,104.56734422861936,-0.3142910912977527,-0.5911117822249218,-0.07339477498307315,0.13472084882468588,0.017991004497751123,0.006755669937268779,0.22505074867543295,0.12504371741204673,-0.02003493745217863,0.47013643480304457,0.07189593022916266,0.025514515469537955,0.08901400885515376,dissociated,1900-2020,Africa
era_region,1900-2020 | Africa,Politics,Kinship,Politics + Kinship,53344,12434,250,281.8564481994656,-0.17270697523063513,-0.3213447126605987,-0.036119038270083476,0.07235444322456144,0.02048975512243878,0.020106160527585654,0.4765761290276113,0.07548606670905648,0.3286234382778606,0.624528819777362,2.7291474285964073e-10,0.02708815083983432,5.913152761958882e-10,dissociated,1900-2020,Africa
era_region,1900-2020 | Africa,Politics,Big business,Politics + Big business,53344,12434,623,521.0551745094994,0.2575696787754648,0.17441309479232694,0.33785353377764427,0.041874614077175715,0.0004997501249375312,0.05010455203474345,0.7453863465190166,0.05043011129895431,0.6465433283730662,0.844229364664967,1.954725954958836e-49,0.0009995002498750624,8.024664446673117e-49,associated,1900-2020,Africa
era_region,1900-2020 | Africa,Politics,Small business,Politics + Small business,53344,12434,274,257.9520804107903,0.08690933392169249,-0.04337789799432927,0.2134869809263756,0.06513347297600482,0.18590704647676162,0.022036351938233875,0.737842956536213,0.0750609834334226,0.5907234290067047,0.8849624840657213,8.369082511110222e-23,0.2101557916693827,2.417734947654064e-22,not distinguishable,1900-2020,Africa
era_region,1900-2020 | Africa,Politics,Academia,Politics + Academia,53344,12434,1161,1070.0249448427842,0.11767074106534192,0.05869806185753142,0.175394759991096,0.029725646376210033,0.0004997501249375312,0.09337300949010777,0.5615083430400843,0.0367382351879361,0.4895014020717296,0.633515284008439,9.770473856959798e-53,0.0009995002498750624,4.233872004682579e-52,associated,1900-2020,Africa
era_region,1900-2020 | Africa,Politics,Exploration & Invention,Politics + Exploration & Invention,53344,12434,226,179.61510402900043,0.33059188294147757,0.18664143798265934,0.46307706560577916,0.07120809374098123,0.0004997501249375312,0.01817596911693743,0.9530542925098218,0.0857185020536838,0.7850460284846015,1.121062556535042,1.020636494906971e-28,0.0009995002498750624,3.317068608447656e-28,associated,1900-2020,Africa
era_region,1900-2020 | Africa,Politics,Culture (core),Politics + Culture (core),53344,12434,481,1346.9594305712908,-1.4846341336593365,-1.5985717900198118,-1.3775224560939732,0.05674454036331559,0.0004997501249375312,0.0386842528550748,-1.6412725551683198,0.04820301624475996,-1.7357504670080492,-1.5467946433285904,4.1756317351684284e-254,0.0009995002498750624,5.428321255718957e-253,dissociated,1900-2020,Africa
era_region,1900-2020 | Africa,Politics,Culture (periphery),Politics + Culture (periphery),53344,12434,323,723.3266058977356,-1.161878426013895,-1.3091224469371612,-1.0288908547676356,0.0712675695731692,0.0004997501249375312,0.02597715940164066,-0.5600144526938844,0.06051805032954811,-0.6786298313397987,-0.4413990740479701,2.1690104597972212e-20,0.0009995002498750624,6.04224342372083e-20,dissociated,1900-2020,Africa
era_region,1900-2020 | Africa,Politics,Sport & Games,Politics + Sport & Games,53344,12434,190,431.58291666527384,-1.1815171942608842,-1.3703449488425412,-1.008028513972339,0.0926702503485798,0.0004997501249375312,0.015280682000965096,-4.710818728579463,0.07383059585238047,-4.855526696450129,-4.566110760708797,0.0,0.0009995002498750624,0.0,dissociated,1900-2020,Africa
era_region,1900-2020 | Africa,Administration & Law,Military,Administration & Law + Military,53344,12434,102,127.70908881668736,-0.32287462933965283,-0.6147311512303585,-0.09032666221493325,0.13223801928549545,0.01899050474762619,0.008203313495254947,0.05027179884753608,0.1037539402867158,-0.1530859241144269,0.25362952180949905,0.6280104478614501,0.02645106018419362,0.6445370385946462,dissociated,1900-2020,Africa
era_region,1900-2020 | Africa,Administration & Law,Religion,Administration & Law + Religion,53344,12434,19,61.259548333794406,-1.6631880778056916,-2.3364329638037633,-1.1214940241806441,0.319044976367223,0.0004997501249375312,0.0015280682000965095,-1.712628378021847,0.22854735416378624,-2.160581192182868,-1.264675563860826,6.704119959506643e-14,0.0009995002498750624,1.6341292401297444e-13,dissociated,1900-2020,Africa
era_region,1900-2020 | Africa,Administration & Law,Nobility,Administration & Law + Nobility,53344,12434,15,31.695861354774614,-1.0546070322600294,-1.8573209838174418,-0.4656936771635809,0.3566600455868626,0.0079960019990005,0.001206369631655139,-0.3726739440510772,0.2603412480508216,-0.8829427902306874,0.13759490212853315,0.15229197515100373,0.012229179527883117,0.17468785384968075,dissociated,1900-2020,Africa
era_region,1900-2020 | Africa,Administration & Law,Kinship,Administration & Law + Kinship,53344,12434,21,85.4347307946106,-1.99890465919217,-2.6965260325489204,-1.4728785700192966,0.3137110315432508,0.0004997501249375312,0.0016889174843171947,-0.9800646948083546,0.21909003482440487,-1.4094811630641881,-0.550648226552521,7.700639771203534e-06,0.0009995002498750624,1.3968602375671527e-05,dissociated,1900-2020,Africa
era_region,1900-2020 | Africa,Administration & Law,Big business,Administration & Law + Big business,53344,12434,71,157.93929444486034,-1.147915034817502,-1.4916530899963587,-0.8483842363297777,0.16534343368232268,0.0004997501249375312,0.005710149589834325,-0.5090873184450978,0.12197846040793954,-0.7481651008446593,-0.27000953604553635,2.9984538490552387e-05,0.0009995002498750624,5.145376748791465e-05,dissociated,1900-2020,Africa
era_region,1900-2020 | Africa,Administration & Law,Small business,Administration & Law + Small business,53344,12434,25,78.18897416960851,-1.6256642536396493,-2.2343440584719416,-1.1645569196433354,0.28027183918687265,0.0004997501249375312,0.002010616052758565,-0.7140946527865442,0.2020339080776876,-1.1100811126188117,-0.3181081929542765,0.0004085030215679357,0.0009995002498750624,0.0006638174100478955,dissociated,1900-2020,Africa
era_region,1900-2020 | Africa,Administration & Law,Academia,Administration & Law + Academia,53344,12434,191,324.3399031320606,-0.7623844710218198,-0.9593489645048239,-0.5813286324950715,0.0979250043918157,0.0004997501249375312,0.015361106643075438,-0.27730586907718807,0.07636109864395298,-0.4269736224193359,-0.12763811573504025,0.00028177094413504676,0.0009995002498750624,0.00046761986473475847,dissociated,1900-2020,Africa
era_region,1900-2020 | Africa,Administration & Law,Exploration & Invention,Administration & Law + Exploration & Invention,53344,12434,15,54.443913408374264,-1.8256914552671013,-2.661761009891697,-1.205285134827444,0.3746107507323137,0.0009995002498750624,0.001206369631655139,-0.8862930475129871,0.2580814306234677,-1.392132651534984,-0.3804534434909904,0.0005943921972458529,0.001901488280250119,0.0009461753343913576,dissociated,1900-2020,Africa
era_region,1900-2020 | Africa,Administration & Law,Culture (core),Administration & Law + Culture (core),53344,12434,129,408.282716529096,-1.6583821020210423,-1.9093348704061404,-1.4240601238511092,0.1241313738952995,0.0004997501249375312,0.010374778832234196,-1.6467364369782356,0.09042053349543494,-1.823960682629288,-1.4695121913271831,4.147180524524107e-74,0.0009995002498750624,2.310572006520574e-73,dissociated,1900-2020,Africa
era_region,1900-2020 | Africa,Administration & Law,Culture (periphery),Administration & Law + Culture (periphery),53344,12434,54,219.25066552928203,-2.0115393996695077,-2.442364384253167,-1.6594749870459105,0.19563745168639188,0.0004997501249375312,0.004342930673958501,-1.138676980963506,0.13812608329616372,-1.4094041042239869,-0.8679498577030251,1.6689485409561202e-16,0.0009995002498750624,4.1992898772444314e-16,dissociated,1900-2020,Africa
era_region,1900-2020 | Africa,Administration & Law,Sport & Games,Administration & Law + Sport & Games,53344,12434,53,130.8189702112355,-1.2954645449873545,-1.712613505782486,-0.9301299220280806,0.1976030600742834,0.0004997501249375312,0.004262506031848158,-4.405238336051935,0.1381352458005289,-4.675983417820972,-4.134493254282899,3.585924239829536e-223,0.0009995002498750624,3.9957441529529116e-222,dissociated,1900-2020,Africa
era_region,1900-2020 | Africa,Military,Religion,Military + Religion,53344,12434,15,27.674308998374737,-0.8621120118689534,-1.7194115864629216,-0.25862882033468343,0.37105857753031,0.025487256371814093,0.001206369631655139,-1.1714455934166204,0.2565128213638359,-1.6742107232897387,-0.668680463543502,4.951999457504587e-06,0.03313343328335832,9.196570421079947e-06,dissociated,1900-2020,Africa
era_region,1900-2020 | Africa,Military,Nobility,Military + Nobility,53344,12434,12,14.31876474704243,-0.24549709853308113,-1.1903928985426462,0.38840899005503254,0.4053766187969209,0.5272363818090955,0.0009650957053241113,0.175164970596891,0.28908025860990666,-0.3914323362785261,0.741762277472308,0.5445553345729842,0.5483258370814593,0.5739907580634158,not distinguishable,1900-2020,Africa
era_region,1900-2020 | Africa,Military,Kinship,Military + Kinship,53344,12434,16,38.59556923795831,-1.2445390894392239,-2.038644928221685,-0.6713276611120373,0.3483120714888066,0.00399800099950025,0.0012867942737654818,-0.4778013020528119,0.24984157246724742,-0.9674907840886169,0.011888179982993019,0.05582271302524365,0.006779219086109119,0.07022857445111298,dissociated,1900-2020,Africa
era_region,1900-2020 | Africa,Military,Big business,Military + Big business,53344,12434,47,71.34987045017321,-0.5970580419716478,-1.0688522454905676,-0.25308300791675914,0.20798547997152894,0.0069965017491254375,0.0037799581791861025,-0.15382352580354638,0.149260463872874,-0.44637403499437944,0.13872698338728665,0.30274197750576226,0.010914542728635684,0.32797047563124243,dissociated,1900-2020,Africa
era_region,1900-2020 | Africa,Military,Small business,Military + Small business,53344,12434,13,35.32226224792441,-1.4078970420188444,-2.389877097111066,-0.7775991255794085,0.4069195745628131,0.005497251374312844,0.001045520347434454,-0.5958500849441721,0.2756590485230856,-1.1361418200494198,-0.05555834983892438,0.030653083714441105,0.00893303348325837,0.04194632508291941,dissociated,1900-2020,Africa
era_region,1900-2020 | Africa,Military,Academia,Military + Academia,53344,12434,53,146.52218215634386,-1.4584230432832077,-1.8712095004846305,-1.0933224408323463,0.1908355995391191,0.0004997501249375312,0.004262506031848158,-0.8457869429318151,0.1400809330004937,-1.1203455716127828,-0.5712283142508474,1.5618610360899248e-09,0.0009995002498750624,3.2925719139193012e-09,dissociated,1900-2020,Africa
era_region,1900-2020 | Africa,Military,Exploration & Invention,Military + Exploration & Invention,53344,12434,8,24.595311648958454,-1.561883116116794,-2.876806425876647,-0.760661828680933,0.5414472084251977,0.015992003998001,0.0006433971368827409,-0.7300951017430289,0.3464756780841224,-1.4091874307879086,-0.051002772698149124,0.03509985860692101,0.02353540211026562,0.04640320290406506,dissociated,1900-2020,Africa
era_region,1900-2020 | Africa,Military,Culture (core),Military + Culture (core),53344,12434,69,184.44377020796404,-1.4120018214523058,-1.764823957806156,-1.1174474811444328,0.16609816187581364,0.0004997501249375312,0.00554930030561364,-1.4971130058499347,0.1232313063061186,-1.7386463662099272,-1.2555796454899422,5.821078922469416e-34,0.0009995002498750624,2.1621150283457834e-33,dissociated,1900-2020,Africa
era_region,1900-2020 | Africa,Military,Culture (periphery),Military + Culture (periphery),53344,12434,22,99.04759063673025,-2.145461397190503,-2.842233090259346,-1.6447458261652923,0.3099053660893116,0.0004997501249375312,0.0017693421264275374,-1.2690297871294056,0.2133108895800849,-1.687119130706372,-0.8509404435524393,2.6945126640017525e-09,0.0009995002498750624,5.530841784003597e-09,dissociated,1900-2020,Africa
era_region,1900-2020 | Africa,Military,Sport & Games,Military + Sport & Games,53344,12434,108,59.098127605321004,0.8643561313151638,0.6054828732517746,1.0935240929997243,0.12506316919554886,0.0004997501249375312,0.008685861347917002,-2.8270922891940624,0.09986481320735854,-3.022827323080485,-2.63135725530764,2.663244641093294e-176,0.0009995002498750624,2.0773308200527693e-175,associated,1900-2020,Africa
era_region,1900-2020 | Africa,Religion,Nobility,Religion + Nobility,53344,12434,3,6.868430972526531,-1.0740025237016253,-3.872503603248638,-0.012389057714754601,0.9037140673577411,0.2318840579710145,0.00024127392633102783,-1.1508730900118076,0.5377646176151066,-2.2048917405374167,-0.09685443948619854,0.03234623057238406,0.254745866503368,0.04350010318355098,not distinguishable,1900-2020,Africa
era_region,1900-2020 | Africa,Religion,Kinship,Religion + Kinship,53344,12434,35,18.51353855164358,0.9007919720713635,0.40223009414916366,1.2772136454436278,0.22407295722348478,0.0004997501249375312,0.0028148624738619913,0.30142163398640637,0.17321694407004676,-0.038083576390885276,0.640926844363698,0.08183453845355308,0.0009995002498750624,0.09820144614426371,associated,1900-2020,Africa
era_region,1900-2020 | Africa,Religion,Big business,Religion + Big business,53344,12434,12,34.22513525036778,-1.4740522184598346,-2.4872832980976667,-0.8437458741463725,0.4245692050667693,0.004997501249375313,0.0009650957053241113,-1.5527506360698056,0.28493489883904843,-2.1112230377943404,-0.9942782343452706,5.051371156248385e-08,0.008293725477686689,1.0102742312496772e-07,dissociated,1900-2020,Africa
era_region,1900-2020 | Africa,Religion,Small business,Religion + Small business,53344,12434,7,16.943397306213857,-1.2177185485396436,-2.7362540744847217,-0.4286570504421935,0.5620225433399635,0.03398300849575212,0.0005629724947723983,-1.2164613309307772,0.36772588510226634,-1.9372040657312193,-0.4957185961303352,0.0009394281949588855,0.04275281713981719,0.0014655079841358616,dissociated,1900-2020,Africa
era_region,1900-2020 | Africa,Religion,Academia,Religion + Academia,53344,12434,212,70.28382069708044,1.5859712999472522,1.421490798534058,1.7360915855630326,0.07949707378595167,0.0004997501249375312,0.01705002412739263,0.6636923908941441,0.0755413636112074,0.5156313182161776,0.8117534635721106,1.5523589738122572e-18,0.0009995002498750624,4.036133331911869e-18,associated,1900-2020,Africa
era_region,1900-2020 | Africa,Religion,Exploration & Invention,Religion + Exploration & Invention,53344,12434,5,11.79788922389705,-1.1609071928278616,-3.016408343697482,-0.286678733928396,0.7230037476884866,0.07546226886556721,0.00040212321055171305,-1.1939410210056765,0.42917742412485005,-2.0351287722903826,-0.3527532697209703,0.005403689960623499,0.0934294757383213,0.007805329943122831,not distinguishable,1900-2020,Africa
era_region,1900-2020 | Africa,Religion,Culture (core),Religion + Culture (core),53344,12434,95,88.47406367561244,0.1021158876292103,-0.19099457870874154,0.3539772480648421,0.13701600815211692,0.46326836581709147,0.007640341000482548,-1.1811365052384746,0.10614126222052171,-1.389173379190697,-0.973099631286252,9.170273007910884e-29,0.48830989910450184,3.109918672248039e-28,not distinguishable,1900-2020,Africa
era_region,1900-2020 | Africa,Religion,Culture (periphery),Religion + Culture (periphery),53344,12434,17,47.51118907962816,-1.4560157452040396,-2.2650516254415387,-0.9108841203259341,0.3451661021112603,0.0004997501249375312,0.0013672189158758243,-1.5471535383974266,0.2412134902081876,-2.019931979205474,-1.0743750975893789,1.4171082570963796e-10,0.0009995002498750624,3.158126972957646e-10,dissociated,1900-2020,Africa
era_region,1900-2020 | Africa,Religion,Sport & Games,Religion + Sport & Games,53344,12434,35,28.348214195400747,0.2993370108134897,-0.24944901072656994,0.6915361002982591,0.23918064192373797,0.2013993003498251,0.0028148624738619913,-4.020877810438855,0.1699412599750928,-4.353962679990037,-3.6877929408876735,9.225464384951253e-124,0.22441636324694794,5.996551850218314e-123,not distinguishable,1900-2020,Africa
era_region,1900-2020 | Africa,Nobility,Kinship,Nobility + Kinship,53344,12434,59,9.57895653950577,2.561543382083094,2.211034270985286,2.8537413550331068,0.16278197750453371,0.0004997501249375312,0.004745053884510214,2.545031300083157,0.14634158014572624,2.2582018029975335,2.83186079716878,9.647900813248821e-68,0.0009995002498750624,4.703351646458801e-67,associated,1900-2020,Africa
era_region,1900-2020 | Africa,Nobility,Big business,Nobility + Big business,53344,12434,11,17.708180540822383,-0.6629529065115713,-1.731197110896194,0.024592277856012378,0.44680431249641966,0.11294352823588207,0.0008846710632137687,-0.07390525936285097,0.30070375920991066,-0.6632846274142759,0.5154741086885739,0.8058569437250671,0.13347871518786064,0.8058569437250671,not distinguishable,1900-2020,Africa
era_region,1900-2020 | Africa,Nobility,Small business,Nobility + Small business,53344,12434,2,8.76656107502437,-1.8901059429391414,-4.267547055804686,-0.6859107004305967,1.0169944772463066,0.14592703648175911,0.00016084928422068523,-0.7817750190786203,0.6356791195752031,-2.0277060934460183,0.46415605528877757,0.21876208699442168,0.16988520665040613,0.24376346836521273,not distinguishable,1900-2020,Africa
era_region,1900-2020 | Africa,Nobility,Academia,Nobility + Academia,53344,12434,16,36.36504507281136,-1.1597874964015684,-1.9702227314610423,-0.591810207640431,0.3573569939824134,0.0069965017491254375,0.0012867942737654818,-0.5017684171318477,0.2526379292207623,-0.9969387584045417,-0.006598075859153674,0.047020364352673434,0.010914542728635684,0.06012440031981193,dissociated,1900-2020,Africa
era_region,1900-2020 | Africa,Nobility,Exploration & Invention,Nobility + Exploration & Invention,53344,12434,2,6.10426082611746,-1.4014690037277577,-3.793359206369429,-0.23881806698885646,1.0189049799807341,0.16091954022988506,0.00016084928422068523,-0.44689618432748307,0.6360609719196854,-1.6935756892900662,0.7997833206351002,0.48230531197378934,0.18458417849898578,0.515339922382953,not distinguishable,1900-2020,Africa
era_region,1900-2020 | Africa,Nobility,Culture (core),Nobility + Culture (core),53344,12434,48,45.77672758009408,0.06769789821500397,-0.3902996595546625,0.4094148719849637,0.19956099882662767,0.7236381809095452,0.0038603828212964452,-0.23785830577515527,0.15494008214112648,-0.5415408667717632,0.06582425522145263,0.12474375559193335,0.7330360793629159,0.14522407367419107,not distinguishable,1900-2020,Africa
era_region,1900-2020 | Africa,Nobility,Culture (periphery),Nobility + Culture (periphery),53344,12434,11,24.58242188895845,-1.125042796320252,-2.1880126685308308,-0.49331014280316693,0.4418531603676761,0.019490254872563718,0.0008846710632137687,-0.40948011309645044,0.30045522732420116,-0.9983723586518847,0.17941213245898385,0.17292485156137394,0.026670875088771404,0.1954802669824227,dissociated,1900-2020,Africa
era_region,1900-2020 | Africa,Nobility,Sport & Games,Nobility + Sport & Games,53344,12434,58,14.66744517763932,1.9474585279018284,1.5838963417796033,2.2546535832511867,0.16358046037480292,0.0004997501249375312,0.004664629242399871,-1.796146686829281,0.14328779683542262,-2.0769907686267093,-1.5153026050318528,4.7891937205802894e-36,0.0009995002498750624,1.867785551026313e-35,associated,1900-2020,Africa
era_region,1900-2020 | Africa,Kinship,Big business,Kinship + Big business,53344,12434,32,47.7315830112193,-0.5695384435025054,-1.1413432118351032,-0.15531802275810336,0.24896680254899167,0.028985507246376812,0.0025735885475309636,0.06519794537084307,0.18032673620626186,-0.2882424575934302,0.4186383483351163,0.7176849611234535,0.037063435495367066,0.7270055450341477,dissociated,1900-2020,Africa
era_region,1900-2020 | Africa,Kinship,Small business,Kinship + Small business,53344,12434,9,23.629860600913933,-1.3448201625195677,-2.496530115123674,-0.6250701280942416,0.48151724514355126,0.01999000499750125,0.0007238217789930835,-0.35036507229442326,0.32814743917889594,-0.9935340530850593,0.29280390849621274,0.28565303751563875,0.026883110169053405,0.3138160130453496,dissociated,1900-2020,Africa
era_region,1900-2020 | Africa,Kinship,Academia,Kinship + Academia,53344,12434,49,98.0202999172165,-0.9929924945287347,-1.4182703939203671,-0.6522526360753765,0.1966495490927756,0.0004997501249375312,0.003940807463406788,-0.3005779199403342,0.1472459630377648,-0.5891800074943532,-0.011975832386315222,0.04121782242020382,0.0009995002498750624,0.05358316914626496,dissociated,1900-2020,Africa
era_region,1900-2020 | Africa,Kinship,Exploration & Invention,Kinship + Exploration & Invention,53344,12434,4,16.453753205885736,-1.9136077846308859,-3.555582604919543,-0.9208547246974481,0.7551199012252804,0.01649175412293853,0.00032169856844137045,-0.7737345576196695,0.4744617979672619,-1.7036796816355029,0.15621056639616382,0.10294042082317853,0.02382142262202232,0.12165686097284736,dissociated,1900-2020,Africa
era_region,1900-2020 | Africa,Kinship,Culture (core),Kinship + Culture (core),53344,12434,177,123.3890555517094,0.5187702802274373,0.331607185536608,0.6915395495507366,0.09357554464144335,0.0004997501249375312,0.014235161653530642,0.237656454625179,0.084811491057693,0.07142593215210072,0.40388697709825727,0.005075967490628755,0.0009995002498750624,0.007577884306562879,associated,1900-2020,Africa
era_region,1900-2020 | Africa,Kinship,Culture (periphery),Kinship + Culture (periphery),53344,12434,14,66.26078316203699,-2.2029479786268658,-3.1446515117574516,-1.5757956488098328,0.39171676771720987,0.0004997501249375312,0.0011259449895447966,-1.1092631395428127,0.2655829882414736,-1.6298057964961008,-0.5887204825895246,2.957556143608371e-05,0.0009995002498750624,5.145376748791465e-05,dissociated,1900-2020,Africa
era_region,1900-2020 | Africa,Kinship,Sport & Games,Kinship + Sport & Games,53344,12434,183,39.53542123907475,2.1964311721288112,2.018718245356639,2.358147988469518,0.08823099839876869,0.0004997501249375312,0.014717709506192698,-1.5173193721901483,0.08342755935251309,-1.680837388521074,-1.3538013558592228,6.510564986237365e-74,0.0009995002498750624,3.38549379284343e-73,associated,1900-2020,Africa
era_region,1900-2020 | Africa,Big business,Small business,Big business + Small business,53344,12434,95,43.683446725089674,1.1119947662606455,0.8421303542132854,1.3542385049120318,0.1327764861643786,0.0004997501249375312,0.007640341000482548,1.3543117015744337,0.11163512287683358,1.1355068607358398,1.5731165424130276,7.183958301826886e-34,0.0009995002498750624,2.5470397615568053e-33,associated,1900-2020,Africa
era_region,1900-2020 | Africa,Big business,Academia,Big business + Academia,53344,12434,183,181.2056626878886,0.01417668254744602,-0.18909941140061928,0.19293229448786384,0.09569237952131003,0.8845577211394303,0.014717709506192698,0.3319919973325632,0.0795978722115936,0.17598016779783973,0.4880038268672866,3.0344529544154795e-05,0.8845577211394303,5.145376748791465e-05,not distinguishable,1900-2020,Africa
era_region,1900-2020 | Africa,Big business,Exploration & Invention,Big business + Exploration & Invention,53344,12434,61,30.417303924733414,0.9921718927416611,0.6185135797575834,1.312303868581489,0.17294840576391926,0.0004997501249375312,0.0049059031687308996,1.2142151321826964,0.13696765025499083,0.9457585376829143,1.4826717266824785,7.651955039522338e-19,0.0009995002498750624,2.058112045112905e-18,associated,1900-2020,Africa
era_region,1900-2020 | Africa,Big business,Culture (core),Big business + Culture (core),53344,12434,148,228.10372543813298,-0.622385983582016,-0.8424213569174636,-0.42045024539139497,0.10931294075652419,0.0004997501249375312,0.011902847032330707,-0.8503230716062166,0.0863689614334708,-1.0196062360158193,-0.6810399071966138,7.186817517120659e-23,0.0009995002498750624,2.1560452551361977e-22,dissociated,1900-2020,Africa
era_region,1900-2020 | Africa,Big business,Culture (periphery),Big business + Culture (periphery),53344,12434,104,122.49329101457376,-0.2350766798926452,-0.5024186833993688,0.016693844400572613,0.13140137236034782,0.08045977011494253,0.008364162779475631,0.183850460243822,0.10281981854970017,-0.01767638411359032,0.3853773046012343,0.07376247570498504,0.0980603448275862,0.08989801726545052,not distinguishable,1900-2020,Africa
era_region,1900-2020 | Africa,Big business,Sport & Games,Big business + Sport & Games,53344,12434,142,73.08733202532324,0.9534325848016424,0.7282027684409629,1.145895581195784,0.10935514612098073,0.0004997501249375312,0.01142029917966865,-2.710175033738877,0.08764629992996024,-2.881961781601599,-2.538388285876155,6.09792917730878e-210,0.0009995002498750624,5.28487195366761e-209,associated,1900-2020,Africa
era_region,1900-2020 | Africa,Small business,Academia,Small business + Academia,53344,12434,94,89.70715570871779,0.06707244911233501,-0.21213019401576802,0.3098480129122912,0.13275173193641815,0.6196901549225388,0.007559916358372205,0.5116961067296425,0.11073046103026757,0.29466440311031805,0.7287278103489669,3.817178088194031e-06,0.635997790578395,7.261948558027669e-06,not distinguishable,1900-2020,Africa
era_region,1900-2020 | Africa,Small business,Exploration & Invention,Small business + Exploration & Invention,53344,12434,18,15.058303250242911,0.24984053856246016,-0.540514663154695,0.7909884153946775,0.3390131052636695,0.45027486256871563,0.001447643557986167,0.7694269942358165,0.2389831367672212,0.30102004617206296,1.2378339422995701,0.0012837541138337137,0.48111560658027147,0.0019633886446868564,not distinguishable,1900-2020,Africa
era_region,1900-2020 | Africa,Small business,Culture (core),Small business + Culture (core),53344,12434,129,112.92437615960266,0.1912213731045703,-0.04351520132300307,0.3998439003901398,0.11456777685491068,0.09195402298850575,0.010374778832234196,-0.04787293876273699,0.09659584742801468,-0.23720079972164576,0.14145492219617178,0.6201763841322268,0.1103448275862069,0.6445370385946462,not distinguishable,1900-2020,Africa
era_region,1900-2020 | Africa,Small business,Culture (periphery),Small business + Culture (periphery),53344,12434,54,60.64117736344947,-0.16588810382134253,-0.5480711906531598,0.1674151576720576,0.1845765910037848,0.3733133433283358,0.004342930673958501,0.37135070465475856,0.14175694066406627,0.09350710095318865,0.6491943083563285,0.008802526923662778,0.40442278860569714,0.012483583637194484,not distinguishable,1900-2020,Africa
era_region,1900-2020 | Africa,Small business,Sport & Games,Small business + Sport & Games,53344,12434,59,36.18240499262636,0.6978014395968649,0.3005376557325943,1.013378018838576,0.18073542978614568,0.0014992503748125937,0.004745053884510214,-2.72196832302698,0.1349731859736594,-2.9865157675353524,-2.457420878518608,1.9190128873267763e-90,0.0027843221246519594,1.1514077323960658e-89,associated,1900-2020,Africa
era_region,1900-2020 | Africa,Academia,Exploration & Invention,Academia + Exploration & Invention,53344,12434,90,62.46416031654957,0.5233869230505894,0.22797329501596417,0.780951740968157,0.1408165843585207,0.0009995002498750624,0.007238217789930835,0.8461020241045849,0.11560101256551637,0.6195240394761728,1.072680008732997,2.4953249426881256e-13,0.001901488280250119,5.89804077362648e-13,associated,1900-2020,Africa
era_region,1900-2020 | Africa,Academia,Culture (core),Academia + Culture (core),53344,12434,721,468.42769858323726,0.6216338961472732,0.5352418686522893,0.7048248395385994,0.04327989587242642,0.0004997501249375312,0.05798616696155702,0.12007156569315977,0.04292015673379674,0.03594805849491817,0.20419507289140137,0.005149075233946572,0.0009995002498750624,0.007577884306562879,associated,1900-2020,Africa
era_region,1900-2020 | Africa,Academia,Culture (periphery),Academia + Culture (periphery),53344,12434,99,251.5489402535256,-1.3409354577414263,-1.641552078178083,-1.0969146745442488,0.14055563489082626,0.0004997501249375312,0.007962039568923919,-0.7033697729795675,0.10363109473479193,-0.9064867186597596,-0.5002528272993754,1.1429392989483584e-11,0.0009995002498750624,2.6220372152344693e-11,dissociated,1900-2020,Africa
era_region,1900-2020 | Africa,Academia,Sport & Games,Academia + Sport & Games,53344,12434,80,150.09018669226745,-0.9035670705697801,-1.2240836543307474,-0.6262624737979352,0.15301698509433537,0.0004997501249375312,0.006433971368827409,-4.20217903169171,0.11297660956369479,-4.423613186436552,-3.980744876946868,8.182175782144491e-303,0.0009995002498750624,1.2764194220145405e-301,dissociated,1900-2020,Africa
era_region,1900-2020 | Africa,Exploration & Invention,Culture (core),Exploration & Invention + Culture (core),53344,12434,54,78.63058727425779,-0.5379792344558999,-0.9584403182832164,-0.20531846064497097,0.19341060905763144,0.009495252373813094,0.004342930673958501,-0.6652106391102997,0.14275989847626966,-0.9450200401237882,-0.38540123809681115,3.167531290297213e-06,0.014242878560719641,6.176686016079565e-06,dissociated,1900-2020,Africa
era_region,1900-2020 | Africa,Exploration & Invention,Culture (periphery),Exploration & Invention + Culture (periphery),53344,12434,16,42.2251736184153,-1.3726203299913027,-2.1554249063934057,-0.7782124181391635,0.3604993570739338,0.0024987506246876563,0.0012867942737654818,-0.546499699500896,0.2505780065094458,-1.0376325922594098,-0.05536680674238231,0.029186643694519718,0.004429603380128118,0.040652825145938175,dissociated,1900-2020,Africa
era_region,1900-2020 | Africa,Exploration & Invention,Sport & Games,Exploration & Invention + Sport & Games,53344,12434,48,25.1942392804914,0.9165398078443343,0.4795421233274574,1.2614567336923315,0.1987701803193341,0.0004997501249375312,0.0038603828212964452,-2.5777814095469,0.15023113906386637,-2.872234442112078,-2.283328376981722,5.404709966842506e-66,0.0009995002498750624,2.4798081024336205e-65,associated,1900-2020,Africa
era_region,1900-2020 | Africa,Culture (core),Culture (periphery),Culture (core) + Culture (periphery),53344,12434,1289,316.65263408834204,2.023562543594275,1.9684578117352853,2.0768262668929314,0.028058158706498786,0.0004997501249375312,0.10366736368023162,1.762986049049602,0.04153225776762622,1.6815828238250548,1.8443892742741494,0.0,0.0009995002498750624,0.0,associated,1900-2020,Africa
era_region,1900-2020 | Africa,Culture (core),Sport & Games,Culture (core) + Sport & Games,53344,12434,251,188.93521443190178,0.4088538592773646,0.23692856392534065,0.5556780646483366,0.08055102726140798,0.0004997501249375312,0.020186585169695993,-4.119810764273069,0.06472907836982321,-4.2466797578779225,-3.9929417706682155,0.0,0.0009995002498750624,0.0,associated,1900-2020,Africa
era_region,1900-2020 | Africa,Culture (periphery),Sport & Games,Culture (periphery) + Sport & Games,53344,12434,72,101.45952750160075,-0.4919436925452444,-0.8437845085600361,-0.19909268957059972,0.16484935486205254,0.00399800099950025,0.005790574231944668,-3.7939837360723603,0.11948714961381103,-4.02817854931543,-3.5597889228292905,2.9577607947291003e-221,0.006779219086109119,2.8838167748608728e-220,dissociated,1900-2020,Africa
era_region,1900-2020 | America,Politics,Administration & Law,Politics + Administration & Law,447239,139740,11943,2892.6346870511675,2.0455202819904037,2.027237943866633,2.0626143866491016,0.009115237731296683,0.0004997501249375312,0.08546586517818806,1.7672810180337981,0.01319622173280757,1.7414164234374954,1.7931456126301009,0.0,0.0005732427903695211,0.0,associated,1900-2020,America
era_region,1900-2020 | America,Politics,Military,Politics + Military,447239,139740,2374,1405.5398928049524,0.7559862284035815,0.7064180139682705,0.8049581622203815,0.02478811885417086,0.0004997501249375312,0.016988693287533992,0.25741239523728476,0.02300788118645541,0.21231694811183216,0.30250784236273737,4.6679455575509825e-29,0.0005732427903695211,7.430607214060746e-29,associated,1900-2020,America
era_region,1900-2020 | America,Politics,Religion,Politics + Religion,447239,139740,766,958.7341507077967,-0.3235972306918232,-0.4188020777462121,-0.22494332628054364,0.049519387863104815,0.0004997501249375312,0.00548160870187491,-0.7543045288381829,0.037761427305228905,-0.8283169263564315,-0.6802921313199343,8.99241382852738e-89,0.0005732427903695211,2.2626073504036633e-88,dissociated,1900-2020,America
era_region,1900-2020 | America,Politics,Nobility,Politics + Nobility,447239,139740,244,317.5715092712123,-0.3795166854677124,-0.5612752399300631,-0.21739298945634034,0.08665498612059037,0.0004997501249375312,0.0017460998998139402,-0.33768008457065385,0.06775485914356985,-0.4704796084920507,-0.20488056064925694,6.233126548151822e-07,0.0005732427903695211,7.366422284179425e-07,dissociated,1900-2020,America
era_region,1900-2020 | America,Politics,Kinship,Politics + Kinship,447239,139740,1037,1098.6647222212184,-0.08329627014057137,-0.16867837384891166,-0.006111884719680993,0.04112763271159548,0.04547726136931534,0.007420924574209246,-0.056735448591849556,0.033659862838257566,-0.12270877975483438,0.009237882571135274,0.09188212416733224,0.04729635182408796,0.09817542034317692,dissociated,1900-2020,America
era_region,1900-2020 | America,Politics,Big business,Politics + Big business,447239,139740,4496,2478.377725276105,0.8591153588300651,0.8265460509284053,0.8926144485868643,0.01721466654066853,0.0004997501249375312,0.03217403749821096,0.608105065608862,0.017531034652040024,0.5737442376908636,0.6424658935268605,1.22249729378385e-263,0.0005732427903695211,3.973116204797513e-263,associated,1900-2020,America
era_region,1900-2020 | America,Politics,Small business,Politics + Small business,447239,139740,3206,2060.1015395091226,0.6379338506492982,0.5953073595236699,0.6815418757475045,0.02174017457586756,0.0004997501249375312,0.02294260770001431,0.5754073582347822,0.02050973795116244,0.5352082718505038,0.6156064446190606,3.439623844980884e-173,0.0005732427903695211,9.936691107722554e-173,associated,1900-2020,America
era_region,1900-2020 | America,Politics,Academia,Politics + Academia,447239,139740,7253,5856.656657185371,0.3084768188381741,0.28091372876525905,0.33589826947881885,0.013682174118069209,0.0004997501249375312,0.05190353513668241,-0.1261119537801041,0.013380642378543533,-0.15233801284204943,-0.09988589471815877,4.302895787981221e-21,0.0005732427903695211,6.332563612500665e-21,associated,1900-2020,America
era_region,1900-2020 | America,Politics,Exploration & Invention,Politics + Exploration & Invention,447239,139740,814,1155.9935621845818,-0.5057706311290653,-0.6002902272704964,-0.4157723307052734,0.047356982971663644,0.0004997501249375312,0.005825103764133391,-0.44696100117995186,0.03710684842050602,-0.5196904240841437,-0.37423157827576004,2.0547036231527198e-33,0.0005732427903695211,3.6424291501343666e-33,dissociated,1900-2020,America
era_region,1900-2020 | America,Politics,Culture (core),Politics + Culture (core),447239,139740,3155,11133.769227982166,-1.8190663447759723,-1.8638103152653933,-1.7723854476634153,0.023396574735407325,0.0004997501249375312,0.02257764419636468,-2.511390149003279,0.018559216987123917,-2.5477662142980417,-2.4750140837085164,0.0,0.0005732427903695211,0.0,dissociated,1900-2020,America
era_region,1900-2020 | America,Politics,Culture (periphery),Politics + Culture (periphery),447239,139740,2381,6215.484992563041,-1.384112471906459,-1.4397091628013612,-1.3339263829233994,0.026388717662255912,0.0004997501249375312,0.017038786317446687,-1.1529214963529608,0.021514924001986378,-1.1950907473968542,-1.1107522453090675,0.0,0.0005732427903695211,0.0,dissociated,1900-2020,America
era_region,1900-2020 | America,Politics,Sport & Games,Politics + Sport & Games,447239,139740,1479,3574.471333905108,-1.272821977079822,-1.3421462633219845,-1.2052457768167713,0.03493126539500014,0.0004997501249375312,0.010583941605839416,-3.439715966692852,0.02650871969774092,-3.4916730573004244,-3.3877588760852797,0.0,0.0005732427903695211,0.0,dissociated,1900-2020,America
era_region,1900-2020 | America,Administration & Law,Military,Administration & Law + Military,447239,139740,816,629.874224215189,0.3732443410897387,0.27752963568421024,0.46426847988445175,0.04729579231745306,0.0004997501249375312,0.00583941605839416,0.011070546521814184,0.036664045336525154,-0.060790982337775114,0.08293207538140349,0.7626935467397907,0.0005732427903695211,0.7827644295487326,associated,1900-2020,America
era_region,1900-2020 | America,Administration & Law,Religion,Administration & Law + Religion,447239,139740,156,429.6441050851643,-1.458657409314981,-1.7123045324323922,-1.2508060405861878,0.11696952424163352,0.0004997501249375312,0.0011163589523400601,-1.4498758293338903,0.08078757510446163,-1.608219476538635,-1.2915321821291454,5.0866120695164e-72,0.0005732427903695211,1.1669286512419975e-71,dissociated,1900-2020,America
era_region,1900-2020 | America,Administration & Law,Nobility,Administration & Law + Nobility,447239,139740,41,142.31549674187,-1.7829692914336923,-2.274874049791291,-1.3941224407667834,0.229165970104194,0.0004997501249375312,0.000293402032345785,-1.247497579935653,0.15676640712563736,-1.554759737901902,-0.9402354219694037,1.7528888279152025e-15,0.0005732427903695211,2.398689975041856e-15,dissociated,1900-2020,America
era_region,1900-2020 | America,Administration & Law,Kinship,Administration & Law + Kinship,447239,139740,91,492.35215103049245,-2.4293112740256904,-2.742339705447412,-2.1519974069893877,0.14930077372269235,0.0004997501249375312,0.000651209388865035,-1.672411021105316,0.10536035873346297,-1.8789173242229034,-1.4659047179877287,9.708530694627556e-57,0.0005732427903695211,1.9928036688972354e-56,dissociated,1900-2020,America
era_region,1900-2020 | America,Administration & Law,Big business,Administration & Law + Big business,447239,139740,824,1110.652394152374,-0.43046529662890526,-0.5264243471581196,-0.33866210434405586,0.04867202783850883,0.0004997501249375312,0.005896665235437241,-0.39110399970142173,0.036149416138259775,-0.4619568553324109,-0.3202511440704326,2.7952108092485233e-27,0.0005732427903695211,4.3605288624276966e-27,dissociated,1900-2020,America
era_region,1900-2020 | America,Administration & Law,Small business,Administration & Law + Small business,447239,139740,270,923.2074206113581,-1.7718073640011347,-1.9545670386178768,-1.609162332658161,0.08740521245254221,0.0004997501249375312,0.0019321597252039502,-1.2173778382423297,0.06171032398578611,-1.3383300732544705,-1.096425603230189,1.2571696926738747e-86,0.0005732427903695211,3.0643511258925694e-86,dissociated,1900-2020,America
era_region,1900-2020 | America,Administration & Law,Academia,Administration & Law + Academia,447239,139740,1906,2624.5836829842838,-0.4614368829917225,-0.5194817492885337,-0.40177102461631914,0.031075870481300883,0.0004997501249375312,0.01363961643051381,-0.6552353276424429,0.02420994607765825,-0.702686821954653,-0.6077838333302327,2.563508687921578e-161,0.0005732427903695211,7.141202773495825e-161,dissociated,1900-2020,America
era_region,1900-2020 | America,Administration & Law,Exploration & Invention,Administration & Law + Exploration & Invention,447239,139740,74,518.043316953231,-2.7991521801318373,-3.163029649344935,-2.5005797692433496,0.16711554949624965,0.0004997501249375312,0.0005295548876484901,-1.9816678138360713,0.11654174179640645,-2.2100896277570277,-1.7532459999151147,7.679234246997295e-65,0.0005732427903695211,1.6638340868494137e-64,dissociated,1900-2020,America
era_region,1900-2020 | America,Administration & Law,Culture (core),Administration & Law + Culture (core),447239,139740,1448,4989.452302965968,-1.7844663408533503,-1.8565296079769855,-1.7147710814941293,0.036083897839570465,0.0004997501249375312,0.01036210104479748,-2.288377604171872,0.02721079006231977,-2.341710752694019,-2.2350444556497253,0.0,0.0005732427903695211,0.0,dissociated,1900-2020,America
era_region,1900-2020 | America,Administration & Law,Culture (periphery),Administration & Law + Culture (periphery),447239,139740,573,2785.387883938971,-2.2802718075258626,-2.3984255335807143,-2.1668698639327957,0.05805463427882399,0.0004997501249375312,0.004100472305710605,-1.669668564821862,0.042514160292115036,-1.7529963189944076,-1.5863408106493166,0.0,0.0005732427903695211,0.0,dissociated,1900-2020,America
era_region,1900-2020 | America,Administration & Law,Sport & Games,Administration & Law + Sport & Games,447239,139740,998,1601.852334429151,-0.6823570779137943,-0.7717679131905912,-0.60407507168651,0.04295016839252459,0.0004997501249375312,0.00714183483612423,-2.800555648260543,0.03241225652789935,-2.864083671055226,-2.7370276254658603,0.0,0.0005732427903695211,0.0,dissociated,1900-2020,America
era_region,1900-2020 | America,Military,Religion,Military + Religion,447239,139740,172,208.7653626325333,-0.27873717620243105,-0.5100728732550296,-0.07856203568421923,0.109633987371119,0.009495252373813094,0.00123085730642622,-0.6417144370162295,0.0772704419164351,-0.7931645031724424,-0.49026437086001673,1.0000003062363998e-16,0.010145612125444127,1.4181822524807124e-16,dissociated,1900-2020,America
era_region,1900-2020 | America,Military,Nobility,Military + Nobility,447239,139740,40,69.15152782011606,-0.7822330909790159,-1.2565539564850385,-0.3715104050409375,0.22789717031971574,0.0004997501249375312,0.0002862458852154,-0.5691353375691304,0.158765680416145,-0.8803160711847746,-0.2579546039534862,0.00033740071336390193,0.0005732427903695211,0.00037596079489120505,dissociated,1900-2020,America
era_region,1900-2020 | America,Military,Kinship,Military + Kinship,447239,139740,123,239.23539072510783,-0.956931859478817,-1.2186883074085986,-0.7256928881968538,0.12519117999255647,0.0004997501249375312,0.0008802060970373551,-0.660369199030851,0.09113727904194398,-0.8389982659530613,-0.4817401321086408,4.2966085639694507e-13,0.0005732427903695211,5.585591133160286e-13,dissociated,1900-2020,America
era_region,1900-2020 | America,Military,Big business,Military + Big business,447239,139740,729,539.6693381326647,0.4334962282988984,0.3293127695421144,0.5281618942163471,0.05091656218244452,0.0004997501249375312,0.005216831258050666,0.20795716543854578,0.03877269474588295,0.13196268373661518,0.2839516471404764,8.162678363274432e-08,0.0005732427903695211,9.795214035929319e-08,associated,1900-2020,America
era_region,1900-2020 | America,Military,Small business,Military + Small business,447239,139740,274,448.5892618281638,-0.7101960770231323,-0.8870275292383601,-0.5549876649449205,0.085354889765314,0.0004997501249375312,0.00196078431372549,-0.4895778356328441,0.06157380614310114,-0.6102624956733224,-0.3688931755923659,1.849027482416789e-15,0.0005732427903695211,2.4866231660087855e-15,dissociated,1900-2020,America
era_region,1900-2020 | America,Military,Academia,Military + Academia,447239,139740,1412,1275.293103879627,0.1468564821621285,0.08144319540811172,0.21253405210140372,0.034147058717548126,0.0004997501249375312,0.01010447974810362,-0.2240868170385571,0.028476361447878323,-0.2799004854763986,-0.16827314860071557,3.5685273779821854e-15,0.0005732427903695211,4.7177141607222116e-15,associated,1900-2020,America
era_region,1900-2020 | America,Military,Exploration & Invention,Military + Exploration & Invention,447239,139740,279,251.71880550220564,0.14817243566039867,-0.01703526677004797,0.3033193241431074,0.08167917613408407,0.06996501749125437,0.0019965650493774154,0.08591217967731964,0.061459604605516846,-0.03454864534949338,0.20637300470413267,0.1621538575626278,0.07180620216207685,0.17091893094439145,not distinguishable,1900-2020,America
era_region,1900-2020 | America,Military,Culture (core),Military + Culture (core),447239,139740,1121,2424.389877663857,-1.1124896107701512,-1.1960275855419003,-1.0356749417792719,0.04097236582381339,0.0004997501249375312,0.008022040933161586,-1.7989481165737196,0.03133615072455548,-1.8603669719938483,-1.7375292611535909,0.0,0.0005732427903695211,0.0,dissociated,1900-2020,America
era_region,1900-2020 | America,Military,Culture (periphery),Military + Culture (periphery),447239,139740,350,1353.4283486736542,-1.949665042630551,-2.106629415214227,-1.81370535146412,0.07458388661211311,0.0004997501249375312,0.0025046514956347504,-1.4582490595115405,0.0543481831300848,-1.5647714984465066,-1.3517266205765743,1.3828367159782838e-158,0.0005732427903695211,3.7193539257346944e-158,dissociated,1900-2020,America
era_region,1900-2020 | America,Military,Sport & Games,Military + Sport & Games,447239,139740,1934,778.3448661877592,1.3125528292325508,1.2562345854010282,1.3662126133709132,0.028304435041554044,0.0004997501249375312,0.013839988550164592,-1.294103299370318,0.024749171131325375,-1.342611674787716,-1.2455949239529203,0.0,0.0005732427903695211,0.0,associated,1900-2020,America
era_region,1900-2020 | America,Religion,Nobility,Religion + Nobility,447239,139740,47,47.16901429418606,-0.005124280044717139,-0.4588605298275007,0.3573650904095128,0.21106961650759115,0.9825087456271864,0.00033633891512809504,-0.14062015810995387,0.14693860448697993,-0.4286198229044345,0.14737950668452676,0.33856755173811115,0.9825087456271863,0.3521102538076356,not distinguishable,1900-2020,America
era_region,1900-2020 | America,Religion,Kinship,Religion + Kinship,447239,139740,123,163.18507949878094,-0.40641177899929326,-0.6689431216120418,-0.16662663130962863,0.12935453293318067,0.0009995002498750624,0.0008802060970373551,-0.39314003278806336,0.09125805747752133,-0.5720058254440051,-0.21427424013212157,1.6473476465254563e-05,0.0010980425280317588,1.8622190786809503e-05,dissociated,1900-2020,America
era_region,1900-2020 | America,Religion,Big business,Religion + Big business,447239,139740,102,368.1143645984433,-1.8464883829718706,-2.1377649597613906,-1.578189344610436,0.14170924825327583,0.0004997501249375312,0.00072992700729927,-1.5689742039930699,0.09952533791268363,-1.7640438663019298,-1.37390454168421,5.45418668431412e-56,0.0005732427903695211,1.090837336862824e-55,dissociated,1900-2020,America
era_region,1900-2020 | America,Religion,Small business,Religion + Small business,447239,139740,120,305.98764727849976,-1.3467957820475105,-1.610787402382664,-1.1021908215712928,0.1275662262172746,0.0004997501249375312,0.0008587376556462001,-1.0683214114999855,0.09201900045351986,-1.2486786523888844,-0.8879641706110866,3.6751053539006366e-31,0.0005732427903695211,6.099111012856376e-31,dissociated,1900-2020,America
era_region,1900-2020 | America,Religion,Academia,Religion + Academia,447239,139740,1603,869.8913898569897,0.8814881635309469,0.8185203449969941,0.9392517333294984,0.030570036838496135,0.0004997501249375312,0.011471303850007155,0.22800094487182163,0.027510123992904627,0.17408110184572856,0.2819207878979147,1.152728812532484e-16,0.0005732427903695211,1.6055865603131026e-16,associated,1900-2020,America
era_region,1900-2020 | America,Religion,Exploration & Invention,Religion + Exploration & Invention,447239,139740,42,171.7001534042036,-2.0185516815946905,-2.498972868313277,-1.6451851340997223,0.21956895292770207,0.0004997501249375312,0.00030055817947617,-1.5788223709230147,0.1540969313105009,-1.8808523562915964,-1.276792385554433,1.2379708316283244e-24,0.0005732427903695211,1.8933671542550845e-24,dissociated,1900-2020,America
era_region,1900-2020 | America,Religion,Culture (core),Religion + Culture (core),447239,139740,1322,1653.7028811811804,-0.3228684636355966,-0.38786379407920657,-0.25543504289520735,0.03402210468663696,0.0004997501249375312,0.00946042650636897,-1.3154388204368344,0.029581668761843476,-1.3734188912100476,-1.2574587496636211,0.0,0.0005732427903695211,0.0,dissociated,1900-2020,America
era_region,1900-2020 | America,Religion,Culture (periphery),Religion + Culture (periphery),447239,139740,227,923.1882958654362,-2.0215395423942937,-2.2153075810538505,-1.8555114017486765,0.09417114470009587,0.0004997501249375312,0.001624445398597395,-1.6325710505048425,0.06721553460209864,-1.7643134983249558,-1.5008286026847293,2.587253790524631e-130,0.0005732427903695211,6.72685985536404e-130,dissociated,1900-2020,America
era_region,1900-2020 | America,Religion,Sport & Games,Religion + Sport & Games,447239,139740,1951,530.917555639845,1.8766656689095986,1.8265091079018536,1.926439025550511,0.0261836026557739,0.0004997501249375312,0.013961643051381136,-0.9646086489293592,0.02527962078064891,-1.014156705659431,-0.9150605921992873,0.0,0.0005732427903695211,0.0,associated,1900-2020,America
era_region,1900-2020 | America,Nobility,Kinship,Nobility + Kinship,447239,139740,78,54.053495381083195,0.5250210173563944,0.1893233732790432,0.8106709258155158,0.1580718743997954,0.0009995002498750624,0.0005581794761700301,0.7007447634614359,0.11540855656486133,0.4745439925943077,0.9269455343285641,1.2643601318076528e-09,0.0010980425280317588,1.5653982584285226e-09,associated,1900-2020,America
era_region,1900-2020 | America,Nobility,Big business,Nobility + Big business,447239,139740,104,121.93435924196106,-0.22850554180148844,-0.5217959029290586,0.024514203255710507,0.13851576207785954,0.09395302348825588,0.0007442393015600401,0.01776364144662372,0.10037037249265399,-0.17896228863897806,0.21448957153222553,0.8595233720726105,0.095173192624467,0.8595233720726105,not distinguishable,1900-2020,America
era_region,1900-2020 | America,Nobility,Small business,Nobility + Small business,447239,139740,19,101.35547888102393,-2.3849775569294684,-3.1419345699212786,-1.8142532296360436,0.3338145473661766,0.0004997501249375312,0.00013596679547731502,-1.3692022904896404,0.22757210088927732,-1.815243608232624,-0.9231609727466568,1.7815720637927337e-09,0.0005732427903695211,2.171290952747394e-09,dissociated,1900-2020,America
era_region,1900-2020 | America,Nobility,Academia,Nobility + Academia,447239,139740,251,288.14319524862015,-0.1987288142399288,-0.37704932926148177,-0.04321004013894879,0.08554323727592378,0.022488755622188907,0.0017961929297266351,-0.17033319979773576,0.066936148507523,-0.3015280508724808,-0.039138348722990685,0.010936799637665714,0.02370436403419912,0.01184819960747119,dissociated,1900-2020,America
era_region,1900-2020 | America,Nobility,Exploration & Invention,Nobility + Exploration & Invention,447239,139740,10,56.874032095775824,-2.4500085824668068,-3.638507292247243,-1.7356052671591515,0.4748722590117272,0.0014992503748125937,7.156147130385e-05,-1.4498527846669846,0.3095026371016421,-2.056477953386203,-0.8432276159477661,2.80698704154729e-06,0.0016241879060469764,3.267835660308785e-06,dissociated,1900-2020,America
era_region,1900-2020 | America,Nobility,Culture (core),Nobility + Culture (core),447239,139740,632,547.7732481680636,0.20617039770393064,0.10904673800886819,0.29696350420474077,0.048357077275750886,0.0004997501249375312,0.00452268498640332,-0.33583293476941883,0.04673627613099898,-0.42743603598617685,-0.2442298335526608,6.686292781532582e-13,0.0005732427903695211,8.549685851795761e-13,associated,1900-2020,America
era_region,1900-2020 | America,Nobility,Culture (periphery),Nobility + Culture (periphery),447239,139740,168,305.79728514214565,-0.8621839882972164,-1.0767261506504375,-0.6703450363787605,0.10571102093069001,0.0004997501249375312,0.00120223271790468,-0.3484855323692914,0.08015561470808923,-0.5055905371971463,-0.19138052754143653,1.376276385522538e-05,0.0005732427903695211,1.5786699716287936e-05,dissociated,1900-2020,America
era_region,1900-2020 | America,Nobility,Sport & Games,Nobility + Sport & Games,447239,139740,594,175.86135772743074,1.7531423211962451,1.6523306045334338,1.8432423633033446,0.04857043172981288,0.0004997501249375312,0.004250751395448691,-0.5343532642477489,0.04766484180545517,-0.627776354186441,-0.44093017430905673,3.615795682315094e-29,0.0005732427903695211,5.875667983762028e-29,associated,1900-2020,America
era_region,1900-2020 | America,Kinship,Big business,Kinship + Big business,447239,139740,344,421.8419317061051,-0.2939075075468132,-0.44467756127116065,-0.14948618414252401,0.07456966195418369,0.0009995002498750624,0.00246171461285244,0.011952343065021371,0.05561206731338273,-0.09704730886920879,0.12095199499925152,0.8298269217735887,0.0010980425280317588,0.8406038947836354,dissociated,1900-2020,America
era_region,1900-2020 | America,Kinship,Small business,Kinship + Small business,447239,139740,84,350.6476047110347,-2.055054347617637,-2.401803012691703,-1.7822948278325297,0.15587091576226325,0.0004997501249375312,0.00060111635895234,-1.1066775480752862,0.109718634426934,-1.3217260715520769,-0.8916290245984956,6.338631647455528e-24,0.0005732427903695211,9.507947471183292e-24,dissociated,1900-2020,America
era_region,1900-2020 | America,Kinship,Academia,Kinship + Academia,447239,139740,466,996.8550525651856,-1.0962301059820707,-1.2311880584764985,-0.9792792995446108,0.06505195166769052,0.0004997501249375312,0.0033347645627594103,-0.8128087704574782,0.04798597292371818,-0.9068612773879658,-0.7187562635269906,2.3415119569349558e-64,0.0005732427903695211,4.936160341646664e-64,dissociated,1900-2020,America
era_region,1900-2020 | America,Kinship,Exploration & Invention,Kinship + Exploration & Invention,447239,139740,60,196.7603857710749,-1.7050942127184714,-2.112748115978473,-1.3741065439038864,0.18969172622675048,0.0004997501249375312,0.00042936882782310007,-0.9001198810416383,0.12954238512231833,-1.1540229558813824,-0.6462168062018944,3.692992232730698e-12,0.0005732427903695211,4.64602248633862e-12,dissociated,1900-2020,America
era_region,1900-2020 | America,Kinship,Culture (core),Kinship + Culture (core),447239,139740,2784,1895.0665471215648,0.5547891869483151,0.5145711800571524,0.5965850095752299,0.0210856753091035,0.0004997501249375312,0.019922713610991842,0.08210336072533088,0.02394324567539159,0.035174599201563364,0.12903212224909838,0.0006056257792995562,0.0005732427903695211,0.0006653353631741604,associated,1900-2020,America
era_region,1900-2020 | America,Kinship,Culture (periphery),Kinship + Culture (periphery),447239,139740,352,1057.9308266906728,-1.5862318230640693,-1.7370486302165429,-1.44820572682831,0.07507609411038935,0.0004997501249375312,0.0025189637898955205,-0.8463341232683311,0.05475732557040014,-0.9536584813863154,-0.7390097651503469,6.864111674588553e-54,0.0005732427903695211,1.3385017765447679e-53,dissociated,1900-2020,America
era_region,1900-2020 | America,Kinship,Sport & Games,Kinship + Sport & Games,447239,139740,2033,608.4068126276613,1.7396716313601917,1.6889798414134551,1.7885132784172686,0.025782516895171408,0.0004997501249375312,0.014548447116072706,-0.4974806076849414,0.026047034959774215,-0.5485327962060988,-0.44642841916378395,2.5580589426269325e-81,0.0005732427903695211,6.046321137118204e-81,associated,1900-2020,America
era_region,1900-2020 | America,Big business,Small business,Big business + Small business,447239,139740,981,790.9940087821137,0.31040983777503783,0.220102460952701,0.39459309976112017,0.04439916454178564,0.0004997501249375312,0.007020180334907686,0.47569306426931574,0.03389618393846895,0.4092565437499166,0.5421295847887149,9.678928542301735e-45,0.0005732427903695211,1.7975153007131793e-44,associated,1900-2020,America
era_region,1900-2020 | America,Big business,Academia,Big business + Academia,447239,139740,1683,2248.714560172288,-0.4179575700665764,-0.4807408646658664,-0.35629032288035173,0.03176643489437606,0.0004997501249375312,0.012043795620437956,-0.4578604162359884,0.025886200701328663,-0.5085973696105925,-0.40712346286138423,5.2410037642805405e-70,0.0005732427903695211,1.167995124611092e-69,dissociated,1900-2020,America
era_region,1900-2020 | America,Big business,Exploration & Invention,Big business + Exploration & Invention,447239,139740,985,443.8538413483134,1.149146911239627,1.062651004921608,1.229553633348705,0.041500787319115766,0.0004997501249375312,0.007048804923429226,1.075879881708597,0.034694050205455046,1.0078795433059051,1.143880220111289,3.891175378827951e-211,0.0005732427903695211,1.1673526136483853e-210,associated,1900-2020,America
era_region,1900-2020 | America,Big business,Culture (core),Big business + Culture (core),447239,139740,2343,4274.908098265394,-0.8673973405601768,-0.9207067825322073,-0.8155295740057916,0.02680849996914007,0.0004997501249375312,0.016766852726492056,-1.4096237889430454,0.022229294729828535,-1.4531932066135094,-1.3660543712725814,0.0,0.0005732427903695211,0.0,dissociated,1900-2020,America
era_region,1900-2020 | America,Big business,Culture (periphery),Big business + Culture (periphery),447239,139740,1423,2386.489838730949,-0.7457499318884546,-0.8197093514416073,-0.6791232807919542,0.036008913209694286,0.0004997501249375312,0.010183197366537855,-0.37455415506150647,0.027974554040674192,-0.4293842809812279,-0.31972402914178505,7.002231121982716e-41,0.0005732427903695211,1.2701721570108184e-40,dissociated,1900-2020,America
era_region,1900-2020 | America,Big business,Sport & Games,Big business + Sport & Games,447239,139740,2544,1372.4495397232001,0.89010358850226,0.8424634696345716,0.9384152032137976,0.02482632590227801,0.0004997501249375312,0.01820523829969944,-1.430854507605753,0.021466077867932577,-1.4729280202269008,-1.3887809949846053,0.0,0.0005732427903695211,0.0,associated,1900-2020,America
era_region,1900-2020 | America,Small business,Academia,Small business + Academia,447239,139740,2161,1869.1986617219193,0.2092270657309978,0.15608653691667654,0.2611708880195444,0.027215024417490623,0.0004997501249375312,0.015464433948761987,0.21161097267295975,0.023781434449430795,0.1649993611520754,0.25822258419384414,5.67809017732823e-19,0.0005732427903695211,8.2016858116963325e-19,associated,1900-2020,America
era_region,1900-2020 | America,Small business,Exploration & Invention,Small business + Exploration & Invention,447239,139740,467,368.94456101393126,0.3396084757330524,0.21376128003798392,0.4584190829152266,0.06314333532689316,0.0004997501249375312,0.0033419207098897953,0.5778722539039903,0.048354119246645205,0.4830981801805657,0.6726463276274149,6.42737146996755e-33,0.0005732427903695211,1.1140777214610418e-32,associated,1900-2020,America
era_region,1900-2020 | America,Small business,Culture (core),Small business + Culture (core),447239,139740,2997,3553.4312081163625,-0.24565600238384544,-0.29174111980370643,-0.20048095409856098,0.023216542725640832,0.0004997501249375312,0.021446972949763846,-0.7085105933941096,0.020775434918245902,-0.7492304458338716,-0.6677907409543477,6.593646318388638e-255,0.0005732427903695211,2.057217651337255e-254,dissociated,1900-2020,America
era_region,1900-2020 | America,Small business,Culture (periphery),Small business + Culture (periphery),447239,139740,1012,1983.7215855564511,-0.9706512379557513,-1.059019086010858,-0.8902701455043501,0.04227706446229076,0.0004997501249375312,0.007242020895949621,-0.3923226606758104,0.03298382486937274,-0.456970957419781,-0.3276743639318398,1.2656599159640628e-32,0.0005732427903695211,2.1461189879390632e-32,dissociated,1900-2020,America
era_region,1900-2020 | America,Small business,Sport & Games,Small business + Sport & Games,447239,139740,2306,1140.8210220931373,1.015000653413386,0.9644643987648641,1.0659214223984668,0.025610297894903704,0.0004997501249375312,0.01650207528266781,-1.152717682536953,0.022939053476408556,-1.1976782273507136,-1.1077571377231923,0.0,0.0005732427903695211,0.0,associated,1900-2020,America
era_region,1900-2020 | America,Academia,Exploration & Invention,Academia + Exploration & Invention,447239,139740,2674,1048.8714162649683,1.3497438054978983,1.3054002443615262,1.391539033369936,0.022405071337530807,0.0004997501249375312,0.01913553742664949,1.1959740262699208,0.02382215542047132,1.149282601645797,1.2426654508940445,0.0,0.0005732427903695211,0.0,associated,1900-2020,America
era_region,1900-2020 | America,Academia,Culture (core),Academia + Culture (core),447239,139740,12520,10102.039215903802,0.30957422496987025,0.2920188082752559,0.3272927162049714,0.0090109072125495,0.0004997501249375312,0.08959496207242021,-0.6841043462699383,0.0106660339294791,-0.7050097727717174,-0.6631989197681593,0.0,0.0005732427903695211,0.0,associated,1900-2020,America
era_region,1900-2020 | America,Academia,Culture (periphery),Academia + Culture (periphery),447239,139740,2859,5639.516308899911,-0.9799364288443941,-1.0302932380829384,-0.9339354395493775,0.024751152534874043,0.0004997501249375312,0.02045942464577072,-0.8062801162480492,0.019879597747952105,-0.8452441278340354,-0.767316104662063,0.0,0.0005732427903695211,0.0,dissociated,1900-2020,America
era_region,1900-2020 | America,Academia,Sport & Games,Academia + Sport & Games,447239,139740,1275,3243.2367558401147,-1.3465938440259961,-1.4235930638199055,-1.2747339122895145,0.038060728956832955,0.0004997501249375312,0.009124087591240875,-3.442697186418684,0.028507239781270764,-3.498571376389975,-3.386822996447393,0.0,0.0005732427903695211,0.0,dissociated,1900-2020,America
era_region,1900-2020 | America,Exploration & Invention,Culture (core),Exploration & Invention + Culture (core),447239,139740,946,1993.9520074467216,-1.075317997190852,-1.1606682929318788,-0.989251120084646,0.044010000839339536,0.0004997501249375312,0.00676971518534421,-1.4476908882487767,0.03463198713333501,-1.5155695830301132,-1.37981219346744,0.0,0.0005732427903695211,0.0,dissociated,1900-2020,America
era_region,1900-2020 | America,Exploration & Invention,Culture (periphery),Exploration & Invention + Culture (periphery),447239,139740,447,1113.1341529001825,-1.3153157740182404,-1.4426873533859825,-1.192895621740247,0.06415114994750179,0.0004997501249375312,0.0031987977672820953,-0.6980047696202147,0.048829829649237405,-0.7937112357327201,-0.6022983035077094,2.3632931972682728e-46,0.0005732427903695211,4.496021204559153e-46,dissociated,1900-2020,America
era_region,1900-2020 | America,Exploration & Invention,Sport & Games,Exploration & Invention + Sport & Games,447239,139740,1162,640.1537651676813,0.8596139335606802,0.7805192510839312,0.9324236442369731,0.03871781307079746,0.0004997501249375312,0.008315442965507371,-1.3258199061259666,0.031728202886333046,-1.3880071837831793,-1.2636326284687538,0.0,0.0005732427903695211,0.0,associated,1900-2020,America
era_region,1900-2020 | America,Culture (core),Culture (periphery),Culture (core) + Culture (periphery),447239,139740,25662,10720.975603666164,1.2591582438154743,1.2477999588214792,1.2713355642225939,0.006035776600904744,0.0004997501249375312,0.18364104765993988,1.063005218000129,0.010153285943165538,1.0431047775515245,1.0829056584487335,0.0,0.0005732427903695211,0.0,associated,1900-2020,America
era_region,1900-2020 | America,Culture (core),Sport & Games,Culture (core) + Sport & Games,447239,139740,4525,6165.539778899568,-0.44626699951080917,-0.48274837783065616,-0.41179254767401,0.018478028171713453,0.0004997501249375312,0.032381565764992126,-3.6902908466582725,0.015537998603267976,-3.720745323920678,-3.659836369395867,0.0,0.0005732427903695211,0.0,dissociated,1900-2020,America
era_region,1900-2020 | America,Culture (periphery),Sport & Games,Culture (periphery) + Sport & Games,447239,139740,2473,3441.944877974266,-0.47687965394580745,-0.5291183391548625,-0.42407972043266273,0.0266235702196485,0.0004997501249375312,0.017697151853442106,-2.450637552660529,0.02093576680358123,-2.4916716555955483,-2.4096034497255094,0.0,0.0005732427903695211,0.0,dissociated,1900-2020,America
era_region,1900-2020 | Asia,Politics,Administration & Law,Politics + Administration & Law,160326,46257,3540,1018.0840840256312,1.797388036837936,1.7663618100703582,1.8292678982758466,0.016023013359022877,0.0004997501249375312,0.07652895777936312,1.519719166029119,0.02415774104672267,1.4723699935775425,1.5670683384806954,0.0,0.0006606866058496175,0.0,associated,1900-2020,Asia
era_region,1900-2020 | Asia,Politics,Military,Politics + Military,160326,46257,1641,688.6167438676703,1.2521944329404515,1.1988819331706622,1.3014597304994073,0.026289922500696707,0.0004997501249375312,0.035475711784162395,0.7985867409390176,0.030643173930366363,0.7385261200354996,0.8586473618425357,1.013988219224587e-149,0.0006606866058496175,3.7662419571198944e-149,associated,1900-2020,Asia
era_region,1900-2020 | Asia,Politics,Religion,Politics + Religion,160326,46257,566,376.48003500587276,0.5875878361611995,0.48266287067589647,0.6849407880257039,0.0514599822013438,0.0004997501249375312,0.012235985904836025,-0.2567687201476151,0.04590340378680393,-0.3467393915697508,-0.16679804872547938,2.2231298328944873e-08,0.0006606866058496175,3.211187536403148e-08,associated,1900-2020,Asia
era_region,1900-2020 | Asia,Politics,Nobility,Politics + Nobility,160326,46257,312,271.3293947108535,0.20115471707417878,0.052668628172253214,0.33759113313450856,0.07091911758243023,0.005497251374312844,0.006744925092418445,0.07170505747475728,0.06316281922621234,-0.05209406820861889,0.19550418315813345,0.256274120303596,0.006596701649175412,0.2665250851157398,associated,1900-2020,Asia
era_region,1900-2020 | Asia,Politics,Kinship,Politics + Kinship,160326,46257,832,661.0764412490621,0.33154241116065364,0.2471703224134873,0.41104904083872446,0.04203917841785783,0.0004997501249375312,0.017986466913115853,0.26900089471613864,0.0398022997004025,0.19098838730334974,0.3470134021289275,1.3949892472908304e-11,0.0006606866058496175,2.2668575268475994e-11,associated,1900-2020,Asia
era_region,1900-2020 | Asia,Politics,Big business,Politics + Big business,160326,46257,1346,847.5705638611165,0.6669580152484383,0.6031976165030599,0.7238820031878068,0.03122969654290721,0.0004997501249375312,0.029098298635882137,0.27841760837421003,0.03159075624272005,0.21649972613847873,0.34033549060994134,1.2155612239873686e-18,0.0006606866058496175,2.2574708445479702e-18,associated,1900-2020,Asia
era_region,1900-2020 | Asia,Politics,Small business,Politics + Small business,160326,46257,668,547.0107633902362,0.28804023371060256,0.19047684616564708,0.3823075755606397,0.049224233696841306,0.0004997501249375312,0.014441057569665131,0.17166486753273674,0.04386282077093632,0.08569373882170156,0.2576359962437719,9.090160117142552e-05,0.0006606866058496175,0.00010908192140571062,associated,1900-2020,Asia
era_region,1900-2020 | Asia,Politics,Academia,Politics + Academia,160326,46257,2752,2029.31631227283,0.43939338680456064,0.3965200847240158,0.4816825711419627,0.02154193126668224,0.0004997501249375312,0.05949369825107551,-0.03222125350674025,0.02206985909050317,-0.07547817732412647,0.011035670310645965,0.14429929881271464,0.0006606866058496175,0.15418281243002388,associated,1900-2020,Asia
era_region,1900-2020 | Asia,Politics,Exploration & Invention,Politics + Exploration & Invention,160326,46257,374,388.90026015306023,-0.056288129219596014,-0.20147646347790696,0.0704615076267443,0.06869605531275995,0.4102948525737131,0.00808526277104006,-0.14109709265239764,0.056729709290219275,-0.2522873228612274,-0.02990686244356787,0.012875963107741138,0.4324729527128328,0.014145424259208575,not distinguishable,1900-2020,Asia
era_region,1900-2020 | Asia,Politics,Culture (core),Politics + Culture (core),160326,46257,1817,4933.879866522301,-1.440913419683813,-1.4998531885867252,-1.3823731649512134,0.029761721816215187,0.0004997501249375312,0.03928054132347537,-2.1242799126273546,0.024907622679620958,-2.1730988530794115,-2.0754609721752977,0.0,0.0006606866058496175,0.0,dissociated,1900-2020,Asia
era_region,1900-2020 | Asia,Politics,Culture (periphery),Politics + Culture (periphery),160326,46257,1007,2573.146588973202,-1.3530341187132082,-1.4388689946533684,-1.2764118820018757,0.04103902976430732,0.0004997501249375312,0.021769678102773634,-1.1451263420925595,0.03333227983698733,-1.2104576105730547,-1.0797950736120643,1.191030816807518e-258,0.0006606866058496175,6.635743122213315e-258,dissociated,1900-2020,Asia
era_region,1900-2020 | Asia,Politics,Sport & Games,Politics + Sport & Games,160326,46257,575,1094.5889463821493,-0.9281602210987007,-1.0370313408844571,-0.8272892422524394,0.05533039714830598,0.0004997501249375312,0.01243055105173271,-3.825787056330562,0.04246967262877925,-3.9090276146829694,-3.7425464979781546,0.0,0.0006606866058496175,0.0,dissociated,1900-2020,Asia
era_region,1900-2020 | Asia,Administration & Law,Military,Administration & Law + Military,160326,46257,308,217.78209331259677,0.49907670512351093,0.34655393030624576,0.649498477523671,0.07692828928831616,0.0004997501249375312,0.006658451693797696,0.2727932104312395,0.059950621741813676,0.1552899918172847,0.3902964290451943,5.35699240894325e-06,0.0006606866058496175,6.7394420628640885e-06,associated,1900-2020,Asia
era_region,1900-2020 | Asia,Administration & Law,Religion,Administration & Law + Religion,160326,46257,80,119.06566438316901,-0.5707424626004978,-0.9061992084431523,-0.29419976757217486,0.15701800712197045,0.0004997501249375312,0.001729467972414986,-0.8622983365622142,0.11324645876899274,-1.08426139574944,-0.6403352773749884,2.6501879930834316e-14,0.0006606866058496175,4.398184328946972e-14,dissociated,1900-2020,Asia
era_region,1900-2020 | Asia,Administration & Law,Nobility,Administration & Law + Nobility,160326,46257,47,85.81069816206038,-0.8616118782756199,-1.322368964374417,-0.49004924629956814,0.20808068131637047,0.0009995002498750624,0.0010160624337938041,-0.5076555162568811,0.14770553990713028,-0.7971583744748565,-0.21815265803890577,0.0005883194750141952,0.0012574357982299172,0.0006748370448692239,dissociated,1900-2020,Asia
era_region,1900-2020 | Asia,Administration & Law,Kinship,Administration & Law + Kinship,160326,46257,69,209.07219073158217,-1.5923624076126068,-1.9561721456668413,-1.2871799742434242,0.1700884941674907,0.0004997501249375312,0.0014916661262079252,-0.9764739455585031,0.12165333800699245,-1.2149144880522083,-0.7380334030647979,1.0013559087455764e-15,0.0006606866058496175,1.735683575158999e-15,dissociated,1900-2020,Asia
era_region,1900-2020 | Asia,Administration & Law,Big business,Administration & Law + Big business,160326,46257,201,268.05286579450836,-0.414426278180403,-0.6206303268497527,-0.23860551611000613,0.09940176637558178,0.0004997501249375312,0.0043452882806926515,-0.370776399814485,0.07264059167249003,-0.5131519594925654,-0.22840084013640458,3.320930443985703e-07,0.0006606866058496175,4.317209577181414e-07,dissociated,1900-2020,Asia
era_region,1900-2020 | Asia,Administration & Law,Small business,Administration & Law + Small business,160326,46257,56,172.99775263457715,-1.6185942026475142,-2.0457584112311644,-1.2802082717357797,0.1932845893307134,0.0004997501249375312,0.0012106275806904902,-1.0378604141514873,0.1347281738347348,-1.3019276348675675,-0.7737931934354072,1.3252821976866842e-14,0.0006606866058496175,2.2472176395556817e-14,dissociated,1900-2020,Asia
era_region,1900-2020 | Asia,Administration & Law,Academia,Administration & Law + Academia,160326,46257,505,641.7920540211325,-0.3455183564333417,-0.4657062440833537,-0.23292423326225717,0.06060568697407543,0.0004997501249375312,0.010917266575869599,-0.42827040189187826,0.046842102555319017,-0.5200809229003035,-0.336459880883453,6.082671450592145e-20,0.0006606866058496175,1.216534290118429e-19,dissociated,1900-2020,Asia
era_region,1900-2020 | Asia,Administration & Law,Exploration & Invention,Administration & Law + Exploration & Invention,160326,46257,53,122.99368770827135,-1.2068265047405253,-1.664743238620929,-0.8770588740794616,0.19976627283892406,0.0004997501249375312,0.0011457725317249282,-0.7532648342682025,0.1388066100255419,-1.0253257899182646,-0.48120387861814035,5.739853800424455e-08,0.0006606866058496175,7.889458218984934e-08,dissociated,1900-2020,Asia
era_region,1900-2020 | Asia,Administration & Law,Culture (core),Administration & Law + Culture (core),160326,46257,389,1560.3900065645055,-2.002673643073833,-2.143154275618478,-1.8671924075687945,0.07048963492000111,0.0004997501249375312,0.008409538015867869,-2.1544901140072117,0.052328902566282545,-2.2570547630371256,-2.0519254649772978,0.0,0.0006606866058496175,0.0,dissociated,1900-2020,Asia
era_region,1900-2020 | Asia,Administration & Law,Culture (periphery),Administration & Law + Culture (periphery),160326,46257,157,813.7839451874261,-2.370180129125338,-2.600929438055894,-2.170220893309278,0.10933906111510884,0.0004997501249375312,0.00339408089586441,-1.576762411533177,0.08100823885946913,-1.7355385596977366,-1.4179862633686175,2.2081853150666693e-84,0.0006606866058496175,6.379202021303711e-84,dissociated,1900-2020,Asia
era_region,1900-2020 | Asia,Administration & Law,Sport & Games,Administration & Law + Sport & Games,160326,46257,171,346.17495752578367,-1.0153750491295928,-1.2268886008583066,-0.8188832784458191,0.10676638893984543,0.0004997501249375312,0.003696737791037032,-3.4321064953296854,0.07742395626315932,-3.583857449605478,-3.280355541053893,0.0,0.0006606866058496175,0.0,dissociated,1900-2020,Asia
era_region,1900-2020 | Asia,Military,Religion,Military + Religion,160326,46257,65,80.53422246792977,-0.3070364107022032,-0.6859535036745353,0.02014493802815963,0.17727418172333073,0.0864567716141929,0.001405192727587176,-0.6811280263163318,0.12541953773042036,-0.9269503202679558,-0.43530573236470793,5.610298195675578e-08,0.09498067867474713,7.889458218984934e-08,not distinguishable,1900-2020,Asia
era_region,1900-2020 | Asia,Military,Nobility,Military + Nobility,160326,46257,119,58.04106407765219,1.0294897438140946,0.7742386168976303,1.2480190553082249,0.12493622138351605,0.0004997501249375312,0.0025725836089672913,0.8675840454663222,0.09605199531662438,0.6793221346457384,1.055845956286906,1.678832988610067e-19,0.0006606866058496175,3.1938773929654936e-19,associated,1900-2020,Asia
era_region,1900-2020 | Asia,Military,Kinship,Military + Kinship,160326,46257,55,141.41328154899045,-1.3544499398011953,-1.7726329524630706,-1.02151670924996,0.19483314616077094,0.0004997501249375312,0.0011890092310353029,-0.8143906257154956,0.13597560353931307,-1.0809028086525492,-0.547878442778442,2.1082289418933094e-09,0.0006606866058496175,3.288837149353563e-09,dissociated,1900-2020,Asia
era_region,1900-2020 | Asia,Military,Big business,Military + Big business,160326,46257,155,181.30692201565233,-0.2254925485905793,-0.4346318892732824,-0.02318935981043075,0.10721834505985409,0.03248375812093953,0.003350844196554035,-0.2450325258381041,0.08249985867568473,-0.4067322488424462,-0.08333280283376202,0.0029770639873475165,0.036196187620475474,0.0033653766813493665,dissociated,1900-2020,Asia
era_region,1900-2020 | Asia,Military,Small business,Military + Small business,160326,46257,49,117.01307483817617,-1.2473208537601355,-1.6854043546028084,-0.9010888235717452,0.1996838998149045,0.0004997501249375312,0.0010592991331041788,-0.7809424150505374,0.14392786041890057,-1.0630410214715824,-0.4988438086294923,5.765373313873606e-08,0.0006606866058496175,7.889458218984934e-08,dissociated,1900-2020,Asia
era_region,1900-2020 | Asia,Military,Academia,Military + Academia,160326,46257,268,434.0984810730523,-0.6947610440807024,-0.8646908364715533,-0.5484166690997387,0.0827188051098308,0.0004997501249375312,0.005793717707590203,-0.7037523988623507,0.06325177417112368,-0.8277258762377532,-0.5797789214869483,9.353018415870824e-29,0.0006606866058496175,2.145692460111542e-28,dissociated,1900-2020,Asia
era_region,1900-2020 | Asia,Military,Exploration & Invention,Military + Exploration & Invention,160326,46257,57,83.1910782958617,-0.5415118795698546,-0.9481876757093511,-0.2040015891860101,0.19149526377446324,0.005497251374312844,0.0012322459303456773,-0.2861070940868368,0.13427371229725857,-0.5492835701894636,-0.022930617984210033,0.03310766767978467,0.006596701649175412,0.03586663998643339,dissociated,1900-2020,Asia
era_region,1900-2020 | Asia,Military,Culture (core),Military + Culture (core),160326,46257,406,1055.4243036934174,-1.3771791581542683,-1.5126296840782363,-1.2474649628891348,0.06615446195243309,0.0004997501249375312,0.008777049960006052,-1.6863893500159628,0.051967237112338784,-1.7882451347561468,-1.5845335652757788,5.241718650834514e-231,0.0006606866058496175,2.555337842281825e-230,dissociated,1900-2020,Asia
era_region,1900-2020 | Asia,Military,Culture (periphery),Military + Culture (periphery),160326,46257,90,550.4312063605975,-2.605882486390649,-2.9203928646430555,-2.3327194113544882,0.15082220168557456,0.0004997501249375312,0.0019456514689668591,-1.74892552998154,0.10641226164060898,-1.9574935627971337,-1.5403574971659464,1.0676049734848238e-60,0.0006606866058496175,2.974042426136295e-60,dissociated,1900-2020,Asia
era_region,1900-2020 | Asia,Military,Sport & Games,Military + Sport & Games,160326,46257,629,234.147528480499,1.4237111132640556,1.3225589081342957,1.5161502238220272,0.049988544332389535,0.0004997501249375312,0.013597941933112825,-1.6125523855603734,0.04285259596685268,-1.6965434736554046,-1.5285612974653422,6.8932799301726e-310,0.0006606866058496175,4.63441345011951e-309,associated,1900-2020,Asia
era_region,1900-2020 | Asia,Religion,Nobility,Religion + Nobility,160326,46257,33,31.732167465175245,0.05565988929770013,-0.5071001953338873,0.478560786586411,0.2528921109031293,0.8235882058970515,0.0007134055386211817,-0.19236093304333998,0.17530705133462965,-0.5359627536592141,0.15124088757253415,0.27251898167129207,0.8342841566229873,0.2796905338205366,not distinguishable,1900-2020,Asia
era_region,1900-2020 | Asia,Religion,Kinship,Religion + Kinship,160326,46257,85,77.31336430891393,0.13590646316247057,-0.18468231543611704,0.39967263065166786,0.15196207684228052,0.367816091954023,0.0018375597206909224,-0.08075724031742186,0.11060796320226995,-0.29754884819387095,0.13603436755902726,0.4653159850193991,0.3930089749645725,0.4713590497599107,not distinguishable,1900-2020,Asia
era_region,1900-2020 | Asia,Religion,Big business,Religion + Big business,160326,46257,28,99.12398580940821,-1.805531212998278,-2.4007452991174505,-1.3498043340003274,0.2746775560392014,0.0004997501249375312,0.0006053137903452451,-1.7050409944602087,0.1884581851221494,-2.0744190372996214,-1.3356629516207958,1.4652380180521263e-19,0.0006606866058496175,2.8572141352016463e-19,dissociated,1900-2020,Asia
era_region,1900-2020 | Asia,Religion,Small business,Religion + Small business,160326,46257,31,63.97330140971266,-1.0333500311806962,-1.5850548477111037,-0.5991809648153203,0.25644857518613057,0.0014992503748125937,0.000670168839310807,-0.9582495700003406,0.17977432445585045,-1.3106072459338076,-0.6058918940668737,9.805520044820404e-08,0.001856214749767973,1.3186733853379165e-07,dissociated,1900-2020,Asia
era_region,1900-2020 | Asia,Religion,Academia,Religion + Academia,160326,46257,631,237.32999931495237,1.4088520293027358,1.312173275052264,1.4969375640486076,0.04652520786912225,0.0004997501249375312,0.013641178632423201,0.5826653640952273,0.04428249605710638,0.4958716718232988,0.6694590563671557,1.5325483181918624e-39,0.0006606866058496175,3.7355865255926645e-39,associated,1900-2020,Asia
era_region,1900-2020 | Asia,Religion,Exploration & Invention,Religion + Exploration & Invention,160326,46257,7,45.4821645681926,-2.6161118804783516,-3.7639950872489325,-1.8040216627594665,0.5375624384879584,0.0009995002498750624,0.00015132844758631127,-2.0722478240344304,0.36608960165374405,-2.789783443275769,-1.354712204793092,1.5093827370814256e-08,0.0012574357982299172,2.2213557262707775e-08,dissociated,1900-2020,Asia
era_region,1900-2020 | Asia,Religion,Culture (core),Religion + Culture (core),160326,46257,410,577.0207918105802,-0.4924906651352233,-0.6187219698513279,-0.37294451363539965,0.06294335955188181,0.0004997501249375312,0.008863523358626802,-1.3625466873120138,0.05244930845050581,-1.4653473318750052,-1.2597460427490224,8.69907367802395e-149,0.0006606866058496175,3.0842170312994007e-148,dissociated,1900-2020,Asia
era_region,1900-2020 | Asia,Religion,Culture (periphery),Religion + Culture (periphery),160326,46257,47,300.9313405234083,-2.665830006564893,-3.1470577839629206,-2.2950366941239806,0.21066394587470916,0.0004997501249375312,0.0010160624337938041,-2.119745350189179,0.14624306857380295,-2.406381764593833,-1.8331089357845252,1.3092578167598898e-47,0.0006606866058496175,3.4040703235757133e-47,dissociated,1900-2020,Asia
era_region,1900-2020 | Asia,Religion,Sport & Games,Religion + Sport & Games,160326,46257,154,128.01296294912163,0.2656929484445183,0.03207182076888449,0.4712959002955003,0.11143828782024427,0.017991004497751123,0.003329225846898848,-2.8326686707593094,0.08224769754035635,-2.993874157938408,-2.6714631835802107,6.203906241368635e-260,0.020636740453302757,3.722343744821181e-259,associated,1900-2020,Asia
era_region,1900-2020 | Asia,Nobility,Kinship,Nobility + Kinship,160326,46257,267,55.71978960496561,2.250388931765792,2.104744519779357,2.406071663113692,0.07748473562826466,0.0004997501249375312,0.005772099357935015,2.144176588742678,0.06893288397414288,2.009068136153358,2.279285041331998,2.0434690587906764e-212,0.0006606866058496175,8.855032588092931e-212,associated,1900-2020,Asia
era_region,1900-2020 | Asia,Nobility,Big business,Nobility + Big business,160326,46257,65,71.43871804669381,-0.13527354411933742,-0.5132178840968749,0.1796726438765672,0.17478250482822005,0.4257871064467766,0.001405192727587176,0.04491506277492301,0.12676752788599538,-0.20354929188162793,0.29337941743147394,0.7231062198209852,0.4428185907046477,0.7231062198209852,not distinguishable,1900-2020,Asia
era_region,1900-2020 | Asia,Nobility,Small business,Nobility + Small business,160326,46257,10,46.10559800038681,-2.150113925750891,-3.294686915931921,-1.4705264751012022,0.4662688493533656,0.0009995002498750624,0.00021618349655187324,-1.1871424023626322,0.31009775571028153,-1.794934003554784,-0.5793508011704804,0.0001290395951643993,0.0012574357982299172,0.00015250133973974465,dissociated,1900-2020,Asia
era_region,1900-2020 | Asia,Nobility,Academia,Nobility + Academia,160326,46257,80,171.04387769154556,-1.091516949466722,-1.4189178390453414,-0.8214672151777783,0.1550305178954153,0.0004997501249375312,0.001729467972414986,-0.7633252524161782,0.11458332056012477,-0.9879085607140228,-0.5387419441183336,2.705889768004868e-11,0.0006606866058496175,4.3073347327424426e-11,dissociated,1900-2020,Asia
era_region,1900-2020 | Asia,Nobility,Exploration & Invention,Nobility + Exploration & Invention,160326,46257,5,32.77902421103053,-2.5971096084506486,-4.44949989509634,-1.6932859522313826,0.6887234393749865,0.008995502248875561,0.00010809174827593662,-1.5039147803371902,0.4276184632135257,-2.3420469682357004,-0.6657825924386798,0.0004365282121692892,0.010631048112307482,0.000508197023122456,dissociated,1900-2020,Asia
era_region,1900-2020 | Asia,Nobility,Culture (core),Nobility + Culture (core),160326,46257,327,415.8592425096324,-0.3463339431900728,-0.48755597007661355,-0.21295729259486953,0.07049680968576601,0.0004997501249375312,0.007069200337246255,-0.5964150339022336,0.06195085691746942,-0.7178387134604737,-0.47499135434399353,6.136236446019854e-22,0.0006606866058496175,1.2935849805122936e-21,dissociated,1900-2020,Asia
era_region,1900-2020 | Asia,Nobility,Culture (periphery),Nobility + Culture (periphery),160326,46257,44,216.8814037442076,-2.2883512866918005,-2.7613926060453515,-1.9261935770831868,0.2132557967698645,0.0004997501249375312,0.0009512073848282422,-1.2909326967848815,0.15221642972402144,-1.5892768990439636,-0.9925884945257994,2.2345384483011406e-17,0.0006606866058496175,3.961227249261113e-17,dissociated,1900-2020,Asia
era_region,1900-2020 | Asia,Nobility,Sport & Games,Nobility + Sport & Games,160326,46257,240,92.25902178740041,1.374477383106479,1.2014155247302383,1.529951421920096,0.08535637693215758,0.0004997501249375312,0.005188403917244957,-1.3831754854463734,0.06994735306293183,-1.5202722974497198,-1.246078673443027,4.934800402870736e-87,0.0006606866058496175,1.4804401208612207e-86,associated,1900-2020,Asia
era_region,1900-2020 | Asia,Kinship,Big business,Kinship + Big business,160326,46257,173,174.05579496475534,-0.008752589980214826,-0.2291067145767899,0.1740883861930439,0.10563128870940612,0.9330334832583708,0.003739974490347407,0.2026003031382866,0.07884538632097461,0.048063345949176384,0.35713726032739684,0.010181898887401512,0.9330334832583708,0.011345544474533112,not distinguishable,1900-2020,Asia
era_region,1900-2020 | Asia,Kinship,Small business,Kinship + Small business,160326,46257,41,112.33329392945562,-1.4430095876860394,-1.9630554219773961,-1.0495766705774165,0.23201324879317337,0.0004997501249375312,0.0008863523358626802,-0.6399236552817976,0.15709943387102204,-0.9478385456690008,-0.3320087648945944,4.633831096889983e-05,0.0006606866058496175,5.647481649334667e-05,dissociated,1900-2020,Asia
era_region,1900-2020 | Asia,Kinship,Academia,Kinship + Academia,160326,46257,169,416.7372948377558,-1.299582845840069,-1.523744528437737,-1.1083298746574082,0.10537549213689537,0.0004997501249375312,0.0036535010917266575,-0.8592294199439687,0.07904290703793389,-1.0141535177383192,-0.7043053221496183,1.5946898637375745e-27,0.0006606866058496175,3.553880267758024e-27,dissociated,1900-2020,Asia
era_region,1900-2020 | Asia,Kinship,Exploration & Invention,Kinship + Exploration & Invention,160326,46257,17,79.86396275323318,-2.1991937831719075,-3.067371956620576,-1.6042453894914308,0.36949151204750974,0.0004997501249375312,0.0003675119441381845,-1.1814014581121741,0.2405055716675395,-1.6527923785805516,-0.7100105376437967,9.007924404378287e-07,0.0006606866058496175,1.1518329566254204e-06,dissociated,1900-2020,Asia
era_region,1900-2020 | Asia,Kinship,Culture (core),Kinship + Culture (core),160326,46257,1330,1013.2140249373488,0.3923177939105943,0.3318640868514305,0.45157052269876147,0.03094800704870507,0.0004997501249375312,0.02875240504139914,0.20084447503592012,0.03449396737181251,0.1332362989871676,0.26845265108467264,5.794010974175726e-09,0.0006606866058496175,8.861428548739346e-09,associated,1900-2020,Asia
era_region,1900-2020 | Asia,Kinship,Culture (periphery),Kinship + Culture (periphery),160326,46257,95,528.4174488838993,-2.469469932132469,-2.785265602248817,-2.200071011336015,0.14832006488897942,0.0004997501249375312,0.0020537432172427956,-1.3677415919869602,0.10401347630879719,-1.5716080055522026,-1.1638751784217178,1.709469455514525e-39,0.0006606866058496175,4.040564167579786e-39,dissociated,1900-2020,Asia
era_region,1900-2020 | Asia,Kinship,Sport & Games,Kinship + Sport & Games,160326,46257,561,224.7831122806639,1.317546852603794,1.2133066935632393,1.4158864778212474,0.053281193680508744,0.0004997501249375312,0.012127894156560088,-1.3738436819083288,0.04602275711693577,-1.464048285857523,-1.2836390779591347,8.419306672216147e-196,0.0006606866058496175,3.2835296021642973e-195,associated,1900-2020,Asia
era_region,1900-2020 | Asia,Big business,Small business,Big business + Small business,160326,46257,219,144.0232737628212,0.6029190993635706,0.41554386761923295,0.7686153463889335,0.09111122403783678,0.0004997501249375312,0.004734418574486024,0.6170299613259623,0.0711383145673658,0.4775988647739253,0.7564610578779993,4.1842741980452025e-18,0.0006606866058496175,7.590078777849437e-18,associated,1900-2020,Asia
era_region,1900-2020 | Asia,Big business,Academia,Big business + Academia,160326,46257,479,534.3016963366855,-0.15747322627731847,-0.28170481803689734,-0.03922948701954512,0.06174242328249521,0.009495252373813094,0.010355189484834727,-0.2545683163424983,0.048334413029340925,-0.34930376588000656,-0.1598328668049901,1.3881245463844223e-07,0.011054174405334646,1.8351477053895753e-07,dissociated,1900-2020,Asia
era_region,1900-2020 | Asia,Big business,Exploration & Invention,Big business + Exploration & Invention,160326,46257,235,102.39412527701705,1.1945664456884046,1.020124731180887,1.356552080725175,0.08551703777214396,0.0004997501249375312,0.005080312168969021,1.060047280694839,0.06996747361867818,0.9229110324022296,1.1971835289874482,7.510948532993985e-52,0.0006606866058496175,2.0201861571501062e-51,associated,1900-2020,Asia
era_region,1900-2020 | Asia,Big business,Culture (core),Big business + Culture (core),160326,46257,613,1299.048534849537,-1.0828752668248152,-1.1920623761692832,-0.9776357860986282,0.05308872694325516,0.0004997501249375312,0.01325204833862983,-1.4211626634214152,0.042924439582313643,-1.5052945650027498,-1.3370307618400805,2.244377437486465e-240,0.0006606866058496175,1.1670762674929619e-239,dissociated,1900-2020,Asia
era_region,1900-2020 | Asia,Big business,Culture (periphery),Big business + Culture (periphery),160326,46257,317,677.4875750501035,-1.0945022425714315,-1.2448927355561161,-0.9585553990163292,0.07578342655632397,0.0004997501249375312,0.006853016840694381,-0.6148737981498109,0.05831111824984899,-0.7291635899195149,-0.5005840063801069,5.373871592238779e-26,0.0006606866058496175,1.1643388449850688e-25,dissociated,1900-2020,Asia
era_region,1900-2020 | Asia,Big business,Sport & Games,Big business + Sport & Games,160326,46257,856,288.1959442726538,1.5689024062062118,1.488252465873701,1.6481953027019955,0.04161659768916302,0.0004997501249375312,0.01850530730484035,-1.4553211937776787,0.037220178074595,-1.528272742803885,-1.3823696447514724,0.0,0.0006606866058496175,0.0,associated,1900-2020,Asia
era_region,1900-2020 | Asia,Small business,Academia,Small business + Academia,160326,46257,559,344.8312049233931,0.6961574258717931,0.5902466358873483,0.8004028927139347,0.05395784155727445,0.0004997501249375312,0.012084657457249714,0.6536973091765951,0.047213153429799586,0.5611595284541879,0.7462350898990022,1.3513225064613392e-43,0.0006606866058496175,3.400101790451111e-43,associated,1900-2020,Asia
era_region,1900-2020 | Asia,Small business,Exploration & Invention,Small business + Exploration & Invention,160326,46257,76,66.08380590673099,0.20028841103334838,-0.1339240391499461,0.4867440064243999,0.15894955825474535,0.20539730134932535,0.0016429945737942366,0.4872218054326144,0.11760304231203464,0.25671984250102653,0.7177237683642023,3.42888576152262e-05,0.2225137431284358,4.24528713331372e-05,not distinguishable,1900-2020,Asia
era_region,1900-2020 | Asia,Small business,Culture (core),Small business + Culture (core),160326,46257,974,838.3886380998142,0.2161828788997199,0.142704118346297,0.28364419943899416,0.0370080665422061,0.0004997501249375312,0.02105627256415245,-0.05110785980603902,0.038624041597322696,-0.1268109813367915,0.024595261724713463,0.18576433148727756,0.0006606866058496175,0.19580564670280606,associated,1900-2020,Asia
era_region,1900-2020 | Asia,Small business,Culture (periphery),Small business + Culture (periphery),160326,46257,203,437.24146568672325,-1.10505025731074,-1.309002080954594,-0.9222935219043389,0.09744480188221899,0.0004997501249375312,0.004388524980003026,-0.41543403182921596,0.07291705996971205,-0.5583514693698516,-0.2725165942885803,1.2168376109360117e-08,0.0006606866058496175,1.8252564164040177e-08,dissociated,1900-2020,Asia
era_region,1900-2020 | Asia,Small business,Sport & Games,Small business + Sport & Games,160326,46257,190,185.99782744270283,0.03063217343591226,-0.17646937435387183,0.21670787762815114,0.10071111079707575,0.7571214392803598,0.004107486434485591,-2.4146124494199475,0.0748366033064365,-2.561292191900563,-2.267932706939332,2.1586446107180988e-228,0.7770456876824745,9.90436939035363e-228,not distinguishable,1900-2020,Asia
era_region,1900-2020 | Asia,Academia,Exploration & Invention,Academia + Exploration & Invention,160326,46257,832,245.15960978985464,1.7607895961928899,1.6826543000491951,1.836069957311471,0.03891952657528182,0.0004997501249375312,0.017986466913115853,1.6539167041410368,0.04395287421748278,1.5677690706747704,1.740064337607303,7.1298668463377e-310,0.0006606866058496175,4.63441345011951e-309,associated,1900-2020,Asia
era_region,1900-2020 | Asia,Academia,Culture (core),Academia + Culture (core),160326,46257,3205,3110.278358647967,0.04327380146168102,0.005660534296791844,0.07827273005841634,0.018546856228593343,0.021989005497251374,0.06928681064487537,-0.6150651238526459,0.020571755402215158,-0.6553857644409876,-0.5747444832643042,2.056677291162071e-196,0.02485713664906677,8.443201511086397e-196,associated,1900-2020,Asia
era_region,1900-2020 | Asia,Academia,Culture (periphery),Academia + Culture (periphery),160326,46257,611,1622.0910046099948,-1.4078749915964954,-1.5197326026527018,-1.304683568497906,0.055775153022013135,0.0004997501249375312,0.013208811639319454,-0.9748630681501772,0.042196768682932956,-1.0575687347687257,-0.8921574015316286,4.340493318334738e-118,0.0006606866058496175,1.4106603284587897e-117,dissociated,1900-2020,Asia
era_region,1900-2020 | Asia,Academia,Sport & Games,Academia + Sport & Games,160326,46257,386,690.020106619937,-0.8372150094549174,-0.9783492191643921,-0.7021817947617516,0.06899228891004908,0.0004997501249375312,0.008344682966902307,-3.45685867796918,0.051771339086118834,-3.558330502577973,-3.355386853360387,0.0,0.0006606866058496175,0.0,dissociated,1900-2020,Asia
era_region,1900-2020 | Asia,Exploration & Invention,Culture (core),Exploration & Invention + Culture (core),160326,46257,207,596.0569357824219,-1.5235484997862225,-1.7220743050162362,-1.3534921724059854,0.09321304333403663,0.0004997501249375312,0.0044749983786237756,-1.546022460292898,0.07290011068187609,-1.688906677229375,-1.403138243356421,8.158487416717788e-100,0.0006606866058496175,2.54544807401595e-99,dissociated,1900-2020,Asia
era_region,1900-2020 | Asia,Exploration & Invention,Culture (periphery),Exploration & Invention + Culture (periphery),160326,46257,80,310.8591843812834,-1.9515191476952807,-2.298485805365809,-1.6592612827565096,0.15904160107463566,0.0004997501249375312,0.001729467972414986,-1.0473982943172326,0.11374562989788288,-1.270339728917083,-0.8244568597173823,3.31482255525916e-20,0.0006606866058496175,6.80410945553196e-20,dissociated,1900-2020,Asia
era_region,1900-2020 | Asia,Exploration & Invention,Sport & Games,Exploration & Invention + Sport & Games,160326,46257,263,132.23616119006383,0.989241505527568,0.8276861563025066,1.1467690400626622,0.08265060305932181,0.0004997501249375312,0.005685625959314266,-1.691935518326893,0.06557008725046234,-1.8204528893377991,-1.5634181473159867,8.1074455711825e-147,0.0006606866058496175,2.7494815415314565e-146,associated,1900-2020,Asia
era_region,1900-2020 | Asia,Culture (core),Culture (periphery),Culture (core) + Culture (periphery),160326,46257,9799,3943.7923506112347,1.3129416523484052,1.293496044956431,1.3329610019232847,0.010007652064248264,0.0004997501249375312,0.21183820827118058,1.7058804411769022,0.01862540624912867,1.66937464492861,1.7423862374251944,0.0,0.0006606866058496175,0.0,associated,1900-2020,Asia
era_region,1900-2020 | Asia,Culture (core),Sport & Games,Culture (core) + Sport & Games,160326,46257,1544,1677.6469449135175,-0.11972917819485951,-0.17740999893557574,-0.05980381499951408,0.029984398869706216,0.0004997501249375312,0.03337873186760923,-3.706658128395505,0.02655319857444709,-3.758702397601421,-3.6546138591895887,0.0,0.0006606866058496175,0.0,dissociated,1900-2020,Asia
era_region,1900-2020 | Asia,Culture (periphery),Sport & Games,Culture (periphery) + Sport & Games,160326,46257,400,874.9364862116711,-1.1282002708605634,-1.2691977468061224,-1.005423719233035,0.06794776579432107,0.0004997501249375312,0.00864733986207493,-3.321026010435989,0.05094481115067579,-3.420877840291314,-3.2211741805806646,0.0,0.0006606866058496175,0.0,dissociated,1900-2020,Asia
era_region,1900-2020 | Europe,Politics,Administration & Law,Politics + Administration & Law,750066,211665,10757,2629.281489575289,2.032328005238772,2.0139986049610026,2.0509998785005,0.009446670243037194,0.0004997501249375312,0.05082087260529611,1.5250163785813688,0.012793045354855176,1.4999420096858527,1.550090747476885,0.0,0.0005817986529123497,0.0,associated,1900-2020,Europe
era_region,1900-2020 | Europe,Politics,Military,Politics + Military,750066,211665,4266,1699.318945406999,1.3276719607551302,1.291881346691272,1.3629602773286351,0.01831010812594024,0.0004997501249375312,0.02015448940542839,0.5880153488621865,0.017543483051654755,0.5536301220809432,0.6224005756434299,2.671436897137145e-246,0.0005817986529123497,7.185244068161976e-246,associated,1900-2020,Europe
era_region,1900-2020 | Europe,Politics,Religion,Politics + Religion,750066,211665,1005,1306.6235222700655,-0.3784823996171467,-0.46846857828772565,-0.2948415110679534,0.04364561651236295,0.0004997501249375312,0.004748068882432145,-0.8466766868750778,0.03271556482397786,-0.9107991939300744,-0.7825541798200812,1.1204690757883472e-147,0.0005817986529123497,2.427682997541419e-147,dissociated,1900-2020,Europe
era_region,1900-2020 | Europe,Politics,Nobility,Politics + Nobility,750066,211665,853,546.9810718696585,0.6405820661498409,0.5511753123695741,0.726350244562248,0.044347328014067995,0.0004997501249375312,0.0040299529917558405,0.34503900734987414,0.0377732718340499,0.27100339455513633,0.41907462014461194,6.572489281697104e-20,0.0005817986529123497,8.268615547941519e-20,associated,1900-2020,Europe
era_region,1900-2020 | Europe,Politics,Kinship,Politics + Kinship,750066,211665,773,1299.4419765129267,-0.7489740325704359,-0.8509726665228233,-0.6599287079049623,0.04925314574324929,0.0004997501249375312,0.0036519972598209435,-0.664643827274196,0.03746457057638263,-0.738074385603906,-0.591213268944486,2.0376070515080722e-70,0.0005817986529123497,3.531852222613992e-70,dissociated,1900-2020,Europe
era_region,1900-2020 | Europe,Politics,Big business,Politics + Big business,750066,211665,4673,2507.5468087181125,0.8979391199110024,0.8633378782629393,0.9310171271510903,0.0176913679579763,0.0004997501249375312,0.02207733919164718,0.428545403510767,0.016554289025503655,0.39609899702077983,0.4609918100007541,9.263723117554148e-148,0.0005817986529123497,2.0644868661977816e-147,associated,1900-2020,Europe
era_region,1900-2020 | Europe,Politics,Small business,Politics + Small business,750066,211665,4441,2912.3469823032688,0.6086170754331189,0.5725599601172697,0.644808050999475,0.01855642053167159,0.0004997501249375312,0.020981267569035976,0.38532673247065696,0.01690167152516708,0.3521994562813295,0.41845400865998444,4.783762494504455e-115,0.0005817986529123497,9.81930196240388e-115,associated,1900-2020,Europe
era_region,1900-2020 | Europe,Politics,Academia,Politics + Academia,750066,211665,11997,9900.11437742634,0.27714385428817473,0.25648186439955006,0.29624094627303704,0.0102518850421294,0.0004997501249375312,0.05667918645028701,-0.32086213585937473,0.010313521262793375,-0.3410766375344497,-0.30064763418429974,1.71944942371194e-212,0.0005817986529123497,4.470568501651044e-212,associated,1900-2020,Europe
era_region,1900-2020 | Europe,Politics,Exploration & Invention,Politics + Exploration & Invention,750066,211665,1095,1226.8625258611928,-0.1639719562074942,-0.24327314334122774,-0.08690290800605634,0.04120545435625944,0.0004997501249375312,0.005173269080858904,-0.33427650766509415,0.03196256156462353,-0.39692312833175625,-0.27162988699843205,1.3413399558572768e-25,0.0005817986529123497,1.8038709751184067e-25,dissociated,1900-2020,Europe
era_region,1900-2020 | Europe,Politics,Culture (core),Politics + Culture (core),750066,211665,5127,16235.057490202145,-1.6628294323529655,-1.698881743111965,-1.6295226656545305,0.018195794527518027,0.0004997501249375312,0.02422223797037772,-2.3275615010781463,0.01458032644394885,-2.356138940908286,-2.2989840612480066,0.0,0.0005817986529123497,0.0,dissociated,1900-2020,Europe
era_region,1900-2020 | Europe,Politics,Culture (periphery),Politics + Culture (periphery),750066,211665,4170,8416.00702778462,-1.0130012598633698,-1.0535991679284888,-0.9746259146094602,0.02023438591784225,0.0004997501249375312,0.019700942527106514,-0.9796031671449656,0.01632683224077111,-1.011603758336877,-0.9476025759530543,0.0,0.0005817986529123497,0.0,dissociated,1900-2020,Europe
era_region,1900-2020 | Europe,Politics,Sport & Games,Politics + Sport & Games,750066,211665,2816,3293.4177829286186,-0.2259010738810184,-0.27733547220696825,-0.1775968861480383,0.025277591713772408,0.0004997501249375312,0.013304041764108378,-3.2201392322873965,0.01928692501910711,-3.2579416053248464,-3.1823368592499466,0.0,0.0005817986529123497,0.0,dissociated,1900-2020,Europe
era_region,1900-2020 | Europe,Administration & Law,Military,Administration & Law + Military,750066,211665,973,640.4413173747463,0.6029887047973083,0.5156126666808164,0.6853652958853234,0.04333955527222396,0.0004997501249375312,0.0045968865896581865,0.24397249345876312,0.033409422520240595,0.17849002531909156,0.30945496159843466,2.824576489627599e-13,0.0005817986529123497,3.3894917875531184e-13,associated,1900-2020,Europe
era_region,1900-2020 | Europe,Administration & Law,Religion,Administration & Law + Religion,750066,211665,361,492.44180568765944,-0.44742169191891673,-0.600440188389863,-0.30860021142173344,0.072895601507975,0.0004997501249375312,0.0017055252403562233,-0.577118619446795,0.053524243123030814,-0.6820261359679354,-0.4722111029256546,4.169649179940557e-27,0.0005817986529123497,5.705835719918657e-27,dissociated,1900-2020,Europe
era_region,1900-2020 | Europe,Administration & Law,Nobility,Administration & Law + Nobility,750066,211665,220,206.14686795206262,0.09361115814471954,-0.11294992408425897,0.27843479553929823,0.09791749933691243,0.33233383308345826,0.0010393782628209671,0.17602069679188861,0.06915961938991189,0.04046784278766133,0.31157355079611593,0.010923491449196118,0.35029782406094245,0.011210951750490753,not distinguishable,1900-2020,Europe
era_region,1900-2020 | Europe,Administration & Law,Kinship,Administration & Law + Kinship,750066,211665,143,489.7352162990574,-1.7724233877670976,-2.0149267102409465,-1.558208199991342,0.11822112847107552,0.0004997501249375312,0.0006755958708336286,-1.0830240830593763,0.08425379054661215,-1.2481615125307362,-0.9178866535880165,8.135172327829224e-38,0.0005817986529123497,1.17508044735311e-37,dissociated,1900-2020,Europe
era_region,1900-2020 | Europe,Administration & Law,Big business,Administration & Law + Big business,750066,211665,863,945.0471825167792,-0.13095327226072093,-0.22739242179076583,-0.03725784378093653,0.04738638848533143,0.0069965017491254375,0.004077197458247703,-0.1187194973630814,0.03516276038773188,-0.1876385077230359,-0.04980048700312692,0.0007347179319837519,0.007796101949025488,0.0007641066492631019,dissociated,1900-2020,Europe
era_region,1900-2020 | Europe,Administration & Law,Small business,Administration & Law + Small business,750066,211665,400,1097.608746751156,-1.4551467851301367,-1.5992832889835171,-1.3163539605682197,0.07277681442163336,0.0004997501249375312,0.0018897786596744856,-0.9048168810499417,0.0507402342209269,-1.0042677401229585,-0.805366021976925,3.965061578718012e-71,0.0005817986529123497,7.028972798636476e-71,dissociated,1900-2020,Europe
era_region,1900-2020 | Europe,Administration & Law,Academia,Administration & Law + Academia,750066,211665,3993,3731.1667189828277,0.09783357110159581,0.05698873608994485,0.136947238914405,0.020071165215779903,0.0004997501249375312,0.018864715470200553,-0.13886284342925015,0.017381273864605955,-0.1729301402038778,-0.10479554665462248,1.3579373931054115e-15,0.0005817986529123497,1.6549861978472203e-15,associated,1900-2020,Europe
era_region,1900-2020 | Europe,Administration & Law,Exploration & Invention,Administration & Law + Exploration & Invention,750066,211665,88,462.38138780478454,-2.386893193547333,-2.6993210418008795,-2.101069226387686,0.15326108149025813,0.0004997501249375312,0.0004157513051283868,-1.6224569708358338,0.10688592059505685,-1.8319533752021453,-1.4129605664695224,4.846860156756973e-52,0.0005817986529123497,7.715410045449876e-52,dissociated,1900-2020,Europe
era_region,1900-2020 | Europe,Administration & Law,Culture (core),Administration & Law + Culture (core),750066,211665,1996,6118.687509947996,-1.6158670363089633,-1.676366236262255,-1.5569887701310228,0.03030055305988655,0.0004997501249375312,0.009429995511775683,-1.8895554749755576,0.023351750946604445,-1.9353249068309024,-1.8437860431202129,0.0,0.0005817986529123497,0.0,dissociated,1900-2020,Europe
era_region,1900-2020 | Europe,Administration & Law,Culture (periphery),Administration & Law + Culture (periphery),750066,211665,634,3171.834600254264,-2.321852877357505,-2.4292828123339247,-2.21033355847594,0.05557323365434714,0.0004997501249375312,0.0029952991755840598,-1.5982986245326738,0.040341681339751655,-1.6773683199585872,-1.5192289291067604,0.0,0.0005817986529123497,0.0,dissociated,1900-2020,Europe
era_region,1900-2020 | Europe,Administration & Law,Sport & Games,Administration & Law + Sport & Games,750066,211665,798,1241.227157070883,-0.6369838943169823,-0.7348998364977588,-0.5416922862179481,0.04908173017589861,0.0004997501249375312,0.0037701084260505988,-3.095621746825325,0.03598195399996274,-3.1661463766652522,-3.025097116985398,0.0,0.0005817986529123497,0.0,dissociated,1900-2020,Europe
era_region,1900-2020 | Europe,Military,Religion,Military + Religion,750066,211665,306,318.26782078424156,-0.05661892448956053,-0.21807559945054372,0.10794510054897835,0.08167278658630017,0.47926036981509246,0.0014456806746509815,-0.42366689387832623,0.058087467015617525,-0.5375183292289366,-0.30981545852771586,3.0177496302687853e-13,0.47926036981509246,3.566431381226746e-13,not distinguishable,1900-2020,Europe
era_region,1900-2020 | Europe,Military,Nobility,Military + Nobility,750066,211665,403,133.23384340405516,1.5932040657185533,1.4551895161937358,1.7245888784994454,0.06878193264992219,0.0004997501249375312,0.0019039519996220443,1.1514752248732367,0.052423396779697665,1.0487253671850294,1.254225082561444,6.237977048006237e-107,0.0005817986529123497,1.2475954096012475e-106,associated,1900-2020,Europe
era_region,1900-2020 | Europe,Military,Kinship,Military + Kinship,750066,211665,241,316.51853732268575,-0.39254401383230914,-0.5802920916677576,-0.2219454115757468,0.09003521251623263,0.0004997501249375312,0.0011385916424538776,-0.226725844514085,0.06545951979992172,-0.3550265033219316,-0.09842518570623843,0.0005329908219691039,0.0005817986529123497,0.0005618011366701366,dissociated,1900-2020,Europe
era_region,1900-2020 | Europe,Military,Big business,Military + Big business,750066,211665,591,610.7891406536612,-0.04747676977233198,-0.16453541138318228,0.0582842603851492,0.057076830334218336,0.3953023488255872,0.0027921479696690525,-0.1903988010997506,0.042209974924924676,-0.27313035195260293,-0.10766725024689824,6.45976874815495e-06,0.4057050422157342,6.998082810501195e-06,not distinguishable,1900-2020,Europe
era_region,1900-2020 | Europe,Military,Small business,Military + Small business,750066,211665,1089,709.3905104470037,0.6179977628026625,0.5327729462051392,0.6945395778401445,0.04080866922664218,0.0004997501249375312,0.005144922400963787,0.4849049648036025,0.031807655703826376,0.4225619596241028,0.5472479699831022,1.7796806175901653e-52,0.0005817986529123497,2.8919810035840184e-52,associated,1900-2020,Europe
era_region,1900-2020 | Europe,Military,Academia,Military + Academia,750066,211665,1806,2411.4733698839414,-0.41701672404788015,-0.4743203346224828,-0.35911247620817766,0.03106634518736427,0.0004997501249375312,0.008532350648430302,-0.6943490503155779,0.024833865311674773,-0.7430234263264605,-0.6456746743046954,5.015634210298078e-172,0.0005817986529123497,1.1855135406159094e-171,dissociated,1900-2020,Europe
era_region,1900-2020 | Europe,Military,Exploration & Invention,Military + Exploration & Invention,750066,211665,490,298.83960900176254,0.7124699457154631,0.5888092181266561,0.8241170316571718,0.06217010379909091,0.0004997501249375312,0.002314978858101245,0.46730852095775216,0.04670181037335266,0.37577297262598097,0.5588440692895233,1.4311875977602028e-23,0.0005817986529123497,1.8605438770882638e-23,associated,1900-2020,Europe
era_region,1900-2020 | Europe,Military,Culture (core),Military + Culture (core),750066,211665,1441,3954.5410591847062,-1.456121835254547,-1.5244627244901876,-1.3906447085009117,0.034882160589591434,0.0004997501249375312,0.006807927621477334,-1.8950846138124067,0.02742079397869746,-1.9488293700106536,-1.8413398576141597,0.0,0.0005817986529123497,0.0,dissociated,1900-2020,Europe
era_region,1900-2020 | Europe,Military,Culture (periphery),Military + Culture (periphery),750066,211665,432,2049.9739755061955,-2.2451853953196306,-2.381971445610743,-2.119279001704667,0.06815812607725856,0.0004997501249375312,0.0020409609524484444,-1.6653879629171433,0.04875017100282904,-1.7609382980826882,-1.5698376277515984,8.968222713669494e-256,0.0005817986529123497,2.498290613093645e-255,dissociated,1900-2020,Europe
era_region,1900-2020 | Europe,Military,Sport & Games,Military + Sport & Games,750066,211665,1907,802.2118711621588,1.248728918426139,1.19272511507034,1.3082120120506846,0.030180939868745055,0.0004997501249375312,0.00900951975999811,-1.8240632841794033,0.024152086579613107,-1.871401373875445,-1.7767251944833617,0.0,0.0005817986529123497,0.0,associated,1900-2020,Europe
era_region,1900-2020 | Europe,Religion,Nobility,Religion + Nobility,750066,211665,66,102.44484958207177,-0.6304454067956485,-1.0051959859959751,-0.3128207009105051,0.17760663223360515,0.0009995002498750624,0.0003118134788462901,-0.5200993451388428,0.12370607276174353,-0.7625632477518601,-0.2776354425258255,2.618735782057383e-05,0.0011298698476848532,2.798101246581861e-05,dissociated,1900-2020,Europe
era_region,1900-2020 | Europe,Religion,Kinship,Religion + Kinship,750066,211665,207,243.37430428711173,-0.23302642072957086,-0.4404883073146587,-0.047989454991794196,0.09996853214077736,0.02048975512243878,0.0009779604563815462,-0.1620499162756415,0.07053241559186499,-0.30029345083569686,-0.023806381715586133,0.02158889664009825,0.022509871824651053,0.021869271921138488,dissociated,1900-2020,Europe
era_region,1900-2020 | Europe,Religion,Big business,Religion + Big business,750066,211665,94,469.6419471355033,-2.3147101723660097,-2.6313356880141803,-2.0576801707930095,0.14582648405702756,0.0004997501249375312,0.00044409798502350413,-1.8491216149740681,0.10335723230114605,-2.0517017902843144,-1.6465414396638218,1.396282776333985e-71,0.0005817986529123497,2.5327920128849034e-71,dissociated,1900-2020,Europe
era_region,1900-2020 | Europe,Religion,Small business,Religion + Small business,750066,211665,234,545.457537521435,-1.219200825493327,-1.4114482744471892,-1.049963628283521,0.09318081418509727,0.0004997501249375312,0.001105520515909574,-0.9080999950330643,0.06607960657137488,-1.037616023912959,-0.7785839661531695,5.6479078144663944e-43,0.0005817986529123497,8.312015274120354e-43,dissociated,1900-2020,Europe
era_region,1900-2020 | Europe,Religion,Academia,Religion + Academia,750066,211665,4984,1854.2062612404757,1.4262580753727259,1.3976300587312298,1.45551210652219,0.014739052672316608,0.0004997501249375312,0.02354664209954409,0.8361141809188013,0.0172150850091333,0.8023726143009,0.8698557475367026,0.0,0.0005817986529123497,0.0,associated,1900-2020,Europe
era_region,1900-2020 | Europe,Religion,Exploration & Invention,Religion + Exploration & Invention,750066,211665,38,229.78079751483702,-2.580463762836992,-3.0869084135908293,-2.173572264988086,0.23182861332813187,0.0004997501249375312,0.00017952897266907612,-1.9213677919926704,0.16162669090404005,-2.2381561061645887,-1.6045794778207518,1.3714949967508148e-32,0.0005817986529123497,1.9450292681193373e-32,dissociated,1900-2020,Europe
era_region,1900-2020 | Europe,Religion,Culture (core),Religion + Culture (core),750066,211665,2532,3040.686612527561,-0.26407207634849716,-0.31169792066655644,-0.21799360415572241,0.024337568524900332,0.0004997501249375312,0.011962298915739494,-1.0111418661773455,0.021716996496338438,-1.0537071793101689,-0.9685765530445222,0.0,0.0005817986529123497,0.0,dissociated,1900-2020,Europe
era_region,1900-2020 | Europe,Religion,Culture (periphery),Religion + Culture (periphery),750066,211665,403,1576.2457210740642,-1.966309439455513,-2.114591645318705,-1.8355429458166954,0.06999009646699424,0.0004997501249375312,0.0019039519996220443,-1.5124889347716843,0.050544006931993395,-1.6115551883583914,-1.4134226811849773,9.533769570896345e-197,0.0005817986529123497,2.39881944041908e-196,dissociated,1900-2020,Europe
era_region,1900-2020 | Europe,Religion,Sport & Games,Religion + Sport & Games,750066,211665,566,616.8288204741406,-0.12396319022281656,-0.24007805578945463,-0.006224714136304899,0.05761637149257621,0.03798100949525238,0.0026740368034393973,-2.885940605119323,0.042813126639202906,-2.9698543333321603,-2.8020268769064853,0.0,0.041146093619856744,0.0,dissociated,1900-2020,Europe
era_region,1900-2020 | Europe,Nobility,Kinship,Nobility + Kinship,750066,211665,743,101.88178580561484,2.8603736662485866,2.7700674961076204,2.949283348862098,0.04662840498792066,0.0004997501249375312,0.003510263860345357,2.544868569410333,0.041007757767378895,2.46449336418627,2.6252437746343955,0.0,0.0005817986529123497,0.0,associated,1900-2020,Europe
era_region,1900-2020 | Europe,Nobility,Big business,Nobility + Big business,750066,211665,243,196.60235045579995,0.3049767916100977,0.12060763560143087,0.46817778696890355,0.08729948676711125,0.0009995002498750624,0.00114804053575225,0.37721775944929287,0.06602436004703906,0.24781001375709633,0.5066255051414894,1.1079835730411224e-08,0.0011298698476848532,1.252503169524747e-08,associated,1900-2020,Europe
era_region,1900-2020 | Europe,Nobility,Small business,Nobility + Small business,750066,211665,85,228.3404082719339,-1.420345498273696,-1.7408928817737612,-1.132321564140744,0.15080773057660046,0.0004997501249375312,0.0004015779651808282,-0.6907975718924352,0.10927913535906986,-0.9049846771962121,-0.47661046658865824,2.591972539091072e-10,0.0005817986529123497,3.017520269389606e-10,dissociated,1900-2020,Europe
era_region,1900-2020 | Europe,Nobility,Academia,Nobility + Academia,750066,211665,378,776.2111357667108,-1.0370848499251315,-1.1803224368091012,-0.9042832605322451,0.07069801750106874,0.0004997501249375312,0.0017858408333923889,-0.8323679759171986,0.05357244203006258,-0.9373699622961212,-0.7273659895382759,1.9416243781065807e-54,0.0005817986529123497,3.222270244517304e-54,dissociated,1900-2020,Europe
era_region,1900-2020 | Europe,Nobility,Exploration & Invention,Nobility + Exploration & Invention,750066,211665,26,96.19124772939195,-1.8673929464806476,-2.5022705099713582,-1.3813792198102093,0.28610551668568796,0.0004997501249375312,0.00012283561287884158,-1.0640529618717953,0.19500595705896306,-1.446264637707363,-0.6818412860362277,4.855698247446484e-08,0.0005817986529123497,5.410635190011797e-08,dissociated,1900-2020,Europe
era_region,1900-2020 | Europe,Nobility,Culture (core),Nobility + Culture (core),750066,211665,779,1272.8976588837813,-0.7080620889350461,-0.8025914181095957,-0.6215744635839875,0.046071252585055636,0.0004997501249375312,0.0036803439397160606,-0.9575729382040177,0.039087575105270465,-1.0341845854103477,-0.8809612909976876,1.5460768051725094e-132,0.0005817986529123497,3.2592970487420466e-132,dissociated,1900-2020,Europe
era_region,1900-2020 | Europe,Nobility,Culture (periphery),Nobility + Culture (periphery),750066,211665,188,659.8507981435617,-1.8086681074800437,-2.025314730977504,-1.6196385180641821,0.10299342477501167,0.0004997501249375312,0.0008881959700470083,-1.032174234674062,0.07435929285036828,-1.1779184486607839,-0.8864300206873403,8.269391906905392e-44,0.0005817986529123497,1.2404087860358088e-43,dissociated,1900-2020,Europe
era_region,1900-2020 | Europe,Nobility,Sport & Games,Nobility + Sport & Games,750066,211665,595,258.21798217505756,1.2027211761649843,1.093701906215658,1.3041873300856508,0.05442889930495135,0.0004997501249375312,0.0028110457562657972,-1.5041600824905685,0.04374658566763724,-1.5899033903991375,-1.4184167745819996,4.4517565389668675e-259,0.0005817986529123497,1.2860630001459842e-258,associated,1900-2020,Europe
era_region,1900-2020 | Europe,Kinship,Big business,Kinship + Big business,750066,211665,485,467.06067175254856,0.05431771105665016,-0.07066852176518813,0.17534629849310246,0.06334321567531502,0.384807596201899,0.002291356624855314,0.278034233450683,0.046870334899257966,0.18616837704813738,0.36990008985322864,2.9928969875268267e-09,0.400199900049975,3.4330288974572424e-09,not distinguishable,1900-2020,Europe
era_region,1900-2020 | Europe,Kinship,Small business,Kinship + Small business,750066,211665,147,542.4595597585054,-1.8801297939998602,-2.1126388733079047,-1.6586365932772922,0.11586426342014879,0.0004997501249375312,0.0006944936574303735,-0.9410993731316912,0.0831498536435834,-1.1040730862731147,-0.7781256599902677,1.0674584140931095e-29,0.0005817986529123497,1.4868170767725455e-29,dissociated,1900-2020,Europe
era_region,1900-2020 | Europe,Kinship,Academia,Kinship + Academia,750066,211665,976,1844.015057055557,-0.91754961679405,-1.0025284684295792,-0.8371057351163177,0.042857089949602974,0.0004997501249375312,0.004611059929605745,-0.6596890904141018,0.03368839145423307,-0.7257183376643986,-0.593659843163805,2.1981676766551894e-85,0.0005817986529123497,4.1818799702220675e-85,dissociated,1900-2020,Europe
era_region,1900-2020 | Europe,Kinship,Exploration & Invention,Kinship + Exploration & Invention,750066,211665,106,228.51786195356863,-1.1046066934033512,-1.3995081274278212,-0.8545266146674058,0.13926630282490304,0.0004997501249375312,0.0005007913448137386,-0.4557058616989823,0.09783646750981972,-0.6474653380182289,-0.26394638537973564,3.195563013403424e-06,0.0005817986529123497,3.510618521767142e-06,dissociated,1900-2020,Europe
era_region,1900-2020 | Europe,Kinship,Culture (core),Kinship + Culture (core),750066,211665,3510,3023.9742009807005,0.2149921735780155,0.17851132898709107,0.2514114523439657,0.01909458274758558,0.0004997501249375312,0.016582807738643613,-0.016027059543514317,0.020648200204463257,-0.0564975319442623,0.024443412857233667,0.4376330062581568,0.0005817986529123497,0.43763300625815676,associated,1900-2020,Europe
era_region,1900-2020 | Europe,Kinship,Culture (periphery),Kinship + Culture (periphery),750066,211665,606,1567.582260959156,-1.3704216941763896,-1.485188497775914,-1.2616321094605238,0.05645197380583286,0.0004997501249375312,0.0028630146694068456,-0.6337777850786349,0.04196417477484027,-0.7160275676373218,-0.551528002519948,1.5513053286584447e-51,0.0005817986529123497,2.420036312707174e-51,dissociated,1900-2020,Europe
era_region,1900-2020 | Europe,Kinship,Sport & Games,Kinship + Sport & Games,750066,211665,2801,613.438567411146,2.1900332851586444,2.144940149835572,2.232215898168414,0.022271077342742553,0.0004997501249375312,0.013233175064370585,-0.572737342349433,0.022049319350083557,-0.6159540082755968,-0.5295206764232692,9.422155418960515e-149,0.0005817986529123497,2.161553301996824e-148,associated,1900-2020,Europe
era_region,1900-2020 | Europe,Big business,Small business,Big business + Small business,750066,211665,1440,1046.7899009860414,0.4599088096110046,0.3920531108972205,0.5258498849575349,0.03512396082651477,0.0004997501249375312,0.006803203174828148,0.5583583379477292,0.027908189793322425,0.5036582859528173,0.6130583899426411,4.788792379830778e-89,0.0005817986529123497,9.338145140670016e-89,associated,1900-2020,Europe
era_region,1900-2020 | Europe,Big business,Academia,Big business + Academia,750066,211665,2334,3558.4151929247855,-0.6083239660139832,-0.6657047481730357,-0.5552784976623307,0.027194234045721258,0.0004997501249375312,0.011026858479200624,-0.6543489825720669,0.021940349737598033,-0.697352068057759,-0.6113458970863748,1.9086384052762604e-195,0.0005817986529123497,4.652306112860885e-195,dissociated,1900-2020,Europe
era_region,1900-2020 | Europe,Big business,Exploration & Invention,Big business + Exploration & Invention,750066,211665,1187,440.973314571893,1.4275293733979304,1.3490029975712685,1.4970351826378192,0.038099589729796934,0.0004997501249375312,0.005607918172584036,1.2172060389587487,0.031335475550888024,1.1557885068790081,1.2786235710384892,0.0,0.0005817986529123497,0.0,associated,1900-2020,Europe
era_region,1900-2020 | Europe,Big business,Culture (core),Big business + Culture (core),750066,211665,2451,5835.394726637591,-1.2512890971757746,-1.303039419225684,-1.1996968387026319,0.026554592142484203,0.0004997501249375312,0.011579618737155411,-1.5575354401308192,0.021381172425772962,-1.5994425380853343,-1.5156283421763042,0.0,0.0005817986529123497,0.0,dissociated,1900-2020,Europe
era_region,1900-2020 | Europe,Big business,Culture (periphery),Big business + Culture (periphery),750066,211665,1879,3024.9799274759325,-0.6868150977733377,-0.7483806219006666,-0.6277890881878475,0.03128827989497192,0.0004997501249375312,0.008877235253820896,-0.3444812849612128,0.02427677547902319,-0.3920637649000982,-0.29689880502232735,1.060416688431796e-45,0.0005817986529123497,1.621813758778041e-45,dissociated,1900-2020,Europe
era_region,1900-2020 | Europe,Big business,Sport & Games,Big business + Sport & Games,750066,211665,4047,1183.7588363770453,1.7730466438630996,1.7361176687401498,1.8102043287443448,0.019095742571066575,0.0004997501249375312,0.019119835589256607,-1.2133373212757455,0.01729436342305981,-1.2472342735849427,-1.1794403689665482,0.0,0.0005817986529123497,0.0,associated,1900-2020,Europe
era_region,1900-2020 | Europe,Small business,Academia,Small business + Academia,750066,211665,4548,4132.859938193722,0.13807585226088173,0.10088916045434024,0.16996378908686235,0.017746801362266872,0.0004997501249375312,0.0214867833604989,0.1567181341067671,0.01668890199340068,0.12400788619970177,0.18942838201383244,5.9682135064773365e-21,0.0005817986529123497,7.631486123036594e-21,associated,1900-2020,Europe
era_region,1900-2020 | Europe,Small business,Exploration & Invention,Small business + Exploration & Invention,750066,211665,540,512.1608488043561,0.07628989263064366,-0.04129705545390235,0.18932532147349046,0.06007293929462643,0.2178910544727636,0.0025512011905605555,0.36012063623652635,0.044539936669400565,0.27282236036450125,0.44741891210855145,6.198981689084389e-16,0.2328150992996652,7.674929710294958e-16,not distinguishable,1900-2020,Europe
era_region,1900-2020 | Europe,Small business,Culture (core),Small business + Culture (core),750066,211665,6824,6777.418536549387,0.009881052967018432,-0.01620467623696994,0.03519944434118244,0.013452675065468508,0.45527236381809094,0.032239623934046724,-0.2735182375995194,0.014389763644793803,-0.3017221743433152,-0.24531430085572353,1.4689394682122078e-80,0.46118499191962464,2.728030440965529e-80,not distinguishable,1900-2020,Europe
era_region,1900-2020 | Europe,Small business,Culture (periphery),Small business + Culture (periphery),750066,211665,2029,3513.310751641028,-0.7919121521014412,-0.8522292162835015,-0.7336052921910209,0.029707537736789157,0.0004997501249375312,0.009585902251198828,-0.23967817492187726,0.023476158530600776,-0.2856914456418548,-0.19366490420189975,1.799204015257329e-24,0.0005817986529123497,2.378608698136808e-24,dissociated,1900-2020,Europe
era_region,1900-2020 | Europe,Small business,Sport & Games,Small business + Sport & Games,750066,211665,1616,1374.856279017949,0.23306811763264604,0.16516762233947227,0.29719101225028716,0.03386350842014355,0.0004997501249375312,0.007634705785084922,-2.2323640982170505,0.025821199996743253,-2.2829736502106672,-2.181754546223434,0.0,0.0005817986529123497,0.0,associated,1900-2020,Europe
era_region,1900-2020 | Europe,Academia,Exploration & Invention,Academia + Exploration & Invention,750066,211665,3527,1741.0188461791213,1.018299997413241,0.9799643064608207,1.055597727329244,0.01918308234011903,0.0004997501249375312,0.016663123331679776,0.8769642958862862,0.020499215049938763,0.8367858343884063,0.9171427573841662,0.0,0.0005817986529123497,0.0,associated,1900-2020,Europe
era_region,1900-2020 | Europe,Academia,Culture (core),Academia + Culture (core),750066,211665,26850,23038.882078008308,0.22084692993283594,0.21045293601694398,0.2323693865960472,0.005566621728031218,0.0004997501249375312,0.12685139253064984,-0.5914103587991472,0.007422605273167118,-0.6059586651345548,-0.5768620524637396,0.0,0.0005817986529123497,0.0,associated,1900-2020,Europe
era_region,1900-2020 | Europe,Academia,Culture (periphery),Academia + Culture (periphery),750066,211665,6047,11943.006275021504,-0.9818156638509462,-1.0138544600389399,-0.950073346978346,0.016167980182085588,0.0004997501249375312,0.028568728887629038,-0.8224108851382093,0.013805337718853837,-0.8494693470671628,-0.7953524232092557,0.0,0.0005817986529123497,0.0,dissociated,1900-2020,Europe
era_region,1900-2020 | Europe,Academia,Sport & Games,Academia + Sport & Games,750066,211665,2165,4673.630751249237,-1.1099979193405183,-1.1681559968038242,-1.0562797957371404,0.02909246429856044,0.0004997501249375312,0.010228426995488154,-3.77442581191188,0.021834554730848395,-3.817221539184343,-3.731630084639417,0.0,0.0005817986529123497,0.0,dissociated,1900-2020,Europe
era_region,1900-2020 | Europe,Exploration & Invention,Culture (core),Exploration & Invention + Culture (core),750066,211665,1085,2855.0721720642814,-1.3954201219447993,-1.4790954122101647,-1.3117535160002023,0.04201598866874,0.0004997501249375312,0.005126024614367042,-1.5425059522058162,0.03199997892429011,-1.6052259108974247,-1.4797859935142077,0.0,0.0005817986529123497,0.0,dissociated,1900-2020,Europe
era_region,1900-2020 | Europe,Exploration & Invention,Culture (periphery),Exploration & Invention + Culture (periphery),750066,211665,604,1480.02601650326,-1.2922955978706465,-1.4002071351106518,-1.1840877433635997,0.05551684301154701,0.0004997501249375312,0.0028535657761084732,-0.6886751682136121,0.04197189050720855,-0.7709400736077409,-0.6064102628194833,1.6761175551305188e-60,0.0005817986529123497,2.8421123760908796e-60,dissociated,1900-2020,Europe
era_region,1900-2020 | Europe,Exploration & Invention,Sport & Games,Exploration & Invention + Sport & Games,750066,211665,1365,579.1753721042144,1.236112215939593,1.1672701093398268,1.3069292869958782,0.03510192009728673,0.0004997501249375312,0.006448869676139182,-1.5185107146221788,0.0289375995464607,-1.5752284097332419,-1.4617930195111157,0.0,0.0005817986529123497,0.0,associated,1900-2020,Europe
era_region,1900-2020 | Europe,Culture (core),Culture (periphery),Culture (core) + Culture (periphery),750066,211665,41589,19585.167008062857,1.0864210791825444,1.077760056277868,1.0953761514040898,0.004529000969033933,0.0004997501249375312,0.19648501169300545,1.0824849869092337,0.007841778368286959,1.0671151013073912,1.0978548725110762,0.0,0.0005817986529123497,0.0,associated,1900-2020,Europe
era_region,1900-2020 | Europe,Culture (core),Sport & Games,Culture (core) + Sport & Games,750066,211665,5218,7664.220941478972,-0.5545980872640347,-0.5916467959258505,-0.5224527933666464,0.017427769103925093,0.0004997501249375312,0.024652162615453665,-4.027510226546711,0.01427584560579727,-4.055490883934073,-3.999529569159348,0.0,0.0005817986529123497,0.0,dissociated,1900-2020,Europe
era_region,1900-2020 | Europe,Culture (periphery),Sport & Games,Culture (periphery) + Sport & Games,750066,211665,2380,3973.015638836396,-0.7391513936588431,-0.7937742427232551,-0.6864676145975811,0.02738302600127588,0.0004997501249375312,0.011244183025063189,-3.0740125794010607,0.020977099658454335,-3.115127694731631,-3.03289746407049,0.0,0.0005817986529123497,0.0,dissociated,1900-2020,Europe
era_region,1900-2020 | Oceania,Politics,Administration & Law,Politics + Administration & Law,56628,13223,839,285.1944220766421,1.5550574559196058,1.48641252219311,1.623439472702781,0.03529862817943432,0.0004997501249375312,0.06345004915677228,1.4649351749442663,0.04533430348190964,1.3760799401197235,1.553790409768809,4.440037540194818e-229,0.0010535272904088496,4.9474704019313684e-228,associated,1900-2020,Oceania
era_region,1900-2020 | Oceania,Politics,Military,Politics + Military,56628,13223,213,154.1035763935395,0.46566237680845773,0.2886005673478059,0.6282707361317714,0.08605907348682404,0.0004997501249375312,0.0161082961506466,0.40994830946871275,0.0766098291926903,0.2597930442510398,0.5601035746863857,8.741203364010947e-08,0.0010535272904088496,2.5252365273809403e-07,associated,1900-2020,Oceania
era_region,1900-2020 | Oceania,Politics,Religion,Politics + Religion,56628,13223,85,83.16347882197552,0.03132643187953932,-0.2679663676903975,0.2896729302100075,0.14425373116384813,0.8420789605197402,0.0064281932995538076,-0.2707230334164834,0.11474436518633038,-0.495621989181691,-0.04582407765127586,0.01830658667235732,0.8420789605197402,0.026941769064978697,not distinguishable,1900-2020,Oceania
era_region,1900-2020 | Oceania,Politics,Nobility,Politics + Nobility,56628,13223,33,65.13263645165665,-0.9702522915049949,-1.474275662661625,-0.553157521490845,0.23685756775485783,0.001999000499750125,0.0024956515162973605,-0.534241070220579,0.1804925932143141,-0.8880065529206347,-0.18047558752052334,0.003077331398996527,0.0034649341995668832,0.006000796228043228,dissociated,1900-2020,Oceania
era_region,1900-2020 | Oceania,Politics,Kinship,Politics + Kinship,56628,13223,102,161.4585554288201,-0.6600007704969797,-0.9441767456528787,-0.42272002219594457,0.1339024258761287,0.0004997501249375312,0.007713831959464569,-0.2627383148447234,0.10497155048557051,-0.46848255379644155,-0.056994075893005175,0.012316369641452168,0.0010535272904088496,0.01921353664066538,dissociated,1900-2020,Oceania
era_region,1900-2020 | Oceania,Politics,Big business,Politics + Big business,56628,13223,280,203.8995231225805,0.45660894045623834,0.31211808780460987,0.5947909925266555,0.07280463651287657,0.0004997501249375312,0.021175224986765485,0.45561562163079616,0.06738324238289797,0.3235444665603161,0.5876867767012762,1.3651676288815971e-11,0.0010535272904088496,4.6296989153375905e-11,associated,1900-2020,Oceania
era_region,1900-2020 | Oceania,Politics,Small business,Politics + Small business,56628,13223,518,253.6599156736437,1.0286074725384342,0.9296591187101124,1.1184784640255028,0.04906168271898783,0.0004997501249375312,0.039174166225516144,1.2096850915969466,0.05474033530902062,1.1023940343912662,1.316976148802627,3.2597730615796432e-108,0.0010535272904088496,2.2314059806283802e-107,associated,1900-2020,Oceania
era_region,1900-2020 | Oceania,Politics,Academia,Politics + Academia,56628,13223,632,497.0711947505934,0.3461625120099671,0.2524214119992389,0.4355795088620489,0.04623795961282708,0.0004997501249375312,0.04779550782727066,0.10503324422314944,0.0448251766329082,0.017175898022649377,0.1928905904236495,0.019120399845201187,0.0010535272904088496,0.027618355331957268,associated,1900-2020,Oceania
era_region,1900-2020 | Oceania,Politics,Exploration & Invention,Politics + Exploration & Invention,56628,13223,61,101.50247147681358,-0.7299457929474121,-1.11940490172714,-0.42352114088233894,0.17659463651372787,0.0009995002498750624,0.004613174014973909,-0.4441762733576345,0.13398812978113472,-0.7067930077286586,-0.18155953898661042,0.0009162936705045299,0.001901488280250119,0.002042025894267238,dissociated,1900-2020,Oceania
era_region,1900-2020 | Oceania,Politics,Culture (core),Politics + Culture (core),56628,13223,197,823.2115263262604,-2.0602865234323904,-2.2517276568882734,-1.877012053489333,0.09585034689993285,0.0004997501249375312,0.014898283294260002,-2.1941124705040735,0.07301671825887299,-2.3372252382914644,-2.0509997027166826,2.2195051904023544e-198,0.0010535272904088496,1.9235711650153738e-197,dissociated,1900-2020,Oceania
era_region,1900-2020 | Oceania,Politics,Culture (periphery),Politics + Culture (periphery),56628,13223,208,557.4379799373219,-1.4200573781520343,-1.6141038674929862,-1.2496593300283414,0.09376993472088391,0.0004997501249375312,0.015730167133025788,-0.9990057294537192,0.07233015482954702,-1.1407728329196314,-0.8572386259878071,2.1651915828345997e-43,0.0010535272904088496,1.0555308966318674e-42,dissociated,1900-2020,Oceania
era_region,1900-2020 | Oceania,Politics,Sport & Games,Politics + Sport & Games,56628,13223,783,765.1647195905699,0.03322049256714128,-0.05310037601707633,0.11218836270193919,0.04158327336713295,0.4272863568215892,0.059215004159419195,-2.863257998511697,0.03904677649445992,-2.939789680440838,-2.7867263165825555,0.0,0.4974378482400591,0.0,not distinguishable,1900-2020,Oceania
era_region,1900-2020 | Oceania,Administration & Law,Military,Administration & Law + Military,56628,13223,66,60.232453451375754,0.13088668868853834,-0.21623247803868026,0.42922762115398516,0.16526765097282625,0.42278860569715143,0.004991303032594721,0.34366010025074034,0.12803676440025322,0.09270804202624405,0.5946121584752366,0.007273109122420917,0.4974378482400591,0.012606722478862922,not distinguishable,1900-2020,Oceania
era_region,1900-2020 | Oceania,Administration & Law,Religion,Administration & Law + Religion,56628,13223,10,32.505023466860386,-1.6522962959483738,-2.806045772859625,-0.9438170769876817,0.47295351658167634,0.00399800099950025,0.0007562580352416244,-1.227226604674645,0.3112666626261821,-1.8373092634219619,-0.6171439459273281,8.0574234442209e-05,0.006779219086109119,0.00019044819049976675,dissociated,1900-2020,Oceania
era_region,1900-2020 | Oceania,Administration & Law,Nobility,Administration & Law + Nobility,56628,13223,6,25.4575434590904,-1.9976422343868214,-3.4393499908201886,-1.1479188486711198,0.6258534489614264,0.01999000499750125,0.00045375482114497467,-1.0009626372763198,0.39585658725486966,-1.7768415482958644,-0.2250837262567753,0.011451872945541893,0.02887445166305736,0.018229512035760564,dissociated,1900-2020,Oceania
era_region,1900-2020 | Oceania,Administration & Law,Kinship,Administration & Law + Kinship,56628,13223,9,63.10719810523802,-2.7431906187005484,-4.110015656960449,-2.0202974033439447,0.5063115811859831,0.0009995002498750624,0.000680632231717462,-1.5074209679724313,0.32667837049163867,-2.147710574136043,-0.8671313618088196,3.9425405490384345e-06,0.001901488280250119,9.609942588281184e-06,dissociated,1900-2020,Oceania
era_region,1900-2020 | Oceania,Administration & Law,Big business,Administration & Law + Big business,56628,13223,55,79.69554518238564,-0.5310343265418467,-0.9320057671876951,-0.1991447939362978,0.1843332567833522,0.006496751624187906,0.004159419193828935,-0.10753973021294064,0.13845177947748916,-0.3789052179888194,0.16382575756293813,0.4373177443444374,0.010341767891564421,0.47376088970647384,dissociated,1900-2020,Oceania
era_region,1900-2020 | Oceania,Administration & Law,Small business,Administration & Law + Small business,56628,13223,45,99.14474031592408,-1.1309271100249865,-1.6273200834050718,-0.7590720577129055,0.2200613294651583,0.0004997501249375312,0.00340316115858731,-0.39720932094905,0.15189352927031097,-0.6949206383188595,-0.09949800357924049,0.008921414119262183,0.0010535272904088496,0.014497297943801045,dissociated,1900-2020,Oceania
era_region,1900-2020 | Oceania,Administration & Law,Academia,Administration & Law + Academia,56628,13223,218,194.28372981673397,0.16576010483654802,-0.008440740900027055,0.3378060195517911,0.08779880662216163,0.06446776611694154,0.016486425168267413,0.19151857146449977,0.07285838970731827,0.04871612763815597,0.33432101529084357,0.008572673529479932,0.08522857215460068,0.01422699011275393,not distinguishable,1900-2020,Oceania
era_region,1900-2020 | Oceania,Administration & Law,Exploration & Invention,Administration & Law + Exploration & Invention,56628,13223,12,39.67294615417554,-1.6842961729724812,-2.726077252805171,-1.0437952908482349,0.42656057596612884,0.001999000499750125,0.0009075096422899493,-0.8710463812686531,0.2861504611211149,-1.4319012850660382,-0.31019147747126785,0.002334432690760177,0.0034649341995668832,0.004668865381520354,dissociated,1900-2020,Oceania
era_region,1900-2020 | Oceania,Administration & Law,Culture (core),Administration & Law + Culture (core),56628,13223,108,321.7579442378287,-1.570520881382647,-1.838485328160861,-1.3335740464400958,0.131268316917615,0.0004997501249375312,0.008167586780609543,-1.519064651110012,0.09897445975449357,-1.7130545922288194,-1.3250747099912048,3.6501102274393164e-53,0.0010535272904088496,1.8980573182684444e-52,dissociated,1900-2020,Oceania
era_region,1900-2020 | Oceania,Administration & Law,Culture (periphery),Administration & Law + Culture (periphery),56628,13223,47,217.87850719869004,-2.2008314547175876,-2.6401785649408,-1.8235030068334228,0.2087356107888514,0.0004997501249375312,0.003554412765635635,-1.2835658064307547,0.14757016830604097,-1.5728033363105949,-0.9943282765509144,3.3777480970485003e-18,0.0010535272904088496,1.2545921503323001e-17,dissociated,1900-2020,Oceania
era_region,1900-2020 | Oceania,Administration & Law,Sport & Games,Administration & Law + Sport & Games,56628,13223,303,299.0699465512607,0.01880361944084618,-0.13279698427098813,0.15759879437198632,0.07293463617202464,0.7991004497751124,0.02291461846782122,-2.403893699813096,0.06225372446258683,-2.525910999759766,-2.2818763998664258,0.0,0.8201294089797206,0.0,not distinguishable,1900-2020,Oceania
era_region,1900-2020 | Oceania,Military,Religion,Military + Religion,56628,13223,13,17.563949289488473,-0.4201539339083514,-1.3742850342904498,0.22099195506723218,0.39425619937251705,0.25537231384307846,0.0009831354458141118,-0.2895034367366841,0.27593081129101366,-0.8303278268670709,0.25132095339370264,0.2940913658641868,0.3161752457104781,0.3422703035590813,not distinguishable,1900-2020,Oceania
era_region,1900-2020 | Oceania,Military,Nobility,Military + Nobility,56628,13223,12,13.7558738515072,-0.1896283809087497,-1.2581508091531097,0.44719391379091983,0.42726255711798033,0.6241879060469765,0.0009075096422899493,0.3510951558243018,0.28862093339976347,-0.2146018736392346,0.9167921852878382,0.22381061663495616,0.6857275587558334,0.2685727399619474,not distinguishable,1900-2020,Oceania
era_region,1900-2020 | Oceania,Military,Kinship,Military + Kinship,56628,13223,12,34.09970241837095,-1.4688315348420737,-2.4379661559684545,-0.8156960055260634,0.4147871739465515,0.0069965017491254375,0.0009075096422899493,-0.5475057621570487,0.28612705537042565,-1.108314790683083,0.0133032663689856,0.05568333968386788,0.010700532086897729,0.07120164746461793,dissociated,1900-2020,Oceania
era_region,1900-2020 | Oceania,Military,Big business,Military + Big business,56628,13223,41,43.06314424318612,-0.06999675029371183,-0.5423005933012401,0.3065312458074458,0.2188651264334885,0.7581209395302348,0.0031006579444906603,0.279124834716538,0.16019744179324424,-0.034862151198220726,0.5931118206312966,0.08144195562691238,0.7991004497751124,0.09925738342029947,not distinguishable,1900-2020,Oceania
era_region,1900-2020 | Oceania,Military,Small business,Military + Small business,56628,13223,47,53.572432981128706,-0.18696575828686302,-0.6291027076254843,0.17314400615628073,0.20483763382947703,0.3493253373313343,0.003554412765635635,0.34400506834690103,0.1502533140508483,0.04950857280723836,0.6385015638865637,0.022050277032180165,0.4215892053973014,0.030712885866250945,not distinguishable,1900-2020,Oceania
era_region,1900-2020 | Oceania,Military,Academia,Military + Academia,56628,13223,102,104.9803757795408,-0.04135070627261742,-0.31454700812941133,0.20301503370496263,0.1342766374320325,0.7706146926536732,0.007713831959464569,0.07324378010625548,0.10448878470058923,-0.1315542379068994,0.2780417981194104,0.4833200849015281,0.8014392803598201,0.5164242003057423,not distinguishable,1900-2020,Oceania
era_region,1900-2020 | Oceania,Military,Exploration & Invention,Military + Exploration & Invention,56628,13223,23,21.437105410090332,0.0992875813685494,-0.5433223699768353,0.5770526816855228,0.28544706584477203,0.7311344327836082,0.0017393934810557361,0.466595278857599,0.21183833722558804,0.051392137895446444,0.8817984198197515,0.02762290154753819,0.7812121336591978,0.037148040012206535,not distinguishable,1900-2020,Oceania
era_region,1900-2020 | Oceania,Military,Culture (core),Military + Culture (core),56628,13223,78,173.8605179548618,-1.1513088353598218,-1.4979732217589172,-0.8764701463081824,0.15839757602592203,0.0004997501249375312,0.0058988126748846705,-1.1464937865695934,0.11729578984394334,-1.3763935346637224,-0.9165940384754645,1.4504063123895096e-22,0.0010535272904088496,6.285094020354541e-22,dissociated,1900-2020,Oceania
era_region,1900-2020 | Oceania,Military,Culture (periphery),Military + Culture (periphery),56628,13223,25,117.72971201232197,-2.2130234889547644,-2.8706762950149693,-1.729661890556668,0.2873088475503155,0.0004997501249375312,0.0018906450881040612,-1.2338544312981132,0.2008746919114551,-1.6275688274445652,-0.8401400351516612,8.127945851455646e-10,0.0010535272904088496,2.6415824017230845e-09,dissociated,1900-2020,Oceania
era_region,1900-2020 | Oceania,Military,Sport & Games,Military + Sport & Games,56628,13223,324,161.6011562210306,1.0013240970025306,0.8746147098327236,1.1246074208362205,0.06480011294768549,0.0004997501249375312,0.024502760341828633,-1.4507285477659446,0.06565491172974516,-1.579412174756245,-1.3220449207756442,3.432932277889816e-108,0.0010535272904088496,2.2314059806283802e-107,associated,1900-2020,Oceania
era_region,1900-2020 | Oceania,Religion,Nobility,Religion + Nobility,56628,13223,3,7.423489775514031,-1.1787810603864455,-3.978314306359386,-0.11329412152835654,0.8662031062587636,0.14992503748125938,0.00022687741057248733,-0.6045890404503272,0.5378651049717869,-1.6588046461950294,0.44962656529437506,0.2609904196930867,0.1949025487256372,0.3084432232736479,not distinguishable,1900-2020,Oceania
era_region,1900-2020 | Oceania,Religion,Kinship,Religion + Kinship,56628,13223,13,18.402232746784893,-0.4855972495227757,-1.4676380151091184,0.15808542067374715,0.4172363544216022,0.22138930534732634,0.0009831354458141118,-0.11842721603181224,0.2762113824521762,-0.6598015256380776,0.4229470935744531,0.6681009907724007,0.2785220293079267,0.6767776270161981,not distinguishable,1900-2020,Oceania
era_region,1900-2020 | Oceania,Religion,Big business,Religion + Big business,56628,13223,9,23.23944043407694,-1.3212865108424479,-2.474516213997427,-0.5777100992396593,0.4959639530314548,0.01999000499750125,0.000680632231717462,-0.8958839425829784,0.32731856035467066,-1.537428320878133,-0.2543395642878239,0.006199478315848658,0.02887445166305736,0.010989984287186257,dissociated,1900-2020,Oceania
era_region,1900-2020 | Oceania,Religion,Small business,Religion + Small business,56628,13223,15,28.91087929257545,-0.924081701403977,-1.7877263891971096,-0.37095765794002183,0.3638891749228841,0.017491254372813594,0.0011343870528624366,-0.4730312841473373,0.25759070603098017,-0.9779090679680584,0.03184649967338382,0.06630327505819994,0.02623688155922039,0.08208976911967612,dissociated,1900-2020,Oceania
era_region,1900-2020 | Oceania,Religion,Academia,Religion + Academia,56628,13223,108,56.653670616763726,0.9247769810150422,0.6600767336246172,1.1506139104096493,0.12430968508885518,0.0004997501249375312,0.008167586780609543,0.5244490568735752,0.10397669982900472,0.32065472520872595,0.7282433885384245,4.5611525706868424e-07,0.0010535272904088496,1.2267927603916336e-06,associated,1900-2020,Oceania
era_region,1900-2020 | Oceania,Religion,Exploration & Invention,Religion + Exploration & Invention,56628,13223,3,11.568740346581885,-1.7858482780382878,-4.570519960085246,-0.7039626200742046,0.8733594697483472,0.050974512743628186,0.00022687741057248733,-1.1367646858115623,0.5369568287145933,-2.189200070092165,-0.08432930153095963,0.03425556792403393,0.06975459638601753,0.044532238301244115,not distinguishable,1900-2020,Oceania
era_region,1900-2020 | Oceania,Religion,Culture (core),Religion + Culture (core),56628,13223,74,93.82550256973143,-0.3404074562130655,-0.6651009154350925,-0.05753864162639354,0.15463395865638332,0.029985007496251874,0.005596309460788021,-0.8287008615928938,0.12179963515266669,-1.0674281464921205,-0.5899735766936671,1.0189204678836767e-11,0.0417648318697794,3.612536204314854e-11,dissociated,1900-2020,Oceania
era_region,1900-2020 | Oceania,Religion,Culture (periphery),Religion + Culture (periphery),56628,13223,15,63.53397267465674,-2.046569302198275,-2.9366300999100305,-1.4331196651456133,0.37889268942550675,0.0009995002498750624,0.0011343870528624366,-1.3917061989151773,0.2568906176707024,-1.895211809549754,-0.8882005882806006,6.043646893519902e-08,0.001901488280250119,1.8130940680559706e-07,dissociated,1900-2020,Oceania
era_region,1900-2020 | Oceania,Religion,Sport & Games,Religion + Sport & Games,56628,13223,176,87.20961996802727,1.0088611926233462,0.8296772652352732,1.1700643854840587,0.08685297680915527,0.0004997501249375312,0.01331014142025259,-1.8003236607723836,0.08501956407871579,-1.9669620063666666,-1.6336853151781006,1.6099393868645323e-99,0.0010535272904088496,9.659636321187195e-99,associated,1900-2020,Oceania
era_region,1900-2020 | Oceania,Nobility,Kinship,Nobility + Kinship,56628,13223,13,14.412407373684701,-0.1435537695754447,-1.0937067770791107,0.4988381021428368,0.40186862392003186,0.7001499250374813,0.0009831354458141118,0.6024120740658672,0.27845592345256226,0.0566384640988451,1.1481856840328892,0.030510281518941005,0.758495752123938,0.04033562641487116,not distinguishable,1900-2020,Oceania
era_region,1900-2020 | Oceania,Nobility,Big business,Nobility + Big business,56628,13223,13,18.2008502599183,-0.4701444584454235,-1.3715214493684578,0.13300488641428515,0.39374759109334123,0.22138930534732634,0.0009831354458141118,0.18393692860290592,0.27785032013313016,-0.3606496988580292,0.728523556063841,0.5079711832287792,0.2785220293079267,0.5335540572344043,not distinguishable,1900-2020,Oceania
era_region,1900-2020 | Oceania,Nobility,Small business,Nobility + Small business,56628,13223,5,22.642652966598376,-2.073050734056219,-3.94858088925743,-1.1904367894907444,0.6830241974753881,0.006496751624187906,0.0003781290176208122,-0.8162902428807365,0.42993782114704127,-1.6589683723289372,0.02638788656746438,0.05761393754519983,0.010341767891564421,0.07248205046009011,dissociated,1900-2020,Oceania
era_region,1900-2020 | Oceania,Nobility,Academia,Nobility + Academia,56628,13223,17,44.370473484311596,-1.3584114857111487,-2.1835218471034303,-0.8008817965857508,0.3507644138314356,0.001999000499750125,0.0012856386599107616,-0.7116266220262394,0.2446394226849833,-1.1911198904888067,-0.23213335356367215,0.0036272654191993356,0.0034649341995668832,0.006900651285306053,dissociated,1900-2020,Oceania
era_region,1900-2020 | Oceania,Nobility,Exploration & Invention,Nobility + Exploration & Invention,56628,13223,3,9.060498308524595,-1.4497308936904325,-4.253518478927685,-0.4525533142585992,0.8829435346742124,0.05547226386806597,0.00022687741057248733,-0.42819427026614393,0.5380739304506819,-1.4828191739494803,0.6264306334171925,0.4261536543605763,0.0746006307191232,0.46816880338204153,not distinguishable,1900-2020,Oceania
era_region,1900-2020 | Oceania,Nobility,Culture (core),Nobility + Culture (core),56628,13223,69,73.48300522456579,-0.09018092676903297,-0.4124492486329349,0.1916461971185836,0.15355651751379792,0.5467266366816592,0.005218180443167209,-0.10516745331735648,0.13167486982031718,-0.3632501981651782,0.15291529153046518,0.4244699596470687,0.6092096808738489,0.46816880338204153,not distinguishable,1900-2020,Oceania
era_region,1900-2020 | Oceania,Nobility,Culture (periphery),Nobility + Culture (periphery),56628,13223,14,49.75904331042034,-1.7933303092901685,-2.689303728920162,-1.1630681773451748,0.3958060484370755,0.0009995002498750624,0.0010587612493382743,-0.7373578282895558,0.2677502103918987,-1.2621482406576772,-0.21256741592143424,0.005888940660083564,0.001901488280250119,0.010682264453174837,dissociated,1900-2020,Oceania
era_region,1900-2020 | Oceania,Nobility,Sport & Games,Nobility + Sport & Games,56628,13223,224,68.30152553651585,1.706202985688536,1.5809052323549608,1.8344499844299205,0.06439874453354076,0.0004997501249375312,0.01694017998941239,-0.31639708194233274,0.0978099374895047,-0.5081045594217619,-0.12468960446290353,0.001217214444429313,0.0010535272904088496,0.002637297962930178,associated,1900-2020,Oceania
era_region,1900-2020 | Oceania,Kinship,Big business,Kinship + Big business,56628,13223,15,45.11844062575066,-1.5573489163774834,-2.413838151593323,-0.9506906868588441,0.3771967213015084,0.0014992503748125937,0.0011343870528624366,-0.5746331630386532,0.25730812345437504,-1.0789570850092283,-0.07030924106807812,0.025532514915412283,0.0027843221246519594,0.034939230936879964,dissociated,1900-2020,Oceania
era_region,1900-2020 | Oceania,Kinship,Small business,Kinship + Small business,56628,13223,12,56.12931148237091,-2.179620894288166,-3.1243657941442646,-1.5087612087564743,0.4235225374381971,0.0004997501249375312,0.0009075096422899493,-0.8726476583043431,0.28572451617229516,-1.4326677100020415,-0.31262760660664457,0.0022569359932183403,0.0010535272904088496,0.004632658091342909,dissociated,1900-2020,Oceania
era_region,1900-2020 | Oceania,Kinship,Academia,Kinship + Academia,56628,13223,39,109.99082706850108,-1.4840020438650041,-1.9785826247461236,-1.0769114422817991,0.22426025585944573,0.0004997501249375312,0.0029494063374423353,-0.7763586254712971,0.1630571572469835,-1.0959506536753847,-0.4567665972672094,1.9238153594161897e-06,0.0010535272904088496,4.840567678531058e-06,dissociated,1900-2020,Oceania
era_region,1900-2020 | Oceania,Kinship,Exploration & Invention,Kinship + Exploration & Invention,56628,13223,1,22.46024494103586,-3.936103627004407,-5.613918583667274,-2.620535258840482,1.0342891964332457,0.0004997501249375312,7.562580352416244e-05,-2.1661289312400003,0.817973079953036,-3.769356167947951,-0.5629016945320497,0.008092964877970473,0.0010535272904088496,0.01372285348873254,dissociated,1900-2020,Oceania
era_region,1900-2020 | Oceania,Kinship,Culture (core),Kinship + Culture (core),56628,13223,193,182.15844649453092,0.08318509800223571,-0.10458220050794573,0.24465797682639862,0.08931438804448566,0.35132433783108447,0.014595780080163353,0.08393608882176677,0.08071606218092231,-0.07426739305284095,0.24213957069637448,0.2983894954104811,0.4215892053973014,0.3422703035590813,not distinguishable,1900-2020,Oceania
era_region,1900-2020 | Oceania,Kinship,Culture (periphery),Kinship + Culture (periphery),56628,13223,29,123.34865729538907,-2.069791368110731,-2.6323107039816818,-1.610530981537722,0.2582528794029913,0.0004997501249375312,0.002193148302200711,-0.9098079455983393,0.1876061848649071,-1.2775160679335573,-0.5420998232631213,1.2373399006631276e-06,0.0010535272904088496,3.2170837417241317e-06,dissociated,1900-2020,Oceania
era_region,1900-2020 | Oceania,Kinship,Sport & Games,Kinship + Sport & Games,56628,13223,562,169.3139760263769,1.7278978958946172,1.6475732639847522,1.8044022809460454,0.039576382281282484,0.0004997501249375312,0.042501701580579296,-0.2122009542184877,0.06393655826161156,-0.3375166084112463,-0.08688530002572906,0.0009036311417371752,0.0010535272904088496,0.002042025894267238,associated,1900-2020,Oceania
era_region,1900-2020 | Oceania,Big business,Small business,Big business + Small business,56628,13223,77,70.88345249998034,0.1186066305725613,-0.21313565015443595,0.39704357193838674,0.15495119531704818,0.44577711144427784,0.005823186871360508,0.6199896338287053,0.11942079400010418,0.38592487758850114,0.8540543900689095,2.0845104361382992e-07,0.5113325690096129,5.806850500670976e-07,not distinguishable,1900-2020,Oceania
era_region,1900-2020 | Oceania,Big business,Academia,Big business + Academia,56628,13223,132,138.9029966703294,-0.07326921469373776,-0.30142224975470583,0.14466792464427727,0.11376626996873854,0.5022488755622189,0.009982606065189442,0.09352147079893991,0.09228548170872983,-0.08735807335017054,0.27440101494805036,0.3108724317812315,0.5677595984616387,0.35142100983965296,not distinguishable,1900-2020,Oceania
era_region,1900-2020 | Oceania,Big business,Exploration & Invention,Big business + Exploration & Invention,56628,13223,63,28.364141005290488,1.1374783003983688,0.7379114637484786,1.4254025733179352,0.1699266596789546,0.0004997501249375312,0.004764425622022234,1.2989577570665078,0.13413831742220497,1.0360466549189862,1.5618688592140295,3.5361391372526e-22,0.0010535272904088496,1.4516781721352779e-21,associated,1900-2020,Oceania
era_region,1900-2020 | Oceania,Big business,Culture (core),Big business + Culture (core),56628,13223,132,230.0405839401878,-0.7990283827159007,-1.0523063179211363,-0.5912780464629438,0.11739954058764239,0.0004997501249375312,0.009982606065189442,-0.8392169625126688,0.09161368392598308,-1.0187797830075955,-0.659654142017742,5.171067785688909e-20,0.0010535272904088496,2.0167164364186745e-19,dissociated,1900-2020,Oceania
era_region,1900-2020 | Oceania,Big business,Culture (periphery),Big business + Culture (periphery),56628,13223,99,155.7720638187444,-0.6512914653396803,-0.9283425491487813,-0.4017966129216731,0.1361560496720711,0.0004997501249375312,0.007486954548892082,-0.050665391115592644,0.10507155722069775,-0.2566056432681602,0.15527486103697494,0.6296646460094631,0.0010535272904088496,0.6462347682728701,dissociated,1900-2020,Oceania
era_region,1900-2020 | Oceania,Big business,Sport & Games,Big business + Sport & Games,56628,13223,335,213.81981820706895,0.6465475038721303,0.5190271965005185,0.7653358409528809,0.06322352851206593,0.0004997501249375312,0.025334644180594418,-1.7381209126445811,0.062498233632563904,-1.8606174505644064,-1.6156243747247558,3.218367860366096e-170,0.0010535272904088496,2.510326931085555e-169,associated,1900-2020,Oceania
era_region,1900-2020 | Oceania,Small business,Academia,Small business + Academia,56628,13223,138,172.8013968969907,-0.3233973071228627,-0.5605196110502272,-0.11697282190356828,0.11457908141566792,0.0069965017491254375,0.010436360886334418,0.05900072447396038,0.09019825028098309,-0.11778784607676648,0.23578929502468723,0.5130327473407734,0.010700532086897729,0.5335540572344043,dissociated,1900-2020,Oceania
era_region,1900-2020 | Oceania,Small business,Exploration & Invention,Small business + Exploration & Invention,56628,13223,34,35.28623071487971,-0.05280823396398647,-0.5885789670940614,0.35060221284429566,0.24088773560262744,0.84007996001999,0.0025712773198215233,0.5460270519072873,0.17635635972934618,0.20036858683776876,0.8916855169768059,0.001960462511956908,0.8420789605197402,0.004132866917098346,not distinguishable,1900-2020,Oceania
era_region,1900-2020 | Oceania,Small business,Culture (core),Small business + Culture (core),56628,13223,254,286.1805375027956,-0.17177830826599222,-0.3252830544138009,-0.029495439109783136,0.0764949930975324,0.02348825587206397,0.01920895409513726,-0.17125087571016923,0.06912671178973533,-0.30673923081805043,-0.03576252060228799,0.0132363018492693,0.03331061741856345,0.020243755769470694,dissociated,1900-2020,Oceania
era_region,1900-2020 | Oceania,Small business,Culture (periphery),Small business + Culture (periphery),56628,13223,83,193.7872534837544,-1.2183431510855183,-1.5380610244936272,-0.930093694917926,0.15476899442914763,0.0004997501249375312,0.006276941692505483,-0.32330601834144324,0.11359400342805923,-0.5459502650604393,-0.10066177162244716,0.004425079980095228,0.0010535272904088496,0.00821800567731971,dissociated,1900-2020,Oceania
era_region,1900-2020 | Oceania,Small business,Sport & Games,Small business + Sport & Games,56628,13223,311,266.00119620266287,0.22509015464840357,0.07960502419826784,0.36100670907536986,0.07228277437371088,0.005997001499250375,0.02351962489601452,-1.9335858654028384,0.06359819888526258,-2.058238335217953,-1.8089333955877238,4.990100445650111e-203,0.009952470573224025,4.865347934508858e-202,associated,1900-2020,Oceania
era_region,1900-2020 | Oceania,Academia,Exploration & Invention,Academia + Exploration & Invention,56628,13223,163,69.1467897602585,1.231161874606752,1.035176428502381,1.4072900227561738,0.09489282568025965,0.0004997501249375312,0.012327005974438478,1.2471376411177142,0.09044115302524279,1.0698729811882384,1.42440230104719,2.948248796640944e-43,0.0010535272904088496,1.3527259184587861e-42,associated,1900-2020,Oceania
era_region,1900-2020 | Oceania,Academia,Culture (core),Academia + Culture (core),56628,13223,807,560.7985057990074,0.5246940410184344,0.444504736237655,0.5960248543335841,0.0387620021590251,0.0004997501249375312,0.06103002344399909,-0.01531330402145506,0.04043977669874841,-0.09457526635100194,0.06394865830809182,0.7049334152582143,0.0010535272904088496,0.7049334152582143,associated,1900-2020,Oceania
era_region,1900-2020 | Oceania,Academia,Culture (periphery),Academia + Culture (periphery),56628,13223,274,379.74490908740205,-0.47012278331226237,-0.6306076729242797,-0.324847139031083,0.07847958404597026,0.0004997501249375312,0.02072147016562051,-0.15472490718378507,0.06459895974423056,-0.281338868282477,-0.028110946085093153,0.016613069966827137,0.0010535272904088496,0.024919604950240704,dissociated,1900-2020,Oceania
era_region,1900-2020 | Oceania,Academia,Sport & Games,Academia + Sport & Games,56628,13223,220,521.2551303204704,-1.2425942254221745,-1.4264031498576457,-1.07629319159065,0.0900045846254745,0.0004997501249375312,0.01663767677531574,-3.6274838798221176,0.0696473631584111,-3.7639927116126035,-3.4909750480316317,0.0,0.0010535272904088496,0.0,dissociated,1900-2020,Oceania
era_region,1900-2020 | Oceania,Exploration & Invention,Culture (core),Exploration & Invention + Culture (core),56628,13223,71,114.51565679170847,-0.685815117976961,-1.027523346744529,-0.3828358984270204,0.16452008018041958,0.0004997501249375312,0.0053694320502155335,-0.6803659720020573,0.12515397876761478,-0.9256677703865822,-0.43506417361753236,5.4419314617795114e-08,0.0010535272904088496,1.6978826160752075e-07,dissociated,1900-2020,Oceania
era_region,1900-2020 | Oceania,Exploration & Invention,Culture (periphery),Exploration & Invention + Culture (periphery),56628,13223,33,77.54431801756137,-1.220132505674641,-1.7191276362600176,-0.8010818569685364,0.24261980283093756,0.0004997501249375312,0.0024956515162973605,-0.41060306700478927,0.17775910109298876,-0.7590109051470473,-0.062195228862531315,0.020894526161128937,0.0010535272904088496,0.029632237101237403,dissociated,1900-2020,Oceania
era_region,1900-2020 | Oceania,Exploration & Invention,Sport & Games,Exploration & Invention + Sport & Games,56628,13223,170,106.44085707690894,0.6729585948825005,0.4831347957033484,0.8410319622358442,0.09379069328940634,0.0004997501249375312,0.012856386599107615,-1.6161442882044044,0.08820636533762782,-1.7890287642661549,-1.4432598121426539,5.49319120800814e-75,0.0010535272904088496,3.0604922444616776e-74,associated,1900-2020,Oceania
era_region,1900-2020 | Oceania,Culture (core),Culture (periphery),Culture (core) + Culture (periphery),56628,13223,1997,628.9046509350037,1.6661357586860157,1.6207999001905165,1.7090934538347333,0.022548583421324476,0.0004997501249375312,0.1510247296377524,1.7500032673411663,0.03423807770244597,1.6828966350443721,1.8171098996379604,0.0,0.0010535272904088496,0.0,associated,1900-2020,Oceania
era_region,1900-2020 | Oceania,Culture (core),Sport & Games,Culture (core) + Sport & Games,56628,13223,372,863.2631219996798,-1.2133952970318183,-1.3589627702071503,-1.0872234772088254,0.06839673291772837,0.0004997501249375312,0.028132798910988428,-4.272594795916599,0.05381994186674508,-4.37808188197542,-4.1671077098577785,0.0,0.0010535272904088496,0.0,dissociated,1900-2020,Oceania
era_region,1900-2020 | Oceania,Culture (periphery),Sport & Games,Culture (periphery) + Sport & Games,56628,13223,326,584.5589322946007,-0.841498961209765,-0.9938329312613682,-0.7065000685266716,0.07395700882256641,0.0004997501249375312,0.024654011948876956,-2.9946932067218737,0.05853043952482348,-3.1094128681905278,-2.8799735452532196,0.0,0.0010535272904088496,0.0,dissociated,1900-2020,Oceania
era_region,Pre-1000 | Asia,Politics,Administration & Law,Politics + Administration & Law,3356,2365,14,12.315991992587293,0.1781077487743802,-0.6566293039055574,0.7517967009350854,0.35850737937994037,0.5977011494252874,0.005919661733615222,-0.541912514329914,0.28708443895781427,-1.1045980146872298,0.020772986027401852,0.05907408854811784,0.6756621689155423,0.1097090215893617,not distinguishable,Pre-1000,Asia
era_region,Pre-1000 | Asia,Politics,Military,Politics + Military,3356,2365,130,56.41045367958179,1.1972842212688402,1.0109759171876813,1.3682194848367766,0.092215698426906,0.0004997501249375312,0.05496828752642706,0.3418606777988187,0.1125316323452457,0.12129867840213712,0.5624226771955002,0.0023822715253582548,0.0022929711614780844,0.006882117739923847,associated,Pre-1000,Asia
era_region,Pre-1000 | Asia,Politics,Religion,Politics + Religion,3356,2365,35,75.45295327792111,-1.0972870374974795,-1.6007887518504997,-0.7110031669570249,0.23103120302376576,0.0009995002498750624,0.014799154334038054,-1.962886387958927,0.17763733190345277,-2.311055558489694,-1.6147172174281594,2.192991572398102e-28,0.003712429499535946,4.2763335661762984e-27,dissociated,Pre-1000,Asia
era_region,Pre-1000 | Asia,Politics,Nobility,Politics + Nobility,3356,2365,294,219.0703410933906,0.42358444149423785,0.3165827726516767,0.524827554628076,0.053198778367253785,0.0004997501249375312,0.12431289640591967,-0.16998647749798632,0.08456970707507618,-0.3357431033651356,-0.004229851630837028,0.04442947899946592,0.0022929711614780844,0.08663748404895855,associated,Pre-1000,Asia
era_region,Pre-1000 | Asia,Politics,Kinship,Politics + Kinship,3356,2365,94,126.57142034805715,-0.4272533556251071,-0.6896279988360207,-0.19565210931722085,0.12747692912050898,0.0009995002498750624,0.039746300211416494,-0.9583404458904735,0.11848475704963815,-1.1905705697077642,-0.7261103220731827,6.050245693401833e-16,0.003712429499535946,3.6301474160411e-15,dissociated,Pre-1000,Asia
era_region,Pre-1000 | Asia,Politics,Big business,Politics + Big business,3356,2365,1,1.4672636185084578,-0.3912277947863315,-2.292739175383057,0.9683142194488776,0.9804918825370368,0.6721639180409795,0.00042283298097251583,-0.7930334678363494,0.8691054755228652,-2.4964801998611654,0.9104132641884665,0.36152087395668087,0.7384336001013578,0.5127023303385656,not distinguishable,Pre-1000,Asia
era_region,Pre-1000 | Asia,Politics,Small business,Politics + Small business,3356,2365,3,6.987460631990894,-1.0971215903772658,-3.852850155956086,-0.014905345534026958,0.8789100692419334,0.17391304347826086,0.0012684989429175475,-1.4174288898133751,0.5546591247433553,-2.5045607743103515,-0.3302970053163987,0.010603673628132531,0.23388305847076463,0.026638675762287164,not distinguishable,Pre-1000,Asia
era_region,Pre-1000 | Asia,Politics,Academia,Politics + Academia,3356,2365,34,68.8658402358393,-1.00762900905323,-1.5048022994020425,-0.6102694415237908,0.22517440471148328,0.0004997501249375312,0.01437632135306554,-1.7945998539718961,0.18050718348653147,-2.148393933605498,-1.4408057743382945,2.7332329992586915e-23,0.0022929711614780844,2.368801932690866e-22,dissociated,Pre-1000,Asia
era_region,Pre-1000 | Asia,Politics,Exploration & Invention,Politics + Exploration & Invention,3356,2365,5,3.6117675717498603,0.41967290385287015,-1.1731175981439277,1.242500546149128,0.6108738111951615,0.43728135932033985,0.0021141649048625794,-0.16380587725973672,0.477485687734831,-1.0996778252200055,0.772066070700532,0.7315538939863601,0.5413959686823255,0.8151600532990869,not distinguishable,Pre-1000,Asia
era_region,Pre-1000 | Asia,Politics,Culture (core),Politics + Culture (core),3356,2365,37,71.31935337415979,-0.9374820681418584,-1.405568556701914,-0.5518689673445609,0.2159522789100143,0.0004997501249375312,0.015644820295983086,-1.7803317372826153,0.1737380891981155,-2.1208583921109216,-1.439805082454309,1.218011720655554e-24,0.0022929711614780844,1.1875614276391651e-23,dissociated,Pre-1000,Asia
era_region,Pre-1000 | Asia,Politics,Culture (periphery),Politics + Culture (periphery),3356,2365,6,10.394266067760748,-0.7450573840245551,-2.256394441922871,0.08636909017771627,0.612290900158037,0.16991504247876063,0.002536997885835095,-1.1991003373050053,0.4113285074908873,-2.0053042119871445,-0.39289646262286626,0.0035547320699323244,0.23251532128672509,0.009902467909097188,not distinguishable,Pre-1000,Asia
era_region,Pre-1000 | Asia,Politics,Sport & Games,Politics + Sport & Games,3356,2365,0,0.5328881198738743,-1.0466839931724348,-1.7460641252060978,-0.32702277642357364,0.3828715687400038,0.01899050474762619,0.0,-1.801624032292693,1.4480874640767893,-4.6398754618832,1.0366273972978142,0.21344791587552003,0.04778256033273686,0.3397742334345013,dissociated,Pre-1000,Asia
era_region,Pre-1000 | Asia,Administration & Law,Military,Administration & Law + Military,3356,2365,6,6.927909130736847,-0.19251644804268828,-1.6134293374773683,0.6224814114123135,0.583317017550264,0.7301349325337332,0.002536997885835095,-0.8695571656892068,0.40872568317091523,-1.6706595047042008,-0.06845482667421299,0.03337992703045933,0.7801441744880985,0.0723231752326619,not distinguishable,Pre-1000,Asia
era_region,Pre-1000 | Asia,Administration & Law,Religion,Administration & Law + Religion,3356,2365,10,9.266566209950144,0.10446600312736198,-0.940270593873816,0.7637118503325349,0.4402320398650497,0.7891054472763618,0.004228329809725159,-0.858749869737888,0.328966007484831,-1.5035232444081568,-0.2139764950676193,0.009042274285416176,0.8206696651674162,0.023509913142082058,not distinguishable,Pre-1000,Asia
era_region,Pre-1000 | Asia,Administration & Law,Nobility,Administration & Law + Nobility,3356,2365,26,26.904577384809787,-0.048424526897590775,-0.5605766230674504,0.3459022999609951,0.23666150417532517,0.8395802098950524,0.010993657505285413,-0.7364859924448159,0.2293336008430077,-1.185979850097111,-0.2869921347925209,0.001320817822789601,0.8616744259449222,0.003962453468368803,not distinguishable,Pre-1000,Asia
era_region,Pre-1000 | Asia,Administration & Law,Kinship,Administration & Law + Kinship,3356,2365,3,15.544553208176529,-2.1966567883564405,-4.938817440230443,-1.1387910365804683,0.8681168475251061,0.05247376311844078,0.0012684989429175475,-2.2000788715290325,0.5456454435239925,-3.2695439408360576,-1.1306138022220074,5.5288468328714754e-05,0.10268036713350642,0.0001960227513472614,not distinguishable,Pre-1000,Asia
era_region,Pre-1000 | Asia,Administration & Law,Big business,Administration & Law + Big business,3356,2365,0,0.18019832064463714,-0.44402734926388404,-0.7026964339733868,-0.21770401266471134,0.12161276436054752,0.0004997501249375312,0.0,0.2659912314407754,1.4458071690893601,-2.56779081997437,3.0997732828559212,0.8540336871750873,0.0022929711614780844,0.9001976702656326,dissociated,Pre-1000,Asia
era_region,Pre-1000 | Asia,Administration & Law,Small business,Administration & Law + Small business,3356,2365,1,0.8581475445668292,0.14332228310304662,-1.6501089297539189,1.4892543442431638,1.008173075864347,0.7556221889055472,0.00042283298097251583,-0.053237969150651626,0.8345946879653083,-1.6890435575626561,1.5825676192613527,0.9491382289443941,0.7964666315490904,0.9735562146992687,not distinguishable,Pre-1000,Asia
era_region,Pre-1000 | Asia,Administration & Law,Academia,Administration & Law + Academia,3356,2365,17,8.457586355814486,0.9661729701076401,0.2633248048712632,1.47449371449744,0.3125601735080435,0.006496751624187906,0.00718816067653277,-0.06933186092502694,0.2670164580545567,-0.5926841187119581,0.4540203968619042,0.7951307665320769,0.019490254872563714,0.8613916637430834,associated,Pre-1000,Asia
era_region,Pre-1000 | Asia,Administration & Law,Exploration & Invention,Administration & Law + Exploration & Invention,3356,2365,1,0.4435702233588314,0.6687607040451028,-1.107134568618244,1.9709853555291361,0.9923604698730996,0.543728135932034,0.00042283298097251583,0.6189655316408949,0.8454964540441599,-1.0382075182856585,2.276138581567448,0.4641237194482454,0.623688155922039,0.6241663813269507,not distinguishable,Pre-1000,Asia
era_region,Pre-1000 | Asia,Administration & Law,Culture (core),Administration & Law + Culture (core),3356,2365,10,8.758908450649999,0.18147530117844116,-0.8475281614705874,0.8406105812711627,0.4274412839376197,0.6606696651674163,0.004228329809725159,-0.7486851088404178,0.3291485219741144,-1.393816211909682,-0.10355400577115359,0.02292922820253903,0.7361747697579782,0.0510994228513727,not distinguishable,Pre-1000,Asia
era_region,Pre-1000 | Asia,Administration & Law,Culture (periphery),Administration & Law + Culture (periphery),3356,2365,3,1.2765458545534203,0.9782799954019451,-1.759027131611482,2.0467977876081784,0.8780536077505796,0.22638680659670166,0.0012684989429175475,0.41103728199078443,0.5562941601218196,-0.6792992718479822,1.501373835829551,0.4599769717718899,0.29929103244987676,0.6241663813269507,not distinguishable,Pre-1000,Asia
era_region,Pre-1000 | Asia,Administration & Law,Sport & Games,Administration & Law + Sport & Games,3356,2365,0,0.06544532494465084,-0.177459436410553,-0.370215499184363,-0.03922599054927925,0.08676144187139638,0.053973013493253376,0.0,0.4409606666567845,1.4510672884710296,-2.4031312187464335,3.2850525520600025,0.7612138868920012,0.10268036713350642,0.8362631433461422,not distinguishable,Pre-1000,Asia
era_region,Pre-1000 | Asia,Military,Religion,Military + Religion,3356,2365,22,42.44328871517536,-0.9325076795399351,-1.5567788042221444,-0.42729977619210124,0.29650241676909206,0.005997001499250375,0.009302325581395349,-1.8400996700926653,0.22039704747241842,-2.2720778831386053,-1.4081214570467253,6.883085583679092e-17,0.019490254872563714,4.880733413881538e-16,dissociated,Pre-1000,Asia
era_region,Pre-1000 | Asia,Military,Nobility,Military + Nobility,3356,2365,140,123.22997751606238,0.18337504909564212,0.006680526279500782,0.35947679586290104,0.09033234394653651,0.04147926036981509,0.05919661733615222,-0.6319517030798805,0.10749079717882797,-0.8426336655503832,-0.42126974060937766,4.124438462664327e-09,0.08987173080126604,1.8923894122812796e-08,not distinguishable,Pre-1000,Asia
era_region,Pre-1000 | Asia,Military,Kinship,Military + Kinship,3356,2365,66,71.1981056213261,-0.10858066050549606,-0.4116056529951496,0.15637770396670403,0.14768643631536876,0.45327336331834084,0.027906976744186046,-0.7382405198976382,0.13903958200863237,-1.0107581006345576,-0.4657229391607187,1.0988362663668873e-07,0.543928035982009,4.761623820923178e-07,not distinguishable,Pre-1000,Asia
era_region,Pre-1000 | Asia,Military,Big business,Military + Big business,3356,2365,0,0.8253552800278572,-1.4063791461125452,-1.8929418065141106,-0.8138400227883991,0.27400784366091985,0.0004997501249375312,0.0,-1.4065622723627096,1.4430792393554106,-4.234997581499314,1.421873036773895,0.32971152121576985,0.0022929711614780844,0.47624997508944533,dissociated,Pre-1000,Asia
era_region,Pre-1000 | Asia,Military,Small business,Military + Small business,3356,2365,6,3.9305394435275627,0.5529573522904184,-0.8694675095756473,1.3641348824240151,0.5880340862062774,0.303848075962019,0.002536997885835095,-0.15436915996045292,0.4217356450344149,-0.9809710242279062,0.6722327043070002,0.7143404573237528,0.3950024987506247,0.8151600532990869,not distinguishable,Pre-1000,Asia
era_region,Pre-1000 | Asia,Military,Academia,Military + Academia,3356,2365,5,38.737950110140474,-2.8347461497342428,-4.681680571948341,-1.970061782963944,0.6904184077443405,0.009495252373813094,0.0021141649048625794,-3.1300125855883425,0.4313186452285621,-3.975397130236324,-2.284628040940361,3.9622308083695517e-13,0.027430729079904494,2.060360020352167e-12,dissociated,Pre-1000,Asia
era_region,Pre-1000 | Asia,Military,Exploration & Invention,Military + Exploration & Invention,3356,2365,1,2.031667246413059,-0.7551252936591671,-2.616133074620667,0.5867543765399142,0.997803266841171,0.5207396301849075,0.00042283298097251583,-1.062114484713332,0.8407653980179307,-2.710014664828476,0.5857856954018121,0.2064918303016524,0.6062341963346685,0.3355492242401852,not distinguishable,Pre-1000,Asia
era_region,Pre-1000 | Asia,Military,Culture (core),Military + Culture (core),3356,2365,13,40.11808384874503,-1.589162775068012,-2.525872512319394,-0.9644566570504487,0.3873465910720078,0.001999000499750125,0.0054968287526427064,-2.2735814115538435,0.2797534219148108,-2.8218981185068728,-1.7252647046008143,4.3971664680701117e-16,0.006779219086109119,2.8581582042455727e-15,dissociated,Pre-1000,Asia
era_region,Pre-1000 | Asia,Military,Culture (periphery),Military + Culture (periphery),3356,2365,2,5.846912765247763,-1.3441269188363187,-3.7670377626904377,-0.17220131329690738,0.9817323144615668,0.14742628685657172,0.0008456659619450317,-1.6402688707717583,0.6445138259297417,-2.903515969594052,-0.3770217719494646,0.010928687492220375,0.22113943028485755,0.026638675762287164,not distinguishable,Pre-1000,Asia
era_region,Pre-1000 | Asia,Military,Sport & Games,Military + Sport & Games,3356,2365,1,0.2997566475812435,0.9073295165293565,-0.926508669646735,2.1019933892920473,0.9326430071719598,0.41329335332333833,0.00042283298097251583,-0.030338188060943343,0.8800066473845649,-1.7551512169346903,1.6944748408128039,0.9724984148540298,0.5199497025680708,0.9735562146992687,not distinguishable,Pre-1000,Asia
era_region,Pre-1000 | Asia,Religion,Nobility,Religion + Nobility,3356,2365,50,164.8287707234702,-1.7109825131309553,-2.1311701795249745,-1.3849317504361642,0.19064672628880505,0.0004997501249375312,0.021141649048625793,-2.6634168037169,0.15106146151077793,-2.9594972682780245,-2.3673363391557753,1.415581182433471e-69,0.0022929711614780844,1.1041533222981074e-67,dissociated,Pre-1000,Asia
era_region,Pre-1000 | Asia,Religion,Kinship,Religion + Kinship,3356,2365,83,95.23247884933937,-0.19723226866538754,-0.47716958614507166,0.05615001379547513,0.13733015538330917,0.15792103948025987,0.03509513742071882,-1.0517363807345113,0.12433126019748184,-1.2954256507215756,-0.8080471107474468,2.693408313853024e-17,0.22396074689927764,2.1008584848053587e-16,not distinguishable,Pre-1000,Asia
era_region,Pre-1000 | Asia,Religion,Big business,Religion + Big business,3356,2365,5,1.1039707947636752,1.7777837453190297,0.38408942012963504,2.39773810925689,0.5440995936295581,0.011494252873563218,0.0021141649048625794,0.9985386930896974,0.5629713308253282,-0.10488511532794587,2.101962501507341,0.07611383193841638,0.03201970443349754,0.13492906570901086,associated,Pre-1000,Asia
era_region,Pre-1000 | Asia,Religion,Small business,Religion + Small business,3356,2365,18,5.257373228623002,1.684042625907044,1.023446683503241,2.1415976480228007,0.2800344350080281,0.0009995002498750624,0.007610993657505285,0.6936398335581092,0.29129856980656643,0.12269463673723902,1.2645850303789794,0.01725639173445923,0.003712429499535946,0.03958819280258293,associated,Pre-1000,Asia
era_region,Pre-1000 | Asia,Religion,Academia,Religion + Academia,3356,2365,204,51.81473555141486,1.9668115687779726,1.826460490744087,2.099057702246497,0.07174057276579968,0.0004997501249375312,0.08625792811839324,0.7566682531094923,0.09844640505761587,0.5637132991965652,0.9496232070224193,1.5169591517293545e-14,0.0022929711614780844,8.451629559634975e-14,associated,Pre-1000,Asia
era_region,Pre-1000 | Asia,Religion,Exploration & Invention,Religion + Exploration & Invention,3356,2365,5,2.7174979781340354,0.7734923767762206,-0.8527812443315249,1.5965549408556186,0.6206564135980231,0.15592203898050974,0.0021141649048625794,-0.1057857207823139,0.47754581526092676,-1.0417755186937303,0.8302040771291026,0.8246879376989772,0.22396074689927764,0.8811734128838385,not distinguishable,Pre-1000,Asia
era_region,Pre-1000 | Asia,Religion,Culture (core),Religion + Culture (core),3356,2365,74,53.6607615927531,0.4599923997644945,0.14969137729143508,0.7123562197262097,0.14361104412809952,0.0014992503748125937,0.03128964059196617,-0.8943652105592469,0.13106892009606488,-1.151260293947534,-0.6374701271709597,8.877118834027597e-12,0.005315524056153741,4.3275954315884536e-11,associated,Pre-1000,Asia
era_region,Pre-1000 | Asia,Religion,Culture (periphery),Religion + Culture (periphery),3356,2365,3,7.820657465408823,-1.2493426068628075,-3.8829080478298557,-0.19501151895989072,0.8173827069823801,0.09195402298850575,0.0012684989429175475,-1.8051914024246902,0.5482496351064504,-2.879760687233333,-0.7306221176160475,0.000992497163672187,0.15260454878943508,0.0030965911506572238,not distinguishable,Pre-1000,Asia
era_region,Pre-1000 | Asia,Religion,Sport & Games,Religion + Sport & Games,3356,2365,1,0.400945619993842,0.7354505662987258,-1.1508775496537775,1.861408279701919,0.9232939320682689,0.4912543728135932,0.00042283298097251583,-0.5434989847010027,0.8796064233513071,-2.2675275744695647,1.180529605067559,0.5366486218750312,0.5805733496887919,0.6540405079101942,not distinguishable,Pre-1000,Asia
era_region,Pre-1000 | Asia,Nobility,Kinship,Nobility + Kinship,3356,2365,470,276.4982776465909,0.7643177172152588,0.6881820318438889,0.8411786158514336,0.0390559324217503,0.0004997501249375312,0.19873150105708245,0.8479054919786223,0.08228305998039102,0.6866306944170559,1.0091802895401887,6.707320381575709e-25,0.0022929711614780844,7.473871282327219e-24,associated,Pre-1000,Asia
era_region,Pre-1000 | Asia,Nobility,Big business,Nobility + Big business,3356,2365,0,3.2052722664838185,-2.8895795568561047,-3.521409822766058,-1.9769816573586736,0.39109323150194203,0.0004997501249375312,0.0,-2.921333718780075,1.4426442656611735,-5.748916479475975,-0.0937509580841751,0.04286885322082145,0.0022929711614780844,0.0857377064416429,dissociated,Pre-1000,Asia
era_region,Pre-1000 | Asia,Nobility,Small business,Nobility + Small business,3356,2365,5,15.264273913937302,-1.5191551987682743,-3.2829577519181385,-0.6452421641658722,0.6449019995547617,0.03498250874562719,0.0021141649048625794,-1.8733280073892227,0.4517802957226013,-2.7588173870055215,-0.9878386277729241,3.375276454796824e-05,0.08025399065173296,0.00012536741117816775,not distinguishable,Pre-1000,Asia
era_region,Pre-1000 | Asia,Nobility,Academia,Nobility + Academia,3356,2365,32,150.4390656400432,-2.2154546253615894,-2.745009224869085,-1.8077862502448396,0.2379895451486878,0.0004997501249375312,0.013530655391120507,-2.9328772562310967,0.18420208508235264,-3.293913342992508,-2.5718411694696854,4.4544210490432744e-57,0.0022929711614780844,1.737224209126877e-55,dissociated,Pre-1000,Asia
era_region,Pre-1000 | Asia,Nobility,Exploration & Invention,Nobility + Exploration & Invention,3356,2365,3,7.889992149116114,-1.2613145386150573,-3.9539125775160375,-0.27720520419815736,0.8326157630268877,0.1024487756121939,0.0012684989429175475,-1.6525325518971872,0.5725013941803279,-2.7746352844906297,-0.5304298193037447,0.0038953701107144853,0.16647926036981509,0.010477202366749304,not distinguishable,Pre-1000,Asia
era_region,Pre-1000 | Asia,Nobility,Culture (core),Nobility + Culture (core),3356,2365,134,155.79882343578723,-0.21670074548054133,-0.4172376419158032,-0.042770168865044894,0.09728725138615382,0.02848575712143928,0.056659619450317125,-1.2722518564881655,0.1040645593911341,-1.4762183928947883,-1.0682853200815428,2.2689534462007032e-34,0.06732997137794738,5.899278960121829e-33,not distinguishable,Pre-1000,Asia
era_region,Pre-1000 | Asia,Nobility,Culture (periphery),Nobility + Culture (periphery),3356,2365,13,22.706521402960345,-0.7815708753884648,-1.6364224498640665,-0.2065127526076045,0.36157525441697935,0.03648175912043978,0.0054968287526427064,-1.316344332576808,0.3005922187571453,-1.905505081340813,-0.7271835838128032,1.1913234436706333e-05,0.08130220603983722,4.64616143031547e-05,not distinguishable,Pre-1000,Asia
era_region,Pre-1000 | Asia,Nobility,Sport & Games,Nobility + Sport & Games,3356,2365,0,1.1641067700613665,-1.7347480006042473,-2.6107553497651796,-0.6421017251400007,0.5440108762614727,0.018490754622688656,0.0,-2.745938936071251,1.4479157538443845,-5.583853813606245,0.09197594146374266,0.05789699750519018,0.04778256033273686,0.1097090215893617,dissociated,Pre-1000,Asia
era_region,Pre-1000 | Asia,Kinship,Big business,Kinship + Big business,3356,2365,2,1.8518977116950002,0.08810277877744711,-2.2574046886112065,1.171138647799761,0.8848361738476875,0.9060469765117442,0.0008456659619450317,-0.28518930068797393,0.7048934150778735,-1.666780394240606,1.096401792864658,0.6857825879816994,0.9178138203625461,0.8104703312510994,not distinguishable,Pre-1000,Asia
era_region,Pre-1000 | Asia,Kinship,Small business,Kinship + Small business,3356,2365,4,8.819180269798425,-1.050278057223963,-2.801314141416598,-0.15151354802911135,0.7375567173688352,0.11544227886056972,0.0016913319238900633,-1.2401727449819588,0.4944557464949282,-2.209306008112018,-0.27103948185189963,0.012136265877161856,0.18376526022702935,0.02868571934601893,not distinguishable,Pre-1000,Asia
era_region,Pre-1000 | Asia,Kinship,Academia,Kinship + Academia,3356,2365,23,86.91859481689256,-1.8952794313654073,-2.5725939193074843,-1.4364996526383547,0.2876751915795271,0.0004997501249375312,0.009725158562367865,-2.3221470099565025,0.2145112061360427,-2.742588973983146,-1.9017050459298588,2.6123758489243714e-27,0.0022929711614780844,4.075306324322019e-26,dissociated,Pre-1000,Asia
era_region,Pre-1000 | Asia,Kinship,Exploration & Invention,Kinship + Exploration & Invention,3356,2365,1,4.558570128043571,-1.7537671449292889,-3.635645634347702,-0.4169387125390131,1.00929226616421,0.07246376811594203,0.00042283298097251583,-1.7293445252020707,0.8402619226735571,-3.3762578936422427,-0.08243115676189872,0.039580368019481754,0.12845849802371542,0.08124391330314676,not distinguishable,Pre-1000,Asia
era_region,Pre-1000 | Asia,Kinship,Culture (core),Kinship + Culture (core),3356,2365,42,90.01528126720349,-1.0906985348938976,-1.5483445282806259,-0.7503516442438728,0.20515068479189358,0.0004997501249375312,0.017758985200845664,-1.7440319250455512,0.1642522875608835,-2.065966408664883,-1.4220974414262195,2.4575209568436337e-26,0.0022929711614780844,3.1947772438967235e-25,dissociated,Pre-1000,Asia
era_region,Pre-1000 | Asia,Kinship,Culture (periphery),Kinship + Culture (periphery),3356,2365,3,13.119058704122128,-1.96020016620736,-4.760075989874991,-0.8880755962921202,0.8852699310767853,0.053973013493253376,0.0012684989429175475,-1.9597113231227485,0.5481193832145893,-3.0340253142233435,-0.8853973320221535,0.000349777506164406,0.10268036713350642,0.0011367768950343196,not distinguishable,Pre-1000,Asia
era_region,Pre-1000 | Asia,Kinship,Sport & Games,Kinship + Sport & Games,3356,2365,0,0.6725814484428247,-1.2296881369696089,-1.974308431576409,-0.4028115593487847,0.4306957050036965,0.01899050474762619,0.0,-1.8971101442548999,1.4480578870145553,-4.7353036028034285,0.9410833142936286,0.19015978786293697,0.04778256033273686,0.31558432879381026,dissociated,Pre-1000,Asia
era_region,Pre-1000 | Asia,Big business,Small business,Big business + Small business,3356,2365,0,0.10223526226820495,-0.26839908878147795,-0.4419127804737886,-0.1210834408125478,0.07998568013658307,0.0009995002498750624,0.0,0.9197134391516573,1.44891384824105,-1.9201577034008006,3.7595845817041154,0.5255845565953154,0.003712429499535946,0.6507237367370572,dissociated,Pre-1000,Asia
era_region,Pre-1000 | Asia,Big business,Academia,Big business + Academia,3356,2365,1,1.0075931169611931,-0.007284612667417038,-1.8933562807879245,1.2870733077012226,0.9795704597303803,0.9950024987506247,0.00042283298097251583,-0.5553874518259015,0.869255025044348,-2.259127300912824,1.1483523972610206,0.5228727078063037,0.9950024987506247,0.6507237367370572,not distinguishable,Pre-1000,Asia
era_region,Pre-1000 | Asia,Big business,Exploration & Invention,Big business + Exploration & Invention,3356,2365,0,0.05284466337586172,-0.14494607841473645,-0.2539443092437302,-0.06295815435053528,0.04855567569647068,0.006496751624187906,0.0,1.5739049366656361,1.454876306826354,-1.2776526247140174,4.42546249804529,0.2793353739829557,0.019490254872563714,0.4110973428428405,dissociated,Pre-1000,Asia
era_region,Pre-1000 | Asia,Big business,Culture (core),Big business + Culture (core),3356,2365,2,1.0434910736561152,0.6957309553287491,-1.664585673468139,1.7440088455863387,0.8941182380280223,0.3453273363318341,0.0008456659619450317,-0.023372246779779882,0.7050783393168443,-1.4053257918407946,1.3585812982812349,0.9735562146992688,0.44156610219480424,0.9735562146992687,not distinguishable,Pre-1000,Asia
era_region,Pre-1000 | Asia,Big business,Culture (periphery),Big business + Culture (periphery),3356,2365,0,0.1520810740110383,-0.3831232527011463,-0.5949950831063304,-0.1809076900980369,0.10603159261956441,0.0004997501249375312,0.0,0.49653532281422486,1.446680631020436,-2.33895871398583,3.3320293596142796,0.7314300495562809,0.0022929711614780844,0.8151600532990869,dissociated,Pre-1000,Asia
era_region,Pre-1000 | Asia,Big business,Sport & Games,Big business + Sport & Games,3356,2365,0,0.007796817694469578,-0.02232325891886534,-0.05443085588915845,-0.0035651465464518893,0.013285559809488739,0.08995502248875563,0.0,2.5418269400406825,1.474970504883007,-0.34911524953001116,5.432769129611376,0.0848330294132073,0.1525324294374552,0.14384731074413412,not distinguishable,Pre-1000,Asia
era_region,Pre-1000 | Asia,Small business,Academia,Small business + Academia,3356,2365,4,4.798399652946038,-0.2356316674025305,-1.928608331778186,0.7413713103802221,0.7325715853409174,0.7076461769115442,0.0016913319238900633,-0.9048060275218297,0.4948078349834508,-1.8746293840893933,0.06501732904573387,0.06745942531278763,0.7666166916541729,0.1223682598697078,not distinguishable,Pre-1000,Asia
era_region,Pre-1000 | Asia,Small business,Exploration & Invention,Small business + Exploration & Invention,3356,2365,3,0.2516589386473064,2.21920482197995,-0.4778728978512329,3.2162350686715198,0.8444766987413082,0.04897551224387806,0.0012684989429175475,2.2478683101549746,0.5890988576015658,1.0932345492559057,3.4025020710540437,0.00013575652498808293,0.10268036713350642,0.00046039169343784647,not distinguishable,Pre-1000,Asia
era_region,Pre-1000 | Asia,Small business,Culture (core),Small business + Culture (core),3356,2365,8,4.969354317132197,0.6360923150797754,-0.5141146795377439,1.3567260468435578,0.48650663876161104,0.16241879060469766,0.0033826638477801266,-0.24723762192412407,0.37687556531721617,-0.9859137299458678,0.4914384860976196,0.511811744935736,0.22622617262797173,0.6507237367370572,not distinguishable,Pre-1000,Asia
era_region,Pre-1000 | Asia,Small business,Culture (periphery),Small business + Culture (periphery),3356,2365,0,0.7242464844887707,-1.2918940532507643,-1.5746263891393304,-0.9874890320327453,0.15104269461679437,0.0004997501249375312,0.0,-0.9508741158455133,1.4254600186790993,-3.744775752456548,1.8430275207655211,0.5047307817808606,0.0022929711614780844,0.6507237367370572,dissociated,Pre-1000,Asia
era_region,Pre-1000 | Asia,Small business,Sport & Games,Small business + Sport & Games,3356,2365,0,0.03713031251350565,-0.10334404622795451,-0.2227415140232808,-0.022321788197100397,0.052434896554260646,0.06146926536731634,0.0,1.0946740830328736,1.4541627317746821,-1.7554848712455031,3.94483303731125,0.4515782164168607,0.11415720711073034,0.6241663813269507,not distinguishable,Pre-1000,Asia
era_region,Pre-1000 | Asia,Academia,Exploration & Invention,Academia + Exploration & Invention,3356,2365,5,2.4802578755808113,0.8839944491158364,-0.6689713336788464,1.7183086517922492,0.6036131195070912,0.12193903048475763,0.0021141649048625794,0.07516089074904846,0.47776114701940714,-0.8612509574089896,1.0115727389070865,0.8749934718426592,0.1902248875562219,0.9099932107163655,not distinguishable,Pre-1000,Asia
era_region,Pre-1000 | Asia,Academia,Culture (core),Academia + Culture (core),3356,2365,131,48.97612716587112,1.4102583192576945,1.2121332428825051,1.5986159239887807,0.09643885086352744,0.0004997501249375312,0.055391120507399576,0.12034507133952178,0.10954079252748339,-0.09435488201434565,0.3350450246933892,0.2719284093428579,0.0022929711614780844,0.40789261401428684,associated,Pre-1000,Asia
era_region,Pre-1000 | Asia,Academia,Culture (periphery),Academia + Culture (periphery),3356,2365,12,7.137906790318637,0.7106788757275718,-0.22459479709086047,1.320294499978782,0.3906671932294024,0.06546726636681659,0.00507399577167019,-0.20774939805756965,0.3111796943472943,-0.8176615989782665,0.4021628028631272,0.5043769869883801,0.11875457620027195,0.6507237367370572,not distinguishable,Pre-1000,Asia
era_region,Pre-1000 | Asia,Academia,Sport & Games,Academia + Sport & Games,3356,2365,2,0.36594269422499953,1.5295846353688498,-0.7433279089586994,2.3867765091798585,0.8550505889411922,0.15142428785607195,0.0008456659619450317,0.26043466317162844,0.7208539210125097,-1.1524390220128904,1.6733083483561475,0.7178854162451547,0.2228508387315776,0.8151600532990869,not distinguishable,Pre-1000,Asia
era_region,Pre-1000 | Asia,Exploration & Invention,Culture (core),Exploration & Invention + Culture (core),3356,2365,1,2.568623097922111,-1.0326289576767556,-2.913003337583691,0.33125289000675134,1.0210353466823412,0.4512743628185907,0.00042283298097251583,-1.4674585642380766,0.8404164363503849,-3.1146747794848313,0.1797576510086778,0.08079204195546451,0.543928035982009,0.1400395393894718,not distinguishable,Pre-1000,Asia
era_region,Pre-1000 | Asia,Exploration & Invention,Culture (periphery),Exploration & Invention + Culture (periphery),3356,2365,2,0.3743577394417568,1.5156325172315088,-0.8496658525174068,2.6314913639893343,0.9557322031912845,0.1344327836081959,0.0008456659619450317,1.4145135537371336,0.6726264698063775,0.09616567291663358,2.7328614345576336,0.035468357363754706,0.20560308081253492,0.07477113173980722,not distinguishable,Pre-1000,Asia
era_region,Pre-1000 | Asia,Exploration & Invention,Sport & Games,Exploration & Invention + Sport & Games,3356,2365,0,0.01919238844097899,-0.05434113814355166,-0.1239004688684555,-0.009714807631585404,0.029798342424141453,0.07496251874062969,0.0,1.7488610057632654,1.4601037572001563,-1.1129423583490408,4.610664369875572,0.2310085620308272,0.12993503248375812,0.36037335676809046,not distinguishable,Pre-1000,Asia
era_region,Pre-1000 | Asia,Culture (core),Culture (periphery),Culture (core) + Culture (periphery),3356,2365,33,7.392212089290937,2.0856594639886876,1.6590517309054822,2.4012919136139343,0.18992370212467125,0.0004997501249375312,0.013953488372093023,1.1187765989400273,0.23094212345848794,0.666130036961391,1.5714231609186637,1.2699326356540873e-06,0.0022929711614780844,5.213407662158885e-06,associated,Pre-1000,Asia
era_region,Pre-1000 | Asia,Culture (core),Sport & Games,Culture (core) + Sport & Games,3356,2365,0,0.37898029320119225,-0.8139027255215666,-1.4046961436277416,-0.23467890382402845,0.3177329726905934,0.01999000499750125,0.0,-1.6358566200620455,1.4481473765153738,-4.474225478032178,1.2025122379080873,0.2586362690859204,0.0487256371814093,0.395561352719643,dissociated,Pre-1000,Asia
era_region,Pre-1000 | Asia,Culture (periphery),Sport & Games,Culture (periphery) + Sport & Games,3356,2365,0,0.055233563059734904,-0.1511666844774964,-0.31670780971201884,-0.033688565363618715,0.07439176620577222,0.05297351324337831,0.0,0.6715009861146678,1.4519375868014202,-2.1742966840161158,3.517298656245451,0.6437327511473739,0.10268036713350642,0.7724793013768487,not distinguishable,Pre-1000,Asia
era_region,Pre-1000 | Europe,Politics,Administration & Law,Politics + Administration & Law,4911,3003,35,10.735468587441485,1.6597587296784404,1.2864831367785121,1.9733536775729859,0.17339472418014334,0.0004997501249375312,0.011655011655011656,0.6900126770728913,0.2154599450623406,0.2677111847507037,1.1123141693950789,0.0013623546383290013,0.00139216106232598,0.0032201109633230936,associated,Pre-1000,Europe
era_region,Pre-1000 | Europe,Politics,Military,Politics + Military,4911,3003,367,106.68547700203344,1.7776348075538253,1.6748906759963065,1.8765469279617075,0.05163344200074581,0.0004997501249375312,0.12221112221112221,1.3902722857221261,0.08278974360496005,1.2280043882564045,1.5525401831878478,2.7549515776254866e-63,0.00139216106232598,7.162874101826265e-62,associated,Pre-1000,Europe
era_region,Pre-1000 | Europe,Politics,Religion,Politics + Religion,4911,3003,31,75.4263441511072,-1.2692487155502998,-1.8228832963197943,-0.8600525010944557,0.24628621114180504,0.0004997501249375312,0.010323010323010324,-2.766138730216041,0.18407547334648888,-3.1269266579751593,-2.405350802456923,4.8717561056763255e-51,0.00139216106232598,7.599939524855068e-50,dissociated,Pre-1000,Europe
era_region,Pre-1000 | Europe,Politics,Nobility,Politics + Nobility,4911,3003,235,281.74216364532873,-0.2612064657945219,-0.3886755414888704,-0.13237410595951637,0.06652306439008612,0.0009995002498750624,0.07825507825507826,-1.079937780092853,0.08009966705775039,-1.2369331275260436,-0.9229424326596621,1.98473709010336e-41,0.0023624551360683296,1.5480949302806209e-40,dissociated,Pre-1000,Europe
era_region,Pre-1000 | Europe,Politics,Kinship,Politics + Kinship,4911,3003,131,262.71585144541694,-1.0011835744836735,-1.2052554548782854,-0.8129541671245557,0.10229969783884418,0.0004997501249375312,0.043623043623043624,-1.4295432317066816,0.09874716917627183,-1.6230876832921743,-1.235998780121189,1.6981582510799606e-47,0.00139216106232598,2.207605726403949e-46,dissociated,Pre-1000,Europe
era_region,Pre-1000 | Europe,Politics,Big business,Politics + Big business,4911,3003,0,2.6627290575545484,-2.6611699693661914,-3.1422023834059427,-2.0135859892969297,0.2843289384959214,0.0004997501249375312,0.0,-2.6818623030104267,1.4295746796351694,-5.483828675095358,0.12010406907450522,0.06065718138169831,0.00139216106232598,0.09498716633391943,dissociated,Pre-1000,Europe
era_region,Pre-1000 | Europe,Politics,Small business,Politics + Small business,4911,3003,1,6.89551394028352,-2.3016879080412465,-4.136957144973949,-0.9334133076446678,1.003039486200196,0.0004997501249375312,0.000333000333000333,-2.3940061807243236,0.8287627553285059,-4.018381181168195,-0.7696311802804521,0.003868984879486519,0.00139216106232598,0.008156238394593202,dissociated,Pre-1000,Europe
era_region,Pre-1000 | Europe,Politics,Academia,Politics + Academia,4911,3003,37,59.022594913887666,-0.6665468271377051,-1.1471762799192093,-0.282504730089317,0.2199241694915362,0.006496751624187906,0.012321012321012322,-1.6466022645402736,0.17226029236881632,-1.9842324375831535,-1.3089720914973937,1.1912605757483718e-21,0.01407629518574046,5.8073953067733126e-21,dissociated,Pre-1000,Europe
era_region,Pre-1000 | Europe,Politics,Exploration & Invention,Politics + Exploration & Invention,4911,3003,6,10.592725526010003,-0.7711022616103977,-2.147487721127371,0.06018267563202506,0.5871461245922035,0.15642178910544727,0.001998001998001998,-1.5116335319655765,0.40703996011586385,-2.3094318537926695,-0.7138352101384834,0.00020423259215439767,0.20334832583708146,0.0005689336495729648,not distinguishable,Pre-1000,Europe
era_region,Pre-1000 | Europe,Politics,Culture (core),Politics + Culture (core),4911,3003,33,58.391349713734414,-0.8138946430422328,-1.3103497831861672,-0.4139398078415647,0.2343330867789084,0.0024987506246876563,0.01098901098901099,-1.7776907905236643,0.1811980345910591,-2.13283893832214,-1.4225426427251886,1.0120143958183257e-22,0.0057324279036952116,5.262474858255294e-22,dissociated,Pre-1000,Europe
era_region,Pre-1000 | Europe,Politics,Culture (periphery),Politics + Culture (periphery),4911,3003,6,5.904709029302867,0.021306688794647463,-1.3537346198553606,0.8303958162743689,0.5817249634739384,0.9685157421289355,0.001998001998001998,-0.6852559413912679,0.42317714845780163,-1.514683152368559,0.14417126958602333,0.10538009579002335,0.9685157421289355,0.15508768814380794,not distinguishable,Pre-1000,Europe
era_region,Pre-1000 | Europe,Politics,Sport & Games,Politics + Sport & Games,4911,3003,2,3.225072993199522,-0.5753406007264201,-3.0376251764019537,0.4826528317958185,0.9506105931759457,0.48375812093953025,0.000666000666000666,-1.4576107379801932,0.655834097751837,-2.743045569573794,-0.17217590638659286,0.02624753150260513,0.546857006279469,0.046529714936436366,not distinguishable,Pre-1000,Europe
era_region,Pre-1000 | Europe,Administration & Law,Military,Administration & Law + Military,4911,3003,2,7.97327432247573,-1.760991482221864,-4.1706573074435935,-0.5793623729953328,0.9829562255658165,0.13143428285857073,0.000666000666000666,-1.9144852428259787,0.6422632435123826,-3.173321200110249,-0.6556492855417086,0.00287457074315947,0.18011683813265783,0.006406186227612533,not distinguishable,Pre-1000,Europe
era_region,Pre-1000 | Europe,Administration & Law,Religion,Administration & Law + Religion,4911,3003,8,5.637083415269146,0.46990964852328204,-0.7966476858715008,1.1911341814819258,0.5087716378091179,0.303848075962019,0.002664002664002664,-1.178323882544501,0.36120282491433453,-1.8862814193765967,-0.47036634571240543,0.001105424502292502,0.36461769115442283,0.0026944722243379734,not distinguishable,Pre-1000,Europe
era_region,Pre-1000 | Europe,Administration & Law,Nobility,Administration & Law + Nobility,4911,3003,4,21.056357641905073,-2.260116521262459,-4.018495440232699,-1.2993880363584416,0.7670294301395152,0.02148925537231384,0.001332001332001332,-2.507899522862331,0.48401927580221793,-3.456577303434678,-1.5592217422899837,2.2022165291643926e-07,0.04088199802537756,7.807858603401028e-07,dissociated,Pre-1000,Europe
era_region,Pre-1000 | Europe,Administration & Law,Kinship,Administration & Law + Kinship,4911,3003,3,19.634402088272672,-2.524235803440133,-5.273846688995646,-1.4740494967127769,0.8659509345903634,0.043478260869565216,0.000999000999000999,-2.3941970536832695,0.5456707625438888,-3.463711748269292,-1.3246823590972474,1.1459670449131474e-05,0.07215541165587419,3.88632302187937e-05,not distinguishable,Pre-1000,Europe
era_region,Pre-1000 | Europe,Administration & Law,Big business,Administration & Law + Big business,4911,3003,0,0.19900243049862376,-0.48336937711136824,-0.6879405102513565,-0.28536692247411766,0.10250245074645864,0.0004997501249375312,0.0,0.0873242191633059,1.4329888022885062,-2.7213338333221664,2.895982271648778,0.9514081705916161,0.00139216106232598,0.983087279085433,dissociated,Pre-1000,Europe
era_region,Pre-1000 | Europe,Administration & Law,Small business,Administration & Law + Small business,4911,3003,0,0.5153449727678315,-1.0219699795723813,-1.276495199148776,-0.7574394507355732,0.1344264366744802,0.0004997501249375312,0.0,-0.741632528378867,1.4246391183455678,-3.5339252003361796,2.0506601435784457,0.6026623700831858,0.00139216106232598,0.7016069383057983,dissociated,Pre-1000,Europe
era_region,Pre-1000 | Europe,Administration & Law,Academia,Administration & Law + Academia,4911,3003,9,4.411128428134763,0.9518729633171027,-0.14870439326297064,1.6257633339160005,0.46794539357692033,0.047476261869065464,0.002997002997002997,-0.2012961855579698,0.3450366060622483,-0.8775679334399764,0.4749755623240368,0.5596204890581538,0.07636997827616804,0.661369668886909,not distinguishable,Pre-1000,Europe
era_region,Pre-1000 | Europe,Administration & Law,Exploration & Invention,Administration & Law + Exploration & Invention,4911,3003,1,0.7916607659724763,0.21573528170448822,-1.5525885034481621,1.5561155795440331,1.000893401463097,0.672663668165917,0.000333000333000333,-0.25213007941568716,0.8293621667928495,-1.877679926329672,1.3734197674982977,0.7611242344658642,0.7287189738464102,0.8448573577528694,not distinguishable,Pre-1000,Europe
era_region,Pre-1000 | Europe,Administration & Law,Culture (core),Administration & Law + Culture (core),4911,3003,11,4.363951518146611,1.241433107390244,0.23370909652363706,1.8583150077385275,0.4208386402700068,0.010494752623688156,0.003663003663003663,0.011760954173564002,0.3178484380214211,-0.6112219843484213,0.6347438926955494,0.9704835960202353,0.020989505247376312,0.983087279085433,associated,Pre-1000,Europe
era_region,Pre-1000 | Europe,Administration & Law,Culture (periphery),Administration & Law + Culture (periphery),4911,3003,3,0.44129591213369934,1.8946346873413265,-0.8259536204088542,2.9154300106078295,0.8606845619510284,0.051974012993503245,0.000999000999000999,1.4229684640075502,0.5651949801606883,0.3151863028926012,2.530750625122499,0.011813749472664635,0.07796101949025486,0.02303681147169604,not distinguishable,Pre-1000,Europe
era_region,Pre-1000 | Europe,Administration & Law,Sport & Games,Administration & Law + Sport & Games,4911,3003,0,0.24102991716761574,-0.5676036939029655,-0.7852325139499279,-0.35728465180547164,0.1090315906330089,0.0004997501249375312,0.0,-0.3557021761286245,1.4276909830565623,-3.1539765029194866,2.4425721506622375,0.8032485641912004,0.00139216106232598,0.8582655891358032,dissociated,Pre-1000,Europe
era_region,Pre-1000 | Europe,Military,Religion,Military + Religion,4911,3003,13,56.01943950185477,-2.0657877513910736,-3.0337724902055805,-1.4346864805130177,0.39620020259955074,0.0004997501249375312,0.004329004329004329,-3.071850927193274,0.27678409307181356,-3.6143477496140286,-2.5293541047725197,1.2775945818010722e-28,0.00139216106232598,7.118026955748831e-28,dissociated,Pre-1000,Europe
era_region,Pre-1000 | Europe,Military,Nobility,Military + Nobility,4911,3003,95,209.2510020084206,-1.1351050643665368,-1.4035718786124842,-0.9117017041004402,0.12704996272867522,0.0004997501249375312,0.03163503163503163,-1.6136250069088505,0.11389610923215338,-1.836861381003871,-1.39038863281383,1.4555773686997678e-45,0.00139216106232598,1.6219290679797413e-44,dissociated,Pre-1000,Europe
era_region,Pre-1000 | Europe,Military,Kinship,Military + Kinship,4911,3003,171,195.12008585144665,-0.18984593433447267,-0.37404476791999336,-0.034327539016449735,0.08545014277636626,0.027486256871564217,0.056943056943056944,-0.40100120722532756,0.09315205987424523,-0.5835792445788482,-0.2184231698718069,1.6713487880025155e-05,0.04985879153446532,5.4318835610081757e-05,dissociated,Pre-1000,Europe
era_region,Pre-1000 | Europe,Military,Big business,Military + Big business,4911,3003,0,1.9776192393824004,-2.3089544910852595,-2.7691906049477057,-1.706761113639459,0.26872383595406313,0.0004997501249375312,0.0,-2.1506475987301226,1.4297268074549847,-4.952912141341892,0.6516169438816473,0.13252041970485584,0.00139216106232598,0.18843261849661197,dissociated,Pre-1000,Europe
era_region,Pre-1000 | Europe,Military,Small business,Military + Small business,4911,3003,1,5.121325053724462,-1.9059477405993257,-3.7524415901718062,-0.5550645602144137,1.022457964916835,0.009495252373813094,0.000333000333000333,-1.8615641279089965,0.829025513356528,-3.4864541340877913,-0.23667412173020175,0.024737031677137717,0.019490254872563718,0.04487182490271493,dissociated,Pre-1000,Europe
era_region,Pre-1000 | Europe,Military,Academia,Military + Academia,4911,3003,7,43.83631106920718,-2.5635262373785355,-3.804195238492682,-1.7528139146959612,0.5460341240627634,0.0009995002498750624,0.002331002331002331,-2.792904054425519,0.36967569393843064,-3.517468414544843,-2.0683396943061947,4.188234091734118e-14,0.0023624551360683296,1.8149014397514512e-13,dissociated,Pre-1000,Europe
era_region,Pre-1000 | Europe,Military,Exploration & Invention,Military + Exploration & Invention,4911,3003,11,7.867258494926795,0.4588069502049188,-0.551013463438157,1.0837681224024571,0.41274809614280966,0.23338330834582707,0.003663003663003663,-0.3423387086320312,0.31598248518534616,-0.9616643795953097,0.2769869623312473,0.2786263043727579,0.28895076271388115,0.37470434036336414,not distinguishable,Pre-1000,Europe
era_region,Pre-1000 | Europe,Military,Culture (core),Military + Culture (core),4911,3003,13,43.367482801062856,-1.7001925168924308,-2.614531430587766,-1.092676128926893,0.39151245451505395,0.0009995002498750624,0.004329004329004329,-2.1910838517027393,0.27824494072681183,-2.7364439355272907,-1.6457237678781882,3.4167516148429444e-15,0.0023624551360683296,1.5676860350455862e-14,dissociated,Pre-1000,Europe
era_region,Pre-1000 | Europe,Military,Culture (periphery),Military + Culture (periphery),4911,3003,1,4.385450388267717,-1.7035290692449099,-3.517882937899444,-0.3349319822558554,1.0086958318557717,0.08345827086456771,0.000333000333000333,-1.7387425281008617,0.830506293452495,-3.366534863267752,-0.11095019293397135,0.0362962124092408,0.12055083569326447,0.061545751476538756,not distinguishable,Pre-1000,Europe
era_region,Pre-1000 | Europe,Military,Sport & Games,Military + Sport & Games,4911,3003,3,2.3952742700834486,0.2736549004935771,-2.3967059879595642,1.2793909093982772,0.8467121624085574,0.7041479260369815,0.000999000999000999,-0.5577258706852734,0.5631486909033789,-1.6614973048558959,0.5460455634853493,0.3219930415437021,0.7422099760930346,0.4256857159391316,not distinguishable,Pre-1000,Europe
era_region,Pre-1000 | Europe,Religion,Nobility,Religion + Nobility,4911,3003,129,147.93989336665132,-0.19692677186155988,-0.4029713381184831,-0.011806441903054835,0.09975894242643894,0.047976011994003,0.04295704295704296,-1.9373359777602492,0.09873871612224007,-2.1308638613598396,-1.7438080941606586,1.0265476812305688e-85,0.07636997827616804,4.003535956799218e-84,not distinguishable,Pre-1000,Europe
era_region,Pre-1000 | Europe,Religion,Kinship,Religion + Kinship,4911,3003,93,137.94937380224948,-0.5663202583883753,-0.8319206079622942,-0.3379797120284277,0.12958056924132566,0.0004997501249375312,0.030969030969030968,-1.8847989407593964,0.11302512805731453,-2.1063281917517327,-1.6632696897670598,1.961403379304672e-62,0.00139216106232598,3.824736589644111e-61,dissociated,Pre-1000,Europe
era_region,Pre-1000 | Europe,Religion,Big business,Religion + Big business,4911,3003,1,1.3981714619569514,-0.33964781626500284,-2.217117204747607,0.9312745021206917,0.9900535443592112,0.672663668165917,0.000333000333000333,-1.566708148664835,0.8439347911064483,-3.220820339233474,0.08740404190380358,0.06339190643151393,0.7287189738464102,0.09695232748349189,not distinguishable,Pre-1000,Europe
era_region,Pre-1000 | Europe,Religion,Small business,Religion + Small business,4911,3003,15,3.6207629835553554,1.9112848247551084,1.1647885692562066,2.3766601601304536,0.31251908250620736,0.0009995002498750624,0.004995004995004995,0.23909642310565007,0.30268178126566814,-0.3541598681750595,0.8323527143863596,0.42957057253482067,0.0023624551360683296,0.5411598439900586,associated,Pre-1000,Europe
era_region,Pre-1000 | Europe,Religion,Academia,Religion + Academia,4911,3003,104,30.992153552052734,1.730438619426995,1.4877165539865267,1.9411049678674126,0.11585250609515112,0.0004997501249375312,0.03463203463203463,-0.4417994771122062,0.11337879805906402,-0.6640219213079717,-0.2195770329164407,9.752536745533925e-05,0.00139216106232598,0.00030427914646065845,associated,Pre-1000,Europe
era_region,Pre-1000 | Europe,Religion,Exploration & Invention,Religion + Exploration & Invention,4911,3003,6,5.562130511473084,0.10061480593502382,-1.3060788239717613,0.9314850744701993,0.6062109987713059,0.8570714642678661,0.001998001998001998,-1.5399301528445457,0.40701967802137345,-2.3376887217664377,-0.7421715839226537,0.00015468231159042215,0.8796259764854415,0.00046404693477126644,not distinguishable,Pre-1000,Europe
era_region,Pre-1000 | Europe,Religion,Culture (core),Religion + Culture (core),4911,3003,90,30.6606932324804,1.5381904627777532,1.2829593164643351,1.7692132134786775,0.12461707032961672,0.0004997501249375312,0.029970029970029972,-0.638047901300026,0.11939750971281046,-0.8720670203371345,-0.4040287822629175,9.096966232081093e-08,0.00139216106232598,3.547816830511626e-07,associated,Pre-1000,Europe
era_region,Pre-1000 | Europe,Religion,Culture (periphery),Religion + Culture (periphery),4911,3003,5,3.1005015822048856,0.6112337177064706,-1.109492806376331,1.4227651759578637,0.6482182176909507,0.25737131434282856,0.001665001665001665,-0.9054404019103321,0.4543861178107342,-1.7960371928193712,-0.014843611001293167,0.04629787989513789,0.3136712893553223,0.07523405482959906,not distinguishable,Pre-1000,Europe
era_region,Pre-1000 | Europe,Religion,Sport & Games,Religion + Sport & Games,4911,3003,5,1.6934524408431222,1.326228192929171,-0.19311230653970468,2.1226038589924077,0.5922481134621863,0.03398300849575212,0.001665001665001665,-0.6029436474437371,0.46333849031693514,-1.51108708846493,0.30519979357745575,0.1931548494003692,0.0602426059697424,0.26903711166479993,not distinguishable,Pre-1000,Europe
era_region,Pre-1000 | Europe,Nobility,Kinship,Nobility + Kinship,4911,3003,919,515.286210487685,0.8340763713568559,0.774674564879991,0.8997800032182112,0.03157521217224557,0.0004997501249375312,0.30602730602730605,1.5876816629105954,0.06700696708838874,1.4563480074173536,1.7190153184038373,4.130355970234915e-124,0.00139216106232598,3.221677656783234e-122,associated,Pre-1000,Europe
era_region,Pre-1000 | Europe,Nobility,Big business,Nobility + Big business,4911,3003,7,5.222629537098165,0.39021238069973024,-0.7168849178275297,1.0404218183075307,0.4643735378789006,0.3468265867066467,0.002331002331002331,-0.28035801963913237,0.44137456687968585,-1.1454521707233165,0.5847361314450519,0.5253025711708985,0.40988596610785516,0.6303630854050782,not distinguishable,Pre-1000,Europe
era_region,Pre-1000 | Europe,Nobility,Small business,Nobility + Small business,4911,3003,5,13.524738717153204,-1.3504703697238016,-3.015816251906181,-0.509562654581072,0.6446824135433984,0.03948025987006497,0.001665001665001665,-1.680343346867543,0.45090102152160194,-2.564109349049883,-0.7965773446852032,0.00019405346559670187,0.06843245044144596,0.0005605989006126943,not distinguishable,Pre-1000,Europe
era_region,Pre-1000 | Europe,Nobility,Academia,Nobility + Academia,4911,3003,28,115.76587061266738,-2.0283938371330636,-2.603759560187959,-1.595027711031592,0.25742384705958293,0.0004997501249375312,0.009324009324009324,-2.662135842659837,0.1944537903230287,-3.0432652716929733,-2.281006413626701,1.159872021219649e-42,0.00139216106232598,1.0052224183903625e-41,dissociated,Pre-1000,Europe
era_region,Pre-1000 | Europe,Nobility,Exploration & Invention,Nobility + Exploration & Invention,4911,3003,8,20.77638393345254,-1.3237182294492125,-2.5530893877635075,-0.6209094625034692,0.5006516894600901,0.01899050474762619,0.002664002664002664,-1.8925057104926388,0.3598008942116092,-2.597715463147393,-1.1872959578378848,1.4415775866358333e-07,0.03703148425787107,5.354431036075952e-07,dissociated,Pre-1000,Europe
era_region,Pre-1000 | Europe,Nobility,Culture (core),Nobility + Culture (core),4911,3003,27,114.5277574752761,-2.064478517765969,-2.6471182145029055,-1.6245741252777663,0.26495549167247523,0.0004997501249375312,0.008991008991008992,-2.707075765416029,0.19767655466955203,-3.0945218125683507,-2.319629718263707,1.0955592895283994e-42,0.00139216106232598,1.0052224183903625e-41,dissociated,Pre-1000,Europe
era_region,Pre-1000 | Europe,Nobility,Culture (periphery),Nobility + Culture (periphery),4911,3003,3,11.581391541477045,-1.7873598074900319,-4.466385861377748,-0.7588874838252556,0.8442645575713054,0.050474762618690654,0.000999000999000999,-2.0460177059489335,0.5559317940231803,-3.135644022234367,-0.9563913896635001,0.00023292368811798634,0.07719669576976218,0.0006185412315930656,not distinguishable,Pre-1000,Europe
era_region,Pre-1000 | Europe,Nobility,Sport & Games,Nobility + Sport & Games,4911,3003,3,6.325600956580375,-0.9636011509214085,-3.58413898357659,0.0838242383495995,0.8457031688274277,0.2013993003498251,0.000999000999000999,-1.7584435885842398,0.5625280416286509,-2.8609985501763955,-0.6558886269920841,0.0017722197967059814,0.25337331334332835,0.004065680710090192,not distinguishable,Pre-1000,Europe
era_region,Pre-1000 | Europe,Kinship,Big business,Kinship + Big business,4911,3003,0,4.8699404727719635,-3.4249060956384936,-3.9274947877130013,-2.741317828794592,0.30446932484717687,0.0004997501249375312,0.0,-2.974244176238034,1.429523897235217,-5.776111014819059,-0.17237733765700902,0.037472023493809174,0.00139216106232598,0.062187613457810965,dissociated,Pre-1000,Europe
era_region,Pre-1000 | Europe,Kinship,Small business,Kinship + Small business,4911,3003,5,12.61140044387038,-1.253318265968516,-2.9261579057107463,-0.35579567835107634,0.6372276298573575,0.049475262368815595,0.001665001665001665,-1.3046975432680286,0.4510284489773534,-2.188713303263641,-0.4206817832724159,0.0038192557169658046,0.07718140929535233,0.008156238394593202,not distinguishable,Pre-1000,Europe
era_region,Pre-1000 | Europe,Kinship,Academia,Kinship + Academia,4911,3003,22,107.94809294008607,-2.269007776883349,-2.903846034149935,-1.7759741588663893,0.29519826343788447,0.0004997501249375312,0.007326007326007326,-2.5121208067136567,0.2173729736726845,-2.938171835112118,-2.086069778315195,6.825872046945807e-31,0.00139216106232598,4.436816830514774e-30,dissociated,Pre-1000,Europe
era_region,Pre-1000 | Europe,Kinship,Exploration & Invention,Kinship + Exploration & Invention,4911,3003,18,19.373335266584487,-0.10330874420976563,-0.7353538450271032,0.40101296355483457,0.2940893422701917,0.7181409295352323,0.005994005994005994,-0.6112751479317508,0.2594670443780843,-1.119830554912796,-0.10271974095070546,0.018478516555608483,0.7468665667166416,0.03431724503184433,not distinguishable,Pre-1000,Europe
era_region,Pre-1000 | Europe,Kinship,Culture (core),Kinship + Culture (core),4911,3003,32,106.79359074252015,-1.723052275020084,-2.2479061886496026,-1.316987275262623,0.24626357722395678,0.0004997501249375312,0.010656010656010656,-2.122532337215514,0.18330806517784057,-2.4818161449640814,-1.7632485294669462,5.26290697598971e-31,0.00139216106232598,3.7318794920654304e-30,dissociated,Pre-1000,Europe
era_region,Pre-1000 | Europe,Kinship,Culture (periphery),Kinship + Culture (periphery),4911,3003,0,10.799289323170276,-4.498160131051683,-4.858513458687402,-4.04927523218425,0.20950729058955705,0.0004997501249375312,0.0,-3.684951252835577,1.4219845433737501,-6.472040957848127,-0.8978615478230267,0.00955823110766998,0.00139216106232598,0.01911646221533996,dissociated,Pre-1000,Europe
era_region,Pre-1000 | Europe,Kinship,Sport & Games,Kinship + Sport & Games,4911,3003,5,5.898427199217366,-0.21828570042105194,-1.7965154856112329,0.6139839266251647,0.6131305604431503,0.6866566716641679,0.001665001665001665,-0.8681722271973039,0.4631983333848498,-1.7760409606316094,0.039696506237001605,0.0608892091884099,0.7336879505452754,0.09498716633391943,not distinguishable,Pre-1000,Europe
era_region,Pre-1000 | Europe,Big business,Small business,Big business + Small business,4911,3003,1,0.12782153126122608,1.2565360883337082,-0.4242949354355117,2.5350772168973275,1.0076373464578716,0.3853073463268366,0.000333000333000333,1.8150832269228134,0.8546142353403046,0.14003932565581656,3.49012712818981,0.03368163308634397,0.44856676139542173,0.05838149734966288,not distinguishable,Pre-1000,Europe
era_region,Pre-1000 | Europe,Big business,Academia,Big business + Academia,4911,3003,1,1.0940966150224298,-0.08777657013150403,-1.9446089539708649,1.3058108432862165,1.0026650592903752,0.8830584707646177,0.000333000333000333,-0.7229984331251282,0.8444153187297684,-2.3780524578354743,0.9320555915852178,0.3918805889017076,0.8945267625927296,0.5094447655722198,not distinguishable,Pre-1000,Europe
era_region,Pre-1000 | Europe,Big business,Exploration & Invention,Big business + Exploration & Invention,4911,3003,5,0.19635641500984397,2.981533806079788,1.2301840455855786,3.7437382728979145,0.6352397415421251,0.0069965017491254375,0.001665001665001665,2.713602232248185,0.49665160704129335,1.74016508244725,3.68703938204912,4.660635035760037e-08,0.014749382065723897,1.91331333046991e-07,associated,Pre-1000,Europe
era_region,Pre-1000 | Europe,Big business,Culture (core),Big business + Culture (core),4911,3003,2,1.0823952786487163,0.6598180682026281,-1.78570319380537,1.7653279691468207,0.9449165986764207,0.42528735632183906,0.000666000666000666,-0.17055705951547057,0.6696507591314301,-1.4830725474130737,1.1419584283821325,0.7989582637673021,0.48782961460446245,0.8582655891358032,not distinguishable,Pre-1000,Europe
era_region,Pre-1000 | Europe,Big business,Culture (periphery),Big business + Culture (periphery),4911,3003,2,0.10945506836963159,2.0363363266482755,-0.29278620824214574,3.2377300781708764,0.9778355072879495,0.13393303348325838,0.000666000666000666,2.515918349650073,0.6846138416319225,1.174075220051505,3.8577614792486408,0.00023790047368964058,0.18011683813265783,0.0006185412315930656,not distinguishable,Pre-1000,Europe
era_region,Pre-1000 | Europe,Big business,Sport & Games,Big business + Sport & Games,4911,3003,0,0.05978289247038184,-0.16293930248206595,-0.263548801238433,-0.07774035590094562,0.048264439981327206,0.0034982508745627187,0.0,1.039789452744661,1.4388038542844819,-1.7802661016529233,3.859845007142245,0.4698787765047977,0.007796101949025488,0.5726647588652222,dissociated,Pre-1000,Europe
era_region,Pre-1000 | Europe,Small business,Academia,Small business + Academia,4911,3003,12,2.8333181100419274,1.906897184393669,0.9968389162312167,2.458349177334686,0.3687949060255704,0.0004997501249375312,0.003996003996003996,0.7994610136134608,0.3256619155495298,0.16116365913638242,1.437758368090539,0.014093151591826739,0.00139216106232598,0.02681136156493867,associated,Pre-1000,Europe
era_region,Pre-1000 | Europe,Small business,Exploration & Invention,Small business + Exploration & Invention,4911,3003,1,0.5084927409805523,0.5727618010925909,-1.1897364589529829,1.9049329044802263,1.0087576532590845,0.6091954022988506,0.000333000333000333,0.32270337405828925,0.8343120710780384,-1.312548285254666,1.9579550333712443,0.6989118512939548,0.6788177339901479,0.7900742666801228,not distinguishable,Pre-1000,Europe
era_region,Pre-1000 | Europe,Small business,Culture (core),Small business + Culture (core),4911,3003,6,2.803015842578414,0.9766558287615233,-0.4430207566744295,1.7734246504560052,0.5641558548213925,0.07746126936531735,0.001998001998001998,-0.007018265453133539,0.4205141916593573,-0.8312260811054738,0.8171895501992067,0.9866841457329952,0.11399960397159911,0.9866841457329952,not distinguishable,Pre-1000,Europe
era_region,Pre-1000 | Europe,Small business,Culture (periphery),Small business + Culture (periphery),4911,3003,0,0.2834493985169645,-0.6479120019341287,-0.865543294650333,-0.4393242220840048,0.10736152582790498,0.0004997501249375312,0.0,-0.05479438070604622,1.4282689017682775,-2.8542014281718697,2.7446126667597777,0.9693973115282672,0.00139216106232598,0.983087279085433,dissociated,Pre-1000,Europe
era_region,Pre-1000 | Europe,Small business,Sport & Games,Small business + Sport & Games,4911,3003,2,0.15481626538397578,1.9327660315280912,-0.417994513677503,3.056045668949698,0.9800753533153674,0.1409295352323838,0.000666000666000666,1.915211981627589,0.6697837399787001,0.6024358512693369,3.227988111985841,0.004243785764263948,0.18631362284959216,0.008710928674015473,not distinguishable,Pre-1000,Europe
era_region,Pre-1000 | Europe,Academia,Exploration & Invention,Academia + Exploration & Invention,4911,3003,9,4.35247630959231,0.9692063439084839,-0.13819690163105774,1.6673130299269343,0.4555282464205458,0.04047976011994003,0.002997002997002997,-0.2713117691746853,0.3438982386225771,-0.9453523168749365,0.4027287785255658,0.4301526965049184,0.06863959324685483,0.5411598439900586,not distinguishable,Pre-1000,Europe
era_region,Pre-1000 | Europe,Academia,Culture (core),Academia + Culture (core),4911,3003,159,23.992594322405626,2.7031389226874403,2.5381805207988344,2.8656049614904395,0.08160645435275757,0.0004997501249375312,0.052947052947052944,1.1909737542097045,0.10552397637724244,0.9841467605103094,1.3978007479090997,1.5338218190239605e-29,0.00139216106232598,9.202930914143763e-29,associated,Pre-1000,Europe
era_region,Pre-1000 | Europe,Academia,Culture (periphery),Academia + Culture (periphery),4911,3003,7,2.4262033507779446,1.357860565378541,-0.027830967955544388,2.101711196615915,0.5189111573740212,0.026486756621689155,0.002331002331002331,0.30466936970018854,0.39996146428422186,-0.47925510029688634,1.0885938396972634,0.44621113133964396,0.04918969086885129,0.552451876896702,associated,Pre-1000,Europe
era_region,Pre-1000 | Europe,Academia,Sport & Games,Academia + Sport & Games,4911,3003,3,1.3251597773528134,0.9393321567473314,-1.6999232824903314,1.9190370717462686,0.8304207678921324,0.191904047976012,0.000999000999000999,-0.27290030556178885,0.5634691681703987,-1.3772998751757703,0.8314992640521925,0.6281576280754821,0.2453855039693268,0.7205337498512884,not distinguishable,Pre-1000,Europe
era_region,Pre-1000 | Europe,Exploration & Invention,Culture (core),Exploration & Invention + Culture (core),4911,3003,8,4.305926682568637,0.8226482018340509,-0.41722921316606393,1.5312598895200074,0.5114096314800316,0.08945527236381809,0.002664002664002664,-0.4013159705097527,0.36127226962482134,-1.1094096189744025,0.30677767795489713,0.26663688884613157,0.1268638408068693,0.36487153210523265,not distinguishable,Pre-1000,Europe
era_region,Pre-1000 | Europe,Exploration & Invention,Culture (periphery),Exploration & Invention + Culture (periphery),4911,3003,2,0.43542826611693847,1.418229166009741,-0.9572627765211513,2.5398197707434567,0.9553269279440382,0.13393303348325838,0.000666000666000666,0.988303365388023,0.6576048857589359,-0.30060221069949133,2.2772089414755374,0.13286915406812383,0.18011683813265783,0.18843261849661197,not distinguishable,Pre-1000,Europe
era_region,Pre-1000 | Europe,Exploration & Invention,Sport & Games,Exploration & Invention + Sport & Games,4911,3003,0,0.2378250874955016,-0.5613507494313749,-0.7812998878122346,-0.3524823697752612,0.10861308565195102,0.0004997501249375312,0.0,-0.41915374560287516,1.4274651904151685,-3.2169855188166054,2.3786780276108552,0.7690368256468427,0.00139216106232598,0.8448573577528694,dissociated,Pre-1000,Europe
era_region,Pre-1000 | Europe,Culture (core),Culture (periphery),Culture (core) + Culture (periphery),4911,3003,13,2.4002551656463225,2.218707667434248,1.3771346311842763,2.7421373953044275,0.34891108904635854,0.0004997501249375312,0.004329004329004329,1.0586451008524491,0.32405667054911397,0.42349402657618573,1.6937961751287125,0.0010875061394987615,0.00139216106232598,0.0026944722243379734,associated,Pre-1000,Europe
era_region,Pre-1000 | Europe,Culture (core),Sport & Games,Culture (core) + Sport & Games,4911,3003,0,1.310987226144068,-1.8567763702286664,-2.2631017152146797,-1.3799619825856086,0.22245278393578247,0.0004997501249375312,0.0,-2.3161214628129807,1.4245395428221599,-5.108218966744414,0.4759760411184528,0.10397651320205013,0.00139216106232598,0.15508768814380794,dissociated,Pre-1000,Europe
era_region,Pre-1000 | Europe,Culture (periphery),Sport & Games,Culture (periphery) + Sport & Games,4911,3003,0,0.13257097411627075,-0.3392992635932373,-0.4927989842037034,-0.20487495600661462,0.07480668949004345,0.0009995002498750624,0.0,0.3311019872179859,1.4313130319773868,-2.474271555457692,3.136475529893664,0.8170604265212986,0.0023624551360683296,0.8612258549819093,dissociated,Pre-1000,Europe
