revolution,slug,group_a,group_b,pair,n_elites_period,n_diversified_period,n_pair,expected_qi,assoc_log2,assoc_ci_low,assoc_ci_high,assoc_boot_se,p_value,share_of_diversified,log_or_uncond,se_uncond,ci_low_uncond,ci_high_uncond,p_value_uncond,q_value,q_value_uncond,direction,sparse_cell
English Revolution,english-revolution,Politics,Administration & Law,Politics + Administration & Law,4037,2177,265,164.8033380610773,0.68359600297187,0.5788642083435377,0.7813677992125218,0.05416660654903207,0.0004997501249375312,0.12172714745062012,0.10902431357962397,0.09352104469272225,-0.07427693401811164,0.2923255611773596,0.24370621584237961,0.0010494752623688157,0.2693595017205248,associated,False
English Revolution,english-revolution,Politics,Military,Politics + Military,4037,2177,167,116.69629083369112,0.515234185200345,0.36207500917731283,0.6467306101757304,0.07434630413330164,0.0004997501249375312,0.07671107028020212,-0.14708689072956518,0.10911107383475674,-0.36094459544568835,0.06677081398655801,0.1776431632159866,0.0010494752623688157,0.20725035708531772,associated,False
English Revolution,english-revolution,Politics,Business,Politics + Business,4037,2177,119,118.60979354931948,0.0047185775971776535,-0.1889787397888717,0.18487300031558215,0.09747750020304095,0.9540229885057471,0.05466237942122187,-0.8030649676237949,0.11489913358610954,-1.0282672694525696,-0.5778626657950202,2.762533580397203e-12,0.954022988505747,7.251650648542658e-12,not distinguishable,False
English Revolution,english-revolution,Politics,Nobility & Kinship,Politics + Nobility & Kinship,4037,2177,431,324.6680315741695,0.40817513150076346,0.3253411457005581,0.4874637413298405,0.041256013191150145,0.0004997501249375312,0.19797887000459347,-0.3364644987044536,0.07292266420368526,-0.4793929205436767,-0.1935360768652305,3.9500999620376855e-06,0.0010494752623688157,5.184506200174462e-06,associated,False
English Revolution,english-revolution,Politics,Religion,Politics + Religion,4037,2177,101,194.72925839630935,-0.9436895538719615,-1.18914033445749,-0.7206133087566259,0.1206260296852992,0.0004997501249375312,0.04639412034910427,-2.119794031141303,0.11228396585348259,-2.339870604214129,-1.8997174580684772,1.7019869628568214e-79,0.0010494752623688157,1.7870863109996624e-78,dissociated,False
English Revolution,english-revolution,Politics,Learning & Culture,Politics + Learning & Culture,4037,2177,120,283.4932875083195,-1.2368236840039266,-1.461378879352354,-1.0408357583821641,0.10950144775042506,0.0004997501249375312,0.05512172714745062,-2.7764473278385644,0.10371872857104027,-2.9797360358378033,-2.5731586198393255,7.419867540996445e-158,0.0010494752623688157,1.5581721836092534e-156,dissociated,False
English Revolution,english-revolution,Administration & Law,Military,Administration & Law + Military,4037,2177,14,32.05692507977959,-1.1669115468566036,-2.1092178098845666,-0.5541401550197634,0.39880411530919235,0.009995002498750625,0.006430868167202572,-1.391644887022548,0.27206488306658194,-1.9248920578330484,-0.8583977162120474,3.1353934801035054e-07,0.013993003498250877,4.3895508721449074e-07,dissociated,False
English Revolution,english-revolution,Administration & Law,Business,Administration & Law + Business,4037,2177,15,32.582571719930925,-1.0938031732834983,-1.9924728527782691,-0.5480203150570229,0.3664544023249655,0.009995002498750625,0.006890215893431328,-1.3596438059943314,0.26360026973777695,-1.8763003346803742,-0.8429872773082886,2.496339055451445e-07,0.013993003498250877,3.744508583177168e-07,dissociated,False
English Revolution,english-revolution,Administration & Law,Nobility & Kinship,Administration & Law + Nobility & Kinship,4037,2177,63,89.18757134110929,-0.49815148236912715,-0.8538232970412948,-0.2028086137996601,0.16303616785942046,0.0034982508745627187,0.028938906752411574,-1.01681280337756,0.1390595220175797,-1.2893694665320163,-0.7442561402231038,2.63060193383851e-13,0.005651020643524392,7.89180580151553e-13,dissociated,False
English Revolution,english-revolution,Administration & Law,Religion,Administration & Law + Religion,4037,2177,47,53.49288484368257,-0.18484178870172394,-0.5849463059099482,0.16226370685894048,0.1861185677742862,0.312343828085957,0.021589343132751494,-0.9429128279803566,0.1578012803423536,-1.2522033374513697,-0.6336223185093435,2.2964181211536375e-09,0.32796101949025486,4.018731712018866e-09,not distinguishable,False
English Revolution,english-revolution,Administration & Law,Learning & Culture,Administration & Law + Learning & Culture,4037,2177,46,77.87670896263704,-0.7531942792383997,-1.1753155557136075,-0.4058369551694064,0.19680075148664272,0.0014992503748125937,0.021129995406522738,-1.6176426481775483,0.15773911192077145,-1.9268113075422604,-1.3084739888128363,1.1216930929710142e-24,0.0028622052610058606,4.71111099047826e-24,dissociated,False
English Revolution,english-revolution,Military,Business,Military + Business,4037,2177,11,23.071530651457508,-1.035411583950765,-2.0505595500289346,-0.38982141033685486,0.43091168624898946,0.0239880059970015,0.005052824988516307,-1.280445053603662,0.3044376058280979,-1.877142761026734,-0.6837473461805901,2.6000393276963047e-05,0.027986006996501746,3.2118132871542585e-05,dissociated,False
English Revolution,english-revolution,Military,Nobility & Kinship,Military + Nobility & Kinship,4037,2177,95,63.15320360874873,0.5852676076447461,0.3564043646595534,0.7987805892795768,0.11330222256447267,0.0004997501249375312,0.04363803399173174,0.0019365828159368114,0.12449173751582747,-0.24206722271508502,0.24594038834695864,0.9875886766118647,0.0010494752623688157,0.9875886766118647,associated,False
English Revolution,english-revolution,Military,Religion,Military + Religion,4037,2177,4,37.878002476734075,-3.092282716601432,-4.824312041870081,-2.119122142041027,0.7859808984125141,0.01699150424787606,0.0018373909049150207,-3.0613831134895766,0.4760192003185718,-3.9943807461139773,-2.128385480865176,1.265856932510532e-10,0.020989505247376312,2.6582995582721174e-10,dissociated,True
English Revolution,english-revolution,Military,Learning & Culture,Military + Learning & Culture,4037,2177,37,55.144047354833084,-0.5693367647170571,-1.0503807688354865,-0.18673381605176026,0.21946576330071865,0.014492753623188406,0.016995865870463943,-1.4275398423805532,0.17577898145714335,-1.7720666460365542,-1.0830130387245522,4.615191983294295e-16,0.019021739130434784,1.6153171941530031e-15,dissociated,False
English Revolution,english-revolution,Business,Nobility & Kinship,Business + Nobility & Kinship,4037,2177,54,64.18874489067508,-0.2472584915567665,-0.5982513816167999,0.07000690929733519,0.17310409639123753,0.15292353823088456,0.02480477721635278,-0.7991240686564404,0.15084720827236006,-1.094784596870266,-0.5034635404426147,1.1735211889324248e-07,0.169020752781504,1.8956880744293016e-07,not distinguishable,False
English Revolution,english-revolution,Business,Religion,Business + Religion,4037,2177,17,38.4990990007453,-1.1560858716051803,-1.9204241440495098,-0.639882070201928,0.32882721264544584,0.001999000499750125,0.0078089113458888375,-1.6859258620081816,0.24806859301352574,-2.1721403043146923,-1.1997114197016712,1.0740835840172228e-11,0.0034982508745627187,2.50619502937352e-11,dissociated,False
English Revolution,english-revolution,Business,Learning & Culture,Business + Learning & Culture,4037,2177,117,56.048260193222184,1.055106213832524,0.8355785649269908,1.251005182061622,0.10493630948890208,0.0004997501249375312,0.053743683968764354,0.034308089790801174,0.11633650218378155,-0.19371145448941068,0.262327634071013,0.7680672822002669,0.0010494752623688157,0.8064706463102802,associated,False
English Revolution,english-revolution,Nobility & Kinship,Religion,Nobility & Kinship + Religion,4037,2177,56,105.38275395238443,-0.9061448515005955,-1.2798862169653769,-0.6291505532515967,0.16946321928597122,0.0004997501249375312,0.02572347266881029,-1.661526505838031,0.14345632239294284,-1.942700897728199,-1.3803521139478632,5.078220291694136e-31,0.0010494752623688157,2.6660656531394217e-30,dissociated,False
English Revolution,english-revolution,Nobility & Kinship,Learning & Culture,Nobility & Kinship + Learning & Culture,4037,2177,101,153.4196946605741,-0.6006981148551482,-0.8682275055278977,-0.38645248408682226,0.1215506069163837,0.0004997501249375312,0.04639412034910427,-1.6600922072486288,0.11118892989514415,-1.8780225098431114,-1.4421619046541463,2.0909292235828178e-50,0.0010494752623688157,1.4636504565079725e-49,dissociated,False
English Revolution,english-revolution,Religion,Learning & Culture,Religion + Learning & Culture,4037,2177,297,92.01800134059977,1.6850836634292838,1.5697890854964873,1.8017388290213803,0.058191988999722784,0.0004997501249375312,0.13642627468994029,0.5244023703997146,0.0839514090978709,0.3598576085678876,0.6889471322315416,4.197554280900889e-10,0.0010494752623688157,8.013512718083515e-10,associated,False
Glorious Revolution,glorious-revolution,Politics,Administration & Law,Politics + Administration & Law,3126,1605,174,121.34386647997376,0.5181934076276087,0.3791924594559419,0.6432802409240707,0.06735578959705793,0.0004997501249375312,0.10841121495327102,-0.08086327522980521,0.11043841903394867,-0.29732257653634464,0.13559602607673418,0.46404504101445154,0.0010494752623688157,0.48724729306517417,associated,False
Glorious Revolution,glorious-revolution,Politics,Military,Politics + Military,3126,1605,138,88.81667183729259,0.6328845774274419,0.4807465314068746,0.7689586151951706,0.0747964121311573,0.0004997501249375312,0.08598130841121496,0.01471046613543545,0.12450293188796946,-0.2293152803649847,0.2587362126358556,0.9059459763152825,0.0010494752623688157,0.9059459763152825,associated,False
Glorious Revolution,glorious-revolution,Politics,Business,Politics + Business,3126,1605,113,109.04811238012891,0.05112767200402163,-0.15084564615097834,0.2252507282680711,0.0958304501964008,0.5812093953023488,0.07040498442367601,-0.7372012171349969,0.12054729149565743,-0.9734739084664854,-0.5009285258035083,9.62834499159571e-10,0.5812093953023488,2.888503497478713e-09,not distinguishable,False
Glorious Revolution,glorious-revolution,Politics,Nobility & Kinship,Politics + Nobility & Kinship,3126,1605,322,237.04289990247574,0.4411110749345609,0.3517622160208024,0.5297510119469983,0.04590995415736759,0.0004997501249375312,0.20062305295950156,-0.19997823022344474,0.08521133015446393,-0.366992437326194,-0.032964023120695435,0.01893286312397058,0.0010494752623688157,0.022088340311299012,associated,False
Glorious Revolution,glorious-revolution,Politics,Religion,Politics + Religion,3126,1605,78,137.4082683234025,-0.8129443974563034,-1.1002840671720948,-0.5898971336768278,0.13019930729632384,0.0004997501249375312,0.048598130841121495,-1.9184940914485265,0.12872997343529094,-2.1708048393816965,-1.6661833435153564,3.1396266381811587e-50,0.0010494752623688157,3.296607970090217e-49,dissociated,False
Glorious Revolution,glorious-revolution,Politics,Learning & Culture,Politics + Learning & Culture,3126,1605,102,233.34018101639165,-1.1898989413209105,-1.4259027517448044,-0.9897780628953714,0.11300529112500968,0.0004997501249375312,0.06355140186915888,-2.7947827279540647,0.11385165269214463,-3.017931967230668,-2.5716334886774614,4.590001031665098e-133,0.0010494752623688157,9.639002166496706e-132,dissociated,False
Glorious Revolution,glorious-revolution,Administration & Law,Military,Administration & Law + Military,3126,1605,9,21.01820186295237,-1.1795581076753414,-2.263293422535159,-0.4842446785563519,0.4681921804516194,0.019490254872563718,0.005607476635514018,-1.4463738078626145,0.3347430902761367,-2.1024702648038422,-0.7902773509213866,1.5543114747416996e-05,0.029235382308845575,2.3314672121125494e-05,dissociated,True
Glorious Revolution,glorious-revolution,Administration & Law,Business,Administration & Law + Business,3126,1605,13,25.805912238844957,-0.9624276735754538,-1.925486639693407,-0.3441947262788293,0.4020585858152769,0.025987006496751622,0.00809968847352025,-1.3027157272565495,0.28330131963895183,-1.8579863137488952,-0.7474451407642039,4.2587104261141825e-06,0.0341079460269865,6.8794553037229106e-06,dissociated,False
Glorious Revolution,glorious-revolution,Administration & Law,Nobility & Kinship,Administration & Law + Nobility & Kinship,3126,1605,60,56.09549893354483,0.09624782297793467,-0.2307028507011996,0.37940349813208296,0.15106657505205118,0.5157421289355323,0.037383177570093455,-0.49553976201430383,0.14733050598110092,-0.7843075537372617,-0.20677197029134603,0.0007697293931340333,0.5415292353823089,0.0010102698284884188,not distinguishable,False
Glorious Revolution,glorious-revolution,Administration & Law,Religion,Administration & Law + Religion,3126,1605,17,32.51725899559484,-0.9158654344866898,-1.683497265477633,-0.39223836446649835,0.3273869606009216,0.010994502748625687,0.01059190031152648,-1.5046099914783246,0.24979448544611008,-1.9942071829527004,-1.015012800003949,1.7079957614184514e-09,0.020989505247376312,4.263464112371217e-09,dissociated,False
Glorious Revolution,glorious-revolution,Administration & Law,Learning & Culture,Administration & Law + Learning & Culture,3126,1605,39,55.219261495465055,-0.4963234832587062,-0.960388042264015,-0.1391980327538771,0.21064778169889212,0.021989005497251374,0.024299065420560748,-1.47650287283338,0.17298073553899823,-1.8155451144898165,-1.1374606311769435,1.393706563724321e-17,0.030784607696151926,5.853567567642148e-17,dissociated,False
Glorious Revolution,glorious-revolution,Military,Business,Military + Business,3126,1605,12,18.88843091346302,-0.6332679573988489,-1.5313230868789136,-3.2427344452461135e-05,0.39311671075388244,0.10344827586206896,0.007476635514018692,-1.0630315655390294,0.29507840251068856,-1.641385234459979,-0.4846778966180799,0.000315123641087637,0.1206896551724138,0.0004411730975226918,not distinguishable,False
Glorious Revolution,glorious-revolution,Military,Nobility & Kinship,Military + Nobility & Kinship,3126,1605,47,41.0586514576911,0.19277867264868423,-0.20739279937425403,0.513155334145435,0.1791988787841466,0.2623688155922039,0.029283489096573207,-0.4388806910162248,0.16499240754626215,-0.7622658098068986,-0.11549557222555096,0.007813940433821059,0.28998658565454116,0.009652514653543661,not distinguishable,False
Glorious Revolution,glorious-revolution,Military,Religion,Military + Religion,3126,1605,2,23.80074745464483,-3.281000689655131,-5.670397148940185,-2.051149465671785,0.9854919983624304,0.0004997501249375312,0.0012461059190031153,-3.211253629261407,0.6371255056948569,-4.460019620423327,-1.9624876380994876,4.6499351116087285e-07,0.0010494752623688157,8.137386445315275e-07,dissociated,True
Glorious Revolution,glorious-revolution,Military,Learning & Culture,Military + Learning & Culture,3126,1605,26,40.41729647826718,-0.6267184656066261,-1.186084819087793,-0.18399259481462354,0.25450526769454146,0.01899050474762619,0.0161993769470405,-1.5862606885362145,0.2078430127203646,-1.9936329934681292,-1.1788883836042998,2.311151458210124e-14,0.029235382308845575,8.089030103735434e-14,dissociated,False
Glorious Revolution,glorious-revolution,Business,Nobility & Kinship,Business + Nobility & Kinship,3126,1605,37,50.41135122172944,-0.44109676060446457,-0.9009795062015279,-0.08423422047560386,0.21071108548348513,0.038980509745127435,0.023052959501557634,-0.9932181907855286,0.17841997286700434,-1.3429213376048572,-0.6435150439662001,2.5954428554781106e-08,0.04815239439103977,4.954936360458211e-08,dissociated,False
Glorious Revolution,glorious-revolution,Business,Religion,Business + Religion,3126,1605,13,29.22229047176931,-1.1385858904622825,-2.0853318796773817,-0.5163729139167975,0.40108079436956195,0.012993503248375811,0.00809968847352025,-1.6952762091405882,0.281960120950561,-2.247918046203688,-1.1426343720774885,1.82719890530195e-09,0.02273863068465767,4.263464112371217e-09,dissociated,False
Glorious Revolution,glorious-revolution,Business,Learning & Culture,Business + Learning & Culture,3126,1605,95,49.623902779618284,0.930001982064198,0.7068619436854299,1.1446303089466257,0.11139680555562245,0.0004997501249375312,0.059190031152647975,-0.20225615118870413,0.12691423653707976,-0.45100805480138045,0.04649575242397219,0.11101572359250884,0.0010494752623688157,0.12270158923382557,associated,False
Glorious Revolution,glorious-revolution,Nobility & Kinship,Religion,Nobility & Kinship + Religion,3126,1605,21,63.521837508513634,-1.5742274248534636,-2.2515534009836666,-1.061189508231052,0.30445647810416654,0.0004997501249375312,0.013084112149532711,-2.1335948485847105,0.22468380568268256,-2.5739751077227684,-1.6932145894466526,2.1813172182670366e-21,0.0010494752623688157,1.1451915395901942e-20,dissociated,False
Glorious Revolution,glorious-revolution,Nobility & Kinship,Learning & Culture,Nobility & Kinship + Learning & Culture,3126,1605,69,107.86976099462252,-0.640877366832607,-0.9714863544633274,-0.3770802650737299,0.14567122240380143,0.0004997501249375312,0.04299065420560748,-1.7419263410370025,0.1329949337989951,-2.002596411283033,-1.481256270790972,3.394343542826331e-39,0.0010494752623688157,2.3760404799784317e-38,dissociated,False
Glorious Revolution,glorious-revolution,Religion,Learning & Culture,Religion + Learning & Culture,3126,1605,218,62.52959725361334,1.7935319303813768,1.6577353032564046,1.9307499417079996,0.06893641984747893,0.0004997501249375312,0.13582554517133957,0.5830028246843748,0.098967016411426,0.38902747251797987,0.7769781768507698,3.841442729486167e-09,0.0010494752623688157,8.067029731920951e-09,associated,False
American Revolution,american-revolution,Politics,Administration & Law,Politics + Administration & Law,2925,1986,588,435.6212464457195,0.4323131395994715,0.3780051406125883,0.48801095095431385,0.028278728878193653,0.0004997501249375312,0.29607250755287007,0.9465335414231548,0.10418128128985983,0.7423382300950295,1.15072885275128,1.0327315083858878e-19,0.000954068420335287,2.4097068529004047e-19,associated,False
American Revolution,american-revolution,Politics,Military,Politics + Military,2925,1986,475,428.80952079777165,0.14742717329562474,0.09255849942419465,0.20345114235002648,0.02805953267539835,0.0004997501249375312,0.2391742195367573,-0.18332084512995148,0.0889817587107066,-0.3577250922029364,-0.00891659805696654,0.03937875283275988,0.000954068420335287,0.045941878304886524,associated,False
American Revolution,american-revolution,Politics,Business,Politics + Business,2925,1986,208,243.29680929593724,-0.22563186106156352,-0.34622316217367066,-0.11730018356928716,0.05873359400059552,0.0004997501249375312,0.10473313192346426,-1.0788163124749044,0.10362251838808599,-1.281916448515553,-0.8757161764342558,2.2083810874285864e-25,0.000954068420335287,1.159400070900008e-24,dissociated,False
American Revolution,american-revolution,Politics,Nobility & Kinship,Politics + Nobility & Kinship,2925,1986,83,119.47937189624135,-0.522938281291308,-0.7683643742117922,-0.31854200211807826,0.11483447644827274,0.0009995002498750624,0.04179254783484391,-1.4098525989660138,0.14289416699851276,-1.6899251662830987,-1.1297800316489288,5.821011755819196e-23,0.0017491254372813594,2.0373541145367188e-22,dissociated,False
American Revolution,american-revolution,Politics,Religion,Politics + Religion,2925,1986,59,79.14837332550493,-0.4207552291844729,-0.6981239534821186,-0.19492129430502553,0.13419071085859127,0.00399800099950025,0.029707955689828803,-1.6026017126197574,0.1618298347404483,-1.919788188711036,-1.2854152365284788,4.0395016053684674e-23,0.005997001499250375,1.6965906742547565e-22,dissociated,False
American Revolution,american-revolution,Politics,Learning & Culture,Politics + Learning & Culture,2925,1986,130,236.64467811596623,-0.8617176857342161,-1.0500334561745477,-0.6922447440309607,0.09270788151394671,0.0004997501249375312,0.06545820745216516,-2.5897852283097555,0.11108794569490937,-2.807517601871778,-2.372052854747733,3.278168933697876e-120,0.000954068420335287,6.88415476076554e-119,dissociated,False
American Revolution,american-revolution,Administration & Law,Military,Administration & Law + Military,2925,1986,33,88.4349492749059,-1.4085893790206152,-1.9342316736075842,-1.023719438545528,0.22830037345450263,0.0004997501249375312,0.01661631419939577,-2.2920570379979415,0.18267459040267037,-2.6500992351871755,-1.9340148408087074,4.117471942469369e-36,0.000954068420335287,4.3233455395928377e-35,dissociated,False
American Revolution,american-revolution,Administration & Law,Business,Administration & Law + Business,2925,1986,13,50.17598711148876,-1.9083428787738301,-2.8397392745237164,-1.297307566938183,0.3975567273647841,0.0004997501249375312,0.006545820745216516,-2.599563082208828,0.2797955421780555,-3.1479623448778167,-2.0511638195398394,1.5293428338280508e-20,0.000954068420335287,4.0145249387986335e-20,dissociated,False
American Revolution,american-revolution,Administration & Law,Nobility & Kinship,Administration & Law + Nobility & Kinship,2925,1986,6,24.640666031351394,-1.9515112471649818,-3.3687832682042256,-1.1129307128776986,0.6275710663136551,0.013993003498250875,0.0030211480362537764,-2.543324288358172,0.4001947074808689,-3.327705915020675,-1.7589426616956692,2.0813232379817016e-10,0.018365817091454274,3.9734352725105213e-10,dissociated,True
American Revolution,american-revolution,Administration & Law,Religion,Administration & Law + Religion,2925,1986,0,16.32305730341591,-5.0723680094972154,-5.306749971011531,-4.799385623469295,0.12991541942514181,0.0004997501249375312,0.0,-4.919635961755435,1.416739530067385,-7.696445440687509,-2.1428264828233603,0.0005156242414669394,0.000954068420335287,0.0007218739380537153,dissociated,True
American Revolution,american-revolution,Administration & Law,Learning & Culture,Administration & Law + Learning & Culture,2925,1986,24,48.80409386999474,-1.0089256937389814,-1.6183927834655873,-0.5327976695743414,0.2806971539938654,0.0029985007496251873,0.012084592145015106,-2.325303904543578,0.21115192508100278,-2.7391616777023438,-1.9114461313848128,3.327597530162381e-28,0.004843731980163764,2.3293182711136666e-27,dissociated,False
American Revolution,american-revolution,Military,Business,Military + Business,2925,1986,47,49.391394851338255,-0.07086349097947925,-0.4733569458955604,0.258652417577133,0.18755232095260727,0.6996501749125438,0.02366565961732125,-1.230556708644143,0.15961108092018889,-1.5433944272477131,-0.9177189900405727,1.2609429014965874e-14,0.6996501749125438,2.6479800931428337e-14,not distinguishable,False
American Revolution,american-revolution,Military,Nobility & Kinship,Military + Nobility & Kinship,2925,1986,36,24.25536467574089,0.5601552619352498,0.10833944516005134,0.925064979788647,0.20530555263664213,0.00849575212393803,0.01812688821752266,-0.652874179280299,0.18547615177003038,-1.0164074367495586,-0.2893409218110395,0.0004315632464068475,0.011894052973513243,0.0006473448696102713,associated,False
American Revolution,american-revolution,Military,Religion,Military + Religion,2925,1986,6,16.067816795764376,-1.3498718824173606,-2.755847381369016,-0.5373522311278851,0.5956731563732223,0.034482758620689655,0.0030211480362537764,-2.3448814144130896,0.4014351959520925,-3.131694398479191,-1.5580684303469883,5.181207569673219e-09,0.040229885057471264,9.067113246928132e-09,dissociated,True
American Revolution,american-revolution,Military,Learning & Culture,Military + Learning & Culture,2925,1986,58,48.04095364060622,0.26923417259227317,-0.09189259621751238,0.5612108380099532,0.16461625116653503,0.09945027486256872,0.02920443101711984,-1.3615214458338232,0.14490657558200573,-1.6455383339745544,-1.077504557693092,5.675395809684681e-21,0.10991872484810228,1.7026187429054044e-20,not distinguishable,False
American Revolution,american-revolution,Business,Nobility & Kinship,Business + Nobility & Kinship,2925,1986,32,13.761944517785553,1.1882690214285307,0.6707665473441036,1.5707115366288456,0.2283891226165982,0.0004997501249375312,0.016112789526686808,-0.151536375406843,0.1963088182947224,-0.5363016592644989,0.2332289084508129,0.4401567650102842,0.000954068420335287,0.44015676501028417,associated,False
American Revolution,american-revolution,Business,Religion,Business + Religion,2925,1986,7,9.116515303783938,-0.3586236097474567,-1.771740277943816,0.3830498521936002,0.5225042881065276,0.4547726136931534,0.003524672708962739,-1.5727324546169361,0.3761123006296442,-2.3099125638510385,-0.8355523453828335,2.895283467664647e-05,0.4775112443778111,4.6769963708428914e-05,not distinguishable,True
American Revolution,american-revolution,Business,Learning & Culture,Business + Learning & Culture,2925,1986,86,27.257348937934943,1.639830347856709,1.3880845591467348,1.8693201046270371,0.12395128962206106,0.0004997501249375312,0.0433031218529708,-0.13400785024802037,0.12917765785588042,-0.387196059645546,0.11918035914950526,0.299553272198136,0.000954068420335287,0.31453093580804276,associated,False
American Revolution,american-revolution,Nobility & Kinship,Religion,Nobility & Kinship + Religion,2925,1986,10,4.476982355546106,1.0770461504134672,0.06072077929074349,1.7478219537205397,0.43361882426652215,0.018490754622688656,0.005035246727089627,-0.4138977967591313,0.3251172116016636,-1.051127531498392,0.2233319379801294,0.20299229951151254,0.022841520416262456,0.2243599099864086,associated,False
American Revolution,american-revolution,Nobility & Kinship,Learning & Culture,Nobility & Kinship + Learning & Culture,2925,1986,33,13.385670531748856,1.2705642497444762,0.7687262023778485,1.6498941367661875,0.22314682460372678,0.0004997501249375312,0.01661631419939577,-0.46773582083126786,0.1925873901273709,-0.8452071054809147,-0.09026453618162095,0.015153319619552574,0.000954068420335287,0.018718806588859063,associated,False
American Revolution,american-revolution,Religion,Learning & Culture,Religion + Learning & Culture,2925,1986,52,8.867254921453076,2.4866191903190535,2.1623970346105796,2.7554335848870317,0.15329054984989163,0.0004997501249375312,0.026183282980866064,0.4164196671811928,0.16909828112533518,0.08498703617553582,0.7478522981868497,0.013793770595322061,0.000954068420335287,0.018104323906360204,associated,False
French Revolution,french-revolution,Politics,Administration & Law,Politics + Administration & Law,12685,4893,788,548.2352390268404,0.5230005283298835,0.46858814833316703,0.5765778532156028,0.02707070792812618,0.0004997501249375312,0.16104639280604946,0.6132128304436832,0.06307214824326735,0.48959141988687926,0.7368342410004872,2.420022514372827e-22,0.0006996501749125438,4.620042981984488e-22,associated,False
French Revolution,french-revolution,Politics,Military,Politics + Military,12685,4893,1360,1088.8864253307088,0.3206211613758012,0.2850248823211238,0.35734867322512526,0.018885238603749688,0.0004997501249375312,0.2779480891068874,-0.5644637283319478,0.04101442594589106,-0.6448520031858943,-0.4840754534780013,4.280618575659956e-43,0.0006996501749125438,1.4982165014809846e-42,associated,False
French Revolution,french-revolution,Politics,Business,Politics + Business,12685,4893,235,331.52544621188053,-0.49556675317057325,-0.6364722135568999,-0.36431853372354256,0.07012509127959252,0.0004997501249375312,0.04802779480891069,-1.128772415383578,0.07850114566908872,-1.282634660894992,-0.9749101698721642,7.004282254907423e-47,0.0006996501749125438,2.9417985470611175e-46,dissociated,False
French Revolution,french-revolution,Politics,Nobility & Kinship,Politics + Nobility & Kinship,12685,4893,224,390.1374813017665,-0.7991149361423646,-0.9505486081885131,-0.6467954496560369,0.076901883059141,0.0004997501249375312,0.045779685264663805,-1.3164827630503868,0.0786808766092777,-1.470697281204571,-1.1622682448962025,7.671427373476681e-63,0.0006996501749125438,5.369999161433676e-62,dissociated,False
French Revolution,french-revolution,Politics,Religion,Politics + Religion,12685,4893,327,253.82044077078305,0.36484748467908323,0.26315647870065856,0.4581440248170458,0.04888429038349621,0.0004997501249375312,0.0668301655426119,-0.6606191662367537,0.07180394205346366,-0.8013548926615424,-0.5198834398119649,3.568889578074341e-20,0.0006996501749125438,6.245556761630097e-20,associated,False
French Revolution,french-revolution,Politics,Learning & Culture,Politics + Learning & Culture,12685,4893,378,699.3949671635764,-0.8868451336727308,-0.997490505008862,-0.7851200173162282,0.05369422611380151,0.0004997501249375312,0.07725321888412018,-3.031175210447053,0.0588662385133207,-3.1465530379331614,-2.9157973829609443,0.0,0.0006996501749125438,0.0,dissociated,False
French Revolution,french-revolution,Administration & Law,Military,Administration & Law + Military,12685,4893,74,217.78193759387966,-1.5508804243693775,-1.8874126999469725,-1.2634346350940209,0.15685925301209755,0.0004997501249375312,0.015123646024933579,-1.785430296525586,0.12138135420437784,-2.0233377507661663,-1.5475228422850054,5.6216091786634415e-49,0.0006996501749125438,2.951344818798307e-48,dissociated,False
French Revolution,french-revolution,Administration & Law,Business,Administration & Law + Business,12685,4893,33,66.30650576415326,-0.9958275067795122,-1.4894801944599565,-0.5732060785085071,0.23355446486423603,0.0009995002498750624,0.00674432863274065,-1.0174440284582713,0.17885395723891398,-1.3679977846465428,-0.6668902722699999,1.2802051207788403e-08,0.0012346767792574302,1.581429855079744e-08,dissociated,False
French Revolution,french-revolution,Administration & Law,Nobility & Kinship,Administration & Law + Nobility & Kinship,12685,4893,37,78.02916321607167,-1.0663379286357066,-1.594997777848524,-0.6877236945026861,0.2295138766553731,0.0004997501249375312,0.007561823012466789,-0.9858167945227653,0.1694646833558359,-1.3179675739002037,-0.6536660151453269,5.982708819359583e-09,0.0006996501749125438,7.852305325409453e-09,dissociated,False
French Revolution,french-revolution,Administration & Law,Religion,Administration & Law + Religion,12685,4893,13,50.765172662709254,-1.9250196468184402,-2.8869606591133223,-1.3073042203378407,0.4040143219400585,0.0009995002498750624,0.002656856734109953,-1.999765485803635,0.27592984223284633,-2.5405879765800137,-1.458942995027256,4.2494396644767814e-13,0.0012346767792574302,6.374159496715172e-13,dissociated,False
French Revolution,french-revolution,Administration & Law,Learning & Culture,Administration & Law + Learning & Culture,12685,4893,156,139.88198176502323,0.1568048816750486,-0.042227925567236986,0.3447796938667478,0.09870425778619736,0.11394302848575712,0.03188228080931944,-1.1487275427356083,0.08796921045499899,-1.3211471952274063,-0.9763078902438103,5.699293365240815e-39,0.11964017991004497,1.7097880095722445e-38,not distinguishable,False
French Revolution,french-revolution,Military,Business,Military + Business,12685,4893,33,131.6957555772224,-1.9804428561474732,-2.537530775304071,-1.5774554179328073,0.24301382851286826,0.0004997501249375312,0.00674432863274065,-2.2541407647787834,0.177396545133433,-2.601837993240312,-1.9064435363172547,5.4214085439715605e-37,0.0006996501749125438,1.4231197427925347e-36,dissociated,False
French Revolution,french-revolution,Military,Nobility & Kinship,Military + Nobility & Kinship,12685,4893,279,154.97890423226698,0.8461294379160026,0.7162452488761187,0.9695193255548104,0.06477573703777033,0.0004997501249375312,0.05702023298589822,0.19903202074228118,0.0743856976087487,0.053236053429133734,0.34482798805542864,0.007457871918747997,0.0006996501749125438,0.007830765514685398,associated,False
French Revolution,french-revolution,Military,Religion,Military + Religion,12685,4893,9,100.82808155512862,-3.4149627271336116,-4.729825746472151,-2.684148507640016,0.49985553878885325,0.0004997501249375312,0.0018393623543838135,-3.584392620948267,0.326824464643357,-4.224968571649247,-2.943816670247287,5.48671542211675e-28,0.0006996501749125438,1.2802335984939083e-27,dissociated,True
French Revolution,french-revolution,Military,Learning & Culture,Military + Learning & Culture,12685,4893,217,277.8288957905431,-0.35577529444783584,-0.5229182849682125,-0.2032656368010693,0.08084513142027913,0.0004997501249375312,0.044349070100143065,-2.173097546366462,0.0733016511982548,-2.3167687827150414,-2.029426310017883,3.824047888731984e-193,0.0006996501749125438,4.015250283168583e-192,dissociated,False
French Revolution,french-revolution,Business,Nobility & Kinship,Business + Nobility & Kinship,12685,4893,58,47.18531628624722,0.2948915383873879,-0.07738156659550237,0.6011143944835456,0.171560296196374,0.09195402298850575,0.01185366850602902,-0.11416217498620886,0.139819980394743,-0.38820933655990514,0.15988498658748745,0.4142176541369169,0.10163339382940108,0.41421765413691686,not distinguishable,False
French Revolution,french-revolution,Business,Religion,Business + Religion,12685,4893,12,30.698403387754297,-1.3195441046005387,-2.2975575281933946,-0.6560268396331231,0.4115460638399056,0.006496751624187906,0.002452483139178418,-1.7113731162109136,0.28703793980900516,-2.2739674782365635,-1.1487787541852637,2.4888810092304536e-09,0.007579543561552556,3.484433412922635e-09,dissociated,False
French Revolution,french-revolution,Business,Learning & Culture,Business + Learning & Culture,12685,4893,321,84.58857278851619,1.917781438347269,1.7933828944658217,2.030430238528658,0.060147412332299505,0.0004997501249375312,0.06560392397302268,0.33480191478147064,0.07307596541843199,0.19157302256134395,0.47803080700159734,4.615203076400259e-06,0.0006996501749125438,5.3844035891336345e-06,associated,False
French Revolution,french-revolution,Nobility & Kinship,Religion,Nobility & Kinship + Religion,12685,4893,45,36.125727043075116,0.31300914711356104,-0.11639457295665608,0.6728947381135695,0.20174091582168216,0.12143928035982009,0.009196811771919068,-0.42932876926329344,0.15608464048016144,-0.7352546646044098,-0.12340287392217703,0.00594834899372496,0.12143928035982009,0.00657449099306443,not distinguishable,False
French Revolution,french-revolution,Nobility & Kinship,Learning & Culture,Nobility & Kinship + Learning & Culture,12685,4893,163,99.54340793958704,0.7086645274121132,0.5221648421647004,0.8959278489335338,0.09543769229002468,0.0004997501249375312,0.03331289597384018,-0.7638378211016247,0.08830778572999697,-0.9369210811324187,-0.5907545610708307,5.1624912520558725e-18,0.0006996501749125438,8.339408945628717e-18,associated,False
French Revolution,french-revolution,Religion,Learning & Culture,Religion + Learning & Culture,12685,4893,131,64.76217459226584,1.0107438343240909,0.791683675417192,1.2164014226055768,0.10678493759296716,0.0004997501249375312,0.026772940936031064,-0.9690670323594701,0.09648443296994023,-1.158176520980553,-0.7799575437383872,9.786521536955908e-24,0.0006996501749125438,2.0551695227607408e-23,associated,False
Latin American independence,latin-american-independence,Politics,Administration & Law,Politics + Administration & Law,2976,1964,313,235.09567037176004,0.4121524165524293,0.3396065103512155,0.48978245695913264,0.03797990874315505,0.0004997501249375312,0.15936863543788188,0.3114498819600545,0.11023499961209265,0.09538928272035291,0.5275104811997562,0.004723243799058791,0.0017491254372813594,0.005510451098901923,associated,False
Latin American independence,latin-american-independence,Politics,Military,Politics + Military,2976,1964,657,605.3416190753799,0.11805020506131772,0.0765854631463962,0.16167213441349967,0.02156622237022451,0.0004997501249375312,0.3345213849287169,-0.2142001137130601,0.07863045931529736,-0.36831581397104296,-0.060084413455077285,0.006446983148105061,0.0017491254372813594,0.007125612953168752,associated,False
Latin American independence,latin-american-independence,Politics,Business,Politics + Business,2976,1964,128,150.1614674001956,-0.22954212653524136,-0.39500638845032854,-0.07938665155936961,0.08121358122902568,0.0069965017491254375,0.06517311608961303,-1.0097149787738189,0.12245605748948854,-1.2497288514532163,-0.7697011060944213,1.6443107881689942e-16,0.019677661169415293,4.932932364506982e-16,dissociated,False
Latin American independence,latin-american-independence,Politics,Nobility & Kinship,Politics + Nobility & Kinship,2976,1964,165,176.70103151006978,-0.0985557849988746,-0.22983546427232054,0.01721393564293329,0.06379542662729172,0.12293853073463268,0.0840122199592668,-0.980941861844729,0.11096872243632182,-1.1984405578199198,-0.7634431658695382,9.588585033816352e-19,0.1518652438486639,5.034007142753585e-18,not distinguishable,False
Latin American independence,latin-american-independence,Politics,Religion,Politics + Religion,2976,1964,107,125.85417868171258,-0.23313671688344303,-0.4223803946366316,-0.06834044009280153,0.09075856940038846,0.01199400299850075,0.054480651731160894,-1.0967521200576842,0.13035761193702883,-1.3522530394542607,-0.8412512006611077,3.982576762647723e-17,0.025187406296851574,1.6726822403120436e-16,dissociated,False
Latin American independence,latin-american-independence,Politics,Learning & Culture,Politics + Learning & Culture,2976,1964,117,193.84603285752527,-0.7259669017734345,-0.9350351412583711,-0.5591123123362657,0.09464565061216841,0.0004997501249375312,0.05957230142566192,-2.252100333971232,0.1138668465700262,-2.4752793532484834,-2.0289213146939806,4.5725584159662485e-87,0.0017491254372813594,9.602372673529122e-86,dissociated,False
Latin American independence,latin-american-independence,Administration & Law,Military,Administration & Law + Military,2976,1964,24,80.70435955348367,-1.7287754330761833,-2.336338413133049,-1.2797755014027448,0.27202113316156756,0.0004997501249375312,0.012219959266802444,-2.537673777889404,0.21162366923535028,-2.9524561695906906,-2.122891386188117,3.939676209922633e-33,0.0017491254372813594,2.757773346945843e-32,dissociated,False
Latin American independence,latin-american-independence,Administration & Law,Business,Administration & Law + Business,2976,1964,7,20.019580141630783,-1.4520387110335522,-2.894084463037972,-0.6830729889927771,0.5470656613920534,0.0239880059970015,0.003564154786150713,-2.0808279089187005,0.37330177012454885,-2.8124993783628165,-1.3491564394745847,2.487878607798011e-08,0.04197901049475262,4.3537875636465194e-08,dissociated,True
Latin American independence,latin-american-independence,Administration & Law,Nobility & Kinship,Administration & Law + Nobility & Kinship,2976,1964,8,23.557844250395625,-1.5009726264667962,-2.7276585977214034,-0.7713297979677465,0.4957315537519654,0.010494752623688156,0.004073319755600814,-2.212954333704457,0.3507437482301044,-2.9004120802354616,-1.525496587173452,2.802652021836376e-10,0.02448775612193903,6.539521384284878e-10,dissociated,True
Latin American independence,latin-american-independence,Administration & Law,Religion,Administration & Law + Religion,2976,1964,11,16.77892378051164,-0.5873795007257446,-1.639657351790449,0.0533868336332371,0.4254325884357402,0.1424287856071964,0.00560081466395112,-1.4841742011538122,0.3057733311400802,-2.083489930188369,-0.884858472119255,1.210946966163522e-06,0.16616691654172913,1.8164204492452832e-06,not distinguishable,False
Latin American independence,latin-american-independence,Administration & Law,Learning & Culture,Administration & Law + Learning & Culture,2976,1964,39,25.843621916572765,0.584398941641645,0.13252180193116542,0.9535141225195205,0.20267354097474746,0.0074962518740629685,0.01985743380855397,-0.9350544845689231,0.1739344059666946,-1.2759659202636446,-0.5941430488742017,7.619983411753081e-08,0.019677661169415293,1.2309203972831901e-07,associated,False
Latin American independence,latin-american-independence,Military,Business,Military + Business,2976,1964,64,51.547887023953514,0.3094595645796937,-0.0014825323015355697,0.5651970403779214,0.14650857164740214,0.034482758620689655,0.032586558044806514,-0.8577339218311495,0.1455287363651466,-1.1429702451068369,-0.5724975985554621,3.771524900223098e-09,0.05570291777188329,7.920202290468504e-09,not distinguishable,False
Latin American independence,latin-american-independence,Military,Nobility & Kinship,Military + Nobility & Kinship,2976,1964,72,60.658469626045104,0.2454286886665749,-0.06310597591459198,0.49184421902354486,0.13672411576234114,0.07846076961519241,0.03665987780040733,-1.02438670024767,0.13638896296497838,-1.2917090676590277,-0.7570643328363125,5.877871370247926e-14,0.11769115442278862,1.5429412346900806e-13,not distinguishable,False
Latin American independence,latin-american-independence,Military,Religion,Military + Religion,2976,1964,29,43.20360673412631,-0.5670373916752008,-1.1222356498415975,-0.16534837712609066,0.24485229170324982,0.0239880059970015,0.014765784114052953,-1.6689276679353713,0.19888982704073926,-2.05875172893522,-1.2791036069355224,4.8113593278645626e-17,0.04197901049475262,1.683975764752597e-16,dissociated,False
Latin American independence,latin-american-independence,Military,Learning & Culture,Military + Learning & Culture,2976,1964,62,66.54405803820933,-0.10125328525323235,-0.44117199841698584,0.19150822914096752,0.1566689090478414,0.512743628185907,0.031568228105906315,-1.7019766141256412,0.1406877105748536,-1.9777245268523542,-1.426228701398928,1.0881029170769865e-33,0.512743628185907,1.1425080629308358e-32,not distinguishable,False
Latin American independence,latin-american-independence,Business,Nobility & Kinship,Business + Nobility & Kinship,2976,1964,19,15.04698260002322,0.32683951856400734,-0.3341493506825749,0.8310158381845676,0.3140490515608488,0.2983508245877061,0.009674134419551934,-0.859988584640593,0.24062233106680744,-1.3316083535315357,-0.38836881574965043,0.0003515445113011953,0.31326836581709144,0.00046140217108281884,not distinguishable,False
Latin American independence,latin-american-independence,Business,Religion,Business + Religion,2976,1964,6,10.717117045556261,-0.7871903077266299,-2.193607844409883,0.053298819092912966,0.6008640530588136,0.16491754122938532,0.003054989816700611,-1.6413882033307563,0.4016472547851054,-2.4286168227095626,-0.8541595839519498,4.376632413981266e-05,0.18227728241142588,6.127285379573773e-05,not distinguishable,True
Latin American independence,latin-american-independence,Business,Learning & Culture,Business + Learning & Culture,2976,1964,40,16.506965797336,1.2517961344033983,0.8284054686763279,1.602375815907753,0.20017654305173466,0.0004997501249375312,0.020366598778004074,-0.41302224317762193,0.17576690160092423,-0.7575253703154334,-0.06851911603981042,0.018782014309209602,0.0017491254372813594,0.019721115024670083,associated,False
Latin American independence,latin-american-independence,Nobility & Kinship,Religion,Nobility & Kinship + Religion,2976,1964,18,12.611262193629017,0.4967186932798303,-0.18797869096600311,1.0158985757514407,0.3127466049389712,0.10694652673663169,0.009164969450101833,-0.7714161613963476,0.2472493135693982,-1.256024815992368,-0.2868075068003272,0.0018085525380451386,0.14561469265367316,0.0022340943117028183,not distinguishable,False
Latin American independence,latin-american-independence,Nobility & Kinship,Learning & Culture,Nobility & Kinship + Learning & Culture,2976,1964,26,19.42440983023394,0.41145536808767263,-0.19902151516017708,0.8553703744184378,0.2694796826576559,0.11094452773613193,0.013238289205702648,-1.1996749227907066,0.20726888536272378,-1.6059219381016452,-0.7934279074797681,7.122406442570988e-09,0.14561469265367316,1.3597321390362796e-08,not distinguishable,False
Latin American independence,latin-american-independence,Religion,Learning & Culture,Religion + Learning & Culture,2976,1964,52,13.834911571649554,1.8727844177842896,1.513481175886782,2.164816443104537,0.16581213065379852,0.0004997501249375312,0.026476578411405296,0.08980208219329147,0.16155854995709718,-0.226852675722619,0.4064568401092019,0.5783144077122122,0.0017491254372813594,0.5783144077122122,associated,False
Revolutions of 1848,revolutions-of-1848,Politics,Administration & Law,Politics + Administration & Law,36998,13507,2436,1278.8910405364245,0.9293529371859632,0.892372816794127,0.9656501547785112,0.018700658748065892,0.0004997501249375312,0.18035092914784925,1.1527289724882501,0.03244899825989128,1.0891289358988632,1.216329009077637,2.0701472767354307e-276,0.0005830418124271198,1.0868273202861012e-275,associated,False
Revolutions of 1848,revolutions-of-1848,Politics,Military,Politics + Military,36998,13507,949,643.5383915288706,0.560021309523318,0.49658051642885187,0.6239534610775059,0.03258101373817593,0.0004997501249375312,0.07025986525505294,-0.11803554456873476,0.04010928124557419,-0.19664973581006018,-0.039421353327409356,0.0032520735491753322,0.0005830418124271198,0.0032520735491753322,associated,False
Revolutions of 1848,revolutions-of-1848,Politics,Business,Politics + Business,36998,13507,1174,1139.740540969628,0.04270851119023461,-0.017087820784018496,0.09825233392246538,0.029061841356173457,0.14442778610694654,0.0869178944251129,-0.32602300530916223,0.035728016259469156,-0.39604991717772176,-0.2559960934406027,7.164628329739062e-20,0.14442778610694654,9.403574682782519e-20,not distinguishable,False
Revolutions of 1848,revolutions-of-1848,Politics,Nobility & Kinship,Politics + Nobility & Kinship,36998,13507,638,720.3914950837942,-0.1750955087687567,-0.2642700214154265,-0.09497770554356977,0.04518565843750922,0.0004997501249375312,0.047234767157770044,-0.36098062249519824,0.04684223589036132,-0.45279140484030644,-0.26916984015009005,1.2951146247300739e-14,0.0005830418124271198,1.5998474776077384e-14,dissociated,False
Revolutions of 1848,revolutions-of-1848,Politics,Religion,Politics + Religion,36998,13507,226,500.95261750624604,-1.146602336072875,-1.322238871098197,-0.9841976372827048,0.08692475729851766,0.0004997501249375312,0.016732064855260236,-1.6423603182654956,0.07039574902310686,-1.780335986350785,-1.504384650180206,2.1798855436595014e-120,0.0005830418124271198,6.539656630978504e-120,dissociated,False
Revolutions of 1848,revolutions-of-1848,Politics,Learning & Culture,Politics + Learning & Culture,36998,13507,1615,2754.4859139981863,-0.7700641918385595,-0.816569222254801,-0.7221917768089554,0.024338561269611918,0.0004997501249375312,0.11956763159843044,-2.9627437019471112,0.030621614279116954,-3.0227620659341805,-2.902725337960042,0.0,0.0005830418124271198,0.0,dissociated,False
Revolutions of 1848,revolutions-of-1848,Administration & Law,Military,Administration & Law + Military,36998,13507,100,281.49203972080716,-1.4884589363354426,-1.7566581785604807,-1.2341172159001699,0.1373442239928584,0.0004997501249375312,0.007403568520026653,-1.5795767644085232,0.10256608465450298,-1.780606290331349,-1.3785472384856974,1.622183384050508e-53,0.0005830418124271198,3.0968955513691515e-53,dissociated,False
Revolutions of 1848,revolutions-of-1848,Administration & Law,Business,Administration & Law + Business,36998,13507,157,498.5372960699947,-1.6637958122897016,-1.8837513306982125,-1.4667644990973556,0.10755816512534794,0.0004997501249375312,0.011623602576441844,-1.5042859397030575,0.08267146056735049,-1.6663220024150645,-1.3422498769910505,5.556516742775416e-74,0.0005830418124271198,1.4585856449785466e-73,dissociated,False
Revolutions of 1848,revolutions-of-1848,Administration & Law,Nobility & Kinship,Administration & Law + Nobility & Kinship,36998,13507,206,315.1085840689299,-0.6119946633304111,-0.8087340103451391,-0.4391618888673687,0.09581555226035697,0.0004997501249375312,0.015251351151254904,-0.5309677663836478,0.0742645303797713,-0.6765262459279996,-0.3854092868392961,8.69792404767116e-13,0.0005830418124271198,9.613495000057598e-13,dissociated,False
Revolutions of 1848,revolutions-of-1848,Administration & Law,Religion,Administration & Law + Religion,36998,13507,47,219.12317269883394,-2.2090308642657153,-2.6212800335416477,-1.8414106543544568,0.20225875099548463,0.0004997501249375312,0.003479677204412527,-2.1093802725662676,0.147278240463473,-2.398045623874675,-1.8207149212578606,1.5851447820393094e-46,0.0005830418124271198,2.5606184940634998e-46,dissociated,False
Revolutions of 1848,revolutions-of-1848,Administration & Law,Learning & Culture,Administration & Law + Learning & Culture,36998,13507,852,1204.847866918281,-0.4996778333061589,-0.5742412426635373,-0.4289842981109903,0.03813945943817465,0.0004997501249375312,0.06307840379062708,-1.968970414272102,0.039743905400999625,-2.046868468858061,-1.8910723596861427,0.0,0.0005830418124271198,0.0,dissociated,False
Revolutions of 1848,revolutions-of-1848,Military,Business,Military + Business,36998,13507,62,250.864131079898,-2.0078507012309834,-2.383737109465745,-1.7082050582546757,0.17421623827674976,0.0004997501249375312,0.004590212482416525,-2.13791189637708,0.1286569667279877,-2.390079551163936,-1.8857442415902241,5.236488196090556e-62,0.0005830418124271198,1.2218472457544632e-61,dissociated,False
Revolutions of 1848,revolutions-of-1848,Military,Nobility & Kinship,Military + Nobility & Kinship,36998,13507,351,158.56274297113075,1.1439287343658067,1.0182702673161539,1.263956862369008,0.06273123245218143,0.0004997501249375312,0.02598652550529355,0.4584869294064636,0.06034206822608655,0.3402164756833339,0.5767573831295932,3.004385000977142e-14,0.0005830418124271198,3.5051158344733326e-14,associated,False
Revolutions of 1848,revolutions-of-1848,Military,Religion,Military + Religion,36998,13507,29,110.26285245235812,-1.9086872531296222,-2.48995847222511,-1.4895155636103812,0.2595469759282293,0.0004997501249375312,0.0021470348708077292,-2.266076282252232,0.18603348977933565,-2.6307019222197296,-1.901450642284734,3.923797164304458e-34,0.0005830418124271198,5.885695746456687e-34,dissociated,False
Revolutions of 1848,revolutions-of-1848,Military,Learning & Culture,Military + Learning & Culture,36998,13507,560,606.2798422517354,-0.11445878578017153,-0.214368353523425,-0.02403203923580623,0.04900655020629307,0.019490254872563718,0.041459983712149255,-2.0715562644773677,0.0476200323759469,-2.164891527934224,-1.978221001020512,0.0,0.021541860648623058,0.0,dissociated,False
Revolutions of 1848,revolutions-of-1848,Business,Nobility & Kinship,Business + Nobility & Kinship,36998,13507,173,280.82300734568855,-0.6972918821213939,-0.9152704182574724,-0.508169214661522,0.10393728662413095,0.0004997501249375312,0.01280817353964611,-0.7900905786532098,0.08010678418789095,-0.947099875661476,-0.6330812816449435,6.02423441693393e-23,0.0005830418124271198,8.433928183707502e-23,dissociated,False
Revolutions of 1848,revolutions-of-1848,Business,Religion,Business + Religion,36998,13507,61,195.2813456930596,-1.6705849940236626,-2.0408996601540808,-1.3545834688438918,0.17525256655720348,0.0004997501249375312,0.0045161767972162585,-1.9037237090526025,0.1299601991980459,-2.1584456994807724,-1.6490017186244326,1.3769567521102e-48,0.0005830418124271198,2.4096743161928503e-48,dissociated,False
Revolutions of 1848,revolutions-of-1848,Business,Learning & Culture,Business + Learning & Culture,36998,13507,1812,1073.753678852544,0.754646277402983,0.7117263420664213,0.7964111623104756,0.022280874320301933,0.0004997501249375312,0.13415266158288294,-0.8893354937154501,0.03199507114374202,-0.9520458331571844,-0.8266251542737157,4.846479440871321e-170,0.0005830418124271198,1.6962678043049623e-169,associated,False
Revolutions of 1848,revolutions-of-1848,Nobility & Kinship,Religion,Nobility & Kinship + Religion,36998,13507,108,123.43074193545537,-0.1918390603579763,-0.4607059510448933,0.046805982946043795,0.13059060279928958,0.13893053473263367,0.007995854001628786,-0.6491893518939618,0.10013441087635594,-0.8454527972116194,-0.45292590657630416,8.980958873966053e-11,0.14442778610694654,9.430006817664355e-11,not distinguishable,False
Revolutions of 1848,revolutions-of-1848,Nobility & Kinship,Learning & Culture,Nobility & Kinship + Learning & Culture,36998,13507,801,678.6834286005462,0.23890126138208365,0.16047872882886902,0.31269228426385526,0.03855385567971436,0.0004997501249375312,0.05930258384541349,-1.2321892840661501,0.043628656353494194,-1.3177014505189988,-1.1466771176133015,1.7517405380517378e-175,0.0005830418124271198,7.357310259817299e-175,associated,False
Revolutions of 1848,revolutions-of-1848,Religion,Learning & Culture,Religion + Learning & Culture,36998,13507,1150,471.9492697175866,1.2840296533613669,1.2327249388569792,1.3342385444302123,0.02606694834915,0.0004997501249375312,0.0851410379803065,-0.6300409207696421,0.040523832371388735,-0.709467632217564,-0.5506142093217202,1.6565319831636084e-54,0.0005830418124271198,3.4787171646435776e-54,associated,False
Meiji Restoration,meiji-restoration,Politics,Administration & Law,Politics + Administration & Law,518,287,14,6.088861664611483,1.137951757917994,0.4901394403908564,1.631159142787349,0.2883254175178509,0.0034982508745627187,0.04878048780487805,0.5382757022993615,0.34198540993159293,-0.13201570116656058,1.2085671057652836,0.11549375876328842,0.014692653673163419,0.1616912622686038,associated,False
Meiji Restoration,meiji-restoration,Politics,Military,Politics + Military,518,287,32,39.26012545048499,-0.2908825907336304,-0.6482856279848455,-0.0031365427096511716,0.1643488183219675,0.0769615192403798,0.11149825783972125,-0.7596101096614151,0.22753518056506108,-1.2055790635689347,-0.31364115575389534,0.0008425347325185783,0.14692653673163417,0.002527604197555735,not distinguishable,False
Meiji Restoration,meiji-restoration,Politics,Business,Politics + Business,518,287,9,8.092831699400564,0.14479387503992033,-0.896152519939604,0.775332273193037,0.4209953001022075,0.697151424287856,0.0313588850174216,-0.6008482135567527,0.3694529529179948,-1.3249760012760223,0.12327957416251711,0.10388189445610939,0.7705357847392093,0.15582284168416408,not distinguishable,True
Meiji Restoration,meiji-restoration,Politics,Nobility & Kinship,Politics + Nobility & Kinship,518,287,27,32.41051211779252,-0.2591168576593968,-0.6887361322064952,0.07424998320041243,0.1909414790167841,0.16691654172913542,0.09407665505226481,-0.7547371440948237,0.2394308749806482,-1.2240216590568942,-0.28545262913275327,0.0016203796195679602,0.2696344135624495,0.0037808857789919073,not distinguishable,False
Meiji Restoration,meiji-restoration,Politics,Religion,Politics + Religion,518,287,2,1.7923532770413044,0.12509869836647325,-2.1977849750719742,1.153956563377241,0.9085245620915791,0.8760619690154923,0.006968641114982578,-0.6459475605796324,0.6925602166465089,-2.0033655852067898,0.711470464047525,0.35097738568840053,0.8760619690154924,0.4606578187160257,not distinguishable,True
Meiji Restoration,meiji-restoration,Politics,Learning & Culture,Politics + Learning & Culture,518,287,16,12.355315791820791,0.3601009739496236,-0.29898615147021507,0.8524341423126578,0.2899199609981564,0.20539730134932535,0.05574912891986063,-1.5520822793843616,0.28310435409842977,-2.106966813417284,-0.9971977453514392,4.1966988080021887e-08,0.28755622188905544,2.203266874201149e-07,not distinguishable,False
Meiji Restoration,meiji-restoration,Administration & Law,Military,Administration & Law + Military,518,287,9,12.504534224844253,-0.4530153095565911,-1.4348693702795297,0.14660767077443534,0.41881990393898477,0.2368815592203898,0.0313588850174216,-0.8096422293035234,0.3804939395376945,-1.5554103507974046,-0.0638741078096422,0.03334773490797032,0.31090704647676165,0.05835853608894806,not distinguishable,True
Meiji Restoration,meiji-restoration,Administration & Law,Business,Administration & Law + Business,518,287,5,2.5776048802668488,0.8376235961557937,-0.739387263936534,1.6702029384982473,0.6180001431680671,0.14192903548225888,0.017421602787456445,0.15778864407289003,0.4795053086608252,-0.7820417609023272,1.0976190490481073,0.7421061962481182,0.24837581209395307,0.7421061962481182,not distinguishable,True
Meiji Restoration,meiji-restoration,Administration & Law,Nobility & Kinship,Administration & Law + Nobility & Kinship,518,287,3,10.322900229465759,-1.6286603250445282,-4.265428622052323,-0.6418464945425818,0.8296297526128645,0.049475262368815595,0.010452961672473868,-1.799026356273433,0.5664181386475546,-2.9092059080226402,-0.688846804524226,0.001492461349115027,0.11544227886056972,0.0037808857789919073,not distinguishable,True
Meiji Restoration,meiji-restoration,Administration & Law,Religion,Administration & Law + Religion,518,287,0,0.5708729312146882,-1.0987873013931446,-1.5920035880407561,-0.5898155070512086,0.260275521576101,0.0004997501249375312,0.0,-1.087718934760226,1.4446000461669308,-3.91913502524741,1.7436971557269583,0.45147691130373035,0.0034982508745627187,0.557706772786961,dissociated,True
Meiji Restoration,meiji-restoration,Administration & Law,Learning & Culture,Administration & Law + Learning & Culture,518,287,5,3.935226069830941,0.31042397600234706,-1.3280923228948482,1.106332896225733,0.6145010894056986,0.5752123938030984,0.017421602787456445,-1.3300706805869829,0.46718647572735966,-2.245756173012608,-0.41438518816135794,0.0044136097193617704,0.6710811261036148,0.009268580410659718,not distinguishable,True
Meiji Restoration,meiji-restoration,Military,Business,Military + Business,518,287,10,16.62003450484303,-0.7052962815530219,-1.644101168531135,-0.11557318462597219,0.39715176539306735,0.07096451774112944,0.03484320557491289,-1.1857332799252422,0.3527440948906386,-1.877111705910894,-0.49435485393959056,0.000775330859132761,0.14692653673163417,0.002527604197555735,not distinguishable,False
Meiji Restoration,meiji-restoration,Military,Nobility & Kinship,Military + Nobility & Kinship,518,287,100,66.5606118754754,0.5836579496393383,0.4288538991085034,0.7504704732745687,0.08236663396313765,0.0004997501249375312,0.34843205574912894,1.2519574629971417,0.1947300216650464,0.8702866205336508,1.6336283054606326,1.2828069080733215e-10,0.0034982508745627187,8.97964835651325e-10,associated,False
Meiji Restoration,meiji-restoration,Military,Religion,Military + Religion,518,287,1,3.680908539281922,-1.4788539828982414,-3.4255132871324623,-0.10982080260407277,0.9806545354290839,0.18590704647676162,0.003484320557491289,-1.899163721546563,0.8599531436423871,-3.5846718830856417,-0.21365556000748454,0.02721290330125611,0.27886056971514245,0.05195190630239803,not distinguishable,True
Meiji Restoration,meiji-restoration,Military,Learning & Culture,Military + Learning & Culture,518,287,12,25.373785394981528,-1.049563044216745,-1.9354784659308064,-0.4885358495529555,0.3777194288233068,0.013493253373313344,0.041811846689895474,-2.7775038078583134,0.3127945463244161,-3.3905811186541692,-2.1644264970624576,6.707546944230232e-19,0.04722638680659671,1.4085848582883487e-17,dissociated,False
Meiji Restoration,meiji-restoration,Business,Nobility & Kinship,Business + Nobility & Kinship,518,287,4,13.720379737367617,-1.6599630842745496,-3.3513684978196463,-0.7539934373968711,0.7096849996970439,0.028985507246376812,0.013937282229965157,-1.9642013679779842,0.4996053343125441,-2.9434278232305706,-0.9849749127253977,8.441539013037016e-05,0.08695652173913045,0.00035454463854755466,not distinguishable,True
Meiji Restoration,meiji-restoration,Business,Religion,Business + Religion,518,287,1,0.7587589944628405,0.2529604136743401,-1.6051444008288818,1.5150073966201754,0.963675481623169,0.751624187906047,0.003484320557491289,-0.3074516151008882,0.8663293435975107,-2.0054571285520093,1.3905538983502328,0.7226720052311884,0.7892053973013493,0.7421061962481182,not distinguishable,True
Meiji Restoration,meiji-restoration,Business,Learning & Culture,Business + Learning & Culture,518,287,18,5.230390183986456,1.6908199897641722,1.190163648929205,2.1288833898892174,0.24574574327079657,0.0004997501249375312,0.0627177700348432,-0.18410222016694,0.29617539964494743,-0.7646060034710369,0.3964015631371569,0.5342058276237536,0.0034982508745627187,0.6232401322277126,associated,False
Meiji Restoration,meiji-restoration,Nobility & Kinship,Religion,Nobility & Kinship + Religion,518,287,1,3.0387098728796587,-1.238260984094925,-3.183789290450509,0.09943232033543731,0.9683144729411187,0.2843578210894553,0.003484320557491289,-1.676330372797114,0.8602501326596221,-3.3624206328099735,0.009759887215745389,0.05133668770992267,0.35126554369873886,0.08292849553141354,not distinguishable,True
Meiji Restoration,meiji-restoration,Nobility & Kinship,Learning & Culture,Nobility & Kinship + Learning & Culture,518,287,12,20.946886174765307,-0.7788401063888808,-1.642390144976574,-0.21994400808299858,0.3591728852762091,0.03798100949525238,0.041811846689895474,-2.471829829909378,0.31269266349885433,-3.084707450367133,-1.8589522094516235,2.67972639136706e-15,0.09970014992503749,2.8137127109354133e-14,not distinguishable,False
Meiji Restoration,meiji-restoration,Religion,Learning & Culture,Religion + Learning & Culture,518,287,6,1.158396385182109,1.970650841229902,0.9490240277382747,2.562581254098328,0.42219870818853733,0.0024987506246876563,0.020905923344947737,0.17063634255844023,0.507845517004624,-0.8247408707706227,1.1660135558875033,0.7368704969662172,0.013118440779610196,0.7421061962481182,associated,True
Mexican Revolution,mexican-revolution,Politics,Administration & Law,Politics + Administration & Law,1923,968,103,75.49355735530162,0.44568174886554707,0.2603465828618499,0.6104313246877356,0.09035986098222752,0.0004997501249375312,0.10640495867768596,0.2914513296573041,0.1364005862390246,0.024106180628815865,0.5587964786857923,0.032619895811501994,0.0014992503748125937,0.04029516541420835,associated,False
Mexican Revolution,mexican-revolution,Politics,Military,Politics + Military,1923,968,240,192.41294065468335,0.3180869709704128,0.2182607632970111,0.4175521682613181,0.05078897310404465,0.0004997501249375312,0.24793388429752067,0.216636807724136,0.10099391477635371,0.018688734762482728,0.41458488068578925,0.03194899924637053,0.0014992503748125937,0.04029516541420835,associated,False
Mexican Revolution,mexican-revolution,Politics,Business,Politics + Business,1923,968,38,48.578490121068775,-0.35023241997499777,-0.7659927349009954,-0.01338930438527514,0.190716185358485,0.06496751624187906,0.03925619834710744,-0.5189909832802476,0.19112390282910188,-0.8935938328252873,-0.14438813373520792,0.006618202439949905,0.09095452273863068,0.009265483415929867,not distinguishable,False
Mexican Revolution,mexican-revolution,Politics,Nobility & Kinship,Politics + Nobility & Kinship,1923,968,29,42.98763347692462,-0.5598902474523586,-1.068316735362714,-0.17945343624589394,0.22938877737593788,0.019490254872563718,0.029958677685950414,-0.648825996781843,0.2135437185959673,-1.067371685229939,-0.23028030833374713,0.0023785738843111874,0.03720866839307619,0.003567860826466781,dissociated,False
Mexican Revolution,mexican-revolution,Politics,Religion,Politics + Religion,1923,968,6,25.641306775407777,-2.0078196384334825,-3.3914450977427983,-1.1937539228773824,0.575113883161775,0.009995002498750625,0.006198347107438017,-2.584320385562078,0.40351136329464393,-3.3752026576195804,-1.793438113504576,1.5078490872637186e-10,0.020989505247376312,7.916207708134523e-10,dissociated,True
Mexican Revolution,mexican-revolution,Politics,Learning & Culture,Politics + Learning & Culture,1923,968,134,164.88607158305675,-0.2982315665387686,-0.4570464288310908,-0.14898295242339452,0.0784238224593829,0.0004997501249375312,0.1384297520661157,-1.505569137840257,0.11202559731034199,-1.7251393085685272,-1.2859989671119867,3.5477794596046825e-41,0.0014992503748125937,3.725168432584917e-40,dissociated,False
Mexican Revolution,mexican-revolution,Administration & Law,Military,Administration & Law + Military,1923,968,13,53.3260227311698,-1.9953444195672918,-2.9407257703525707,-1.4158148067209135,0.395616946629754,0.0014992503748125937,0.013429752066115703,-2.472627355116238,0.28387516822922354,-3.0290226848455157,-1.9162320253869598,3.0317074202974284e-18,0.0034982508745627183,2.1221951942082e-17,dissociated,False
Mexican Revolution,mexican-revolution,Administration & Law,Business,Administration & Law + Business,1923,968,3,13.463219571552077,-1.9962048023698846,-4.707075617491541,-0.9226011671558826,0.8667432703357703,0.053973013493253376,0.0030991735537190084,-2.072161572354087,0.5444946413762685,-3.139371069451573,-1.004952075256601,0.00014142645263717313,0.08718717564294777,0.0002969955505380636,not distinguishable,True
Mexican Revolution,mexican-revolution,Administration & Law,Nobility & Kinship,Administration & Law + Nobility & Kinship,1923,968,2,11.913749211201413,-2.311938905276057,-4.732229701796369,-1.1076451518864483,1.0151738185499124,0.06346826586706647,0.002066115702479339,-2.2335102240489695,0.6417519383544255,-3.4913440232236432,-0.9756764248742955,0.0005007915741696189,0.09095452273863068,0.000876385254796833,not distinguishable,True
Mexican Revolution,mexican-revolution,Administration & Law,Religion,Administration & Law + Religion,1923,968,2,7.106325090765209,-1.605271505507923,-4.023522933745333,-0.39723610203771786,0.9845607949855995,0.1374312843578211,0.002066115702479339,-2.3985001420138485,0.6409557610030947,-3.654773433579914,-1.142226850447783,0.0001825119972179959,0.17532410265455511,0.00034843199468890124,not distinguishable,True
Mexican Revolution,mexican-revolution,Administration & Law,Learning & Culture,Administration & Law + Learning & Culture,1923,968,84,45.69712604242848,0.8711482380934016,0.642528731576991,1.0744680970425073,0.11084581842717633,0.0004997501249375312,0.08677685950413223,-0.5643916617847973,0.14073736598886447,-0.8402368991229716,-0.28854642444662293,6.065514939130859e-05,0.0014992503748125937,0.0001415286819130534,associated,False
Mexican Revolution,mexican-revolution,Military,Business,Military + Business,1923,968,36,34.314155527870355,0.06822243500328046,-0.3727412088214657,0.4084364353763886,0.20129025594126204,0.7301349325337332,0.0371900826446281,-0.6383288272322529,0.19438724804302904,-1.0193278333965898,-0.257329821067916,0.0010241760896629378,0.7301349325337332,0.001654438298686284,not distinguishable,False
Mexican Revolution,mexican-revolution,Military,Nobility & Kinship,Military + Nobility & Kinship,1923,968,55,30.364968882853873,0.8465174345834552,0.5631752266680141,1.099236032987006,0.13851916975046927,0.0004997501249375312,0.056818181818181816,0.27707011582820595,0.1806687089205659,-0.07704055365610324,0.6311807853125151,0.12513274299205746,0.0014992503748125937,0.13830461067543193,associated,False
Mexican Revolution,mexican-revolution,Military,Religion,Military + Religion,1923,968,20,18.112127125325742,0.13938096353352572,-0.5333853722416692,0.5969051536816325,0.27716179724638146,0.5797101449275363,0.02066115702479339,-1.3498906307173526,0.24166675936233795,-1.823557479067535,-0.8762237823671702,2.3269084292131822e-08,0.6407322654462243,6.980725287639546e-08,not distinguishable,False
Mexican Revolution,mexican-revolution,Military,Learning & Culture,Military + Learning & Culture,1923,968,81,116.46978509582574,-0.5212639455062421,-0.7651521931994094,-0.3010691255991924,0.1189741101262728,0.0004997501249375312,0.08367768595041322,-2.3402563894035495,0.1314452878780072,-2.5978891536444437,-2.0826236251626553,6.575690524760964e-71,0.0014992503748125937,1.3808950101998024e-69,dissociated,False
Mexican Revolution,mexican-revolution,Business,Nobility & Kinship,Business + Nobility & Kinship,1923,968,6,7.666242903846884,-0.329232762838996,-1.7259640397783427,0.5019137924111193,0.5901141378844869,0.5327336331834083,0.006198347107438017,-0.6636186894670619,0.4104312387509084,-1.4680639174188426,0.1408265384847186,0.10590385591866888,0.6215225720473097,0.12355449857178037,not distinguishable,True
Mexican Revolution,mexican-revolution,Business,Religion,Business + Religion,1923,968,10,4.572768264106682,1.0495441664808738,0.036569230850017155,1.6938558299315183,0.43127175652940963,0.022988505747126436,0.010330578512396695,-0.29754468304480214,0.33030984020573406,-0.9449519698480409,0.34986260375843664,0.36769212545818586,0.040229885057471264,0.36769212545818586,associated,False
Mexican Revolution,mexican-revolution,Business,Learning & Culture,Business + Learning & Culture,1923,968,45,29.405123612941676,0.6054738643083323,0.24313324862708832,0.9029864019607381,0.1697117529541784,0.0004997501249375312,0.04648760330578512,-0.7379605892181477,0.18106383531812092,-1.0928457064416648,-0.38307547199463066,4.58775313441736e-05,0.0014992503748125937,0.00012042851977845569,associated,False
Mexican Revolution,mexican-revolution,Nobility & Kinship,Religion,Nobility & Kinship + Religion,1923,968,7,4.046492297772677,0.7221366868373902,-0.6580030104372416,1.5014819759473124,0.5240331740232669,0.14192903548225888,0.007231404958677686,-0.4845425761036843,0.38492252924955905,-1.23899073343282,0.26990558122545144,0.20810061279702619,0.17532410265455511,0.2185056434368775,not distinguishable,True
Mexican Revolution,mexican-revolution,Nobility & Kinship,Learning & Culture,Nobility & Kinship + Learning & Culture,1923,968,24,26.020913228601344,-0.11434870524566902,-0.7356223718251678,0.31971276900611023,0.2657205787619596,0.6401799100449775,0.024793388429752067,-1.344548200628945,0.22778333470986376,-1.7910035366602781,-0.8980928645976121,3.5749063851428362e-09,0.6721889055472264,1.2512172347999928e-08,not distinguishable,False
Mexican Revolution,mexican-revolution,Religion,Learning & Culture,Religion + Learning & Culture,1923,968,30,15.520980447295058,0.9288468025963236,0.47705191937962627,1.2862212539791098,0.20222323236862907,0.0009995002498750624,0.030991735537190084,-1.2664368176749594,0.20686587355369987,-1.6718939298402111,-0.8609797055097077,9.239697647495804e-10,0.002623688155922039,3.880673011948238e-09,associated,False
Xinhai Revolution,xinhai-revolution,Politics,Administration & Law,Politics + Administration & Law,831,439,40,28.741902536597138,0.46988472903176065,0.20158188450159947,0.7174741925635495,0.12987536478992875,0.0004997501249375312,0.09111617312072894,0.21256184962025493,0.2395730188991426,-0.2570012674220645,0.6821249666625744,0.3749427712782494,0.0014992503748125937,0.4144104314128019,associated,False
Xinhai Revolution,xinhai-revolution,Politics,Military,Politics + Military,831,439,120,72.38575711408602,0.7253243218307281,0.5848582348766646,0.8864238381324252,0.07716069231144462,0.0004997501249375312,0.2733485193621868,1.027720112746358,0.17791126546967911,0.679014032425787,1.376426193066929,7.623056054421701e-09,0.0014992503748125937,4.0021044285713926e-08,associated,False
Xinhai Revolution,xinhai-revolution,Politics,Business,Politics + Business,831,439,25,41.56910626848476,-0.7222639222058145,-1.209702560976869,-0.3549616717958499,0.2232858792100168,0.00399800099950025,0.05694760820045558,-1.244195506261324,0.23816223073875914,-1.710993478509292,-0.777397534013356,1.7495576835004137e-07,0.010494752623688156,7.348142270701737e-07,dissociated,False
Xinhai Revolution,xinhai-revolution,Politics,Nobility & Kinship,Politics + Nobility & Kinship,831,439,28,35.05799958273953,-0.31921224422551864,-0.7715024598798871,0.020179235856917655,0.19789090193896397,0.10394802598700649,0.06378132118451026,-0.8321460553666014,0.23615167745013013,-1.2950033431688563,-0.3692887675643463,0.00042544074493331915,0.15592203898050974,0.000992695071511078,not distinguishable,False
Xinhai Revolution,xinhai-revolution,Politics,Religion,Politics + Religion,831,439,12,25.887889075172794,-1.0779478506010953,-1.9331749146744277,-0.5057933253443401,0.3668904512355391,0.010994502748625687,0.02733485193621868,-2.2002709477883893,0.3093833967563192,-2.806662405430775,-1.5938794901460036,1.1454424450335042e-12,0.023088455772113943,8.01809711523453e-12,dissociated,False
Xinhai Revolution,xinhai-revolution,Politics,Learning & Culture,Politics + Learning & Culture,831,439,59,80.3573454069271,-0.4424891714600145,-0.6905764955989366,-0.23159012893362954,0.11627705652341473,0.0004997501249375312,0.13439635535307518,-1.9787769137026894,0.1705568548418634,-2.3130683491927417,-1.644485478212637,4.032135824457253e-31,0.0014992503748125937,8.46748523136023e-30,dissociated,False
Xinhai Revolution,xinhai-revolution,Administration & Law,Military,Administration & Law + Military,831,439,1,9.998445122436385,-2.807141266794918,-4.577712131762084,-1.3865905414087378,0.9976761341135161,0.0004997501249375312,0.002277904328018223,-2.737199610428554,0.8290199702457911,-4.362078752110304,-1.1123204687468033,0.0009609072291369274,0.0014992503748125937,0.0020179051811875476,dissociated,True
Xinhai Revolution,xinhai-revolution,Administration & Law,Business,Administration & Law + Business,831,439,4,5.741826077181304,-0.47204315698690424,-2.132712387998369,0.479661827055784,0.734151199931296,0.45977011494252873,0.009111617312072893,-0.9494188399243209,0.49711127836497465,-1.923756945519671,0.024919265671029422,0.05614971454223668,0.5363984674329502,0.07369650033668565,not distinguishable,True
Xinhai Revolution,xinhai-revolution,Administration & Law,Nobility & Kinship,Administration & Law + Nobility & Kinship,831,439,3,4.842464856421427,-0.6101505905825992,-3.269984082979286,0.4442301151201289,0.8576212913296561,0.3888055972013993,0.00683371298405467,-1.049333650594137,0.5584550843620869,-2.1439056159438277,0.04523831475555329,0.06024533747423693,0.49078401975482844,0.0744207109975868,not distinguishable,True
Xinhai Revolution,xinhai-revolution,Administration & Law,Religion,Administration & Law + Religion,831,439,2,3.5758227664302,-0.7051632236547689,-3.1406331394132403,0.49066050024488417,0.9661417500051783,0.39730134932533734,0.004555808656036446,-1.60813977291818,0.6512939506844041,-2.884675916259612,-0.33160362957674816,0.01354359945786687,0.49078401975482844,0.023701299051267024,not distinguishable,True
Xinhai Revolution,xinhai-revolution,Administration & Law,Learning & Culture,Administration & Law + Learning & Culture,831,439,14,11.099538642243166,0.32198547521360166,-0.41000789166314267,0.8280807829325241,0.31952560160790594,0.2908545727136432,0.03189066059225513,-0.9783136445352396,0.3009497618882598,-1.5681751778362287,-0.3884521112342505,0.0011509939959243728,0.40719640179910044,0.002197352174037439,not distinguishable,False
Xinhai Revolution,xinhai-revolution,Military,Business,Military + Business,831,439,6,14.460644255715257,-1.2026606806156863,-2.62106570411084,-0.37718419902819783,0.5854135372666842,0.04897551224387806,0.01366742596810934,-1.5958160194547286,0.4137784304235598,-2.4068217430849055,-0.7848102958245515,0.0001149317643519769,0.08570714642678662,0.00033034236281894656,not distinguishable,True
Xinhai Revolution,xinhai-revolution,Military,Nobility & Kinship,Military + Nobility & Kinship,831,439,11,12.195625689151711,-0.14269763711566674,-1.014681994329867,0.45882130416059647,0.37691455437188165,0.6851574212893553,0.025056947608200455,-0.7431701260016866,0.32679911932472255,-1.3836963998781429,-0.10264385212523042,0.02296066471993047,0.7498500749625188,0.03214493060790266,not distinguishable,False
Xinhai Revolution,xinhai-revolution,Military,Religion,Military + Religion,831,439,1,9.00561951054756,-2.663818154103161,-4.4945647220909235,-1.2743513031125842,1.00605055934573,0.0004997501249375312,0.002277904328018223,-3.1695621076908465,0.8266011352919768,-4.789700332863121,-1.549423882518572,0.00012584470964531298,0.0014992503748125937,0.00033034236281894656,dissociated,True
Xinhai Revolution,xinhai-revolution,Military,Learning & Culture,Military + Learning & Culture,831,439,7,27.95390831253404,-1.9236643281148313,-3.1786985369986565,-1.1909057583579163,0.5233436063515166,0.006496751624187906,0.015945330296127564,-2.9364204228702078,0.3812318614137779,-3.6836348712412126,-2.189205974499203,1.3347891645834457e-14,0.015159087123105113,1.401528622812618e-13,dissociated,True
Xinhai Revolution,xinhai-revolution,Business,Nobility & Kinship,Business + Nobility & Kinship,831,439,13,7.003605135800358,0.8473035916357783,0.056877989139564405,1.395639954030647,0.3555909754320986,0.022988505747126436,0.029612756264236904,0.12222828056936295,0.3138815701263846,-0.4929795968783509,0.7374361580170768,0.6969736808347059,0.0438871473354232,0.6969736808347059,associated,False
Xinhai Revolution,xinhai-revolution,Business,Religion,Business + Religion,831,439,6,5.171674226705614,0.19666504963521553,-1.1453614863784556,0.9726886185919399,0.5749530757809957,0.7141429285357321,0.01366742596810934,-0.97833499201254,0.41807395805239483,-1.797759949795234,-0.15891003422984618,0.01927856202034083,0.7498500749625188,0.031142292494396723,not distinguishable,True
Xinhai Revolution,xinhai-revolution,Business,Learning & Culture,Business + Learning & Culture,831,439,36,16.053144038153356,1.1407912011921453,0.7519400231468432,1.4520167391777936,0.178569975109185,0.0004997501249375312,0.08200455580865604,-0.14587166016250655,0.2170909977123305,-0.5713700156786743,0.27962669535366125,0.501623257451787,0.0014992503748125937,0.5267044203243765,associated,False
Xinhai Revolution,xinhai-revolution,Nobility & Kinship,Religion,Nobility & Kinship + Religion,831,439,8,4.361617777175248,0.806026368831889,-0.28368578016306734,1.5387242179181533,0.4806726515050117,0.079960019990005,0.018223234624145785,-0.4823285930274454,0.37506020146921776,-1.2174465879071121,0.2527894018522214,0.19844196931822322,0.1291661861377004,0.23151563087126042,not distinguishable,True
Xinhai Revolution,xinhai-revolution,Nobility & Kinship,Learning & Culture,Nobility & Kinship + Learning & Culture,831,439,14,13.538686960366835,0.04664489368265473,-0.7084567424779507,0.5800480069112339,0.3323752908635511,0.8885557221389305,0.03189066059225513,-1.255945381133519,0.2953474122563214,-1.834826309155909,-0.6770644531111292,2.1145953705849833e-05,0.8885557221389304,7.401083797047441e-05,not distinguishable,False
Xinhai Revolution,xinhai-revolution,Religion,Learning & Culture,Religion + Learning & Culture,831,439,29,9.997376645130215,1.4906861193384178,1.0823036107207173,1.8268583883626046,0.19192677328383018,0.0004997501249375312,0.06605922551252848,-0.521605697264228,0.2281539069760123,-0.9687873549372121,-0.07442403959124394,0.0222425005103668,0.0014992503748125937,0.03214493060790266,associated,False
Russian Revolution,russian-revolution,Politics,Administration & Law,Politics + Administration & Law,13925,4561,412,209.83614552652148,0.9716973259175327,0.886156992968931,1.0583831801989934,0.04491904246799399,0.0004997501249375312,0.09033106774830081,1.3295743300530856,0.07232068683209479,1.1878257838621797,1.4713228762439914,1.7508233805156227e-75,0.0006996501749125438,9.19182274770702e-75,associated,False
Russian Revolution,russian-revolution,Politics,Military,Politics + Military,13925,4561,416,320.3230986938817,0.376538478575304,0.2743943925806734,0.4688710607838935,0.05128739530042539,0.0004997501249375312,0.09120806840605131,0.0751034071390399,0.06006539349145196,-0.04262476410420593,0.19283157838228573,0.21116781588716327,0.0006996501749125438,0.2111678158871633,associated,False
Russian Revolution,russian-revolution,Politics,Business,Politics + Business,13925,4561,353,317.9323521758486,0.15072329638752446,0.0380237263847685,0.2515310795455327,0.05487992681825951,0.005497251374312844,0.07739530804648104,0.47591624567604957,0.06728615691235705,0.34403537812782975,0.6077971132242694,1.515990554646207e-12,0.006413459936698318,2.8941637861427586e-12,associated,False
Russian Revolution,russian-revolution,Politics,Nobility & Kinship,Politics + Nobility & Kinship,13925,4561,117,236.2256744620167,-1.0105554275683422,-1.2508817382781676,-0.7963874060773192,0.1159313103670928,0.0004997501249375312,0.02565226923920193,-0.7088663232822084,0.10089482327501852,-0.9066201769012447,-0.5111124696631721,2.128511084402016e-12,0.0006996501749125438,3.724894397703528e-12,dissociated,False
Russian Revolution,russian-revolution,Politics,Religion,Politics + Religion,13925,4561,111,142.77594640629198,-0.36175271583177904,-0.5936107015493585,-0.14345016968669255,0.11476035646537083,0.0014992503748125937,0.02433676825257619,-0.6190613037764708,0.10398432216476458,-0.8228705752194094,-0.41525203233353225,2.6261229338689426e-09,0.001967766116941529,3.6765721074165197e-09,dissociated,False
Russian Revolution,russian-revolution,Politics,Learning & Culture,Politics + Learning & Culture,13925,4561,935,1116.9067828654545,-0.2563449242776935,-0.30498824614933495,-0.2075137574543204,0.02406749777350494,0.0004997501249375312,0.2049989037491778,-1.8870256625601791,0.044946630879818913,-1.9751210590846242,-1.798930266035734,0.0,0.0006996501749125438,0.0,dissociated,False
Russian Revolution,russian-revolution,Administration & Law,Military,Administration & Law + Military,13925,4561,67,75.97166167162703,-0.18003772093532713,-0.5406740466101952,0.11491549069609679,0.1668577926298578,0.2748625687156422,0.014689761017320764,-0.5568401543003891,0.1295140792663275,-0.810687749662391,-0.3029925589383873,1.7121745084865165e-05,0.28860569715142426,1.8924034041166764e-05,not distinguishable,False
Russian Revolution,russian-revolution,Administration & Law,Business,Administration & Law + Business,13925,4561,17,75.4046436003383,-2.116833225694535,-2.9115358089055237,-1.5501416078508443,0.34604028330750725,0.0004997501249375312,0.0037272527954395965,-1.5101347060283938,0.24353984637792334,-1.9874728049291237,-1.032796607127664,5.618738168970522e-10,0.0006996501749125438,9.076423196029304e-10,dissociated,False
Russian Revolution,russian-revolution,Administration & Law,Nobility & Kinship,Administration & Law + Nobility & Kinship,13925,4561,11,56.02610954863063,-2.297283544685464,-3.3512013564840086,-1.650626208353835,0.4329880516862033,0.0004997501249375312,0.0024117518088138568,-1.6946942372088658,0.2988862409475562,-2.280511269466076,-1.1088772049516558,1.4277172423125812e-08,0.0006996501749125438,1.8738788805352628e-08,dissociated,False
Russian Revolution,russian-revolution,Administration & Law,Religion,Administration & Law + Religion,13925,4561,15,33.86245306521302,-1.148564815700173,-2.0291927348864354,-0.5640017271258191,0.37214029342138183,0.011494252873563218,0.00328875246656435,-1.2521666527404336,0.25893798140762636,-1.7596850962993813,-0.7446482091814859,1.3262572323096922e-06,0.012704174228675135,1.6383177575590316e-06,dissociated,False
Russian Revolution,russian-revolution,Administration & Law,Learning & Culture,Administration & Law + Learning & Culture,13925,4561,194,264.89898659381447,-0.4483927066840182,-0.6230985626935972,-0.28528813748510573,0.0849704680759738,0.0004997501249375312,0.042534531900898925,-1.9241841725661866,0.08387830645702371,-2.088585653221953,-1.75978269191042,1.8462757349633274e-116,0.0006996501749125438,1.2923930144743292e-115,dissociated,False
Russian Revolution,russian-revolution,Military,Business,Military + Business,13925,4561,34,115.10814322938137,-1.7445747552544788,-2.2748953811173425,-1.3315959024069486,0.24248985368111253,0.0004997501249375312,0.007454505590879193,-1.6593144968769238,0.17472145607130973,-2.0017685507766907,-1.3168604429771567,2.1620419516808713e-21,0.0006996501749125438,5.044764553922033e-21,dissociated,False
Russian Revolution,russian-revolution,Military,Nobility & Kinship,Military + Nobility & Kinship,13925,4561,225,85.52605164066914,1.3902819048175088,1.2487908634593632,1.5287077283918786,0.0727878784057324,0.0004997501249375312,0.04933128699846525,0.8446489498473284,0.08110421968274108,0.6856846792691559,1.0036132204255008,2.132155994289977e-25,0.0006996501749125438,5.59690948501119e-25,associated,False
Russian Revolution,russian-revolution,Military,Religion,Military + Religion,13925,4561,28,51.69236152335924,-0.872876761105303,-1.467363476261763,-0.4246742118774301,0.2658338965845957,0.0029985007496251873,0.006139004604253453,-1.468653573670697,0.19235805243840376,-1.8456753564499682,-1.0916317908914257,2.2582185405575e-14,0.00370403033777229,4.7422589351707496e-14,dissociated,False
Russian Revolution,russian-revolution,Military,Learning & Culture,Military + Learning & Culture,13925,4561,283,404.3786832515706,-0.5141409523595457,-0.6509381213549648,-0.39535750313859397,0.06522478403769247,0.0004997501249375312,0.0620477965358474,-2.614486934949316,0.06779454556131131,-2.747364244249486,-2.481609625649146,0.0,0.0006996501749125438,0.0,dissociated,False
Russian Revolution,russian-revolution,Business,Nobility & Kinship,Business + Nobility & Kinship,13925,4561,40,84.88772393032049,-1.076106762575638,-1.5627176925545563,-0.699582494821206,0.21956040549852957,0.0004997501249375312,0.008770006577504933,-0.7334443447228861,0.16367136119311682,-1.054240212661395,-0.41264847678437716,7.422400123819501e-06,0.0006996501749125438,8.659466811122751e-06,dissociated,False
Russian Revolution,russian-revolution,Business,Religion,Business + Religion,13925,4561,17,51.30655315104768,-1.565779677795343,-2.3335001644966518,-1.0069025288438305,0.33781113494700316,0.0004997501249375312,0.0037272527954395965,-1.4852017650960347,0.24359844550478638,-1.9626547182854162,-1.0077488119066533,1.0812735031818253e-09,0.0006996501749125438,1.621910254772738e-09,dissociated,False
Russian Revolution,russian-revolution,Business,Learning & Culture,Business + Learning & Culture,13925,4561,585,401.3605839234469,0.5429740916300909,0.4708839096381082,0.6114546248127355,0.03552017838474565,0.0004997501249375312,0.12826134619600965,-0.653754151649838,0.06147927985599707,-0.7742535401675922,-0.5332547631320838,2.0763499991418267e-26,0.0006996501749125438,6.229049997425481e-26,associated,False
Russian Revolution,russian-revolution,Nobility & Kinship,Religion,Nobility & Kinship + Religion,13925,4561,32,38.121081542918944,-0.24894884787604873,-0.7764762271846047,0.17950649794575788,0.24533828750171285,0.2888555722138931,0.007016005262003947,-0.5799670687866235,0.18229640204241299,-0.9372680167897529,-0.22266612078349407,0.001465393145218268,0.2888555722138931,0.0015386628024791813,not distinguishable,False
Russian Revolution,russian-revolution,Nobility & Kinship,Learning & Culture,Nobility & Kinship + Learning & Culture,13925,4561,374,298.2133588825358,0.3262039602364394,0.2269129132050236,0.4252406942557094,0.04965055113971338,0.0004997501249375312,0.08199956149967112,-1.0756174740953668,0.06939230147515876,-1.211626384986678,-0.9396085632040556,3.440405972856267e-54,0.0006996501749125438,1.2041420904996934e-53,associated,False
Russian Revolution,russian-revolution,Religion,Learning & Culture,Religion + Learning & Culture,13925,4561,295,180.24160431511189,0.7092294967493321,0.60390256017765,0.8090702365646169,0.05198198562765871,0.0004997501249375312,0.06467879850909888,-1.2614155883541605,0.07500501679393042,-1.408425421270264,-1.1144057554380569,1.8090097509653053e-63,0.0006996501749125438,7.597840954054283e-63,associated,False
German Revolution,german-revolution,Politics,Administration & Law,Politics + Administration & Law,54018,15435,2532,1365.9283473565165,0.8901524590911644,0.8552900127414759,0.9278091123033684,0.01835402195759578,0.0004997501249375312,0.1640427599611273,0.8702296107302386,0.028483655713361877,0.8144016455320493,0.926057575928428,5.336472450584852e-205,0.0005523554012467451,2.241318429245638e-204,associated,False
German Revolution,german-revolution,Politics,Military,Politics + Military,54018,15435,798,629.8002635439594,0.3412531416781769,0.26319827190065875,0.4127393596303335,0.03780336587168316,0.0004997501249375312,0.05170068027210884,-0.5390190367919369,0.04033943552922804,-0.6180843304292238,-0.4599537431546499,1.0070099014469555e-40,0.0005523554012467451,1.9224734482169152e-40,associated,False
German Revolution,german-revolution,Politics,Business,Politics + Business,54018,15435,1808,1705.5987007667397,0.08409248651466687,0.042832724894236146,0.1271580949645838,0.021493301283818707,0.0004997501249375312,0.11713637836086815,-0.015285337009337832,0.029293030851012283,-0.07269967747732191,0.042129003458646244,0.6018040388396488,0.0005523554012467451,0.6018040388396488,associated,False
German Revolution,german-revolution,Politics,Nobility & Kinship,Politics + Nobility & Kinship,54018,15435,196,359.6174608320832,-0.873938239960566,-1.073705925445545,-0.6949802881105576,0.09610410577066197,0.0004997501249375312,0.012698412698412698,-0.8915042489247126,0.07714203052559983,-1.0427026287548882,-0.7403058690945369,6.831420489633912e-31,0.0005523554012467451,9.563988685487479e-31,dissociated,False
German Revolution,german-revolution,Politics,Religion,Politics + Religion,54018,15435,261,473.1204088866229,-0.8569203033399311,-1.0191265405011636,-0.7057962023399851,0.07922895765862646,0.0004997501249375312,0.016909620991253645,-1.0461623955289183,0.06649092710067124,-1.176484612646234,-0.9158401784116027,8.856597290720981e-56,0.0005523554012467451,2.0665393678348953e-55,dissociated,False
German Revolution,german-revolution,Politics,Learning & Culture,Politics + Learning & Culture,54018,15435,2382,3442.934818994096,-0.5313721542829236,-0.5652355298386069,-0.49701345346404124,0.017598465023416984,0.0004997501249375312,0.1543245869776482,-2.84360119207719,0.025455042959409833,-2.8934930762776334,-2.793709307876747,0.0,0.0005523554012467451,0.0,dissociated,False
German Revolution,german-revolution,Administration & Law,Military,Administration & Law + Military,54018,15435,217,277.41697421588657,-0.3536385511346005,-0.5367884890972172,-0.19140173278519282,0.08912284751816199,0.0004997501249375312,0.014058956916099773,-0.9115608305821488,0.07095423323957684,-1.0506311277317193,-0.7724905334325782,8.921900188743233e-38,0.0005523554012467451,1.4412300304892913e-37,dissociated,False
German Revolution,german-revolution,Administration & Law,Business,Administration & Law + Business,54018,15435,327,751.2890327017624,-1.1988329624656249,-1.3505477605819627,-1.069251764182926,0.07140750798483886,0.0004997501249375312,0.02118561710398445,-0.9758108064820034,0.0584071506389565,-1.090288821734358,-0.8613327912296487,1.1646861619815693e-62,0.0005523554012467451,3.0573011752016195e-62,dissociated,False
German Revolution,german-revolution,Administration & Law,Nobility & Kinship,Administration & Law + Nobility & Kinship,54018,15435,95,158.4057575616959,-0.7345987599006965,-1.0221576750839978,-0.48563065361972446,0.14208965779694765,0.0004997501249375312,0.006154842889536767,-0.5907960289430837,0.10666371622419825,-0.7998569127425122,-0.38173514514365514,3.04436498985317e-08,0.0005523554012467451,3.551759154828698e-08,dissociated,False
German Revolution,german-revolution,Administration & Law,Religion,Administration & Law + Religion,54018,15435,44,208.4019964274733,-2.2309490387779833,-2.7007624196825724,-1.849316495649712,0.21672947314600866,0.0004997501249375312,0.002850664075153871,-1.8360122226077606,0.15204296980126175,-2.1340164434182336,-1.5380080017972877,1.4209949997007057e-33,0.0005523554012467451,2.1314924995510586e-33,dissociated,False
German Revolution,german-revolution,Administration & Law,Learning & Culture,Administration & Law + Learning & Culture,54018,15435,1063,1516.5578917564176,-0.5124561073663113,-0.5799259763980479,-0.4463874329512849,0.033727900387091204,0.0004997501249375312,0.06886945254292193,-2.189313437808933,0.03526598241452143,-2.258434763341395,-2.120192112276471,0.0,0.0005523554012467451,0.0,dissociated,False
German Revolution,german-revolution,Military,Business,Military + Business,54018,15435,156,346.40325878657364,-1.14837073611312,-1.3706160053615783,-0.9486054900911367,0.10785799477842449,0.0004997501249375312,0.01010689990281827,-1.4674116376557722,0.08242309750973836,-1.6289609087748593,-1.305862366536685,6.65020365931629e-71,0.0005523554012467451,1.995061097794887e-70,dissociated,False
German Revolution,german-revolution,Military,Nobility & Kinship,Military + Nobility & Kinship,54018,15435,278,73.03749721009162,1.9211253460478923,1.766027278929244,2.0625165104873697,0.07394408664180942,0.0004997501249375312,0.018011013929381276,0.9655296045427109,0.06831133713559048,0.8316393837569536,1.0994198253284682,2.3360529082869694e-45,0.0005523554012467451,4.905711107402636e-45,associated,False
German Revolution,german-revolution,Military,Religion,Military + Religion,54018,15435,22,96.08969059549975,-2.101944211216421,-2.7781128327928086,-1.5869677852423154,0.30786618338485877,0.0004997501249375312,0.0014253320375769356,-2.2352886943711776,0.21245425611723445,-2.651699036360957,-1.818878352381398,6.89376647852223e-26,0.0005523554012467451,9.048068503060427e-26,dissociated,False
German Revolution,german-revolution,Military,Learning & Culture,Military + Learning & Culture,54018,15435,651,699.2523156550086,-0.10307917725053894,-0.18963139830794606,-0.017632918070472195,0.04381579818175673,0.021989005497251374,0.04217687074829932,-2.4121026896079916,0.04343793284096246,-2.497241037976278,-2.326964341239705,0.0,0.023088455772113943,0.0,dissociated,False
German Revolution,german-revolution,Business,Nobility & Kinship,Business + Nobility & Kinship,54018,15435,134,197.79709149024768,-0.5600573443039293,-0.7939649910175715,-0.342849411815707,0.11536898184804488,0.0004997501249375312,0.008681567865241335,-0.41062688584330903,0.09129421344801761,-0.5895635442014235,-0.23169022748519452,6.8646899066090185e-06,0.0005523554012467451,7.58728884414681e-06,dissociated,False
German Revolution,german-revolution,Business,Religion,Business + Religion,54018,15435,51,260.2260763031945,-2.3398905426340066,-2.759547889278849,-1.9925729125504232,0.19867733701002355,0.0004997501249375312,0.003304178814382896,-1.8815411653424967,0.14155341183978937,-2.1589858525484837,-1.6040964781365097,2.57278263662217e-40,0.0005523554012467451,4.5023696140887975e-40,dissociated,False
German Revolution,german-revolution,Business,Learning & Culture,Business + Learning & Culture,54018,15435,2679,1893.685839980713,0.5003859344161462,0.4670864913822131,0.5317931797742479,0.016962645897007855,0.0004997501249375312,0.17356656948493684,-1.0628422730393152,0.026507584501628923,-1.114797138662508,-1.0108874074161225,0.0,0.0005523554012467451,0.0,associated,False
German Revolution,german-revolution,Nobility & Kinship,Religion,Nobility & Kinship + Religion,54018,15435,39,54.86744376645086,-0.48718526300524245,-1.0043815392778983,-0.10375215154541931,0.23256658858820484,0.041979010494752625,0.0025267249757045676,-0.4951339113655751,0.16269143892164095,-0.8140091316519913,-0.17625869107915887,0.0023392697269461935,0.041979010494752625,0.002456233213293503,dissociated,False
German Revolution,german-revolution,Nobility & Kinship,Learning & Culture,Nobility & Kinship + Learning & Culture,54018,15435,501,399.274749143157,0.3270623504067604,0.22744993402318273,0.41931893015461064,0.04868644275385624,0.0004997501249375312,0.032458697764820216,-1.1909008141326392,0.055430292128932454,-1.2995441867053468,-1.0822574415599315,2.1665822690100716e-102,0.0005523554012467451,7.58303794153525e-102,associated,False
German Revolution,german-revolution,Religion,Learning & Culture,Religion + Learning & Culture,54018,15435,1201,525.2943840258079,1.1922660106448768,1.147926663051495,1.2364606481122022,0.0227623035264662,0.0004997501249375312,0.07781017168772271,-0.357663915959824,0.04306278187928766,-0.4420669684432278,-0.2732608634764202,9.928375745306793e-17,0.0005523554012467451,1.2264464155967214e-16,associated,False
Irish revolution,irish-revolution,Politics,Administration & Law,Politics + Administration & Law,3104,1009,128,85.03406535204206,0.5871973427691229,0.44383205749105514,0.7245242776682899,0.07173356140062835,0.0004997501249375312,0.12685827552031714,0.7429440355793043,0.13410455507422828,0.4800991076338169,1.0057889635247919,3.024098250362801e-08,0.0020989505247376314,9.072294751088404e-08,associated,False
Irish revolution,irish-revolution,Politics,Military,Politics + Military,3104,1009,73,72.45179268717777,0.010800819179055485,-0.23538972003232034,0.2268907737265023,0.11466150023596429,0.9230384807596201,0.07234886025768088,-0.41681410760446047,0.14262118485750655,-0.6963516299251733,-0.13727658528374764,0.0034720473551914342,0.9230384807596201,0.005608691881463086,not distinguishable,False
Irish revolution,irish-revolution,Politics,Business,Politics + Business,3104,1009,204,139.12700201257275,0.5505228765289527,0.4441327909139863,0.663994661738541,0.055882307591368606,0.0004997501249375312,0.20218037661050545,1.1409782591553046,0.118616474304893,0.9084899695177143,1.3734665487928948,6.643943319291242e-22,0.0020989505247376314,6.976140485255803e-21,associated,False
Irish revolution,irish-revolution,Politics,Nobility & Kinship,Politics + Nobility & Kinship,3104,1009,52,64.3983535014007,-0.3058644541283012,-0.6165379414126669,-0.04664774670947177,0.14546820982673778,0.04097951024487756,0.05153617443012884,-0.4122776741479445,0.16672936004101563,-0.7390672198283351,-0.08548812846755383,0.013408318893052796,0.06146926536731634,0.017598418547131796,not distinguishable,False
Irish revolution,irish-revolution,Politics,Religion,Politics + Religion,3104,1009,25,56.93690801044869,-1.171480839854362,-1.7313808526493848,-0.778818070611621,0.2463956700635377,0.0009995002498750624,0.024777006937561942,-1.8359264458586018,0.21130977686938954,-2.2500936085226053,-1.4217592831945982,3.67846337921767e-18,0.0034982508745627187,2.5749243654523693e-17,dissociated,False
Irish revolution,irish-revolution,Politics,Learning & Culture,Politics + Learning & Culture,3104,1009,170,234.05187839110758,-0.46013531534562546,-0.5953199228552389,-0.34912517172949326,0.06275898405227853,0.0004997501249375312,0.16848364717542122,-1.5689259554132247,0.09456961197545831,-1.754282394885123,-1.3835695159413264,8.208745385418539e-62,0.0020989505247376314,1.7238365309378932e-60,dissociated,False
Irish revolution,irish-revolution,Administration & Law,Military,Administration & Law + Military,3104,1009,10,13.285663007683311,-0.39277932610124894,-1.486924396236738,0.2957014082680373,0.4494229498942588,0.3453273363318341,0.009910802775024777,-0.7749604690611241,0.3222321099412171,-1.4065354045459095,-0.14338553357633865,0.016173530907804403,0.3816775822615009,0.019979067591993672,not distinguishable,False
Irish revolution,irish-revolution,Administration & Law,Business,Administration & Law + Business,3104,1009,10,25.512059749702246,-1.30879131487378,-2.4297174918283555,-0.6440469736373553,0.45013874626910827,0.014492753623188406,0.009910802775024777,-1.0520906334268862,0.32090175622355593,-1.6810580756250557,-0.42312319122871667,0.0010434397390028628,0.03381642512077295,0.0018260195432550097,dissociated,False
Irish revolution,irish-revolution,Administration & Law,Nobility & Kinship,Administration & Law + Nobility & Kinship,3104,1009,8,11.808884102610874,-0.5341652297077868,-1.6914718085690277,0.1914376758998803,0.4926978147124971,0.23488255872063968,0.007928642220019821,-0.6291417803975148,0.3574577596368546,-1.3297589892857498,0.0714754284907202,0.0784001590585854,0.2740296518407463,0.08665280738054175,not distinguishable,True
Irish revolution,irish-revolution,Administration & Law,Religion,Administration & Law + Religion,3104,1009,4,10.440660533996121,-1.2817029358125558,-3.0784714414874252,-0.3232519164042401,0.7768904416558297,0.09495252373813093,0.003964321110009911,-1.7309798434506567,0.48002817442957046,-2.6718350653326146,-0.7901246215686986,0.0003109575100606639,0.1329335332333833,0.0005936461555703583,not distinguishable,True
Irish revolution,irish-revolution,Administration & Law,Learning & Culture,Administration & Law + Learning & Culture,3104,1009,29,42.918667258454796,-0.5576004884493956,-1.074577519818225,-0.1502887337400795,0.23716377996531537,0.022488755622188907,0.028741328047571853,-1.4555380730766785,0.20014438323970593,-1.847821064226502,-1.063255081926855,3.5305070013928683e-13,0.03935532233883059,1.8535161757312557e-12,dissociated,False
Irish revolution,irish-revolution,Military,Business,Military + Business,3104,1009,6,21.737105668839234,-1.7744573991176606,-3.214637766444354,-0.9678870801372707,0.6014766063107644,0.017491254372813594,0.005946481665014866,-1.6554629608638731,0.40142081589572604,-2.4422477600194963,-0.8686781617082501,3.7233472509747435e-05,0.03673163418290855,8.687810252274401e-05,dissociated,True
Irish revolution,irish-revolution,Military,Nobility & Kinship,Military + Nobility & Kinship,3104,1009,20,10.06155379408455,0.9568018130912953,0.2854740280637295,1.4266365658381288,0.2914973429945941,0.0074962518740629685,0.019821605550049554,0.27875204180675683,0.2431964101542914,-0.19791292209565425,0.7554170057091679,0.2517118695614162,0.022488755622188907,0.2517118695614162,associated,False
Irish revolution,irish-revolution,Military,Religion,Military + Religion,3104,1009,5,8.895782759469348,-0.7725817384485053,-2.5409262898920613,0.10710422311356022,0.6553273127193223,0.19490254872563717,0.004955401387512388,-1.6146222904268408,0.4355657670535813,-2.46833119385186,-0.7609133870018214,0.00020976697260168908,0.24076197195519883,0.00044051064246354707,not distinguishable,True
Irish revolution,irish-revolution,Military,Learning & Culture,Military + Learning & Culture,3104,1009,49,36.568102086452306,0.41725027517029345,0.07820058486417576,0.7089545667475963,0.16259379401442034,0.01249375312343828,0.048562933597621406,-0.9241413731510991,0.16235225583810214,-1.2423517945937794,-0.6059309517084189,1.2541344884961041e-08,0.032796101949025484,4.3894707097363644e-08,associated,False
Irish revolution,irish-revolution,Business,Nobility & Kinship,Business + Nobility & Kinship,3104,1009,9,19.320899636027185,-1.0610230268632266,-2.201445001965025,-0.3354481963847728,0.48054375433887214,0.030984507746126936,0.008919722497522299,-0.877093197899791,0.337998643991612,-1.5395705401233504,-0.21461585567623154,0.00946017352512043,0.0500518971283589,0.013244242935168602,not distinguishable,True
Irish revolution,irish-revolution,Business,Religion,Business + Religion,3104,1009,4,17.082304522454354,-1.9661272711630189,-3.6857581379655575,-1.0202334080576039,0.778620274353503,0.020989505247376312,0.003964321110009911,-2.095670136968128,0.478825239736825,-3.0341676068523054,-1.157172667083951,1.2049458250144844e-05,0.03935532233883059,3.162982790663021e-05,dissociated,True
Irish revolution,irish-revolution,Business,Learning & Culture,Business + Learning & Culture,3104,1009,60,70.22062841901497,-0.225195952095625,-0.5471219588482624,0.034539116657556546,0.14845752075701898,0.12043978010994502,0.05946481665014866,-0.9965889048081913,0.14727923607242552,-1.2852562075101452,-0.7079216021062373,1.3178687761584547e-11,0.15807721139430284,5.5350488598655094e-11,not distinguishable,False
Irish revolution,irish-revolution,Nobility & Kinship,Religion,Nobility & Kinship + Religion,3104,1009,6,7.906964639086948,-0.3711452867881557,-1.824179003501981,0.42598771514988104,0.5727231136516859,0.4592703648175912,0.005946481665014866,-1.0681920290208275,0.40415808325484054,-1.860341872200315,-0.2760421858413401,0.008217370518785646,0.4822338830584708,0.012326055778178469,not distinguishable,True
Irish revolution,irish-revolution,Nobility & Kinship,Learning & Culture,Nobility & Kinship + Learning & Culture,3104,1009,51,32.503344330021385,0.6419602077074814,0.32516609698105853,0.903897340957166,0.14927343720987205,0.0004997501249375312,0.05054509415262636,-0.39862000668069475,0.16772775651150185,-0.7273664094432384,-0.06987360391815112,0.017473526982136445,0.0020989505247376314,0.020385781479159187,associated,False
Irish revolution,irish-revolution,Religion,Learning & Culture,Religion + Learning & Culture,3104,1009,86,28.737379537352826,1.5648861202921114,1.3664151193820802,1.7662718469604868,0.1002390290761147,0.0004997501249375312,0.08523290386521308,-0.20423246016218116,0.13527644229761537,-0.46937428706550727,0.060909366741144944,0.1311093950729235,0.0020989505247376314,0.13766486482656964,associated,False
Turkish revolution,turkish-revolution,Politics,Administration & Law,Politics + Administration & Law,722,361,46,43.81577550303943,0.06941035629790382,-0.18552093199666547,0.27879873757175816,0.11512586143374373,0.5312343828085957,0.12742382271468145,0.37396023384249283,0.23056742710786435,-0.07795192328892131,0.825872390973907,0.1048220459365806,0.7871064467766117,0.16932792035909172,not distinguishable,False
Turkish revolution,turkish-revolution,Politics,Military,Politics + Military,722,361,103,91.02109464776277,0.17745455488536252,0.058227000032471075,0.2964993193933478,0.06090965756070973,0.004497751124437781,0.2853185595567867,0.09328151256335922,0.16240514592039254,-0.22503257344061017,0.4115955985673286,0.56571382969296,0.08045977011494253,0.65999946797512,not distinguishable,False
Turkish revolution,turkish-revolution,Politics,Business,Politics + Business,722,361,11,11.291495435864931,-0.036112836036286323,-0.7178221960353061,0.4380492789485189,0.29955676034217577,0.896551724137931,0.030470914127423823,-0.06811332172896965,0.40210840628867545,-0.8562457980547735,0.7200191545968342,0.8654895389859917,0.9909255898366606,0.9087640159352913,not distinguishable,False
Turkish revolution,turkish-revolution,Politics,Nobility & Kinship,Politics + Nobility & Kinship,722,361,11,21.465565029545765,-0.9336097497947877,-1.8462552517502977,-0.35969630533421404,0.35768150657997516,0.021989005497251374,0.030470914127423823,-1.3219949103771063,0.3383435811331395,-1.9851483293980596,-0.6588414913561529,9.335032107058801e-05,0.11544227886056972,0.000490089185620587,not distinguishable,False
Turkish revolution,turkish-revolution,Politics,Religion,Politics + Religion,722,361,10,17.66837059029923,-0.7910397110145047,-1.6480717671276202,-0.2104099196690945,0.3685094280468417,0.03548225887056472,0.027700831024930747,-1.083446248417448,0.3607370582409884,-1.7904908825697854,-0.3764016142651109,0.0026696043544444732,0.14902548725637182,0.009343615240555657,not distinguishable,False
Turkish revolution,turkish-revolution,Politics,Learning & Culture,Politics + Learning & Culture,722,361,82,77.73769877479938,0.07653018279798376,-0.06763265300053042,0.22037737121501527,0.07301565587272982,0.28785607196401797,0.22714681440443213,-1.1832286198455222,0.16232151075898588,-1.5013787809331345,-0.8650784587579099,3.113071147603646e-13,0.5570964517741129,3.2687247049838283e-12,not distinguishable,False
Turkish revolution,turkish-revolution,Administration & Law,Military,Administration & Law + Military,722,361,15,15.026299136171284,-0.002445773004018328,-0.7249600991813938,0.48398424077439317,0.31107906098006083,0.9920039980009995,0.04155124653739612,-0.7490177761470584,0.29314673638257005,-1.3235853794568957,-0.1744501728372212,0.010615880359586757,0.9920039980009994,0.02786668594391524,not distinguishable,False
Turkish revolution,turkish-revolution,Administration & Law,Business,Administration & Law + Business,722,361,1,1.8640666624655844,-0.6563082167962084,-2.5464078311828775,0.6512033078143502,1.0005915244423642,0.5622188905547226,0.002770083102493075,-0.8107792796546789,0.8490861585103993,-2.4749881503350615,0.8534295910257037,0.3396360686459551,0.7871064467766117,0.4754904961043371,not distinguishable,True
Turkish revolution,turkish-revolution,Administration & Law,Nobility & Kinship,Administration & Law + Nobility & Kinship,722,361,4,3.543662076457131,0.15426256329872862,-1.5599055676367526,1.067979259326498,0.7191828249016435,0.8050974512743628,0.0110803324099723,-0.5054504964603808,0.5048708880930736,-1.494997437122805,0.48409644420204345,0.31675524609165795,0.9392803598200898,0.4751328691374869,not distinguishable,True
Turkish revolution,turkish-revolution,Administration & Law,Religion,Administration & Law + Religion,722,361,3,2.916798823019791,0.03470961592809465,-2.604537544036369,1.0104869685049893,0.8368740748966558,0.9570214892553723,0.008310249307479225,-0.49464951054394907,0.5688658271616297,-1.6096265317807432,0.6203275106928452,0.38455383914222807,0.9920039980009994,0.5047269138741743,not distinguishable,True
Turkish revolution,turkish-revolution,Administration & Law,Learning & Culture,Administration & Law + Learning & Culture,722,361,11,12.833397801554815,-0.21341061369108646,-1.0861626163449114,0.3778300203790844,0.3750861286160415,0.5612193903048476,0.030470914127423823,-1.5876240539923208,0.3267619307959316,-2.2280774383523467,-0.9471706696322949,1.181848339246921e-06,0.7871064467766117,8.272938374728447e-06,not distinguishable,False
Turkish revolution,turkish-revolution,Military,Business,Military + Business,722,361,2,3.872335618075492,-0.8064760508501354,-3.184393598857782,0.3325888008453592,0.93737309783628,0.3183408295852074,0.00554016620498615,-1.4346896780407201,0.6702731544520963,-2.748425060766829,-0.12095429531461122,0.032317995310850375,0.5570964517741129,0.0678677901527858,not distinguishable,True
Turkish revolution,turkish-revolution,Military,Nobility & Kinship,Military + Nobility & Kinship,722,361,11,7.36145823183062,0.5487650114227908,-0.3521475625085186,1.1437339809850697,0.372879899711627,0.12643678160919541,0.030470914127423823,-0.5972667478294519,0.3398246483982278,-1.2633230586899784,0.06878956303107453,0.0788201300895664,0.37931034482758624,0.13793522765674118,not distinguishable,False
Turkish revolution,turkish-revolution,Military,Religion,Military + Religion,722,361,5,6.059238223916653,-0.254096654377765,-1.754056379153384,0.5510374248086564,0.6071706306736993,0.6486756621689156,0.013850415512465374,-1.1852365477457238,0.4625842005405355,-2.0919015808051733,-0.2785715146862743,0.010400926066361081,0.8513868065967017,0.02786668594391524,not distinguishable,True
Turkish revolution,turkish-revolution,Military,Learning & Culture,Military + Learning & Culture,722,361,14,26.65957414965031,-0.9054079586869055,-1.6147945886747035,-0.40183610638121753,0.3181461839134421,0.011494252873563218,0.038781163434903045,-2.788023906943777,0.2860544628768796,-3.3486906541824606,-2.227357159705093,1.9097677664131386e-22,0.08045977011494253,4.010512309467591e-21,not distinguishable,False
Turkish revolution,turkish-revolution,Business,Nobility & Kinship,Business + Nobility & Kinship,722,361,2,0.9132154732668758,0.8229466444216338,-1.563458024849078,1.9663089772190716,0.9668103767155664,0.30884557721139433,0.00554016620498615,0.2082741067410279,0.679799698250038,-1.1241333018290467,1.5406815153111024,0.7593186098120368,0.5570964517741129,0.8392468845290934,not distinguishable,True
Turkish revolution,turkish-revolution,Business,Religion,Business + Religion,722,361,2,0.7516703794317076,0.9980734084710206,-1.3541941425673165,2.0845709077579406,0.9317015663014784,0.19290354822588707,0.00554016620498615,0.4951845379974251,0.6838188036805033,-0.8451003172163614,1.8354693932112116,0.46897620828719544,0.5063718140929535,0.5793235514135944,not distinguishable,True
Turkish revolution,turkish-revolution,Business,Learning & Culture,Business + Learning & Culture,722,361,4,3.3072164315074866,0.2411884153122504,-1.3869582216660878,1.1168238521687615,0.6812844636082347,0.6946526736631684,0.0110803324099723,-1.1722215243301908,0.5241061041257904,-2.1994694884167396,-0.14497356024364172,0.02531176952955345,0.8581003615839139,0.05906079556895805,not distinguishable,True
Turkish revolution,turkish-revolution,Nobility & Kinship,Religion,Nobility & Kinship + Religion,722,361,3,1.4289541630797031,0.8595360604141282,-1.7030148360690034,1.8631258624803717,0.8213594703392738,0.23288355822088955,0.008310249307479225,-0.03417983084485066,0.5742478351151925,-1.159705587670628,1.0913459259809266,0.9525371042466546,0.5433949691820756,0.9525371042466546,not distinguishable,True
Turkish revolution,turkish-revolution,Nobility & Kinship,Learning & Culture,Nobility & Kinship + Learning & Culture,722,361,10,6.287145027027885,0.6295125819631778,-0.35061081612347683,1.2412065548888014,0.39712620913222046,0.10594702648675662,0.027700831024930747,-1.1605141131903463,0.34997329947384026,-1.846461780159073,-0.47456644622161936,0.0009131335266935644,0.37081459270364814,0.0038351608121129704,not distinguishable,False
Turkish revolution,turkish-revolution,Religion,Learning & Culture,Religion + Learning & Culture,722,361,11,5.174967821233083,1.0189497441431645,0.2422559382669467,1.585645479953976,0.35049948895786104,0.009495252373813094,0.030470914127423823,-0.6814979279128554,0.35060297081401226,-1.3686797507083193,0.0056838948826086755,0.05192099374436014,0.08045977011494253,0.09912189714832391,not distinguishable,False
Chinese Communist Revolution,chinese-communist-revolution,Politics,Administration & Law,Politics + Administration & Law,2698,1051,119,78.49323447034944,0.5972096169434755,0.4613934228662078,0.7351567210262437,0.07092366741544713,0.0004997501249375312,0.11322549952426261,0.5533767643671254,0.1388841520891336,0.2811638262724235,0.8255897024618273,6.763699663707324e-05,0.0014992503748125937,0.00012912517539804893,associated,False
Chinese Communist Revolution,chinese-communist-revolution,Politics,Military,Politics + Military,2698,1051,246,158.2449616246557,0.634876843407985,0.5358760360576813,0.7367098058934842,0.05129899684147889,0.0004997501249375312,0.2340627973358706,1.3247687367031604,0.11984729554872642,1.0898680374276566,1.5596694359786643,2.101142889657824e-28,0.0014992503748125937,1.4708000227604769e-27,associated,False
Chinese Communist Revolution,chinese-communist-revolution,Politics,Business,Politics + Business,2698,1051,63,109.57030104809814,-0.793596759275487,-1.0910256867170378,-0.5539323767137206,0.13622645580490822,0.0004997501249375312,0.05994291151284491,-0.9058734573516639,0.1484703237770024,-1.1968752919545886,-0.6148716227487392,1.0515837568244327e-09,0.0014992503748125937,3.154751270473298e-09,dissociated,False
Chinese Communist Revolution,chinese-communist-revolution,Politics,Nobility & Kinship,Politics + Nobility & Kinship,2698,1051,55,64.57354538653539,-0.22958338642155554,-0.5222474914734802,0.023978180920848788,0.1391265949320505,0.09745127436281859,0.05233111322549953,-0.25826715581619,0.1704274999067075,-0.5923050556333367,0.07577074400095674,0.12966917353267143,0.1331521739130435,0.13845610272036674,not distinguishable,False
Chinese Communist Revolution,chinese-communist-revolution,Politics,Religion,Politics + Religion,2698,1051,31,39.12077264470317,-0.33090518588573803,-0.7807130875536548,0.011725810106502635,0.20317931618270074,0.10144927536231885,0.029495718363463368,-1.3550304341489057,0.19821647532959052,-1.7435347257949032,-0.9665261425029082,8.13701657669958e-12,0.1331521739130435,2.8479558018448527e-11,not distinguishable,False
Chinese Communist Revolution,chinese-communist-revolution,Politics,Learning & Culture,Politics + Learning & Culture,2698,1051,192,255.99718478009044,-0.4140845456150778,-0.5318121550280901,-0.31356737034418164,0.0550940891227255,0.0004997501249375312,0.18268315889628925,-2.4909775698791066,0.09700604971973449,-2.681109427329786,-2.300845712428427,2.0282104598120356e-145,0.0014992503748125937,4.259241965605275e-144,dissociated,False
Chinese Communist Revolution,chinese-communist-revolution,Administration & Law,Military,Administration & Law + Military,2698,1051,10,22.319679222214262,-1.119889183815241,-2.1693753310426085,-0.4586223738775277,0.4545547587549786,0.02348825587206397,0.009514747859181731,-1.2435405128112338,0.32113692698958823,-1.8729688897108268,-0.6141121359116408,0.00010781039266058307,0.04932533733133433,0.00018866818715602038,dissociated,False
Chinese Communist Revolution,chinese-communist-revolution,Administration & Law,Business,Administration & Law + Business,2698,1051,8,15.454355996974499,-0.9084156285517927,-2.151675434166391,-0.14683886694936646,0.5119201042819927,0.07446276861569215,0.007611798287345386,-1.1629393423334795,0.3554254366727606,-1.8595731982120904,-0.4663054864548687,0.0010680305893436286,0.12028601084073347,0.0016020458840154427,not distinguishable,True
Chinese Communist Revolution,chinese-communist-revolution,Administration & Law,Nobility & Kinship,Administration & Law + Nobility & Kinship,2698,1051,3,9.107783302997777,-1.4568486903498057,-4.205979165437368,-0.41602624859802395,0.8762885505689365,0.05897051474262868,0.0028544243577545195,-1.480350523657222,0.5448945058257906,-2.5483437550757717,-0.4123572922386727,0.00659233233064704,0.10319840079960019,0.00865243618397424,not distinguishable,True
Chinese Communist Revolution,chinese-communist-revolution,Administration & Law,Religion,Administration & Law + Religion,2698,1051,3,5.5177939783386085,-0.7818797941987268,-3.518670162307698,0.22335338839203786,0.8563594181589508,0.26686656671664166,0.0028544243577545195,-1.7173357960180589,0.5437569097541873,-2.7830993391362657,-0.6515722528998518,0.0015870382366789564,0.31134432783608196,0.002221853531350539,not distinguishable,True
Chinese Communist Revolution,chinese-communist-revolution,Administration & Law,Learning & Culture,Administration & Law + Learning & Culture,2698,1051,24,36.107153032992876,-0.5793438292522857,-1.1556499032146696,-0.13616100022427788,0.26221820317210615,0.027486256871564217,0.022835394862036156,-2.28975137780693,0.21762480993829708,-2.7162960052859924,-1.8632067503278678,6.872988059661842e-26,0.05247376311844077,3.608318731322467e-25,not distinguishable,False
Chinese Communist Revolution,chinese-communist-revolution,Military,Business,Military + Business,2698,1051,11,31.156493781624008,-1.460867612751969,-2.468626616929872,-0.8253831350326643,0.4253910073788578,0.004997501249375313,0.010466222645099905,-1.3889772334796557,0.3065617319028482,-1.9898382280092382,-0.7881162389500733,5.875408868947227e-06,0.011660836248542396,1.3709287360876861e-05,dissociated,False
Chinese Communist Revolution,chinese-communist-revolution,Military,Nobility & Kinship,Military + Nobility & Kinship,2698,1051,15,18.36159293210162,-0.2831833066533976,-1.0515140951400417,0.24707861318300733,0.33099169126774736,0.3893053473263368,0.014272121788772598,-0.41171730957483604,0.2732402457561721,-0.9472681912569334,0.12383357210726126,0.13186295497177786,0.4302848575712144,0.13845610272036674,not distinguishable,False
Chinese Communist Revolution,chinese-communist-revolution,Military,Religion,Military + Religion,2698,1051,2,11.124055496589122,-2.2171134959415117,-4.649712517439644,-1.0503191623972192,0.9955101618421286,0.09295352323838081,0.0019029495718363464,-2.60059858746374,0.6389557569155216,-3.8529518710181625,-1.3482453039093176,4.6997773063443796e-05,0.1331521739130435,9.869532343323197e-05,not distinguishable,True
Chinese Communist Revolution,chinese-communist-revolution,Military,Learning & Culture,Military + Learning & Culture,2698,1051,30,72.79321695221884,-1.2648704451486772,-1.8034515572792174,-0.8726440501330757,0.2312152986174966,0.0004997501249375312,0.028544243577545196,-2.6864655786780207,0.19371666704636056,-3.0661502460888874,-2.306780911267154,9.897860626234406e-44,0.0014992503748125937,1.0392753657546126e-42,dissociated,False
Chinese Communist Revolution,chinese-communist-revolution,Business,Nobility & Kinship,Business + Nobility & Kinship,2698,1051,14,12.713739790749452,0.1340140601514195,-0.7218698548052497,0.7105015375550645,0.3622350480869118,0.6986506746626686,0.013320647002854425,-0.1768580847597871,0.282732667377616,-0.7310141128199144,0.3772979433003402,0.5316225240503183,0.6986506746626686,0.5316225240503183,not distinguishable,False
Chinese Communist Revolution,chinese-communist-revolution,Business,Religion,Business + Religion,2698,1051,2,7.702400740745688,-1.714118135556984,-4.146381097438693,-0.5199584551380689,0.9811013653950069,0.13243378310844578,0.0019029495718363464,-2.2984287528882716,0.6395926802807363,-3.552030406238515,-1.0448270995380284,0.0003261629193681166,0.1635946732516095,0.0005268785620561883,not distinguishable,True
Chinese Communist Revolution,chinese-communist-revolution,Business,Learning & Culture,Business + Learning & Culture,2698,1051,129,50.40270864757456,1.3471377654088035,1.1815959135991643,1.521169449789671,0.08733806492338138,0.0004997501249375312,0.12274024738344434,-0.2032131416257143,0.1264006737096366,-0.450958462096602,0.04453217884517341,0.1079030160979283,0.0014992503748125937,0.12588685211424966,associated,False
Chinese Communist Revolution,chinese-communist-revolution,Nobility & Kinship,Religion,Nobility & Kinship + Religion,2698,1051,6,4.539289561680532,0.36721936102013,-1.0570311343122465,1.1421702439144974,0.581273378586964,0.46976511744127936,0.005708848715509039,-0.6858749004134375,0.4072408653006184,-1.4840669964026496,0.11231719557577469,0.09214310150629547,0.49325337331334335,0.11382383127248263,not distinguishable,True
Chinese Communist Revolution,chinese-communist-revolution,Nobility & Kinship,Learning & Culture,Nobility & Kinship + Learning & Culture,2698,1051,46,29.704049029031744,0.6224887520165902,0.26562299325904637,0.9244087274410195,0.16382275345100614,0.0009995002498750624,0.04376784015223597,-0.9910290941489796,0.1781629286466515,-1.3402284342964166,-0.6418297540015425,2.659558255385169e-08,0.002623688155922039,6.981340420386069e-08,associated,False
Chinese Communist Revolution,chinese-communist-revolution,Religion,Learning & Culture,Religion + Learning & Culture,2698,1051,42,17.99568757973404,1.200273907404597,0.8821365074005127,1.4862224961250436,0.1549607866754666,0.0004997501249375312,0.039961941008563276,-1.436443022000121,0.1773273471745892,-1.7840046224623158,-1.088881421537926,5.472654243235728e-16,0.0014992503748125937,2.2985147821590057e-15,associated,False
Cuban Revolution,cuban-revolution,Politics,Administration & Law,Politics + Administration & Law,1260,279,48,30.53650247227714,0.6440187590466883,0.40186326636015346,0.8862554998937496,0.12427821777918996,0.0004997501249375312,0.17204301075268819,1.6564365949352766,0.21374383609035247,1.2374986761981859,2.0753745136723674,9.215745968038939e-15,0.0013118440779610195,6.451022177627256e-14,associated,False
Cuban Revolution,cuban-revolution,Politics,Military,Politics + Military,1260,279,40,20.69576053457685,0.9341461746885993,0.6674291219799151,1.2154628672429255,0.14116049944904635,0.0004997501249375312,0.14336917562724014,1.9870206664103272,0.24941734931173715,1.4981626617593222,2.475878671061332,1.6303388008904711e-15,0.0013118440779610195,1.7118557409349947e-14,associated,False
Cuban Revolution,cuban-revolution,Politics,Business,Politics + Business,1260,279,7,17.489007768831502,-1.2621531124127525,-2.506299950654138,-0.5200298855700898,0.5116634406062229,0.02448775612193903,0.025089605734767026,-0.4504190820513673,0.3960853901106142,-1.2267464466681712,0.3259082825654365,0.2554644197500222,0.05713809761785774,0.41267329344234355,not distinguishable,True
Cuban Revolution,cuban-revolution,Politics,Nobility & Kinship,Politics + Nobility & Kinship,1260,279,15,18.679922838449794,-0.3073287008518514,-0.9461052645564892,0.17775508406666293,0.2885764911529359,0.2673663168415792,0.053763440860215055,0.5895351699583066,0.3058397265137127,-0.009910694008570364,1.1889810339251836,0.053905504056396915,0.40104947526236884,0.1415019481480419,not distinguishable,False
Cuban Revolution,cuban-revolution,Politics,Religion,Politics + Religion,1260,279,5,5.1847098622187575,-0.04765509969398138,-1.566429749088291,0.7098974492380395,0.5758513871699296,0.9260369815092454,0.017921146953405017,-0.19329465731568332,0.46729895381856035,-1.1092006068000617,0.722611292168695,0.6791360219306493,0.9260369815092455,0.7130928230271818,not distinguishable,True
Cuban Revolution,cuban-revolution,Politics,Learning & Culture,Politics + Learning & Culture,1260,279,47,69.41409651294444,-0.5576558565912914,-0.83549180594777,-0.34933053636643635,0.12383939907238822,0.0004997501249375312,0.16845878136200718,-1.8871749461348324,0.17683492189512934,-2.233771393049286,-1.5405784992203788,1.376930820516054e-26,0.0013118440779610195,2.8915547230837136e-25,dissociated,False
Cuban Revolution,cuban-revolution,Administration & Law,Military,Administration & Law + Military,1260,279,2,7.629410128746367,-1.7012225790358024,-4.108140862777928,-0.533151173525004,0.9636893998198941,0.13193403298350825,0.007168458781362007,-0.9677440134630707,0.6518866114147261,-2.245441771835934,0.30995374490979255,0.1376688656415857,0.23088455772113944,0.2628223798612091,not distinguishable,True
Cuban Revolution,cuban-revolution,Administration & Law,Business,Administration & Law + Business,1260,279,3,6.447253426145962,-0.9890878037425824,-3.644194189017834,0.011075703869017857,0.8221314113766911,0.18240879560219891,0.010752688172043012,-0.4592479790912317,0.5595575232463117,-1.5559807246540025,0.6374847664715392,0.41179770320234144,0.294660362126629,0.5404844854530731,not distinguishable,True
Cuban Revolution,cuban-revolution,Administration & Law,Nobility & Kinship,Administration & Law + Nobility & Kinship,1260,279,0,6.886279548401403,-3.8848478652324507,-4.282621284390905,-3.4377965257550414,0.21346028225607722,0.0004997501249375312,0.0,-2.399134737508364,1.4239611501592855,-5.190098591820563,0.3918291168038355,0.09202106704151304,0.0013118440779610195,0.21471582309686377,dissociated,True
Cuban Revolution,cuban-revolution,Administration & Law,Religion,Administration & Law + Religion,1260,279,1,1.9113227499581595,-0.6848622645290969,-2.593399516814393,0.651080364608129,1.0064391277067009,0.5572213893053474,0.0035842293906810036,-0.7992875970984812,0.8394710760073985,-2.444650906072982,0.8460757118760198,0.3410298471019433,0.7313530734632684,0.4954510960665014,not distinguishable,True
Cuban Revolution,cuban-revolution,Administration & Law,Learning & Culture,Administration & Law + Learning & Culture,1260,279,25,25.5892316751946,-0.03295721049751141,-0.45604439688444753,0.31943849855963813,0.2036552796102205,0.8640679660169915,0.08960573476702509,-1.5721680018915243,0.2357643046961452,-2.034266039095969,-1.1100699646870797,2.5862724574495567e-11,0.9260369815092455,1.3577930401610172e-10,not distinguishable,False
Cuban Revolution,cuban-revolution,Military,Business,Military + Business,1260,279,4,4.369551265223757,-0.11386383097532686,-1.9050049765163761,0.8076414383930149,0.7248497785294904,0.8500749625187406,0.014336917562724014,0.2207976748645684,0.504492648664157,-0.7680079165171794,1.209603266246316,0.6616307258654408,0.9260369815092455,0.7130928230271818,not distinguishable,True
Cuban Revolution,cuban-revolution,Military,Nobility & Kinship,Military + Nobility & Kinship,1260,279,0,4.667096129861457,-3.3693537242474494,-3.7812544980982308,-2.875984940632386,0.2290183098744008,0.0004997501249375312,0.0,-2.0153452049403606,1.425402288792308,-4.809133690973284,0.7784432810925628,0.15739767133277993,0.0013118440779610195,0.2754459248323649,dissociated,True
Cuban Revolution,cuban-revolution,Military,Religion,Military + Religion,1260,279,1,1.2953768354229345,-0.2593241854091109,-2.13860743290211,1.0857033665552969,0.9960578418013474,0.7531234382808596,0.0035842293906810036,-0.41185582730943987,0.8419724579138195,-2.062121844820526,1.2384101902016462,0.6247313015432563,0.9260369815092455,0.7130928230271818,not distinguishable,True
Cuban Revolution,cuban-revolution,Military,Learning & Culture,Military + Learning & Culture,1260,279,9,17.342805106590987,-0.909343023789396,-1.9517919778392057,-0.24847075730152263,0.42899083134177013,0.038980509745127435,0.03225806451612903,-2.3372075069913394,0.35290068738695224,-3.028892854269766,-1.645522159712913,3.523439945638599e-11,0.08185907046476762,1.4798447771682116e-10,not distinguishable,True
Cuban Revolution,cuban-revolution,Business,Nobility & Kinship,Business + Nobility & Kinship,1260,279,5,3.9439420617890013,0.30759161102698235,-1.3734166696240102,1.141390272189132,0.6342982320623696,0.5537231384307846,0.017921146953405017,0.6987628234912749,0.4674158017121968,-0.21737214786463077,1.6148977948471805,0.134927731435855,0.7313530734632684,0.2628223798612091,not distinguishable,True
Cuban Revolution,cuban-revolution,Business,Religion,Business + Religion,1260,279,1,1.094661657899748,-0.08828785665481986,-1.9834070089498492,1.2564063577280038,0.9924553091696013,0.9035482258870565,0.0035842293906810036,-0.26954615701217344,0.8431636155583463,-1.9221468435065323,1.3830545294821852,0.7492076743931679,0.9260369815092455,0.7492076743931679,not distinguishable,True
Cuban Revolution,cuban-revolution,Business,Learning & Culture,Business + Learning & Culture,1260,279,28,14.655583820452334,0.9111124908669045,0.5427585215392984,1.242065732245674,0.17795067554146593,0.0004997501249375312,0.1003584229390681,-0.5721493346984422,0.25826428747000935,-1.0783473381396607,-0.06595133125722386,0.026735108886627636,0.0013118440779610195,0.0802053266598829,associated,False
Cuban Revolution,cuban-revolution,Nobility & Kinship,Religion,Nobility & Kinship + Religion,1260,279,0,1.169202711443648,-1.7391591692216908,-2.2745927865468785,-1.123144288165309,0.2927963466014406,0.0004997501249375312,0.0,-1.3256094092983093,1.4299016345954307,-4.128216613105353,1.476997794508735,0.353893640047501,0.0013118440779610195,0.4954510960665014,dissociated,True
Cuban Revolution,cuban-revolution,Nobility & Kinship,Learning & Culture,Nobility & Kinship + Learning & Culture,1260,279,31,15.653556710425887,0.9634999743094858,0.6184607779123832,1.2688018838017023,0.16198906937472193,0.0004997501249375312,0.1111111111111111,-0.19639718468476905,0.2674458255603605,-0.7205910027830756,0.3277966334135375,0.4627392276003295,0.0013118440779610195,0.5716190458592305,associated,False
Cuban Revolution,cuban-revolution,Religion,Learning & Culture,Religion + Learning & Culture,1260,279,7,4.344726183145248,0.630475466682637,-0.3391107478407107,1.2479590425662042,0.4086019816657536,0.10194902548725637,0.025089605734767026,-1.77469782674323,0.41170679230620477,-2.5816431396633917,-0.9677525138230687,1.628219678658127e-05,0.1946299577483985,5.6987688753034446e-05,not distinguishable,True
Iranian Revolution,iranian-revolution,Politics,Administration & Law,Politics + Administration & Law,2432,816,85,48.92462461404318,0.790694411444456,0.6146636694523807,0.9660947712543648,0.09060140577227573,0.0004997501249375312,0.10416666666666667,1.4964608321684207,0.1825294525705721,1.1387031051300993,1.8542185592067422,2.434814360999954e-16,0.002623688155922039,1.2782775395249758e-15,associated,False
Iranian Revolution,iranian-revolution,Politics,Military,Politics + Military,2432,816,55,29.21520890468293,0.9012862480039853,0.6872236192251023,1.1112689643227274,0.10721610300222882,0.0004997501249375312,0.06740196078431372,0.9400671225999628,0.19536434232623162,0.5571530116405489,1.3229812335593767,1.4952726961049067e-06,0.002623688155922039,4.48581808831472e-06,associated,False
Iranian Revolution,iranian-revolution,Politics,Business,Politics + Business,2432,816,35,69.24880740097338,-0.9743495246340274,-1.4116845976309171,-0.6390825274836003,0.1964600533796363,0.0009995002498750624,0.0428921568627451,-0.8125243267097061,0.18908699698795933,-1.1831348408061064,-0.4419138126133058,1.7305295243253132e-05,0.0034982508745627187,4.542640001353947e-05,dissociated,False
Iranian Revolution,iranian-revolution,Politics,Nobility & Kinship,Politics + Nobility & Kinship,2432,816,30,28.39783461050488,0.07784785077060272,-0.3591346656174608,0.41598644212233676,0.19826138432507232,0.6821589205397302,0.03676470588235294,0.13214102903510502,0.22390244264650844,-0.30670775855205146,0.5709898166222616,0.5550751125189326,0.6931534232883558,0.5764167362161994,not distinguishable,False
Iranian Revolution,iranian-revolution,Politics,Religion,Politics + Religion,2432,816,69,62.49865967556144,0.14169184287423375,-0.10637904629447452,0.3455934275131799,0.11500447922659335,0.2063968015992004,0.08455882352941177,0.5551016337254654,0.16254984064214115,0.23650394606686875,0.873699321384062,0.0006379075932432745,0.28895552223888055,0.001488451050900974,not distinguishable,False
Iranian Revolution,iranian-revolution,Politics,Learning & Culture,Politics + Learning & Culture,2432,816,261,296.71486475295296,-0.18469532542408745,-0.2487857709833568,-0.1291413799537144,0.03048966144143666,0.0004997501249375312,0.31985294117647056,-1.4276893858018083,0.0942040935568452,-1.6123294091732248,-1.2430493624303918,6.991714755391605e-52,0.002623688155922039,1.468260098632237e-50,dissociated,False
Iranian Revolution,iranian-revolution,Administration & Law,Military,Administration & Law + Military,2432,816,3,4.332038312592834,-0.4652769715889469,-3.1513351248230492,0.5187083848399666,0.8549598072472555,0.5172413793103449,0.003676470588235294,-0.6274008706712008,0.5504216322779703,-1.7062272699360226,0.45142552859362095,0.25434669947169297,0.618607362985174,0.3014450536790833,not distinguishable,True
Iranian Revolution,iranian-revolution,Administration & Law,Business,Administration & Law + Business,2432,816,2,10.268230076365924,-2.106781140328891,-4.5482227016958,-0.9499820373090268,0.9988670409453237,0.12543728135932034,0.0024509803921568627,-1.7225004861872872,0.6422885142763158,-2.981385974168866,-0.4636149982057083,0.007322342488332142,0.21796793910736942,0.013979017477724998,not distinguishable,True
Iranian Revolution,iranian-revolution,Administration & Law,Nobility & Kinship,Administration & Law + Nobility & Kinship,2432,816,3,4.210837852597483,-0.4286287531281517,-3.098385373428434,0.621654836872953,0.8371461239975021,0.5302348825587206,0.003676470588235294,-0.47029114906532343,0.5517874145262641,-1.551794481536801,0.6112121834061541,0.39404485503643205,0.618607362985174,0.43552326082974063,not distinguishable,True
Iranian Revolution,iranian-revolution,Administration & Law,Religion,Administration & Law + Religion,2432,816,4,9.267316522827766,-1.118037248470842,-2.8512781138692542,-0.16363535225050088,0.7552195795619951,0.095952023988006,0.004901960784313725,-0.8333885851305346,0.48605017377435217,-1.786046925728265,0.11926975546719565,0.08641596268637151,0.18318113670437508,0.12962394402955726,not distinguishable,True
Iranian Revolution,iranian-revolution,Administration & Law,Learning & Culture,Administration & Law + Learning & Culture,2432,816,24,43.9969526221515,-0.8609247871331781,-1.4753678774786532,-0.4287463525259446,0.26100871338079146,0.004497751124437781,0.029411764705882353,-2.0834683406096457,0.22712624692622918,-2.528635784585055,-1.6383008966342365,4.59296806120721e-20,0.013493253373313344,4.822616464267571e-19,dissociated,False
Iranian Revolution,iranian-revolution,Military,Business,Military + Business,2432,816,1,6.131646162416769,-2.1444045318445752,-3.970244314064879,-0.763169209582128,1.021290324893265,0.0009995002498750624,0.0012254901960784314,-2.0203500440751476,0.8251495224963334,-3.6376431081679614,-0.40305697998233403,0.014346621413753482,0.0034982508745627187,0.025106587474068593,dissociated,True
Iranian Revolution,iranian-revolution,Military,Nobility & Kinship,Military + Nobility & Kinship,2432,816,5,2.5144905760211085,0.8675173994453506,-0.8192060205991387,1.728321521042436,0.6408546012105362,0.13493253373313344,0.006127450980392157,0.25156460136707776,0.45032711098970807,-0.63107653617275,1.1342057389069056,0.5764167362161994,0.21796793910736942,0.5764167362161994,not distinguishable,True
Iranian Revolution,iranian-revolution,Military,Religion,Military + Religion,2432,816,3,5.533953307482685,-0.7857486104688053,-3.5054321168565314,0.2526394083999717,0.8655994658125935,0.2783608195902049,0.003676470588235294,-0.8699332361502813,0.5490452531732981,-1.9460619323699455,0.20619546006938305,0.11309197891918449,0.36534857571214396,0.14843322233142964,not distinguishable,True
Iranian Revolution,iranian-revolution,Military,Learning & Culture,Military + Learning & Culture,2432,816,7,26.272662737133025,-1.8357981319675518,-3.210323918546548,-1.0855558258007527,0.5358731736444357,0.0074962518740629685,0.00857843137254902,-3.184707195207836,0.3805990841841948,-3.930681400208858,-2.438732990206814,5.879535880234862e-17,0.017491254372813594,4.115675116164404e-16,dissociated,True
Iranian Revolution,iranian-revolution,Business,Nobility & Kinship,Business + Nobility & Kinship,2432,816,5,5.960096817330565,-0.2321241680831411,-1.9289266728690455,0.6294052333832441,0.6362796313133884,0.6786606696651675,0.006127450980392157,-0.5029468315812683,0.4449971295553485,-1.3751412055097512,0.3692475423472147,0.2583814745820714,0.6931534232883558,0.3014450536790833,not distinguishable,True
Iranian Revolution,iranian-revolution,Business,Religion,Business + Religion,2432,816,3,13.117129095538363,-1.9599957442992877,-4.711591771938293,-0.9776594568262955,0.8507843524005229,0.04897551224387806,0.003676470588235294,-1.616806476586331,0.5448056595577142,-2.6846255693194507,-0.5489873838532111,0.0030006080630832262,0.10284857571214394,0.006301276932474775,not distinguishable,True
Iranian Revolution,iranian-revolution,Business,Learning & Culture,Business + Learning & Culture,2432,816,121,62.27409044824011,0.9527151886914934,0.8057762052504938,1.1100695298553351,0.0781042883284707,0.0004997501249375312,0.1482843137254902,-0.25265704353567503,0.1428128533000968,-0.5325702360038648,0.027256148932514712,0.07686921471475318,0.002623688155922039,0.12417334684690898,associated,False
Iranian Revolution,iranian-revolution,Nobility & Kinship,Religion,Nobility & Kinship + Religion,2432,816,2,5.379126032638419,-1.2336736108389657,-3.6306776938977903,-0.10629188408818034,0.9600274090409502,0.14642678660669664,0.0024509803921568627,-1.0663544489744972,0.6458257047889434,-2.3321728303608262,0.1994639324118319,0.0987081595313855,0.21964017991004495,0.1381914233439397,not distinguishable,True
Iranian Revolution,iranian-revolution,Nobility & Kinship,Learning & Culture,Nobility & Kinship + Learning & Culture,2432,816,27,25.537614111227086,0.07883436166986087,-0.40041053658740583,0.45172417112524027,0.21429191965151376,0.6931534232883558,0.03308823529411765,-1.4184579657258172,0.2297494768253597,-1.868766940303522,-0.9681489911481121,6.661161475019583e-10,0.6931534232883558,2.7976878195082245e-09,not distinguishable,False
Iranian Revolution,iranian-revolution,Religion,Learning & Culture,Religion + Learning & Culture,2432,816,71,56.203815366717535,0.3344974304368594,0.11076036633490957,0.551730591801894,0.11302896594527138,0.0069965017491254375,0.08700980392156862,-0.841521500531926,0.16100241990945138,-1.1570862435544507,-0.5259567575094013,1.725033300994617e-07,0.017491254372813594,6.03761655348116e-07,associated,False
