group_a,group_b,pair,n_elites_period,n_diversified_period,n_pair,expected_qi,assoc_log2,assoc_ci_low,assoc_ci_high,assoc_boot_se,p_value,share_of_diversified,log_or_uncond,se_uncond,ci_low_uncond,ci_high_uncond,p_value_uncond,q_value,q_value_uncond,direction,country,era
Politics,Administration & Law,Politics + Administration & Law,2463,952,68,24.193477783417272,1.471973950800509,1.2263680589246138,1.711833036173961,0.12601007373651188,0.0004997501249375312,0.07142857142857142,1.4159280120178468,0.1612566470384538,1.0998649838224774,1.7319910402132161,1.6262372455821938e-18,0.0011660836248542396,5.691830359537678e-18,associated,Austria,1600-1799
Politics,Military,Politics + Military,2463,952,71,32.95027978108029,1.095924964145695,0.8377130404266663,1.3354052943658925,0.12772057802649694,0.0004997501249375312,0.07457983193277311,0.8656366468089907,0.15187992547309487,0.5679519928817247,1.1633213007362566,1.2017319325378332e-08,0.0011660836248542396,2.8040411759216105e-08,associated,Austria,1600-1799
Politics,Business,Politics + Business,2463,952,11,26.656928856608797,-1.2396864750454166,-2.26137896565269,-0.5862518830826282,0.43574607964957623,0.009495252373813094,0.011554621848739496,-1.2252333298784481,0.30793799566583047,-1.8287918013834759,-0.6216748583734204,6.92548631812345e-05,0.016616691654172917,9.089700792537027e-05,dissociated,Austria,1600-1799
Politics,Nobility & Kinship,Politics + Nobility & Kinship,2463,952,39,40.81875094011411,-0.06494398910925886,-0.5030309883696489,0.2668182321661355,0.19473890112967904,0.7266366816591704,0.04096638655462185,-0.14978884822417127,0.18164627844907646,-0.5058155539843612,0.2062378575360186,0.4095883195102855,0.7266366816591704,0.40958831951028546,not distinguishable,Austria,1600-1799
Politics,Religion,Politics + Religion,2463,952,6,22.71671058053773,-1.8366519576785234,-3.335173106019795,-0.9920133794149646,0.6304566890893403,0.020989505247376312,0.0063025210084033615,-1.9315502557427184,0.40165397013047255,-2.718792037198445,-1.1443084742869922,1.5169417070038047e-06,0.03148425787106447,2.6546479872566583e-06,dissociated,Austria,1600-1799
Politics,Learning & Culture,Politics + Learning & Culture,2463,952,31,78.66385206208764,-1.3294899860929856,-1.8405160169614967,-0.9450907663354476,0.22985915383742678,0.0004997501249375312,0.032563025210084036,-2.684222697113789,0.1951571999511832,-3.0667308090181082,-2.30171458520947,4.808552961081234e-43,0.0011660836248542396,3.365987072756864e-42,dissociated,Austria,1600-1799
Administration & Law,Military,Administration & Law + Military,2463,952,19,28.705088570677223,-0.582745636092375,-1.2677483956919073,-0.07562303870492044,0.31065829366799264,0.054972513743128434,0.01995798319327731,-0.7504144494133874,0.24329288910861044,-1.2272685120662639,-0.273560386760511,0.002039579166514586,0.07284592997618837,0.002254271710358227,not distinguishable,Austria,1600-1799
Administration & Law,Business,Administration & Law + Business,2463,952,14,23.222549518094258,-0.710206167799398,-1.5895637351646577,-0.14226847424574143,0.3677567174844934,0.05847076461769116,0.014705882352941176,-0.8610087800621352,0.27805946132094567,-1.4060053242511887,-0.3160122358730817,0.0019582542494873704,0.07284592997618837,0.002254271710358227,not distinguishable,Austria,1600-1799
Administration & Law,Nobility & Kinship,Administration & Law + Nobility & Kinship,2463,952,33,35.55981523875166,-0.10623090921926755,-0.5843118641534909,0.28580630735268636,0.2124348913337673,0.607696151924038,0.03466386554621849,-0.2424769806386865,0.19454362450413618,-0.6237824846667934,0.13882852338942042,0.21262171756093762,0.6380809595202399,0.22325280343898452,not distinguishable,Austria,1600-1799
Administration & Law,Religion,Administration & Law + Religion,2463,952,5,19.789974275823795,-1.8832635122581427,-3.6669359256941365,-1.018915484135817,0.659422691763233,0.01699150424787606,0.005252100840336135,-2.0006855151644003,0.43548270751153534,-2.8542316218870094,-1.1471394084417912,4.344563086548993e-06,0.027447814554261332,6.51684462982349e-06,dissociated,Austria,1600-1799
Administration & Law,Learning & Culture,Administration & Law + Learning & Culture,2463,952,61,68.5290946163506,-0.1666181516080879,-0.48399982667074465,0.0877473195868058,0.14078330522929564,0.21539230384807595,0.06407563025210083,-1.666346661789759,0.1542524187275073,-1.9686814024956734,-1.3640119210838448,3.341323459658209e-27,0.23806517793734708,1.7541948163205595e-26,not distinguishable,Austria,1600-1799
Military,Business,Military + Business,2463,952,3,31.627925125162214,-3.198400985002401,-5.966972323318668,-2.1405908403593226,0.8808413863641643,0.0004997501249375312,0.0031512605042016808,-2.872518348720243,0.5406505681105209,-3.9321934622168637,-1.812843235223622,1.0778919030910317e-07,0.0011660836248542396,2.2635729964911665e-07,dissociated,Austria,1600-1799
Military,Nobility & Kinship,Military + Nobility & Kinship,2463,952,124,48.43065025911661,1.3473353817269684,1.1680063199219686,1.5225230218607475,0.09233157774368073,0.0004997501249375312,0.13025210084033614,1.1600952750746012,0.12704945067179865,0.9110783517578759,1.4091121983913266,6.783618509162808e-20,0.0011660836248542396,2.849119773848379e-19,associated,Austria,1600-1799
Military,Religion,Military + Religion,2463,952,5,26.95293314530121,-2.319456775138558,-4.126633833303117,-1.4365476568325106,0.6680679460156407,0.004997501249375313,0.005252100840336135,-2.5046322511649204,0.4338065231375386,-3.354893036514496,-1.6543714658153448,7.758818138646472e-09,0.00954068420335287,2.036689761394699e-08,dissociated,Austria,1600-1799
Military,Learning & Culture,Military + Learning & Culture,2463,952,40,93.33312312381122,-1.2121753764825325,-1.6582571093710918,-0.8699364868810421,0.2007517751375347,0.0004997501249375312,0.04201680672268908,-2.9118431576917367,0.17315272447698732,-3.2512224976666317,-2.5724638177168417,1.8438992540220383e-63,0.0011660836248542396,1.9360942167231402e-62,dissociated,Austria,1600-1799
Business,Nobility & Kinship,Business + Nobility & Kinship,2463,952,18,39.18062022580639,-1.1009093051269014,-1.820663427535386,-0.5798403658787112,0.3112983111767891,0.0029985007496251873,0.018907563025210083,-1.2494877444736974,0.24621569194442594,-1.732070500684772,-0.7669049882626225,3.8796716152737677e-07,0.006296851574212893,7.406645810977192e-07,dissociated,Austria,1600-1799
Business,Religion,Business + Religion,2463,952,13,21.80504766893581,-0.7244108240751848,-1.6243098253577677,-0.14587252742409432,0.3891305371267397,0.05897051474262868,0.01365546218487395,-1.3292399269000301,0.28487723887446786,-1.8875993150939872,-0.7708805387060731,3.0710538233301375e-06,0.07284592997618837,4.9609330992256065e-06,not distinguishable,Austria,1600-1799
Business,Learning & Culture,Business + Learning & Culture,2463,952,159,75.50692860899817,1.0693535817130164,0.934666293762541,1.2139329681702586,0.0706996723030598,0.0004997501249375312,0.16701680672268907,-0.4064968034654638,0.122530984619477,-0.6466575333196387,-0.16633607361128885,0.0009082622047598085,0.0011660836248542396,0.0011219709588209399,associated,Austria,1600-1799
Nobility & Kinship,Religion,Nobility & Kinship + Religion,2463,952,27,33.38924805716859,-0.3013960076732795,-0.8576156993110634,0.12450567809301345,0.2427072143254028,0.19640179910044978,0.028361344537815126,-0.896935902695622,0.20689022748114433,-1.3024407485586649,-0.4914310568325791,1.4554643663506804e-05,0.22913543228385805,2.0376501128909527e-05,not distinguishable,Austria,1600-1799
Nobility & Kinship,Learning & Culture,Nobility & Kinship + Learning & Culture,2463,952,72,115.62091528707957,-0.6795749484777753,-0.9554741180476223,-0.44626527357871215,0.12883308378952138,0.0004997501249375312,0.07563025210084033,-2.362073876245022,0.13791849426190694,-2.63239412499836,-2.091753627491684,9.40012585473333e-66,0.0011660836248542396,1.9740264294939994e-64,dissociated,Austria,1600-1799
Religion,Learning & Culture,Religion + Learning & Culture,2463,952,133,64.34608627507686,1.0417483322063859,0.8988495561893424,1.1909899517980629,0.07473815270853283,0.0004997501249375312,0.13970588235294118,-0.9710154158432577,0.1205633053247669,-1.207319494279801,-0.7347113374067146,8.01390711987994e-16,0.0011660836248542396,2.4041721359639823e-15,associated,Austria,1600-1799
Politics,Administration & Law,Politics + Administration & Law,10232,2939,343,177.4034579387691,0.9492155462650033,0.8468745010550772,1.0427102321059278,0.05005461673414088,0.0004997501249375312,0.11670636270840422,1.2308061077629595,0.07897292702358404,1.0760191707967348,1.3855930447291842,9.182577140397534e-55,0.0010494752623688157,3.213901999139137e-54,associated,Austria,1800-1899
Politics,Military,Politics + Military,10232,2939,103,109.48804964191551,-0.08771601367146221,-0.3212612172209112,0.11915698856765704,0.11670732749186856,0.4612693653173413,0.03504593399115345,-0.4510355080680791,0.1101903354345184,-0.6670085655197352,-0.23506245061642309,4.2538669305358835e-05,0.4612693653173413,6.380800395803825e-05,not distinguishable,Austria,1800-1899
Politics,Business,Politics + Business,10232,2939,444,326.1468483304366,0.4444516991689955,0.35789153741094337,0.5291661654249589,0.04291053533846321,0.0004997501249375312,0.1510717931269139,0.6894558460869719,0.0643170391485033,0.5633944493559053,0.8155172428180384,8.231841426112036e-27,0.0010494752623688157,2.469552427833611e-26,associated,Austria,1800-1899
Politics,Nobility & Kinship,Politics + Nobility & Kinship,10232,2939,59,91.46015212723951,-0.6281191842496103,-0.9783917638241585,-0.33335787265998407,0.1683206147880376,0.0024987506246876563,0.020074855392990813,-0.6334291742868354,0.14185748751372373,-0.9114698498137339,-0.3553884987599369,7.997523576913645e-06,0.0037481259370314847,1.2919076547322042e-05,dissociated,Austria,1800-1899
Politics,Religion,Politics + Religion,10232,2939,75,88.8300144358061,-0.24266835064343623,-0.5325737982904909,0.01980344742192792,0.13972691878908305,0.08295852073963018,0.025518883974140864,-0.33514560765070467,0.129258945551358,-0.5884931409313663,-0.081798074370043,0.009519166039191252,0.09169099660695967,0.009995124341150814,not distinguishable,Austria,1800-1899
Politics,Learning & Culture,Politics + Learning & Culture,10232,2939,465,695.671477605506,-0.580661539756374,-0.6595052838899003,-0.5072496832293515,0.0385626731869129,0.0004997501249375312,0.15821708063967335,-3.37249801734513,0.06205109023816883,-3.494118154211941,-3.250877880478319,0.0,0.0010494752623688157,0.0,dissociated,Austria,1800-1899
Administration & Law,Military,Administration & Law + Military,10232,2939,20,35.94487638443876,-0.8300920972953538,-1.5779131122105226,-0.3206827689917882,0.32143638867666224,0.017491254372813594,0.006805035726437564,-0.8372254095741999,0.22798694874932446,-1.2840798291228759,-0.39037099002552395,0.00024042291772372973,0.02295727136431784,0.0003155550795123953,dissociated,Austria,1800-1899
Administration & Law,Business,Administration & Law + Business,10232,2939,26,107.0738604327443,-2.0212632926091914,-2.6688617770663576,-1.5500367699072726,0.28264016321020413,0.0004997501249375312,0.008846546444368834,-1.3511450689543627,0.20030420359863912,-1.7437413080076953,-0.9585488299010301,1.525373149558349e-11,0.0010494752623688157,2.9120760127932113e-11,dissociated,Austria,1800-1899
Administration & Law,Nobility & Kinship,Administration & Law + Nobility & Kinship,10232,2939,14,30.026325914723564,-1.0740010599700904,-1.9838418360869947,-0.4776599634063442,0.3788420356624826,0.009995002498750625,0.004763525008506295,-0.7714164280529549,0.27009783715665714,-1.3008081888800027,-0.24202466722590688,0.004289300698910919,0.013993003498250877,0.004740806035638384,dissociated,Austria,1800-1899
Administration & Law,Religion,Administration & Law + Religion,10232,2939,0,29.162852919252156,-5.890585455138479,-6.054989761721258,-5.701096411207781,0.09021000562612169,0.0004997501249375312,0.0,-4.1887993509493775,1.4155880612410487,-6.963351950981833,-1.4142467509169219,0.0030858655338617583,0.0010494752623688157,0.003600176456172051,dissociated,Austria,1800-1899
Administration & Law,Learning & Culture,Administration & Law + Learning & Culture,10232,2939,205,228.3886264162362,-0.15550738257090413,-0.3096991868212846,-0.017420457118039082,0.07510961323867248,0.0399800099950025,0.06975161619598502,-2.012208858612411,0.08599479674158879,-2.180758660225925,-1.843659056998897,4.3551769621008435e-121,0.04664334499416958,3.0486238734705906e-120,dissociated,Austria,1800-1899
Military,Business,Military + Business,10232,2939,16,66.0827487954499,-2.012682407312336,-2.882827097684373,-1.4401324030086282,0.36743167549171607,0.0004997501249375312,0.005444028581150051,-1.708480708934629,0.2513214896873512,-2.2010708287218375,-1.2158905891474208,1.0608959274927146e-11,0.0010494752623688157,2.2278814477347003e-11,dissociated,Austria,1800-1899
Military,Nobility & Kinship,Military + Nobility & Kinship,10232,2939,73,18.531340372464886,1.9493670761137503,1.6621770026306157,2.1969925648212687,0.13651264197303747,0.0004997501249375312,0.024838380401497107,1.2538864838649812,0.1355540349444588,0.988200575373842,1.5195723923561206,2.243120725516642e-20,0.0010494752623688157,5.888191904481185e-20,associated,Austria,1800-1899
Military,Religion,Military + Religion,10232,2939,4,17.998430950680913,-2.03940599901521,-3.7657691885045494,-1.0572036837048546,0.7777888016930469,0.021989005497251374,0.0013610071452875127,-1.8390524132607766,0.4757449898033445,-2.771512593275332,-0.9065922332462214,0.00011080442427816912,0.027162889143663466,0.00015512619398943677,dissociated,Austria,1800-1899
Military,Learning & Culture,Military + Learning & Culture,10232,2939,173,140.95455385847407,0.294597040517693,0.14183695409246505,0.4373678163527933,0.07514150209570498,0.0004997501249375312,0.058863559033684926,-2.0537223165940275,0.09225809524053037,-2.234548183265467,-1.872896449922588,8.900972409508384e-110,0.0010494752623688157,4.673010514991902e-109,associated,Austria,1800-1899
Business,Nobility & Kinship,Business + Nobility & Kinship,10232,2939,30,55.20180766380361,-0.8689149047333743,-1.412147924002317,-0.45141170108821543,0.24015967987090178,0.0009995002498750624,0.010207553589656346,-0.6118087128886512,0.19043246689140877,-0.9850563479958124,-0.23856107778149005,0.0013147835297252835,0.001908136840670574,0.0016241443602488797,dissociated,Austria,1800-1899
Business,Religion,Business + Religion,10232,2939,7,53.6143583583417,-2.8510489396151186,-4.369028575748746,-2.058527394374103,0.5647752020144317,0.0014992503748125937,0.0023817625042531474,-2.087737448235629,0.3696849088333493,-2.8123198695489933,-1.3631550269222643,1.6294661283313978e-08,0.002421865990081882,2.851565724579946e-08,dissociated,Austria,1800-1899
Business,Learning & Culture,Business + Learning & Culture,10232,2939,505,419.8803764348416,0.26601576697879303,0.19133704669646093,0.3378100191525582,0.037470815174093605,0.0004997501249375312,0.17182715209254848,-1.573614800504168,0.06261883225013443,-1.6963477117144314,-1.4508818892939044,2.3350226981405436e-139,0.0010494752623688157,2.4517738330475707e-138,associated,Austria,1800-1899
Nobility & Kinship,Religion,Nobility & Kinship + Religion,10232,2939,8,15.034875844301256,-0.8699759650339095,-2.157629219321847,-0.10124299353416208,0.5235005719361774,0.09145427286356822,0.0027220142905750254,-0.7609376357971644,0.3501288997504134,-1.4471902793079747,-0.07468499228635417,0.029757208889556866,0.09602698650674664,0.029757208889556866,not distinguishable,Austria,1800-1899
Nobility & Kinship,Learning & Culture,Nobility & Kinship + Learning & Culture,10232,2939,144,117.74549808025671,0.2892842353424722,0.12244927030142964,0.45642523529442064,0.08546591289476578,0.0014992503748125937,0.04899625723035046,-1.6780670572677887,0.10504676613811736,-1.8839587188984988,-1.4721753956370787,1.9246458895945166e-57,0.002421865990081882,8.08351273629697e-57,associated,Austria,1800-1899
Religion,Learning & Culture,Religion + Learning & Culture,10232,2939,225,114.35946749431753,0.973257655178711,0.858255681682288,1.0765350464732242,0.05592113234222722,0.0004997501249375312,0.07655665192242259,-0.8364120081026516,0.10031483893742257,-1.0330290924199999,-0.6397949237853033,7.564116281589316e-17,0.0010494752623688157,1.7649604657041738e-16,associated,Austria,1800-1899
Politics,Administration & Law,Politics + Administration & Law,18111,3876,457,283.60225522861634,0.6873614595840195,0.6046322025904914,0.7694488812721864,0.042138356169352076,0.0004997501249375312,0.11790505675954592,0.8754286178484564,0.06462681936168978,0.7487600518995444,1.0020971837973685,8.377743710331818e-42,0.0010494752623688157,2.932210298616136e-41,associated,Austria,1900-2020
Politics,Military,Politics + Military,18111,3876,136,89.01354402487028,0.6087230572960659,0.42977427625142356,0.7733416386312063,0.08584272599712965,0.0004997501249375312,0.03508771929824561,0.6045493666210732,0.11000251102547973,0.3889444450111329,0.8201542882310134,3.889918838555285e-08,0.0010494752623688157,8.168829560966098e-08,associated,Austria,1900-2020
Politics,Business,Politics + Business,18111,3876,847,651.260936320744,0.37887048236643245,0.3262802357450785,0.43327692687628744,0.02758806646974125,0.0004997501249375312,0.21852425180598556,0.8494848602272307,0.04861520499456705,0.7541990584378793,0.9447706620165821,2.274836287222169e-68,0.0010494752623688157,9.55431240633311e-68,associated,Austria,1900-2020
Politics,Nobility & Kinship,Politics + Nobility & Kinship,18111,3876,59,59.49922333904989,-0.01205415743135491,-0.34831546429961124,0.2584641536205551,0.15272796955588056,0.9380309845077461,0.0152218782249742,0.013996070059981661,0.15121694921140288,-0.282389150394368,0.31038129051433133,0.926256121343775,0.9485257371314343,0.926256121343775,not distinguishable,Austria,1900-2020
Politics,Religion,Politics + Religion,18111,3876,17,120.12236641843909,-2.7850706167936083,-3.603650382977296,-2.2163198207995376,0.3507276536406381,0.0004997501249375312,0.0043859649122807015,-2.321752263752815,0.24372445992918076,-2.7994522052140094,-1.844052322291621,1.6324712951477682e-21,0.0010494752623688157,4.285237149762892e-21,dissociated,Austria,1900-2020
Politics,Learning & Culture,Politics + Learning & Culture,18111,3876,659,971.5016747653929,-0.5595861401295916,-0.6230121441719473,-0.5019684762478699,0.030933236696550404,0.0004997501249375312,0.17002063983488133,-4.309967201795871,0.0533926959312894,-4.414616885821198,-4.205317517770544,0.0,0.0010494752623688157,0.0,dissociated,Austria,1900-2020
Administration & Law,Military,Administration & Law + Military,18111,3876,29,26.373611505640806,0.134524738402148,-0.4168835808730637,0.5403078761295683,0.24759183167219462,0.568215892053973,0.007481940144478844,0.3746229346685711,0.19482811189413574,-0.007240164643934954,0.7564860339810772,0.054500373858045056,0.7191992239174531,0.08175056078706758,not distinguishable,Austria,1900-2020
Administration & Law,Business,Administration & Law + Business,18111,3876,46,192.96055573884573,-2.056736826996119,-2.4894033257719603,-1.7093321554411995,0.20123960010635591,0.0004997501249375312,0.011867905056759546,-1.0587790685285785,0.15186343491122897,-1.3564314009545873,-0.7611267361025698,3.1265385940365615e-12,0.0010494752623688157,7.295256719418644e-12,dissociated,Austria,1900-2020
Administration & Law,Nobility & Kinship,Administration & Law + Nobility & Kinship,18111,3876,12,17.628883541509403,-0.5363619852568103,-1.4550433318963136,0.11379978730886131,0.4069957180238045,0.18040979510244878,0.0030959752321981426,-0.08920034938080292,0.2924941974263468,-0.6624889763364427,0.48408827757483686,0.7603931830195756,0.2525737131434283,0.8404345707058467,not distinguishable,Austria,1900-2020
Administration & Law,Religion,Administration & Law + Religion,18111,3876,6,35.590770592989685,-2.4731183240494707,-3.9142613544566056,-1.604891813130975,0.6274728258605463,0.0034982508745627187,0.0015479876160990713,-1.6257315124511074,0.39595541466792156,-2.4018041252002336,-0.8496588997019812,4.0283975437269776e-05,0.005651020643524392,6.507411416789733e-05,dissociated,Austria,1900-2020
Administration & Law,Learning & Culture,Administration & Law + Learning & Culture,18111,3876,294,287.84392339420975,0.030477014925532765,-0.09147802405431955,0.14425272421610325,0.06011619328623023,0.6226886556721639,0.07585139318885449,-2.0822857880851573,0.07090017576518311,-2.2212501325849163,-1.9433214435853985,1.3565328137113502e-189,0.7264700982841912,9.495729695979451e-189,not distinguishable,Austria,1900-2020
Military,Business,Military + Business,18111,3876,33,60.56405619721623,-0.8661623285836644,-1.3845093185384956,-0.48078835883751675,0.2369119281841515,0.0014992503748125937,0.008513931888544891,-0.22002523151056186,0.1829588975652578,-0.5786246707384671,0.1385742077173434,0.22913355731815166,0.0028622052610058606,0.30073779398007405,dissociated,Austria,1900-2020
Military,Nobility & Kinship,Military + Nobility & Kinship,18111,3876,5,5.5331344243595435,-0.1334761087953081,-1.9519157712654722,0.7328505207750651,0.673527404018013,0.8300849575212393,0.0012899896800825593,0.17830175004150767,0.4348467780700024,-0.673997934975697,1.0306014350587123,0.681781367158205,0.9174623214708435,0.8404345707058467,not distinguishable,Austria,1900-2020
Military,Religion,Military + Religion,18111,3876,11,11.170787843362957,-0.021268093135923358,-1.0253241610060195,0.6247773690530757,0.4238827038056918,0.9485257371314343,0.0028379772961816306,0.0984140238131684,0.3030244865694572,-0.49551396986296764,0.6923420174893045,0.7453532497172117,0.9485257371314343,0.8404345707058467,not distinguishable,Austria,1900-2020
Military,Learning & Culture,Military + Learning & Culture,18111,3876,69,90.34486600498846,-0.3863920066460053,-0.6910347204197833,-0.12058818023330702,0.14499995726388917,0.009495252373813094,0.01780185758513932,-2.4725246947100405,0.13462197478877574,-2.7363837652960408,-2.2086656241240403,2.439516832144639e-75,0.014242878560719641,1.2807463368759354e-74,dissociated,Austria,1900-2020
Business,Nobility & Kinship,Business + Nobility & Kinship,18111,3876,18,40.48276411722377,-1.1474920206775725,-1.867084962768599,-0.5958293345589804,0.3148659667024515,0.0029985007496251873,0.0046439628482972135,-0.3940152966991738,0.2434591516004588,-0.8711952338360731,0.08316464043772548,0.10557553231652446,0.005247376311844077,0.14780574524313425,dissociated,Austria,1900-2020
Business,Religion,Business + Religion,18111,3876,1,81.73023364035804,-5.776634522179191,-7.464259820577673,-4.485126428682536,1.022578617938595,0.0004997501249375312,0.00025799793601651185,-3.830524477653622,0.8179994359628937,-5.433803372140893,-2.2272455831663507,2.8298812857108114e-06,0.0010494752623688157,5.402500636357004e-06,dissociated,Austria,1900-2020
Business,Learning & Culture,Business + Learning & Culture,18111,3876,743,661.0014540005468,0.16858841468217287,0.11363415225806583,0.22455822106028983,0.028780149978708147,0.0004997501249375312,0.19169246646026833,-1.7969260831669838,0.04969479579370887,-1.894327882922653,-1.6995242834113145,2.663137548706644e-286,0.0010494752623688157,2.7962944261419766e-285,associated,Austria,1900-2020
Nobility & Kinship,Religion,Nobility & Kinship + Religion,18111,3876,6,7.466877181967867,-0.2935746162439148,-1.6934579815194397,0.5547454163706852,0.5953485982460817,0.5822088955522239,0.0015479876160990713,-0.04383747012027868,0.40029988735495936,-0.828425249335999,0.7407503090954416,0.9127967434778436,0.7191992239174531,0.926256121343775,not distinguishable,Austria,1900-2020
Nobility & Kinship,Learning & Culture,Nobility & Kinship + Learning & Culture,18111,3876,91,60.38911739617344,0.5875873425480019,0.358927922245396,0.785981378101968,0.10929366314009488,0.0004997501249375312,0.02347781217750258,-1.44484639936371,0.13520996770052315,-1.7098579360567352,-1.1798348626706847,1.1843550498327108e-26,0.0010494752623688157,3.553065149498132e-26,associated,Austria,1900-2020
Religion,Learning & Culture,Religion + Learning & Culture,18111,3876,337,121.9189643234949,1.4630604341969784,1.380957722196811,1.535559651037812,0.04022113709871535,0.0004997501249375312,0.0869453044375645,-0.4228535455637184,0.09235382139370574,-0.6038670354953817,-0.24184005563205516,4.680417045230649e-06,0.0010494752623688157,8.190729829153636e-06,associated,Austria,1900-2020
Politics,Administration & Law,Politics + Administration & Law,502,183,6,1.6895827349490602,1.5697837540570305,0.3285135194526193,2.259123600456704,0.5039790290687786,0.01249375312343828,0.03278688524590164,1.247221337645121,0.4762232034465986,0.3138238588897879,2.1806188164004543,0.008819187359432573,0.04372813593203398,0.020578103838676004,associated,Belgium,1400-1599
Politics,Military,Politics + Military,502,183,4,0.6556455053924777,1.9612260828810235,0.5409936305132137,2.684386913947417,0.6057894779951689,0.017491254372813594,0.02185792349726776,1.7001647126866175,0.5897748750240668,0.5442059576394467,2.8561234677337883,0.003942388655824961,0.05247376311844078,0.013798360295387363,not distinguishable,Belgium,1400-1599
Politics,Business,Politics + Business,502,183,3,1.6185768846249433,0.7242594360018239,-1.801969043945321,1.6826834074958483,0.797625458801324,0.27636181909045476,0.01639344262295082,0.5424153074814725,0.5968276010494054,-0.627366790575362,1.7121974055383071,0.36343944470297973,0.32242212227219724,0.42401268548680965,not distinguishable,Belgium,1400-1599
Politics,Nobility & Kinship,Politics + Nobility & Kinship,502,183,8,2.4178535863347643,1.5425553485251318,0.5622384869078627,2.1717328741342175,0.4215766364080128,0.006496751624187906,0.04371584699453552,1.037330157644299,0.4200544294288543,0.2140234759637446,1.8606368393248536,0.01352968473002016,0.027286356821589204,0.028412337933042337,associated,Belgium,1400-1599
Politics,Religion,Politics + Religion,502,183,4,8.718404547254039,-1.0345920799131578,-2.795592997728035,-0.13218745146194386,0.7114058796962163,0.1089455272363818,0.02185792349726776,-1.1589501182536592,0.5107911428549036,-2.1601007582492704,-0.1577994782580483,0.023272491286344805,0.1889055472263868,0.044429301546658265,not distinguishable,Belgium,1400-1599
Politics,Learning & Culture,Politics + Learning & Culture,502,183,8,17.899936742450954,-1.1141660600546817,-2.213226268771387,-0.49757849170633467,0.43824415618395113,0.02348825587206397,0.04371584699453552,-2.85604701535509,0.40531149540179,-3.650457546342598,-2.0616364843675816,1.834105243767867e-12,0.06165667166416792,1.9258105059562602e-11,not distinguishable,Belgium,1400-1599
Administration & Law,Military,Administration & Law + Military,502,183,1,0.488124133870858,0.6021983027151351,-1.2360881237948058,1.8989678732888537,0.9717836845350429,0.559720139930035,0.00546448087431694,0.5485241011137483,0.8813712749966058,-1.1789635978795991,2.2760118001070957,0.5337097452627079,0.559720139930035,0.589889718448256,not distinguishable,Belgium,1400-1599
Administration & Law,Business,Administration & Law + Business,502,183,0,1.205020751935146,-1.7697892985055943,-2.266544890124156,-1.197153220152782,0.2798954763712492,0.0004997501249375312,0.0,-1.325862621934973,1.4392342375446998,-4.146761727522584,1.4950364836526384,0.3569314955286941,0.002623688155922039,0.42401268548680965,dissociated,Belgium,1400-1599
Administration & Law,Nobility & Kinship,Administration & Law + Nobility & Kinship,502,183,4,1.8000774472627772,0.9682425616201368,-0.6481717651857567,1.8222224281557575,0.6609001814305603,0.11694152923538231,0.02185792349726776,0.49173421264973755,0.5336325549272958,-0.5541855950077623,1.5376540203072373,0.3567974472639428,0.1889055472263868,0.42401268548680965,not distinguishable,Belgium,1400-1599
Administration & Law,Religion,Administration & Law + Religion,502,183,3,6.490799728454836,-0.9981025833685135,-3.4193505875694754,-0.028587889440600665,0.7689780320631665,0.14842578710644677,0.01639344262295082,-1.1384631428667218,0.5765995803542806,-2.2685983203611118,-0.008327965372331825,0.04833136559743786,0.21059470264867566,0.08457988979551624,not distinguishable,Belgium,1400-1599
Administration & Law,Learning & Culture,Administration & Law + Learning & Culture,502,183,11,13.326395204252497,-0.2657912071887322,-0.9761245810924162,0.19562915658284372,0.2978744603673223,0.3328335832083958,0.060109289617486336,-1.92896059074154,0.3893183867996271,-2.692024628868809,-1.1658965526142708,7.243739668746386e-07,0.3494752623688156,5.07061776812247e-06,not distinguishable,Belgium,1400-1599
Military,Business,Military + Business,502,183,0,0.46761038898445073,-0.9524981643600794,-1.4531636698792478,-0.4710988620914903,0.25364718639627437,0.0004997501249375312,0.0,-0.5469997807160929,1.4517217367120618,-3.392374384671734,2.2983748232395484,0.7063268327618466,0.002623688155922039,0.7063268327618466,dissociated,Belgium,1400-1599
Military,Nobility & Kinship,Military + Nobility & Kinship,502,183,3,0.6985231698001384,1.5460971226803608,-0.904794471154137,2.3941900442015474,0.7669109862055243,0.053973013493253376,0.01639344262295082,1.087401408918893,0.6300028736944226,-0.1474042235221753,2.3222070413599614,0.0843427156697624,0.1259370314842579,0.12651407350464358,not distinguishable,Belgium,1400-1599
Military,Religion,Military + Religion,502,183,0,2.518766071844616,-2.5939589648457364,-3.27889906469508,-1.6922388022404802,0.41115477478925067,0.0004997501249375312,0.0,-2.4287100358423803,1.4419026301132396,-5.254839190864329,0.39741911917956907,0.09210851014443212,0.002623688155922039,0.12895191420220498,dissociated,Belgium,1400-1599
Military,Learning & Culture,Military + Learning & Culture,502,183,2,5.171330730374352,-1.1817591963396186,-3.6033187577991947,-0.10649763479823553,0.8913051520638753,0.1504247876061969,0.01092896174863388,-2.961573354742672,0.7018007205255787,-4.337102766972807,-1.5860439425125379,2.4434198366724485e-05,0.21059470264867566,0.00010262363314024283,not distinguishable,Belgium,1400-1599
Business,Nobility & Kinship,Business + Nobility & Kinship,502,183,3,1.724427982369297,0.6539205311908219,-1.8865547850696263,1.6294540280656284,0.7922592446436928,0.32283858070964516,0.01639344262295082,0.30132484885556754,0.5923103195070814,-0.8596033773783118,1.462253075089447,0.6109428877233598,0.3494752623688156,0.6414900321095278,not distinguishable,Belgium,1400-1599
Business,Religion,Business + Religion,502,183,3,6.21801950617328,-0.9406810624726226,-3.416921522808971,-0.007617143769250925,0.7765400511333868,0.1729135432283858,0.01639344262295082,-1.0141266690863622,0.5804255457588791,-2.151760738773765,0.12350740060104082,0.08060051405369534,0.22694902548725637,0.12651407350464358,not distinguishable,Belgium,1400-1599
Business,Learning & Culture,Business + Learning & Culture,502,183,15,12.766344486604918,0.22449732162420918,-0.22832974109883614,0.5779058529473633,0.20270630742605167,0.24387806096951525,0.08196721311475409,-1.1029893640881137,0.3963956276676324,-1.8799247943166733,-0.32605393385955417,0.005393409495440593,0.30126113413881295,0.014157699925531557,not distinguishable,Belgium,1400-1599
Nobility & Kinship,Religion,Nobility & Kinship + Religion,502,183,4,9.288567571743325,-1.121172754368098,-2.7641496555319933,-0.25967073493705084,0.680276303511676,0.08445777111444278,0.02185792349726776,-1.4125157265585506,0.5052674429897389,-2.402839914818439,-0.4221915382986624,0.0051806624667837895,0.16123756303666348,0.014157699925531557,not distinguishable,Belgium,1400-1599
Nobility & Kinship,Learning & Culture,Nobility & Kinship + Learning & Culture,502,183,13,19.070550243571088,-0.5357249119237416,-1.2435207926664897,-0.09294725723017826,0.2951906341055745,0.06446776611694154,0.07103825136612021,-2.5501356433667643,0.3432132290392509,-3.222833572283696,-1.8774377144498327,1.0845101588316412e-13,0.13538230884557723,2.2774713335464466e-12,not distinguishable,Belgium,1400-1599
Religion,Learning & Culture,Religion + Learning & Culture,502,183,88,68.76544258175217,0.35354170241059907,0.2271391887704494,0.5097124584409904,0.07469588664762287,0.0004997501249375312,0.4808743169398907,-0.980011489133011,0.22484499516399897,-1.4207076796544489,-0.539315298611573,1.308915413420938e-05,0.002623688155922039,6.871805920459925e-05,associated,Belgium,1400-1599
Politics,Administration & Law,Politics + Administration & Law,963,405,81,36.06807307590931,1.15621545227265,0.9573295441598494,1.38271867719683,0.11040722312426487,0.0004997501249375312,0.2,1.6863206170462741,0.2025929423981547,1.2892384499458909,2.0834027841466574,8.526724856545451e-17,0.0034982508745627187,5.968707399581816e-16,associated,Belgium,1600-1799
Politics,Military,Politics + Military,963,405,24,18.971008482826534,0.3314541401828095,-0.14124835413344153,0.6902986536879099,0.2158278301465415,0.11244377811094453,0.05925925925925926,0.027962348136830083,0.25396374847444353,-0.46980659887307924,0.5257312951467394,0.9123271345624214,0.1686656671664168,0.9123271345624214,not distinguishable,Belgium,1600-1799
Politics,Business,Politics + Business,963,405,27,18.00133822710941,0.5718019920152104,0.14127695078682828,0.9131981032959874,0.19696549829043236,0.0074962518740629685,0.06666666666666667,0.21614265446613298,0.2472805336284825,-0.2685271914456927,0.7008125003779587,0.3820753806538215,0.019677661169415293,0.4011791496865126,associated,Belgium,1600-1799
Politics,Nobility & Kinship,Politics + Nobility & Kinship,963,405,27,26.67771326792016,0.017007545748285214,-0.45000678379985204,0.3852749007115487,0.2070461019269603,0.9365317341329336,0.06666666666666667,-0.20591950639299786,0.23460664060738765,-0.6657485219834777,0.2539095091974819,0.38009437901396836,0.9365317341329336,0.4011791496865126,not distinguishable,Belgium,1600-1799
Politics,Religion,Politics + Religion,963,405,8,27.721533449596304,-1.7312616342023563,-2.871075740854427,-1.003180537110581,0.47200342844769316,0.004997501249375313,0.019753086419753086,-2.176537269079212,0.3608318335732089,-2.8837676628827014,-1.4693068752757226,1.6194375371382561e-09,0.019677661169415293,6.801637655980675e-09,dissociated,Belgium,1600-1799
Politics,Learning & Culture,Politics + Learning & Culture,963,405,36,75.56033348406932,-1.0592478004394084,-1.458982879499754,-0.7643771545946042,0.18069895200387773,0.0004997501249375312,0.08888888888888889,-3.1026321695154135,0.19858352001558965,-3.491855868745969,-2.713408470284858,5.011524067243865e-55,0.0034982508745627187,1.0524200541212117e-53,dissociated,Belgium,1600-1799
Administration & Law,Military,Administration & Law + Military,963,405,7,8.62929732170592,-0.2836132252249449,-1.6008290528558697,0.4364370365738895,0.52263119117588,0.5617191404297851,0.01728395061728395,-0.3865689102715309,0.3963093456894997,-1.1633352278229503,0.39019740727988855,0.32935090555808133,0.5898050974512744,0.38424272315109487,not distinguishable,Belgium,1600-1799
Administration & Law,Business,Administration & Law + Business,963,405,2,8.188225728270474,-1.7971334913149866,-4.2195845913594745,-0.6112160264956467,0.9684150758601706,0.12993503248375812,0.0049382716049382715,-1.6006386565448003,0.6499850281557072,-2.8746093117299862,-0.32666800135961416,0.013794226824273932,0.18190904547726136,0.020691340236410897,not distinguishable,Belgium,1600-1799
Administration & Law,Nobility & Kinship,Administration & Law + Nobility & Kinship,963,405,2,12.134827722021155,-2.3374059930298032,-4.742326346627937,-1.2057261551661638,0.9657396264714555,0.04147926036981509,0.0049382716049382715,-1.9054870497215728,0.6476121608562858,-3.174806884999893,-0.6361672144432526,0.0032575525041724793,0.0734632683658171,0.0076009558430691175,not distinguishable,Belgium,1600-1799
Administration & Law,Religion,Administration & Law + Religion,963,405,3,12.609627715191497,-1.9051998895814095,-4.549988288217865,-0.8951772999539579,0.816982114370941,0.041979010494752625,0.007407407407407408,-1.9854354068475022,0.5497616311225593,-3.0629682038477184,-0.907902609847286,0.0003044924340482698,0.0734632683658171,0.0007992926393767082,not distinguishable,Belgium,1600-1799
Administration & Law,Learning & Culture,Administration & Law + Learning & Culture,963,405,17,34.369948437455854,-0.9946293087308953,-1.7128270592444037,-0.5155439489534285,0.307373262436632,0.0069965017491254375,0.04197530864197531,-2.3564081959878047,0.2673428632082484,-2.8804002078759714,-1.8324161840996378,1.2056390480758554e-18,0.019677661169415293,1.2659210004796482e-17,dissociated,Belgium,1600-1799
Military,Business,Military + Business,963,405,1,4.306825580157539,-1.6801219542613952,-3.501206440692101,-0.3825838018471139,1.0039500832668842,0.09045477261369315,0.0024691358024691358,-1.5999100855932766,0.8328925360809073,-3.232379456311855,0.032559285125301596,0.05474328433188438,0.14611924806827356,0.075110624463813,not distinguishable,Belgium,1600-1799
Military,Nobility & Kinship,Military + Nobility & Kinship,963,405,13,6.382650915883399,0.9719231630223241,0.24345020104568355,1.505632579317544,0.3206965511058001,0.0074962518740629685,0.03209876543209877,0.6066280468724711,0.3190139915192617,-0.0186393765052818,1.2318954702502238,0.057227142448619435,0.019677661169415293,0.075110624463813,associated,Belgium,1600-1799
Military,Religion,Military + Religion,963,405,3,6.632385208012711,-1.0270297005186175,-3.71115186933164,0.055294111414262374,0.8417223220047085,0.18840579710144928,0.007407407407407408,-1.4359740337341111,0.5542818341950901,-2.522366428756488,-0.34958163871173453,0.009578291315100088,0.23273657289002558,0.016762009801425153,not distinguishable,Belgium,1600-1799
Military,Learning & Culture,Military + Learning & Culture,963,405,15,18.077832491605793,-0.2613139742714439,-0.9725339522203593,0.24527572207241014,0.312360682256246,0.383808095952024,0.037037037037037035,-1.8104945907841872,0.29148261386869606,-2.3818005139668315,-1.239188667601543,5.253813876207524e-10,0.4335989899786949,2.75825228500895e-09,not distinguishable,Belgium,1600-1799
Business,Nobility & Kinship,Business + Nobility & Kinship,963,405,4,6.056412764055022,-0.5429816818403909,-2.4195043999790804,0.37459675275150317,0.7585704157048169,0.392303848075962,0.009876543209876543,-0.7279149060874949,0.4970585142093124,-1.7021495939377473,0.24631978176275748,0.14307237275351375,0.4335989899786949,0.17673646046022287,not distinguishable,Belgium,1600-1799
Business,Religion,Business + Religion,963,405,1,6.29338232018574,-2.179167548211911,-4.005567776809119,-0.8458747417919659,1.003496561151816,0.0009995002498750624,0.0024691358024691358,-2.3258639745574046,0.8293057916616884,-3.9513033262143136,-0.7004246229004953,0.005038038562294906,0.005247376311844078,0.009618073618926639,dissociated,Belgium,1600-1799
Business,Learning & Culture,Business + Learning & Culture,963,405,25,17.153815380400808,0.530517231546553,0.07726816286577783,0.8904631480069038,0.20824870211913823,0.013993003498250875,0.06172839506172839,-1.0945268106027708,0.2501289322702739,-1.5847795178525077,-0.604274103353034,1.2095990718941198e-05,0.029385307346326838,3.6287972156823595e-05,associated,Belgium,1600-1799
Nobility & Kinship,Religion,Nobility & Kinship + Religion,963,405,5,9.32669821016262,-0.8372751309902644,-2.504605353290416,0.0281235840476957,0.6579719759361762,0.1619190404797601,0.012345679012345678,-1.2558897591466591,0.44775215242315064,-2.1334839778960344,-0.37829554039728386,0.005033576840357532,0.21251874062968515,0.009618073618926639,not distinguishable,Belgium,1600-1799
Nobility & Kinship,Learning & Culture,Nobility & Kinship + Learning & Culture,963,405,35,25.42169712027322,0.4536588485687907,0.09702277117761274,0.7776796847852854,0.1732110964093046,0.009495252373813094,0.08641975308641975,-1.0157758277511146,0.21860384939807195,-1.4442393725713356,-0.5873122829308937,3.3736696720494215e-06,0.022155588872230556,1.1807843852172975e-05,associated,Belgium,1600-1799
Religion,Learning & Culture,Religion + Learning & Culture,963,405,69,26.416373097187194,1.3685289537430056,1.1407194134805558,1.611103877503992,0.11791354348354181,0.0004997501249375312,0.17037037037037037,-0.457824469722306,0.1793400015637886,-0.8093308727873316,-0.10631806665728039,0.010685174848905798,0.0034982508745627187,0.01726066706361706,associated,Belgium,1600-1799
Politics,Administration & Law,Politics + Administration & Law,4102,1394,376,206.7274057930498,0.8614350530544513,0.7696192263455237,0.9569355712392723,0.048383077974441524,0.0004997501249375312,0.2697274031563845,1.5738602016233212,0.09866445286058285,1.3804778740165788,1.7672425292300635,2.774959112869737e-57,0.0011660836248542396,1.9424713790088159e-56,associated,Belgium,1800-1899
Politics,Military,Politics + Military,4102,1394,52,56.09711742971022,-0.10841115367479802,-0.4178260635153419,0.1700929944781867,0.15169426412464942,0.4662668665667166,0.03730272596843615,-0.5839116297795248,0.16219917708148435,-0.9018220168592341,-0.2660012426998155,0.0003182579843335462,0.5153475893632131,0.0005141090516157285,not distinguishable,Belgium,1800-1899
Politics,Business,Politics + Business,4102,1394,145,134.10063756086947,0.11233390957666482,-0.06013343533801481,0.2550027750084782,0.07905414524112495,0.15292353823088456,0.10401721664275466,0.12529260033543907,0.11125995241032537,-0.09277690638879865,0.3433621070596768,0.2601126650981759,0.1889055472263868,0.28749294563482597,not distinguishable,Belgium,1800-1899
Politics,Nobility & Kinship,Politics + Nobility & Kinship,4102,1394,36,54.90099890752029,-0.6020155250242945,-1.0407088772022104,-0.2625226530815419,0.19785979097733317,0.004997501249375313,0.02582496413199426,-0.7659552120313269,0.18939974145094277,-1.1371787052751747,-0.3947317187874791,5.2520099034010754e-05,0.010494752623688156,0.00010026564361038416,dissociated,Belgium,1800-1899
Politics,Religion,Politics + Religion,4102,1394,9,56.49634323013834,-2.5848699433004985,-3.7197740767661363,-1.865068241640422,0.4799383353991554,0.0004997501249375312,0.006456241032998565,-2.7700369739258868,0.3323209857643041,-3.421386106023923,-2.1186878418278505,7.721968170541945e-17,0.0011660836248542396,2.702688859689681e-16,dissociated,Belgium,1800-1899
Politics,Learning & Culture,Politics + Learning & Culture,4102,1394,230,339.67749701679,-0.5615209582007468,-0.6691579602448406,-0.46438070180082197,0.05407750760562649,0.0004997501249375312,0.1649928263988522,-3.4069703705327044,0.08995455567139742,-3.583281299648643,-3.2306594414167655,0.0,0.0011660836248542396,0.0,dissociated,Belgium,1800-1899
Administration & Law,Military,Administration & Law + Military,4102,1394,4,23.73033045888173,-2.428817174178959,-4.146367797585664,-1.4647246176212554,0.7690427348882012,0.02048975512243878,0.0028694404591104736,-2.0323376201252543,0.47864922897357753,-2.9704901089134665,-1.0941851313370423,2.176348386499347e-05,0.035857071464267865,4.570331611648629e-05,dissociated,Belgium,1800-1899
Administration & Law,Business,Administration & Law + Business,4102,1394,14,56.72755731261109,-1.9806571283102878,-2.8699953045945596,-1.3815390616877994,0.3736332422576701,0.0004997501249375312,0.010043041606886656,-1.4307546941533997,0.27186838128941676,-1.9636167214806566,-0.8978926668261429,1.4197509865917267e-07,0.0011660836248542396,3.7268463398032824e-07,dissociated,Belgium,1800-1899
Administration & Law,Nobility & Kinship,Administration & Law + Nobility & Kinship,4102,1394,13,23.224345675704207,-0.8134088905736792,-1.6990908733801928,-0.2312108095441996,0.375830777300032,0.041979010494752625,0.009325681492109038,-0.6179251653898585,0.2873006485787784,-1.1810344366042642,-0.05481589417545285,0.03149228308375384,0.0678122477222927,0.04133362154742692,not distinguishable,Belgium,1800-1899
Administration & Law,Religion,Administration & Law + Religion,4102,1394,3,23.899211866803302,-2.8014077200352037,-5.5532903374697975,-1.7981263751847176,0.8510905871486085,0.01899050474762619,0.002152080344332855,-2.4757792922645385,0.5402064937876586,-3.5345840200883494,-1.4169745644407277,4.5829955225367195e-06,0.035857071464267865,1.0693656219252346e-05,dissociated,Belgium,1800-1899
Administration & Law,Learning & Culture,Administration & Law + Learning & Culture,4102,1394,68,143.69114890358244,-1.0738067150488113,-1.3830335342955153,-0.8197993756171668,0.14725349453965597,0.0004997501249375312,0.04878048780487805,-2.6663114668634016,0.13398319609369247,-2.9289185312070387,-2.4037044025197645,4.0415908644073493e-88,0.0011660836248542396,4.243670407627717e-87,dissociated,Belgium,1800-1899
Military,Business,Military + Business,4102,1394,13,15.393471571214135,-0.23547487609797396,-1.1349697634831917,0.3745825723071363,0.38192501342037694,0.5152423788105946,0.009325681492109038,-0.4280630135888495,0.2864943999389746,-0.9895920374692397,0.13346601029154065,0.1351387839169853,0.5410044977511244,0.15766191456981618,not distinguishable,Belgium,1800-1899
Military,Nobility & Kinship,Military + Nobility & Kinship,4102,1394,11,6.302109977147318,0.757579624194969,-0.24829438468299317,1.357590604005199,0.4077721899913629,0.06346826586706647,0.007890961262553802,0.2721483749003336,0.3136387422176702,-0.34258355984629996,0.8868803096469672,0.38555153547935983,0.08885557221389306,0.40482911225332785,not distinguishable,Belgium,1800-1899
Military,Religion,Military + Religion,4102,1394,2,6.485240258428582,-1.4823816433218013,-3.894178122477939,-0.2934026696215953,0.9874948235927127,0.14392803598200898,0.0014347202295552368,-1.7752855456111356,0.6394851586084167,-3.028676456483632,-0.5218946347386388,0.00550124274610823,0.1889055472263868,0.007701739844551522,not distinguishable,Belgium,1800-1899
Military,Learning & Culture,Military + Learning & Culture,4102,1394,65,38.99173030654478,0.7299443266466219,0.4564841294648142,0.9644957781521991,0.12753172559252174,0.0004997501249375312,0.046628407460545196,-1.292284191498975,0.15179524139628628,-1.589802864635696,-0.994765518362254,1.6899658964062476e-17,0.0011660836248542396,7.09785676490624e-17,associated,Belgium,1800-1899
Business,Nobility & Kinship,Business + Nobility & Kinship,4102,1394,13,15.065247639027174,-0.20536912261511114,-1.0922297045903462,0.37030236005178424,0.3724458159831939,0.5627186406796602,0.009325681492109038,-0.17590857322516576,0.2888286590877117,-0.7420127450370807,0.39019559858674924,0.5424970843849941,0.5627186406796602,0.5424970843849941,not distinguishable,Belgium,1800-1899
Business,Religion,Business + Religion,4102,1394,6,15.503022137998354,-1.2998327575955597,-2.7621948237593266,-0.4627363014599299,0.6302393521981319,0.05147426286856572,0.00430416068866571,-1.4011475247384437,0.40107861607899487,-2.1872616122532738,-0.6150334372236138,0.00047682478909672106,0.07721139430284858,0.0007152371836450815,not distinguishable,Belgium,1800-1899
Business,Learning & Culture,Business + Learning & Culture,4102,1394,139,93.21006378377369,0.5739892257137272,0.4101514301451252,0.7343775816478672,0.0841029580044408,0.0004997501249375312,0.09971305595408896,-1.0232880638337263,0.11196847991561752,-1.2427462844683366,-0.803829843199116,6.299018873829126e-20,0.0011660836248542396,3.306984908760291e-19,associated,Belgium,1800-1899
Nobility & Kinship,Religion,Nobility & Kinship + Religion,4102,1394,4,6.346960140850743,-0.6055386124534373,-2.287251337204879,0.3318553385352173,0.7415327506764203,0.35932033983008493,0.0028694404591104736,-0.929289318204995,0.4821369264600559,-1.8742776940667047,0.015699057656714532,0.05392499416098222,0.4192070631350991,0.06661322808121332,not distinguishable,Belgium,1800-1899
Nobility & Kinship,Learning & Culture,Nobility & Kinship + Learning & Culture,4102,1394,67,38.160337661631594,0.8040332639771232,0.5462916621155866,1.0328837760896419,0.12459074325943072,0.0004997501249375312,0.04806312769010043,-0.8736724624141841,0.1595328925687277,-1.1863569318488905,-0.5609879929794778,4.3396554913670324e-08,0.0011660836248542396,1.3018966474101097e-07,associated,Belgium,1800-1899
Religion,Learning & Culture,Religion + Learning & Culture,4102,1394,124,39.26922236772266,1.6464214846729615,1.4998371528182226,1.7963651337322202,0.07535493757184901,0.0004997501249375312,0.08895265423242468,-0.4765151041727081,0.12954864250290324,-0.7304304434783984,-0.22259976486701777,0.0002348197541860091,0.0011660836248542396,0.00041093456982551593,associated,Belgium,1800-1899
Politics,Administration & Law,Politics + Administration & Law,7944,1517,270,114.86065608174971,1.2294773194093032,1.109031251531792,1.3484176573240705,0.06018901432420542,0.0004997501249375312,0.17798286090969018,1.3459184637762744,0.09638139241522063,1.157010934642442,1.534825992910107,2.5668158494755317e-44,0.0013118440779610195,1.796771094632872e-43,associated,Belgium,1900-2020
Politics,Military,Politics + Military,7944,1517,36,36.80976010014135,-0.0316566197361711,-0.44950969250881617,0.3202983301603583,0.19831042439401697,0.8730634682658671,0.023731048121292023,-0.4424026616138847,0.186480740905587,-0.8079049137888352,-0.07690040943893417,0.017674036182944233,0.8730634682658672,0.02651105427441635,not distinguishable,Belgium,1900-2020
Politics,Business,Politics + Business,7944,1517,79,114.86065608174971,-0.5371245091331569,-0.8217685119655658,-0.3064411714850554,0.13007336177919573,0.0004997501249375312,0.05207646671061305,-0.7316907052642974,0.12499902845990686,-0.9766888010457148,-0.48669260948287996,4.811283174979608e-09,0.0013118440779610195,1.2629618334321471e-08,dissociated,Belgium,1900-2020
Politics,Nobility & Kinship,Politics + Nobility & Kinship,7944,1517,41,45.37274288754004,-0.1445258371897344,-0.538739988106842,0.16995069149536038,0.18374051909230843,0.408295852073963,0.02702702702702703,-0.416870444967799,0.1755585615649816,-0.7609652256351629,-0.07277566430043508,0.017570935803543145,0.5358883058470765,0.02651105427441635,not distinguishable,Belgium,1900-2020
Politics,Religion,Politics + Religion,7944,1517,6,42.700410947687324,-2.732533412963039,-4.171870199550039,-1.9056205062734524,0.6009376252875579,0.001999000499750125,0.003955174686882004,-2.5417927444531823,0.39904400937322815,-3.3239190028247094,-1.759666486081655,1.893917424979652e-10,0.004197901049475263,5.681752274938956e-10,dissociated,Belgium,1900-2020
Politics,Learning & Culture,Politics + Learning & Culture,7944,1517,397,474.3957739476945,-0.25665605745048614,-0.3201741745255802,-0.2039349456264137,0.030260178116540457,0.0004997501249375312,0.26170072511535925,-3.953352654552828,0.07382268289870056,-4.098045113034281,-3.808660196071375,0.0,0.0013118440779610195,0.0,dissociated,Belgium,1900-2020
Administration & Law,Military,Administration & Law + Military,7944,1517,9,13.51176971864388,-0.5606397644123117,-1.7405556063844567,0.16034749354792138,0.4708028581619516,0.2048975512243878,0.005932762030323006,-0.16444634231247005,0.33652111687373604,-0.8240277313849926,0.4951350467600526,0.6250783590496182,0.3073463268365817,0.6925812111054537,not distinguishable,Belgium,1900-2020
Administration & Law,Business,Administration & Law + Business,7944,1517,11,42.16193559770022,-1.891315561936263,-2.8729617314311477,-1.238601744497037,0.42614293200114967,0.0009995002498750624,0.007251153592617007,-1.0344441373287814,0.30217295670972777,-1.6267031324798478,-0.442185142177715,0.0006185411843792375,0.002332167249708479,0.0012989364871963988,dissociated,Belgium,1900-2020
Administration & Law,Nobility & Kinship,Administration & Law + Nobility & Kinship,7944,1517,5,16.65498638762723,-1.6411244573767323,-3.3793103041367933,-0.728514419035655,0.6507550752807317,0.031484257871064465,0.0032959789057350032,-0.8561541092029759,0.434825459886074,-1.708412010579681,-0.003896207826270759,0.04895763925397602,0.05509745127436281,0.06854069495556643,not distinguishable,Belgium,1900-2020
Administration & Law,Religion,Administration & Law + Religion,7944,1517,2,15.674052698170007,-2.6936812171529354,-5.095421688432863,-1.519290314707089,0.96705389580842,0.0004997501249375312,0.0013183915622940012,-1.7204038555172965,0.6378998465757404,-2.970687554805748,-0.4701201562288453,0.00699712331415933,0.0013118440779610195,0.012244965799778828,dissociated,Belgium,1900-2020
Administration & Law,Learning & Culture,Administration & Law + Learning & Culture,7944,1517,80,174.13659952254,-1.1172952556004725,-1.3921544972917688,-0.8866518737149135,0.12836085716239085,0.0004997501249375312,0.05273566249176005,-2.7010451557787167,0.12520299369557708,-2.946443023422048,-2.4556472881353857,3.1984104716382997e-103,0.0013118440779610195,3.3583309952202145e-102,dissociated,Belgium,1900-2020
Military,Business,Military + Business,7944,1517,11,13.51176971864388,-0.28500532179888427,-1.2979395621578438,0.38842778807782297,0.42602620275618963,0.4897551224387806,0.007251153592617007,-0.01112796924209468,0.30807300748912825,-0.614951063920786,0.5926951254365966,0.9711857116688007,0.6049916218361407,0.9711857116688007,not distinguishable,Belgium,1900-2020
Military,Nobility & Kinship,Military + Nobility & Kinship,7944,1517,6,5.337476506867076,0.15509487948488535,-1.2562522183180447,0.9932639004204973,0.6034664714986975,0.769615192403798,0.003955174686882004,0.32222420154277476,0.405700844173695,-0.47294945303766744,1.117397856123217,0.427055205295089,0.808095952023988,0.5275387830115805,not distinguishable,Belgium,1900-2020
Military,Religion,Military + Religion,7944,1517,4,5.023113564717696,-0.29555679056391465,-2.010392260843294,0.6602754819820637,0.7811962866598787,0.6461769115442278,0.0026367831245880024,-0.12149122235334238,0.4822869969542407,-1.0667737363836542,0.8237912916769694,0.801113346592491,0.7141955338120414,0.8411690139221155,not distinguishable,Belgium,1900-2020
Military,Learning & Culture,Military + Learning & Culture,7944,1517,64,55.80611039272623,0.1960076670947367,-0.06926781690088833,0.42960385876316165,0.12739682563439997,0.12493753123438281,0.04218852999340804,-1.601359563186591,0.15636794875422033,-1.9078407427448627,-1.294878383628319,1.2992635189083757e-24,0.20182216584015683,6.787466605861145e-24,not distinguishable,Belgium,1900-2020
Business,Nobility & Kinship,Business + Nobility & Kinship,7944,1517,19,16.65498638762723,0.18484614284821874,-0.5248579956998374,0.675782099598239,0.3116491266744509,0.5342328835582209,0.012524719841793012,0.45944330813313006,0.24262567645095906,-0.01610301771074968,0.9349896339770098,0.0582741120857187,0.623271697484591,0.07648477211250579,not distinguishable,Belgium,1900-2020
Business,Religion,Business + Religion,7944,1517,2,15.674052698170007,-2.6936812171529354,-5.07720486446627,-1.5338752754526592,0.9556265273570523,0.0004997501249375312,0.0013183915622940012,-1.7732624531288537,0.6378200123309777,-3.02338967729757,-0.5231352289601374,0.005432667367375288,0.0013118440779610195,0.010371455883171003,dissociated,Belgium,1900-2020
Business,Learning & Culture,Business + Learning & Culture,7944,1517,255,174.13659952254,0.5489673472225318,0.4475816194983349,0.6525007313019405,0.051401277070672574,0.0004997501249375312,0.16809492419248517,-0.9534705841040958,0.09329603253218943,-1.136330807867187,-0.7706103603410045,1.6160634775859871e-24,0.0013118440779610195,6.787466605861145e-24,associated,Belgium,1900-2020
Nobility & Kinship,Religion,Nobility & Kinship + Religion,7944,1517,4,6.191630688350386,-0.5724328236727578,-2.2862263047769567,0.36168386372240313,0.7445224507384812,0.367816091954023,0.0026367831245880024,-0.23433571261904623,0.48168841584781663,-1.1784450076807669,0.7097735824426743,0.6266210957620771,0.5149425287356322,0.6925812111054537,not distinguishable,Belgium,1900-2020
Nobility & Kinship,Learning & Culture,Nobility & Kinship + Learning & Culture,7944,1517,84,68.78817714416782,0.28634213954633914,0.07960311472675159,0.47303221915037413,0.10258736135533243,0.009495252373813094,0.055372445616348055,-1.3364548142914567,0.14392334714500973,-1.618544574695676,-1.0543650538872376,1.6037757318230366e-20,0.018127299986370454,5.613215061380628e-20,associated,Belgium,1900-2020
Religion,Learning & Culture,Religion + Learning & Culture,7944,1517,132,64.7367394049456,1.0222357779988358,0.9061575011502737,1.131442133534608,0.05961329140038056,0.0004997501249375312,0.08701384311140409,-0.49759745882134,0.14150656813114795,-0.77495033235839,-0.22024458528429003,0.000437397595854248,0.0013118440779610195,0.0010205943903265787,associated,Belgium,1900-2020
Politics,Administration & Law,Politics + Administration & Law,1361,646,33,12.957368349944717,1.3157647836673418,0.913328243908734,1.6728969749046563,0.19267919755736496,0.0004997501249375312,0.05108359133126935,0.819837131565994,0.2164795562929226,0.39553720123186575,1.2441370619001222,0.00015239480044373073,0.0017491254372813594,0.00040003635116479314,associated,Denmark,1600-1799
Politics,Military,Politics + Military,1361,646,22,14.346526780208587,0.5997995372876614,0.03723432121655137,1.0330792774556226,0.2564402700402447,0.02148925537231384,0.034055727554179564,-0.06856168274545947,0.24230273338308814,-0.5434750401763122,0.40635167468539324,0.7772084447489955,0.0501415958687323,0.7772084447489954,not distinguishable,Denmark,1600-1799
Politics,Business,Politics + Business,1361,646,16,13.168831374854133,0.2715761203546276,-0.46203971404945915,0.8232958861410336,0.32932036161320816,0.38830584707646176,0.02476780185758514,-0.2747443428694438,0.2740600434192648,-0.8119020279712028,0.26241334223231516,0.31610366491469954,0.453023488255872,0.36878760906714947,not distinguishable,Denmark,1600-1799
Politics,Nobility & Kinship,Politics + Nobility & Kinship,1361,646,35,41.18449921522634,-0.23169197865120372,-0.6537264670756068,0.10844763822284813,0.19840096632660023,0.24687656171914044,0.05417956656346749,-0.37076008546584216,0.2033761328796994,-0.769377305910053,0.02785713497836867,0.06829937309954179,0.3240254872563718,0.08436981382884573,not distinguishable,Denmark,1600-1799
Politics,Religion,Politics + Religion,1361,646,1,8.589972332931488,-2.599313402586754,-4.430337699333899,-1.249860892964283,1.0325837812785197,0.0004997501249375312,0.0015479876160990713,-2.291889803877298,0.8265900742199038,-3.9120063493483093,-0.6717732584062865,0.005559262138398763,0.0017491254372813594,0.00898034653125954,dissociated,Denmark,1600-1799
Politics,Learning & Culture,Politics + Learning & Culture,1361,646,19,35.75280194760539,-0.8946183801098174,-1.5490948000660416,-0.42472026712919264,0.2919907556629609,0.004997501249375313,0.029411764705882353,-2.091212572278246,0.2506834606129357,-2.5825521550796005,-1.5998729894768922,7.301699281016644e-17,0.013118440779610196,3.833392122533738e-16,dissociated,Denmark,1600-1799
Administration & Law,Military,Administration & Law + Military,1361,646,20,15.742564649101043,0.3358444622806183,-0.2871455481361019,0.8027004431525179,0.2849081900723098,0.2223888055972014,0.030959752321981424,-0.5169102728523098,0.2466463091871484,-1.0003370388591206,-0.033483506845499,0.03610391674768524,0.31134432783608196,0.05054548344675934,not distinguishable,Denmark,1600-1799
Administration & Law,Business,Administration & Law + Business,1361,646,12,14.450269563344252,-0.2582434025255761,-1.20514835155057,0.3430086302933895,0.4016161190544208,0.49225387306346824,0.018575851393188854,-0.9200128478788014,0.3038569827623361,-1.5155725340929802,-0.3244531616646227,0.0024635534800252984,0.5440700702280438,0.005173462308053127,not distinguishable,Denmark,1600-1799
Administration & Law,Nobility & Kinship,Administration & Law + Nobility & Kinship,1361,646,42,45.192097806625036,-0.10448183954810542,-0.4863357361068464,0.1871800260608705,0.1705590809141754,0.5327336331834083,0.06501547987616099,-0.486314911151387,0.18590092858886978,-0.8506807311855717,-0.1219490911172022,0.008896924592458406,0.5593703148425787,0.013345386888687609,not distinguishable,Denmark,1600-1799
Administration & Law,Religion,Administration & Law + Religion,1361,646,2,9.425848977727078,-1.98926240923974,-4.401833070685836,-0.8576021205156059,0.9802266838785495,0.13143428285857073,0.0030959752321981426,-2.054989690812622,0.6443015275450285,-3.317820684800878,-0.7921586968243663,0.0014252681623441092,0.1971514242878561,0.003325625712136255,not distinguishable,Denmark,1600-1799
Administration & Law,Learning & Culture,Administration & Law + Learning & Culture,1361,646,28,39.23185065413445,-0.47933407443457265,-1.0070074704896899,-0.10023473052497672,0.22692238391756123,0.0384807596201899,0.043343653250773995,-1.9859491611541735,0.2123922074278988,-2.402237887712855,-1.5696604345954919,8.732828417905115e-21,0.07346326836581708,6.112979892533581e-20,not distinguishable,Denmark,1600-1799
Military,Business,Military + Business,1361,646,7,15.99948181396231,-1.1374582148913834,-2.376283934497592,-0.3838139129073343,0.5207776557988918,0.03398300849575212,0.010835913312693499,-1.7855753987010763,0.37968043571457455,-2.5297490527016424,-1.0414017447005102,2.5657059225915855e-06,0.07136431784107947,8.97997072907055e-06,not distinguishable,Denmark,1600-1799
Military,Nobility & Kinship,Military + Nobility & Kinship,1361,646,78,50.03713901822649,0.6353486604981321,0.41936877765084246,0.8196261923501892,0.10363374423893972,0.0004997501249375312,0.12074303405572756,0.12479682105411165,0.15319400960628946,-0.1754634377742157,0.425057079882439,0.41528269383508554,0.0017491254372813594,0.4589966616071998,associated,Denmark,1600-1799
Military,Religion,Military + Religion,1361,646,0,10.43639349696655,-4.451065152774727,-4.760973179649359,-4.125134542491311,0.16158100299660608,0.0004997501249375312,0.0,-3.976459970448951,1.4190841845229778,-6.757864972113987,-1.1950549687839147,0.005076623422877508,0.0017491254372813594,0.00888409099003564,dissociated,Denmark,1600-1799
Military,Learning & Culture,Military + Learning & Culture,1361,646,23,43.43789424255157,-0.9028049723558615,-1.4912392930793577,-0.47703590433145854,0.25917981880258373,0.0034982508745627187,0.03560371517027864,-2.5963753002792918,0.22607669638515338,-3.0394856251941924,-2.153264975364391,1.5786636486984505e-30,0.010494752623688156,1.657596831133373e-29,dissociated,Denmark,1600-1799
Business,Nobility & Kinship,Business + Nobility & Kinship,1361,646,36,45.929628564885206,-0.34714927545722285,-0.7499353769548198,-0.02980986192931276,0.18787557476004746,0.06196901549225387,0.05572755417956656,-0.8368774321828564,0.19338737129861913,-1.2159166799281498,-0.45783818443756286,1.5083406022606844e-05,0.10844577711144428,4.525021806782053e-05,not distinguishable,Denmark,1600-1799
Business,Religion,Business + Religion,1361,646,5,9.579677940780211,-0.8739460197841238,-2.5813107213729922,0.0003145499674050513,0.6506884732350294,0.13043478260869565,0.007739938080495356,-1.3291779032681166,0.44359281108831883,-2.1986198130012213,-0.4597359935350117,0.002731950866611456,0.1971514242878561,0.005215542563530962,not distinguishable,Denmark,1600-1799
Business,Learning & Culture,Business + Learning & Culture,1361,646,63,39.87211074307088,0.6533975758130797,0.41022823182734713,0.8816398815382656,0.12216837837659787,0.0004997501249375312,0.09752321981424149,-0.9711574636855779,0.16327402258921386,-1.291174547960437,-0.6511403794107187,2.7140227331293873e-09,0.0017491254372813594,1.1398895479143426e-08,associated,Denmark,1600-1799
Nobility & Kinship,Religion,Nobility & Kinship + Religion,1361,646,28,29.959700098183834,-0.09593981805035648,-0.5854116986752277,0.2757767164840934,0.22014679535043055,0.6561719140429785,0.043343653250773995,-0.43626017568531433,0.22312975607842156,-0.8735944975990206,0.0010741462283919145,0.05056112018439426,0.6561719140429785,0.06636147024201747,not distinguishable,Denmark,1600-1799
Nobility & Kinship,Learning & Culture,Nobility & Kinship + Learning & Culture,1361,646,118,124.6969352757476,-0.079312187519224,-0.23890596078498627,0.06178194827688432,0.07597530178743123,0.29235382308845576,0.1826625386996904,-1.5526045847642655,0.12751340271238745,-1.802530854080545,-1.3026783154479862,4.1719271209282665e-34,0.3611429579327983,8.761046953949359e-33,not distinguishable,Denmark,1600-1799
Religion,Learning & Culture,Religion + Learning & Culture,1361,646,58,26.008407153922796,1.1419866410309054,0.9020239555079838,1.3607453035087889,0.11572177265466738,0.0004997501249375312,0.08978328173374613,-0.12854313435459855,0.19195214467065116,-0.5047693379090749,0.24768306919987773,0.5030730242848933,0.0017491254372813594,0.5282266754991379,associated,Denmark,1600-1799
Politics,Administration & Law,Politics + Administration & Law,3453,1167,65,14.62393961434907,2.1146609124776465,1.8378221359836004,2.3534711963103736,0.13193963101515135,0.0004997501249375312,0.055698371893744644,1.4670806810286932,0.16231927047958056,1.1489349108887152,1.785226451168671,1.5921308342901175e-19,0.0014992503748125937,6.686949504018494e-19,associated,Denmark,1800-1899
Politics,Military,Politics + Military,3453,1167,14,11.684068358447146,0.2510569590709122,-0.6146604574382646,0.8267327339956754,0.36399613054280894,0.447776111944028,0.011996572407883462,-0.2574464216135947,0.28125498935165383,-0.8087062007428363,0.2938133575156468,0.36000853930995513,0.5095202398800599,0.4447164309122975,not distinguishable,Denmark,1800-1899
Politics,Business,Politics + Business,3453,1167,52,31.357567652707907,0.7206813024734494,0.3585722680757767,1.005919504000884,0.16188527547853715,0.0004997501249375312,0.044558697514995714,0.23270198568089806,0.15925832192429884,-0.07944432529072765,0.5448482966525238,0.14397137202668597,0.0014992503748125937,0.18896242578502534,associated,Denmark,1800-1899
Politics,Nobility & Kinship,Politics + Nobility & Kinship,3453,1167,35,53.94276755355549,-0.6169213823110032,-1.0958245302019856,-0.26239706913450284,0.21741859732823474,0.00849575212393803,0.029991431019708654,-0.6942760001560023,0.1824467449066379,-1.0518716201730127,-0.33668038013899204,0.00014159666219565114,0.02230134932533733,0.0003303922117898527,dissociated,Denmark,1800-1899
Politics,Religion,Politics + Religion,3453,1167,9,12.489210034696521,-0.4513142744558178,-1.6082501384580719,0.27176851143682773,0.4917630709757545,0.3213393303348326,0.007712082262210797,-0.7004252888925542,0.33958534916418404,-1.3660125732543549,-0.034838004530753475,0.039151614454976044,0.44987506246876563,0.06851532529620807,not distinguishable,Denmark,1800-1899
Politics,Learning & Culture,Politics + Learning & Culture,3453,1167,115,165.902446797862,-0.5267837955227015,-0.7070183340540596,-0.37241028189436787,0.08574088778860858,0.0004997501249375312,0.09854327335047129,-3.061871381821656,0.12442728780488335,-3.3057488659192273,-2.817993897724085,1.0444326346319004e-133,0.0014992503748125937,2.193308532726991e-132,dissociated,Denmark,1800-1899
Administration & Law,Military,Administration & Law + Military,3453,1167,9,5.743938457908443,0.6054711956837929,-0.5163817118760128,1.2632108788256264,0.4544913089783702,0.15742128935532235,0.007712082262210797,0.125163142954006,0.34358529832927887,-0.5482640417713806,0.7985903276793925,0.7156448247835623,0.23613193403298352,0.7156448247835623,not distinguishable,Denmark,1800-1899
Administration & Law,Business,Administration & Law + Business,3453,1167,18,15.41551566297005,0.21709136966736872,-0.5105392555482571,0.7045221885848616,0.31484679817851646,0.44127936031984005,0.015424164524421594,-0.12709102475567283,0.2509606457086339,-0.6189738903445953,0.36479184083324967,0.6125631390145383,0.5095202398800599,0.6770434694371212,not distinguishable,Denmark,1800-1899
Administration & Law,Nobility & Kinship,Administration & Law + Nobility & Kinship,3453,1167,17,26.518497459224253,-0.6265925243158528,-1.356723361319507,-0.11595991298591744,0.3190829972734617,0.04847576211894053,0.01456726649528706,-0.602229019030127,0.25532978103239434,-1.10267538985362,-0.10178264820663419,0.018342429882170566,0.08483258370814593,0.03501736613868926,not distinguishable,Denmark,1800-1899
Administration & Law,Religion,Administration & Law + Religion,3453,1167,2,6.139749582629412,-1.4092007366379473,-3.8177735812360307,-0.21826578465231825,0.967409144272578,0.13493253373313344,0.001713796058269066,-1.2690716930552424,0.6422173065556884,-2.527817613904392,-0.010325772206092987,0.04814590801263271,0.21796793910736942,0.07777415909732976,not distinguishable,Denmark,1800-1899
Administration & Law,Learning & Culture,Administration & Law + Learning & Culture,3453,1167,39,81.55835922805208,-1.0547976542770716,-1.4627520573687447,-0.7169896921544852,0.18649156983691725,0.0004997501249375312,0.033419023136246784,-3.145409025101187,0.18527816082390128,-3.508554220316033,-2.7822638298863405,1.2219549829361528e-64,0.0014992503748125937,1.2830527320829604e-63,dissociated,Denmark,1800-1899
Military,Business,Military + Business,3453,1167,10,12.316512754888857,-0.2876144445478757,-1.2383777473462005,0.4093449429406806,0.42969115047575035,0.4852573713143428,0.00856898029134533,-0.4951588175748643,0.3247064051722394,-1.1315833717124535,0.14126573656272495,0.1272732708837765,0.5095202398800599,0.1781825792372871,not distinguishable,Denmark,1800-1899
Military,Nobility & Kinship,Military + Nobility & Kinship,3453,1167,24,21.187446423319678,0.1759215555672173,-0.3976953234878179,0.5894401537136632,0.25373649036592083,0.47176411794102946,0.02056555269922879,0.08503908579475594,0.2259066533699457,-0.3577379548103376,0.5278161263998495,0.7065938105556124,0.5095202398800599,0.7156448247835623,not distinguishable,Denmark,1800-1899
Military,Religion,Military + Religion,3453,1167,1,4.9054670436959755,-1.8494567745032073,-3.631139311207653,-0.5239655171194414,1.000046342184428,0.012993503248375811,0.000856898029134533,-1.5383043067302078,0.824896314754298,-3.155101083648632,0.07849247018821637,0.06220304204597163,0.030318174246210226,0.09330456306895744,dissociated,Denmark,1800-1899
Military,Learning & Culture,Military + Learning & Culture,3453,1167,63,65.16256696576666,-0.04831455882402944,-0.28758958199563117,0.16509006515949923,0.11524113656298454,0.665167416291854,0.05398457583547558,-1.9811628368390621,0.17113254066450237,-2.3165826165414867,-1.6457430571366376,5.404134426140488e-31,0.665167416291854,2.837170573723756e-30,not distinguishable,Denmark,1800-1899
Business,Nobility & Kinship,Business + Nobility & Kinship,3453,1167,29,56.86262389307608,-0.9593960631314008,-1.4824326502279879,-0.5445660815028505,0.24098503101760071,0.0004997501249375312,0.024850042844901457,-0.7769745073911107,0.19816112481465362,-1.1653703120278318,-0.38857870275438966,8.821045668017862e-05,0.0014992503748125937,0.00023155244878546885,dissociated,Denmark,1800-1899
Business,Religion,Business + Religion,3453,1167,5,13.16523576992058,-1.3130068275243496,-3.071738017499277,-0.43855695801404654,0.6546031862149382,0.047476261869065464,0.004284490145672665,-1.1630185759755378,0.43809415532134327,-2.0216831204053705,-0.30435403154570506,0.007937358602027753,0.08483258370814593,0.016668453064258282,not distinguishable,Denmark,1800-1899
Business,Learning & Culture,Business + Learning & Culture,3453,1167,190,174.88254427884095,0.11928583337693385,0.014771891109370659,0.2216540188781159,0.052445252091757745,0.0239880059970015,0.16281062553556128,-1.722355017880459,0.11614541788984135,-1.950000036944548,-1.49470999881637,9.47182415085381e-50,0.05037481259370315,6.630276905597667e-49,not distinguishable,Denmark,1800-1899
Nobility & Kinship,Religion,Nobility & Kinship + Religion,3453,1167,19,22.647459802681883,-0.24737975714994667,-0.9310697338168485,0.24882880915424055,0.30900380010129735,0.4032983508245877,0.016281062553556127,-0.16142860313859464,0.24782750078043167,-0.6471705046682408,0.32431329839105144,0.5148045363049044,0.5095202398800599,0.6006052923557218,not distinguishable,Denmark,1800-1899
Nobility & Kinship,Learning & Culture,Nobility & Kinship + Learning & Culture,3453,1167,358,300.84120489470564,0.25057516078807723,0.18578619483290393,0.31565729241991075,0.03304968063298385,0.0004997501249375312,0.3067694944301628,-0.8866352156287722,0.10752482552041295,-1.0973838736487815,-0.6758865576087628,1.6396944959113636e-16,0.0014992503748125937,5.738930735689772e-16,associated,Denmark,1800-1899
Religion,Learning & Culture,Religion + Learning & Culture,3453,1167,93,69.65287777070125,0.4144640785412281,0.25903671712787923,0.567509420111801,0.0776015275046567,0.0004997501249375312,0.07969151670951156,-1.036657849392667,0.17656141424955626,-1.3827182213217972,-0.6905974774635368,4.322016699621468e-09,0.0014992503748125937,1.2966050098864405e-08,associated,Denmark,1800-1899
Politics,Administration & Law,Politics + Administration & Law,4631,899,83,25.96155379380948,1.6578784199909407,1.4493510891502175,1.8610669777825262,0.10625278349717603,0.0004997501249375312,0.09232480533926585,1.907714590224572,0.16821055740444904,1.5780218977118519,2.237407282737292,8.198414078758584e-30,0.0011660836248542396,4.304167391348256e-29,associated,Denmark,1900-2020
Politics,Military,Politics + Military,4631,899,18,10.114122647830888,0.8015401462184943,0.21280690956364948,1.2338809988901576,0.26697284450949765,0.0079960019990005,0.020022246941045607,0.6400295349208986,0.2754069217480325,0.100231968294755,1.1798271015470423,0.020128637393859197,0.01679160419790105,0.046966820585671455,associated,Denmark,1900-2020
Politics,Business,Politics + Business,4631,899,81,80.21300285464058,0.013998949127183096,-0.2152260401548613,0.21700888929762238,0.1079450426808005,0.8895552223888056,0.09010011123470522,0.21881042939334003,0.13033220743724705,-0.03664069718366417,0.47426155597034425,0.09317798624478199,0.8895552223888056,0.16306147592836848,not distinguishable,Denmark,1900-2020
Politics,Nobility & Kinship,Politics + Nobility & Kinship,4631,899,8,27.31029542164974,-1.710084323783159,-2.951353379095336,-0.9821049193586818,0.5094057644844825,0.009495252373813094,0.008898776418242492,-1.2758096084898392,0.35491333932576113,-1.971439753568331,-0.5801794634113473,0.0003247563486061027,0.018127299986370454,0.0008524854150910195,dissociated,Denmark,1900-2020
Politics,Religion,Politics + Religion,4631,899,13,14.357767944069378,-0.13825799138030695,-0.9641161092329683,0.4177449546662636,0.35578312601517836,0.6966516741629185,0.014460511679644048,-0.09708653179811264,0.2984672957671454,-0.6820824315017177,0.48790936790549233,0.7449664029420371,0.8605697151424287,0.782214723089139,not distinguishable,Denmark,1900-2020
Politics,Learning & Culture,Politics + Learning & Culture,4631,899,226,271.0432573608194,-0.2616709901481098,-0.3399288055018515,-0.18872856812189928,0.03898380290854107,0.0004997501249375312,0.25139043381535037,-3.759525292479404,0.10685620738772139,-3.9689634589593377,-3.55008712599947,3.6347919814583654e-271,0.0011660836248542396,7.633063161062567e-270,dissociated,Denmark,1900-2020
Administration & Law,Military,Administration & Law + Military,4631,899,2,2.410054507105593,-0.2191180810621649,-2.6568467350162615,0.928359146737474,0.9847707061148476,0.7896051974012993,0.002224694104560623,0.11982055331106464,0.6497558108252086,-1.1537008359063443,1.3933419425284734,0.8536929310632889,0.8710644677661168,0.8536929310632889,not distinguishable,Denmark,1900-2020
Administration & Law,Business,Administration & Law + Business,4631,899,7,19.11364097406511,-1.386894874056481,-2.7511265070357585,-0.6089603868710589,0.5474882583000948,0.025987006496751622,0.00778642936596218,-0.66154662939616,0.37807586636334567,-1.4025753274683175,0.0794820686759975,0.08015763455845383,0.04547726136931534,0.1530282114297755,dissociated,Denmark,1900-2020
Administration & Law,Nobility & Kinship,Administration & Law + Nobility & Kinship,4631,899,2,6.507662885168598,-1.4870052785686043,-3.906205543895761,-0.26658982503446726,1.004677936846414,0.1504247876061969,0.002224694104560623,-0.7586855772475928,0.6429561328978355,-2.0188795977273504,0.5015084432321647,0.23800186009898783,0.21059470264867566,0.33320260413858294,not distinguishable,Denmark,1900-2020
Administration & Law,Religion,Administration & Law + Religion,4631,899,0,3.421256054572534,-2.9713158516481006,-3.313739706651797,-2.600648832370738,0.18391280001882576,0.0004997501249375312,0.0,-1.79749014393704,1.4206536666134963,-4.581971330499493,0.9869910426254125,0.20577968270283475,0.0011660836248542396,0.30866952405425213,dissociated,Denmark,1900-2020
Administration & Law,Learning & Culture,Administration & Law + Learning & Culture,4631,899,28,64.5858317886938,-1.1913816051763002,-1.706992507146228,-0.8121391655136242,0.22775243964088443,0.0004997501249375312,0.03114571746384872,-3.2869010546018487,0.2122391782666597,-3.7028898440045017,-2.8709122651991956,4.2611644651345043e-54,0.0011660836248542396,4.474222688391229e-53,dissociated,Denmark,1900-2020
Military,Business,Military + Business,4631,899,8,7.446307358706583,0.09717824411102056,-1.083728263590141,0.8204184431438987,0.4723980855184108,0.8295852073963018,0.008898776418242492,0.374026589615772,0.3703273537846221,-0.35181502380208735,1.0998682030336313,0.3125005137581607,0.8710644677661168,0.4101569243075859,not distinguishable,Denmark,1900-2020
Military,Nobility & Kinship,Military + Nobility & Kinship,4631,899,3,2.5352604506678946,0.20553460499502357,-2.459026062184344,1.2444674973089214,0.8486304508694639,0.7721139430284858,0.0033370411568409346,0.44436722432854875,0.5549409877916901,-0.6433171117431637,1.5320515604002614,0.42327823878282633,0.8710644677661168,0.49382461191329735,not distinguishable,Denmark,1900-2020
Military,Religion,Military + Religion,4631,899,0,1.3328556380100671,-1.874093158748068,-2.2362030281765546,-1.4669131255494146,0.1949832683818398,0.0004997501249375312,0.0,-0.9700934378671314,1.42354020848032,-3.7602322464885582,1.8200453707542956,0.49557703499192285,0.0011660836248542396,0.5477430386752831,dissociated,Denmark,1900-2020
Military,Learning & Culture,Military + Learning & Culture,4631,899,18,25.16139939893683,-0.4720745766484656,-1.09339264141247,-0.05027295276788532,0.26697904468608596,0.07646176911544228,0.020022246941045607,-2.695371742842439,0.27558364487133175,-3.235515686790249,-2.1552277988946287,1.3640761511056426e-22,0.11469265367316342,5.729119834643699e-22,not distinguishable,Denmark,1900-2020
Business,Nobility & Kinship,Business + Nobility & Kinship,4631,899,8,20.106623268039435,-1.2775733687239303,-2.5892665274813496,-0.5378382620723637,0.533100966529274,0.02948525737131434,0.008898776418242492,-0.5622268699533483,0.3564756614885237,-1.2609191664708548,0.13646542656415828,0.1147537353092959,0.04763003113827701,0.1853714185765549,dissociated,Denmark,1900-2020
Business,Religion,Business + Religion,4631,899,1,10.570600814244044,-2.8836991151302116,-4.674082593507998,-1.4339367409781958,1.0299623286886581,0.0004997501249375312,0.0011123470522803114,-1.7582503068744004,0.8251522642790982,-3.3755487448614327,-0.1409518688873681,0.0331040380433769,0.0011660836248542396,0.06951847989109149,dissociated,Denmark,1900-2020
Business,Learning & Culture,Business + Learning & Culture,4631,899,232,199.54982474397002,0.21687135142676237,0.1373987602552156,0.3004474352859595,0.04173646612148169,0.0004997501249375312,0.25806451612903225,-1.6377590485981945,0.10848749900660322,-1.850394546651137,-1.4251235505452522,1.7129729838568713e-51,0.0011660836248542396,1.19908108869981e-50,associated,Denmark,1900-2020
Nobility & Kinship,Religion,Nobility & Kinship + Religion,4631,899,1,3.5989954340006944,-1.4503078821892705,-3.265087162332799,-0.07780846065380537,1.0308667047007476,0.28335832083958024,0.0011123470522803114,-0.7143544330826946,0.8275784221785181,-2.33640814055259,0.9076992743872007,0.3880349938273544,0.3719077961019491,0.47933734531614364,not distinguishable,Denmark,1900-2020
Nobility & Kinship,Learning & Culture,Nobility & Kinship + Learning & Culture,4631,899,106,67.94116254408453,0.6379172596324085,0.5042352245780741,0.7705756888443778,0.067778382912135,0.0004997501249375312,0.11790878754171301,-0.9434082218970883,0.1757555080282945,-1.2878890176325455,-0.5989274261616311,7.973352195770041e-08,0.0011660836248542396,2.779816260704907e-07,associated,Denmark,1900-2020
Religion,Learning & Culture,Religion + Learning & Culture,4631,899,54,35.7185241169148,0.5895284713593566,0.3872913731556323,0.76251796426435,0.09644702077739901,0.0004997501249375312,0.060066740823136816,-1.1925123617487758,0.22329355739094792,-1.6301677342350338,-0.7548569892625179,9.26605420234969e-08,0.0011660836248542396,2.779816260704907e-07,associated,Denmark,1900-2020
Politics,Administration & Law,Politics + Administration & Law,3045,1275,62,30.09464940870855,1.0305768226895056,0.732725500285751,1.290792790562548,0.1410470553180528,0.0004997501249375312,0.04862745098039216,0.8118330976228141,0.1560469648964995,0.5059810464256751,1.117685148819953,1.9663375110560228e-07,0.0014992503748125937,2.949506266584034e-07,associated,France,1400-1599
Politics,Military,Politics + Military,3045,1275,35,22.164924271356895,0.6473576837561119,0.19279496572122107,1.0207094011584172,0.21319306685385536,0.0029985007496251873,0.027450980392156862,0.36745387108370603,0.1914311094954585,-0.007751103527392611,0.7426588456948047,0.05491986020225985,0.006296851574212893,0.0678421802498504,associated,France,1400-1599
Politics,Business,Politics + Business,3045,1275,16,17.667644328262778,-0.13890534302308077,-0.9068649840685685,0.419928797894163,0.33443279464496395,0.6561719140429785,0.012549019607843137,-0.3224522962525859,0.26325183364602595,-0.8384258901987969,0.19352129769362497,0.22061987834369656,0.6889805097451274,0.23165087226088138,not distinguishable,France,1400-1599
Politics,Nobility & Kinship,Politics + Nobility & Kinship,3045,1275,63,45.02654656680305,0.48004856454850764,0.18259550557083964,0.7354940547202109,0.1448972697829388,0.001999000499750125,0.04941176470588235,-0.17879419557920156,0.15019788005582663,-0.4731820404886217,0.1155936493302186,0.23389277246014806,0.004664334499416958,0.23389277246014806,associated,France,1400-1599
Politics,Religion,Politics + Religion,3045,1275,24,39.9174212365254,-0.7221955267708572,-1.331553187575946,-0.2727857849473073,0.26942365085526565,0.013993003498250875,0.018823529411764704,-1.3115141731991447,0.2163483062625543,-1.735556853473751,-0.8874714929245382,1.3439771376573294e-09,0.019590204897551224,2.1710399916003014e-09,dissociated,France,1400-1599
Politics,Learning & Culture,Politics + Learning & Culture,3045,1275,31,76.128814191891,-1.2825351519856487,-1.8137827094809247,-0.89483983665003,0.23588805385408854,0.0004997501249375312,0.02431372549019608,-2.075815112354091,0.19366166050236738,-2.455391966938731,-1.6962382577694508,8.309960687245135e-27,0.0014992503748125937,4.362729360803696e-26,dissociated,France,1400-1599
Administration & Law,Military,Administration & Law + Military,3045,1275,31,32.976794498934936,-0.08780956361588582,-0.5888574240229543,0.31598739892237276,0.234522637199739,0.6966516741629185,0.02431372549019608,-0.3098946408074652,0.19622438097039033,-0.6944944275094302,0.07470514589449984,0.11427021093364786,0.6966516741629185,0.1262986541898213,not distinguishable,France,1400-1599
Administration & Law,Business,Administration & Law + Business,3045,1275,20,26.28577788764662,-0.3858432843426702,-1.0922768193802008,0.10035392861182012,0.30098506277156717,0.18840579710144928,0.01568627450980392,-0.5763936593700701,0.23694393334576216,-1.040803768727764,-0.11198355001237631,0.014990179261395143,0.2082379862700229,0.019674610280581126,not distinguishable,France,1400-1599
Administration & Law,Nobility & Kinship,Administration & Law + Nobility & Kinship,3045,1275,43,66.99013066554862,-0.6336611459296682,-1.07697844902143,-0.30633220586345206,0.19443299333534073,0.0034982508745627187,0.03372549019607843,-1.2477128050019053,0.1661132690330577,-1.5732948123066983,-0.9221307976971123,5.858020859619785e-14,0.006678478942347008,1.7574062578859355e-13,dissociated,France,1400-1599
Administration & Law,Religion,Administration & Law + Religion,3045,1275,39,59.38881545132999,-0.6004339440559047,-1.051431482628641,-0.2544437848097207,0.2034284671089088,0.005497251374312844,0.03058823529411765,-1.2930364024466896,0.1730267292171531,-1.6321687917123096,-0.9539040131810695,7.836048708089954e-14,0.008880175296966901,2.056962785873613e-13,dissociated,France,1400-1599
Administration & Law,Learning & Culture,Administration & Law + Learning & Culture,3045,1275,134,113.26383209428866,0.24156420522325636,0.06974284872960251,0.40605070030556106,0.084837668767655,0.004997501249375313,0.10509803921568628,-0.7178269298422596,0.11269180366464518,-0.9387028650249641,-0.49695099465955506,1.8924551941024263e-10,0.008745627186406797,3.6128690069228136e-10,associated,France,1400-1599
Military,Business,Military + Business,3045,1275,5,19.359663187330582,-1.852337631740302,-3.6255314819622426,-0.9706733461406786,0.645816384823351,0.01699150424787606,0.00392156862745098,-1.6899412924253825,0.43542251807466587,-2.5433694278517276,-0.8365131569990374,0.00010396252582512013,0.020989505247376312,0.0001455475361551682,dissociated,France,1400-1599
Military,Nobility & Kinship,Military + Nobility & Kinship,3045,1275,136,49.33870978076654,1.453562325523371,1.2906197505532926,1.6209562229391685,0.0847820615429195,0.0004997501249375312,0.10666666666666667,0.8577946930764977,0.12296289196115857,0.6167874248326268,1.0988019613203686,3.036050707101157e-12,0.0014992503748125937,7.084118316569367e-12,associated,France,1400-1599
Military,Religion,Military + Religion,3045,1275,12,43.74028682531869,-1.823432644214269,-2.779938674772982,-1.2214715023704137,0.40250549709100075,0.0009995002498750624,0.009411764705882352,-2.2390404810991864,0.29186837784910447,-2.8111025016834312,-1.6669784605149416,1.7012269272143482e-14,0.002623688155922039,5.95429424525022e-14,dissociated,France,1400-1599
Military,Learning & Culture,Military + Learning & Culture,3045,1275,32,83.41962144031912,-1.3685684518212033,-1.8738013494153791,-0.9724448521380176,0.2271705923261077,0.0004997501249375312,0.025098039215686273,-2.2469707746784597,0.18941161183040567,-2.618217533866055,-1.8757240154908645,1.844758748407259e-32,0.0014992503748125937,1.2913311238850815e-31,dissociated,France,1400-1599
Business,Nobility & Kinship,Business + Nobility & Kinship,3045,1275,23,39.32784815098308,-0.7611167780017298,-1.3657627783225468,-0.2884929665979809,0.27411874429381083,0.009995002498750625,0.01803921568627451,-1.3738459977524706,0.2206152620541214,-1.8062519113785487,-0.9414400841263927,4.744242356606941e-10,0.014992503748125939,8.302424124062147e-10,dissociated,France,1400-1599
Business,Religion,Business + Religion,3045,1275,4,34.86534945867515,-2.9743396106454707,-4.6209052249377205,-1.9988486337573448,0.7383220436242252,0.014992503748125937,0.003137254901960784,-3.0733184019285926,0.47752406991143037,-4.009265578954996,-2.1373712249021892,1.2270788376616375e-10,0.019677661169415293,2.5768655590894387e-10,dissociated,France,1400-1599
Business,Learning & Culture,Business + Learning & Culture,3045,1275,136,66.49371699006744,1.0268032473622901,0.8822761725388323,1.1653485111097324,0.0713070518684456,0.0004997501249375312,0.10666666666666667,0.2443734400723048,0.13197455430048846,-0.014296686356652571,0.5030435665012621,0.06407309695404288,0.0014992503748125937,0.07475194644638336,associated,France,1400-1599
Nobility & Kinship,Religion,Nobility & Kinship + Religion,3045,1275,103,88.85543832561744,0.2120033257723,-0.001356267292773614,0.4073545159745727,0.10384984902364126,0.04147926036981509,0.08078431372549019,-1.1552762713986477,0.11463780296984466,-1.3799663652195433,-0.9305861775777522,6.938608345276314e-24,0.04839247043145094,2.914215505016052e-23,associated,France,1400-1599
Nobility & Kinship,Learning & Culture,Nobility & Kinship + Learning & Culture,3045,1275,91,169.4613265257806,-0.8933628603433452,-1.1459780713286054,-0.688430962913655,0.11748125619373741,0.0004997501249375312,0.07137254901960784,-2.607205509365015,0.11920523337315277,-2.8408477667763945,-2.3735632519536356,4.84618548818952e-106,0.0014992503748125937,1.0176989525197992e-104,dissociated,France,1400-1599
Religion,Learning & Culture,Religion + Learning & Culture,3045,1275,235,150.23268871384482,0.6437347382485956,0.5339766275616109,0.7522175894303331,0.05534498995341413,0.0004997501249375312,0.1843137254901961,-1.071030273932556,0.08851062891708276,-1.244511106610038,-0.8975494412550737,1.0486288073026932e-33,0.0014992503748125937,1.1010602476678279e-32,associated,France,1400-1599
Politics,Administration & Law,Politics + Administration & Law,22691,8504,1087,607.886505962302,0.8379553414667346,0.7853740080123833,0.890633783522849,0.02666571602281213,0.0004997501249375312,0.1278222013170273,0.6280232689524368,0.045863425283461545,0.5381309553968522,0.7179155825080213,1.1128130755598581e-42,0.0006173383896287151,2.3369074586757022e-42,associated,France,1600-1799
Politics,Military,Politics + Military,22691,8504,1650,1048.5539523371974,0.6538142616293188,0.6109487575144918,0.6943369600392847,0.021502158463076397,0.0004997501249375312,0.1940263405456256,-0.13700876944537707,0.03417385260805073,-0.20398952055715652,-0.07002801833359763,6.0932654843436826e-05,0.0006173383896287151,6.734661851116702e-05,associated,France,1600-1799
Politics,Business,Politics + Business,22691,8504,342,453.2521505014473,-0.4058004925237561,-0.5313405095453552,-0.28267469476358276,0.0640079496180988,0.0004997501249375312,0.04021636876763876,-0.9763654616793789,0.061845954868470145,-1.0975835332215804,-0.8551473901371774,3.8200573054955476e-56,0.0006173383896287151,8.913467046156277e-56,dissociated,France,1600-1799
Politics,Nobility & Kinship,Politics + Nobility & Kinship,22691,8504,333,574.0195802146966,-0.7846693008214441,-0.9146864080023006,-0.660554919228863,0.06565638933854245,0.0004997501249375312,0.03915804327375353,-1.3512453003482208,0.06099919207563591,-1.4708037168164672,-1.2316868838799744,1.0010950546605515e-108,0.0006173383896287151,5.255749036967895e-108,dissociated,France,1600-1799
Politics,Religion,Politics + Religion,22691,8504,362,421.0253419444701,-0.21763837292847768,-0.3406772601266801,-0.10018414641779919,0.061388228593558775,0.0009995002498750624,0.042568203198494824,-1.3683506183425345,0.05863792912539666,-1.4832809594283118,-1.253420277256757,1.9304504995627868e-120,0.0011660836248542396,1.3513153496939506e-119,dissociated,France,1600-1799
Politics,Learning & Culture,Politics + Learning & Culture,22691,8504,553,1222.2624688306512,-1.143488954172208,-1.245204873591081,-1.0479469394380325,0.05006778601768304,0.0004997501249375312,0.06502822201317027,-3.161093321216713,0.047244608073235564,-3.2536927530402546,-3.0684938893931712,0.0,0.0006173383896287151,0.0,dissociated,France,1600-1799
Administration & Law,Military,Administration & Law + Military,22691,8504,197,353.86234300436627,-0.8433726479864733,-1.0297622875359604,-0.676637979367787,0.08988693091476926,0.0004997501249375312,0.023165569143932266,-1.0046348511001837,0.07660567511434546,-1.1547819743243009,-0.8544877278760665,2.72451579390282e-39,0.0006173383896287151,4.767902639329935e-39,dissociated,France,1600-1799
Administration & Law,Business,Administration & Law + Business,22691,8504,74,152.96196022217788,-1.0425687574813458,-1.37135438979942,-0.7595023415218012,0.16097036489753697,0.0004997501249375312,0.008701787394167451,-0.8947400230305413,0.12065829440033432,-1.1312302800551965,-0.6582497660058861,1.211786202366942e-13,0.0006173383896287151,1.5904693906066115e-13,dissociated,France,1600-1799
Administration & Law,Nobility & Kinship,Administration & Law + Nobility & Kinship,22691,8504,86,193.71813260767152,-1.1669058621842938,-1.479522120782643,-0.900521232294184,0.14741951996338615,0.0004997501249375312,0.01011288805268109,-1.019679466936542,0.11210563605013577,-1.2394065135948082,-0.799952420278276,9.397730895782681e-20,0.0006173383896287151,1.3156823254095754e-19,dissociated,France,1600-1799
Administration & Law,Religion,Administration & Law + Religion,22691,8504,48,142.08616889250308,-1.555777392216843,-1.9852588897461845,-1.2094812469887868,0.1996537405958661,0.0004997501249375312,0.005644402634054563,-1.7378743556816527,0.14686845515393984,-2.025736527783375,-1.4500121835799307,2.639804893604462e-32,0.0006173383896287151,4.2643002127456695e-32,dissociated,France,1600-1799
Administration & Law,Learning & Culture,Administration & Law + Learning & Culture,22691,8504,371,412.4848893303552,-0.1527267851980961,-0.2797132125227473,-0.03506708534511921,0.06171836071078936,0.014992503748125937,0.043626528692380054,-1.2923425353554736,0.058846218100015904,-1.4076811228315047,-1.1770039478794425,6.746110941389968e-107,0.016570662037402352,2.8333665953837867e-106,dissociated,France,1600-1799
Military,Business,Military + Business,22691,8504,57,263.84673187359135,-2.2007976295783025,-2.601642793851042,-1.8690505772564867,0.18482202341902088,0.0004997501249375312,0.006702728127939793,-2.1381829493197815,0.13510789657310032,-2.4029944266030583,-1.873371472036505,2.067416307605714e-56,0.0006173383896287151,5.426967807464999e-56,dissociated,France,1600-1799
Military,Nobility & Kinship,Military + Nobility & Kinship,22691,8504,593,334.14775882153236,0.8266046774432134,0.7442037331329527,0.908768643615358,0.04294647114202643,0.0004997501249375312,0.06973189087488241,0.3418875012109257,0.05087440181489258,0.24217367365373627,0.44160132876811514,1.8144234725842034e-11,0.0006173383896287151,2.241346642604016e-11,associated,France,1600-1799
Military,Religion,Military + Religion,22691,8504,25,245.08689122624472,-3.2676644033500226,-3.901062770759177,-2.793704542528403,0.28709184489025147,0.0004997501249375312,0.0029397930385700846,-3.365717791826176,0.1997554106731903,-3.757238396745629,-2.9741971869067227,1.0635314846703816e-63,0.0006173383896287151,3.190594454011145e-63,dissociated,France,1600-1799
Military,Learning & Culture,Military + Learning & Culture,22691,8504,435,711.5023227930275,-0.709209228935673,-0.8302387774111479,-0.6028250713303359,0.0572833803627462,0.0004997501249375312,0.05115239887111947,-2.271190553966125,0.052463209257269376,-2.374018444110373,-2.1683626638218767,0.0,0.0006173383896287151,0.0,dissociated,France,1600-1799
Business,Nobility & Kinship,Business + Nobility & Kinship,22691,8504,129,144.44005473777824,-0.16250424636895935,-0.3972336022159399,0.04169162754267223,0.11204488758519342,0.13493253373313344,0.015169332079021637,-0.35770490097600044,0.09411001041329747,-0.5421605213860635,-0.17324928056593739,0.00014415811112078618,0.13493253373313344,0.00015136601667682548,not distinguishable,France,1600-1799
Business,Religion,Business + Religion,22691,8504,38,105.94224575702735,-1.4671405033758504,-1.9640036770760259,-1.0672366237026027,0.23335228082924392,0.0004997501249375312,0.004468485418626529,-1.772684032025255,0.16437578526748756,-2.0948605711495305,-1.4505074929009794,4.081714124826892e-27,0.0006173383896287151,6.122571187240338e-27,dissociated,France,1600-1799
Business,Learning & Culture,Business + Learning & Culture,22691,8504,788,307.5568569208037,1.3559141066037619,1.2877113273090621,1.424735321993449,0.034960484835462935,0.0004997501249375312,0.09266227657572906,0.15482169715304706,0.049930082915390764,0.05695873463888115,0.252684659667213,0.0019301823147875932,0.0006173383896287151,0.0019301823147875932,associated,France,1600-1799
Nobility & Kinship,Religion,Nobility & Kinship + Religion,22691,8504,154,134.17018180536326,0.19817638839615967,-0.027722387935495134,0.3866287229802175,0.10488220993002634,0.054972513743128434,0.01810912511759172,-0.5564082968819372,0.08621993901994339,-0.7253993773610262,-0.3874172164028481,1.0939713834479174e-10,0.057721139430284854,1.2762999473559035e-10,not distinguishable,France,1600-1799
Nobility & Kinship,Learning & Culture,Nobility & Kinship + Learning & Culture,22691,8504,475,389.504291830751,0.2859553407805127,0.1812288452444632,0.38954965025415084,0.05357919310744524,0.0004997501249375312,0.05585606773283161,-1.0619709336190077,0.05349724018458494,-1.1668255243807941,-0.9571163428572212,1.0814143088506565e-87,0.0006173383896287151,3.784950080977298e-87,associated,France,1600-1799
Religion,Learning & Culture,Religion + Learning & Culture,22691,8504,707,285.6891703860418,1.30576106751501,1.2326338066050784,1.3765419165446997,0.037047358198064255,0.0004997501249375312,0.083137347130762,-0.6231980952440128,0.04671699523675148,-0.7147634059080457,-0.53163278457998,1.3571731451802236e-40,0.0006173383896287151,2.5909669135258813e-40,associated,France,1600-1799
Politics,Administration & Law,Politics + Administration & Law,32680,8787,1055,454.782871672032,1.2130914892397895,1.156486797000886,1.2727047880335052,0.029428019536102655,0.0004997501249375312,0.12006373051098214,0.9959584689340443,0.045334344671063474,0.9071031533787599,1.0848137844893286,5.678191450048541e-107,0.0006559220389805098,2.384840409020387e-106,associated,France,1800-1899
Politics,Military,Politics + Military,32680,8787,581,428.4751013783412,0.4388852786133949,0.35035157136796485,0.526628541939997,0.044763210850436816,0.0004997501249375312,0.06612040514396267,-0.5809430039353117,0.047768701250704024,-0.6745696583866916,-0.4873163494839319,4.978477634939465e-34,0.0006559220389805098,1.3068503791716094e-33,associated,France,1800-1899
Politics,Business,Politics + Business,32680,8787,713,651.8509175923012,0.1292651908915804,0.049625818130630384,0.20387447925302427,0.03860018738562452,0.0004997501249375312,0.08114259701832252,-0.2277497763911761,0.044896139462682096,-0.315746209738033,-0.1397533430443192,3.919750595551687e-07,0.0006559220389805098,4.573042361476969e-07,associated,France,1800-1899
Politics,Nobility & Kinship,Politics + Nobility & Kinship,32680,8787,198,238.57067169166342,-0.26829814902920907,-0.44576174517128203,-0.09703910012133139,0.0881502449435376,0.0024987506246876563,0.022533287811539775,-0.6524891382822844,0.07905866652367745,-0.8074441246686922,-0.4975341518958766,1.5417353206847783e-16,0.002915209062135599,2.1584294489586897e-16,dissociated,France,1800-1899
Politics,Religion,Politics + Religion,32680,8787,98,238.57067169166342,-1.2792415267157906,-1.5436003943764451,-1.0278642485014464,0.13268582647214885,0.0004997501249375312,0.011152839421873222,-2.0166120796821225,0.10430170468730733,-2.221043420869245,-1.8121807384950002,2.7579653545773015e-83,0.0006559220389805098,9.652878741020555e-83,dissociated,France,1800-1899
Politics,Learning & Culture,Politics + Learning & Culture,32680,8787,1464,2096.74976620251,-0.5180904922535873,-0.5618956247411493,-0.4778330457968132,0.021345543387279692,0.0004997501249375312,0.16660976442471834,-3.3116426951172175,0.03353795843435048,-3.3773770936485445,-3.2459082965858905,0.0,0.0006559220389805098,0.0,dissociated,France,1800-1899
Administration & Law,Military,Administration & Law + Military,32680,8787,92,157.73338725507205,-0.7745287699368647,-1.0743800435898494,-0.5197703901235692,0.14193588035265683,0.0004997501249375312,0.010470012518493228,-0.8664304016301905,0.1080496811788658,-1.0782077767407674,-0.6546530265196135,1.0677019158391571e-15,0.0006559220389805098,1.4013587645388936e-15,dissociated,France,1800-1899
Administration & Law,Business,Administration & Law + Business,32680,8787,65,239.96412600500724,-1.87625486770007,-2.2462282170089347,-1.5560647275112391,0.17067329714412732,0.0004997501249375312,0.007397291453283259,-1.1780522006936207,0.12703884134949783,-1.4270483297386365,-0.9290560716486049,1.807017372560753e-20,0.0006559220389805098,3.0699256552278987e-20,dissociated,France,1800-1899
Administration & Law,Nobility & Kinship,Administration & Law + Nobility & Kinship,32680,8787,23,87.824380050537,-1.9101509610742544,-2.5639783123640454,-1.3985995005405663,0.29762210394440314,0.0004997501249375312,0.002617503129623307,-1.221371560831945,0.20965937728461806,-1.6323039403097965,-0.8104391813540937,5.694046325372822e-09,0.0006559220389805098,7.033821931342897e-09,dissociated,France,1800-1899
Administration & Law,Religion,Administration & Law + Religion,32680,8787,24,87.824380050537,-1.8500299686366835,-2.50312110854949,-1.3965907322737012,0.2876373413851857,0.0004997501249375312,0.0027313076135199728,-1.6909529616589407,0.20463842794342615,-2.092044280428056,-1.2898616428898255,1.4190719935847197e-16,0.0006559220389805098,2.1286079903770795e-16,dissociated,France,1800-1899
Administration & Law,Learning & Culture,Administration & Law + Learning & Culture,32680,8787,541,771.8708550053453,-0.5123323881683712,-0.6059313104742092,-0.4207658351650322,0.047495633773539964,0.0004997501249375312,0.06156822578809605,-1.7857887388795841,0.051278390070955165,-1.8862943834186563,-1.685283094340512,1.0050184625195516e-265,0.0006559220389805098,7.035129237636862e-265,dissociated,France,1800-1899
Military,Business,Military + Business,32680,8787,125,226.08294995619028,-0.852351940322581,-1.1041186379264925,-0.6412326004644019,0.11966210895430757,0.0004997501249375312,0.014225560487083191,-0.9066844586109416,0.09326809644152419,-1.089489927636329,-0.7238789895855542,2.447072029200317e-22,0.0006559220389805098,5.138851261320665e-22,dissociated,France,1800-1899
Military,Nobility & Kinship,Military + Nobility & Kinship,32680,8787,79,82.74401365929452,-0.0663916667469168,-0.3949559859149909,0.21448732088225833,0.1556294909898494,0.6666666666666666,0.008990554227836577,-0.34463894105625725,0.11783707741036074,-0.5755996127805643,-0.11367826933195019,0.0034478053542937874,0.6666666666666666,0.003620195622008477,not distinguishable,France,1800-1899
Military,Religion,Military + Religion,32680,8787,53,82.74401365929452,-0.6378076356301253,-1.0321539668655195,-0.3032399454996001,0.18675886525138594,0.0024987506246876563,0.006031637646523273,-1.2980561932410548,0.14005056514460956,-1.5725553009244895,-1.0235570855576201,1.8881323481778147e-20,0.002915209062135599,3.0699256552278987e-20,dissociated,France,1800-1899
Military,Learning & Culture,Military + Learning & Culture,32680,8787,775,727.2205341275634,0.09174226138074125,0.023748570708041775,0.1568642840426907,0.03419454406334477,0.0079960019990005,0.08819847501991579,-1.8739941244793583,0.04334740086644649,-1.9589550301775935,-1.789033218781123,0.0,0.008837686419947921,0.0,associated,France,1800-1899
Business,Nobility & Kinship,Business + Nobility & Kinship,32680,8787,72,125.88073625649295,-0.8017236754171161,-1.1356456690621404,-0.5191890230161933,0.15932155175956628,0.0004997501249375312,0.008193922840559918,-0.3892646798329962,0.12292465877016516,-0.6301970110225199,-0.14833234864347247,0.0015418289484397983,0.0006559220389805098,0.0017041267324860929,dissociated,France,1800-1899
Business,Religion,Business + Religion,32680,8787,46,125.88073625649295,-1.4424739543240193,-1.8940031037079341,-1.0827852270262999,0.20353938631686783,0.0004997501249375312,0.005235006259246614,-1.3883764189257533,0.14980663703398867,-1.681997427512371,-1.0947554103391355,1.9004301675220325e-20,0.0006559220389805098,3.0699256552278987e-20,dissociated,France,1800-1899
Business,Learning & Culture,Business + Learning & Culture,32680,8787,1455,1106.34053399626,0.39506745599052084,0.35311575471025336,0.4390852571424446,0.021814364013170932,0.0004997501249375312,0.16558552406964835,-0.6791472957733766,0.03888769606553153,-0.7553671800618185,-0.6029274114849348,2.6785853032829184e-68,0.0006559220389805098,8.035755909848755e-68,associated,France,1800-1899
Nobility & Kinship,Religion,Nobility & Kinship + Religion,32680,8787,51,46.07104322669031,0.145139232312507,-0.2808273790524031,0.46893853366571386,0.19095225667806073,0.4387806096951524,0.005804028678729942,-0.24852917664852964,0.14464701846946443,-0.5320373328486799,0.03497897955162066,0.08576433993262716,0.4607196401799101,0.08576433993262716,not distinguishable,France,1800-1899
Nobility & Kinship,Learning & Culture,Nobility & Kinship + Learning & Culture,32680,8787,563,404.9091551333557,0.4750369416312771,0.3968624330870008,0.548828722518685,0.03905735220275002,0.0004997501249375312,0.06407192443382269,-0.6511039974963688,0.06030546232881713,-0.7693027036608504,-0.5329052913318872,3.565391189800255e-27,0.0006559220389805098,8.319246109533927e-27,associated,France,1800-1899
Religion,Learning & Culture,Religion + Learning & Culture,32680,8787,714,404.9091551333557,0.8175553425548726,0.7577110590462383,0.8738478828526842,0.029657460230626854,0.0004997501249375312,0.08125640150221919,-1.1279313806651217,0.04925101157200881,-1.224463363346259,-1.0313993979839844,4.469503456660453e-116,0.0006559220389805098,2.3464893147467376e-115,associated,France,1800-1899
Politics,Administration & Law,Politics + Administration & Law,54050,9635,753,337.3447294146615,1.1572471634567525,1.0805690982512806,1.2287105989794387,0.036781849378876214,0.0004997501249375312,0.07815256875973015,0.8065590816941146,0.04573976433710885,0.7169091435933812,0.896209019794848,1.3589889170739051e-69,0.0006559220389805098,4.756461209758668e-69,associated,France,1900-2020
Politics,Military,Politics + Military,54050,9635,652,324.2274109656812,1.00674873080925,0.9275046098507491,1.0866029670616757,0.040886054489044796,0.0004997501249375312,0.06766995329527763,0.5198362066323264,0.04713128651122963,0.4274588850703164,0.6122135281943365,2.7528258214125835e-28,0.0006559220389805098,7.226167781208032e-28,associated,France,1900-2020
Politics,Business,Politics + Business,54050,9635,601,685.5231074193792,-0.18969243432894128,-0.2812589157900946,-0.10557020295799063,0.0448898487339688,0.0004997501249375312,0.06237675142708874,-0.29550056651032613,0.04556069534754181,-0.3847995293915081,-0.2062016036291442,8.822353133773426e-11,0.0006559220389805098,1.5439117984103494e-10,dissociated,France,1900-2020
Politics,Nobility & Kinship,Politics + Nobility & Kinship,54050,9635,105,206.93996379118,-0.9754508605477751,-1.253848018015525,-0.7374354627948577,0.13204162147625517,0.0004997501249375312,0.010897768552153606,-0.7694268515685156,0.10291048885363555,-0.9711314097216412,-0.56772229341539,7.623465868282755e-14,0.0006559220389805098,1.6009278323393786e-13,dissociated,France,1900-2020
Politics,Religion,Politics + Religion,54050,9635,68,180.55974267677408,-1.402289915958015,-1.7646677051823336,-1.1078680874859717,0.16753804590400748,0.0004997501249375312,0.007057602490918526,-1.5748956803825418,0.12414736805765811,-1.8182245217755517,-1.3315668389895319,7.0981165667567204e-37,0.0006559220389805098,2.1294349700270163e-36,dissociated,France,1900-2020
Politics,Learning & Culture,Politics + Learning & Culture,54050,9635,2006,2450.4050459656773,-0.2886334356478182,-0.3189025576347351,-0.2571243051153501,0.015493232765326388,0.0004997501249375312,0.20819927348209652,-3.6751058266765386,0.030054873719777483,-3.7340133791673025,-3.6161982741857748,0.0,0.0006559220389805098,0.0,dissociated,France,1900-2020
Administration & Law,Military,Administration & Law + Military,54050,9635,81,110.94957824595488,-0.4515191926202657,-0.7781842067020587,-0.17162913076384798,0.15692570137762532,0.006496751624187906,0.008406850025947068,-0.28481985061199017,0.11469698553088906,-0.5096259422525327,-0.06001375897144762,0.013019426748046707,0.007180620216207685,0.017087997606811303,dissociated,France,1900-2020
Administration & Law,Business,Administration & Law + Business,54050,9635,164,234.5838046804969,-0.515087568761008,-0.7295074708203539,-0.3170878266874424,0.10346598525144642,0.0004997501249375312,0.01702127659574468,-0.1042834287705675,0.08252035145157334,-0.26602331761565123,0.057456460074516255,0.20632701861066005,0.0006559220389805098,0.21664336954119304,dissociated,France,1900-2020
Administration & Law,Nobility & Kinship,Administration & Law + Nobility & Kinship,54050,9635,24,70.81419068326352,-1.5414074353138312,-2.1646987756475946,-1.0684679476127286,0.2900356798813074,0.0004997501249375312,0.002490918526206539,-0.7147374487281338,0.20538050750493472,-1.117283243437806,-0.3121916540184618,0.0005012927574545748,0.0006559220389805098,0.0007018098604364048,dissociated,France,1900-2020
Administration & Law,Religion,Administration & Law + Religion,54050,9635,24,61.786963781130396,-1.3461484997952078,-1.986110901342349,-0.8721427885297987,0.2847694679674798,0.0009995002498750624,0.002490918526206539,-1.035297083852359,0.20478345990862534,-1.4366726652732646,-0.6339215024314533,4.2910755344626553e-07,0.0012346767792574302,6.931737401824289e-07,dissociated,France,1900-2020
Administration & Law,Learning & Culture,Administration & Law + Learning & Culture,54050,9635,608,838.5207332467909,-0.463449198957019,-0.546382886220693,-0.3846638035551212,0.04230929943180001,0.0004997501249375312,0.06310326933056565,-2.467582070605053,0.04842686425141071,-2.562498724537818,-2.3726654166722883,0.0,0.0006559220389805098,0.0,dissociated,France,1900-2020
Military,Business,Military + Business,54050,9635,132,225.46224385366352,-0.7700893724531668,-1.0235201806720575,-0.5560596455838073,0.1217113935164012,0.0004997501249375312,0.013700051894135963,-0.3961903699091365,0.09081334681749464,-0.574184529671426,-0.21819621014684698,1.2847363878697313e-05,0.0006559220389805098,1.9271045818045967e-05,dissociated,France,1900-2020
Military,Nobility & Kinship,Military + Nobility & Kinship,54050,9635,44,68.06065043524798,-0.6235754602916728,-1.0792387910771253,-0.2450922346251499,0.2095469536341355,0.005997001499250375,0.004566683964711988,-0.14074700996485442,0.15439249798494956,-0.4433563060153556,0.1618622860856467,0.3619697421040674,0.006996501749125437,0.3619697421040674,dissociated,France,1900-2020
Military,Religion,Military + Religion,54050,9635,58,59.38443838427895,-0.033744527189473156,-0.44075963608319524,0.2748916762261298,0.17758333117805863,0.8405797101449275,0.006019719771665801,-0.1771289651429308,0.1349638045965123,-0.44165802215209493,0.08740009186623332,0.1893790402619986,0.8405797101449275,0.20931367607905108,not distinguishable,France,1900-2020
Military,Learning & Culture,Military + Learning & Culture,54050,9635,627,805.915678165137,-0.3619082286226549,-0.4461720324514629,-0.28191605603348385,0.0411761354648867,0.0004997501249375312,0.06507524649714583,-2.498708944026717,0.04760826891027585,-2.5920211510908575,-2.4053967369625764,0.0,0.0006559220389805098,0.0,dissociated,France,1900-2020
Business,Nobility & Kinship,Business + Nobility & Kinship,54050,9635,103,143.90254186218044,-0.4804653699276759,-0.7430428600780618,-0.23635936173868657,0.12797543941189227,0.0004997501249375312,0.010690192008303063,0.2012072949843264,0.10445984675930438,-0.003534004663910184,0.405948594632563,0.05408330343328462,0.0006559220389805098,0.06680878659405748,dissociated,France,1900-2020
Business,Religion,Business + Religion,54050,9635,42,125.55818341298287,-1.5685550313821048,-2.035776869950349,-1.2008586824332697,0.21370262940491805,0.0004997501249375312,0.004359107420861443,-1.0886015859307894,0.1564229420440778,-1.395190552337182,-0.7820126195243968,3.4185272256181705e-12,0.0006559220389805098,6.526279248907416e-12,dissociated,France,1900-2020
Business,Learning & Culture,Business + Learning & Culture,54050,9635,2077,1703.970118899785,0.28552516921208115,0.25469879731100176,0.3167320043019868,0.015629140657326526,0.0004997501249375312,0.21556824078879086,-1.4322751929338629,0.03296961082084289,-1.496895630142715,-1.3676547557250107,0.0,0.0006559220389805098,0.0,associated,France,1900-2020
Nobility & Kinship,Religion,Nobility & Kinship + Religion,54050,9635,22,37.90245091369839,-0.7712733878426993,-1.46334703601367,-0.28079566504409975,0.30216085607853915,0.015992003998001,0.002283341982355994,-0.35213628657963,0.21457385231630108,-0.7727010371195802,0.06842846396032015,0.10077749297791803,0.01679160419790105,0.11757374180757105,dissociated,France,1900-2020
Nobility & Kinship,Learning & Culture,Nobility & Kinship + Learning & Culture,54050,9635,744,514.3802023447383,0.5320350506630295,0.47466264711687306,0.5834618753125036,0.028118054061718942,0.0004997501249375312,0.0772184743124027,-0.6087878116218557,0.06417258930832255,-0.7345660866661679,-0.48300953657754353,2.3840304941888665e-21,0.0006559220389805098,5.5627378197740214e-21,associated,France,1900-2020
Religion,Learning & Culture,Religion + Learning & Culture,54050,9635,700,448.80822085729693,0.6406795919962727,0.587558887078005,0.6939666499560436,0.027051830114637562,0.0004997501249375312,0.07265179034769072,-1.4935597117253174,0.05253767739911867,-1.59653355942759,-1.3905858640230448,9.025627683963722e-178,0.0006559220389805098,3.7907636272647634e-177,associated,France,1900-2020
Politics,Administration & Law,Politics + Administration & Law,5586,2065,89,50.27957516785794,0.8176393572179501,0.5677640769660053,1.047285043469458,0.12103771408774902,0.0004997501249375312,0.043099273607748186,0.3255431729450493,0.12303411656866818,0.08439630447045968,0.566690041419639,0.00814597968933725,0.0008072886633606274,0.009503642970893459,associated,Germany,1400-1599
Politics,Military,Politics + Military,5586,2065,16,14.121949891584991,0.17433031158409368,-0.5920957290001189,0.7478943985424992,0.3364669769027457,0.5772113943028486,0.00774818401937046,-0.3457861169605363,0.2606391854470398,-0.8566389204367343,0.1650666865156617,0.1846128805318994,0.6379704884399906,0.19384352455849435,not distinguishable,Germany,1400-1599
Politics,Business,Politics + Business,5586,2065,56,42.63698308170227,0.38932558683997975,0.0440562129010355,0.6831062131531882,0.16391434683410944,0.01899050474762619,0.02711864406779661,-0.21075907738313898,0.14672532479706676,-0.4983407139853898,0.07682255921911185,0.1508830857681291,0.024925037481259373,0.16676551584898477,associated,Germany,1400-1599
Politics,Nobility & Kinship,Politics + Nobility & Kinship,5586,2065,124,70.48243446435124,0.81061178223216,0.6058998600553063,1.0063306233658025,0.10150666679329204,0.0004997501249375312,0.06004842615012106,-0.32788016667398145,0.10526529605670781,-0.5342001469451287,-0.12156018640283414,0.0018407072237776186,0.0008072886633606274,0.002273814805842941,associated,Germany,1400-1599
Politics,Religion,Politics + Religion,5586,2065,30,70.48243446435124,-1.218652812273035,-1.7847470483924117,-0.7828021234720832,0.2522409833661195,0.0004997501249375312,0.014527845036319613,-1.5582106535214577,0.18906433581467597,-1.9287767517182226,-1.1876445553246928,1.6978746466418675e-16,0.0008072886633606274,5.093623939925603e-16,dissociated,Germany,1400-1599
Politics,Learning & Culture,Politics + Learning & Culture,5586,2065,115,181.99662294075083,-0.659976915848804,-0.8940711572530583,-0.47396768470767037,0.10565853158523707,0.0004997501249375312,0.05569007263922518,-2.0013760646916263,0.10711497435524182,-2.2113214144279003,-1.7914307149553523,6.635468091812708e-78,0.0008072886633606274,6.967241496403344e-77,dissociated,Germany,1400-1599
Administration & Law,Military,Administration & Law + Military,5586,2065,18,16.911228983825367,0.08750723051576889,-0.6058157383613605,0.6176970825920453,0.3094731808812845,0.7806096951524237,0.008716707021791767,-0.20736029459028146,0.2479116489155849,-0.6932671264648279,0.27854653728426493,0.4029140528697125,0.7806096951524237,0.40291405286971244,not distinguishable,Germany,1400-1599
Administration & Law,Business,Administration & Law + Business,5586,2065,19,51.05837293076729,-1.4027326121499755,-2.1819260327001238,-0.8547841284787944,0.3322990030381169,0.0004997501249375312,0.009200968523002421,-1.4026388801588852,0.2343102053755332,-1.8618868826949302,-0.9433908776228401,2.1473753553364596e-09,0.0008072886633606274,3.2210630330046894e-09,dissociated,Germany,1400-1599
Administration & Law,Nobility & Kinship,Administration & Law + Nobility & Kinship,5586,2065,81,84.40368346543747,-0.05902708574254088,-0.3452409242635395,0.19170439491621338,0.13839274099222482,0.664167916041979,0.03922518159806295,-0.8681397200669523,0.12310845752254093,-1.1094322968111325,-0.626847143322772,1.7658186008148664e-12,0.697376311844078,3.7082190617112195e-12,not distinguishable,Germany,1400-1599
Administration & Law,Religion,Administration & Law + Religion,5586,2065,27,84.40368346543747,-1.6263955264489587,-2.243597564828844,-1.180433503335029,0.26956874270530495,0.0004997501249375312,0.013075060532687652,-1.6609814685934685,0.1983038242097304,-2.04965696404454,-1.272305973142397,5.47835637692483e-17,0.0008072886633606274,1.9174247319236903e-16,dissociated,Germany,1400-1599
Administration & Law,Learning & Culture,Administration & Law + Learning & Culture,5586,2065,271,217.94345600021978,0.3136923110043981,0.20607373899657894,0.4098494594478442,0.0520708321462508,0.0004997501249375312,0.13123486682808716,-0.6340012592191852,0.08585450632789285,-0.8022760916218552,-0.46572642681651516,1.5291143174705688e-13,0.0008072886633606274,3.567933407431327e-13,associated,Germany,1400-1599
Military,Business,Military + Business,5586,2065,5,14.340689667065732,-1.432054613770521,-3.21729817762702,-0.5565017298264093,0.6634314354610006,0.03798100949525238,0.002421307506053269,-1.4673408757679978,0.43460924914981536,-2.319175004101636,-0.6155067474343596,0.00073486403900491,0.04691771761178235,0.0009645090511939444,dissociated,Germany,1400-1599
Military,Nobility & Kinship,Military + Nobility & Kinship,5586,2065,92,23.706337704421955,1.9340685421920425,1.7295495389466982,2.124686556424599,0.1013233246090987,0.0004997501249375312,0.04455205811138015,1.0034797501397885,0.14564846277446847,0.7180087631018304,1.2889507371777467,5.589523232969825e-12,0.0008072886633606274,1.0670907990215122e-11,associated,Germany,1400-1599
Military,Religion,Military + Religion,5586,2065,4,23.706337704421955,-2.4273879168819574,-4.102820111832504,-1.4840590238502243,0.7437873619181326,0.01649175412293853,0.001937046004842615,-2.28171843485058,0.47811686825122546,-3.218827496622982,-1.3446093730781783,1.8213146935169314e-06,0.023088455772113943,2.549840570923704e-06,dissociated,Germany,1400-1599
Military,Learning & Culture,Military + Learning & Culture,5586,2065,19,61.21345605166307,-1.6621109660876459,-2.3812841063211008,-1.161989507867995,0.3147503311394007,0.0009995002498750624,0.009200968523002421,-2.599082082696694,0.24004657056125508,-3.069573360996754,-2.128590804396634,2.552801930456253e-27,0.0014992503748125937,1.7869613513193773e-26,dissociated,Germany,1400-1599
Business,Nobility & Kinship,Business + Nobility & Kinship,5586,2065,64,71.57416131570163,-0.1601829834948287,-0.48838792818369803,0.11869699002115704,0.15728458646000312,0.3118440779610195,0.03099273607748184,-1.0978477059638034,0.1356727121454709,-1.3637662217689264,-0.8319291901586805,5.874935435226964e-16,0.3638180909545227,1.542170551747078e-15,not distinguishable,Germany,1400-1599
Business,Religion,Business + Religion,5586,2065,20,71.57416131570163,-1.8138582342999994,-2.50938402135302,-1.327219194623054,0.3052043878179093,0.0004997501249375312,0.009685230024213076,-1.926672175755636,0.22756384936555374,-2.3726973205121213,-1.4806470309991506,2.5284970268812393e-17,0.0008072886633606274,1.0619687512901205e-16,dissociated,Germany,1400-1599
Business,Learning & Culture,Business + Learning & Culture,5586,2065,272,184.81563169987658,0.5562716495242512,0.4557335358086247,0.6543442424653325,0.050321217908496495,0.0004997501249375312,0.13171912832929783,-0.540111686514117,0.0870625736161806,-0.7107543308018309,-0.36946904222640303,5.514443575087052e-10,0.0008072886633606274,8.907947313602161e-10,associated,Germany,1400-1599
Nobility & Kinship,Religion,Nobility & Kinship + Religion,5586,2065,163,118.31796646136988,0.4605376332132044,0.28016167495448535,0.6228730671363735,0.08499499731973459,0.0004997501249375312,0.07893462469733656,-0.6286374715232885,0.09177245579140589,-0.8085114848744441,-0.448763458172133,7.38716522385808e-12,0.0008072886633606274,1.2927539141751638e-11,associated,Germany,1400-1599
Nobility & Kinship,Learning & Culture,Nobility & Kinship + Learning & Culture,5586,2065,150,305.51541661174576,-1.0238408486422865,-1.2062785030064742,-0.8611208807352033,0.08834616157273038,0.0004997501249375312,0.07263922518159806,-3.1146836405368936,0.09307570117850408,-3.2971120148467614,-2.932255266227026,1.6114453258483936e-245,0.0008072886633606274,3.384035184281627e-244,dissociated,Germany,1400-1599
Religion,Learning & Culture,Religion + Learning & Culture,5586,2065,430,305.51541661174576,0.49240890199485526,0.41804713930105497,0.568915561450343,0.038771430817752466,0.0004997501249375312,0.20823244552058112,-0.7178064273299744,0.0706620993561011,-0.8563041420679325,-0.5793087125920162,3.0435313930990296e-24,0.0008072886633606274,1.5978539813769906e-23,associated,Germany,1400-1599
Politics,Administration & Law,Politics + Administration & Law,21094,7924,906,357.0801748398363,1.3420402679367736,1.2785666615754776,1.407248861092074,0.03254095240965535,0.0004997501249375312,0.1143361938414942,1.2386900044859828,0.04628556568929631,1.147970295734962,1.3294097132370035,8.975056679587844e-158,0.0005830418124271198,3.7695238054268944e-157,associated,Germany,1600-1799
Politics,Military,Politics + Military,21094,7924,233,169.03476626692964,0.46184139469891494,0.29574714374217737,0.6220559474890491,0.08130962999287272,0.0004997501249375312,0.029404341241797072,-0.2601101713101032,0.07265226217380202,-0.40250860517075515,-0.11771173744945126,0.00034332151347640755,0.0005830418124271198,0.0003604875891502279,associated,Germany,1600-1799
Politics,Business,Politics + Business,21094,7924,416,329.8457552153216,0.3343396886965819,0.22288693233422055,0.43745685858113276,0.055780254683871204,0.0004997501249375312,0.0524987380111055,-0.113659720062935,0.05669306389321654,-0.2247781252936394,-0.002541314832230579,0.04498166789241053,0.0005830418124271198,0.04498166789241053,associated,Germany,1600-1799
Politics,Nobility & Kinship,Politics + Nobility & Kinship,21094,7924,407,347.9208813957501,0.22596896989791274,0.10806596156227154,0.33316074550518077,0.05818164348021305,0.0009995002498750624,0.05136294800605755,-0.3022226900459065,0.05673280021119959,-0.4134189784598577,-0.19102640163195533,9.977977275341096e-08,0.0011047108024934901,1.1028290672745421e-07,associated,Germany,1600-1799
Politics,Religion,Politics + Religion,21094,7924,82,210.57605754410096,-1.355296917921431,-1.681133505796987,-1.0740997501553478,0.15235085866097245,0.0004997501249375312,0.010348308934881372,-1.4833190932200433,0.11416901253989367,-1.7070903577982348,-1.2595478286418518,1.3528299838217769e-38,0.0005830418124271198,2.1853407430967165e-38,dissociated,Germany,1600-1799
Politics,Learning & Culture,Politics + Learning & Culture,21094,7924,305,934.5423647964545,-1.6138593519050768,-1.7515326858846854,-1.4728195100371924,0.0703507836856851,0.0004997501249375312,0.03849066128218072,-3.0303587907265133,0.062343693732964285,-3.1525524304431234,-2.908165151009903,0.0,0.0005830418124271198,0.0,dissociated,Germany,1600-1799
Administration & Law,Military,Administration & Law + Military,21094,7924,77,159.70014142164197,-1.0476072058314516,-1.3627833782129124,-0.7638125799544004,0.154654007223422,0.0004997501249375312,0.009717314487632508,-1.3727183914580863,0.11778056857140179,-1.6035683058580337,-1.1418684770581389,2.166855004592992e-31,0.0005830418124271198,3.250282506889488e-31,dissociated,Germany,1600-1799
Administration & Law,Business,Administration & Law + Business,21094,7924,93,311.63064805279,-1.7391117520686954,-2.059859762057683,-1.4873921255115055,0.1461207499848291,0.0004997501249375312,0.011736496718828874,-1.7144587308871047,0.10709528416804187,-1.9243654878564667,-1.5045519739177426,1.1106613997177788e-57,0.0005830418124271198,3.331984199153336e-57,dissociated,Germany,1600-1799
Administration & Law,Nobility & Kinship,Administration & Law + Nobility & Kinship,21094,7924,248,328.70760962098063,-0.4057518321966692,-0.5674150267456745,-0.25519187024859774,0.07770733582155757,0.0004997501249375312,0.031297324583543666,-0.7658118267713319,0.0692669129059722,-0.9015749760670374,-0.6300486774756263,2.051433424339085e-28,0.0005830418124271198,2.8720067940747186e-28,dissociated,Germany,1600-1799
Administration & Law,Religion,Administration & Law + Religion,21094,7924,37,198.94739355985377,-2.4110457692426834,-2.921916551575723,-2.0095373395312577,0.23223708956970252,0.0004997501249375312,0.004669358909641595,-2.1737102280998037,0.16613927716443283,-2.499343211342092,-1.8480772448575153,4.082837291190946e-39,0.0005830418124271198,7.144965259584155e-39,dissociated,Germany,1600-1799
Administration & Law,Learning & Culture,Administration & Law + Learning & Culture,21094,7924,878,882.9340325577061,-0.008080124202492187,-0.07343190586542676,0.051368080600705905,0.03174087713138088,0.7916041979010495,0.11080262493690056,-1.3831874813252154,0.043575774505237384,-1.4685959993554807,-1.2977789632949501,4.0786887824032255e-221,0.7916041979010495,2.1413116107616933e-220,not distinguishable,Germany,1600-1799
Military,Business,Military + Business,21094,7924,35,147.51984978959555,-2.059899727697044,-2.5809847331099607,-1.6431598828896905,0.23987498721818015,0.0004997501249375312,0.00441696113074205,-2.2946604644885724,0.17056317604156856,-2.628964289530047,-1.960356639447098,2.938991717581689e-41,0.0005830418124271198,5.610802369928678e-41,dissociated,Germany,1600-1799
Military,Nobility & Kinship,Military + Nobility & Kinship,21094,7924,556,155.60374917864226,1.8338765003059905,1.7477109410722926,1.9206182181257618,0.043134872076271334,0.0004997501249375312,0.07016658253407371,0.8365824756135067,0.05418849882911878,0.7303730179084339,0.9427919333185796,9.034513555288618e-54,0.0005830418124271198,2.1080531629006776e-53,associated,Germany,1600-1799
Military,Religion,Military + Religion,21094,7924,19,94.17780246379853,-2.279552096552933,-3.0433009702755833,-1.7447372890554165,0.32952155367685093,0.0004997501249375312,0.002397778899545684,-2.4177472062103815,0.22884798962318995,-2.866289265871834,-1.9692051465489293,4.336104618362397e-26,0.0005830418124271198,5.691137311600646e-26,dissociated,Germany,1600-1799
Military,Learning & Culture,Military + Learning & Culture,21094,7924,224,417.96369089785543,-0.8983870040120403,-1.0675460729614001,-0.7484637056394897,0.08077669966918646,0.0004997501249375312,0.028268551236749116,-2.650491843937888,0.07260184157029112,-2.7927914534156586,-2.5081922344601177,8.516612722713497e-292,0.0005830418124271198,5.961628905899448e-291,dissociated,Germany,1600-1799
Business,Nobility & Kinship,Business + Nobility & Kinship,21094,7924,178,303.6371587671792,-0.768798017991036,-0.957665079008133,-0.5932375233443733,0.09515890094219033,0.0004997501249375312,0.022463402322059567,-1.2569446195624348,0.07954354223301638,-1.4128499623391468,-1.1010392767857227,3.015469462614612e-56,0.0005830418124271198,7.915607339363356e-56,dissociated,Germany,1600-1799
Business,Religion,Business + Religion,21094,7924,51,183.77372338384134,-1.8392060263081904,-2.2689999036064794,-1.4912194581132134,0.19859186350394636,0.0004997501249375312,0.006436143361938415,-1.944721183103636,0.14258124966598693,-2.2241804324489705,-1.6652619337583014,2.335075626310062e-42,0.0005830418124271198,4.90365881525113e-42,dissociated,Germany,1600-1799
Business,Learning & Culture,Business + Learning & Culture,21094,7924,1319,815.5928648375237,0.6931861168626143,0.6466989088825961,0.7382862011408359,0.02353019939845787,0.0004997501249375312,0.16645633518425038,-0.8021998689260914,0.039697478153327664,-0.8800069261066137,-0.7243928117455691,8.354179928511594e-91,0.0005830418124271198,2.9239629749790577e-90,associated,Germany,1600-1799
Nobility & Kinship,Religion,Nobility & Kinship + Religion,21094,7924,154,193.84428875049787,-0.3310078732912092,-0.5363714060488921,-0.1292269010076785,0.10443835106644393,0.001999000499750125,0.019434628975265017,-0.8970673897909044,0.08594295541617496,-1.0655155824066074,-0.7286191971752015,1.6638245763981983e-25,0.0020989505247376314,2.0553127120213035e-25,dissociated,Germany,1600-1799
Nobility & Kinship,Learning & Culture,Nobility & Kinship + Learning & Culture,21094,7924,647,860.2863123374678,-0.41077494448212704,-0.4972401029773772,-0.33331357706041165,0.0406615509104494,0.0004997501249375312,0.08165068147400303,-2.219085215053766,0.04653825957817494,-2.310300203826989,-2.1278702262805433,0.0,0.0005830418124271198,0.0,dissociated,Germany,1600-1799
Religion,Learning & Culture,Religion + Learning & Culture,21094,7924,1059,520.6807343222312,1.0235279275699243,0.9720583726543975,1.0721872723102355,0.02558390050399203,0.0004997501249375312,0.13364462392730944,-0.31667526378984856,0.04730016977849011,-0.4093835965556892,-0.22396693102400794,2.1565207921092656e-11,0.0005830418124271198,2.5159409241274767e-11,associated,Germany,1600-1799
Politics,Administration & Law,Politics + Administration & Law,67632,21621,4003,2108.9367647673416,0.9244039661071298,0.8952236626353888,0.9546633601609111,0.014753889737578593,0.0004997501249375312,0.18514407289209564,1.0237701824985121,0.023566190499236406,0.9775804491200087,1.0699599158770154,0.0,0.0005247376311844079,0.0,associated,Germany,1800-1899
Politics,Military,Politics + Military,67632,21621,894,755.4360186865024,0.24281735025131732,0.17124860683214574,0.3125196391678184,0.0370407705642965,0.0004997501249375312,0.04134868877480227,-0.6374385022231085,0.03765792908674273,-0.7112480432331243,-0.5636289612130927,2.841652088376559e-64,0.0005247376311844079,4.9728911546589785e-64,associated,Germany,1800-1899
Politics,Business,Politics + Business,67632,21621,2426,2279.6700026916933,0.08973546865200091,0.049943549346813755,0.1265719120793172,0.01954707271183477,0.0004997501249375312,0.11220572591462004,-0.07420835055433202,0.02525791565342383,-0.12371386523504273,-0.024702835873621307,0.0033031195108661577,0.0005247376311844079,0.0033031195108661573,associated,Germany,1800-1899
Politics,Nobility & Kinship,Politics + Nobility & Kinship,67632,21621,550,721.8592486136986,-0.3919739427040373,-0.5065791184823377,-0.29519001812630163,0.052249302854403254,0.0004997501249375312,0.025438231349151286,-0.4504383041159417,0.04809234299542184,-0.5446992963869686,-0.3561773118449149,7.525314048830202e-21,0.0005247376311844079,8.779533056968569e-21,dissociated,Germany,1800-1899
Politics,Religion,Politics + Religion,67632,21621,369,691.8098876946408,-0.9058435887610384,-1.0359233731381523,-0.7803653446107391,0.0662756196381584,0.0004997501249375312,0.01706674066879423,-1.0639328855771113,0.05593726404320719,-1.1735699231017973,-0.9542958480524252,1.1624057259371936e-80,0.0005247376311844079,2.712280027186785e-80,dissociated,Germany,1800-1899
Politics,Learning & Culture,Politics + Learning & Culture,67632,21621,2758,4442.288078140145,-0.6875813456826612,-0.7224750109821476,-0.6543019970102293,0.017491020751683347,0.0004997501249375312,0.12756116738356227,-2.9150403706397703,0.023318142906456982,-2.960743930736426,-2.8693368105431145,0.0,0.0005247376311844079,0.0,dissociated,Germany,1800-1899
Administration & Law,Military,Administration & Law + Military,67632,21621,242,375.80896594905823,-0.6339329162121824,-0.8095010110300852,-0.464977067941929,0.0892321210083651,0.0004997501249375312,0.011192821793626568,-1.230121243529633,0.0667164158014775,-1.3608854185005288,-1.099357068558737,6.50336457695161e-76,0.0005247376311844079,1.3657065611598382e-75,dissociated,Germany,1800-1899
Administration & Law,Business,Administration & Law + Business,67632,21621,469,1134.0741045234454,-1.272953778488368,-1.3942003735515567,-1.159315314939881,0.06087852986635491,0.0004997501249375312,0.02169187364136719,-1.193051312163178,0.04877149602959003,-1.2886434443811745,-1.0974591799451816,3.7450632903279525e-132,0.0005247376311844079,1.1235189870983858e-131,dissociated,Germany,1800-1899
Administration & Law,Nobility & Kinship,Administration & Law + Nobility & Kinship,67632,21621,282,359.105431925211,-0.34816394573937687,-0.5115503396965015,-0.19529933457208687,0.07993270382743814,0.0004997501249375312,0.013042874982655751,-0.352937346270519,0.06364451409364923,-0.47768059389407147,-0.2281940986469665,2.9320239058307353e-08,0.0005247376311844079,3.078625101122272e-08,dissociated,Germany,1800-1899
Administration & Law,Religion,Administration & Law + Religion,67632,21621,69,344.1566884511359,-2.3100751297606634,-2.6597866373852193,-1.9947238968544128,0.17044629667511935,0.0004997501249375312,0.0031913417510753433,-1.9754949613983392,0.12179091216214032,-2.2142051492361343,-1.7367847735605442,3.6194431034146147e-59,0.0005247376311844079,5.846792705515917e-59,dissociated,Germany,1800-1899
Administration & Law,Learning & Culture,Administration & Law + Learning & Culture,67632,21621,1467,2209.91804441149,-0.5909587411973112,-0.6494304287106112,-0.5386669033290218,0.028434498601179123,0.0004997501249375312,0.06785070070764535,-2.3480411320564722,0.0299400601269488,-2.4067236499052918,-2.2893586142076527,0.0,0.0005247376311844079,0.0,dissociated,Germany,1800-1899
Military,Business,Military + Business,67632,21621,177,406.2333402922897,-1.1962642300206894,-1.4220365456260684,-1.0057937421067196,0.10577934236461334,0.0004997501249375312,0.008186485361454141,-1.6895618944284854,0.07711282882325733,-1.8407030389220698,-1.538420749934901,2.0740874202593576e-106,0.0005247376311844079,5.444479478180814e-106,dissociated,Germany,1800-1899
Military,Nobility & Kinship,Military + Nobility & Kinship,67632,21621,398,128.63409767158478,1.6257097317308309,1.5026752353541388,1.742950266703023,0.06114988535983588,0.0004997501249375312,0.018408029230840388,0.6079082275222613,0.05581617434175345,0.4985085258124245,0.7173079292320981,1.2687863660783164e-27,0.0005247376311844079,1.776300912509643e-27,associated,Germany,1800-1899
Military,Religion,Military + Religion,67632,21621,31,123.27935235959482,-1.9743469448595372,-2.563599510732077,-1.555223979176394,0.25562847928686827,0.0004997501249375312,0.001433791221497618,-2.2533601581084537,0.1795959738500599,-2.6053682668545712,-1.9013520493623361,4.137441402411974e-36,0.0005247376311844079,6.206162103617962e-36,dissociated,Germany,1800-1899
Military,Learning & Culture,Military + Learning & Culture,67632,21621,839,791.6082250469238,0.08383276724167901,0.0016198333133872742,0.15743293262202362,0.03903537390793741,0.037481259370314844,0.038804865639887144,-2.336914576329258,0.038445729920712345,-2.412268206973854,-2.2615609456846615,0.0,0.037481259370314844,0.0,associated,Germany,1800-1899
Business,Nobility & Kinship,Business + Nobility & Kinship,67632,21621,240,388.17753791392613,-0.6925368412183106,-0.8777384846074975,-0.5312320158051189,0.08786295559557518,0.0004997501249375312,0.011100319134175108,-0.6613520121128516,0.06819571395704199,-0.7950156114686538,-0.5276884127570493,3.0790938951099373e-22,0.0005247376311844079,4.0413107373317927e-22,dissociated,Germany,1800-1899
Business,Religion,Business + Religion,67632,21621,82,372.01858870069935,-2.174846393472027,-2.519829751196214,-1.8921862609017943,0.15761130969867182,0.0004997501249375312,0.0037926090375098283,-1.9226520579131923,0.11205283392517182,-2.142275612406529,-1.7030285034198556,5.435216705653465e-66,0.0005247376311844079,1.0376322801702069e-65,dissociated,Germany,1800-1899
Business,Learning & Culture,Business + Learning & Culture,67632,21621,3575,2388.8264259112307,0.5815410373905175,0.5508726370653524,0.6113544896780483,0.015295624289224399,0.0004997501249375312,0.16534850376948337,-1.1767110679770472,0.022765506901622698,-1.2213314615042277,-1.1320906744498667,0.0,0.0005247376311844079,0.0,associated,Germany,1800-1899
Nobility & Kinship,Religion,Nobility & Kinship + Religion,67632,21621,75,117.79997043112995,-0.6479011635282981,-0.9927387797998145,-0.34629674011366024,0.16000505115173455,0.0004997501249375312,0.003468849729429721,-0.6849894422915472,0.11798884376345731,-0.9162475760679236,-0.4537313085151709,6.415729364149114e-09,0.0005247376311844079,7.0910692972174415e-09,dissociated,Germany,1800-1899
Nobility & Kinship,Learning & Culture,Nobility & Kinship + Learning & Culture,67632,21621,927,756.4237134500904,0.293199376202967,0.22221366671441353,0.3642273330952227,0.03576561000620449,0.0004997501249375312,0.042874982655751355,-1.292261959293201,0.040482694427092465,-1.3716080403703022,-1.2129158782160998,1.3503623903881675e-223,0.0005247376311844079,4.726268366358586e-223,associated,Germany,1800-1899
Religion,Learning & Culture,Religion + Learning & Culture,67632,21621,1748,724.9355123681651,1.2691985193900954,1.231587680496539,1.3087360772854375,0.020005898015319195,0.0004997501249375312,0.08084732436057537,-0.3401224225245368,0.03592444639408293,-0.41053433745693935,-0.2697105075921342,2.860318280275531e-21,0.0005247376311844079,3.533334346222715e-21,associated,Germany,1800-1899
Politics,Administration & Law,Politics + Administration & Law,123083,25364,3084,1520.8243386844388,1.0197088851003226,0.9864509071098624,1.0538765590631856,0.017308960214140048,0.0004997501249375312,0.12158965462860748,0.7607360971287996,0.02355956569149419,0.714559348373471,0.8069128458841283,9.694484602873459e-229,0.0005523554012467451,4.071683533206853e-228,associated,Germany,1900-2020
Politics,Military,Politics + Military,123083,25364,1148,679.3336706056194,0.7564971345709346,0.6939164413688529,0.8173065084789868,0.03169175097543524,0.0004997501249375312,0.045260999842296167,0.15711564613185422,0.034588997138368396,0.08932121174065216,0.22491008052305628,5.5628174707278024e-06,0.0005523554012467451,6.148377204488624e-06,associated,Germany,1900-2020
Politics,Business,Politics + Business,123083,25364,2115,2286.246380145,-0.11229768163081698,-0.15625469723996674,-0.06971726324870449,0.02254373098644934,0.0004997501249375312,0.08338590127740104,-0.18210721932191448,0.02518499059108027,-0.23146980088043181,-0.13274463776339715,4.80214698533744e-13,0.0005523554012467451,6.30281791825539e-13,dissociated,Germany,1900-2020
Politics,Nobility & Kinship,Politics + Nobility & Kinship,123083,25364,128,224.78735102165373,-0.8099979549060023,-1.0550404687519759,-0.5928671265246356,0.11896260123763094,0.0004997501249375312,0.005046522630499921,-0.80750580721404,0.09370144767043957,-0.9911606446481015,-0.6238509697799784,6.821797264252149e-18,0.0005523554012467451,9.550516169953009e-18,dissociated,Germany,1900-2020
Politics,Religion,Politics + Religion,123083,25364,214,707.0987834053119,-1.7219539198391185,-1.9055802623706795,-1.549923917018637,0.09203469324447779,0.0004997501249375312,0.008437155022867055,-1.5560914799738699,0.07061573999004454,-1.6944983303543573,-1.4176846295933825,1.3001643322522983e-107,0.0005523554012467451,3.900492996756895e-107,dissociated,Germany,1900-2020
Politics,Learning & Culture,Politics + Learning & Culture,123083,25364,5223,6493.709476650581,-0.3141371139124388,-0.3337568899849121,-0.2962229920194646,0.00960772447649478,0.0004997501249375312,0.20592177889922725,-3.5893288112970807,0.01879833238868457,-3.6261735427789024,-3.552484079815259,0.0,0.0005523554012467451,0.0,dissociated,Germany,1900-2020
Administration & Law,Military,Administration & Law + Military,123083,25364,228,304.85984857381794,-0.41831621095881794,-0.5992618924976312,-0.24784168079419408,0.08814703831079929,0.0004997501249375312,0.008989118435577984,-0.43495031434630255,0.06872099519396185,-0.5696434649264678,-0.3002571637661373,2.4640318547398123e-10,0.0005523554012467451,3.0438040558550623e-10,dissociated,Germany,1900-2020
Administration & Law,Business,Administration & Law + Business,123083,25364,364,1025.9828938437408,-1.4937188657237614,-1.637760775557299,-1.3622722377699368,0.07040724603013272,0.0004997501249375312,0.01435104873048415,-0.8882614449162155,0.05444228690580562,-0.9949683272515946,-0.7815545625808364,7.638536171995181e-60,0.0005523554012467451,2.005115745148735e-59,dissociated,Germany,1900-2020
Administration & Law,Nobility & Kinship,Administration & Law + Nobility & Kinship,123083,25364,31,100.87625677773103,-1.6862960661502646,-2.2706255987947137,-1.2412656392791734,0.2574512647751465,0.0004997501249375312,0.0012222046995741997,-1.0331563458172572,0.1809388950600857,-1.3877965801350252,-0.6785161114994893,1.1299358293089517e-08,0.0005523554012467451,1.3182584675271103e-08,dissociated,Germany,1900-2020
Administration & Law,Religion,Administration & Law + Religion,123083,25364,69,317.31980521957524,-2.1931241473442387,-2.5580908312562185,-1.8870541926184154,0.16741739208068906,0.0004997501249375312,0.002720391105503864,-1.4489695826990656,0.12156398548812702,-1.6872349942557945,-1.2107041711423367,9.378320057617458e-33,0.0005523554012467451,1.6412060100830552e-32,dissociated,Germany,1900-2020
Administration & Law,Learning & Culture,Administration & Law + Learning & Culture,123083,25364,2408,2914.1368570311033,-0.27518122118307986,-0.3128833590756491,-0.23719753619263328,0.01938307808892262,0.0004997501249375312,0.09493770698627976,-2.2679989690525875,0.0250028851144767,-2.317004623876962,-2.218993314228213,0.0,0.0005523554012467451,0.0,dissociated,Germany,1900-2020
Military,Business,Military + Business,123083,25364,694,458.2940366777388,0.5981280546213803,0.5091295429652916,0.6810343496147298,0.04416348962139515,0.0004997501249375312,0.02736161488724176,0.5450427503359692,0.04228562270354196,0.4621629298370269,0.6279225708349114,5.154207236298874e-38,0.0005523554012467451,9.83985017838876e-38,associated,Germany,1900-2020
Military,Nobility & Kinship,Military + Nobility & Kinship,123083,25364,141,45.060192719594724,1.6349562982862136,1.4014993165977614,1.8422915526524402,0.11143790256791537,0.0004997501249375312,0.005559060085160069,1.2344359636483622,0.09084181917099352,1.0563859980732149,1.4124859292235095,4.663425880781129e-42,0.0005523554012467451,9.793194349640371e-42,associated,Germany,1900-2020
Military,Religion,Military + Religion,123083,25364,25,141.7428841401537,-2.479787329702453,-3.134719936565164,-2.00328909169444,0.2956810419464018,0.0004997501249375312,0.0009856489512695158,-1.828007163176683,0.1992399122680149,-2.218517391221992,-1.4374969351313738,4.51975002348114e-20,0.0005523554012467451,6.77962503522171e-20,dissociated,Germany,1900-2020
Military,Learning & Culture,Military + Learning & Culture,123083,25364,695,1301.7093673333377,-0.9048390016882122,-0.9996985467349462,-0.8185848800302977,0.0465251203620838,0.0004997501249375312,0.027401040845292542,-3.0033475676218795,0.04160391214753064,-3.0848912354310394,-2.9218038998127196,0.0,0.0005523554012467451,0.0,dissociated,Germany,1900-2020
Business,Nobility & Kinship,Business + Nobility & Kinship,123083,25364,141,151.64668991302807,-0.10466089401910417,-0.33877320302866093,0.08999957813002847,0.10955051694782349,0.3248375812093953,0.005559060085160069,0.2994727515119823,0.0901489323343325,0.12278084413669063,0.476164658887274,0.0008938180643737621,0.3248375812093953,0.0009385089675924502,not distinguishable,Germany,1900-2020
Business,Religion,Business + Religion,123083,25364,68,477.02501701092314,-2.8014004231503797,-3.1906158677794103,-2.509930362085951,0.17008892830764744,0.0004997501249375312,0.002680965147453083,-1.746350614651686,0.12231789778726618,-1.9860936943147278,-1.5066075349886443,3.0378547191235812e-46,0.0005523554012467451,7.088327677955022e-46,dissociated,Germany,1900-2020
Business,Learning & Culture,Business + Learning & Culture,123083,25364,5398,4380.804982643625,0.30119795882440153,0.2811104319698887,0.32233542962103523,0.010331498853274737,0.0004997501249375312,0.21282132155811387,-1.3401322342244613,0.02015591596186312,-1.379637829509713,-1.3006266389392096,0.0,0.0005523554012467451,0.0,associated,Germany,1900-2020
Nobility & Kinship,Religion,Nobility & Kinship + Religion,123083,25364,38,46.901852257123736,-0.3000849886315316,-0.7988032028295267,0.09606513059384696,0.23152614006735073,0.18690654672663667,0.001498186405929664,0.043872393583584045,0.16468084042102862,-0.27890205364163206,0.3666468408088001,0.789924535910585,0.1962518740629685,0.789924535910585,not distinguishable,Germany,1900-2020
Nobility & Kinship,Learning & Culture,Nobility & Kinship + Learning & Culture,123083,25364,521,430.7276573264457,0.27421754263206466,0.18613147779985958,0.3556186690867165,0.042664021658391574,0.0004997501249375312,0.02054092414445671,-1.350018505258561,0.05895451274269745,-1.465569350234248,-1.234467660282874,4.7187677994179373e-116,0.0005523554012467451,1.6515687297962782e-115,associated,Germany,1900-2020
Religion,Learning & Culture,Religion + Learning & Culture,123083,25364,2631,1354.9116580194539,0.9571543094607299,0.9333115028506455,0.9826278469889993,0.013156206816105,0.0004997501249375312,0.10372969563160385,-0.33409023264680526,0.035351293115540555,-0.40337876715326476,-0.26480169814034576,3.3695753555527265e-21,0.0005523554012467451,5.44316018973902e-21,associated,Germany,1900-2020
Politics,Administration & Law,Politics + Administration & Law,399,189,4,4.032337533775936,-0.010330304590733131,-1.6787170271842617,0.8682707015525597,0.6787023501413281,0.9845077461269365,0.021164021164021163,-0.13278585732956152,0.530843156913746,-1.1732384448805036,0.9076667302213806,0.8024779908031778,0.9845077461269364,0.8426018903433367,not distinguishable,Hungary,1600-1799
Politics,Military,Politics + Military,399,189,14,7.817283023111661,0.8018686697950677,0.15993071592524033,1.301271173356646,0.2908340256586003,0.010994502748625687,0.07407407407407407,0.6218580968126436,0.33889949458282964,-0.04238491256970245,1.2861011061949896,0.06651551657279009,0.02886056971514243,0.11640215400238267,associated,Hungary,1600-1799
Politics,Business,Politics + Business,399,189,3,4.753603227054213,-0.5859523244785572,-3.1242165646690627,0.3988062763521315,0.8037529239428238,0.3733133433283358,0.015873015873015872,-0.6015961600207163,0.5815372313923826,-1.741409133549786,0.5382168135083536,0.3009057757673551,0.5162106446776612,0.38914572246681267,not distinguishable,Hungary,1600-1799
Politics,Nobility & Kinship,Politics + Nobility & Kinship,399,189,21,14.412084657008833,0.527854704400078,0.041169173908348296,0.9377970819686992,0.22725445803213976,0.02498750624687656,0.1111111111111111,0.3795884223358966,0.29025486415330104,-0.18931111140457335,0.9484879560763666,0.19094920667384396,0.05247376311844078,0.2673288893433815,not distinguishable,Hungary,1600-1799
Politics,Religion,Politics + Religion,399,189,3,9.053072450417224,-1.448609883980631,-4.01165108403795,-0.47576022346914365,0.8126497513503579,0.05347326336831584,0.015873015873015872,-1.93252408904911,0.5623863058295009,-3.034801248474932,-0.8302469296232882,0.0005897329579513378,0.09357821089455272,0.0024768784233956185,not distinguishable,Hungary,1600-1799
Politics,Learning & Culture,Politics + Learning & Culture,399,189,17,21.93161910989431,-0.35817883557172603,-0.9903555390519915,0.0715006503926295,0.26220186766915005,0.16041979010494753,0.08994708994708994,-1.4635553120395048,0.2984268222666508,-2.0484718836821405,-0.8786387403968693,9.37920757812044e-07,0.24062968515742128,6.565445304684308e-06,not distinguishable,Hungary,1600-1799
Administration & Law,Military,Administration & Law + Military,399,189,1,2.692757688786799,-1.0898405644164584,-3.0303012487089203,0.2760280479065221,0.9975876416411726,0.3933033483258371,0.005291005291005291,-1.1464437799008134,0.8511924184241343,-2.8147809200121165,0.5218933602104898,0.1780227683400608,0.5162106446776612,0.2670341525100912,not distinguishable,Hungary,1600-1799
Administration & Law,Business,Administration & Law + Business,399,189,2,1.6374361272641789,0.2260467861197228,-2.0993051531396714,1.3539865941925138,0.9052327014545359,0.7776111944027986,0.010582010582010581,0.0547669942794574,0.6880777514127178,-1.2938653984894695,1.403399387048384,0.9365600127991626,0.9072130601365984,0.9365600127991625,not distinguishable,Hungary,1600-1799
Administration & Law,Nobility & Kinship,Administration & Law + Nobility & Kinship,399,189,9,4.964416876921415,0.7978599633211846,-0.10651961660324663,1.3818269165313686,0.377143348255396,0.0399800099950025,0.047619047619047616,0.41565992991065864,0.4136995658714854,-0.39519121919745265,1.2265110790187699,0.3150227277112293,0.07632547362682296,0.38914572246681267,not distinguishable,Hungary,1600-1799
Administration & Law,Religion,Administration & Law + Religion,399,189,0,3.1184403041226205,-2.855367970680126,-3.3456395740462934,-2.2830023056367965,0.2749671910332824,0.0004997501249375312,0.0,-2.937257619757776,1.4315992273120164,-5.743192105289328,-0.131323134226224,0.04019573719097703,0.0034982508745627187,0.0767373164555016,dissociated,Hungary,1600-1799
Administration & Law,Learning & Culture,Administration & Law + Learning & Culture,399,189,8,7.554611469370084,0.07764784198106282,-0.9610549193390553,0.7082836272616133,0.4234062056877832,0.8370814592703648,0.042328042328042326,-1.1016879402320616,0.421084858090411,-1.9270142620892672,-0.27636161837485607,0.00888861793027855,0.9251952970882978,0.023332622066981196,not distinguishable,Hungary,1600-1799
Military,Business,Military + Business,399,189,3,3.1744122439833533,-0.07015857401227762,-2.701981532183168,0.9505706447109816,0.8320443972187083,0.920039980009995,0.015873015873015872,-0.3382817824667163,0.5846621092172948,-1.4842195165326142,0.8076559515991815,0.5628633919347529,0.9660419790104948,0.6566739572572117,not distinguishable,Hungary,1600-1799
Military,Nobility & Kinship,Military + Nobility & Kinship,399,189,21,9.62425676088336,1.0865206586565157,0.6306992638214824,1.4984675818426638,0.21761579935964392,0.0004997501249375312,0.1111111111111111,0.7493692299138396,0.30329578611035485,0.1549094891375441,1.3438289706901352,0.013482858991350944,0.0034982508745627187,0.031460004313152205,associated,Hungary,1600-1799
Military,Religion,Military + Religion,399,189,1,6.045558002972356,-2.125553685155407,-3.94315659918452,-0.8339381032196748,0.9796182943597594,0.0014992503748125937,0.005291005291005291,-2.5737107428112718,0.8365937039232688,-4.213434402500878,-0.933987083121665,0.002095049154411469,0.007871064467766116,0.007332672040440142,dissociated,Hungary,1600-1799
Military,Learning & Culture,Military + Learning & Culture,399,189,4,14.64573228085151,-1.7509144261120602,-3.4722384831710915,-0.9022876241076627,0.7397525525943911,0.02448775612193903,0.021164021164021163,-2.885425864973959,0.5038107144677689,-3.8728948653307858,-1.8979568646171319,1.021004103711738e-08,0.05247376311844078,1.072054308897325e-07,not distinguishable,Hungary,1600-1799
Business,Nobility & Kinship,Business + Nobility & Kinship,399,189,1,5.852403944090893,-2.0823401544561038,-3.9674034143148886,-0.7604204652041409,1.010078814951743,0.00399800099950025,0.005291005291005291,-2.0380105955524144,0.8439641922592477,-3.69218041238054,-0.383840778724289,0.015743551559929708,0.013993003498250875,0.033061458275852385,dissociated,Hungary,1600-1799
Business,Religion,Business + Religion,399,189,3,3.67623686481721,-0.2548486179167994,-2.7030988503611795,0.6808309390392102,0.7595269329075253,0.6916541729135433,0.015873015873015872,-0.996447860763877,0.5782529199489302,-2.1298235838637805,0.13692786233602627,0.08485160435411657,0.8543963312461417,0.13706797626434214,not distinguishable,Hungary,1600-1799
Business,Learning & Culture,Business + Learning & Culture,399,189,16,8.905907593085407,0.8108269606318647,0.29024355388628653,1.2245345536295709,0.23541433262389452,0.0029985007496251873,0.08465608465608465,-0.15793617330674017,0.3635238776231698,-0.8704429734481529,0.5545706268346726,0.6639552555890054,0.012593703148425787,0.7338452824931112,associated,Hungary,1600-1799
Nobility & Kinship,Religion,Nobility & Kinship + Religion,399,189,6,11.14570030023209,-0.84128577364105,-2.2207829281946774,-0.12132908794988412,0.5548337281547943,0.1024487756121939,0.031746031746031744,-1.7579939349628118,0.4251635441986441,-2.5913144815921543,-0.9246733883334693,3.551630754735601e-05,0.1654941759889286,0.00018646061462361904,not distinguishable,Hungary,1600-1799
Nobility & Kinship,Learning & Culture,Nobility & Kinship + Learning & Culture,399,189,15,27.00113746316692,-0.8272230750844398,-1.4557418362587513,-0.38823737900814514,0.27970385743064313,0.010494752623688156,0.07936507936507936,-2.3716669482860033,0.30201853690787683,-2.963623280625442,-1.7797106159465648,4.071104960643346e-15,0.02886056971514243,8.549320417351027e-14,dissociated,Hungary,1600-1799
Religion,Learning & Culture,Religion + Learning & Culture,399,189,37,16.960992078189612,1.1027550649559679,0.8421194009553585,1.4046573665077742,0.14602976831830758,0.0004997501249375312,0.19576719576719576,-0.699639469928746,0.2407931119252132,-1.171593969302164,-0.22768497055532821,0.0036659346381646505,0.0034982508745627187,0.010997803914493951,associated,Hungary,1600-1799
Politics,Administration & Law,Politics + Administration & Law,2101,722,121,58.58855595794634,1.0400056668340052,0.8870855005119584,1.20060986826212,0.08035040346831168,0.0004997501249375312,0.16759002770083103,1.9386562698520244,0.16733589012526495,1.610677925206505,2.2666346144975438,4.885761771547532e-31,0.0014992503748125937,2.565024930062454e-30,associated,Hungary,1800-1899
Politics,Military,Politics + Military,2101,722,63,36.78718367797189,0.7680767582289619,0.5186991348436105,0.9852023772354057,0.11732413448975473,0.0004997501249375312,0.08725761772853186,0.6452335862792279,0.16946248177924855,0.31308712199190075,0.9773800505665551,0.0001403613710156039,0.0014992503748125937,0.00032750986570307576,associated,Hungary,1800-1899
Politics,Business,Politics + Business,2101,722,11,43.47771601569185,-1.935138818548498,-2.914154588481212,-1.336037249817153,0.4082996518407222,0.001999000499750125,0.015235457063711912,-1.4611718573120922,0.3118884648085832,-2.072473248336915,-0.8498704662872691,2.800721488627191e-06,0.005247376311844078,7.351893907646377e-06,dissociated,Hungary,1800-1899
Politics,Nobility & Kinship,Politics + Nobility & Kinship,2101,722,47,40.11157007698302,0.22603670931627654,-0.09038639785915968,0.49549201310143126,0.14843942421353457,0.12693653173413294,0.06509695290858726,0.46267188778733026,0.18812912593070155,0.09393880096315521,0.8314049746115053,0.01391960173052123,0.19870064967516246,0.02157772274173077,not distinguishable,Hungary,1800-1899
Politics,Religion,Politics + Religion,2101,722,8,30.257712509826415,-1.8554134658624883,-3.002722557117777,-1.1674976106650365,0.47167243257732094,0.0024987506246876563,0.0110803324099723,-1.7689271954121084,0.3577079278032293,-2.470034733906438,-1.067819656917779,7.607669966706497e-07,0.005830418124271198,2.2823009900119492e-06,dissociated,Hungary,1800-1899
Politics,Learning & Culture,Politics + Learning & Culture,2101,722,167,207.77726178520118,-0.31434424932743354,-0.42237858416368035,-0.21085598897414481,0.05396229093045846,0.0004997501249375312,0.23130193905817176,-2.7960584750074173,0.12027113304929153,-3.0317898957840286,-2.560327054230806,1.4917597106943181e-119,0.0014992503748125937,3.132695392458068e-118,dissociated,Hungary,1800-1899
Administration & Law,Military,Administration & Law + Military,2101,722,9,10.819381517948795,-0.25279571405133955,-1.3462047575424467,0.4746156996960622,0.46672487629857046,0.5737131434282858,0.012465373961218837,-0.43485982139696483,0.3438888395263423,-1.1088819468685958,0.23916230407466604,0.2060377038588681,0.7087044712937649,0.25451716359036647,not distinguishable,Hungary,1800-1899
Administration & Law,Business,Administration & Law + Business,2101,722,3,12.78711632889904,-1.9246012067583922,-4.659236152188791,-0.8526551109737078,0.8435557039695546,0.04447776111944028,0.004155124653739612,-1.3550784880106137,0.5470230004901616,-2.4272435689713303,-0.28291340704989687,0.013242234971840756,0.08491208940984053,0.02157772274173077,not distinguishable,Hungary,1800-1899
Administration & Law,Nobility & Kinship,Administration & Law + Nobility & Kinship,2101,722,2,11.797108029410959,-2.2983190698579516,-4.723349510181283,-1.1080956840566791,0.9974405257024218,0.06346826586706647,0.002770083102493075,-1.6488625593632782,0.643290966519095,-2.9097128537407047,-0.38801226498585195,0.010372196743352028,0.11106946526736633,0.01980146651003569,not distinguishable,Hungary,1800-1899
Administration & Law,Religion,Administration & Law + Religion,2101,722,1,8.899015982575813,-2.6475472229447643,-4.447821442087685,-1.2981085630623237,1.0141217429148324,0.0004997501249375312,0.0013850415512465374,-2.20566806267646,0.8247287583299382,-3.822136429003139,-0.5891996963497814,0.007485945259889072,0.0014992503748125937,0.015720485045767053,dissociated,Hungary,1800-1899
Administration & Law,Learning & Culture,Administration & Law + Learning & Culture,2101,722,28,61.10882218349663,-1.1121750356858617,-1.6213465965638958,-0.731998643403187,0.2272578576547765,0.0004997501249375312,0.038781163434903045,-2.919850788859879,0.21127811692870285,-3.3339558980401365,-2.5057456796796216,1.9323224073992857e-43,0.0014992503748125937,2.02893852776925e-42,dissociated,Hungary,1800-1899
Military,Business,Military + Business,2101,722,2,8.028905806117622,-1.7704325717038019,-4.181280997019082,-0.6041412552021004,0.9865667681820193,0.1409295352323838,0.002770083102493075,-1.5750489544669628,0.6435340283683074,-2.8363756500688453,-0.3137222588650803,0.014385148494487179,0.19870064967516246,0.02157772274173077,not distinguishable,Hungary,1800-1899
Military,Nobility & Kinship,Military + Nobility & Kinship,2101,722,8,7.407289236797738,0.10427964401118175,-1.1430283915466954,0.8268265986419058,0.48015629763917694,0.8150924537731135,0.0110803324099723,-0.20618693904828347,0.3643991914290408,-0.9204093542492034,0.5080354761526366,0.5715113197315428,0.8558470764617692,0.5715113197315428,not distinguishable,Hungary,1800-1899
Military,Religion,Military + Religion,2101,722,2,5.587605465804673,-1.2839467667512083,-3.694130890338371,-0.11929519658711188,0.9601060126506111,0.14192903548225888,0.002770083102493075,-1.5513281064521542,0.6436593375759292,-2.812900408100975,-0.2897558048033331,0.015945110513689523,0.19870064967516246,0.022323154719165333,not distinguishable,Hungary,1800-1899
Military,Learning & Culture,Military + Learning & Culture,2101,722,23,38.36963429551664,-0.7259827773718744,-1.294737796158453,-0.28474989553626967,0.25641264884050247,0.005997001499250375,0.03185595567867036,-2.9783105763384023,0.2296493273096295,-3.4284232578652762,-2.5281978948115285,1.8352785338296522e-38,0.012593703148425787,1.2846949736807567e-37,dissociated,Hungary,1800-1899
Business,Nobility & Kinship,Business + Nobility & Kinship,2101,722,10,8.75446244275631,0.1821682310290035,-0.8099507057212844,0.8574010016272949,0.4135473545584396,0.6446776611694153,0.013850415512465374,0.19737589885817947,0.3341656758000523,-0.45758882570992304,0.852340623426282,0.5547530658524048,0.7521239380309844,0.5715113197315428,not distinguishable,Hungary,1800-1899
Business,Religion,Business + Religion,2101,722,3,6.603830447489598,-1.021242226144339,-3.6985271717266444,0.00845624778609009,0.837562335756611,0.19490254872563717,0.004155124653739612,-1.045865139510689,0.5487053190697215,-2.121327564887343,0.029597285865965217,0.056642450191067166,0.25580959520239877,0.07434321587577565,not distinguishable,Hungary,1800-1899
Business,Learning & Culture,Business + Learning & Culture,2101,722,96,45.3479689592371,1.0736711177716873,0.897452124616529,1.2422767109382293,0.08693717278887086,0.0004997501249375312,0.1329639889196676,-0.17344905176960113,0.189492115982306,-0.5448535990949208,0.19795549555571862,0.36001499880778454,0.0014992503748125937,0.42001749860908194,associated,Hungary,1800-1899
Nobility & Kinship,Religion,Nobility & Kinship + Religion,2101,722,6,6.092546528327059,-0.02039613011784908,-1.4373648076196885,0.7999284347947384,0.5900332452324801,0.9710144927536232,0.008310249307479225,-0.3225642834839025,0.4122593278755971,-1.1305925661200729,0.48546399915226784,0.43396159873698215,0.9710144927536232,0.47964176702508554,not distinguishable,Hungary,1800-1899
Nobility & Kinship,Learning & Culture,Nobility & Kinship + Learning & Culture,2101,722,43,41.837023685898984,0.03909555023944126,-0.3169432643687522,0.31460058683592595,0.1599811842914396,0.8050974512743628,0.05955678670360111,-1.8173845294966122,0.1920034111718214,-2.193711215393382,-1.4410578435998422,2.9250606502817735e-21,0.8558470764617692,1.228525473118345e-20,not distinguishable,Hungary,1800-1899
Religion,Learning & Culture,Religion + Learning & Culture,2101,722,69,31.559289066102384,1.1162705446138257,0.9221544477257234,1.3032608497178808,0.09798601375536564,0.0004997501249375312,0.09556786703601108,-1.0053271454121817,0.17841688730390556,-1.3550242445278367,-0.6556300462965268,1.7535472507418054e-08,0.0014992503748125937,6.13741537759632e-08,associated,Hungary,1800-1899
Politics,Administration & Law,Politics + Administration & Law,3610,912,126,55.83601881007011,1.1670078657907963,1.008575977814376,1.3303640709323392,0.08289738421027534,0.0004997501249375312,0.13815789473684212,2.08853858775374,0.16528746345618708,1.7645751593796135,2.412502016127867,1.3403171473011742e-36,0.0014992503748125937,9.38222003110822e-36,associated,Hungary,1900-2020
Politics,Military,Politics + Military,3610,912,25,16.88051289693455,0.5530265905390768,0.0906177181426651,0.9141252233978399,0.20851445339962005,0.014992503748125937,0.027412280701754384,0.5803769527605642,0.25049436929510754,0.08940798894215346,1.071345916578975,0.020507755409913536,0.03148425787106447,0.047851429289798256,associated,Hungary,1900-2020
Politics,Business,Politics + Business,3610,912,48,77.73704850528343,-0.6898671983085256,-1.01947246176141,-0.4187576353533582,0.15197910288304417,0.0004997501249375312,0.05263157894736842,-0.25319443206904607,0.16551393456758473,-0.5776017438215122,0.07121287968342,0.12607938416157272,0.0014992503748125937,0.2036666974917713,dissociated,Hungary,1900-2020
Politics,Nobility & Kinship,Politics + Nobility & Kinship,3610,912,6,16.88051289693455,-1.4189590332913267,-2.835146996744508,-0.6647898294912185,0.5751686864794439,0.025487256371814093,0.006578947368421052,-0.992555319722076,0.41680180808895073,-1.8094868635764194,-0.1756237758677326,0.01724882723514012,0.044602698650674656,0.045278171492242815,dissociated,Hungary,1900-2020
Politics,Religion,Politics + Religion,3610,912,14,26.090902725504264,-0.8748798553495563,-1.669391850391388,-0.3369120367058382,0.3416449819384702,0.017991004497751123,0.015350877192982455,-1.016459784602885,0.28049638661511506,-1.5662327023685108,-0.4666868668372596,0.00029031821760869514,0.03434646313207033,0.0008709546528260854,dissociated,Hungary,1900-2020
Politics,Learning & Culture,Politics + Learning & Culture,3610,912,358,383.5750042047268,-0.09941495667493412,-0.14168824752725592,-0.06172296095556548,0.020540416999857248,0.0014992503748125937,0.3925438596491228,-3.3137802850024016,0.11182350863966369,-3.5329543619361425,-3.0946062080686607,5.449103227219754e-193,0.0034982508745627183,1.1443116777161484e-191,dissociated,Hungary,1900-2020
Administration & Law,Military,Administration & Law + Military,3610,912,2,3.6006038133521434,-0.7139082671334979,-3.139736601198595,0.4172306811153544,0.9636316977637727,0.4057971014492754,0.0021929824561403508,-0.3864287397569396,0.6484105806636961,-1.6573134778577838,0.8844559983439048,0.5511999190391491,0.4418290854572714,0.5787599149911066,not distinguishable,Hungary,1900-2020
Administration & Law,Business,Administration & Law + Business,3610,912,6,16.58126829414603,-1.393903476631064,-2.8376539750039615,-0.5442829905819518,0.6101957999528103,0.030984507746126936,0.006578947368421052,-0.6943568399265886,0.4050571524913933,-1.4882688588097195,0.0995551789565422,0.08648843426349541,0.0500518971283589,0.16511428359394578,not distinguishable,Hungary,1900-2020
Administration & Law,Nobility & Kinship,Administration & Law + Nobility & Kinship,3610,912,0,3.6006038133521434,-3.03583636202086,-3.395873569695436,-2.6264793175980903,0.198307851258085,0.0004997501249375312,0.0,-1.8803178982185729,1.4220777917247651,-4.667590369999113,0.9069545735619668,0.18609064254289842,0.0014992503748125937,0.2605268995600578,dissociated,Hungary,1900-2020
Administration & Law,Religion,Administration & Law + Religion,3610,912,3,5.565174732594189,-0.7931942867203153,-3.4883537940104623,0.21674150176188775,0.8463039022799501,0.28535732133933034,0.003289473684210526,-0.7312005367804952,0.5468815202121027,-1.8030883163962164,0.3406872428352259,0.18121073296001122,0.35250022047799634,0.2605268995600578,not distinguishable,Hungary,1900-2020
Administration & Law,Learning & Culture,Administration & Law + Learning & Culture,3610,912,30,81.81633053915722,-1.4323694291706226,-1.94666885741231,-1.0674657089445474,0.22781021807452415,0.0004997501249375312,0.03289473684210526,-3.387822087029972,0.20421389641377988,-3.7880813240009807,-2.9875628500589633,8.290265964534239e-62,0.0014992503748125937,8.704779262760951e-61,dissociated,Hungary,1900-2020
Military,Business,Military + Business,3610,912,2,5.012898828603152,-1.1408830307912883,-3.5730190483236486,-0.008540317803905151,0.9685744842599616,0.16441779110444776,0.0021929824561403508,-0.6869642406103685,0.6473614122845273,-1.955792608688042,0.5818641274673048,0.2886100318885436,0.2157983508245877,0.3189900352452324,not distinguishable,Hungary,1900-2020
Military,Nobility & Kinship,Military + Nobility & Kinship,3610,912,2,1.0885453584144291,0.6542218103598436,-1.732372274309583,1.7843403909830926,0.9402688209418113,0.4207896051974013,0.0021929824561403508,0.7759359380221255,0.657251631626652,-0.5122772599661124,2.0641491360103634,0.23777093892972123,0.4418290854572714,0.2937170422073027,not distinguishable,Hungary,1900-2020
Military,Religion,Military + Religion,3610,912,4,1.6824803388437093,1.043956344233848,-0.6996153198927,1.9331454666066983,0.732370596342852,0.10644677661169415,0.0043859649122807015,0.5543203944910287,0.49507612566664705,-0.4160288118155996,1.5246696007976568,0.26285569768545325,0.1490254872563718,0.3066649806330288,not distinguishable,Hungary,1900-2020
Military,Learning & Culture,Military + Learning & Culture,3610,912,18,24.734958764592648,-0.44789845844809856,-1.0855452662493958,-0.014021897002439984,0.26793635414776024,0.09045477261369315,0.019736842105263157,-2.6416749096796863,0.2740810740646016,-3.1788738148463054,-2.1044760045130673,5.509414563183636e-22,0.13568215892053972,2.313954116537127e-21,not distinguishable,Hungary,1900-2020
Business,Nobility & Kinship,Business + Nobility & Kinship,3610,912,0,5.012898828603152,-3.4628111256786505,-3.807886122827534,-3.056372117399528,0.19187129571407718,0.0004997501249375312,0.0,-2.1781076191303907,1.421608902904211,-4.964461068822644,0.6082458305618625,0.12548723922198854,0.0014992503748125937,0.2036666974917713,dissociated,Hungary,1900-2020
Business,Religion,Business + Religion,3610,912,5,7.748049867230656,-0.5846214365455533,-2.3452331705163445,0.30678158953426754,0.6868072338886739,0.31784107946026985,0.005482456140350877,-0.5573414286884099,0.44040874116761686,-1.420542561376939,0.3058597040001192,0.2056887590229678,0.37081459270364814,0.26996649621764524,not distinguishable,Hungary,1900-2020
Business,Learning & Culture,Business + Learning & Culture,3610,912,165,113.90783568007005,0.5326453527688716,0.4209810599740011,0.6518106015174986,0.059539799271032263,0.0004997501249375312,0.18092105263157895,-0.8168939011119215,0.14567534815784464,-1.102417583501297,-0.531370218722546,2.0511228927365427e-08,0.0014992503748125937,7.1789301245779e-08,associated,Hungary,1900-2020
Nobility & Kinship,Religion,Nobility & Kinship + Religion,3610,912,2,1.6824803388437093,0.19595943767889806,-2.220764117522112,1.359440542413725,0.9410346495824993,0.7816091954022989,0.0021929824561403508,0.08207169281528341,0.6517834445095065,-1.1954238584233494,1.3595672440539162,0.899796317926546,0.7816091954022989,0.899796317926546,not distinguishable,Hungary,1900-2020
Nobility & Kinship,Learning & Culture,Nobility & Kinship + Learning & Culture,3610,912,43,24.734958764592648,0.7855916717716799,0.5786775520181545,0.9791679011393493,0.10231453540265084,0.0004997501249375312,0.047149122807017545,-0.6224369009102197,0.28646083996806254,-1.1839001472476223,-0.060973654572817226,0.02979148654060039,0.0014992503748125937,0.06256212173526082,associated,Hungary,1900-2020
Religion,Learning & Culture,Religion + Learning & Culture,3610,912,53,38.2309119981503,0.46605341855656734,0.21898716374138918,0.6693130295618761,0.11461653049263199,0.0014992503748125937,0.0581140350877193,-2.085304761076922,0.18105993331232326,-2.440182230369076,-1.7304272917847685,1.080568210319883e-30,0.0034982508745627183,5.672983104179386e-30,associated,Hungary,1900-2020
Politics,Administration & Law,Politics + Administration & Law,5944,1673,51,20.830057443226632,1.271684581340925,0.9253770736272796,1.5710658889508933,0.16338924438329366,0.0004997501249375312,0.030484160191273164,0.9928017410589095,0.1610419165947331,0.6771595845332326,1.3084438975845865,7.054311551096574e-10,0.0008072886633606274,1.346732205209346e-09,associated,Italy,1400-1599
Politics,Military,Politics + Military,5944,1673,26,20.830057443226632,0.31310450872090595,-0.2722839974380985,0.7380265383183873,0.2505214741593423,0.19890054972513743,0.015540944411237299,0.2254942465530005,0.20964412981846242,-0.18540824789118587,0.6363967409971869,0.2821040094272834,0.19890054972513743,0.29620920989864763,not distinguishable,Italy,1400-1599
Politics,Business,Politics + Business,5944,1673,20,14.454596867302266,0.4550348896367372,-0.2360581520725841,0.9273315239425862,0.30323624539645,0.1294352823588206,0.011954572624028692,0.2665419049622088,0.2368322056875625,-0.1976492181854137,0.7307330281098313,0.26040000473806013,0.14306004892290697,0.2878105315525928,not distinguishable,Italy,1400-1599
Politics,Nobility & Kinship,Politics + Nobility & Kinship,5944,1673,88,52.291488367620644,0.7453721142426758,0.4908534582410559,0.9633885333049622,0.12117295105671594,0.0004997501249375312,0.05260011954572624,0.4371014899366588,0.12633131016946483,0.18949212200450774,0.6847108578688099,0.0005402523000527719,0.0008072886633606274,0.0008103784500791578,associated,Italy,1400-1599
Politics,Religion,Politics + Religion,5944,1673,27,60.886607994518116,-1.158492335211958,-1.7059080514434484,-0.730463491754676,0.25362442670793683,0.0004997501249375312,0.016138673042438732,-1.6897922598546145,0.19998520281961507,-2.08176325738106,-1.2978212623281689,2.92336468259785e-17,0.0008072886633606274,7.673832291819357e-17,dissociated,Italy,1400-1599
Politics,Learning & Culture,Politics + Learning & Culture,5944,1673,60,102.70719188810646,-0.7705364594995465,-1.104049248583357,-0.5005861253118592,0.15589323636493915,0.0004997501249375312,0.03586371787208607,-2.32594008273156,0.1426809165007729,-2.6055946790730746,-2.0462854863900453,9.600040126469628e-60,0.0008072886633606274,5.040021066396555e-59,dissociated,Italy,1400-1599
Administration & Law,Military,Administration & Law + Military,5944,1673,3,21.74231083447217,-2.6678798555065337,-5.46586490996996,-1.6196977936149974,0.8694731377579668,0.04247876061969016,0.0017931858936043037,-1.814177199509019,0.5402323154810517,-2.87303253785188,-0.7553218611661578,0.0007846809659059608,0.052473763118440785,0.001098553352268345,not distinguishable,Italy,1400-1599
Administration & Law,Business,Administration & Law + Business,5944,1673,9,15.087636648744226,-0.7144027889150181,-1.8620160111649726,-0.014684108993928418,0.48049830545408295,0.11144427786106946,0.005379557680812911,-0.45658738392423603,0.3355807558868171,-1.1143256654623976,0.20115089761392546,0.1736437050387729,0.1300183241712477,0.20258432254523506,not distinguishable,Italy,1400-1599
Administration & Law,Nobility & Kinship,Administration & Law + Nobility & Kinship,5944,1673,20,54.58159667513039,-1.4259464704013005,-2.109597533448146,-0.9267664238107344,0.3064892814852654,0.0009995002498750624,0.011954572624028692,-1.1877635911438424,0.23043003069622192,-1.6394064513084374,-0.7361207309792475,2.542379141270809e-07,0.0014992503748125937,4.4491634972239155e-07,dissociated,Italy,1400-1599
Administration & Law,Religion,Administration & Law + Religion,5944,1673,103,63.55313998924857,0.6922895670508117,0.47929529361138656,0.874319301677266,0.10242242002139347,0.0004997501249375312,0.06156604901374776,0.10702581152135357,0.12102351935194608,-0.13018028640846074,0.3442319094511679,0.37651327049147776,0.0008072886633606274,0.37651327049147776,associated,Italy,1400-1599
Administration & Law,Learning & Culture,Administration & Law + Learning & Culture,5944,1673,97,107.20525841339581,-0.14361456324926097,-0.358512137830959,0.05156121980766313,0.1052684700461981,0.1679160419790105,0.05797967722653915,-1.5242312847383188,0.12257610105733989,-1.764480442810705,-1.2839821266659326,1.6878442198253202e-35,0.17631184407796102,5.06353265947596e-35,not distinguishable,Italy,1400-1599
Military,Business,Military + Business,5944,1673,0,15.087636648744226,-4.962330302358604,-5.200128862321868,-4.714951943749842,0.12313938198105993,0.0004997501249375312,0.0,-3.416019453915671,1.416777926443619,-6.192904189745164,-0.6391347180861779,0.015903680732665227,0.0008072886633606274,0.01964572325799822,dissociated,Italy,1400-1599
Military,Nobility & Kinship,Military + Nobility & Kinship,5944,1673,192,54.58159667513039,1.8052161605628798,1.6640721739645294,1.9493956723984158,0.07087255643107265,0.0004997501249375312,0.11476389719067544,2.1439356136873733,0.11768511688778682,1.9132727845873112,2.3745984427874354,3.7448913342724195e-74,0.0008072886633606274,2.6214239339906937e-73,associated,Italy,1400-1599
Military,Religion,Military + Religion,5944,1673,16,63.55313998924857,-1.9568032710900602,-2.712800861192796,-1.4126777490016673,0.3359607862592468,0.0004997501249375312,0.009563658099222952,-2.0566596865145463,0.25424454844074473,-2.554979001458406,-1.5583403715706867,6.0010033968262535e-16,0.0008072886633606274,1.4002341259261258e-15,dissociated,Italy,1400-1599
Military,Learning & Culture,Military + Learning & Culture,5944,1673,46,107.20525841339581,-1.2117860658908401,-1.6035583896964727,-0.8886723071199296,0.18388599057913638,0.0004997501249375312,0.02749551703526599,-2.4271021352346183,0.1605907992918748,-2.741860101846693,-2.1123441686225437,1.3177827171802646e-51,0.0008072886633606274,5.534687412157112e-51,dissociated,Italy,1400-1599
Business,Nobility & Kinship,Business + Nobility & Kinship,5944,1673,24,37.87579455616155,-0.647414872013721,-1.2778016117904798,-0.19706190238550336,0.2683871754370643,0.021989005497251374,0.01434548714883443,-0.5963948859777171,0.2158111278854279,-1.0193846966331557,-0.1734050753222784,0.00571844151365978,0.02886056971514243,0.007505454486678461,dissociated,Italy,1400-1599
Business,Religion,Business + Religion,5944,1673,22,44.101415500154076,-0.9871644957581339,-1.6132489508505967,-0.5043363307758576,0.28265787413536664,0.0029985007496251873,0.01315002988643156,-1.379951271980323,0.2230697408498815,-1.8171679640460907,-0.9427345799145554,6.163663881842068e-10,0.004197901049475262,1.2943694151868342e-09,dissociated,Italy,1400-1599
Business,Learning & Culture,Business + Learning & Culture,5944,1673,126,74.39291978162507,0.7562361440168583,0.6065069082105824,0.890886929715823,0.07518119320268322,0.0004997501249375312,0.07531380753138076,-0.4612037805183508,0.13020126898533818,-0.7163982677296137,-0.206009293307088,0.00039674851151036655,0.0008072886633606274,0.0006409014416705922,associated,Italy,1400-1599
Nobility & Kinship,Religion,Nobility & Kinship + Religion,5944,1673,98,159.54292442694154,-0.7002632663845512,-0.958869821850997,-0.4955696060519643,0.11533550198134515,0.0004997501249375312,0.058577405857740586,-1.3904238534686546,0.11060156285195165,-1.6072029166584798,-1.1736447902788294,3.030494197352669e-36,0.0008072886633606274,1.0606729690734341e-35,dissociated,Italy,1400-1599
Nobility & Kinship,Learning & Culture,Nobility & Kinship + Learning & Culture,5944,1673,206,269.1265993169282,-0.38482104725517846,-0.5153452437130557,-0.26085987588835247,0.06423304827842659,0.0004997501249375312,0.12313209802749552,-2.1602317037141825,0.08428124122835379,-2.325422936521756,-1.9950404709066092,6.846905516999482e-145,0.0008072886633606274,7.189250792849456e-144,dissociated,Italy,1400-1599
Religion,Learning & Culture,Religion + Learning & Culture,5944,1673,439,313.36277212667824,0.4857292471633091,0.4115391252831293,0.5640635626710294,0.03829755364537539,0.0004997501249375312,0.26240286909742977,-2.136558350928073,0.06604698751346177,-2.266010446454458,-2.0071062554016876,1.4299285555450639e-229,0.0008072886633606274,3.0028499666446344e-228,associated,Italy,1400-1599
Politics,Administration & Law,Politics + Administration & Law,8077,1930,102,31.686663481736637,1.6710889720036477,1.442651427542845,1.8828792747445977,0.11067073631845954,0.0004997501249375312,0.05284974093264249,1.6215007890067732,0.12403188590162485,1.3783982926395886,1.8646032853739578,4.6816902843512775e-39,0.000954068420335287,1.4045070853053832e-38,associated,Italy,1600-1799
Politics,Military,Politics + Military,8077,1930,92,22.205520823800654,2.0264102356583105,1.7967943752251605,2.2317154581934093,0.11131724568228622,0.0004997501249375312,0.04766839378238342,1.8349442059721173,0.13327399761555372,1.573727170645632,2.0961612412986024,3.959086644549986e-43,0.000954068420335287,1.3856803255924951e-42,associated,Italy,1600-1799
Politics,Business,Politics + Business,8077,1930,31,34.40307360756404,-0.1480022589152257,-0.6574324182548916,0.27806143874577277,0.23841526407362013,0.5302348825587206,0.01606217616580311,0.07499295165571242,0.1908342997610744,-0.2990422758759934,0.4490281791874182,0.6943385549395168,0.5567466266866566,0.6943385549395168,not distinguishable,Italy,1600-1799
Politics,Nobility & Kinship,Politics + Nobility & Kinship,8077,1930,93,49.11093987260667,0.9143080758465932,0.6656266589982077,1.1460489510987988,0.12198570477603132,0.0004997501249375312,0.04818652849740933,0.6753146522686072,0.11982708327331,0.4404535690529196,0.9101757354842948,1.743051091912533e-08,0.000954068420335287,3.050339410846933e-08,associated,Italy,1600-1799
Politics,Religion,Politics + Religion,8077,1930,25,94.3295708772055,-1.8948397604102967,-2.522147969538841,-1.4415401935027221,0.2755937537685488,0.0004997501249375312,0.012953367875647668,-2.147493068223516,0.20391752005139582,-2.5471714075242518,-1.7478147289227803,6.204858939842794e-26,0.000954068420335287,1.6287754717087334e-25,dissociated,Italy,1600-1799
Politics,Learning & Culture,Politics + Learning & Culture,8077,1930,129,240.26423135021182,-0.8946689790419102,-1.1018194350477521,-0.7197143841500381,0.09714243450290097,0.0004997501249375312,0.06683937823834196,-2.3309332018435645,0.10221099462628377,-2.5312667513110805,-2.1305996523760484,4.07970401206059e-115,0.000954068420335287,4.2836892126636195e-114,dissociated,Italy,1600-1799
Administration & Law,Military,Administration & Law + Military,8077,1930,3,13.581789162813335,-2.008403820180883,-4.818390998296853,-0.9752612087461495,0.8985343778546278,0.0559720139930035,0.0015544041450777201,-1.4576148155025372,0.5402742817527426,-2.5165524077379127,-0.3986772232671618,0.00697749722866082,0.06186380493963545,0.007326372090093862,not distinguishable,Italy,1600-1799
Administration & Law,Business,Administration & Law + Business,8077,1930,6,21.042302767781162,-1.7286608519807016,-3.162682701465805,-0.9023018073361659,0.6146639120598352,0.017491254372813594,0.0031088082901554403,-1.1000971141325102,0.39909127498324876,-1.8823160130996777,-0.31787821516534265,0.00584227108909287,0.02295727136431784,0.006457246993207909,dissociated,Italy,1600-1799
Administration & Law,Nobility & Kinship,Administration & Law + Nobility & Kinship,8077,1930,18,30.038225008549098,-0.7230909392064379,-1.454041217954366,-0.1695738279667549,0.32650048292974526,0.03248375812093953,0.00932642487046632,-0.6729508552419724,0.24160456103920874,-1.1464957948788215,-0.19940591560512327,0.005347161716434958,0.037897717807762785,0.006238355335840784,dissociated,Italy,1600-1799
Administration & Law,Religion,Administration & Law + Religion,8077,1930,58,57.69575744873614,0.007522642194230374,-0.33928204103378695,0.3015315962381824,0.16077771261680138,0.95952023988006,0.03005181347150259,-0.6519133147559455,0.1443873506081897,-0.9349125219479972,-0.3689141075638937,6.33076063275273e-06,0.95952023988006,9.496140949129096e-06,not distinguishable,Italy,1600-1799
Administration & Law,Learning & Culture,Administration & Law + Learning & Culture,8077,1930,114,146.955262137619,-0.3649297094920561,-0.5582689100542758,-0.18955238463214721,0.09466311868459845,0.0004997501249375312,0.05906735751295337,-1.7558314160255055,0.11435268891846048,-1.979962686305688,-1.531700145745323,3.3031135895036643e-53,0.000954068420335287,1.387307707591539e-52,dissociated,Italy,1600-1799
Military,Business,Military + Business,8077,1930,1,14.746118428025609,-3.3454075819281734,-5.0712265837930115,-2.0136581999704215,1.0110374469123455,0.0004997501249375312,0.0005181347150259067,-2.3199858064488854,0.8202468888092822,-3.9276697085150785,-0.7123019043826924,0.004678140190361499,0.000954068420335287,0.005778879058681852,dissociated,Italy,1600-1799
Military,Nobility & Kinship,Military + Nobility & Kinship,8077,1930,50,21.050320786276416,1.228574043221721,0.8555294231949623,1.5315312894753228,0.17064710039661546,0.0004997501249375312,0.025906735751295335,0.793389057845844,0.1597659960434549,0.4802477056006724,1.1065304100910156,6.836753178384253e-07,0.000954068420335287,1.1043985903543795e-06,associated,Italy,1600-1799
Military,Religion,Military + Religion,8077,1930,22,40.43228925668654,-0.8633143544887164,-1.4800556080838887,-0.38577452385724387,0.2769484972727256,0.0074962518740629685,0.011398963730569948,-1.4423937651490069,0.22084291467845318,-1.875245877918775,-1.0095416523792387,6.519644405907121e-11,0.011244377811094454,1.2446593865822686e-10,dissociated,Italy,1600-1799
Military,Learning & Culture,Military + Learning & Culture,8077,1930,47,102.98396154725523,-1.1234077705286436,-1.5205037172662803,-0.7903836545544894,0.18489786395004681,0.0009995002498750624,0.024352331606217616,-2.5573280563216865,0.1603206114954832,-2.8715564548528336,-2.2430996577905393,2.7886359900819285e-57,0.0017491254372813594,1.4640338947930125e-56,dissociated,Italy,1600-1799
Business,Nobility & Kinship,Business + Nobility & Kinship,8077,1930,17,32.613319057884226,-0.9200567020377416,-1.6613085384871231,-0.366662213763731,0.3340000493893252,0.011494252873563218,0.008808290155440414,-0.7357023297262201,0.24788030954842133,-1.2215477364411258,-0.2498569230113143,0.002997696238078776,0.016091954022988506,0.003934476312478394,dissociated,Italy,1600-1799
Business,Religion,Business + Religion,8077,1930,31,62.64185535018798,-1.0032448245817236,-1.5451532674893849,-0.6047620344462628,0.23583011690217093,0.0004997501249375312,0.01606217616580311,-1.37196791555167,0.18775089874012912,-1.739959677082323,-1.003976154021017,2.7239327456160027e-13,0.000954068420335287,5.720258765793606e-13,dissociated,Italy,1600-1799
Business,Learning & Culture,Business + Learning & Culture,8077,1930,239,159.55333079651493,0.5814729555002467,0.48780731677263567,0.6754092736440545,0.04737596132113877,0.0004997501249375312,0.12383419689119171,-0.324100928747082,0.10798654787430692,-0.5357545625807236,-0.11244729491344047,0.002688221902550051,0.000954068420335287,0.003763510663570071,associated,Italy,1600-1799
Nobility & Kinship,Religion,Nobility & Kinship + Religion,8077,1930,66,89.42225414810649,-0.43532386050921956,-0.7434814737242467,-0.15260159889912114,0.15117134806198912,0.004997501249375313,0.03419689119170984,-1.26362637455349,0.13144705712808308,-1.5212626065245327,-1.0059901425824471,7.033108729500601e-22,0.008072886633606275,1.6410587035501402e-21,dissociated,Italy,1600-1799
Nobility & Kinship,Learning & Culture,Nobility & Kinship + Learning & Culture,8077,1930,206,227.7649411388331,-0.1445675136203027,-0.27063600167334456,-0.024757621415608642,0.06225373131851021,0.027486256871564217,0.10673575129533679,-1.8927558686312238,0.08663728280873384,-2.062564942936342,-1.7229467943261054,8.319583064096003e-106,0.033953611429579325,5.8237081448672024e-105,dissociated,Italy,1600-1799
Religion,Learning & Culture,Religion + Learning & Culture,8077,1930,580,437.4782729516053,0.40643676411929464,0.3498877548963211,0.4661970273994683,0.03022568829836872,0.0004997501249375312,0.3005181347150259,-2.4851788153128553,0.05975490050623686,-2.6022984203050794,-2.3680592103206313,0.0,0.000954068420335287,0.0,associated,Italy,1600-1799
Politics,Administration & Law,Politics + Administration & Law,17019,5059,923,564.0731699846535,0.709951391488147,0.6568644455587132,0.7636808737310111,0.0273546032973081,0.0004997501249375312,0.18244712393753706,1.701243699964259,0.05852126531011222,1.586542019956439,1.815945379972079,8.469928333917489e-186,0.0008745627186406797,4.446712375306682e-185,associated,Italy,1800-1899
Politics,Military,Politics + Military,17019,5059,489,364.6011492830795,0.4230126496637059,0.3466270877661402,0.5000991741875543,0.03892749457871941,0.0004997501249375312,0.09665941885748172,0.06048105520317062,0.05678378662619682,-0.05081516658417514,0.17177727699051637,0.28682554707184016,0.0008745627186406797,0.3011668244254322,associated,Italy,1800-1899
Politics,Business,Politics + Business,17019,5059,481,470.41698339313797,0.03206304439449516,-0.051604083953185366,0.11084762106071008,0.04204678075781395,0.4452773613193403,0.09507807867167424,0.29074924582338996,0.05895745837267755,0.17519262741294195,0.40630586423383797,8.15967421697842e-07,0.4675412293853073,1.1423543903769788e-06,not distinguishable,Italy,1800-1899
Politics,Nobility & Kinship,Politics + Nobility & Kinship,17019,5059,72,131.39897529155934,-0.8633804562557815,-1.1839534146328559,-0.6053144616168024,0.14626442867128442,0.0004997501249375312,0.014232061672267246,-0.723811341305043,0.12961696461611866,-0.9778605919526355,-0.46976209065745045,2.3473372712851918e-08,0.0008745627186406797,3.5210059069277876e-08,dissociated,Italy,1800-1899
Politics,Religion,Politics + Religion,17019,5059,57,269.99524544598097,-2.233969374539413,-2.604456710735228,-1.9121350918363347,0.17694503007522866,0.0004997501249375312,0.011267048823878236,-2.460711469635445,0.13550495676261548,-2.7263011848901715,-2.1951217543807187,1.0787026385162395e-73,0.0008745627186406797,3.2361079155487185e-73,dissociated,Italy,1800-1899
Politics,Learning & Culture,Politics + Learning & Culture,17019,5059,1213,1434.5144763883363,-0.24189118235499557,-0.2831126522838648,-0.20708587517968507,0.01894675091960786,0.0004997501249375312,0.23977070567305792,-2.3906422046962104,0.03980510243005249,-2.468660205459113,-2.3126242039333076,0.0,0.0008745627186406797,0.0,dissociated,Italy,1800-1899
Administration & Law,Military,Administration & Law + Military,17019,5059,50,98.13879794720323,-0.9658718307107117,-1.3863184150781684,-0.6427442035894307,0.19055429140116073,0.0004997501249375312,0.0098833761612967,-1.1331567364918975,0.1456956047614094,-1.41872012182426,-0.847593351159535,7.39349867458701e-15,0.0008745627186406797,1.2938622680527268e-14,dissociated,Italy,1800-1899
Administration & Law,Business,Administration & Law + Business,17019,5059,25,126.62098672735729,-2.3176330760064854,-2.923110700764085,-1.8454899574064783,0.27483432655267576,0.0004997501249375312,0.00494168808064835,-1.671733905054128,0.20180674136618842,-2.067275118131857,-1.2761926919763986,1.1927004729283125e-16,0.0008745627186406797,2.276973630135869e-16,dissociated,Italy,1800-1899
Administration & Law,Nobility & Kinship,Administration & Law + Nobility & Kinship,17019,5059,6,35.36834020398504,-2.4641993633329538,-3.8902677200382922,-1.5999393205800772,0.6196904637866261,0.00399800099950025,0.0011860051393556038,-1.8316915838122045,0.39613073985932123,-2.608107833936474,-1.055275333687935,3.7648759517987646e-06,0.00559720139930035,4.941399686735878e-06,dissociated,Italy,1800-1899
Administration & Law,Religion,Administration & Law + Religion,17019,5059,94,72.67395863021858,0.3689840201613837,0.09576089154470696,0.6011290422509364,0.13133825978643326,0.008995502248875561,0.018580747183237795,-0.3723982692076492,0.10995742010905463,-0.5879148126213962,-0.1568817257939021,0.0007072585960481561,0.011806596701649175,0.0008736723833536046,associated,Italy,1800-1899
Administration & Law,Learning & Culture,Administration & Law + Learning & Culture,17019,5059,185,386.1247465276336,-1.0595147956334896,-1.2377918614854257,-0.8939355458979382,0.08861762171816576,0.0004997501249375312,0.03656849179679779,-2.640057483104195,0.0805750181230791,-2.79798451862543,-2.4821304475829598,1.8438903299865892e-235,0.0008745627186406797,1.2907232309906124e-234,dissociated,Italy,1800-1899
Military,Business,Military + Business,17019,5059,53,81.84427081580222,-0.6221293849932457,-1.0489519369798448,-0.30896204028914426,0.18652668125098248,0.0014992503748125937,0.010476378730974501,-1.0574642041230364,0.14187552576909596,-1.3355402346304646,-0.7793881736156083,9.092042561097344e-14,0.0022488755622188904,1.4687145675618785e-13,dissociated,Italy,1800-1899
Military,Nobility & Kinship,Military + Nobility & Kinship,17019,5059,26,22.86110769451901,0.1818836767463605,-0.41610192166862925,0.6427228128698367,0.26915105458660704,0.48425787106446777,0.005139355603874284,-0.5293665661891164,0.20206733541491065,-0.9254185436023412,-0.13331458877589153,0.008799340057594997,0.48425787106446777,0.009725586379447102,not distinguishable,Italy,1800-1899
Military,Religion,Military + Religion,17019,5059,29,46.97441794696522,-0.6864353580609162,-1.2527459940194503,-0.2541520863594886,0.25977401781237336,0.012993503248375811,0.005732358173552086,-1.7997337535658215,0.18773271361838273,-2.167689872257852,-1.4317776348737914,9.096357733592085e-22,0.01605079813034659,2.1224834711714863e-21,dissociated,Italy,1800-1899
Military,Learning & Culture,Military + Learning & Culture,17019,5059,217,249.5802563246239,-0.20137576120795586,-0.36576467225028964,-0.05123965088764984,0.07929313865474748,0.014492753623188406,0.04289385254002767,-2.66374356886,0.07481645848317899,-2.810383827487031,-2.517103310232969,1.2274296893893155e-277,0.016908212560386476,1.2888011738587813e-276,dissociated,Italy,1800-1899
Business,Nobility & Kinship,Business + Nobility & Kinship,17019,5059,19,29.4959391648313,-0.6212930786360896,-1.3672700280066392,-0.08398157249323482,0.3246981271584582,0.05897051474262868,0.0037556829412927458,-0.6793201931330801,0.23332721374917378,-1.1366415320814607,-0.2219988541846995,0.0035975707652810755,0.06517793734711591,0.004197165892827922,not distinguishable,Italy,1800-1899
Business,Religion,Business + Religion,17019,5059,27,60.607499539457336,-1.1519178298916763,-1.7473299267024252,-0.6953817020527142,0.2750121907688535,0.0009995002498750624,0.005337023127100217,-1.692183897221831,0.1944611420812113,-2.073327735701005,-1.311040058742657,3.2633636799875337e-18,0.0016145773267212547,6.8530637279738215e-18,dissociated,Italy,1800-1899
Business,Learning & Culture,Business + Learning & Culture,17019,5059,486,322.01432037604485,0.5930765840772471,0.5100844554807528,0.6742792665258326,0.04281791226815553,0.0004997501249375312,0.09606641628780391,-1.2886631620676838,0.058544158770057496,-1.4034097132569965,-1.1739166108783712,2.2193013385936188e-107,0.0008745627186406797,7.767554685077667e-107,associated,Italy,1800-1899
Nobility & Kinship,Religion,Nobility & Kinship + Religion,17019,5059,41,16.929157780455505,1.251608479865568,0.8209309838428503,1.6020058593603632,0.20207178100224849,0.0004997501249375312,0.008104368452263293,0.03425585748252581,0.16530892138272474,-0.2897496284276147,0.3582613433926663,0.8358354843377265,0.0008745627186406797,0.8358354843377265,associated,Italy,1800-1899
Nobility & Kinship,Learning & Culture,Nobility & Kinship + Learning & Culture,17019,5059,162,89.94647986860376,0.8453034580529522,0.6853723226058257,0.989419271206026,0.07899321316966332,0.0004997501249375312,0.03202213876260131,-1.108689494260214,0.10002946325722416,-1.3047472422443733,-0.9126317462760546,1.5063981827904162e-28,0.0008745627186406797,3.9542952298248424e-28,associated,Italy,1800-1899
Religion,Learning & Culture,Religion + Learning & Culture,17019,5059,404,184.81972066555116,1.1261232897598608,1.0336029535372708,1.2182252139919605,0.046969982161544466,0.0004997501249375312,0.07985767938327733,-1.7484107619991374,0.060283774262737275,-1.8665669595541023,-1.6302545644441724,6.029364538099047e-185,0.0008745627186406797,2.5323331060015996e-184,associated,Italy,1800-1899
Politics,Administration & Law,Politics + Administration & Law,40783,7361,959,531.3364411007494,0.8513001732751945,0.7971284595416391,0.9097115138852737,0.02871311058784298,0.0004997501249375312,0.1302812117918761,1.2767599381765191,0.04658440581899091,1.185454502771297,1.3680653735817412,2.235248381505062e-165,0.0006559220389805098,7.823369335267717e-165,associated,Italy,1900-2020
Politics,Military,Politics + Military,40783,7361,148,213.00196984845527,-0.5237864497213054,-0.729834162619111,-0.34370479402706133,0.10194456803705185,0.0004997501249375312,0.020105963863605487,-0.9834011333012096,0.08722931774425136,-1.1543705960799422,-0.812431670522477,1.768817732008622e-29,0.0006559220389805098,4.127241374686785e-29,dissociated,Italy,1900-2020
Politics,Business,Politics + Business,40783,7361,1085,955.4347776475494,0.18337563273313365,0.13077317400666402,0.23413374957414326,0.025995847908864028,0.0004997501249375312,0.14739845129737808,0.49551512822556953,0.03857137632186772,0.4199152306347088,0.5711150258164303,8.975137874751629e-38,0.0006559220389805098,2.3559736921223025e-37,associated,Italy,1900-2020
Politics,Nobility & Kinship,Politics + Nobility & Kinship,40783,7361,45,107.05055813375745,-1.241076561224168,-1.6809087640247002,-0.8896060073224926,0.20161905481878614,0.0004997501249375312,0.006113299823393561,-0.7884800231958831,0.1579583838128606,-1.0980784554690899,-0.4788815909226763,5.985181612425852e-07,0.0006559220389805098,9.668370296995609e-07,dissociated,Italy,1900-2020
Politics,Religion,Politics + Religion,40783,7361,39,273.5417447450275,-2.7944711170804046,-3.2652639519556153,-2.409473545377661,0.2191978895235193,0.0004997501249375312,0.005298193180274419,-2.650010852816149,0.161228393538594,-2.9660185041517932,-2.3340032014805043,1.0500996399735898e-60,0.0006559220389805098,3.150298919920769e-60,dissociated,Italy,1900-2020
Politics,Learning & Culture,Politics + Learning & Culture,40783,7361,1878,2073.634508800746,-0.14292834079795522,-0.17014865489941217,-0.11467264915627665,0.014502326742669767,0.0004997501249375312,0.2551283792962913,-3.297833291738024,0.03108632516124769,-3.3587624890540697,-3.2369040944219787,0.0,0.0006559220389805098,0.0,dissociated,Italy,1900-2020
Administration & Law,Military,Administration & Law + Military,40783,7361,114,62.422696910746176,0.8636951862135088,0.6108933726560485,1.075333168892355,0.1186566577967876,0.0004997501249375312,0.015487026219263686,0.4842030750303409,0.10002272996181899,0.28815852430517563,0.6802476257555061,1.2923262710735913e-06,0.0006559220389805098,1.938489406610387e-06,associated,Italy,1900-2020
Administration & Law,Business,Administration & Law + Business,40783,7361,52,280.00123935713765,-2.417617817311463,-2.8392970233118664,-2.0754850775039375,0.19356613158237918,0.0004997501249375312,0.007064257573699225,-1.2972052157177782,0.14098877760802184,-1.573543219829501,-1.0208672116060555,3.5539615840399924e-20,0.0006559220389805098,6.784835751349076e-20,dissociated,Italy,1900-2020
Administration & Law,Nobility & Kinship,Administration & Law + Nobility & Kinship,40783,7361,5,31.372407256440294,-2.534804463228191,-4.360741121264098,-1.660358145880094,0.6602201591339538,0.004997501249375313,0.0006792555359326179,-1.3076034475292542,0.4299877019106904,-2.1503793432742073,-0.464827551784301,0.0023577407796373543,0.0061733838962871514,0.0028862422827748164,dissociated,Italy,1900-2020
Administration & Law,Religion,Administration & Law + Religion,40783,7361,121,80.16457987127566,0.5909490891387544,0.34505175761295753,0.7942996349307748,0.11599480657668526,0.0004997501249375312,0.01643798396956935,0.29264387821046667,0.09669341573514036,0.10312478336959158,0.48216297305134176,0.0024739219566641286,0.0006559220389805098,0.0028862422827748164,associated,Italy,1900-2020
Administration & Law,Learning & Culture,Administration & Law + Learning & Culture,40783,7361,342,607.7026355137801,-0.8284480799141302,-0.9599253742278451,-0.7118243007694465,0.06273716221418643,0.0004997501249375312,0.04646107865779106,-2.7216282086661985,0.060562985784668004,-2.840331660804148,-2.602924756528249,0.0,0.0006559220389805098,0.0,dissociated,Italy,1900-2020
Military,Business,Military + Business,40783,7361,178,112.24680057615384,0.662837579650945,0.4852521289841288,0.8356111417494649,0.0875609515848457,0.0004997501249375312,0.024181497079201194,0.3468216302710356,0.08167870237654394,0.18673137361300945,0.5069118869290616,2.1745596687481643e-05,0.0006559220389805098,3.04438353624743e-05,associated,Italy,1900-2020
Military,Nobility & Kinship,Military + Nobility & Kinship,40783,7361,20,12.576559835922628,0.6486408612831759,-0.04176264716871799,1.1413121058438156,0.3065168054768113,0.0384807596201899,0.0027170221437304715,0.3390318578615121,0.2282863482035699,-0.10840938461748495,0.7864731003405091,0.13751292486280525,0.0404047976011994,0.14438857110594552,associated,Italy,1900-2020
Military,Religion,Military + Religion,40783,7361,36,32.136349220244476,0.16141678096097734,-0.3470113195251023,0.5586974359978152,0.23349133997964816,0.48425787106446777,0.004890639858714849,-0.7158293019406964,0.16920227832910914,-1.0474657674657504,-0.38419283641564245,2.3305567684068385e-05,0.48425787106446777,3.0588557585339756e-05,not distinguishable,Italy,1900-2020
Military,Learning & Culture,Military + Learning & Culture,40783,7361,180,243.61562361198725,-0.4355657946974281,-0.6093206809928704,-0.27232943005155086,0.08753874693518789,0.0004997501249375312,0.024453199293574243,-3.1290375124938343,0.08014823059615248,-3.286128044462293,-2.9719469805253755,0.0,0.0006559220389805098,0.0,dissociated,Italy,1900-2020
Business,Nobility & Kinship,Business + Nobility & Kinship,40783,7361,35,56.41301185596984,-0.6809395047863663,-1.1835819368936542,-0.28598894849608464,0.23125416175787306,0.0069965017491254375,0.004754788751528325,0.023671873735124662,0.17672448069765317,-0.3227081084322756,0.3700518559025249,0.893443769836437,0.008162585373979677,0.893443769836437,dissociated,Italy,1900-2020
Business,Religion,Business + Religion,40783,7361,45,144.1497733260092,-1.6686256120644285,-2.106826675592676,-1.3155514839831313,0.19981368294171548,0.0004997501249375312,0.006113299823393561,-1.405777932698222,0.15108215225226235,-1.7018989511126563,-1.1096569142837878,1.3433907402387995e-20,0.0006559220389805098,2.821120554501479e-20,dissociated,Italy,1900-2020
Business,Learning & Culture,Business + Learning & Culture,40783,7361,1246,1092.7543972611581,0.1892537316258355,0.14747671881861532,0.23460303395291132,0.022585413885953413,0.0004997501249375312,0.16927047955440838,-1.8078780318145866,0.03723434764096359,-1.8808573531908752,-1.734898710438298,0.0,0.0006559220389805098,0.0,associated,Italy,1900-2020
Nobility & Kinship,Religion,Nobility & Kinship + Religion,40783,7361,26,16.151090634777344,0.6703756837694782,0.08049898645211608,1.1117077206009842,0.2661433597786677,0.013993003498250875,0.0035321287868496126,0.3706077021692034,0.20242369048528616,-0.02614273118195748,0.7673581355203642,0.06712272226605236,0.015465951234908862,0.07418827197826838,associated,Italy,1900-2020
Nobility & Kinship,Learning & Culture,Nobility & Kinship + Learning & Culture,40783,7361,215,122.43637228482535,0.8097760508242099,0.6877056109412593,0.9248481383970159,0.060910176844612654,0.0004997501249375312,0.029207988045102568,-0.8485893859115597,0.10107644577429545,-1.046699219629179,-0.6504795521939406,4.638343406326075e-17,0.0006559220389805098,8.117100961070631e-17,associated,Italy,1900-2020
Religion,Learning & Culture,Religion + Learning & Culture,40783,7361,592,312.8564622072868,0.9190104085366316,0.8509527904527384,0.9897246449999436,0.03556658583358434,0.0004997501249375312,0.08042385545442195,-1.9127490201491792,0.05080011338789854,-2.0123172423894604,-1.813180797908898,2.98253652769446e-310,0.0006559220389805098,1.25266534163167e-309,associated,Italy,1900-2020
Politics,Administration & Law,Politics + Administration & Law,1486,501,36,14.7733235133553,1.256882433651199,0.9009474313181715,1.58872089976652,0.17689534764762121,0.0004997501249375312,0.0718562874251497,1.4591742266813525,0.22452351001977808,1.0191081470425876,1.8992403063201175,8.08653918110577e-11,0.0017491254372813594,2.8302887133870195e-10,associated,Netherlands,1400-1599
Politics,Military,Politics + Military,1486,501,19,12.927344551658534,0.5383001044624108,-0.10556728539367179,0.9762101616881523,0.27713088513623557,0.050974512743628186,0.03792415169660679,0.3139889077795324,0.2616125509812749,-0.1987716921437664,0.8267495077028313,0.23005941333051694,0.07646176911544227,0.25427619368109766,not distinguishable,Netherlands,1400-1599
Politics,Business,Politics + Business,1486,501,24,20.967883004541847,0.19060181836808485,-0.35539142612320246,0.5873384930275901,0.23749586667550837,0.3968015992003998,0.04790419161676647,0.17275620742066633,0.23415697288916193,-0.28619145944209107,0.6317038742834238,0.46064847066348846,0.4272863568215892,0.4836808941966629,not distinguishable,Netherlands,1400-1599
Politics,Nobility & Kinship,Politics + Nobility & Kinship,1486,501,49,31.291707779969265,0.6387780082597266,0.3187339669183605,0.9183687456974742,0.15130216366986,0.0004997501249375312,0.09780439121756487,0.6330622008571923,0.1814797114829779,0.27736196635055566,0.988762435363829,0.00048603698322179523,0.0017491254372813594,0.0012758470809572124,associated,Netherlands,1400-1599
Politics,Religion,Politics + Religion,1486,501,6,16.659939904983712,-1.4005328771983097,-2.797250680297515,-0.5808001689525044,0.5756662156669007,0.02498750624687656,0.011976047904191617,-1.2406713751175982,0.4091631110318917,-2.0426310727401056,-0.43871167749509055,0.0024276454781676387,0.04770342101676434,0.005098055504152042,dissociated,Netherlands,1400-1599
Politics,Learning & Culture,Politics + Learning & Culture,1486,501,35,72.37980125001174,-1.0377000001646113,-1.4511650845964479,-0.7173233445408768,0.19116590999244745,0.0004997501249375312,0.06986027944111776,-2.9020666198016367,0.19698942140584122,-3.2881658857570857,-2.5159673538461877,4.010842689402393e-49,0.0017491254372813594,4.2113848238725125e-48,dissociated,Netherlands,1400-1599
Administration & Law,Military,Administration & Law + Military,1486,501,1,5.970249824343568,-2.1088589168108975,-3.9096352119378985,-0.7434042554334903,1.020156410561576,0.0014992503748125937,0.001996007984031936,-1.7049965438537515,0.8288200805976473,-3.3294839018251405,-0.08050918588236278,0.039673039101266,0.0034982508745627183,0.04900787183097565,dissociated,Netherlands,1400-1599
Administration & Law,Business,Administration & Law + Business,1486,501,5,9.683620586152152,-0.888747050732225,-2.5804265889651408,-0.03352210524774243,0.657833447432572,0.14192903548225888,0.00998003992015968,-0.7139602849936395,0.44730335101315505,-1.5906748529794235,0.16275428299214434,0.11045678416920059,0.16558387472930203,0.12886624819740067,not distinguishable,Netherlands,1400-1599
Administration & Law,Nobility & Kinship,Administration & Law + Nobility & Kinship,1486,501,17,14.451483994275026,0.2270662373045374,-0.4836946438288411,0.7101987368083063,0.2986461245157329,0.4272863568215892,0.033932135728542916,0.15863834629664625,0.27389011848832445,-0.3781862859404697,0.6954629785337623,0.5624513003280516,0.4272863568215892,0.5624513003280516,not distinguishable,Netherlands,1400-1599
Administration & Law,Religion,Administration & Law + Religion,1486,501,1,7.694078462428119,-2.44961920669481,-4.282100723104653,-1.0449742525324341,1.008363842744093,0.0004997501249375312,0.001996007984031936,-1.9385571747500545,0.8277720489958161,-3.5609903907818543,-0.31612395871825494,0.019185990521449606,0.0017491254372813594,0.02877898578217441,dissociated,Netherlands,1400-1599
Administration & Law,Learning & Culture,Administration & Law + Learning & Culture,1486,501,26,33.42724362084592,-0.3564518650659583,-0.8528878653783555,0.011714829089293975,0.22027251661883854,0.10144927536231885,0.05189620758483034,-2.026961742771508,0.23545802459996895,-2.488459470987447,-1.5654640145555687,7.396427481540105e-18,0.1331521739130435,3.883124427808555e-17,not distinguishable,Netherlands,1400-1599
Military,Business,Military + Business,1486,501,4,8.47361798525259,-0.9957647670925022,-2.6994563991162708,-0.03675956198691453,0.7355883396012856,0.12093953023488256,0.007984031936127744,-1.0735490103544623,0.4889054582654845,-2.0318037085548117,-0.11529431215411268,0.028104737734115513,0.14939589029014905,0.03934663282776172,not distinguishable,Netherlands,1400-1599
Military,Nobility & Kinship,Military + Nobility & Kinship,1486,501,25,12.645720017427657,0.9559040836657113,0.4665651357604019,1.3336782234901643,0.22156295979623294,0.0009995002498750624,0.0499001996007984,0.5080583264025259,0.23778434230673462,0.042001015481326065,0.9741156373237257,0.032627698034718745,0.002623688155922039,0.04282385367056835,associated,Netherlands,1400-1599
Military,Religion,Military + Religion,1486,501,1,6.73267617820638,-2.26956705996106,-4.0854709005183905,-0.9208126167059837,1.0103301282942014,0.0009995002498750624,0.001996007984031936,-2.0753554765199254,0.8270336376496403,-3.6963414063132203,-0.45436954672663044,0.01209375840387411,0.002623688155922039,0.01953607126779664,dissociated,Netherlands,1400-1599
Military,Learning & Culture,Military + Learning & Culture,1486,501,26,29.250391444298725,-0.16691629130048408,-0.6312740554831188,0.18209037259082841,0.21181233250349846,0.4207896051974013,0.05189620758483034,-2.2303326676326676,0.23106330924129512,-2.683216753745606,-1.7774485815197292,4.798371334053153e-22,0.4272863568215892,3.3588599338372068e-21,not distinguishable,Netherlands,1400-1599
Business,Nobility & Kinship,Business + Nobility & Kinship,1486,501,10,20.511093888930006,-1.0007619463067463,-2.075030168451255,-0.35468981393447657,0.42601277254885983,0.02798600699650175,0.01996007984031936,-1.032816034711088,0.32782346620311986,-1.675350028469203,-0.39028204095297303,0.001629772928501669,0.04897551224387806,0.0038028034998372276,dissociated,Netherlands,1400-1599
Business,Religion,Business + Religion,1486,501,3,10.92026021647158,-1.7061686964496108,-4.4151501857534505,-0.7107822848616193,0.8429431291717606,0.044977511244377814,0.005988023952095809,-1.5796770515179634,0.5482669749048349,-2.6542803223314397,-0.5050737807044872,0.003961406854143533,0.07265597970245646,0.007085336115657644,not distinguishable,Netherlands,1400-1599
Business,Learning & Culture,Business + Learning & Culture,1486,501,72,47.443524320887754,0.5966450299581827,0.3985282306683191,0.7985810387643152,0.10131109765680521,0.0004997501249375312,0.1437125748502994,-1.163251685128453,0.1721248379244638,-1.500616367460402,-0.8258870027965038,1.3972999565516888e-11,0.0017491254372813594,5.868659817517092e-11,associated,Netherlands,1400-1599
Nobility & Kinship,Religion,Nobility & Kinship + Religion,1486,501,9,16.297000107308595,-0.8222041765452158,-1.9281733785468005,-0.14494148429276574,0.45470873462458894,0.07096451774112944,0.017964071856287425,-0.9891620645879318,0.3441356984573785,-1.6636680335643936,-0.3146560956114699,0.004048763494661511,0.09935032483758123,0.007085336115657644,not distinguishable,Netherlands,1400-1599
Nobility & Kinship,Learning & Culture,Nobility & Kinship + Learning & Culture,1486,501,56,70.80299421641699,-0.335711793299483,-0.6199658782988589,-0.10514302538410043,0.1316243740696589,0.01199400299850075,0.11177644710578842,-2.5025733664677587,0.1678969071417765,-2.8316513044656406,-2.173495428469877,3.0391059783959244e-50,0.025187406296851574,6.382122554631442e-49,dissociated,Netherlands,1400-1599
Religion,Learning & Culture,Religion + Learning & Culture,1486,501,76,37.696045132234545,1.002036480316216,0.8301446874141147,1.191254969711629,0.09369800032455575,0.0004997501249375312,0.15169660678642716,-0.7200443130632821,0.18245287669884713,-1.0776519513930225,-0.36243667473354174,7.931274552951475e-05,0.0017491254372813594,0.00023793823658854423,associated,Netherlands,1400-1599
Politics,Administration & Law,Politics + Administration & Law,3087,954,135,53.93869648379357,1.3155884240566633,1.1509794039547896,1.4765148626525741,0.08430293449249912,0.0004997501249375312,0.14150943396226415,1.864691228701758,0.136104376919431,1.5979266499396734,2.1314558074638428,1.008968512466746e-42,0.0020989505247376314,4.2376677523603334e-42,associated,Netherlands,1600-1799
Politics,Military,Politics + Military,3087,954,47,35.617485383184146,0.39523006224988455,0.01010337326870501,0.7005234355577228,0.17089159948782234,0.026486756621689155,0.049266247379454925,0.09233947402923666,0.16881848677134498,-0.2385447600425995,0.4232237081010728,0.5843959799991072,0.04897551224387806,0.6136157789990626,associated,Netherlands,1600-1799
Politics,Business,Politics + Business,3087,954,45,52.628244245600406,-0.22361249085707874,-0.5948580740548035,0.08961949576047755,0.17600965849460568,0.19990004997501248,0.04716981132075472,-0.12810556169171428,0.16935218458060836,-0.46003584346970666,0.2038247200862781,0.4493826189460748,0.22646571451116546,0.49668605251934583,not distinguishable,Netherlands,1600-1799
Politics,Nobility & Kinship,Politics + Nobility & Kinship,3087,954,57,57.92502470693509,-0.023024483042062414,-0.3232852869264554,0.26422247362421325,0.1520699958957171,0.8875562218890555,0.059748427672955975,0.011797446349157505,0.15397682112584057,-0.28999712305749,0.31359201575580503,0.9389271793972278,0.8875562218890555,0.9389271793972278,not distinguishable,Netherlands,1600-1799
Politics,Religion,Politics + Religion,3087,954,13,23.48761543765656,-0.8293303419661824,-1.6402206178977772,-0.2262671381853676,0.3694238714731295,0.02448775612193903,0.013626834381551363,-0.8348257256211925,0.28922493006626365,-1.401706588551069,-0.2679448626913158,0.0038964707077553586,0.04897551224387806,0.007438716805714776,dissociated,Netherlands,1600-1799
Politics,Learning & Culture,Politics + Learning & Culture,3087,954,93,166.40293375572324,-0.8359710439502968,-1.0773778785834365,-0.6322201463771586,0.10979307936381381,0.0004997501249375312,0.09748427672955975,-3.3490823176766975,0.12634800243066563,-3.596724402440802,-3.101440232912593,8.089986539666713e-155,0.0020989505247376314,1.6988971733300097e-153,dissociated,Netherlands,1600-1799
Administration & Law,Military,Administration & Law + Military,3087,954,10,19.083812324845415,-0.8992723097150307,-1.905463276278805,-0.22834770594799314,0.4383169532240502,0.04147926036981509,0.010482180293501049,-0.7422212418140126,0.32245489060584953,-1.3742328274014777,-0.11020965622654755,0.021347402861833037,0.062218890554722635,0.02988636400656625,not distinguishable,Netherlands,1600-1799
Administration & Law,Business,Administration & Law + Business,3087,954,14,28.198159565844588,-0.9849053185295068,-1.8675020562504159,-0.4050589569744547,0.37692135337916094,0.01699150424787606,0.014675052410901468,-0.5265778569359947,0.27806819900094126,-1.0715915269778395,0.018435813105850185,0.05826478952108645,0.04460269865067466,0.07197415176134209,dissociated,Netherlands,1600-1799
Administration & Law,Nobility & Kinship,Administration & Law + Nobility & Kinship,3087,954,10,31.036169132284748,-1.5866180909711742,-2.656073407672355,-0.9105844748980384,0.448963508987595,0.004997501249375313,0.010482180293501049,-1.03073420516941,0.3209477871620847,-1.659791868007096,-0.4016765423317239,0.0013202909881701182,0.014992503748125939,0.0030806789723969424,dissociated,Netherlands,1600-1799
Administration & Law,Religion,Administration & Law + Religion,3087,954,2,12.584640385140753,-2.3878742742748678,-4.808552986733343,-1.206175647928661,0.9824321753693834,0.03498250874562719,0.0020964360587002098,-1.7129541824522578,0.6411803869306699,-2.9696677408363708,-0.4562406240681449,0.0075498763922314666,0.05651020643524392,0.012195954172066216,not distinguishable,Netherlands,1600-1799
Administration & Law,Learning & Culture,Administration & Law + Learning & Culture,3087,954,63,89.15852211164751,-0.4976841270022404,-0.7882881884477732,-0.2421874372350851,0.13762500999880872,0.0009995002498750624,0.0660377358490566,-2.3147909776951106,0.15154280891528218,-2.6118148831690635,-2.0177670722211576,1.1251727563103524e-52,0.0034982508745627187,7.876209294172466e-52,dissociated,Netherlands,1600-1799
Military,Business,Military + Business,3087,954,8,18.620166997749568,-1.1695603776760295,-2.368180471248637,-0.4550927384431944,0.4981961135283516,0.02798600699650175,0.008385744234800839,-1.0649339893789964,0.35494796455344224,-1.7606319999037432,-0.36923597885424964,0.002697547065574906,0.04897551224387806,0.005664848837707302,dissociated,Netherlands,1600-1799
Military,Nobility & Kinship,Military + Nobility & Kinship,3087,954,40,20.49419753314433,0.9479312632908099,0.5625464642736288,1.261501412642673,0.18070806262754938,0.0004997501249375312,0.041928721174004195,0.6172493441123359,0.18333985272937245,0.2579032327627659,0.9765954554619058,0.0007607480814308937,0.0020989505247376314,0.001996963713756096,associated,Netherlands,1600-1799
Military,Religion,Military + Religion,3087,954,3,8.310049633940558,-1.3317952249471308,-4.101077330639235,-0.22489081874389938,0.8704860171423601,0.0814592703648176,0.0031446540880503146,-1.3210512359220916,0.5450245174797613,-2.3892992901824237,-0.2528031816617595,0.01535744683802906,0.10691529235382309,0.023036170257043593,not distinguishable,Netherlands,1600-1799
Military,Learning & Culture,Military + Learning & Culture,3087,954,53,58.87428812915506,-0.1502994196602045,-0.4797858827798327,0.11173870263800957,0.15205685840347002,0.31384307846076964,0.05555555555555555,-2.4907185773724487,0.16095556009489717,-2.8061914751584474,-2.17524567958645,5.1513876976747304e-54,0.3295352323838081,5.408957082558467e-53,not distinguishable,Netherlands,1600-1799
Business,Nobility & Kinship,Business + Nobility & Kinship,3087,954,24,30.282138724513135,-0.3293117235057287,-0.9455642594717945,0.10579401601532575,0.2678640347791912,0.2048975512243878,0.025157232704402517,-0.1717324659399192,0.2204895750227243,-0.6038920329844588,0.2604271011046204,0.43605696386876847,0.22646571451116546,0.49668605251934583,not distinguishable,Netherlands,1600-1799
Business,Religion,Business + Religion,3087,954,3,12.278893838883025,-1.8683361325711862,-4.630870186520367,-0.8288063359424728,0.8737587515727482,0.05347326336831584,0.0031446540880503146,-1.4574171455609741,0.5445839655599,-2.524801718058378,-0.3900325730635703,0.0074461568490895675,0.07486256871564217,0.012195954172066216,not distinguishable,Netherlands,1600-1799
Business,Learning & Culture,Business + Learning & Culture,3087,954,135,86.99239663083787,0.6310632988884677,0.48224231369182896,0.7744553186161754,0.07579356876314808,0.0004997501249375312,0.14150943396226415,-1.1466875853604732,0.12786070673844868,-1.3972945705678326,-0.8960806001531139,3.012454759842919e-19,0.0020989505247376314,1.0543591659450217e-18,associated,Netherlands,1600-1799
Nobility & Kinship,Religion,Nobility & Kinship + Religion,3087,954,7,13.514705633574152,-0.9019789414414187,-2.264199455004455,-0.14058841626982402,0.5620704014210418,0.09095452273863068,0.007337526205450734,-0.7976047616191795,0.3794508151442683,-1.5413283593019453,-0.05388116393641362,0.03555347245061014,0.11235558691242613,0.04666393259142581,not distinguishable,Netherlands,1600-1799
Nobility & Kinship,Learning & Culture,Nobility & Kinship + Learning & Culture,3087,954,111,95.74776427351614,0.21221877611957649,0.025139936241119487,0.379406734362941,0.08953755668973955,0.020989505247376312,0.11635220125786164,-1.8089758287914035,0.12616283090073319,-2.0562549773568404,-1.5616966802259664,1.258864897019511e-46,0.04897551224387806,6.6090407093524324e-46,associated,Netherlands,1600-1799
Religion,Learning & Culture,Religion + Learning & Culture,3087,954,81,38.824095072030076,1.0513864926885377,0.8724025714374686,1.2126740439086936,0.08687509325152301,0.0004997501249375312,0.08490566037735849,-0.8557116156629231,0.16918360066705104,-1.1873114729703431,-0.524111758355503,4.2392643271017586e-07,0.0020989505247376314,1.2717792981305277e-06,associated,Netherlands,1600-1799
Politics,Administration & Law,Politics + Administration & Law,2496,717,104,38.88464276408136,1.4077978472870554,1.2226551824319984,1.6058142036153633,0.09819928966159772,0.0004997501249375312,0.14504881450488144,1.9208692773308318,0.15563608117095143,1.615822558235767,2.2259159964258965,5.376496018089516e-35,0.0014992503748125937,3.7635472126626615e-34,associated,Netherlands,1800-1899
Politics,Military,Politics + Military,2496,717,31,23.55412569304596,0.3890674665746737,-0.04778550473723279,0.7474679640647407,0.20338205353699482,0.05297351324337831,0.043235704323570434,0.17731470709527794,0.2067308083629802,-0.22787767729616323,0.5825070914867191,0.39105361747779077,0.08557259831622649,0.4106062983516803,not distinguishable,Netherlands,1800-1899
Politics,Business,Politics + Business,2496,717,24,37.08309543792,-0.6173021464025386,-1.1911952166790465,-0.17459336997134542,0.25879714964458655,0.0239880059970015,0.03347280334728033,-0.5098643933170991,0.22181216949713664,-0.9446162455314869,-0.07511254110271126,0.021525885198776015,0.06296851574212893,0.037670299097858025,not distinguishable,Netherlands,1800-1899
Politics,Nobility & Kinship,Politics + Nobility & Kinship,2496,717,19,24.26575528904581,-0.3448724959938043,-1.0233217249938549,0.12725377497864024,0.2926371379476308,0.22138930534732634,0.026499302649930265,-0.2422490526247009,0.25080461616925415,-0.733826100316439,0.2493279950670372,0.33410046005637495,0.25828752290521406,0.3692689295359934,not distinguishable,Netherlands,1800-1899
Politics,Religion,Politics + Religion,2496,717,12,19.573521406903424,-0.6833656294684758,-1.6208270996095655,-0.1127260352911735,0.39349812698620723,0.07246376811594203,0.016736401673640166,-0.8905458605686339,0.3003005616844897,-1.4791349614702338,-0.30195675966703417,0.0030217647698128143,0.10869565217391305,0.007932132520758637,not distinguishable,Netherlands,1800-1899
Politics,Learning & Culture,Politics + Learning & Culture,2496,717,132,178.6388594233072,-0.4350859660134381,-0.5754209314608766,-0.3194140279177772,0.06484841775373085,0.0004997501249375312,0.18410041841004185,-2.816289049096884,0.12376860358816362,-3.058875512129685,-2.5737025860640834,1.2959704342988583e-114,0.0014992503748125937,2.721537912027602e-113,dissociated,Netherlands,1800-1899
Administration & Law,Military,Administration & Law + Military,2496,717,3,10.741908820733654,-1.6834601916980632,-4.361803150305684,-0.6590195414217808,0.8422110619005755,0.046476761619190406,0.0041841004184100415,-1.3501332698401995,0.545880754928276,-2.4200595494996207,-0.28020699018077844,0.013386732059345506,0.08133433283358321,0.028112137324625565,not distinguishable,Netherlands,1800-1899
Administration & Law,Business,Administration & Law + Business,2496,717,5,16.91182407599643,-1.6625638249912902,-3.4574630523004815,-0.7632822193571901,0.6800676463623677,0.038980509745127435,0.00697350069735007,-1.1946831467510626,0.4387907745085754,-2.05471306478787,-0.33465322871425485,0.006475640808449467,0.08133433283358321,0.015109828553048757,not distinguishable,Netherlands,1800-1899
Administration & Law,Nobility & Kinship,Administration & Law + Nobility & Kinship,2496,717,3,11.066449002525363,-1.7245191856961193,-4.445642938402898,-0.6424642033139081,0.8573259478798622,0.04597701149425287,0.0041841004184100415,-1.184168402405289,0.5468880618663732,-2.2560690036633804,-0.11226780114719759,0.0303658824088292,0.08133433283358321,0.04882945644745927,not distinguishable,Netherlands,1800-1899
Administration & Law,Religion,Administration & Law + Religion,2496,717,4,8.926545820196182,-1.0668042179219972,-2.7925161096124826,-0.1304066111157779,0.7332315810627394,0.10294852573713144,0.005578800557880056,-1.035959142897938,0.484647039047125,-1.9858673394303028,-0.08605094636557309,0.032552970964972845,0.135119940029985,0.04882945644745927,not distinguishable,Netherlands,1800-1899
Administration & Law,Learning & Culture,Administration & Law + Learning & Culture,2496,717,49,81.46862952045632,-0.7276433516776453,-1.0418086086723177,-0.4668612359288336,0.14987525608275484,0.0004997501249375312,0.06834030683403068,-2.585362365834851,0.1733744360609637,-2.9251762605143394,-2.245548471155362,2.7531279111950275e-50,0.0014992503748125937,2.890784306754779e-49,dissociated,Netherlands,1800-1899
Military,Business,Military + Business,2496,717,4,10.244230155372794,-1.255565208056711,-2.942152391952575,-0.28033387309282365,0.7441743970461272,0.08995502248875563,0.005578800557880056,-1.164314305388836,0.4839467994430047,-2.1128500322971253,-0.21577857848054682,0.016133893603321355,0.1259370314842579,0.03080106960634077,not distinguishable,Netherlands,1800-1899
Military,Nobility & Kinship,Military + Nobility & Kinship,2496,717,12,6.703431284238095,0.7951719057816994,-0.1423448182991545,1.3586187746578489,0.38230583550860203,0.04297851074462768,0.016736401673640166,0.4649670210601335,0.30927244107804136,-0.14120696345282752,1.0711410055730946,0.13273023265212705,0.08133433283358321,0.15485193809414824,not distinguishable,Netherlands,1800-1899
Military,Religion,Military + Religion,2496,717,3,5.407198505828993,-0.7551191711224534,-3.445873657097665,0.28262490579473837,0.8348625164664699,0.2798600699650175,0.0041841004184100415,-1.0599572507478112,0.5473570907044762,-2.132777148528585,0.012862647032962249,0.05280643787079483,0.30931902469817724,0.06523148207568774,not distinguishable,Netherlands,1800-1899
Military,Learning & Culture,Military + Learning & Culture,2496,717,53,49.34910554296195,0.10197127335591577,-0.17620666142703315,0.3248840118727386,0.12722059024714702,0.4192903548225887,0.07391910739191074,-2.0658220726681162,0.17653363257209695,-2.4118279925094264,-1.719816152826806,1.242726895768309e-31,0.4402548725637181,6.524316202783623e-31,not distinguishable,Netherlands,1800-1899
Business,Nobility & Kinship,Business + Nobility & Kinship,2496,717,9,10.553734208369747,-0.2185344093240646,-1.3107846617959584,0.4455435919299393,0.4618628267008228,0.5972013993003499,0.012552301255230125,-0.18339645677083094,0.3446662978886207,-0.8589424006325275,0.4921494870908656,0.5946577025686212,0.5972013993003499,0.5946577025686212,not distinguishable,Netherlands,1800-1899
Business,Religion,Business + Religion,2496,717,5,8.512973941657895,-0.7125716009368929,-2.4870769770317427,0.13778994803820918,0.6715859485130485,0.2193903048475762,0.00697350069735007,-0.900732941843229,0.44067104422438946,-1.7644481885230325,-0.03701769516342568,0.040953249561285175,0.25828752290521406,0.055289801405881446,not distinguishable,Netherlands,1800-1899
Business,Learning & Culture,Business + Learning & Culture,2496,717,114,77.69414218443833,0.5502151593087048,0.4030797040827939,0.6927073348980807,0.07395722095322484,0.0004997501249375312,0.1589958158995816,-1.1606416032616833,0.14873073079963925,-1.4521538356289763,-0.8691293708943904,6.0144934672416995e-15,0.0014992503748125937,2.105072713534595e-14,associated,Netherlands,1800-1899
Nobility & Kinship,Religion,Nobility & Kinship + Religion,2496,717,0,5.570563622341473,-3.601830469925436,-3.924021470678586,-3.2506582238279456,0.17296099252560557,0.0004997501249375312,0.0,-2.8846002260034598,1.4193928310437538,-5.666610174849217,-0.1025902771577023,0.04212556297590967,0.0014992503748125937,0.055289801405881446,dissociated,Netherlands,1800-1899
Nobility & Kinship,Learning & Culture,Nobility & Kinship + Learning & Culture,2496,717,66,50.84006659573667,0.37326917330827286,0.16068879706730826,0.5737367020314372,0.10555692695422292,0.0004997501249375312,0.09205020920502092,-1.349926716949016,0.18004776145041015,-1.7028203293918198,-0.997033104506212,6.499517694614005e-14,0.0014992503748125937,1.9498553083842015e-13,associated,Netherlands,1800-1899
Religion,Learning & Culture,Religion + Learning & Culture,2496,717,65,41.00919670484232,0.6580638937920177,0.4735605682527579,0.8406400499309021,0.09496273516370912,0.0004997501249375312,0.09065550906555091,-1.6113584815127213,0.17284647742214143,-1.9501375772601186,-1.272579385765324,1.1364811875259059e-20,0.0014992503748125937,4.773220987608805e-20,associated,Netherlands,1800-1899
Politics,Administration & Law,Politics + Administration & Law,7699,1529,205,83.80616807566017,1.2854283021508819,1.1616062365217183,1.4133440194721225,0.0659699657512906,0.0004997501249375312,0.1340745585349902,1.8428973650403477,0.10954922664088551,1.6281808808242122,2.0576138492564833,1.6682057471618307e-63,0.0011660836248542396,8.758080172599611e-63,associated,Netherlands,1900-2020
Politics,Military,Politics + Military,7699,1529,51,31.490746305613357,0.6869177831105305,0.3838212054274002,0.950444758093388,0.14450788678105028,0.0004997501249375312,0.033355134074558535,0.6379306621708575,0.16892740933183745,0.30683293988045607,0.9690283844612588,0.00015913712587063185,0.0011660836248542396,0.0003341879643283269,associated,Netherlands,1900-2020
Politics,Business,Politics + Business,7699,1529,107,132.4879194077556,-0.3069585377756127,-0.522284434697639,-0.12102238954589782,0.10200479786916213,0.0024987506246876563,0.06998037933289732,-0.02869361941295778,0.11088647843551709,-0.24603111714657128,0.1886438783206557,0.7958160087995925,0.004770342101676435,0.8584959233185605,dissociated,Netherlands,1900-2020
Politics,Nobility & Kinship,Politics + Nobility & Kinship,7699,1529,15,29.87176005568155,-0.9704623001849025,-1.7443035827128883,-0.4385452498375457,0.346864748957838,0.011494252873563218,0.009810333551340745,-0.6693295537758245,0.27016848206301747,-1.1988597786193387,-0.13979932893231029,0.013232405856752892,0.01856763925729443,0.02315671024931756,dissociated,Netherlands,1900-2020
Politics,Religion,Politics + Religion,7699,1529,12,35.832500526882235,-1.539332565487274,-2.476548448599927,-0.9203639968116173,0.3932866207267731,0.001999000499750125,0.007848266841072597,-1.2988585369229653,0.293188709602554,-1.8735084077439712,-0.7242086661019594,9.418458293049334e-06,0.004197901049475263,2.47234530192545e-05,dissociated,Netherlands,1900-2020
Politics,Learning & Culture,Politics + Learning & Culture,7699,1529,444,520.5109056840546,-0.22913015193556371,-0.28007590866415144,-0.18406823258248192,0.024827233897470595,0.0004997501249375312,0.29038587311968606,-3.4830057944519592,0.07706410939309609,-3.6340514488624276,-3.331960140041491,0.0,0.0011660836248542396,0.0,dissociated,Netherlands,1900-2020
Administration & Law,Military,Administration & Law + Military,7699,1529,4,9.243035338128356,-1.1144462970530506,-2.8381376938823504,-0.10654924947658548,0.7717068644791752,0.10294852573713144,0.002616088947024199,-0.6417440958330589,0.48067405696731696,-1.5838652474890003,0.3003770558228823,0.18184623218620233,0.144127936031984,0.23867317974439056,not distinguishable,Netherlands,1900-2020
Administration & Law,Business,Administration & Law + Business,7699,1529,7,38.88731340554792,-2.3927685138779693,-3.9017692325945394,-1.6348914287852918,0.5720994711355725,0.0034982508745627187,0.004578155657292348,-1.4262701801455253,0.3714381556880567,-2.1542889652941164,-0.6982513949969341,0.00012310494525985625,0.006121939030484758,0.0002872448722729979,dissociated,Netherlands,1900-2020
Administration & Law,Nobility & Kinship,Administration & Law + Nobility & Kinship,7699,1529,2,8.767837101324545,-1.8903045916139676,-4.277212546931837,-0.6727982728747739,0.9647310434057397,0.127936031984008,0.0013080444735120995,-1.0780172490055178,0.6401527196046941,-2.332716579430718,0.17668208141968256,0.0921816478488645,0.1679160419790105,0.13827247177329674,not distinguishable,Netherlands,1900-2020
Administration & Law,Religion,Administration & Law + Religion,7699,1529,1,10.51740931793787,-2.8767506163000727,-4.645694095900986,-1.506298711299285,1.0113685341404384,0.0004997501249375312,0.0006540222367560497,-1.9622295747760279,0.8211910848056234,-3.5717641009950496,-0.35269504855700595,0.016871688664049936,0.0011660836248542396,0.02725426630346528,dissociated,Netherlands,1900-2020
Administration & Law,Learning & Culture,Administration & Law + Learning & Culture,7699,1529,85,152.7782367692351,-0.8421565451797349,-1.0899248820989962,-0.6337623527616199,0.11773321789188004,0.0004997501249375312,0.05559189012426422,-2.928106361667815,0.1276873422679069,-3.1783735525129124,-2.6778391708227174,2.2364706375069278e-116,0.0011660836248542396,2.348294169382274e-115,dissociated,Netherlands,1900-2020
Military,Business,Military + Business,7699,1529,12,14.612176514924622,-0.2737833631770179,-1.2217968936424208,0.34857466415328214,0.39590331074178103,0.46976511744127936,0.007848266841072597,-0.06844987311498486,0.2968165613427879,-0.6502103333468491,0.5133105871168794,0.8176151650652957,0.5192140771719403,0.8584959233185605,not distinguishable,Netherlands,1900-2020
Military,Nobility & Kinship,Military + Nobility & Kinship,7699,1529,4,3.29457532955674,0.2459865661901732,-1.464630778829944,1.2138860892834802,0.7508813076017007,0.7051474262868566,0.002616088947024199,0.32507354475580685,0.485087502033997,-0.6256979592308272,1.2758450487424409,0.5027724819728701,0.7256371814092953,0.6210718894958983,not distinguishable,Netherlands,1900-2020
Military,Religion,Military + Religion,7699,1529,1,3.951989170110574,-1.5694875824693244,-3.340089593667052,-0.22512874557567603,1.0185088138406373,0.17991004497751126,0.0006540222367560497,-1.1758155875350464,0.8230756042164419,-2.7890437717992724,0.43741259672917954,0.1531297935885117,0.22224182026633743,0.2143817110239164,not distinguishable,Netherlands,1900-2020
Military,Learning & Culture,Military + Learning & Culture,7699,1529,48,57.407477344334055,-0.25576490196977564,-0.6083620674959679,0.006221900268219982,0.15742897301400907,0.09895052473763119,0.031393067364290386,-2.5475641927247397,0.1720586495131063,-2.884799145770428,-2.2103292396790515,1.3324235179589467e-49,0.144127936031984,5.596178775427576e-49,not distinguishable,Netherlands,1900-2020
Business,Nobility & Kinship,Business + Nobility & Kinship,7699,1529,11,13.860942719775649,-0.3205165963829592,-1.3291876100652056,0.3058902686010651,0.4241567817797087,0.424287856071964,0.007194244604316547,0.01935812371025176,0.3101655178121063,-0.5885662912014765,0.6272825386219801,0.9502345504903819,0.4950024987506247,0.9502345504903819,not distinguishable,Netherlands,1900-2020
Business,Religion,Business + Religion,7699,1529,2,16.62681530594912,-2.7762569103559427,-5.190944673448083,-1.586052444332496,1.005276985839918,0.0004997501249375312,0.0013080444735120995,-1.9536454567000485,0.6377176827552855,-3.203572114900408,-0.7037187984996889,0.0021876725980583007,0.0011660836248542396,0.004176465869020392,dissociated,Netherlands,1900-2020
Business,Learning & Culture,Business + Learning & Culture,7699,1529,319,241.52483265990182,0.400660850129877,0.32091518738319647,0.48253192389946065,0.04181266940081624,0.0004997501249375312,0.20863309352517986,-1.5265136015953076,0.08869067862377704,-1.7003473316979105,-1.3526798714927046,2.1712648403511071e-66,0.0011660836248542396,1.519885388245775e-65,associated,Netherlands,1900-2020
Nobility & Kinship,Religion,Nobility & Kinship + Religion,7699,1529,3,3.7488115107374167,-0.279704420992007,-3.01622129947315,0.7789381207793316,0.8489101440912612,0.7256371814092953,0.001962066710268149,-0.1367666108938579,0.5456053418649556,-1.2061530809491707,0.932619859161455,0.8020696538054184,0.7256371814092953,0.8584959233185605,not distinguishable,Netherlands,1900-2020
Nobility & Kinship,Learning & Culture,Nobility & Kinship + Learning & Culture,7699,1529,79,54.45607328544767,0.5326759358260617,0.3532344182499929,0.7019875524840469,0.0888367298296334,0.0004997501249375312,0.051667756703727925,-1.3919733373416079,0.16826568761870328,-1.7217740850742662,-1.0621725896089496,1.3120871582730801e-16,0.0011660836248542396,3.9362614748192404e-16,associated,Netherlands,1900-2020
Religion,Learning & Culture,Religion + Learning & Culture,7699,1529,117,65.32247417144102,0.8360085953797368,0.7136843917099275,0.9491137612388144,0.059860704999306194,0.0004997501249375312,0.07652060170045781,-1.3177909549345745,0.14273961527248022,-1.5975606008686358,-1.0380213090005133,2.6529810289589448e-20,0.0011660836248542396,9.285433601356307e-20,associated,Netherlands,1900-2020
Politics,Administration & Law,Politics + Administration & Law,471,206,5,4.3930873818811556,0.16868657165605405,-1.549047290515737,0.9443232185370796,0.6373829980223593,0.7446276861569215,0.024271844660194174,0.1265939289379274,0.48058020278517954,-0.8153432685210245,1.0685311263968793,0.7922276918067326,0.8230095478576501,0.9053765127857991,not distinguishable,Poland,1400-1599
Politics,Military,Politics + Military,471,206,4,4.3930873818811556,-0.12082004553893087,-1.7601436468409384,0.8043454274682342,0.6902268301037411,0.8290854572713643,0.019417475728155338,-0.12268655318881834,0.5199141842412739,-1.141718354301715,0.8963452479240783,0.8134523627064721,0.8535732133933033,0.9053765127857991,not distinguishable,Poland,1400-1599
Politics,Business,Politics + Business,471,206,3,3.326883441952172,-0.12881503845275036,-2.6849012638716396,0.8557339836231954,0.8189335372794689,0.8535732133933034,0.014563106796116505,-0.0762039313663707,0.5839655956286173,-1.2207764987984606,1.0683686360657192,0.8961757025601079,0.8535732133933033,0.9192715849241457,not distinguishable,Poland,1400-1599
Politics,Nobility & Kinship,Politics + Nobility & Kinship,471,206,17,10.533583663029269,0.6654534735425809,0.07909059319066901,1.0944562725488653,0.25423467080067147,0.017991004497751123,0.0825242718446602,-0.0719264175374608,0.31458626081986263,-0.6885154887443915,0.54466265366947,0.8191501782347707,0.06296851574212893,0.9053765127857991,not distinguishable,Poland,1400-1599
Politics,Religion,Politics + Religion,471,206,6,10.361507606404441,-0.7407127437308344,-2.1169690784071933,0.02056035507027443,0.5606393905089974,0.14942528735632185,0.02912621359223301,-1.0561037770767308,0.4341579886071514,-1.9070534347467474,-0.20515411940671402,0.014993611559502391,0.26149425287356326,0.03148658427495502,not distinguishable,Poland,1400-1599
Politics,Learning & Culture,Politics + Learning & Culture,471,206,10,11.991850525041574,-0.2505978836857582,-1.1015510016288075,0.3173339453527224,0.3692412857281256,0.4682658670664668,0.04854368932038835,-0.999896819380552,0.36174447279510097,-1.7089159860589498,-0.29087765270215404,0.005708056445940515,0.578446071082106,0.01781641890763011,not distinguishable,Poland,1400-1599
Administration & Law,Military,Administration & Law + Military,471,206,5,3.852158867663681,0.33770039812274033,-1.2311998642667934,1.1734960644439156,0.6237055935231941,0.5227386306846576,0.024271844660194174,0.15246859364427354,0.4811355156632702,-0.790557017055736,1.095494204344283,0.7513246096855142,0.6098617357987672,0.9053765127857991,not distinguishable,Poland,1400-1599
Administration & Law,Business,Administration & Law + Business,471,206,1,2.917238479128942,-1.1878684320478345,-3.086035119818094,0.1617097283577671,1.0039028924747364,0.367816091954023,0.0048543689320388345,-1.0075185592427196,0.8483621689581387,-2.670308410400671,0.6552712919152321,0.23498934321030773,0.5142428785607197,0.3289850804944308,not distinguishable,Poland,1400-1599
Administration & Law,Nobility & Kinship,Administration & Law + Nobility & Kinship,471,206,12,9.236565128017112,0.36044328263862035,-0.37754077465934166,0.9121044527536363,0.3216224850471209,0.25037481259370314,0.05825242718446602,-0.5741827590054452,0.3436703563209665,-1.2477766573945397,0.0994111393836491,0.09477364930708762,0.4044516203436743,0.15309589503452614,not distinguishable,Poland,1400-1599
Administration & Law,Religion,Administration & Law + Religion,471,206,13,9.085677096476049,0.49400716007420664,-0.15366183372156775,0.9728512941234897,0.29612422150945183,0.0814592703648176,0.06310679611650485,-0.03429939110681581,0.33842079095490024,-0.6976041413784203,0.6290053591647887,0.9192715849241458,0.17106446776611695,0.9192715849241457,not distinguishable,Poland,1400-1599
Administration & Law,Learning & Culture,Administration & Law + Learning & Culture,471,206,4,10.515273046983054,-1.29150835050346,-2.987229195506928,-0.3700269501662343,0.7347305835004619,0.07446276861569215,0.019417475728155338,-2.0227454700738385,0.5047430340100348,-3.0120418167335066,-1.0334491234141703,6.137116000490432e-05,0.17106446776611695,0.0003221985900257477,not distinguishable,Poland,1400-1599
Military,Business,Military + Business,471,206,1,2.917238479128942,-1.1878684320478345,-3.073609626045736,0.178420248681308,1.0005157160776992,0.35782108945527236,0.0048543689320388345,-1.0075185592427196,0.8483621689581387,-2.670308410400671,0.6552712919152321,0.23498934321030773,0.5142428785607197,0.3289850804944308,not distinguishable,Poland,1400-1599
Military,Nobility & Kinship,Military + Nobility & Kinship,471,206,26,9.236565128017112,1.4445075474270948,1.082003253724496,1.7912643810527422,0.18213182196461236,0.0004997501249375312,0.1262135922330097,0.8203830336207875,0.30751618532951824,0.21765131037493168,1.4231147568666431,0.007635608103270047,0.002623688155922039,0.01781641890763011,associated,Poland,1400-1599
Military,Religion,Military + Religion,471,206,1,9.085677096476049,-2.675917841368106,-4.507097092211544,-1.328800446429508,1.0076187222593749,0.0004997501249375312,0.0048543689320388345,-2.663947827235074,0.8360916983443917,-4.302687555990081,-1.0252080984800664,0.0014415940084151048,0.002623688155922039,0.0060546948353434405,dissociated,Poland,1400-1599
Military,Learning & Culture,Military + Learning & Culture,471,206,3,10.515273046983054,-1.6540784298881681,-4.263087157389311,-0.6674155538132294,0.83578594710624,0.05297351324337831,0.014563106796116505,-2.306337442612596,0.563675487737198,-3.411141398577504,-1.2015334866476879,4.2839790231748155e-05,0.13905547226386805,0.0002998785316222371,not distinguishable,Poland,1400-1599
Business,Nobility & Kinship,Business + Nobility & Kinship,471,206,5,6.994847339402244,-0.4464674739547384,-1.8697462563962681,0.3898498205925019,0.5899486776749626,0.3918040979510245,0.024271844660194174,-1.266339644492613,0.4735213985863147,-2.1944415857217896,-0.33823770326343616,0.007488478313295406,0.5142428785607197,0.01781641890763011,not distinguishable,Poland,1400-1599
Business,Religion,Business + Religion,471,206,2,6.880579889181901,-1.5618060778184097,-3.9533372537853957,-0.4264889985008729,0.937229273732781,0.1329335332333833,0.009708737864077669,-1.773974574297617,0.6638043958040326,-3.0750311900735205,-0.47291795852171314,0.0075302801430399855,0.2537821998091863,0.01781641890763011,not distinguishable,Poland,1400-1599
Business,Learning & Culture,Business + Learning & Culture,471,206,19,7.963212371303628,1.2041968495492414,0.7538870686137018,1.5674173462201673,0.2079331924306688,0.0004997501249375312,0.09223300970873786,0.6040856587391651,0.3485476926059745,-0.07906781876854496,1.2872391362468751,0.08306889646162827,0.002623688155922039,0.14537056880784946,associated,Poland,1400-1599
Nobility & Kinship,Religion,Nobility & Kinship + Religion,471,206,14,21.78530302532197,-0.6200396779487247,-1.3368254189475886,-0.13030182580614452,0.3122632957688761,0.05147426286856572,0.06796116504854369,-2.042631713110865,0.29847265549573954,-2.6276381178825146,-1.4576253083392157,7.721969420004466e-12,0.13905547226386805,8.108067891004689e-11,not distinguishable,Poland,1400-1599
Nobility & Kinship,Learning & Culture,Nobility & Kinship + Learning & Culture,471,206,9,25.213135717906635,-1.436506139060634,-2.4552823766085967,-0.7906098659937851,0.42597624919029703,0.006496751624187906,0.043689320388349516,-3.315688634557061,0.3541706007449373,-4.009863012017138,-2.621514257096984,7.835970076875876e-21,0.027286356821589204,1.645553716143934e-19,dissociated,Poland,1400-1599
Religion,Learning & Culture,Religion + Learning & Culture,471,206,46,24.801255287819814,0.8780217521474598,0.6079825466319964,1.1581198160278898,0.13977418236219868,0.0004997501249375312,0.22330097087378642,-0.36796966651214696,0.2116454136553557,-0.7827946772766441,0.04685534425235016,0.08210269285065262,0.002623688155922039,0.14537056880784946,associated,Poland,1400-1599
Politics,Administration & Law,Politics + Administration & Law,910,412,11,9.764822912773996,0.1639251226726265,-0.7854742287073989,0.7794453377693343,0.39729750544925807,0.6521739130434783,0.02669902912621359,0.06015795146215498,0.338495458217768,-0.6032931466446703,0.7236090495689802,0.8589416278232405,0.7208237986270023,0.9018887092144026,not distinguishable,Poland,1600-1799
Politics,Military,Politics + Military,910,412,38,28.5680712767409,0.4054230967892965,0.034734751045875936,0.6971828679457792,0.1666497335198022,0.017991004497751123,0.09223300970873786,0.24613306953890854,0.2063420714990465,-0.15829739059922257,0.6505635296770397,0.23293205454439647,0.0944527736131934,0.3762748573409481,not distinguishable,Poland,1600-1799
Politics,Business,Politics + Business,910,412,7,7.3848288417440315,-0.07218884274941609,-1.3382291414504721,0.6326477565984712,0.5083938159203455,0.8765617191404298,0.01699029126213592,-0.16400061411390468,0.4067380733578802,-0.9612072378953498,0.6332060096675405,0.6867941858441999,0.8765617191404298,0.8012598834848998,not distinguishable,Poland,1600-1799
Politics,Nobility & Kinship,Politics + Nobility & Kinship,910,412,45,37.303554199295654,0.26734466576850185,-0.02768318252830671,0.5362467650600141,0.14644497569879447,0.06446776611694154,0.10922330097087378,-0.08318129346246013,0.1925397101201913,-0.46055912529803505,0.2941965383731148,0.6657257904773823,0.15042478760619693,0.8012598834848998,not distinguishable,Poland,1600-1799
Politics,Religion,Politics + Religion,910,412,9,14.575575508468384,-0.666213659347919,-1.7224725145165205,0.0075427455183226045,0.4519706816709514,0.12093953023488256,0.021844660194174758,-1.385406548751674,0.3466623387229149,-2.064864732648587,-0.7059483648547608,6.430897433884984e-05,0.23088455772113942,0.00016881105763948086,not distinguishable,Poland,1600-1799
Politics,Learning & Culture,Politics + Learning & Culture,910,412,28,40.403147262948124,-0.5212499352822818,-1.0225573318926884,-0.15637363778769775,0.2167365380487929,0.022488755622188907,0.06796116504854369,-1.670482645786111,0.21929929979978866,-2.1003092733936968,-1.2406560181785253,2.5890796723788797e-14,0.0944527736131934,1.8123557706652157e-13,not distinguishable,Poland,1600-1799
Administration & Law,Military,Administration & Law + Military,910,412,14,10.300214531687226,0.4249929303767144,-0.2771253815995923,0.9435388304512838,0.317997222491174,0.17091454272863568,0.03398058252427184,0.14463178548842,0.3111226649681062,-0.46516863784906815,0.7544322088259082,0.6420241128726242,0.24837581209395304,0.8012598834848998,not distinguishable,Poland,1600-1799
Administration & Law,Business,Administration & Law + Business,910,412,3,2.662599116786875,0.14624422705504753,-2.4446911235075093,1.2086487133111645,0.8255691071590421,0.8460769615192404,0.007281553398058253,0.03805151516444655,0.5707395075276857,-1.0805979195898174,1.1567009499187104,0.9468439822098266,0.8765617191404298,0.9468439822098266,not distinguishable,Poland,1600-1799
Administration & Law,Nobility & Kinship,Administration & Law + Nobility & Kinship,910,412,15,13.449791808661482,0.1520246245456189,-0.532850441724407,0.6468600155287076,0.3053882419796123,0.6196901549225388,0.03640776699029126,-0.29381574542646144,0.3018786389700215,-0.8854978778077036,0.2978663869547807,0.3304087221543698,0.7208237986270023,0.48559075852735606,not distinguishable,Poland,1600-1799
Administration & Law,Religion,Administration & Law + Religion,910,412,7,5.255221929604405,0.38201903379030305,-0.9095234815984135,1.1063965819454082,0.5148764996931539,0.41629185407296354,0.01699029126213592,-0.4984819343535258,0.3990785988623691,-1.2806759881237693,0.28371211941671765,0.21163504689301138,0.5463830584707646,0.3762748573409481,not distinguishable,Poland,1600-1799
Administration & Law,Learning & Culture,Administration & Law + Learning & Culture,910,412,6,14.567349700731832,-1.2129140504923184,-2.5353988448060103,-0.3870922801379233,0.5668900646474702,0.0384807596201899,0.014563106796116505,-2.171861381385309,0.41982948762662975,-2.994727177133503,-1.3489955856371147,2.3012000398236812e-07,0.12293853073463268,8.054200139382885e-07,not distinguishable,Poland,1600-1799
Military,Business,Military + Business,910,412,2,7.789728705704315,-1.7293967931618368,-4.187411494394926,-0.5556444388860814,0.9946976478086077,0.14942528735632185,0.0048543689320388345,-1.634660372192183,0.6544810946384472,-2.9174433176835395,-0.35187742670082667,0.012502189568720136,0.24837581209395304,0.026254598094312288,not distinguishable,Poland,1600-1799
Military,Nobility & Kinship,Military + Nobility & Kinship,910,412,51,39.34885603962413,0.3700341236296755,0.09817610067480773,0.6179538920672287,0.1329296848979567,0.00849575212393803,0.12378640776699029,-0.17136161228795518,0.18216088224796376,-0.5283969414939641,0.18567371691805376,0.3468505418052543,0.059470264867566215,0.48559075852735606,not distinguishable,Poland,1600-1799
Military,Religion,Military + Religion,910,412,3,15.374733981466647,-2.181305589165936,-4.824732925648437,-1.1592112196078932,0.8197070279222742,0.04097951024487756,0.007281553398058253,-2.7001061232797405,0.5469787461537279,-3.7721844657410473,-1.6280277808184338,7.957763153432515e-07,0.12293853073463268,2.3873289460297543e-06,not distinguishable,Poland,1600-1799
Military,Learning & Culture,Military + Learning & Culture,910,412,36,42.61839546719378,-0.24040702915823725,-0.6530071146903729,0.07835652049571823,0.17999354717252566,0.1714142928535732,0.08737864077669903,-1.6240984278174375,0.19884539862738979,-2.0138354091271213,-1.2343614465077535,3.1447026293461884e-16,0.24837581209395304,3.3019377608134976e-15,not distinguishable,Poland,1600-1799
Business,Nobility & Kinship,Business + Nobility & Kinship,910,412,4,10.171655067510057,-1.2457870346046507,-2.9732917135571664,-0.37087920341964736,0.7202300710425859,0.079960019990005,0.009708737864077669,-1.5019429686952495,0.5000896194083916,-2.482118622735697,-0.521767314654802,0.002670272321245154,0.1679160419790105,0.006230635416238693,not distinguishable,Poland,1600-1799
Business,Religion,Business + Religion,910,412,5,3.9743592712510822,0.2977505155611513,-1.2904581912666169,1.133735640646566,0.6262864245023597,0.5692153923038481,0.012135922330097087,-0.5607456537118389,0.4610985709044827,-1.464498852684625,0.3430075452609471,0.22394378934601689,0.7031484257871066,0.3762748573409481,not distinguishable,Poland,1600-1799
Business,Learning & Culture,Business + Learning & Culture,910,412,22,11.016828997175852,0.9661814565192466,0.5119440544803846,1.3388079432545157,0.21249131968708337,0.0009995002498750624,0.05339805825242718,-0.0662175895343042,0.29466301404419337,-0.6437570970609232,0.5113219179923147,0.8221946835855458,0.010494752623688156,0.9018887092144026,associated,Poland,1600-1799
Nobility & Kinship,Religion,Nobility & Kinship + Religion,910,412,12,20.075986818345108,-0.7190335286534686,-1.606732297969186,-0.16196320227246758,0.36848806752792573,0.054972513743128434,0.02912621359223301,-1.8566625605446259,0.3042369765425675,-2.452967034568058,-1.2603580865211936,1.043010017614605e-09,0.14430284857571213,5.475802592476677e-09,not distinguishable,Poland,1600-1799
Nobility & Kinship,Learning & Culture,Nobility & Kinship + Learning & Culture,910,412,49,55.650156070978866,-0.18186150745169358,-0.4716916845055629,0.05413650400571918,0.13642120358894225,0.1774112943528236,0.11893203883495146,-1.9219418224243978,0.17661596247368244,-2.2681091088728156,-1.5757745359759803,1.4038674290198617e-27,0.24837581209395304,2.94812160094171e-26,not distinguishable,Poland,1600-1799
Religion,Learning & Culture,Religion + Learning & Culture,910,412,45,21.744122491307223,1.0324423585715097,0.7473937614862146,1.3123224846516475,0.14489089853623968,0.0004997501249375312,0.10922330097087378,-1.0068703215475228,0.18947553619423257,-1.3782423724882187,-0.6354982706068268,1.0725294028619964e-07,0.010494752623688156,4.504623492020385e-07,associated,Poland,1600-1799
Politics,Administration & Law,Politics + Administration & Law,2945,1083,78,42.91315644282075,0.8545603334900846,0.6196611743019866,1.0648480653448544,0.11459890842153754,0.0004997501249375312,0.07202216066481995,0.9781703158417745,0.15296149591142352,0.6783657838553844,1.2779748478281645,1.606741428553404e-10,0.0020989505247376314,5.623594999936914e-10,associated,Poland,1800-1899
Politics,Military,Politics + Military,2945,1083,91,64.0929587689651,0.5023948370340243,0.2848626257476235,0.7067203642958637,0.10681750954018987,0.0004997501249375312,0.0840258541089566,0.013199839441542106,0.1275805243458035,-0.23685798827623275,0.263257667159317,0.9175956650450364,0.0020989505247376314,0.9175956650450364,associated,Poland,1800-1899
Politics,Business,Politics + Business,2945,1083,42,43.97497874409771,-0.06553107473580798,-0.4513583187013737,0.2538036956865609,0.1797482674294496,0.7171414292853573,0.038781163434903045,0.020759506448557088,0.1792877047555614,-0.3306443948723433,0.37216340776945744,0.9078199348041178,0.7171414292853573,0.9175956650450364,not distinguishable,Poland,1800-1899
Politics,Nobility & Kinship,Politics + Nobility & Kinship,2945,1083,34,45.307797444687345,-0.40899683418887417,-0.860376589271018,-0.04544663205110306,0.20794000676254218,0.04847576211894053,0.03139427516158818,-0.30681563296712616,0.1923024244644139,-0.6837283849173774,0.07009711898312504,0.11060382252376742,0.06786606696651674,0.14516751706244474,not distinguishable,Poland,1800-1899
Politics,Religion,Politics + Religion,2945,1083,28,43.443578258563406,-0.6246904317240961,-1.1507085901263534,-0.22880560005722458,0.2359999465026444,0.013493253373313344,0.02585410895660203,-1.0519710508146507,0.202050053128971,-1.4479891549474337,-0.6559529466818675,1.9244878077601244e-07,0.028335832083958023,5.051780495370327e-07,dissociated,Poland,1800-1899
Politics,Learning & Culture,Politics + Learning & Culture,2945,1083,237,270.26753036759715,-0.18912723216719105,-0.28409880855962183,-0.10315057325183323,0.04630427101064962,0.0004997501249375312,0.2188365650969529,-1.80551635135346,0.09691526513555997,-1.9954702710191574,-1.6155624316877626,1.840571141034061e-77,0.0020989505247376314,1.932599698085764e-76,dissociated,Poland,1800-1899
Administration & Law,Military,Administration & Law + Military,2945,1083,24,17.987540807223407,0.40622841746461874,-0.18592536377108887,0.853324149998531,0.26387455295500645,0.12193903048475763,0.0221606648199446,-0.2003287798051379,0.22243815624732313,-0.6363075660498912,0.23565000643961542,0.3677987001600558,0.1347747179042058,0.4543395707859513,not distinguishable,Poland,1800-1899
Administration & Law,Business,Administration & Law + Business,2945,1083,5,12.341476190973664,-1.2233075331482128,-3.0261207279609663,-0.31438372854521207,0.6566757214960534,0.0559720139930035,0.0046168051708217915,-0.9690498006971987,0.4388609711475446,-1.8292173041463862,-0.10888229724801135,0.027237161631016096,0.0734632683658171,0.038132026283422535,not distinguishable,Poland,1800-1899
Administration & Law,Nobility & Kinship,Administration & Law + Nobility & Kinship,2945,1083,2,12.715528680138748,-2.402234140375472,-4.815705584240345,-1.1888313836116648,0.9752475867259147,0.030484757621189407,0.0018467220683287165,-1.8328532790915244,0.6406418223592242,-3.088511250915604,-0.577195307267445,0.0042235482437362045,0.05334832583708146,0.0068226548552661765,not distinguishable,Poland,1800-1899
Administration & Law,Religion,Administration & Law + Religion,2945,1083,6,12.192339872380817,-0.9654464357675695,-2.424576517034761,-0.11640614888506624,0.6313350596521685,0.08845577211394302,0.00554016620498615,-1.2927531984608271,0.40346327995849435,-2.083541227179476,-0.5019651697421782,0.001354661612942127,0.1031984007996002,0.002370657822648722,not distinguishable,Poland,1800-1899
Administration & Law,Learning & Culture,Administration & Law + Learning & Culture,2945,1083,59,75.8499580098749,-0.35973769516393056,-0.6457243169687233,-0.1186767946181622,0.13774385816452261,0.010994502748625687,0.05447830101569714,-1.8501177864658425,0.16087761484239704,-2.165437911556941,-1.5347976613747443,1.3167609577406886e-30,0.02565383974679327,6.912995028138615e-30,dissociated,Poland,1800-1899
Military,Business,Military + Business,2945,1083,8,18.43261578090166,-1.1553390050603367,-2.440826779211914,-0.415506273248317,0.5028687043614903,0.03398300849575212,0.007386888273314866,-1.3927877780167812,0.35458664101881787,-2.087777594413664,-0.6977979616198982,8.568388289480967e-05,0.054895629108522664,0.00019992906008788923,not distinguishable,Poland,1800-1899
Military,Nobility & Kinship,Military + Nobility & Kinship,2945,1083,33,18.991281997809537,0.7813321116418008,0.30257623489210644,1.1269263910412508,0.21426258214820762,0.0014992503748125937,0.030470914127423823,0.14125129292041044,0.19647554822632765,-0.24384078160319173,0.5263433674440126,0.4721867887217802,0.004497751124437781,0.5508845868420769,associated,Poland,1800-1899
Military,Religion,Military + Religion,2945,1083,7,18.209873183738882,-1.3188372792465808,-2.6119297936115102,-0.5299594616063856,0.5377257719987222,0.02348825587206397,0.006463527239150508,-2.0340021188817774,0.3734618104987853,-2.765987267459397,-1.3020169703041582,5.141516940386127e-08,0.04484121575575849,1.542455082115838e-07,dissociated,Poland,1800-1899
Military,Learning & Culture,Military + Learning & Culture,2945,1083,88,113.2857294669582,-0.3625702718684835,-0.598278268729167,-0.1672120928708388,0.10801060152176753,0.0009995002498750624,0.08125577100646353,-2.658699083064968,0.12888506234271035,-2.9113138052566803,-2.406084360873256,1.5245848416170108e-94,0.0034982508745627187,3.2016281673957227e-93,dissociated,Poland,1800-1899
Business,Nobility & Kinship,Business + Nobility & Kinship,2945,1083,4,13.030155546216248,-1.588181518455353,-3.3817691152659615,-0.6354141563282655,0.7847499546258025,0.044977511244377814,0.003693444136657433,-1.2241217319834201,0.4824370443305913,-2.1696983388713793,-0.27854512509546114,0.011168854417775433,0.06746626686656672,0.01675328162666315,not distinguishable,Poland,1800-1899
Business,Religion,Business + Religion,2945,1083,4,12.494021208697621,-1.5298510584948177,-3.2419315165476457,-0.5359560867696802,0.774507666120155,0.06196901549225387,0.003693444136657433,-1.678275320824814,0.4807112800215156,-2.6204694296669846,-0.7360812119826434,0.000480795871271382,0.07654996031396066,0.0009178830269726383,not distinguishable,Poland,1800-1899
Business,Learning & Culture,Business + Learning & Culture,2945,1083,115,77.72675253262504,0.5621588716587897,0.4088783838347485,0.7031883675613307,0.07542299339647515,0.0004997501249375312,0.1061865189289012,-0.5672476992778185,0.15017379006472528,-0.8615883278046801,-0.27290707075095694,0.0001585536478138718,0.0020989505247376314,0.00033296266040913077,associated,Poland,1800-1899
Nobility & Kinship,Religion,Nobility & Kinship + Religion,2945,1083,23,12.87269711913796,0.8133702870223203,0.19035382305866533,1.2575256656731264,0.270469897797966,0.0074962518740629685,0.02123730378578024,0.10209390451080148,0.22790901594093954,-0.34460776673344,0.548795575755043,0.6541827561258895,0.019677661169415293,0.7230440988759831,associated,Poland,1800-1899
Nobility & Kinship,Learning & Culture,Nobility & Kinship + Learning & Culture,2945,1083,87,80.08253921564851,0.11881575035016027,-0.09058466582538037,0.3112301580980296,0.10385703932426138,0.2478760619690155,0.08033240997229917,-1.2676939062063266,0.14728602216508943,-1.5563745096499018,-0.9790133027627513,7.498362357082043e-18,0.2602698650674663,3.149312189974458e-17,not distinguishable,Poland,1800-1899
Religion,Learning & Culture,Religion + Learning & Culture,2945,1083,108,76.78749036094325,0.48938821699988116,0.31973402647224997,0.6444184633131811,0.08152049952518194,0.0004997501249375312,0.0997229916897507,-1.6825762721363633,0.1272634878880071,-1.9320127083968572,-1.4331398358758694,6.619760011161892e-40,0.0020989505247376314,4.633832007813324e-39,associated,Poland,1800-1899
Politics,Administration & Law,Politics + Administration & Law,7306,1885,282,125.30985028372758,1.1670059850630308,1.056793120549887,1.2777623193154284,0.05637594763751459,0.0004997501249375312,0.1496021220159151,1.9647642385015391,0.10192931086857804,1.764982789199126,2.164545687803952,8.584166900804395e-83,0.0013118440779610195,3.605350098337846e-82,associated,Poland,1900-2020
Politics,Military,Politics + Military,7306,1885,122,97.27638588852552,0.3252237641635536,0.12678387018137177,0.5024245180755909,0.09457707459464888,0.0014992503748125937,0.06472148541114059,0.12690355073658222,0.10756990648308316,-0.08393346597026077,0.3377405674434252,0.23810722989733768,0.0031484257871064467,0.2631711488338995,associated,Poland,1900-2020
Politics,Business,Politics + Business,7306,1885,126,132.62508830232215,-0.07364509736371698,-0.2653063893711906,0.09751557553877532,0.09327010892948785,0.43228385807096453,0.06684350132625995,0.2553076360006813,0.10744899940951425,0.04470759715803338,0.4659076748433292,0.01749757270737439,0.47778742207843444,0.022965564178428887,not distinguishable,Poland,1900-2020
Politics,Nobility & Kinship,Politics + Nobility & Kinship,7306,1885,14,28.93012048938816,-1.0212405485650073,-1.905854495373525,-0.4485231134130341,0.3609646290733057,0.014492753623188406,0.007427055702917772,-0.687312548827065,0.2818573113679972,-1.2397528791083396,-0.13487221854579057,0.014747852706686037,0.024218659900818822,0.02064699378936045,dissociated,Poland,1900-2020
Politics,Religion,Politics + Religion,7306,1885,14,73.2384297048105,-2.346363793636538,-3.2405302037997954,-1.7687761520415675,0.37219730040851867,0.0004997501249375312,0.007427055702917772,-2.421130723173098,0.26766925493521576,-2.9457624628461208,-1.8964989835000752,1.4934660226694252e-19,0.0013118440779610195,4.480398068008276e-19,dissociated,Poland,1900-2020
Politics,Learning & Culture,Politics + Learning & Culture,7306,1885,439,539.6201253807151,-0.2974171400884435,-0.35986008692180754,-0.2390385067477438,0.0314586015283816,0.0004997501249375312,0.23289124668435013,-2.9597518654404125,0.06943443943283872,-3.0958433667287766,-2.8236603641520484,0.0,0.0013118440779610195,0.0,dissociated,Poland,1900-2020
Administration & Law,Military,Administration & Law + Military,7306,1885,18,33.10917933561663,-0.8613300448025423,-1.5835547956989595,-0.3071028618287918,0.32492939365571877,0.01199400299850075,0.009549071618037135,-0.6083341562419357,0.24191769616380412,-1.0824928407229917,-0.13417547176087957,0.011915644139033496,0.022897642088046885,0.017873466208550244,dissociated,Poland,1900-2020
Administration & Law,Business,Administration & Law + Business,7306,1885,7,45.14053223601042,-2.605353114958367,-3.9961373223626095,-1.8067527970136263,0.5501424237495953,0.0009995002498750624,0.003713527851458886,-1.496656464498445,0.37124259994542813,-2.224291960391484,-0.7690209686054059,5.5427128354137414e-05,0.002332167249708479,0.00012932996615965398,dissociated,Poland,1900-2020
Administration & Law,Nobility & Kinship,Administration & Law + Nobility & Kinship,7306,1885,1,9.846711909936774,-2.7861379594847855,-4.569013756468435,-1.403061071774701,1.0261772763430252,0.0004997501249375312,0.0005305039787798408,-1.6470432247676592,0.8231758575423077,-3.2604679055505823,-0.03361854398473607,0.045409629737362046,0.0013118440779610195,0.05609424849909429,dissociated,Poland,1900-2020
Administration & Law,Religion,Administration & Law + Religion,7306,1885,12,24.92757395545422,-1.02446572618905,-1.9695567829233207,-0.3978763063507685,0.40734969472756405,0.020989505247376312,0.00636604774535809,-1.1056516813528559,0.29030504917732325,-1.6746495777404093,-0.5366537849653022,0.00013976386317621326,0.03148425787106447,0.00026682192060913443,dissociated,Poland,1900-2020
Administration & Law,Learning & Culture,Administration & Law + Learning & Culture,7306,1885,102,183.6661522850172,-0.8453840245668099,-1.0813257794889621,-0.6453246421689881,0.1098694507458064,0.0004997501249375312,0.05411140583554377,-2.52388293019081,0.11611470542803154,-2.7514677528297518,-2.2962981075518685,9.347896584280793e-105,0.0013118440779610195,6.543527608996555e-104,dissociated,Poland,1900-2020
Military,Business,Military + Business,7306,1885,20,35.042000473715305,-0.7939009756956887,-1.507342405369507,-0.2867082143074663,0.3078083780729082,0.014992503748125937,0.010610079575596816,-0.5825298147495754,0.23041650157766227,-1.0341461578417934,-0.1309134716573574,0.011466203901614227,0.024218659900818822,0.017873466208550244,dissociated,Poland,1900-2020
Military,Nobility & Kinship,Military + Nobility & Kinship,7306,1885,13,7.643872730797876,0.7291724864376611,-0.10937158006703308,1.3145126140875147,0.3598089117755419,0.044977511244377814,0.006896551724137931,0.5397647491937524,0.29288070004172206,-0.03428142288802283,1.1138109212755276,0.0653361799130713,0.05903298350824588,0.0762255432319165,not distinguishable,Poland,1900-2020
Military,Religion,Military + Religion,7306,1885,18,19.350947254865645,-0.10168258132642628,-0.8009119571282911,0.43552018920633856,0.3145715489199173,0.7331334332833583,0.009549071618037135,-0.8378429357335709,0.2410059955468256,-1.3102146870053493,-0.3654711844617927,0.0005081174951335275,0.7697901049475263,0.0008892056164836731,not distinguishable,Poland,1900-2020
Military,Learning & Culture,Military + Learning & Culture,7306,1885,144,142.57761432070046,0.01427152460858763,-0.15286032020425216,0.16301149292765685,0.08084574405724936,0.8515742128935532,0.07639257294429708,-2.252122700251025,0.10238421078575737,-2.4527957533911096,-2.0514496471109407,3.091795942351036e-107,0.8515742128935532,3.2463857394685875e-106,not distinguishable,Poland,1900-2020
Business,Nobility & Kinship,Business + Nobility & Kinship,7306,1885,5,10.421535366820843,-0.9896721631298377,-2.7663163779556363,-0.09091710157247865,0.6823513757596529,0.1184407796101949,0.002652519893899204,-0.38620446788531093,0.4392364925757654,-1.2471079933338112,0.4746990575631893,0.3792586040049257,0.1381809095452274,0.39822153420517203,not distinguishable,Poland,1900-2020
Business,Religion,Business + Religion,7306,1885,13,26.382775891274793,-0.99372270992557,-1.975659406387123,-0.3803046097039925,0.40453411425776525,0.02448775612193903,0.006896551724137931,-1.1090286216176255,0.27962037016965163,-1.6570845471501428,-0.5609726960851084,7.302944252480679e-05,0.03428285857071465,0.00015336182930209425,dissociated,Poland,1900-2020
Business,Learning & Culture,Business + Learning & Culture,7306,1885,273,194.38806773605504,0.48889507051337006,0.3937087478203818,0.5843278353461009,0.04892159867709934,0.0004997501249375312,0.14482758620689656,-0.9342016321797704,0.09556459975986462,-1.121508247709105,-0.7468950166504358,1.43300776262422e-22,0.0013118440779610195,5.015527169184769e-22,associated,Poland,1900-2020
Nobility & Kinship,Religion,Nobility & Kinship + Religion,7306,1885,10,5.754996246556624,0.7473084041072127,-0.3053802153983392,1.3919773242342113,0.43197041094799604,0.07546226886556721,0.005305039787798408,0.17571168008413254,0.32638542534478043,-0.46400375359163715,0.8154271137599022,0.5903310261360379,0.09321809683393596,0.5903310261360379,not distinguishable,Poland,1900-2020
Nobility & Kinship,Learning & Culture,Nobility & Kinship + Learning & Culture,7306,1885,62,42.40276325761325,0.5427856187475447,0.30514889691652314,0.7489868826095089,0.11437549615526997,0.0004997501249375312,0.03289124668435013,-1.0037082569040972,0.18646388011432613,-1.3691774619281762,-0.638239051880018,7.33130979131398e-08,0.0013118440779610195,1.92446882021992e-07,associated,Poland,1900-2020
Religion,Learning & Culture,Religion + Learning & Culture,7306,1885,190,107.34527695007566,0.8208280022114987,0.7099518724044358,0.9330439461551502,0.05759522442754529,0.0004997501249375312,0.10079575596816977,-1.9398842845190187,0.09417117072497053,-2.124459779139961,-1.7553087898980766,2.7697187425623494e-94,0.0013118440779610195,1.4541023398452333e-93,associated,Poland,1900-2020
Politics,Administration & Law,Politics + Administration & Law,720,319,4,5.547636583554813,-0.4264464458454918,-2.1660369179246115,0.45401353630118596,0.7273655382055739,0.4777611194402799,0.012539184952978056,-0.453373807927792,0.5069217478199848,-1.4469404336549623,0.5401928177993781,0.37112585288366473,0.6270614692653673,0.4584495829739388,not distinguishable,Portugal,1400-1599
Politics,Military,Politics + Military,720,319,16,8.83311586259143,0.8220353138380189,0.17348611564834643,1.2999484698721222,0.2862388593451881,0.010494752623688156,0.050156739811912224,0.7920737898773684,0.3056800007414388,0.19294098842414842,1.3912065913305884,0.009564573430736623,0.05509745127436282,0.02869372029220987,not distinguishable,Portugal,1400-1599
Politics,Business,Politics + Business,720,319,1,4.7312033319334255,-1.8021803465784259,-3.663246009369224,-0.43048615978198324,1.0065540219144047,0.04147926036981509,0.003134796238244514,-1.5112436232047248,0.8382136538994465,-3.15414238484764,0.13165513843819032,0.07139863163914557,0.14517741129435283,0.11226052131505834,not distinguishable,Portugal,1400-1599
Politics,Nobility & Kinship,Politics + Nobility & Kinship,720,319,32,20.5314044174993,0.6278945257742089,0.2402652663915469,0.9505063679410181,0.1808471999602934,0.001999000499750125,0.10031347962382445,-0.16600260792735785,0.2313787057199382,-0.6195048711384368,0.287499655283721,0.47309659607309906,0.02098950524737631,0.5395371111147762,associated,Portugal,1400-1599
Politics,Religion,Politics + Religion,720,319,11,14.437480278409632,-0.377302947169968,-1.2839811065445452,0.20810703892813406,0.38478977582856033,0.2978510744627686,0.034482758620689655,-0.7496200258395181,0.3287239566677774,-1.3939189809083619,-0.10532107077067454,0.02258435145527309,0.48114404336293387,0.04742713805607349,not distinguishable,Portugal,1400-1599
Politics,Learning & Culture,Politics + Learning & Culture,720,319,21,30.919159527448063,-0.5473079287804378,-1.1309414605069081,-0.1671656287759805,0.24583474049278217,0.033483258370814596,0.06583072100313479,-1.4019090605199467,0.2579618751723135,-1.9075143358576812,-0.8963037851822122,5.493208338049153e-08,0.1406296851574213,3.845245836634407e-07,not distinguishable,Portugal,1400-1599
Administration & Law,Military,Administration & Law + Military,720,319,3,4.163766201011784,-0.4141405446336093,-3.0497717825528667,0.5953550817405573,0.8288841836315429,0.5332333833083458,0.009404388714733543,-0.39441527192157944,0.56893649609773,-1.5095308042731301,0.7207002604299713,0.4881526243419404,0.6395968682325504,0.5395371111147762,not distinguishable,Portugal,1400-1599
Administration & Law,Business,Administration & Law + Business,720,319,3,2.230201078539835,0.35834771291640344,-2.159529987733992,1.3097828133214742,0.7943981773387551,0.5922038980509745,0.009404388714733543,0.16010662358010963,0.5774898712166351,-0.9717735240044951,1.2919867711647144,0.7815913977030952,0.6545411504773929,0.781591397703095,not distinguishable,Portugal,1400-1599
Administration & Law,Nobility & Kinship,Administration & Law + Nobility & Kinship,720,319,10,9.678121412958285,0.04491802171437834,-0.8806616383653743,0.645474164975417,0.3898828580434752,0.9020489755122438,0.03134796238244514,-0.8677192558198956,0.3561228105369538,-1.5657199644723252,-0.16971854716746615,0.014827172779576752,0.9020489755122438,0.038921328546388974,not distinguishable,Portugal,1400-1599
Administration & Law,Religion,Administration & Law + Religion,720,319,5,6.805559142001347,-0.4095630774608539,-2.059234997857056,0.427500482129161,0.6335359228813836,0.45027486256871563,0.01567398119122257,-0.822123844877292,0.46149358678158414,-1.726651274969197,0.082403585214613,0.07484034754337222,0.6270614692653673,0.11226052131505834,not distinguishable,Portugal,1400-1599
Administration & Law,Learning & Culture,Administration & Law + Learning & Culture,720,319,18,14.574715582447975,0.29539448796366957,-0.29518899039124963,0.7090752313832082,0.24907626996309573,0.2108945527236382,0.05642633228840126,-0.5768670874850471,0.30291159433390796,-1.1705738123795069,0.016839637409412522,0.05685714375601478,0.36906546726636685,0.09950000157302585,not distinguishable,Portugal,1400-1599
Military,Business,Military + Business,720,319,3,3.5509940542997165,-0.21092104550473387,-2.8462807092375786,0.7818523956941236,0.8129781110808691,0.7526236881559221,0.009404388714733543,-0.24638830994485017,0.5717153664121628,-1.3669504281126894,0.874173808222989,0.666495095243083,0.7902548725637182,0.6998198500052372,not distinguishable,Portugal,1400-1599
Military,Nobility & Kinship,Military + Nobility & Kinship,720,319,21,15.409799557942323,0.4344210000467307,-0.06789915089145303,0.8380237277327814,0.23450242439308353,0.063968015992004,0.06583072100313479,-0.35817111624578446,0.2705777599248831,-0.8885035256985553,0.17216129320698637,0.1855936913767211,0.1679160419790105,0.25983116792740957,not distinguishable,Portugal,1400-1599
Military,Religion,Military + Religion,720,319,2,10.836018456799527,-2.180914012302185,-4.574029847939078,-1.0311412829626616,0.9406612419496468,0.07446276861569215,0.006269592476489028,-2.1088984988276795,0.6505697967293076,-3.3840153004171225,-0.8337816972382366,0.0011885338804974025,0.17374646010328168,0.0049918422980890905,not distinguishable,Portugal,1400-1599
Military,Learning & Culture,Military + Learning & Culture,720,319,21,23.206305868288446,-0.1409342066861199,-0.6556356641541794,0.26538845129094235,0.23691345132638117,0.5482258870564718,0.06583072100313479,-0.9261509586570611,0.2699465087525106,-1.4552461158119818,-0.39705580150214037,0.0006016523036614296,0.6395968682325504,0.0031586745942225056,not distinguishable,Portugal,1400-1599
Business,Nobility & Kinship,Business + Nobility & Kinship,720,319,13,8.253813959548104,0.6249757787404743,-0.10982648610573424,1.1316311861437904,0.31783474143349116,0.049475262368815595,0.04075235109717868,-0.3246122388597703,0.3363369972955581,-0.9838327535590642,0.3346082758395236,0.33447476988730485,0.14842578710644677,0.4389981354770876,not distinguishable,Portugal,1400-1599
Business,Religion,Business + Religion,720,319,2,5.804000244672592,-1.3343394959012047,-3.7414757580244062,-0.17705923887697866,0.9237177784685764,0.1294352823588206,0.006269592476489028,-1.5552169142012064,0.6577511979553898,-2.8444092621937704,-0.26602456620864245,0.018057079935085985,0.2718140929535232,0.04213318651520063,not distinguishable,Portugal,1400-1599
Business,Learning & Culture,Business + Learning & Culture,720,319,15,12.429787331432282,0.2615696695401493,-0.3490010736674191,0.7382551636474,0.27749228194504133,0.3278360819590205,0.047021943573667714,-0.6533190723534447,0.3248175525866666,-1.2899614754233113,-0.01667666928357814,0.044289381969982576,0.4917541229385307,0.08455245648814856,not distinguishable,Portugal,1400-1599
Nobility & Kinship,Religion,Nobility & Kinship + Religion,720,319,20,25.186885428984702,-0.32540806230787817,-0.9304526546443934,0.07927392161518915,0.2511240273261891,0.1794102948525737,0.06269592476489028,-1.6259942047946159,0.25191147454948215,-2.119740694911601,-1.1322477146776309,1.084869068570736e-10,0.34251056290036797,1.1391125219992729e-09,not distinguishable,Portugal,1400-1599
Nobility & Kinship,Learning & Culture,Nobility & Kinship + Learning & Culture,720,319,37,53.93997522842812,-0.5377758147706404,-0.9085938180127835,-0.262810212892168,0.16185078497037927,0.0029985007496251873,0.11598746081504702,-2.7708843721091565,0.2047831153963958,-3.1722592782860923,-2.3695094659322207,1.028635768498942e-41,0.02098950524737631,2.1601351138477783e-40,dissociated,Portugal,1400-1599
Religion,Learning & Culture,Religion + Learning & Culture,720,319,61,37.93005645120826,0.6783513148261192,0.45961828097864427,0.8848488177249845,0.10940378416351365,0.0004997501249375312,0.19122257053291536,-0.5098986374953463,0.18504406544857854,-0.8725850057745601,-0.14721226921613234,0.005859310010934015,0.010494752623688156,0.020507585038269053,associated,Portugal,1400-1599
Politics,Administration & Law,Politics + Administration & Law,1025,564,49,30.021726389046794,0.6975919580893915,0.4085887391670964,0.9439234580779576,0.13590501275531533,0.0004997501249375312,0.08687943262411348,0.5372021457262047,0.2031132015864742,0.13910027061671532,0.9353040208356942,0.008172928403644197,0.0020989505247376314,0.012259392605466296,associated,Portugal,1600-1799
Politics,Military,Politics + Military,1025,564,62,40.36079117172907,0.6131390510858773,0.3476766222739529,0.8421179750651303,0.12407304293745147,0.0004997501249375312,0.1099290780141844,0.2786742542991499,0.17683046384552156,-0.06791345483807237,0.6252619634363721,0.11503956222785366,0.0020989505247376314,0.14210769451676042,associated,Portugal,1600-1799
Politics,Business,Politics + Business,1025,564,32,28.36029549568027,0.17135364672604697,-0.23113521753633318,0.5158617617932155,0.19288568080935717,0.36731634182908546,0.05673758865248227,-0.12045414325327583,0.22195642587446196,-0.5554887379672213,0.3145804514606696,0.5873413664450398,0.4790545903518829,0.5873413664450398,not distinguishable,Portugal,1600-1799
Politics,Nobility & Kinship,Politics + Nobility & Kinship,1025,564,42,47.651565460130385,-0.18011986117672457,-0.5518927654351693,0.13014012423557,0.17221363639684206,0.28585707146426786,0.07446808510638298,-1.0681037413226233,0.18411978950148872,-1.4289785287455412,-0.7072289538997054,6.586757159544944e-09,0.40159920039980007,2.766438007008876e-08,not distinguishable,Portugal,1600-1799
Politics,Religion,Politics + Religion,1025,564,21,36.492280234709185,-0.7828875723020936,-1.4008721264988568,-0.3311861122236304,0.27749824287112484,0.011494252873563218,0.03723404255319149,-1.6054069273119387,0.23951734292884114,-2.074860919452467,-1.1359529351714102,2.0463814822704254e-11,0.034482758620689655,1.0743502781919734e-10,dissociated,Portugal,1600-1799
Politics,Learning & Culture,Politics + Learning & Culture,1025,564,76,99.11334122952074,-0.3808792277883961,-0.6112101805696107,-0.20011593704628877,0.10490726167047872,0.001999000499750125,0.1347517730496454,-1.3231376804356245,0.15068908531506553,-1.618488287653153,-1.027787073218096,1.6263271547892115e-18,0.0069965017491254375,1.707643512528672e-17,dissociated,Portugal,1600-1799
Administration & Law,Military,Administration & Law + Military,1025,564,2,10.88846616154637,-2.187573452915926,-4.618610143162069,-0.9941617662061356,0.9556986863583018,0.08345827086456771,0.0035460992907801418,-2.2318724817445674,0.6455140050637096,-3.4970799316694383,-0.9666650318196965,0.0005451877634316038,0.19473596535065799,0.00104081300291488,not distinguishable,Portugal,1600-1799
Administration & Law,Business,Administration & Law + Business,1025,564,7,7.650992680551595,-0.12008517515827495,-1.4212445018284017,0.6445536013312068,0.5164489912897724,0.8075962018990505,0.012411347517730497,-0.5193136866301243,0.3927845915136285,-1.2891714859968362,0.2505441127365875,0.18612368338062513,0.847976011994003,0.21714429727739598,not distinguishable,Portugal,1600-1799
Administration & Law,Nobility & Kinship,Administration & Law + Nobility & Kinship,1025,564,15,12.855358950960666,0.21484946380117273,-0.5808189474751875,0.7329406811776317,0.335911486106838,0.5072463768115942,0.026595744680851064,-0.7344575149179701,0.28406849704372644,-1.2912317691236739,-0.17768326071226626,0.009723944585369383,0.5606407322654462,0.013613522419517136,not distinguishable,Portugal,1600-1799
Administration & Law,Religion,Administration & Law + Religion,1025,564,2,9.844825806378662,-2.0489093522651527,-4.454660758074446,-0.8250223481270793,0.9927734059606701,0.13093453273363317,0.0035460992907801418,-2.4570125511236522,0.644756782307183,-3.720735844445731,-1.1932892578015735,0.00013854091764118514,0.24996592612784516,0.0003232621411627653,not distinguishable,Portugal,1600-1799
Administration & Law,Learning & Culture,Administration & Law + Learning & Culture,1025,564,23,26.73863001207373,-0.21299338692348907,-0.7604102697979346,0.19805136535362136,0.24827535874294865,0.38780609695152424,0.040780141843971635,-1.1286426967052754,0.24138541524519766,-1.601758110585863,-0.655527282824688,2.9297088082324536e-06,0.4790545903518829,8.789126424697361e-06,not distinguishable,Portugal,1600-1799
Military,Business,Military + Business,1025,564,7,10.285888087662874,-0.5241824691864223,-1.8082163859493041,0.21387996771272252,0.5154689238838566,0.2868565717141429,0.012411347517730497,-0.9812700441573288,0.3888737860704646,-1.7434626648554392,-0.2190774234592182,0.011623807046759985,0.40159920039980007,0.015256246748872479,not distinguishable,Portugal,1600-1799
Military,Nobility & Kinship,Military + Nobility & Kinship,1025,564,32,17.282565677057168,0.8699762262271936,0.464255706702173,1.2367956963865365,0.19632765655673368,0.0004997501249375312,0.05673758865248227,-0.26979772922662804,0.21135956989912882,-0.6840624862289205,0.14446702777566445,0.20178344290710004,0.0020989505247376314,0.2230238053183737,associated,Portugal,1600-1799
Military,Religion,Military + Religion,1025,564,1,13.235246812397397,-3.1948484289937014,-4.969519077333194,-1.905507669489784,1.0058439618620347,0.0004997501249375312,0.0017730496453900709,-3.43629384430265,0.8243288179468251,-5.051978327478428,-1.8206093611268728,3.064816215527515e-05,0.0020989505247376314,8.045142565759727e-05,dissociated,Portugal,1600-1799
Military,Learning & Culture,Military + Learning & Culture,1025,564,24,35.94704209046321,-0.5730199861864459,-1.1155232118331635,-0.15631371355400858,0.24765707728211958,0.022988505747126436,0.0425531914893617,-1.6372184650538555,0.2295138809437085,-2.0870656717035243,-1.187371258404187,9.790659899595388e-13,0.06034482758620689,6.853461929716772e-12,not distinguishable,Portugal,1600-1799
Business,Nobility & Kinship,Business + Nobility & Kinship,1025,564,12,12.143931159311936,-0.01651699064408286,-0.9302304375299165,0.5731292640657842,0.38218845131199475,0.9690154922538731,0.02127659574468085,-0.9266076988450874,0.3105619024599999,-1.5353090276666872,-0.31790637002348765,0.0028483334705202506,0.969015492253873,0.0048543209539650654,not distinguishable,Portugal,1600-1799
Business,Religion,Business + Religion,1025,564,5,9.300003782402817,-0.8333506874122562,-2.5983460745888136,0.011471044698889385,0.6656737783779318,0.1679160419790105,0.008865248226950355,-1.5547014393230074,0.4454352135023846,-2.4277544577876813,-0.6816484208583337,0.0004824830011282282,0.2938530734632684,0.0010132143023692793,not distinguishable,Portugal,1600-1799
Business,Learning & Culture,Business + Learning & Culture,1025,564,30,25.2588887949076,0.24373888387571896,-0.2017205034597809,0.5932018386413241,0.2021413207554347,0.21889055472263869,0.05319148936170213,-0.6663895427400661,0.22458377905219654,-1.1065737496823713,-0.22620533579776092,0.0030050558286450406,0.3535924345519548,0.0048543209539650654,not distinguishable,Portugal,1600-1799
Nobility & Kinship,Religion,Nobility & Kinship + Religion,1025,564,13,15.626062115048427,-0.2564347769900619,-1.1213493923145492,0.34221006968433226,0.36250186453455685,0.4527736131934033,0.02304964539007092,-1.6453832002667723,0.2925211946324908,-2.2187247417464544,-1.0720416587870902,1.8568630600055723e-08,0.5282358820589705,6.499020710019502e-08,not distinguishable,Portugal,1600-1799
Nobility & Kinship,Learning & Culture,Nobility & Kinship + Learning & Culture,1025,564,34,42.44051663862336,-0.3157431871888785,-0.7364497615637186,0.010219001130090449,0.1940570621112219,0.10044977511244378,0.06028368794326241,-1.862247685170198,0.19711641735043925,-2.2485958631770586,-1.475899507163337,3.4718224891625115e-21,0.21094452773613193,7.290827227241274e-20,not distinguishable,Portugal,1600-1799
Religion,Learning & Culture,Religion + Learning & Culture,1025,564,75,32.501581249797695,1.1939414924942593,0.9823646110364158,1.3983288228856992,0.10521113230125413,0.0004997501249375312,0.13297872340425532,-0.19075656976807798,0.16281292893241062,-0.5098699104756028,0.1283567709394468,0.24134549537356742,0.0020989505247376314,0.2534127701422458,associated,Portugal,1600-1799
Politics,Administration & Law,Politics + Administration & Law,2439,1179,153,111.77439860579001,0.4512096612069208,0.3099701634996971,0.5851438010527119,0.0689058312512277,0.0004997501249375312,0.1297709923664122,0.5743968302585701,0.12129311463919176,0.33666232556575426,0.812131334951386,2.1839771013710424e-06,0.0020989505247376314,4.992040250203572e-06,associated,Portugal,1800-1899
Politics,Military,Politics + Military,2439,1179,123,98.12602843044857,0.32447069767999215,0.14919890337659794,0.4739579519400213,0.08225397524605767,0.0004997501249375312,0.10432569974554708,0.16251622620220918,0.12438197730255661,-0.08127244931080177,0.40630490171522016,0.19135205347411888,0.0020989505247376314,0.21149437489244716,associated,Portugal,1800-1899
Politics,Business,Politics + Business,2439,1179,89,97.25918758295579,-0.12734461347010245,-0.341684779083244,0.06908526840469581,0.10581247699367213,0.22988505747126436,0.07548770144189991,-0.2966729147988477,0.13446394540970713,-0.5602222478018737,-0.033123581795821755,0.027360341342652805,0.2839756592292089,0.033798068717394644,not distinguishable,Portugal,1800-1899
Politics,Nobility & Kinship,Politics + Nobility & Kinship,2439,1179,33,45.95091152707816,-0.47154581196738365,-0.8973893502544957,-0.12151706908490635,0.20561701277344166,0.019490254872563718,0.027989821882951654,-1.0922303918203975,0.19466389805210613,-1.4737716320025256,-0.7106891516382695,2.0133247972437285e-08,0.04547726136931534,7.04663679035305e-08,dissociated,Portugal,1800-1899
Politics,Religion,Politics + Religion,2439,1179,11,21.555682486036364,-0.939516542379322,-1.885499339297965,-0.3358393662878988,0.40406533266633476,0.02848575712143928,0.009329940627650551,-1.5627100567222598,0.3157698740097456,-2.181619009781361,-0.9438011036631585,7.463829442132068e-07,0.058595702148925545,2.2391488326396204e-06,not distinguishable,Portugal,1800-1899
Politics,Learning & Culture,Politics + Learning & Culture,2439,1179,315,349.33379131543506,-0.1490296442823258,-0.22040963920374812,-0.07945164685429071,0.03591570350908633,0.0004997501249375312,0.26717557251908397,-1.8249703973729308,0.09270134939196321,-2.0066650421811785,-1.6432757525646828,2.8116285330495326e-86,0.0020989505247376314,5.904419919404019e-85,dissociated,Portugal,1800-1899
Administration & Law,Military,Administration & Law + Military,2439,1179,16,27.123067276784813,-0.7434075014721727,-1.5213926995845133,-0.20210500825605757,0.3394923296400697,0.033483258370814596,0.013570822731128074,-1.0755683917011074,0.26053028767731246,-1.5862077555486398,-0.564929027853575,3.6532580109503506e-05,0.058595702148925545,6.974401657268851e-05,not distinguishable,Portugal,1800-1899
Administration & Law,Business,Administration & Law + Business,2439,1179,16,26.88346334089866,-0.7308388994350028,-1.549538111367923,-0.17411145803653436,0.34048115412114005,0.03698150924537731,0.013570822731128074,-1.0027095412087599,0.26094397127524277,-1.5141597249082357,-0.49125935750928407,0.00012172592766761043,0.059739361088686424,0.00021302037341831826,not distinguishable,Portugal,1800-1899
Administration & Law,Nobility & Kinship,Administration & Law + Nobility & Kinship,2439,1179,10,12.701315692827844,-0.3302923932776987,-1.3670646039776335,0.36629884131693674,0.43903443478308096,0.42278860569715143,0.008481764206955046,-1.0272276231492943,0.32312139566845516,-1.6605455586594664,-0.39390968763912215,0.0014774511217457579,0.46729266945474635,0.0023866518120508394,not distinguishable,Portugal,1800-1899
Administration & Law,Religion,Administration & Law + Religion,2439,1179,2,5.958217565894649,-1.369207948720178,-3.777606289381762,-0.23572456277833775,0.9780216514252855,0.14742628685657172,0.0016963528413910093,-1.8322671074495505,0.6431361381731285,-3.0928139382688826,-0.5717202766302185,0.004386282871771276,0.20639680159920043,0.006506716004460438,not distinguishable,Portugal,1800-1899
Administration & Law,Learning & Culture,Administration & Law + Learning & Culture,2439,1179,84,96.55953751984067,-0.19991864440869034,-0.43635230987723445,0.009323529648277786,0.11304803877178404,0.08045977011494253,0.07124681933842239,-1.7404519881483644,0.1352020956666425,-2.005448095654984,-1.475455880641745,6.390030933733067e-38,0.1206896551724138,6.7095324804197205e-37,not distinguishable,Portugal,1800-1899
Military,Business,Military + Business,2439,1179,9,23.600820232561688,-1.3430828285343777,-2.441925998063795,-0.6206683334900429,0.4705808611378235,0.014992503748125937,0.007633587786259542,-1.5836431064359338,0.3356319553678097,-2.241481738956841,-0.9258044739150267,2.3771620239064623e-06,0.044977511244377814,4.992040250203572e-06,dissociated,Portugal,1800-1899
Military,Nobility & Kinship,Military + Nobility & Kinship,2439,1179,19,11.150403673153528,0.7430941804972818,0.05685160068032192,1.2121313796734696,0.2914230172273417,0.017991004497751123,0.016115351993214587,-0.3005685020990721,0.24675941138879376,-0.7842169484211079,0.18307994422296364,0.22320004342419542,0.04547726136931534,0.2343600455954052,associated,Portugal,1800-1899
Military,Religion,Military + Religion,2439,1179,1,5.2306810285579175,-1.9337440969242432,-3.7324816013200386,-0.5608046961917751,1.0203436848610294,0.004497751124437781,0.0008481764206955047,-2.3344998998518265,0.8247683773586315,-3.951045919474744,-0.7179538802289087,0.004647654288900313,0.015742128935532233,0.006506716004460438,dissociated,Portugal,1800-1899
Military,Learning & Culture,Military + Learning & Culture,2439,1179,82,84.76899936021698,-0.04762720719833775,-0.2873381045586696,0.1620603042665349,0.11478307622124212,0.6696651674162919,0.06955046649703138,-1.742678541051546,0.13650092037764378,-2.010220344991728,-1.4751367371113642,2.513073718455888e-37,0.7031484257871065,1.7591516029191216e-36,not distinguishable,Portugal,1800-1899
Business,Nobility & Kinship,Business + Nobility & Kinship,2439,1179,18,11.05190151705359,0.6793949226995751,-0.015442908008542871,1.1667287321807758,0.3041853758600818,0.030984507746126936,0.015267175572519083,-0.29010854114571827,0.2526624814456918,-0.7853270047792742,0.20510992248783766,0.2508835917923423,0.058595702148925545,0.2508835917923423,not distinguishable,Portugal,1800-1899
Business,Religion,Business + Religion,2439,1179,2,5.184473431569792,-1.1850986196044124,-3.6163772599278845,0.03195077101309687,1.0122186566889386,0.18590704647676162,0.0016963528413910093,-1.7410957561897167,0.643335829902515,-3.002033982798646,-0.48015752958078717,0.006802608631214333,0.24400299850074963,0.008928423828468812,not distinguishable,Portugal,1800-1899
Business,Learning & Culture,Business + Learning & Culture,2439,1179,114,84.0201538966649,0.4379802990347744,0.26126676031306123,0.597301179689987,0.08739905248713699,0.0004997501249375312,0.09669211195928754,-1.0759702814174577,0.1280244486467219,-1.3268982007650325,-0.8250423620698827,4.300086219441896e-17,0.0020989505247376314,1.8060362121655962e-16,associated,Portugal,1800-1899
Nobility & Kinship,Religion,Nobility & Kinship + Religion,2439,1179,4,2.4494475626310876,0.6094802413026079,-1.1022368413907184,1.530521774809388,0.7391551376848952,0.3333333333333333,0.0033927056827820186,-0.6692730723578545,0.4879162974125534,-1.625589015286459,0.28704287057075006,0.17015794169105014,0.3888888888888889,0.1985175986395585,not distinguishable,Portugal,1800-1899
Nobility & Kinship,Learning & Culture,Nobility & Kinship + Learning & Culture,2439,1179,39,39.69602002797036,-0.025200008060621643,-0.4304591529442781,0.2871478969409845,0.18510787242336918,0.8990504747626187,0.03307888040712468,-2.0317236078920327,0.18353741471714108,-2.391456940737629,-1.6719902750464362,1.7578037464604432e-28,0.8990504747626188,9.228469668917327e-28,not distinguishable,Portugal,1800-1899
Religion,Learning & Culture,Religion + Learning & Culture,2439,1179,39,18.621497925629477,1.0466571087770573,0.757513915445108,1.2938164385060198,0.1400188096426994,0.0004997501249375312,0.03307888040712468,-1.0153323676202288,0.20713141044415748,-1.4213099320907774,-0.6093548031496802,9.492603576618373e-07,0.0020989505247376314,2.4918084388623227e-06,associated,Portugal,1800-1899
Politics,Administration & Law,Politics + Administration & Law,4574,1141,180,95.03928269236867,0.9178328868846573,0.7834746423812352,1.0551211018346585,0.06823551345019313,0.0004997501249375312,0.15775635407537247,1.6462122297195692,0.11464066978888703,1.4215165169333506,1.8709079425057877,9.255027810664134e-47,0.0013118440779610195,6.4785194674648936e-46,associated,Portugal,1900-2020
Politics,Military,Politics + Military,4574,1141,57,26.698312914541756,1.0800447908060453,0.8379172186088124,1.2964641069456744,0.11840738234542773,0.0004997501249375312,0.04995617879053462,1.4340801027153396,0.18958743722371776,1.0624887257568527,1.8056714796738265,3.9021440268595974e-14,0.0013118440779610195,1.1706432080578793e-13,associated,Portugal,1900-2020
Politics,Business,Politics + Business,4574,1141,66,91.81756882279436,-0.47325089058921843,-0.7753031494508258,-0.22942422577608743,0.13608366921261508,0.0024987506246876563,0.057843996494303246,-0.005503696795709811,0.14215814956883094,-0.28413366995061845,0.2731262763591988,0.9691173671358798,0.005830418124271198,0.9895862298147688,dissociated,Portugal,1900-2020
Politics,Nobility & Kinship,Politics + Nobility & Kinship,4574,1141,5,25.188535515369228,-2.2236211218434914,-4.050452257730643,-1.3416766635457655,0.68435765800079,0.010494752623688156,0.0043821209465381246,-1.4836613168416781,0.43996991185387774,-2.3460023440752784,-0.6213202896080777,0.0007457348878090398,0.018365817091454274,0.0015660432643989836,dissociated,Portugal,1900-2020
Politics,Religion,Politics + Religion,4574,1141,3,21.88545531377566,-2.6771348353752487,-5.397155713796762,-1.6624767094929607,0.8331008574881301,0.02948525737131434,0.0026292725679228747,-2.464682563091638,0.5416087961470505,-3.5262358035398567,-1.4031293226434192,5.347551972829557e-06,0.04763003113827701,1.4037323928677587e-05,dissociated,Portugal,1900-2020
Politics,Learning & Culture,Politics + Learning & Culture,4574,1141,343,393.37084477698835,-0.1974125302660752,-0.25163564127006843,-0.1447530534541673,0.027320314716677205,0.0004997501249375312,0.3006134969325153,-3.0374149379252846,0.09349501229639648,-3.2206651620262217,-2.8541647138243476,1.6035547900149743e-231,0.0013118440779610195,3.367465059031446e-230,dissociated,Portugal,1900-2020
Administration & Law,Military,Administration & Law + Military,4574,1141,5,9.742021011716385,-0.8969969001710425,-2.6008458326977557,0.010766590332709661,0.661988459274368,0.13493253373313344,0.0043821209465381246,-0.5166959736433056,0.44047938492055516,-1.3800355680875938,0.34664362080098254,0.24078337420092688,0.17709895052473765,0.3160281786387165,not distinguishable,Portugal,1900-2020
Administration & Law,Business,Administration & Law + Business,4574,1141,11,33.50356584625904,-1.5640521839864174,-2.620848477585167,-0.8992226411153583,0.44896527828489774,0.005997001499250375,0.009640666082383873,-0.8987883946314981,0.30535004376273117,-1.497274480406451,-0.30030230885654496,0.003245563027188025,0.011448821044023443,0.00619607487008623,dissociated,Portugal,1900-2020
Administration & Law,Nobility & Kinship,Administration & Law + Nobility & Kinship,4574,1141,1,9.19111417378873,-2.6917000390776256,-4.48319534009309,-1.3552570501337737,1.0126981476896026,0.0004997501249375312,0.0008764241893076249,-1.730272415363074,0.8244616118321161,-3.3462171745540212,-0.11432765617212648,0.03584604759465072,0.0013118440779610195,0.053769071391976085,dissociated,Portugal,1900-2020
Administration & Law,Religion,Administration & Law + Religion,4574,1141,4,7.98584413180858,-0.9151331779721024,-2.5808511713869025,0.02468774340089751,0.7485526019508909,0.15892053973013492,0.0035056967572304996,-1.0992767768091456,0.481290373452906,-2.0426059087768413,-0.15594764484144985,0.0223703631325409,0.19631360790193136,0.03613674044487376,not distinguishable,Portugal,1900-2020
Administration & Law,Learning & Culture,Administration & Law + Learning & Culture,4574,1141,98,143.5381721489506,-0.5482555672087184,-0.7632313845203798,-0.36736151444035187,0.10169440799857782,0.0004997501249375312,0.08588957055214724,-2.7790464561339028,0.127093826312243,-3.028150355705899,-2.5299425565619065,5.463127856182873e-106,0.0013118440779610195,5.736284248992016e-105,dissociated,Portugal,1900-2020
Military,Business,Military + Business,4574,1141,4,9.411778575936182,-1.1392189573268676,-2.8963113630138047,-0.16317292734603395,0.7627944327995269,0.11294352823588207,0.0035056967572304996,-0.6944051904468388,0.48418144218620873,-1.6434008171318077,0.25459043623813027,0.1515198130145473,0.16861569215392302,0.21212773822036624,not distinguishable,Portugal,1900-2020
Military,Nobility & Kinship,Military + Nobility & Kinship,4574,1141,2,2.581955958562755,-0.3019181508663453,-2.7068511361233862,0.8341980920051868,0.9663871203068578,0.7116441779110445,0.0017528483786152498,-0.03532774054480905,0.6473717289488222,-1.3041763292845008,1.2335208481948825,0.9564802209076813,0.7472263868065967,0.9895862298147688,not distinguishable,Portugal,1900-2020
Military,Religion,Military + Religion,4574,1141,2,2.2433730503618627,-0.13402272172561963,-2.5421040225669915,1.0556160690365333,0.962513166962502,0.8505747126436781,0.0017528483786152498,-0.5339958440955147,0.6443874319416834,-1.7969952107012142,0.7290035225101846,0.4072812308611441,0.8505747126436782,0.503112108710825,not distinguishable,Portugal,1900-2020
Military,Learning & Culture,Military + Learning & Culture,4574,1141,21,40.322558490035405,-0.9250299440457597,-1.5507303852207532,-0.47799421737279396,0.2818553588085003,0.00399800099950025,0.018404907975460124,-3.107576605113751,0.2423367543871797,-3.582556643712623,-2.632596566514879,1.2129330344014369e-37,0.008395802098950526,5.094318744486035e-37,dissociated,Portugal,1900-2020
Business,Nobility & Kinship,Business + Nobility & Kinship,4574,1141,7,8.879546796892756,-0.3226276203441663,-1.5711201594967135,0.4232915751195327,0.5338901652118895,0.5057471264367817,0.006134969325153374,-0.0050073529600761,0.38364359030780004,-0.7569487899633642,0.7469340840432119,0.989586229814769,0.558983666061706,0.9895862298147688,not distinguishable,Portugal,1900-2020
Business,Religion,Business + Religion,4574,1141,3,7.715133915244916,-1.2309291707422203,-3.9914618699961704,-0.1672860208449602,0.8758271472933489,0.12043978010994502,0.0026292725679228747,-1.3249285191478168,0.5433043348299761,-2.38980501541457,-0.26005202288106366,0.014742283773180005,0.16861569215392302,0.02579899660306501,not distinguishable,Portugal,1900-2020
Business,Learning & Culture,Business + Learning & Culture,4574,1141,199,138.67240604755352,0.5195155525358144,0.41228976228782516,0.6323031278712864,0.05669233159975984,0.0004997501249375312,0.17440841367221735,-1.2751027986082062,0.11818168462542072,-1.5067389004740308,-1.0434666967423816,3.865405944731711e-27,0.0013118440779610195,1.3528920806560988e-26,associated,Portugal,1900-2020
Nobility & Kinship,Religion,Nobility & Kinship + Religion,4574,1141,4,2.1165113291665776,0.7822804957871985,-0.8779514097348342,1.7202658235682982,0.7376688438300383,0.2178910544727636,0.0035056967572304996,0.2219178184959355,0.48885580851873955,-0.736239566200794,1.180075203192665,0.649862276119797,0.2542062302182242,0.7581726554730965,not distinguishable,Portugal,1900-2020
Nobility & Kinship,Learning & Culture,Nobility & Kinship + Learning & Culture,4574,1141,67,38.04233622730549,0.8084434795335618,0.6230587470069051,0.9720129615501405,0.09080936013143011,0.0004997501249375312,0.058720420683610865,-0.8647147772161657,0.21291730818916624,-1.2820327012669317,-0.4473968531653999,4.8806387228080804e-05,0.0013118440779610195,0.00011388157019885522,associated,Portugal,1900-2020
Religion,Learning & Culture,Religion + Learning & Culture,4574,1141,59,33.05368226057897,0.8264185685355295,0.6329823814290807,1.002263961949606,0.09290541280189936,0.0004997501249375312,0.051709027169149865,-2.1937395653651155,0.16742527634956117,-2.5218931070102553,-1.8655860237199757,3.17339631865464e-39,0.0013118440779610195,1.666033067293686e-38,associated,Portugal,1900-2020
Politics,Administration & Law,Politics + Administration & Law,1434,599,100,50.42546849281982,0.980736248853788,0.8023143183243108,1.1592777249191206,0.09219118896649872,0.0004997501249375312,0.1669449081803005,1.1766540713892324,0.16044809828131562,0.8621757987578538,1.491132344020611,2.2413563730665128e-13,0.0014992503748125937,1.1767120958599192e-12,associated,Romania,1800-1899
Politics,Military,Politics + Military,1434,599,54,28.723006868516265,0.8991515996224566,0.6384193996286395,1.1532446886451444,0.1322611353567184,0.0004997501249375312,0.09015025041736227,0.21352426361044288,0.17796903051992147,-0.1352950362086032,0.562343563429489,0.23022352717400862,0.0014992503748125937,0.24173470353270904,associated,Romania,1800-1899
Politics,Business,Politics + Business,1434,599,17,39.06213414546239,-1.1767653310876691,-1.9094765302952477,-0.6788205648354971,0.31969308868467666,0.0034982508745627187,0.028380634390651086,-1.1855709943087127,0.2625156731236016,-1.7001017136309717,-0.6710402749864536,6.29617957932243e-06,0.006678478942347008,2.2036628527628507e-05,dissociated,Romania,1800-1899
Politics,Nobility & Kinship,Politics + Nobility & Kinship,1434,599,12,15.80369507474461,-0.3832708794996359,-1.2983020479020067,0.21386267420067165,0.38340553215615963,0.29185407296351823,0.02003338898163606,-0.7157868948095398,0.317532781129062,-1.3381511458225015,-0.09342264379657828,0.024182697752036072,0.30644677661169417,0.03516918123053331,not distinguishable,Romania,1800-1899
Politics,Religion,Politics + Religion,1434,599,5,15.237096328979762,-1.5166658482119455,-3.0985767578817116,-0.657463447594604,0.6105097857019363,0.029985007496251874,0.008347245409015025,-1.8731500004841388,0.4451304145301872,-2.7456056129633057,-1.000694388004972,2.575353426455695e-05,0.041979010494752625,7.726060279367086e-05,dissociated,Romania,1800-1899
Politics,Learning & Culture,Politics + Learning & Culture,1434,599,118,156.74859910720397,-0.40816010538902875,-0.5533137887722178,-0.28716175556823553,0.06738270161562791,0.0004997501249375312,0.19699499165275458,-2.7024849907186286,0.13926064408455183,-2.9754358531243503,-2.429534128312907,6.873722150059171e-84,0.0014992503748125937,1.4434816515124257e-82,dissociated,Romania,1800-1899
Administration & Law,Military,Administration & Law + Military,1434,599,11,13.326120809761257,-0.26576257561165817,-1.210730350490277,0.38503407363554776,0.4099566634690113,0.5027486256871564,0.018363939899833055,-0.7080702747321509,0.31681835688660087,-1.3290342542298887,-0.08710629523441316,0.025421234968249884,0.5027486256871564,0.03516918123053331,not distinguishable,Romania,1800-1899
Administration & Law,Business,Administration & Law + Business,1434,599,4,18.12298834493235,-2.049087687528171,-3.7265011170366473,-1.098740391573516,0.7465372549220503,0.017491254372813594,0.00667779632721202,-1.5816844420979381,0.485863424555111,-2.5339767542259555,-0.6293921299699206,0.0011322894838323592,0.02623688155922039,0.0023778079160479545,dissociated,Romania,1800-1899
Administration & Law,Nobility & Kinship,Administration & Law + Nobility & Kinship,1434,599,2,7.332169322339288,-1.6474838597706212,-4.039458460488542,-0.5101584240579157,0.954472092727033,0.1294352823588206,0.00333889816360601,-1.432665413132866,0.6489299438748484,-2.704568103127569,-0.1607627231381632,0.027262744676435427,0.1598906429138372,0.03516918123053331,not distinguishable,Romania,1800-1899
Administration & Law,Religion,Administration & Law + Religion,1434,599,1,7.069294221160454,-2.335196285473855,-4.155758924926502,-0.9310330690304947,1.0181555689502744,0.0004997501249375312,0.001669449081803005,-2.149311221640322,0.8277756082110538,-3.7717514137339876,-0.5268710295466568,0.009418160320038138,0.0014992503748125937,0.01648178056006674,dissociated,Romania,1800-1899
Administration & Law,Learning & Culture,Administration & Law + Learning & Culture,1434,599,51,72.72395881202318,-0.5077433419486262,-0.8124296487624859,-0.2405072363556769,0.1414325239493679,0.0009995002498750624,0.08514190317195326,-1.9790964864014664,0.17594812543932573,-2.323954812262545,-1.634238160540388,2.3641548142701246e-29,0.002623688155922039,1.6549083699890871e-28,dissociated,Romania,1800-1899
Military,Business,Military + Business,1434,599,1,10.323091371647914,-2.8510782254519644,-4.627783967554018,-1.459306638391233,1.0132601136898123,0.0004997501249375312,0.001669449081803005,-2.5392394185784104,0.8253279216006433,-4.156882144915671,-0.9215966922411496,0.002093458220966895,0.0014992503748125937,0.003996602058209526,dissociated,Romania,1800-1899
Military,Nobility & Kinship,Military + Nobility & Kinship,1434,599,10,4.176499616194218,1.1668883536232222,0.22596875998873212,1.7899568234076342,0.39874512632369635,0.013993003498250875,0.01669449081803005,0.3693688413258842,0.34583258940897577,-0.3084630339157083,1.0472007165674766,0.2854949007660137,0.02260408257409757,0.2854949007660137,associated,Romania,1800-1899
Military,Religion,Military + Religion,1434,599,2,4.026762517811152,-0.856551527279773,-3.2821406989600095,0.2665214438097675,0.9640465208257589,0.271864067966017,0.00333889816360601,-1.4378665551821426,0.6478023677056306,-2.7075591958851786,-0.16817391447910657,0.026445468734021402,0.3004813382782293,0.03516918123053331,not distinguishable,Romania,1800-1899
Military,Learning & Culture,Military + Learning & Culture,1434,599,24,41.42451881752712,-0.7750124763375384,-1.291960200951474,-0.37684559396531647,0.23934301114937973,0.005497251374312844,0.04006677796327212,-2.7509771599638073,0.22874768519038843,-3.1993226229369687,-2.302631696990646,2.5863960762972016e-33,0.009620189905047477,2.7157158801120615e-32,dissociated,Romania,1800-1899
Business,Nobility & Kinship,Business + Nobility & Kinship,1434,599,1,5.67987150555168,-2.042614340607427,-3.8837748042847715,-0.6332027420930425,1.014810225946301,0.0034982508745627187,0.001669449081803005,-1.6314433623054074,0.8302722053034054,-3.258776884700082,-0.004109839910732882,0.04942002590536902,0.006678478942347008,0.057656696889597195,dissociated,Romania,1800-1899
Business,Religion,Business + Religion,1434,599,1,5.476235073949427,-1.9942743966280474,-3.8060236651075012,-0.7011937791059005,0.9925760325645103,0.0024987506246876563,0.001669449081803005,-1.8158510354891007,0.8288739586298755,-3.4404439944036564,-0.19125807657454486,0.028470289567574587,0.005830418124271198,0.03516918123053331,dissociated,Romania,1800-1899
Business,Learning & Culture,Business + Learning & Culture,1434,599,111,56.33567956059409,0.9721749146571602,0.8149854624345118,1.1255363817443584,0.08154844386065735,0.0004997501249375312,0.18530884808013356,0.7280117177023553,0.22085644727757645,0.2951330810383055,1.160890354366405,0.0009796321827724673,0.0014992503748125937,0.0022858084264690904,associated,Romania,1800-1899
Nobility & Kinship,Religion,Nobility & Kinship + Religion,1434,599,6,2.2155663319376426,1.2591866143749428,-0.13832684073320348,2.0225840003887234,0.5498352255098543,0.037481259370314844,0.01001669449081803,0.5454813554918547,0.4283007998413256,-0.29398821219714344,1.384950923180853,0.20280731770699123,0.04919415292353823,0.22415545641299028,associated,Romania,1800-1899
Nobility & Kinship,Learning & Culture,Nobility & Kinship + Learning & Culture,1434,599,27,22.79219814997163,0.23958482149220456,-0.19890641512940246,0.5707751429804657,0.19791396313737503,0.21489255372313842,0.045075125208681135,-1.2353004764879023,0.2516253786374692,-1.728486218617342,-0.7421147343584626,9.140946183529422e-07,0.2507079793436615,3.839197397082357e-06,not distinguishable,Romania,1800-1899
Religion,Learning & Culture,Religion + Learning & Culture,1434,599,41,21.975045526871774,0.8847872983026824,0.626074940777976,1.1205408515924435,0.12487179529174233,0.0004997501249375312,0.06844741235392321,-0.7826583750413585,0.22721243278247863,-1.2279947432950167,-0.33732200678770036,0.0005718824244246658,0.0014992503748125937,0.0015011913641147477,associated,Romania,1800-1899
Politics,Administration & Law,Politics + Administration & Law,2777,724,93,43.89246649034807,1.0746514965143854,0.9066926014618062,1.25601285296461,0.09025773501518614,0.0004997501249375312,0.12845303867403315,1.7094595518120232,0.1739328066109522,1.368551250854557,2.0503678527694897,8.50628034940134e-23,0.000954068420335287,5.954396244580938e-22,associated,Romania,1900-2020
Politics,Military,Politics + Military,2777,724,30,17.360542644133684,0.7720333291756365,0.41745612936804927,1.0721162041859766,0.16988659299891826,0.0004997501249375312,0.04143646408839779,0.7748771613610446,0.24037161371218022,0.30374879848517133,1.2460055242369177,0.0012656209196161327,0.000954068420335287,0.0029531154791043093,associated,Romania,1900-2020
Politics,Business,Politics + Business,2777,724,40,57.538257320297106,-0.5190822931249973,-0.8939659279833854,-0.2218253098164989,0.1701129321470812,0.0069965017491254375,0.055248618784530384,-0.17001420544394028,0.18360705099925584,-0.5298840254024817,0.18985561451460117,0.3544627473387255,0.011302041287048785,0.391774615479644,dissociated,Romania,1900-2020
Politics,Nobility & Kinship,Politics + Nobility & Kinship,2777,724,7,12.119752716279255,-0.7507211403050988,-1.9764196230965685,-0.0021091512870363752,0.5038018674312399,0.11744127936031984,0.009668508287292817,-0.6621760339116808,0.3978366675091656,-1.4419359022296452,0.11758383440628373,0.09602414505149477,0.13701482592037315,0.1551159266216454,not distinguishable,Romania,1900-2020
Politics,Religion,Politics + Religion,2777,724,11,19.680661605086367,-0.8113396115268908,-1.6818984796468865,-0.24174950420421482,0.37656283963520554,0.034482758620689655,0.015193370165745856,-1.0945350791926376,0.31445442514819205,-1.7108657524830941,-0.47820440590218116,0.0005000247837699426,0.04827586206896552,0.0013125650573960993,dissociated,Romania,1900-2020
Politics,Learning & Culture,Politics + Learning & Culture,2777,724,281,311.40831925385254,-0.1479871106445024,-0.19316731982774676,-0.10958357266867629,0.02134071438440343,0.0004997501249375312,0.38812154696132595,-3.132982613826681,0.12056460281343621,-3.369289235341016,-2.896675992312346,7.143709985534985e-149,0.000954068420335287,1.5001790969623468e-147,dissociated,Romania,1900-2020
Administration & Law,Military,Administration & Law + Military,2777,724,2,3.616854346900364,-0.7196143125472115,-3.12750949265999,0.4654209368854276,0.9492629445786326,0.3733133433283358,0.0027624309392265192,-0.5075972615485074,0.6489307979351839,-1.779501625501468,0.7643071024044532,0.43409379254069913,0.3919790104947526,0.45579848216773405,not distinguishable,Romania,1900-2020
Administration & Law,Business,Administration & Law + Business,2777,724,2,11.987384286764218,-2.3204713094743594,-4.717638128508948,-1.079882108473102,0.9950575979673553,0.050974512743628186,0.0027624309392265192,-1.4831361693443266,0.642380257944738,-2.742201474916013,-0.2240708637726403,0.020953936227784072,0.06690404797601199,0.04400326607834655,not distinguishable,Romania,1900-2020
Administration & Law,Nobility & Kinship,Administration & Law + Nobility & Kinship,2777,724,0,2.5250005828616517,-2.5969354203679043,-3.01814488364873,-2.1302300516087294,0.22253108430287005,0.0004997501249375312,0.0,-1.7745083851390748,1.4236693686781163,-4.564900347748183,1.0158835774700332,0.21260549739413803,0.000954068420335287,0.26263032031040584,dissociated,Romania,1900-2020
Administration & Law,Religion,Administration & Law + Religion,2777,724,0,4.100222437475762,-3.2017036224054105,-3.5548053620411237,-2.8229044972723716,0.1854896278188012,0.0004997501249375312,0.0,-2.5905105294326343,1.4198628474073303,-5.373441710351002,0.19242065148573317,0.06807962644651266,0.000954068420335287,0.11913934628139716,dissociated,Romania,1900-2020
Administration & Law,Learning & Culture,Administration & Law + Learning & Culture,2777,724,34,64.87807185766904,-0.9222104676096288,-1.3556760132439705,-0.604861748072867,0.1893696782357469,0.0004997501249375312,0.04696132596685083,-2.883621417943829,0.2010392850968989,-3.277658416733751,-2.4895844191539074,1.168817286046239e-46,0.000954068420335287,1.2272581503485509e-45,dissociated,Romania,1900-2020
Military,Business,Military + Business,2777,724,1,4.741303297406424,-1.804963094803739,-3.6303792648094566,-0.4993836471084278,1.0106418818192335,0.031484257871064465,0.0013812154696132596,-1.251865874547247,0.8284537731706809,-2.8756352699617818,0.3719035208672874,0.13076624095234674,0.047226386806596694,0.1961493614285201,dissociated,Romania,1900-2020
Military,Nobility & Kinship,Military + Nobility & Kinship,2777,724,2,0.9986994079011599,0.7382170419664942,-1.678613241421412,1.890128817871106,0.9469651973154289,0.35282358820589704,0.0027624309392265192,0.6497942301217535,0.6595308983255362,-0.6428863305962974,1.9424747908398046,0.324507680236893,0.389962913280202,0.37859229360970853,not distinguishable,Romania,1900-2020
Military,Religion,Military + Religion,2777,724,0,1.621738128840051,-2.0852466055752705,-2.4516070532643086,-1.6859215211746919,0.19595414907419562,0.0004997501249375312,0.0,-1.8436935838874549,1.422307853938552,-4.631416977607017,0.9440298098321072,0.1948828237556497,0.000954068420335287,0.25578370617929025,dissociated,Romania,1900-2020
Military,Learning & Culture,Military + Learning & Culture,2777,724,19,25.660862175560577,-0.4239359641053258,-1.0093594128555667,-0.013529321205971041,0.25352655076615216,0.09095452273863068,0.026243093922651933,-2.5627792302319135,0.26863640501241143,-3.08930658405624,-2.036251876407587,1.4289422855363163e-21,0.11235558691242613,7.50194699906566e-21,not distinguishable,Romania,1900-2020
Business,Nobility & Kinship,Business + Nobility & Kinship,2777,724,0,3.310001576296511,-2.9297915945990933,-3.3255892378736087,-2.4555871034018604,0.22209543334203619,0.0004997501249375312,0.0,-1.985645738306997,1.4232514099758433,-4.77521850185965,0.8039270252456558,0.1629713453725975,0.000954068420335287,0.2281598835216365,dissociated,Romania,1900-2020
Business,Religion,Business + Religion,2777,724,0,5.374946375588503,-3.554575683332853,-3.8803839947892667,-3.1933943242518974,0.17699122156000116,0.0004997501249375312,0.0,-2.8019623044073385,1.4194438554186943,-5.584072261027979,-0.019852347786697866,0.048383334383687034,0.000954068420335287,0.09236818382340252,dissociated,Romania,1900-2020
Business,Learning & Culture,Business + Learning & Culture,2777,724,125,85.04810714640895,0.5528795253387845,0.41808145387945783,0.6969303386199778,0.07030287991629854,0.0004997501249375312,0.17265193370165746,-0.7312896044732191,0.16624380708683614,-1.057127466363418,-0.4054517425830203,1.0880178231193556e-05,0.000954068420335287,3.264053469358067e-05,associated,Romania,1900-2020
Nobility & Kinship,Religion,Nobility & Kinship + Religion,2777,724,2,1.1321688206989602,0.6151378070701063,-1.7563318384002236,1.7409916536918528,0.9371296844656657,0.46476761619190404,0.0027624309392265192,0.20915929839370434,0.6558451607091267,-1.076297216596184,1.4946158133835925,0.7497904618790758,0.464767616191904,0.7497904618790758,not distinguishable,Romania,1900-2020
Nobility & Kinship,Learning & Culture,Nobility & Kinship + Learning & Culture,2777,724,27,17.91437689647387,0.5785990383193419,0.24619268842511652,0.8350211003063015,0.15395148230540034,0.0029985007496251873,0.03729281767955801,-1.3115594930566021,0.2851782775709229,-1.870508917095611,-0.7526100690175933,4.243480963667416e-06,0.005247376311844077,1.4852183372835956e-05,associated,Romania,1900-2020
Religion,Learning & Culture,Religion + Learning & Culture,2777,724,48,29.090262633156843,0.7128622458381759,0.5146241664631981,0.9039989719759123,0.09830056831904518,0.0004997501249375312,0.06629834254143646,-1.8103006123456082,0.19735059274458805,-2.197107774125001,-1.4234934505662156,4.599560483268579e-20,0.000954068420335287,1.931815402972803e-19,associated,Romania,1900-2020
Politics,Administration & Law,Politics + Administration & Law,1672,805,55,23.057020168942856,1.2363307135921748,0.9520387625032176,1.5010859042030786,0.13983325538199276,0.0004997501249375312,0.06832298136645963,0.9853779556508525,0.1799190492735845,0.6327366190746269,1.3380192922270782,4.331228635632099e-08,0.0017491254372813594,1.136947516853426e-07,associated,Russia,1600-1799
Politics,Military,Politics + Military,1672,805,111,83.73082714405278,0.40462347164106455,0.2229532117434971,0.5669160920071643,0.08765507748593741,0.0004997501249375312,0.13788819875776398,0.08293690240864154,0.13169318410878914,-0.17518173844458518,0.34105554326186827,0.5288426621880182,0.0017491254372813594,0.5845103108393886,associated,Russia,1600-1799
Politics,Business,Politics + Business,1672,805,8,21.05862929726,-1.3427307077520543,-2.502032491123838,-0.6279135983887161,0.4819565120266582,0.014492753623188406,0.009937888198757764,-1.3310282305444838,0.359595723859329,-2.0358358493087687,-0.626220611780199,0.00021436470312506293,0.027667984189723323,0.0004092417059660292,dissociated,Russia,1600-1799
Politics,Nobility & Kinship,Politics + Nobility & Kinship,1672,805,42,67.84169818892396,-0.6853032557749598,-1.110190048067175,-0.37409527699526146,0.18235683745846293,0.0009995002498750624,0.05217391304347826,-1.0394922112353604,0.17527862511074,-1.3830383164524107,-0.6959461060183101,3.0198918446256183e-09,0.0029985007496251873,1.0569621456189662e-08,dissociated,Russia,1600-1799
Politics,Religion,Politics + Religion,1672,805,6,10.144995266942505,-0.7116636850747491,-2.1909069210346663,0.12664428322389448,0.6041568329935872,0.1794102948525737,0.007453416149068323,-1.2739903876872225,0.41003054516857396,-2.0776502562176273,-0.47033051915681756,0.001889566679110605,0.23547601199400298,0.003306741688443559,not distinguishable,Russia,1600-1799
Politics,Learning & Culture,Politics + Learning & Culture,1672,805,39,55.16682993702751,-0.4949652749948555,-0.9221575347493534,-0.1569248144402167,0.19582485379361125,0.01699150424787606,0.0484472049689441,-1.887142868204853,0.17886623244784247,-2.2377206838026242,-1.5365650526070818,5.0483358365901607e-26,0.029735132433783108,3.533835085613112e-25,dissociated,Russia,1600-1799
Administration & Law,Military,Administration & Law + Military,1672,805,22,40.09590850392972,-0.8514093299450102,-1.412916305745062,-0.3954763275661045,0.2654829161408095,0.005997001499250375,0.02732919254658385,-1.2816302750738935,0.2335550992460731,-1.7393982695961967,-0.8238622805515903,4.076949322456075e-08,0.013643178410794602,1.136947516853426e-07,dissociated,Russia,1600-1799
Administration & Law,Business,Administration & Law + Business,1672,805,6,10.08427722884479,-0.703411131782526,-2.198087916078079,0.12018010626839822,0.6139020917427078,0.19740129935032483,0.007453416149068323,-0.8421187999815646,0.41044647862447703,-1.6465938980855395,-0.037643701877589586,0.0401974621514328,0.24371147759453604,0.056276447012005924,not distinguishable,Russia,1600-1799
Administration & Law,Nobility & Kinship,Administration & Law + Nobility & Kinship,1672,805,30,32.48713306814046,-0.11309415516951532,-0.6168706706406463,0.25449613313786384,0.2250414078278929,0.6156921539230384,0.037267080745341616,-0.5551850255836249,0.20907073658991737,-0.964963669299863,-0.14540638186738686,0.007919353387253811,0.6156921539230384,0.01279280162556385,not distinguishable,Russia,1600-1799
Administration & Law,Religion,Administration & Law + Religion,1672,805,2,4.858100843746638,-1.0997936392238894,-3.5139852450815177,0.06221512692384756,0.969504953483151,0.17491254372813594,0.002484472049689441,-1.5205892772764515,0.6456111601273031,-2.7859871511259655,-0.25519140342693736,0.018509198896516612,0.23547601199400298,0.027763798344774916,not distinguishable,Russia,1600-1799
Administration & Law,Learning & Culture,Administration & Law + Learning & Culture,1672,805,22,26.41756018725795,-0.25862264828075815,-0.8611603724050524,0.19439802064143488,0.27108316458638243,0.3308345827086457,0.02732919254658385,-1.6419459371209921,0.23319069841545825,-2.0989997060152903,-1.184892168226694,1.905701329269125e-12,0.34737631184407797,1.0004931978662907e-11,not distinguishable,Russia,1600-1799
Military,Business,Military + Business,1672,805,11,36.62072840871459,-1.6905911591376919,-2.692614806038547,-1.0635412657344148,0.41251965360075865,0.0004997501249375312,0.013664596273291925,-1.9126266113741839,0.31210301402439,-2.5243485188619883,-1.3009047038863795,8.888433066959735e-10,0.0017491254372813594,3.733141888123089e-09,dissociated,Russia,1600-1799
Military,Nobility & Kinship,Military + Nobility & Kinship,1672,805,170,117.97597883000974,0.5251771589088778,0.39593344229022376,0.6473574202407301,0.06314630449571369,0.0004997501249375312,0.2111801242236025,0.08002986198026002,0.11348080803549669,-0.1423925217693135,0.30245224572983354,0.48066825655027356,0.0017491254372813594,0.5607796326419858,associated,Russia,1600-1799
Military,Religion,Military + Religion,1672,805,3,17.642036959486987,-2.373909621329448,-5.159268165300245,-1.3312907370848874,0.8866138149724625,0.05697151424287856,0.0037267080745341614,-2.8349969885137485,0.5461691946064574,-3.905488609942405,-1.764505367085092,2.0951205676907529e-07,0.09070464767616192,4.888614657945089e-07,not distinguishable,Russia,1600-1799
Military,Learning & Culture,Military + Learning & Culture,1672,805,75,95.93452013310716,-0.35307302805593016,-0.6057911264801117,-0.15079920246127826,0.11908794411624553,0.006496751624187906,0.09316770186335403,-2.2614458266587496,0.13783169376162363,-2.531595946431532,-1.9912957068859674,1.6958346058669312e-60,0.013643178410794602,3.5612526723205555e-59,dissociated,Russia,1600-1799
Business,Nobility & Kinship,Business + Nobility & Kinship,1672,805,34,29.671418387976967,0.19341384130276576,-0.2389525723610805,0.5379070233065808,0.1966979040422029,0.30334832583708143,0.0422360248447205,-0.2163537397745391,0.20369489136035424,-0.6155957268408334,0.18288824729175518,0.28816935273645616,0.33527972855677424,0.35597390632150466,not distinguishable,Russia,1600-1799
Business,Religion,Business + Religion,1672,805,7,4.437041040323516,0.6032439577352777,-0.5923168228788949,1.3538575793470569,0.49941135941739717,0.20889555222388806,0.008695652173913044,-0.19794192108201103,0.38951481978685637,-0.9613909678642495,0.5655071257002274,0.6113302120091773,0.24371147759453604,0.6418967226096362,not distinguishable,Russia,1600-1799
Business,Learning & Culture,Business + Learning & Culture,1672,805,60,24.127905637644517,1.2966411964283955,1.03494549429401,1.5324093162971921,0.1283906350995529,0.0004997501249375312,0.07453416149068323,-0.00742125405248655,0.17738466279570275,-0.35509519313206395,0.34025268502709083,0.9666285855401847,0.0017491254372813594,0.9666285855401847,associated,Russia,1600-1799
Nobility & Kinship,Religion,Nobility & Kinship + Religion,1672,805,7,14.294206658011841,-0.9800698331043679,-2.347826015340286,-0.20423321189026902,0.5488338777298527,0.06046976511744128,0.008695652173913044,-1.6957027421699455,0.38295144465273806,-2.446287573689312,-0.9451179106505789,9.511810239783738e-06,0.09070464767616192,1.997480150354585e-05,not distinguishable,Russia,1600-1799
Nobility & Kinship,Learning & Culture,Nobility & Kinship + Learning & Culture,1672,805,57,77.72956487784774,-0.44415198449110416,-0.7632187041569715,-0.17910465111409102,0.15216108378810678,0.005997001499250375,0.07080745341614907,-2.162969145470762,0.15219998097856305,-2.4612811081887456,-1.8646571827527785,7.789474719251601e-46,0.013643178410794602,8.178948455214181e-45,dissociated,Russia,1600-1799
Religion,Learning & Culture,Religion + Learning & Culture,1672,805,38,11.623619231807632,1.6670379987845734,1.363204902562078,1.9452319433385286,0.1484990933752143,0.0004997501249375312,0.04720496894409938,-0.27204782181873083,0.2088284935317094,-0.6813516691408812,0.1372560255034196,0.19266584667589992,0.0017491254372813594,0.25287392376211865,associated,Russia,1600-1799
Politics,Administration & Law,Politics + Administration & Law,7097,2263,142,67.30922224368516,1.0714085169028476,0.8959401213877576,1.2304641334675857,0.08511437321551892,0.0004997501249375312,0.0627485638532921,1.024604249273026,0.11101711672651643,0.8070107004890539,1.2421977980569983,2.725443190665896e-20,0.0010494752623688157,8.176329571997688e-20,associated,Russia,1800-1899
Politics,Military,Politics + Military,7097,2263,234,180.27600494939642,0.37538472639167436,0.24507723023563854,0.4999270681165192,0.06720919295536334,0.0004997501249375312,0.1034025629695095,0.17066290142820215,0.08076156425891261,0.012370235480733432,0.3289555673756709,0.034586234142572836,0.0010494752623688157,0.03631554584970148,associated,Russia,1800-1899
Politics,Business,Politics + Business,7097,2263,84,103.80726840389475,-0.3038164456253535,-0.5771467018198709,-0.07454306786912691,0.12969493993840137,0.018490754622688656,0.03711886875828546,-0.1973555614521262,0.12301419211916476,-0.43846337800568913,0.04375225510143671,0.10864096885968917,0.022841520416262456,0.10864096885968917,dissociated,Russia,1800-1899
Politics,Nobility & Kinship,Politics + Nobility & Kinship,7097,2263,78,123.3780607071867,-0.6581561440065025,-0.9650367053468467,-0.4036310331023612,0.14442738126290872,0.0004997501249375312,0.0344675209898365,-0.6109404382495298,0.12420518027678835,-0.854382591592035,-0.36749828490702463,8.707639193464612e-07,0.0010494752623688157,1.8286042306275685e-06,dissociated,Russia,1800-1899
Politics,Religion,Politics + Religion,7097,2263,32,44.398872682209145,-0.46623950419273164,-0.9685087672382224,-0.07059927253041177,0.23137099422338206,0.04247876061969016,0.014140521431727796,-0.7330134618751883,0.18784619061172284,-1.1011919954741651,-0.3648349282762116,9.532222452356542e-05,0.046950209105973334,0.00014298333678534813,dissociated,Russia,1800-1899
Politics,Learning & Culture,Politics + Learning & Culture,7097,2263,372,422.83057105508914,-0.1845442518767392,-0.2706430037037774,-0.10001930056233378,0.043458759946725115,0.0004997501249375312,0.1643835616438356,-2.4493966791010977,0.06967528756938185,-2.585960242737086,-2.3128331154651094,9.93832381646252e-271,0.0010494752623688157,2.0870480014571292e-269,dissociated,Russia,1800-1899
Administration & Law,Military,Administration & Law + Military,7097,2263,29,49.81308704049472,-0.7702187567426412,-1.3471781053031866,-0.3574634120116297,0.25905011998890404,0.0069965017491254375,0.012814847547503314,-0.7920025402656633,0.19469736545648952,-1.1736093765603828,-0.4103957039709438,4.7445915235284625e-05,0.010494752623688156,7.664340153392131e-05,dissociated,Russia,1800-1899
Administration & Law,Business,Administration & Law + Business,7097,2263,12,28.683576041585226,-1.2232285814238841,-2.189255703811856,-0.5869705697620694,0.4146572454184151,0.010494752623688156,0.005302695536897923,-0.8511251557040189,0.2913921814035433,-1.4222538312549637,-0.2799964801530741,0.0034903055130229925,0.014692653673163419,0.004072023098526824,dissociated,Russia,1800-1899
Administration & Law,Nobility & Kinship,Administration & Law + Nobility & Kinship,7097,2263,13,34.09129284077309,-1.3574495278026546,-2.2797698609177197,-0.7206313945629769,0.39380919400727143,0.004997501249375313,0.0057445868316394165,-1.051920231970293,0.28025808514137823,-1.6012260788473944,-0.5026143850931916,0.00017445329932305728,0.008072886633606275,0.00024423461905228016,dissociated,Russia,1800-1899
Administration & Law,Religion,Administration & Law + Religion,7097,2263,7,12.26810473218295,-0.7675818899101727,-2.215043196610359,-0.024202200278330185,0.5570921286918277,0.12443778110944528,0.0030932390631904553,-0.84339587322944,0.37348931629995874,-1.575434933177359,-0.11135681328152092,0.023936146815161725,0.13065967016491756,0.026455741216757696,not distinguishable,Russia,1800-1899
Administration & Law,Learning & Culture,Administration & Law + Learning & Culture,7097,2263,106,116.8347171064807,-0.13977651204444008,-0.3803647430701368,0.05646299045015595,0.10820031817818344,0.19140429785107446,0.04684047724259832,-1.9466493505592377,0.11780605532591791,-2.177549218998037,-1.7157494821204387,2.457287021309312e-61,0.19140429785107443,1.2900756861873888e-60,not distinguishable,Russia,1800-1899
Military,Business,Military + Business,7097,2263,17,76.82395255910625,-2.143560463443899,-2.9120427476912365,-1.5887945175666147,0.33765367569255156,0.0004997501249375312,0.007512152010605391,-1.7172182699447445,0.24548270338691772,-2.1983643685831034,-1.2360721713063858,2.647448843966119e-12,0.0010494752623688157,6.949553215411063e-12,dissociated,Russia,1800-1899
Military,Nobility & Kinship,Military + Nobility & Kinship,7097,2263,245,91.30757824899881,1.4190378737294156,1.297807889587527,1.5404684969436337,0.06318484077572727,0.0004997501249375312,0.10826336721166593,1.3511172241186518,0.08844966529805882,1.1777558801344565,1.524478568102847,1.1128630411376727e-52,0.0010494752623688157,4.674024772778225e-52,associated,Russia,1800-1899
Military,Religion,Military + Religion,7097,2263,13,32.857977490985206,-1.3050724129159519,-2.252902599722492,-0.6901612686253823,0.3910400194112232,0.004997501249375313,0.0057445868316394165,-1.4340980912284937,0.2802199949265424,-1.983329281284517,-0.8848669011724706,3.091891325463314e-07,0.008072886633606275,7.214413092747732e-07,dissociated,Russia,1800-1899
Military,Learning & Culture,Military + Learning & Culture,7097,2263,206,312.92139973174767,-0.6019619056095004,-0.7462807305437998,-0.47331291011264787,0.06838893845531652,0.0004997501249375312,0.09102960671674767,-2.8910770706574302,0.0838835318185021,-3.0554887930216945,-2.726665348293166,2.6501811366441004e-260,0.0010494752623688157,2.782690193476305e-259,dissociated,Russia,1800-1899
Business,Nobility & Kinship,Business + Nobility & Kinship,7097,2263,19,52.5771041202296,-1.4446155356300976,-2.1957817402275506,-0.9141424373051018,0.32355756266343716,0.0014992503748125937,0.008395934600088379,-1.0125263313381807,0.23456886474114017,-1.4722813062308155,-0.552771356445546,1.5849261255178116e-05,0.0028622052610058606,3.0257680578067313e-05,dissociated,Russia,1800-1899
Business,Religion,Business + Religion,7097,2263,5,18.92041533521488,-1.820070531571915,-3.662007146551914,-0.8881593231835226,0.6901997037988903,0.02798600699650175,0.002209456473707468,-1.5091724247688802,0.4326694259831796,-2.3572044996959125,-0.6611403498418482,0.0004865577822398076,0.03265034149591871,0.0006010419662962329,dissociated,Russia,1800-1899
Business,Learning & Culture,Business + Learning & Culture,7097,2263,324,180.18768354886782,0.8447203089812693,0.7507248238123344,0.932166508135948,0.04585131981875505,0.0004997501249375312,0.14317277949624393,-0.40132013169613573,0.09529396090153672,-0.5880962950631476,-0.21454396832912376,2.5380298283836525e-05,0.0010494752623688157,4.4415521996713914e-05,associated,Russia,1800-1899
Nobility & Kinship,Religion,Nobility & Kinship + Religion,7097,2263,9,22.48748269486055,-1.2748490700103747,-2.380868876634907,-0.5239959756382827,0.4834208996157057,0.015992003998001,0.003977021652673442,-1.221611183455871,0.3320575310826855,-1.8724439443779346,-0.5707784225338074,0.00023422899763016105,0.020989505247376312,0.00030742555938958636,dissociated,Russia,1800-1899
Nobility & Kinship,Learning & Culture,Nobility & Kinship + Learning & Culture,7097,2263,174,214.1584813992222,-0.29881613998865686,-0.4652758870146441,-0.14945431640433052,0.08018692374166102,0.0004997501249375312,0.07688908528501988,-2.1694772222045673,0.09286569982858095,-2.351493993868586,-1.9874604505405487,1.0543043438385157e-120,0.0010494752623688157,7.380130406869609e-120,dissociated,Russia,1800-1899
Religion,Learning & Culture,Religion + Learning & Culture,7097,2263,142,77.06714706778871,0.877444274100523,0.7382683301257967,1.0048894031343234,0.07043979593811858,0.0004997501249375312,0.0627485638532921,-1.1340057372303523,0.1168474079029134,-1.3630266567200624,-0.904984817740642,2.8703671514139887e-22,0.0010494752623688157,1.004628502994896e-21,associated,Russia,1800-1899
Politics,Administration & Law,Politics + Administration & Law,11609,2446,201,84.35412290955968,1.2477231742065538,1.120106974670145,1.3704403890782537,0.06545184163515148,0.0004997501249375312,0.0821749795584628,1.6510322974809595,0.10073805972481881,1.4535857004203145,1.8484788945416044,2.2783174209809662e-60,0.0013118440779610195,9.568933168120057e-60,associated,Russia,1900-2020
Politics,Military,Politics + Military,11609,2446,236,162.27323587470795,0.5389766807977494,0.41256185171754306,0.6628082371719815,0.0636792355121688,0.0004997501249375312,0.0964840556009812,0.18052290794157377,0.07683096313167818,0.029934220203484546,0.331111595679663,0.0187930189026141,0.0013118440779610195,0.030357953611915085,associated,Russia,1900-2020
Politics,Business,Politics + Business,11609,2446,177,205.59069508635184,-0.21546034461783536,-0.3813388695835164,-0.06604269245111367,0.07830893919783033,0.005997001499250375,0.07236304170073589,0.30688158840020435,0.0880751698782888,0.13425425543875832,0.47950892136165035,0.000493399411174067,0.012593703148425787,0.0009419443304232187,dissociated,Russia,1900-2020
Politics,Nobility & Kinship,Politics + Nobility & Kinship,11609,2446,26,44.647070946526064,-0.7686400318398879,-1.3422667703794287,-0.3403688510366146,0.26028962727687205,0.0074962518740629685,0.01062959934587081,-0.2770637306362349,0.20937516087054642,-0.6874390459425059,0.13331158467003607,0.18573947352260634,0.014311026305029305,0.22944287905733723,dissociated,Russia,1900-2020
Politics,Religion,Politics + Religion,11609,2446,30,44.647070946526064,-0.565823148840201,-1.0951647916407703,-0.14164530738903036,0.2401019305932388,0.02148925537231384,0.012264922322158627,-0.27438136104134914,0.19542644712925278,-0.6574171974146845,0.1086544753319863,0.16031484326167844,0.037606196901549226,0.21041323178095295,dissociated,Russia,1900-2020
Politics,Learning & Culture,Politics + Learning & Culture,11609,2446,600,728.4878043142993,-0.2797304330898137,-0.33267796330982513,-0.23131112400363318,0.026315425721969564,0.0004997501249375312,0.24529844644317253,-2.689318818500662,0.05838406645723319,-2.803751588756839,-2.574886048244485,0.0,0.0013118440779610195,0.0,dissociated,Russia,1900-2020
Administration & Law,Military,Administration & Law + Military,11609,2446,21,32.11477093995301,-0.6011888364067907,-1.2674391869993105,-0.0859779926403837,0.3068878625559228,0.050474762618690654,0.008585445625511038,-0.8845190222430376,0.2233227325879966,-1.322231578115511,-0.44680646637056426,7.472381968626523e-05,0.06624812593703149,0.00017435557926795222,not distinguishable,Russia,1900-2020
Administration & Law,Business,Administration & Law + Business,11609,2446,17,40.687535714033196,-1.2348528890357406,-2.025852787410392,-0.7102628492070576,0.3422376873396248,0.004497751124437781,0.006950122649223222,-0.6705115726576796,0.24667350259543355,-1.1539916377447295,-0.1870315075706298,0.006563520713194656,0.010494752623688156,0.011486161248090647,dissociated,Russia,1900-2020
Administration & Law,Nobility & Kinship,Administration & Law + Nobility & Kinship,11609,2446,5,8.835902290717762,-0.7633578432825784,-2.4991583243299758,0.1449072343297383,0.6661246946815652,0.19640179910044978,0.002044153720359771,-0.35091609139688495,0.43495173276560917,-1.203421487617479,0.501589304823709,0.4197856493293636,0.22425629290617852,0.4197856493293636,not distinguishable,Russia,1900-2020
Administration & Law,Religion,Administration & Law + Religion,11609,2446,5,8.835902290717762,-0.7633578432825784,-2.5460948761437243,0.14767457337292417,0.6631407641451335,0.191904047976012,0.002044153720359771,-0.49488595082268655,0.4342114422453101,-1.3459403776234944,0.35616847597812124,0.25439674713729776,0.22425629290617852,0.2811753520991186,not distinguishable,Russia,1900-2020
Administration & Law,Learning & Culture,Administration & Law + Learning & Culture,11609,2446,70,144.17176586141792,-1.0370882303844227,-1.337706213401781,-0.7908400616254094,0.14432082993931672,0.0004997501249375312,0.028618152085036794,-3.07667192471053,0.13262859532203344,-3.336623971541716,-2.8167198778793443,4.8086571798505516e-119,0.0013118440779610195,3.3660600258953858e-118,dissociated,Russia,1900-2020
Military,Business,Military + Business,11609,2446,30,78.27119591016061,-1.3688589363157722,-1.927761519045416,-0.9317225251746974,0.2485747517012735,0.0004997501249375312,0.012264922322158627,-1.3234339032586782,0.18668684820974824,-1.6893401257497846,-0.9575276807675717,1.3502788712924779e-12,0.0013118440779610195,3.5444820371427543e-12,dissociated,Russia,1900-2020
Military,Nobility & Kinship,Military + Nobility & Kinship,11609,2446,15,16.99775194301763,-0.17490136547276428,-0.9259842342151658,0.39293474509615,0.3427955448445503,0.6126936531734133,0.006132461161079314,-0.46579392246398915,0.265584033147915,-0.9863386274339025,0.0547507825059243,0.07945662216724288,0.6433283358320839,0.11123927103414004,not distinguishable,Russia,1900-2020
Military,Religion,Military + Religion,11609,2446,6,16.99775194301763,-1.4286579577185472,-2.8757971055008498,-0.5664979411522904,0.6213716483360195,0.030484757621189407,0.0024529844644317253,-1.5327991535032826,0.3987265770281071,-2.3143032444783724,-0.7512950625281927,0.00012092847493418076,0.0487256371814093,0.00025394979736177963,dissociated,Russia,1900-2020
Military,Learning & Culture,Military + Learning & Culture,11609,2446,276,277.34529340298207,-0.007002321312354892,-0.11284810400625762,0.09158270041648715,0.05229254287471765,0.8895552223888056,0.11283728536385937,-3.1297449804480117,0.07350166627714513,-3.273808246351216,-2.9856817145448074,0.0,0.8895552223888056,0.0,not distinguishable,Russia,1900-2020
Business,Nobility & Kinship,Business + Nobility & Kinship,11609,2446,11,21.53515715659091,-0.9381733249045513,-1.9914527700578786,-0.2956924692102607,0.4334120307097835,0.0384807596201899,0.004497138184791497,-0.3579635739960371,0.3053447514060007,-0.9564392867517986,0.24051213875972427,0.24106621921291793,0.05387306346826586,0.2811753520991186,not distinguishable,Russia,1900-2020
Business,Religion,Business + Religion,11609,2446,10,21.53515715659091,-1.0694178581828038,-2.1978351138623857,-0.36901192540572875,0.4652674769624433,0.03248375812093953,0.004088307440719542,-0.6025865876029598,0.3175162666301926,-1.2249184701981373,0.019745294992217666,0.05772068312521239,0.0487256371814093,0.08658102468781859,dissociated,Russia,1900-2020
Business,Learning & Culture,Business + Learning & Culture,11609,2446,474,351.38025899521983,0.4313235082215399,0.363260469849675,0.5019260783482351,0.03551124114085627,0.0004997501249375312,0.1937857726901063,-1.295209840941586,0.07178038574984699,-1.435899397011286,-1.1545202848718858,8.784081484272926e-73,0.0013118440779610195,4.611642779243286e-72,associated,Russia,1900-2020
Nobility & Kinship,Religion,Nobility & Kinship + Religion,11609,2446,2,4.676679015123049,-1.0500987704146574,-3.447120383294308,0.13967862775190154,1.0005367276464507,0.2028985507246377,0.0008176614881439084,-0.5728946929402393,0.6396106119289513,-1.8265314923209837,0.6807421064405051,0.3704167958744362,0.22425629290617852,0.38893763566815803,not distinguishable,Russia,1900-2020
Nobility & Kinship,Learning & Culture,Nobility & Kinship + Learning & Culture,11609,2446,114,76.3074386512434,0.5760296532843665,0.42119328105142007,0.7206123757675676,0.07696381592114272,0.0004997501249375312,0.04660670482420278,-1.159256772684153,0.1404934637281033,-1.4346239615912355,-0.8838895837770704,1.5665216291965403e-16,0.0013118440779610195,4.69956488758962e-16,associated,Russia,1900-2020
Religion,Learning & Culture,Religion + Learning & Culture,11609,2446,120,76.3074386512434,0.6497152014173844,0.5034539514775848,0.7792945758431391,0.07275128438789503,0.0004997501249375312,0.04905968928863451,-1.3506705055574473,0.13090335356345362,-1.6072410785418163,-1.0940999325730782,5.8382436982514e-25,0.0013118440779610195,2.04338529438799e-24,associated,Russia,1900-2020
Politics,Administration & Law,Politics + Administration & Law,2719,1310,43,23.97453210423572,0.8297341218209041,0.4483506134071343,1.1593307727861848,0.18227927633566526,0.0004997501249375312,0.03282442748091603,0.5570277488086824,0.17996824727198782,0.2042899841555863,0.9097655134617786,0.001967169672181163,0.0013118440779610195,0.0029507545082717444,associated,Spain,1400-1599
Politics,Military,Politics + Military,2719,1310,92,52.10187083962972,0.814339254266158,0.5831317886412921,1.0284876114706203,0.11431532894790165,0.0004997501249375312,0.07022900763358779,0.8012558330231284,0.13489453696722467,0.536862540567368,1.0656491254788887,2.85250509368548e-09,0.0013118440779610195,5.990260696739508e-09,associated,Spain,1400-1599
Politics,Business,Politics + Business,2719,1310,11,9.464838238574336,0.20671557039065203,-0.7324665254926079,0.8431021146329816,0.40148048946068243,0.6061969015492253,0.008396946564885497,0.005546357633943877,0.3217525698540129,-0.6250886792799214,0.6361813945478091,0.986246779713312,0.6061969015492253,0.9862467797133119,not distinguishable,Spain,1400-1599
Politics,Nobility & Kinship,Politics + Nobility & Kinship,2719,1310,83,61.12973145339092,0.43814969289433675,0.1652399296361721,0.6743927164846935,0.12685641468256884,0.001999000499750125,0.0633587786259542,0.051944193377144086,0.1343615058097217,-0.21140435800991045,0.3152927447641986,0.6990521637988545,0.003816273681341148,0.7726366020934707,associated,Spain,1400-1599
Politics,Religion,Politics + Religion,2719,1310,43,67.1432213713031,-0.6369299658494996,-1.085316783007684,-0.30300097959469463,0.19498892556913594,0.00399800099950025,0.03282442748091603,-1.3711606766457474,0.16739690698372955,-1.6992586143338573,-1.0430627389576375,2.5890245460669173e-16,0.006458309306885019,6.796189433425657e-16,dissociated,Spain,1400-1599
Politics,Learning & Culture,Politics + Learning & Culture,2719,1310,70,128.18580599944286,-0.8681577709383566,-1.1719837452589312,-0.6229701458439366,0.13863293379906816,0.0004997501249375312,0.05343511450381679,-1.7824139559951906,0.13934210010476505,-2.05552447220053,-1.509303439789851,1.8258029021780524e-37,0.0013118440779610195,1.2780620315246367e-36,dissociated,Spain,1400-1599
Administration & Law,Military,Administration & Law + Military,2719,1310,15,27.19982629564496,-0.8376087137281149,-1.7316732405480155,-0.28266003576844634,0.37214751133575175,0.03298350824587706,0.011450381679389313,-0.8943677086604289,0.26921268939740844,-1.4220245798793494,-0.36671083744150834,0.0008932336206586206,0.046176911544227886,0.0014429158487562334,dissociated,Spain,1400-1599
Administration & Law,Business,Administration & Law + Business,2719,1310,1,4.941126908820799,-1.858942977482009,-3.6526248118602793,-0.5286477483790814,1.01201563919625,0.01199400299850075,0.0007633587786259542,-1.6251093851153147,0.826690040921331,-3.2454218653211235,-0.004796904909505795,0.04932142389841275,0.017991004497751123,0.060926464815686344,dissociated,Spain,1400-1599
Administration & Law,Nobility & Kinship,Administration & Law + Nobility & Kinship,2719,1310,48,31.912828661172767,0.5814198174378516,0.23812464099779984,0.8877192170369569,0.16741754771415907,0.0009995002498750624,0.0366412213740458,-0.011126848558673701,0.16982447052866242,-0.34398281079485205,0.3217291136775047,0.9477602207799598,0.0020989505247376314,0.9862467797133119,associated,Spain,1400-1599
Administration & Law,Religion,Administration & Law + Religion,2719,1310,28,35.052176223207184,-0.3189759536569133,-0.8585194991710969,0.0950575643093604,0.24102598086051424,0.18140929535232383,0.021374045801526718,-1.2208056473004407,0.20536639594818795,-1.6233237833588892,-0.8182875112419923,2.7725988171320823e-09,0.20050501065256846,5.990260696739508e-09,not distinguishable,Spain,1400-1599
Administration & Law,Learning & Culture,Administration & Law + Learning & Culture,2719,1310,55,66.91950980961873,-0.28067836642296506,-0.6118341065860221,-0.022570145580893236,0.15065331712351918,0.06046976511744128,0.04198473282442748,-1.3324296782180545,0.16073417222231987,-1.6474686557738014,-1.0173907006623075,1.1358428845613085e-16,0.07936656671664168,3.4075286536839256e-16,not distinguishable,Spain,1400-1599
Military,Business,Military + Business,2719,1310,6,10.738143079760723,-0.789892050122155,-2.219951072132676,0.01897484007713707,0.6004341816625803,0.1539230384807596,0.004580152671755725,-0.8124918886917835,0.4113190217715947,-1.618677171364109,-0.006306606019457872,0.048230411611919446,0.1795768782275529,0.060926464815686344,not distinguishable,Spain,1400-1599
Military,Nobility & Kinship,Military + Nobility & Kinship,2719,1310,136,69.35351521366687,0.966496328340199,0.7865107801856303,1.1290168385879484,0.08741011052342325,0.0004997501249375312,0.10381679389312977,0.644705696698595,0.11661950896013949,0.4161314591367216,0.8732799342604685,3.2337934250768445e-08,0.0013118440779610195,6.173605629692157e-08,associated,Spain,1400-1599
Military,Religion,Military + Religion,2719,1310,14,76.17600002741327,-2.4027221773613983,-3.2463775575052787,-1.8066212950952418,0.37512478152348794,0.0009995002498750624,0.010687022900763359,-2.7939793091571827,0.2707987900396065,-3.3247449376348115,-2.263213680679554,5.870362991293159e-25,0.0020989505247376314,2.054627046952606e-24,dissociated,Spain,1400-1599
Military,Learning & Culture,Military + Learning & Culture,2719,1310,118,145.43064455201966,-0.30039581317208996,-0.4933661852756357,-0.13867602532840265,0.09115729633180789,0.0024987506246876563,0.0900763358778626,-1.2551790240669933,0.1167534639054558,-1.4840158133216867,-1.0263422348123,5.882689679581119e-27,0.004372813593203398,2.47072966542407e-26,dissociated,Spain,1400-1599
Business,Nobility & Kinship,Business + Nobility & Kinship,2719,1310,9,12.598776055361435,-0.4634325946298106,-1.5634643424461472,0.22483500114032615,0.46112727724663255,0.28285857071464265,0.006870229007633588,-0.8856948311640398,0.34686578681715824,-1.5655517733256699,-0.20583788900240962,0.010667007935332689,0.2970014992503748,0.014933811109465765,not distinguishable,Spain,1400-1599
Business,Religion,Business + Religion,2719,1310,7,13.838150267968855,-0.9348964165295504,-2.1679366773867677,-0.1759231713812609,0.5391251700782119,0.07146426786606697,0.0053435114503816794,-1.6531496917970343,0.3842248934250557,-2.4062304829101437,-0.9000689006839251,1.688378449297602e-05,0.08827938971690624,2.9546622862708033e-05,not distinguishable,Spain,1400-1599
Business,Learning & Culture,Business + Learning & Culture,2719,1310,44,26.418965450459254,0.7251823707137273,0.42426648847783566,0.9690459178496696,0.13948759388808582,0.0004997501249375312,0.03358778625954199,-0.12221594322325542,0.2180153458682706,-0.5495260211250658,0.30509413467855495,0.5750810719975121,0.0013118440779610195,0.6709279173304308,associated,Spain,1400-1599
Nobility & Kinship,Religion,Nobility & Kinship + Religion,2719,1310,49,89.3752633029706,-0.8604955669558882,-1.2485808409364805,-0.5699826120707844,0.17494345874325287,0.0004997501249375312,0.03740458015267176,-1.9955978655168243,0.15480971304326652,-2.2990249030816265,-1.692170827952022,5.081355339460606e-38,0.0013118440779610195,5.335423106433637e-37,dissociated,Spain,1400-1599
Nobility & Kinship,Learning & Culture,Nobility & Kinship + Learning & Culture,2719,1310,110,170.62988532451115,-0.6310453577413703,-0.8352979189554903,-0.44911628294303824,0.09941632692339371,0.0004997501249375312,0.08396946564885496,-2.1155268141099923,0.11451590396362611,-2.3399779858786993,-1.8910756423412851,3.365361585245014e-76,0.0013118440779610195,7.06725932901453e-75,dissociated,Spain,1400-1599
Religion,Learning & Culture,Religion + Learning & Culture,2719,1310,328,187.41518882082713,0.8058116888302201,0.7067492078804402,0.9064971676823297,0.04993930778180305,0.0004997501249375312,0.250381679389313,-1.0027050894763938,0.08467203744395131,-1.1686622828665383,-0.8367478960862492,2.3611245917276737e-32,0.0013118440779610195,1.2395904106570287e-31,associated,Spain,1400-1599
Politics,Administration & Law,Politics + Administration & Law,3811,1984,111,62.19035567517593,0.8307282900725664,0.6318899097772633,1.0189575423570636,0.09777282475132752,0.0004997501249375312,0.05594758064516129,0.6951583762527006,0.1265321588160698,0.4471553449732038,0.9431614075321975,3.930942187825368e-08,0.0011660836248542396,8.254978594433273e-08,associated,Spain,1600-1799
Politics,Military,Politics + Military,3811,1984,378,233.6320920726901,0.6929706045440343,0.5985180824679007,0.7804898009935304,0.0473619045488772,0.0004997501249375312,0.1905241935483871,0.9800028026771493,0.08114757957801419,0.8209535467042415,1.1390520586500572,1.4007132610668221e-33,0.0011660836248542396,5.882995696480653e-33,associated,Spain,1600-1799
Politics,Business,Politics + Business,3811,1984,55,47.39645931879349,0.21256876084615065,-0.12078028613751197,0.4939622652238489,0.15641537054654833,0.1744127936031984,0.027721774193548387,-0.05696247412705289,0.15824454237688884,-0.367121777185755,0.2531968289316492,0.7188734141307062,0.21545109798042156,0.7548170848372415,not distinguishable,Spain,1600-1799
Politics,Nobility & Kinship,Politics + Nobility & Kinship,3811,1984,130,141.5084330777143,-0.1219267989780727,-0.317386738884795,0.059435062049652224,0.0956121135487228,0.2013993003498251,0.0655241935483871,-0.5003325754390299,0.10482927879314013,-0.7057979618735846,-0.29486718900447517,1.8165297727649422e-06,0.23496585040812926,2.7247946591474133e-06,not distinguishable,Spain,1600-1799
Politics,Religion,Politics + Religion,3811,1984,62,117.8372103425001,-0.9209756959125063,-1.2840825970013832,-0.6318614777311277,0.16407709676985316,0.0004997501249375312,0.03125,-1.5295229217411415,0.13785791896938268,-1.7997244429211314,-1.2593214005611515,1.3277510083168464e-28,0.0011660836248542396,4.647128529108963e-28,dissociated,Spain,1600-1799
Politics,Learning & Culture,Politics + Learning & Culture,3811,1984,109,242.43544947598932,-1.1496421555595056,-1.3832084116098475,-0.94638540162402,0.11212240041301631,0.0004997501249375312,0.05493951612903226,-2.430595436818987,0.10862646976607203,-2.643503317560488,-2.217687556077486,6.785409252162708e-111,0.0011660836248542396,1.4249359429541687e-109,dissociated,Spain,1600-1799
Administration & Law,Military,Administration & Law + Military,3811,1984,41,59.0369336572762,-0.5206735836155603,-0.9414143025351963,-0.16997996222951028,0.20117402173150625,0.013493253373313344,0.02066532258064516,-0.7825570040213324,0.17177121905996626,-1.1192285933788664,-0.44588541466379855,5.218413941125738e-06,0.023613193403298354,6.849168297727531e-06,dissociated,Spain,1600-1799
Administration & Law,Business,Administration & Law + Business,3811,1984,8,11.976700630334696,-0.5537017284165315,-1.7568315844027498,0.2372801596532226,0.5061337376183281,0.25037481259370314,0.004032258064516129,-0.8507177264667303,0.3547080847719559,-1.5459455726197637,-0.1554898803136967,0.016468665010563117,0.27673005602461925,0.01820220869588555,not distinguishable,Spain,1600-1799
Administration & Law,Nobility & Kinship,Administration & Law + Nobility & Kinship,3811,1984,38,35.758032646280775,0.08655779895093896,-0.3495646587959881,0.45120039211348023,0.20756773342854987,0.671664167916042,0.019153225806451613,-0.5099983949674481,0.17790286241474218,-0.8586880053003427,-0.1613087846345535,0.004147446139567072,0.671664167916042,0.004838687162828251,not distinguishable,Spain,1600-1799
Administration & Law,Religion,Administration & Law + Religion,3811,1984,13,29.77650676168333,-1.165239352594483,-2.1129518739787727,-0.5382154176450235,0.4057455305538288,0.010494752623688156,0.00655241935483871,-1.7627089691661424,0.28158730548155586,-2.314620087909992,-1.210797850422293,3.8521919078387714e-10,0.020035436827041026,8.988447784957133e-10,dissociated,Spain,1600-1799
Administration & Law,Learning & Culture,Administration & Law + Learning & Culture,3811,1984,49,61.26147063063927,-0.31927858049454294,-0.7061724322659362,0.007812453814683296,0.181844932085327,0.08245877061469266,0.02469758064516129,-1.6451061420175974,0.15941422326428994,-1.9575580196156057,-1.3326542644195891,5.740529834930177e-25,0.11544227886056972,1.722158950479053e-24,not distinguishable,Spain,1600-1799
Military,Business,Military + Business,3811,1984,30,44.99317609643958,-0.5768409169183989,-1.1504927356985242,-0.1865227474058472,0.24460520698700017,0.026486756621689155,0.015120967741935484,-0.879269807029963,0.19767189299104923,-1.2667067172924196,-0.4918328967675066,8.662206109201556e-06,0.042786299158113245,1.0700372252543099e-05,dissociated,Spain,1600-1799
Military,Nobility & Kinship,Military + Nobility & Kinship,3811,1984,187,134.33311137805285,0.47571576856227865,0.3271596810522769,0.612028887085879,0.07361888304922772,0.0004997501249375312,0.09425403225806452,-0.009414379144337414,0.09409105676687847,-0.1938328504074192,0.1750040921187444,0.9202998300258196,0.0011660836248542396,0.9202998300258196,associated,Spain,1600-1799
Military,Religion,Military + Religion,3811,1984,21,111.86216084185467,-2.3857477094506785,-3.0609593522374605,-1.8888957473016024,0.30882462332424276,0.0004997501249375312,0.010584677419354838,-2.777945662659804,0.2221754326492293,-3.2134095106522933,-2.3424818146673143,7.153615603246202e-36,0.0011660836248542396,3.755648191704256e-35,dissociated,Spain,1600-1799
Military,Learning & Culture,Military + Learning & Culture,3811,1984,157,230.14252598331723,-0.5503067137302731,-0.728633012843531,-0.38648957316853644,0.08728037254848085,0.0004997501249375312,0.07913306451612903,-2.020224206048753,0.0950765963066948,-2.2065743348098747,-1.8338740772876312,3.4119470814939714e-100,0.0011660836248542396,3.58254443556867e-99,dissociated,Spain,1600-1799
Business,Nobility & Kinship,Business + Nobility & Kinship,3811,1984,16,27.251880476316984,-0.75011950778227,-1.5348114376028554,-0.19822629282739268,0.34454862367713424,0.03648175912043978,0.008064516129032258,-1.2241486898329716,0.2585930845877823,-1.730991135625025,-0.7173062440409184,2.202677393954411e-06,0.05472263868065967,3.083748351536175e-06,not distinguishable,Spain,1600-1799
Business,Religion,Business + Religion,3811,1984,15,22.693245215660376,-0.5814364815426263,-1.4014229563667333,-0.008293013972539353,0.3548161305470138,0.09395302348825588,0.007560483870967742,-1.3606554533196054,0.26587848423649485,-1.8817772824231351,-0.8395336242160755,3.094743921115173e-07,0.12331334332833584,5.415801861951553e-07,not distinguishable,Spain,1600-1799
Business,Learning & Culture,Business + Learning & Culture,3811,1984,77,46.68853826339437,0.7157598278888933,0.4541116709816118,0.9445293752691638,0.12482072901090077,0.0004997501249375312,0.03881048387096774,-0.7010717350634211,0.14244825824541343,-0.9802703212244315,-0.4218731489024108,8.584448838473415e-07,0.0011660836248542396,1.3867186585226283e-06,associated,Spain,1600-1799
Nobility & Kinship,Religion,Nobility & Kinship + Religion,3811,1984,43,67.75370181804082,-0.6498918934183844,-1.0647801178174638,-0.29152502724014884,0.19792187102673675,0.0029985007496251873,0.021673387096774195,-1.6260994098523138,0.16187330125548013,-1.9433710803130548,-1.3088277393915728,9.615177369314526e-24,0.006296851574212893,2.523984059445063e-23,dissociated,Spain,1600-1799
Nobility & Kinship,Learning & Culture,Nobility & Kinship + Learning & Culture,3811,1984,132,139.3948406125377,-0.07835039653688919,-0.28126612956285746,0.09678215405838243,0.09723228009422252,0.4292853573213393,0.06653225806451613,-1.7602699432990379,0.10251005134942168,-1.9611896439439043,-1.5593502426541714,4.3270189906448994e-66,0.45074962518740624,3.0289132934514297e-65,not distinguishable,Spain,1600-1799
Religion,Learning & Culture,Religion + Learning & Culture,3811,1984,312,116.07717502530768,1.42257084292812,1.3141367482255688,1.5346335261235329,0.05705273469385998,0.0004997501249375312,0.15725806451612903,-0.4321393762388986,0.08154648603086993,-0.5919704888594036,-0.27230826361839355,1.1624684773949715e-07,0.0011660836248542396,2.2192580022994908e-07,associated,Spain,1600-1799
Politics,Administration & Law,Politics + Administration & Law,9303,4111,582,325.7878600325355,0.8361127386983858,0.761915285507629,0.904904417630913,0.0368527338108712,0.0004997501249375312,0.14157139382145464,1.3307509846565728,0.06765741257691656,1.1981424560058165,1.4633595133073292,3.9785214393382564e-86,0.0008745627186406797,2.0887237556525847e-85,associated,Spain,1800-1899
Politics,Military,Politics + Military,9303,4111,361,243.0142496013691,0.5699894509355846,0.4710355606864772,0.6672949139017453,0.05032749590709678,0.0004997501249375312,0.0878131841401119,0.3176881283587916,0.06967705600546283,0.18112109858808448,0.4542551581294988,5.129100663609588e-06,0.0008745627186406797,6.33594787857655e-06,associated,Spain,1800-1899
Politics,Business,Politics + Business,9303,4111,263,265.99776230400164,-0.016320457326563956,-0.14476833267634143,0.10253889956771736,0.06477632155999827,0.8020989505247377,0.06397470201897348,0.05153120678103545,0.07741399436324452,-0.10020022217092381,0.20326263573299472,0.5056300376388281,0.8020989505247377,0.5056300376388281,not distinguishable,Spain,1800-1899
Politics,Nobility & Kinship,Politics + Nobility & Kinship,9303,4111,160,220.40240232436682,-0.4608358108096429,-0.6461163873601342,-0.2913247855865018,0.09046366252355305,0.0004997501249375312,0.038919970810021895,-0.5157478813747304,0.0914807874691063,-0.6950502248141788,-0.33644553793528204,1.722637303125764e-08,0.0008745627186406797,2.2609614603525654e-08,dissociated,Spain,1800-1899
Politics,Religion,Politics + Religion,9303,4111,56,155.30945163332714,-1.4634599794429208,-1.8443456270051157,-1.1520333574980333,0.1743298217284684,0.0004997501249375312,0.013621989783507663,-1.7509584259759314,0.14008846262493876,-2.0255318127208115,-1.4763850392310514,7.564556848940557e-36,0.0008745627186406797,1.9856961728468963e-35,dissociated,Spain,1800-1899
Politics,Learning & Culture,Politics + Learning & Culture,9303,4111,849,1060.4882742374368,-0.3207228595335795,-0.3705409372080639,-0.27267197198199294,0.025359829843086767,0.0004997501249375312,0.20651909511067867,-2.22456726878325,0.05198264055684646,-2.326453244274669,-2.122681293291831,0.0,0.0008745627186406797,0.0,dissociated,Spain,1800-1899
Administration & Law,Military,Administration & Law + Military,9303,4111,34,78.23232754350016,-1.1903597669858355,-1.7116381127135787,-0.8030866225934897,0.2368942412624347,0.0004997501249375312,0.008270493797129653,-1.3772771552903897,0.17643119728610457,-1.7230823019711548,-1.0314720086096247,5.888521688264628e-15,0.0008745627186406797,1.373988393928413e-14,dissociated,Spain,1800-1899
Administration & Law,Business,Administration & Law + Business,9303,4111,23,85.63129158286,-1.8738767085897101,-2.53935002037243,-1.3960200413326178,0.29731289874239325,0.0004997501249375312,0.005594745803940647,-1.6019124321022309,0.21176826146022096,-2.016978224564264,-1.1868466396401978,3.894807312202036e-14,0.0008745627186406797,8.179095355624276e-14,dissociated,Spain,1800-1899
Administration & Law,Nobility & Kinship,Administration & Law + Nobility & Kinship,9303,4111,25,70.95301184312537,-1.4864975771069673,-2.1247803764116835,-1.003204705801478,0.28298309061276017,0.0009995002498750624,0.006081245439065921,-1.3981718888583552,0.20406382469949744,-1.79813698526937,-0.9982067924473402,7.300803640405177e-12,0.0014992503748125937,1.2776406370709061e-11,dissociated,Spain,1800-1899
Administration & Law,Religion,Administration & Law + Religion,9303,4111,9,49.99797300244978,-2.4102260604368317,-3.512591349432113,-1.7115983218149613,0.48208779250471934,0.0014992503748125937,0.0021892483580637314,-2.407048128688168,0.3281269876889323,-3.0501770245584754,-1.763919232817861,2.2053053079436154e-13,0.002098950524737631,4.2101283151650837e-13,dissociated,Spain,1800-1899
Administration & Law,Learning & Culture,Administration & Law + Learning & Culture,9303,4111,279,341.39753599748155,-0.29071574246088955,-0.4150333992304755,-0.16712978529794706,0.0626933783891342,0.0004997501249375312,0.06786669909997567,-1.9163128435739623,0.07417188420210762,-2.0616897366100932,-1.7709359505378313,3.485815423995559e-147,0.0008745627186406797,2.4400707967968915e-146,dissociated,Spain,1800-1899
Military,Business,Military + Business,9303,4111,44,63.87476827505653,-0.5326899979542261,-0.9551690408257373,-0.16744611086564548,0.20102765091147592,0.0074962518740629685,0.01070299197275602,-0.9147582409973084,0.1575261802506918,-1.2235095542886643,-0.6060069277059525,6.359318864437723e-09,0.009838830584707647,8.903046410212812e-09,dissociated,Spain,1800-1899
Military,Nobility & Kinship,Military + Nobility & Kinship,9303,4111,69,52.92583010395844,0.37947555889938905,0.041240794620302744,0.6573795078406164,0.1566878826763922,0.017491254372813594,0.01678423741182194,-0.28609672433444144,0.13014724047350362,-0.5411853156625086,-0.03100813300637434,0.027930992748959015,0.02040646343494919,0.030871097248849434,associated,Spain,1800-1899
Military,Religion,Military + Religion,9303,4111,32,37.294882288021526,-0.21775117774582284,-0.7793795155361422,0.18530558264806593,0.24644472674736811,0.367816091954023,0.0077839941620043785,-1.1211009071740792,0.18230499330995345,-1.478418694061588,-0.7637831202865704,7.76836478684232e-10,0.38620689655172413,1.2548896963360673e-09,not distinguishable,Spain,1800-1899
Military,Learning & Culture,Military + Learning & Culture,9303,4111,190,254.6579421894326,-0.4215995508389728,-0.5943346563420299,-0.27005393378419756,0.08187387611331552,0.0004997501249375312,0.046217465336901,-2.4650061634035736,0.08394483052955512,-2.6295380312415015,-2.3004742955656456,1.5558950183739614e-189,0.0008745627186406797,1.6336897692926594e-188,dissociated,Spain,1800-1899
Business,Nobility & Kinship,Business + Nobility & Kinship,9303,4111,46,57.931386323345045,-0.32951280236381625,-0.7467604370324957,0.02457169931188007,0.19718401907446292,0.0944527736131934,0.011189491607881293,-0.559662917455006,0.15546700199343763,-0.8643782413621437,-0.2549475935478682,0.00031836118368393565,0.1043951708356348,0.00037142138096459156,not distinguishable,Spain,1800-1899
Business,Religion,Business + Religion,9303,4111,23,40.82211331342844,-0.8142532822345389,-1.5408814115159877,-0.3398818582532963,0.29596492977547406,0.013993003498250875,0.005594745803940647,-1.285326522319647,0.21252411533035026,-1.7018737883671335,-0.8687792562721606,1.467377399869762e-09,0.017285474909604023,2.2010660998046432e-09,dissociated,Spain,1800-1899
Business,Learning & Culture,Business + Learning & Culture,9303,4111,394,278.74267820280636,0.4985058467780719,0.40336342947452425,0.5868776599621623,0.04658053032802169,0.0004997501249375312,0.09584042811967891,-1.0085940678500827,0.07172923805441844,-1.1491833744367428,-0.8680047612634225,6.582760625464566e-45,0.0008745627186406797,1.97482818763937e-44,associated,Spain,1800-1899
Nobility & Kinship,Religion,Nobility & Kinship + Religion,9303,4111,55,33.82468996846065,0.6932410819129261,0.30629271017247,0.9960353915719053,0.17528019885405807,0.0009995002498750624,0.013378739965945026,-0.21957235812834994,0.14447611194731994,-0.502745537545097,0.06360082128839714,0.12856548952670827,0.0014992503748125937,0.1349937640030437,associated,Spain,1800-1899
Nobility & Kinship,Learning & Culture,Nobility & Kinship + Learning & Culture,9303,4111,312,230.96267943793228,0.4330765946921784,0.3238996859398205,0.5358431381951971,0.055015486514552944,0.0004997501249375312,0.0758939430795427,-1.2458371436681788,0.07631703643447713,-1.3954185350797539,-1.0962557522566037,6.608438003497967e-60,0.0008745627186406797,2.312953301224288e-59,associated,Spain,1800-1899
Religion,Learning & Culture,Religion + Learning & Culture,9303,4111,305,162.75088979510392,0.9040815248757571,0.8020190780526968,1.0074829571617212,0.05239580422323606,0.0004997501249375312,0.07419119435660423,-1.2573539215786567,0.07693103852732533,-1.4081387570922144,-1.106569086065099,4.8069507961463703e-60,0.0008745627186406797,2.0189193343814753e-59,associated,Spain,1800-1899
Politics,Administration & Law,Politics + Administration & Law,25389,7447,964,430.05216050960547,1.163593210524364,1.1028347871719215,1.223433435725143,0.03047308158361316,0.0004997501249375312,0.12944809990600242,1.355092345604121,0.048113388573934754,1.2607901039992089,1.4493945872090332,1.589654778413382e-174,0.0006996501749125438,8.345687586670255e-174,associated,Spain,1900-2020
Politics,Military,Politics + Military,25389,7447,281,162.65119468424118,0.7869253706175623,0.6580622136454696,0.9050263111455211,0.0625938359585685,0.0004997501249375312,0.03773331542903183,0.7080725169979925,0.07626258103838104,0.5585978581627656,0.8575471758332193,1.622166599670549e-20,0.0006996501749125438,3.785055399231281e-20,associated,Spain,1900-2020
Politics,Business,Politics + Business,25389,7447,525,613.725952277147,-0.2250787061702045,-0.32225470719916144,-0.13901494523114222,0.047086147639118114,0.0004997501249375312,0.07049818718947228,-0.05398007022850852,0.051724662887656876,-0.155360409488316,0.04740026903129896,0.2966685955056234,0.0006996501749125438,0.3115020252809046,dissociated,Spain,1900-2020
Politics,Nobility & Kinship,Politics + Nobility & Kinship,25389,7447,112,209.40405660513252,-0.8998050469769641,-1.1656407926433687,-0.6695169063349875,0.12555588969640025,0.0004997501249375312,0.015039613267087418,-0.7552587722262408,0.10174554902848924,-0.9546800483220798,-0.5558374961304019,1.1448350250493734e-13,0.0006996501749125438,2.0034612938364036e-13,dissociated,Spain,1900-2020
Politics,Religion,Politics + Religion,25389,7447,109,209.1327091814298,-0.9369329696259587,-1.188876656503603,-0.7149546643548941,0.11962885220644924,0.0004997501249375312,0.014636766483147576,-1.126336437878949,0.1012591794759912,-1.324804429651892,-0.9278684461060064,9.66281372121304e-29,0.0006996501749125438,2.536488601818423e-28,dissociated,Spain,1900-2020
Politics,Learning & Culture,Politics + Learning & Culture,25389,7447,1858,2224.0339269616056,-0.2593644134095617,-0.288151570121737,-0.2307953491146847,0.014448298709164706,0.0004997501249375312,0.2494964415200752,-3.0594254802701673,0.03783970837343987,-3.1335913086821092,-2.9852596518582253,0.0,0.0006996501749125438,0.0,dissociated,Spain,1900-2020
Administration & Law,Military,Administration & Law + Military,25389,7447,36,54.754576523115915,-0.5981974983171225,-1.1166301143682777,-0.18445681388404653,0.23492257750804063,0.012993503248375811,0.004834161407278098,-0.5349005758650585,0.17122343651536512,-0.8704985114351741,-0.19930264029494282,0.001784155555430025,0.01605079813034659,0.002497817777602035,dissociated,Spain,1900-2020
Administration & Law,Business,Administration & Law + Business,25389,7447,77,206.60349088377808,-1.4180836559646075,-1.746124023037117,-1.1407163312773776,0.15262108306675828,0.0004997501249375312,0.0103397341211226,-0.9973810044700586,0.11792975888674355,-1.228523331888076,-0.7662386770520413,2.7336782414819306e-17,0.0006996501749125438,5.740724307112054e-17,dissociated,Spain,1900-2020
Administration & Law,Nobility & Kinship,Administration & Law + Nobility & Kinship,25389,7447,23,70.49336750274432,-1.5950234915191828,-2.2699984504258346,-1.1217019019813068,0.29522257607110347,0.0004997501249375312,0.003088492010205452,-1.1886215316299684,0.2102982692442959,-1.6008061393487885,-0.7764369239111485,1.5852264582270545e-08,0.0006996501749125438,2.3778396873405818e-08,dissociated,Spain,1900-2020
Administration & Law,Religion,Administration & Law + Religion,25389,7447,37,70.40202164263965,-0.9189361682769965,-1.439386666275815,-0.5160291768711363,0.23331560207219507,0.0004997501249375312,0.004968443668591379,-1.0120266616892326,0.16753607246879307,-1.340397363728067,-0.6836559596503982,1.5349526208282481e-09,0.0006996501749125438,2.479538849030247e-09,dissociated,Spain,1900-2020
Administration & Law,Learning & Culture,Administration & Law + Learning & Culture,25389,7447,444,748.694382972299,-0.7531566640705112,-0.8594821679275194,-0.6547318948638516,0.052045313523179745,0.0004997501249375312,0.05962132402309655,-2.7873961393746765,0.056670866193157955,-2.898471037113266,-2.676321241636087,0.0,0.0006996501749125438,0.0,dissociated,Spain,1900-2020
Military,Business,Military + Business,25389,7447,58,78.140066959228,-0.42682792538663555,-0.8201570034854099,-0.10166701506932312,0.17833200479115988,0.020989505247376312,0.00778837115617027,-0.2714368976493068,0.13767559362457976,-0.5412810611534831,-0.0015927341451304478,0.04865885784038158,0.02448775612193903,0.05676866748044518,dissociated,Spain,1900-2020
Military,Nobility & Kinship,Military + Nobility & Kinship,25389,7447,24,26.66148782522052,-0.14878075904689936,-0.8240446134146526,0.32155918960631696,0.29356186869864503,0.6081959020489756,0.0032227742715187323,-0.15113257634712404,0.20808996192207369,-0.5589889017143884,0.2567237490201404,0.4676641956424792,0.6386056971514243,0.4676641956424792,not distinguishable,Spain,1900-2020
Military,Religion,Military + Religion,25389,7447,22,26.626939659579687,-0.2698012969335837,-0.9842481254321397,0.2458256068000238,0.30984891036993967,0.3708145927036482,0.0029542097488921715,-0.5505515793334127,0.2159632867067974,-0.9738396212787356,-0.12726353738808982,0.010794460241809268,0.40984770772508483,0.013945250576031586,not distinguishable,Spain,1900-2020
Military,Learning & Culture,Military + Learning & Culture,25389,7447,211,283.1657343600423,-0.4235342262360885,-0.5766579051704005,-0.2858657457965694,0.07715804971258877,0.0004997501249375312,0.02833355713710219,-2.348482135311278,0.08218258650564257,-2.509560004862337,-2.1874042657602186,1.3203997734364362e-179,0.0006996501749125438,9.242798414055053e-179,dissociated,Spain,1900-2020
Business,Nobility & Kinship,Business + Nobility & Kinship,25389,7447,66,100.60084118302744,-0.604368755130027,-0.9782785357305902,-0.3078296811508807,0.16769368040426813,0.0009995002498750624,0.008862629246676515,-0.32711220727493495,0.12910847883509252,-0.5801648257917162,-0.0740595887581536,0.011289012371073189,0.0013118440779610195,0.013945250576031586,dissociated,Spain,1900-2020
Business,Religion,Business + Religion,25389,7447,27,100.47048182170514,-1.8764300667153504,-2.4940022368160526,-1.4176766324224648,0.27378135784389074,0.0004997501249375312,0.003625621055458574,-1.584343879220233,0.1940402254162255,-1.964662721036035,-1.2040250374044308,3.213605916072891e-16,0.0006996501749125438,6.13506583977552e-16,dissociated,Spain,1900-2020
Business,Learning & Culture,Business + Learning & Culture,25389,7447,1415,1068.4591669292688,0.4051050045049723,0.3653604760828409,0.445402897903099,0.020654853672771162,0.0004997501249375312,0.19000939975829192,-1.0788037937666712,0.044243327997992535,-1.1655207166427366,-0.9920868708906059,2.564111483601889e-131,0.0006996501749125438,8.974390192606611e-131,associated,Spain,1900-2020
Nobility & Kinship,Religion,Nobility & Kinship + Religion,25389,7447,33,34.28065309031693,-0.05412392739367905,-0.5882831599611695,0.35754717632159083,0.2421268343517376,0.8260869565217391,0.004431314623338257,-0.3188771127844733,0.1784573839465325,-0.6686535853196769,0.030899359750730382,0.07396124975773853,0.8260869565217392,0.08174664446907942,not distinguishable,Spain,1900-2020
Nobility & Kinship,Learning & Culture,Nobility & Kinship + Learning & Culture,25389,7447,548,364.5595938085615,0.5873596260216021,0.5174289751520459,0.6521666438984768,0.03481073680810397,0.0004997501249375312,0.07358667919967772,-0.9381827090252701,0.0687319470250031,-1.0728973251942762,-0.8034680928562641,2.0221611699951397e-42,0.0006996501749125438,6.066483509985418e-42,associated,Spain,1900-2020
Religion,Learning & Culture,Religion + Learning & Culture,25389,7447,577,364.08719461931076,0.663557055978989,0.5950596039540835,0.7247527345338137,0.03233017399597801,0.0004997501249375312,0.07748086477776285,-1.5001757090611854,0.059213843479952316,-1.616234842281892,-1.3841165758404788,1.3189840171623307e-141,0.0006996501749125438,5.539732872081789e-141,associated,Spain,1900-2020
Politics,Administration & Law,Politics + Administration & Law,563,303,9,9.355127068721112,-0.05294695957372488,-1.0347828323287833,0.5824844352216805,0.4275542331546227,0.8915542228885557,0.0297029702970297,-0.5055693698771637,0.36992182929996886,-1.2306161553051027,0.21947741555077527,0.17172172647017747,0.897551224387806,0.22538476599210794,not distinguishable,Sweden,1400-1599
Politics,Military,Politics + Military,563,303,20,17.83997612059158,0.1606321492452206,-0.3924205438792559,0.5728553305753322,0.2495840863933537,0.5037481259370314,0.066006600660066,-0.5830547948742855,0.26490097929653394,-1.1022607142954919,-0.06384887545307893,0.027733955585850328,0.6222770967457447,0.0416009333787755,not distinguishable,Sweden,1400-1599
Politics,Business,Politics + Business,563,303,4,9.35512706872111,-1.1309494715749977,-2.81319814822121,-0.2021301394286111,0.7210700220587761,0.10194902548725637,0.013201320132013201,-1.468394471021062,0.5005219067625661,-2.4494174082756914,-0.4873715337664323,0.0033491899471501255,0.1946299577483985,0.008791623611269079,not distinguishable,Sweden,1400-1599
Politics,Nobility & Kinship,Politics + Nobility & Kinship,563,303,53,38.969152493974654,0.43881335038935565,0.19954456612019106,0.6656597817664656,0.11972363826499796,0.0004997501249375312,0.17491749174917492,-0.15155079400432964,0.2008054647087651,-0.5451295048335092,0.24202791682484992,0.4504203100611911,0.005247376311844078,0.5233899651765912,associated,Sweden,1400-1599
Politics,Religion,Politics + Religion,563,303,19,18.610577747129007,0.0291027297349492,-0.5653079600030436,0.4668511264193507,0.26392222385184383,0.8975512243878061,0.0627062706270627,-0.7288698533816436,0.2684310590268264,-1.2549947290742232,-0.20274497768906385,0.006621650356151926,0.897551224387806,0.013905465747919047,not distinguishable,Sweden,1400-1599
Politics,Learning & Culture,Politics + Learning & Culture,563,303,8,18.870039503771903,-1.18829214985169,-2.3742636867131117,-0.47983587418315027,0.4973543239321091,0.025487256371814093,0.026402640264026403,-1.7564084803491247,0.37025587731439075,-2.4821099998853304,-1.030706960812919,2.097776986148379e-06,0.07646176911544227,1.0057368515357995e-05,not distinguishable,Sweden,1400-1599
Administration & Law,Military,Administration & Law + Military,563,303,10,6.307534946355931,0.6251849394421176,-0.31350522008304177,1.2144618735680588,0.3893599345487789,0.09395302348825588,0.033003300330033,-0.2422607520653614,0.35789509428781896,-0.9437351368694866,0.45921363273876376,0.49846663350151543,0.1946299577483985,0.5233899651765912,not distinguishable,Sweden,1400-1599
Administration & Law,Business,Administration & Law + Business,563,303,4,3.3076160256430893,0.24103700226893648,-1.5939052499231614,1.1583276744223125,0.739702854368493,0.6896551724137931,0.013201320132013201,-0.35833103043371195,0.5113685598853731,-1.3606134078090433,0.6439513469416194,0.483471848219157,0.7622504537205083,0.5233899651765912,not distinguishable,Sweden,1400-1599
Administration & Law,Nobility & Kinship,Administration & Law + Nobility & Kinship,563,303,11,13.778005616381272,-0.3121606134144513,-1.1352566588914992,0.24469993026223513,0.36021688718743583,0.3633183408295852,0.036303630363036306,-1.157977787931044,0.34190927542732924,-1.8281199677686093,-0.4878356080934787,0.0007071332873959022,0.47685532233883055,0.002474966505885658,not distinguishable,Sweden,1400-1599
Administration & Law,Religion,Administration & Law + Religion,563,303,3,6.579990282408387,-1.016392458090944,-3.6358328580154917,0.029100179335771414,0.8111000033407998,0.1774112943528236,0.009900990099009901,-1.6230501428496562,0.5611882436565145,-2.722979100416425,-0.5231211852828876,0.003825944700065217,0.2865874754930227,0.008927204300152173,not distinguishable,Sweden,1400-1599
Administration & Law,Learning & Culture,Administration & Law + Learning & Culture,563,303,9,6.671726060876104,0.40560713094887096,-0.5644039037084694,1.0629847125444307,0.4175810324298934,0.296351824087956,0.0297029702970297,-0.4194870076984833,0.37056983435525165,-1.1458038830347765,0.3068298676378099,0.2576322161985335,0.41489255372313844,0.3182515611864237,not distinguishable,Sweden,1400-1599
Military,Business,Military + Business,563,303,5,6.307534946355931,-0.3077008646993454,-1.996289531610405,0.5422707077580853,0.6420413356625622,0.5937031484257871,0.0165016501650165,-1.1112337019784824,0.4595573374002398,-2.0119660832829522,-0.2105013206740124,0.015603831532244861,0.6926536731634183,0.0252061893982417,not distinguishable,Sweden,1400-1599
Military,Nobility & Kinship,Military + Nobility & Kinship,563,303,39,26.274286749930848,0.5610045102859571,0.2504474110097723,0.827203391202898,0.14746614136447264,0.0014992503748125937,0.12871287128712872,-0.5602382522057592,0.2152028576444811,-0.9820358531889422,-0.1384406512225762,0.009233030389449627,0.010494752623688154,0.016157803181536846,associated,Sweden,1400-1599
Military,Religion,Military + Religion,563,303,5,12.54786478575727,-1.2463102129275059,-2.8536010629626722,-0.374740132621881,0.6271361088465667,0.044977511244377814,0.0165016501650165,-2.137147342657292,0.44883035387500947,-3.0168548362523104,-1.2574398490622736,1.9207102099772306e-06,0.11806596701649176,1.0057368515357995e-05,not distinguishable,Sweden,1400-1599
Military,Learning & Culture,Military + Learning & Culture,563,303,3,12.722802452049349,-1.917601148101713,-4.628666492811674,-0.8785872575436223,0.8535391619558305,0.05247376311844078,0.009900990099009901,-2.6058692587558734,0.5524533709526906,-3.6886778658231467,-1.5230606516885998,2.394611551275713e-06,0.12243878060969515,1.0057368515357995e-05,not distinguishable,Sweden,1400-1599
Business,Nobility & Kinship,Business + Nobility & Kinship,563,303,17,13.77800561638127,0.29356044747350235,-0.3174641394368116,0.7649481306788873,0.2729822088020319,0.2638680659670165,0.056105610561056105,-0.6324676363214179,0.29786297988912575,-1.2162790769041043,-0.04865619573873148,0.03372445559324503,0.39580209895052476,0.04721423783054304,not distinguishable,Sweden,1400-1599
Business,Religion,Business + Religion,563,303,3,6.579990282408386,-1.0163924580909438,-3.620314386230638,0.032405038211745334,0.82356631841769,0.16891554222888555,0.009900990099009901,-1.6855039049470988,0.5603218245120194,-2.7837346809906567,-0.5872731289035409,0.0026288688949813034,0.2865874754930227,0.00788660668494391,not distinguishable,Sweden,1400-1599
Business,Learning & Culture,Business + Learning & Culture,563,303,13,6.671726060876103,0.9125671196687544,0.1567654096954731,1.4751297444414213,0.32925843276347944,0.013493253373313344,0.0429042904290429,-0.009909480863480537,0.326915729714152,-0.6506643111032184,0.6308453493762574,0.9758181988754289,0.04897551224387806,0.9758181988754289,associated,Sweden,1400-1599
Nobility & Kinship,Religion,Nobility & Kinship + Religion,563,303,15,27.40921024807599,-0.8484730852819434,-1.5841538549933254,-0.33930036264725183,0.31362705632703053,0.013993003498250875,0.04950495049504951,-2.0457199123109167,0.2871411114100863,-2.6085164906746856,-1.4829233339471475,1.0450392826659764e-12,0.04897551224387806,1.0972912467992753e-11,dissociated,Sweden,1400-1599
Nobility & Kinship,Learning & Culture,Nobility & Kinship + Learning & Culture,563,303,13,27.791339268238044,-1.0674010660261788,-1.836440922717392,-0.536852661220475,0.3410915062316453,0.0074962518740629685,0.0429042904290429,-2.192818856367748,0.303262137210654,-2.78721264530063,-1.5984250674348663,4.802620530912519e-13,0.03935532233883059,1.0085503114916289e-11,dissociated,Sweden,1400-1599
Religion,Learning & Culture,Religion + Learning & Culture,563,303,40,13.272366655352696,1.5561454132621795,1.2300765869242112,1.8698514227972103,0.16197754475733217,0.0004997501249375312,0.132013201320132,0.5861892204729618,0.223988418567861,0.14717192007995428,1.0252065208659693,0.008869296592904584,0.005247376311844078,0.016157803181536846,associated,Sweden,1400-1599
Politics,Administration & Law,Politics + Administration & Law,5811,2877,66,37.101514949528564,0.8225635519517976,0.5019455732408891,1.0868725041553862,0.1518290981438738,0.0004997501249375312,0.022940563086548488,0.09129562283952589,0.13939705706929925,-0.18192260901630067,0.36451385469535247,0.5125114001357933,0.0008072886633606274,0.56645996857114,associated,Sweden,1600-1799
Politics,Military,Politics + Military,5811,2877,214,135.49957921842827,0.6573754599288089,0.5024495676447388,0.7922155942026142,0.0742082231730625,0.0004997501249375312,0.07438303788668753,-0.028220099063282593,0.0850631472574369,-0.1949438676878589,0.1385036695612937,0.7400744914444484,0.0008072886633606274,0.7400744914444484,associated,Sweden,1600-1799
Politics,Business,Politics + Business,5811,2877,69,85.35245186894821,-0.3048463590547585,-0.6322115153043512,-0.027099442778457338,0.15551556187327198,0.05297351324337831,0.023983315954118872,-0.9095378483690291,0.130468007330104,-1.165255142736033,-0.6538205540020252,3.1391894545058452e-12,0.06180243211727469,5.992998049511159e-12,not distinguishable,Sweden,1600-1799
Politics,Nobility & Kinship,Politics + Nobility & Kinship,5811,2877,140,158.13194880911482,-0.1751132316840158,-0.37603040169517826,0.0032133127499514177,0.0978380391307027,0.06546726636681659,0.04866180048661801,-0.48029879130177744,0.09792367504720878,-0.6722291943943066,-0.28836838820924826,9.350920325231891e-07,0.0723585575633236,1.2273082926866857e-06,not distinguishable,Sweden,1600-1799
Politics,Religion,Politics + Religion,5811,2877,117,68.93304000333126,0.7589665129955682,0.54933059270413,0.9511153619091735,0.10425767693934689,0.0004997501249375312,0.040667361835245046,0.038859405771433334,0.10784222084459381,-0.17251134708397053,0.25023015862683723,0.7185960799617617,0.0008072886633606274,0.7400744914444484,associated,Sweden,1600-1799
Politics,Learning & Culture,Politics + Learning & Culture,5811,2877,96,216.98146515901007,-1.1722916051341714,-1.4538444936780697,-0.9288740724635309,0.12861930515647976,0.0004997501249375312,0.03336809176225235,-2.490239736356845,0.11164249184906748,-2.709059020381017,-2.271420452332673,3.2688689498562666e-110,0.0008072886633606274,2.2882082648993866e-109,dissociated,Sweden,1600-1799
Administration & Law,Military,Administration & Law + Military,5811,2877,69,56.22531780677701,0.2930201911359452,-0.021764024103375808,0.5496206798732626,0.1465461863342387,0.04297851074462768,0.023983315954118872,-0.47589981150849514,0.13550815977616384,-0.7414958046697763,-0.210303818347214,0.0004448078438136557,0.05309110150806949,0.0005494685129462806,not distinguishable,Sweden,1600-1799
Administration & Law,Business,Administration & Law + Business,5811,2877,21,35.416853392461164,-0.7403243040188132,-1.4403206249785165,-0.24572420719384663,0.3027120336561735,0.018490754622688656,0.0072992700729927005,-1.2705683303435449,0.224624001234261,-1.7108313727626965,-0.8303052879243933,1.5456041756649667e-08,0.02426911544227886,2.31840626349745e-08,dissociated,Sweden,1600-1799
Administration & Law,Nobility & Kinship,Administration & Law + Nobility & Kinship,5811,2877,73,65.61658071915454,0.15273213371372057,-0.15601479100974894,0.3961475435318724,0.13941982665183159,0.26686656671664166,0.02537365311087939,-0.25962743182744524,0.13302423088615628,-0.5203549243643115,0.0011000607094210357,0.050970224512859555,0.26686656671664166,0.05946526193166948,not distinguishable,Sweden,1600-1799
Administration & Law,Religion,Administration & Law + Religion,5811,2877,3,28.603646623335475,-3.055773103825674,-5.859721699936163,-2.004549367640187,0.8999357940269804,0.0004997501249375312,0.0010427528675703858,-2.900247084175155,0.5383066317057239,-3.955328082318374,-1.8451660860319363,7.135586604704726e-08,0.0008072886633606274,9.989821246586618e-08,dissociated,Sweden,1600-1799
Administration & Law,Learning & Culture,Administration & Law + Learning & Culture,5811,2877,81,90.0360865112284,-0.15169288703806968,-0.4253239560666201,0.09057468851423414,0.1322841234919161,0.24737631184407796,0.028154327424400417,-1.5504690721901033,0.12694840044859282,-1.7992879370693453,-1.3016502073108613,2.63701465225661e-34,0.25974512743628186,1.107546153947776e-33,not distinguishable,Sweden,1600-1799
Military,Business,Military + Business,5811,2877,44,129.34697514232448,-1.5449351648308256,-1.984244219014659,-1.2010299323615645,0.20482525286511036,0.0004997501249375312,0.015293708724365659,-2.051121531683284,0.15690225330606591,-2.358649948163173,-1.7435931152033946,4.721893798328646e-39,0.0008072886633606274,2.478994244122539e-38,dissociated,Sweden,1600-1799
Military,Nobility & Kinship,Military + Nobility & Kinship,5811,2877,416,239.6403243719957,0.794438814276584,0.6992085728781475,0.8864164486509324,0.04800423133630779,0.0004997501249375312,0.1445950643030935,0.5164098963508046,0.0694933114649602,0.38020300587948264,0.6526167868221265,1.0771993539080626e-13,0.0008072886633606274,2.5134651591188126e-13,associated,Sweden,1600-1799
Military,Religion,Military + Religion,5811,2877,12,104.46425400275524,-3.0698980959557542,-4.040208804507958,-2.43887233203182,0.41187804633150876,0.0004997501249375312,0.004171011470281543,-3.119862997870192,0.2869611693305146,-3.6823068897580007,-2.5574191059823836,1.5660031625808363e-27,0.0008072886633606274,5.481011069032927e-27,dissociated,Sweden,1600-1799
Military,Learning & Culture,Military + Learning & Culture,5811,2877,239,328.8235494788191,-0.4594800248194697,-0.603532706502783,-0.33098297911952423,0.06966439458034566,0.0004997501249375312,0.08307264511644073,-2.1492810582746213,0.07746702036336903,-2.3011164181868247,-1.997445698362418,2.0321222928001725e-169,0.0008072886633606274,4.267456814880362e-168,dissociated,Sweden,1600-1799
Business,Nobility & Kinship,Business + Nobility & Kinship,5811,2877,114,150.9516809557599,-0.4035099923107733,-0.6237466304538629,-0.19544066572162117,0.11013648706157132,0.0009995002498750624,0.03962460896767466,-0.7988290065162331,0.10532271603591782,-1.005261529946632,-0.5923964830858341,3.3355503713055655e-14,0.0013993003498250875,8.75581972467711e-14,dissociated,Sweden,1600-1799
Business,Religion,Business + Religion,5811,2877,37,65.80301033571854,-0.8221837784671904,-1.3085918466233604,-0.44471232037732467,0.2209729285981191,0.0004997501249375312,0.012860618700034758,-1.3862525092337097,0.17160208170142513,-1.722592589368503,-1.0499124290989164,6.567771972465544e-16,0.0008072886633606274,1.970331591739663e-15,dissociated,Sweden,1600-1799
Business,Learning & Culture,Business + Learning & Culture,5811,2877,389,207.12902831251444,0.907615169394367,0.817648197521799,0.9946393468805329,0.04581971024870775,0.0004997501249375312,0.13521028849496003,-0.4705868898953716,0.0725350447986678,-0.6127555777007605,-0.32841820208998274,8.714640093585328e-11,0.0008072886633606274,1.4077495535791683e-10,associated,Sweden,1600-1799
Nobility & Kinship,Religion,Nobility & Kinship + Religion,5811,2877,88,121.91282188202852,-0.46800531779428933,-0.763700247246669,-0.2233960041971387,0.135808034058032,0.0009995002498750624,0.030587417448731318,-0.8285843563363228,0.11797188430848153,-1.0598092495809466,-0.597359463091699,2.1626225062826885e-12,0.0013993003498250875,4.541507263193646e-12,dissociated,Sweden,1600-1799
Nobility & Kinship,Learning & Culture,Nobility & Kinship + Learning & Culture,5811,2877,289,383.7466432983895,-0.4084693086620563,-0.5327536539170191,-0.29827607601624545,0.059793137183461124,0.0004997501249375312,0.10045185957594717,-1.6534614147780973,0.07336460312129736,-1.7972560368958401,-1.5096667926603544,1.77729505085125e-112,0.0008072886633606274,1.8661598033938124e-111,dissociated,Sweden,1600-1799
Religion,Learning & Culture,Religion + Learning & Culture,5811,2877,300,167.28322715837683,0.8407664903249973,0.731805342117074,0.9460463436143891,0.05367071684187392,0.0004997501249375312,0.10427528675703858,-0.5397606436184793,0.07981927625558953,-0.6962064250794348,-0.38331486215752386,1.3583276368304005e-11,0.0008072886633606274,2.377073364453201e-11,associated,Sweden,1600-1799
Politics,Administration & Law,Politics + Administration & Law,16616,6518,183,102.61150071365,0.8315748079841384,0.658030069098607,0.9833887546631648,0.08283271815524887,0.0004997501249375312,0.02807609696225836,0.3570742012552645,0.08890211577673593,0.1828260543328621,0.531322348177667,5.9072095687297095e-05,0.0006996501749125438,7.753212558957744e-05,associated,Sweden,1800-1899
Politics,Military,Politics + Military,16616,6518,258,179.4121189110379,0.5228719104934321,0.37589054520496556,0.662331630580398,0.0726330098476217,0.0004997501249375312,0.03958269407793802,0.009994821422930827,0.07289103726983585,-0.13287161162594746,0.1528612544718091,0.89093591812707,0.0006996501749125438,0.89093591812707,associated,Sweden,1800-1899
Politics,Business,Politics + Business,16616,6518,1115,654.8247694918168,0.7674085457667528,0.7144131439221285,0.820526641216121,0.02747630708350347,0.0004997501249375312,0.17106474378643755,0.7839743624650846,0.042917635834680286,0.6998557962291112,0.8680929287010579,1.516921466793896e-74,0.0006996501749125438,5.309225133778636e-74,associated,Sweden,1800-1899
Politics,Nobility & Kinship,Politics + Nobility & Kinship,16616,6518,313,436.5268386939797,-0.47925643821285274,-0.6195494480653669,-0.34591888687654304,0.06776928441784119,0.0004997501249375312,0.048020865296103096,-0.5025488488208956,0.06435238372088656,-0.6286795209138332,-0.3764181767279579,5.749386403761748e-15,0.0006996501749125438,1.0061426206583057e-14,dissociated,Sweden,1800-1899
Politics,Religion,Politics + Religion,16616,6518,120,132.34214546836975,-0.14067978194654898,-0.38061572642417246,0.07530177982249688,0.11642257618654818,0.22088955522238882,0.01841055538508745,-0.6013280335337731,0.0996947302954424,-0.7967297049128401,-0.40592636215470596,1.6225052568873241e-09,0.2319340329835083,2.433757885330986e-09,not distinguishable,Sweden,1800-1899
Politics,Learning & Culture,Politics + Learning & Culture,16616,6518,545,1028.2826267879825,-0.9152870833074398,-1.0080540801330808,-0.8273479347047978,0.04537181512337559,0.0004997501249375312,0.08361460570727217,-3.2439579329327546,0.05189543464025468,-3.3456729848276536,-3.1422428810378555,0.0,0.0006996501749125438,0.0,dissociated,Sweden,1800-1899
Administration & Law,Military,Administration & Law + Military,16616,6518,57,31.315620650363673,0.8538266904954245,0.4852724538575256,1.1622942781524386,0.1750102447990878,0.0004997501249375312,0.008745013807916539,0.2007852228166944,0.1413405553542383,-0.07624226567761269,0.47781271131100145,0.15543960274032698,0.0006996501749125438,0.17180166618667717,associated,Sweden,1800-1899
Administration & Law,Business,Administration & Law + Business,16616,6518,33,114.29687246509617,-1.776850336970282,-2.3246416913349517,-1.3522411458157753,0.24683808319329345,0.0004997501249375312,0.005062902730899049,-1.6117668844159645,0.17835943988146913,-1.961351386583644,-1.262182382248285,1.61587604981314e-19,0.0006996501749125438,3.0848542769159944e-19,dissociated,Sweden,1800-1899
Administration & Law,Nobility & Kinship,Administration & Law + Nobility & Kinship,16616,6518,90,76.19389909229895,0.2388059745635958,-0.030814774243059985,0.486777656148625,0.1321925415825858,0.0769615192403798,0.013807916538815588,0.07650972469284578,0.1155614392574882,-0.1499906962518311,0.30301014563752265,0.5079265685262728,0.08506273179199873,0.5333228969525865,not distinguishable,Sweden,1800-1899
Administration & Law,Religion,Administration & Law + Religion,16616,6518,5,23.099757411581074,-2.1012685060529557,-3.9384281724938535,-1.1630384011350288,0.6928014441407411,0.0074962518740629685,0.0007671064743786437,-1.9750825873185212,0.42954221800259645,-2.8169853346036104,-1.133179840033432,4.263398472812604e-06,0.009260075844430726,5.968757861937645e-06,dissociated,Sweden,1800-1899
Administration & Law,Learning & Culture,Administration & Law + Learning & Culture,16616,6518,159,179.48234967237119,-0.17429900873874846,-0.36062121675807507,-0.009514475201557054,0.08981954878724584,0.05297351324337831,0.02439398588524087,-1.9970437510906487,0.09244393013268999,-2.178233854150721,-1.8158536480305763,1.6920953961559632e-103,0.06180243211727469,8.883500829818807e-103,not distinguishable,Sweden,1800-1899
Military,Business,Military + Business,16616,6518,86,199.8435256403935,-1.211703850107753,-1.5132195710837255,-0.9448664311978621,0.14702065735342643,0.0004997501249375312,0.013194231359312672,-1.2573013581005916,0.11331963800500357,-1.4794078485903985,-1.0351948676107847,1.323987545212156e-28,0.0006996501749125438,3.4754673061819096e-28,dissociated,Sweden,1800-1899
Military,Nobility & Kinship,Military + Nobility & Kinship,16616,6518,176,133.22199547973943,0.4004313945080405,0.2084724945444022,0.565964231579656,0.09103586112694591,0.0004997501249375312,0.02700214789812826,0.1732715422073265,0.08501301305822698,0.006646036613201622,0.33989704780145136,0.04153226502644115,0.0006996501749125438,0.051304562679721416,associated,Sweden,1800-1899
Military,Religion,Military + Religion,16616,6518,5,40.38900507953883,-2.8942094355614434,-4.749896569736836,-2.038318000610255,0.676870040521748,0.005997001499250375,0.0007671064743786437,-2.608901380180652,0.42875058213319234,-3.4492525211617093,-1.768550239199595,1.165691937539534e-09,0.007871064467766116,1.883040822179247e-09,dissociated,Sweden,1800-1899
Military,Learning & Culture,Military + Learning & Culture,16616,6518,316,313.8177342490454,0.0099818263353936,-0.11326859487882177,0.1235021505937574,0.0610422907361798,0.8690654672663668,0.04848112918073028,-1.9434057268030278,0.0678503619791257,-2.0763924362821142,-1.8104190173239414,1.986317832595379e-180,0.8690654672663667,1.3904224828167654e-179,not distinguishable,Sweden,1800-1899
Business,Nobility & Kinship,Business + Nobility & Kinship,16616,6518,245,486.2384046894682,-0.9874235862571532,-1.1442574312827505,-0.8465168523354518,0.07684730536965145,0.0004997501249375312,0.037588217244553544,-0.7477333314645283,0.07080182098846541,-0.8865049006019204,-0.6089617623271361,4.52142233180515e-26,0.0006996501749125438,9.494986896790815e-26,dissociated,Sweden,1800-1899
Business,Religion,Business + Religion,16616,6518,38,147.41323552578422,-1.9418208020784555,-2.4164165627520147,-1.5734929549553602,0.21668720781446638,0.0004997501249375312,0.005830009205277692,-1.8125060859582411,0.16583507371628192,-2.1375428304421535,-1.4874693414743285,8.324171674086203e-28,0.0006996501749125438,1.9423067239534473e-27,dissociated,Sweden,1800-1899
Business,Learning & Culture,Business + Learning & Culture,16616,6518,1231,1145.3831922801771,0.10395664003082287,0.05708104361564125,0.14876979028054238,0.023368800258572762,0.0004997501249375312,0.1888616139920221,-1.7213197365356516,0.041147112986403604,-1.8019680779890026,-1.6406713950823006,0.0,0.0006996501749125438,0.0,associated,Sweden,1800-1899
Nobility & Kinship,Religion,Nobility & Kinship + Religion,16616,6518,132,98.27031090418427,0.42384300332085956,0.2022005220553978,0.6238799604328521,0.10631191351442847,0.0004997501249375312,0.020251610923596196,0.161360937362817,0.09699936373817405,-0.02875781556400414,0.35147969028963816,0.09620724482660513,0.0006996501749125438,0.11224178563103931,associated,Sweden,1800-1899
Nobility & Kinship,Learning & Culture,Nobility & Kinship + Learning & Culture,16616,6518,1038,763.5485511754648,0.4427649943867151,0.38863827599033696,0.4960044072722466,0.027641336047567116,0.0004997501249375312,0.15925130408100643,-0.932227994217447,0.04711814776358421,-1.024579563834072,-0.8398764246008219,4.016681085147928e-87,0.0006996501749125438,1.6870060557621297e-86,associated,Sweden,1800-1899
Religion,Learning & Culture,Religion + Learning & Culture,16616,6518,373,231.48554561765584,0.687073325227908,0.5870088865352187,0.778736948459712,0.04910734634626079,0.0004997501249375312,0.057226142988646825,-1.192797998794013,0.06958783018684224,-1.3291901459602238,-1.056405851627802,7.35048054405244e-66,0.0006996501749125438,2.205144163215732e-65,associated,Sweden,1800-1899
Politics,Administration & Law,Politics + Administration & Law,35142,8628,221,98.59113137008066,1.1604788513007909,0.9932518726223432,1.3148373641857274,0.08207832619812709,0.0004997501249375312,0.02561427909133055,0.4721261891240055,0.07559085940859758,0.32396810468315423,0.6202842735648568,4.216078807484279e-10,0.0007496251874062968,6.324118211226419e-10,associated,Sweden,1900-2020
Politics,Military,Politics + Military,35142,8628,161,74.41143607290465,1.1082762806920734,0.9127136436024147,1.2825733480607757,0.0953503214896897,0.0004997501249375312,0.018660176170607324,0.13190791603873617,0.08590590383635024,-0.036467655480510314,0.3002834875579826,0.12466276939772043,0.0007496251874062968,0.13089590786760646,associated,Sweden,1900-2020
Politics,Business,Politics + Business,35142,8628,856,559.7632417450712,0.6123484042707278,0.544131665735055,0.6760289570023615,0.0335421692018783,0.0004997501249375312,0.09921186833565136,0.5655125706624261,0.0419962545778471,0.4831999116898458,0.6478252296350064,2.4865849088966884e-41,0.0007496251874062968,8.703047181138409e-41,associated,Sweden,1900-2020
Politics,Nobility & Kinship,Politics + Nobility & Kinship,35142,8628,110,203.96553841048456,-0.8878113353895519,-1.1431693283666966,-0.657170258156234,0.1261104069376397,0.0004997501249375312,0.012749188687992583,-0.7074728106713,0.09962688635479812,-0.9027415079267043,-0.5122041134158957,1.236569926088526e-12,0.0007496251874062968,2.3607244043508224e-12,dissociated,Sweden,1900-2020
Politics,Religion,Politics + Religion,35142,8628,65,75.55305124775228,-0.21551122337325476,-0.5741836489360314,0.07317714115135865,0.1657381310805135,0.1889055472263868,0.007533611497450163,-0.4142717705862487,0.12979514214253815,-0.6686702491856235,-0.15987329198687394,0.001414207427739653,0.22038980509745126,0.0018561472489082944,not distinguishable,Sweden,1900-2020
Politics,Learning & Culture,Politics + Learning & Culture,35142,8628,1135,1535.7156012585847,-0.43605300027371036,-0.4820390353360609,-0.3924589181757593,0.023260467040456728,0.0004997501249375312,0.13154844691701437,-3.192516769908634,0.04021942311903909,-3.271346839221951,-3.1136867005953173,0.0,0.0007496251874062968,0.0,dissociated,Sweden,1900-2020
Administration & Law,Military,Administration & Law + Military,35142,8628,102,23.738689289150464,2.0802403176541095,1.815566985779049,2.3007843035420783,0.12582623690415978,0.0004997501249375312,0.011821974965229486,0.8314335660763379,0.1069789105287301,0.6217549014400269,1.0411122307126488,7.729367749060127e-15,0.0007496251874062968,1.8035191414473628e-14,associated,Sweden,1900-2020
Administration & Law,Business,Administration & Law + Business,35142,8628,112,178.57531546972024,-0.6706414821474291,-0.928922443911114,-0.44066685023750385,0.12332221796160053,0.0004997501249375312,0.012980992118683357,-0.6296303156396298,0.09971155834305634,-0.8250649699920202,-0.4341956612872394,2.7100679000944806e-10,0.0007496251874062968,4.3778019924603146e-10,dissociated,Sweden,1900-2020
Administration & Law,Nobility & Kinship,Administration & Law + Nobility & Kinship,35142,8628,50,65.06895710596082,-0.37672956068023183,-0.7785976475964675,-0.02360603116550261,0.19263863579734308,0.050974512743628186,0.005795085767269356,-0.34582655310279325,0.14551175231423785,-0.6310295876386994,-0.06062351856688708,0.017471943044879167,0.06690404797601199,0.01931109494434013,not distinguishable,Sweden,1900-2020
Administration & Law,Religion,Administration & Law + Religion,35142,8628,18,24.10288664044114,-0.4113023252102544,-1.2049011764592559,0.12974622600178376,0.3407182802287933,0.22138930534732634,0.002086230876216968,-0.5734560636525997,0.23676943379318574,-1.0375241538872437,-0.10938797341795564,0.015435261742138431,0.24469344275230806,0.01800780536582817,not distinguishable,Sweden,1900-2020
Administration & Law,Learning & Culture,Administration & Law + Learning & Culture,35142,8628,377,489.9230201532567,-0.37755005539333997,-0.4878693270350253,-0.27396275117792174,0.05378486255790588,0.0004997501249375312,0.04369494668521094,-2.7432865981181265,0.0627580245513617,-2.8662923262387956,-2.6202808699974574,0.0,0.0007496251874062968,0.0,dissociated,Sweden,1900-2020
Military,Business,Military + Business,35142,8628,96,134.77932027572183,-0.4873404684219614,-0.7688092586338987,-0.25028434455389537,0.13427850001921598,0.0009995002498750624,0.011126564673157162,-0.7559875684082059,0.10695617961811389,-0.9656216804597091,-0.5463534563567027,1.569572911685345e-12,0.0013993003498250875,2.746752595449354e-12,dissociated,Sweden,1900-2020
Military,Nobility & Kinship,Military + Nobility & Kinship,35142,8628,41,49.11064996146434,-0.2575385220014027,-0.7471092103405286,0.13293797723415682,0.22173985341870575,0.23938030984507747,0.004751970329160872,-0.5125968251550588,0.1596606482767497,-0.8255316957774882,-0.19966195453262936,0.001324860377193291,0.25134932533733134,0.0018548045280706073,not distinguishable,Sweden,1900-2020
Military,Religion,Military + Religion,35142,8628,17,18.19159982742559,-0.09503513361273146,-0.9264578413644667,0.4719440481027841,0.3632397130543288,0.7796101949025487,0.001970329160871581,-0.5900068483096442,0.2432633004634718,-1.0668029172180489,-0.11321077940123953,0.015292213794598213,0.7796101949025486,0.01800780536582817,not distinguishable,Sweden,1900-2020
Military,Learning & Culture,Military + Learning & Culture,35142,8628,253,369.7683045946022,-0.5465853111621995,-0.6905771190224725,-0.41446964337614733,0.06966591406157718,0.0004997501249375312,0.02932313398238294,-3.2347301541325857,0.07185749763236322,-3.375570849492018,-3.0938894587731536,0.0,0.0007496251874062968,0.0,dissociated,Sweden,1900-2020
Business,Nobility & Kinship,Business + Nobility & Kinship,35142,8628,154,369.43698546152325,-1.2596727069240201,-1.4747415544248188,-1.0723404234607885,0.10374153377474474,0.0004997501249375312,0.017848864163189614,-0.6349706032263372,0.08548158133725803,-0.802514502647363,-0.4674267038053115,1.1012124153530142e-13,0.0007496251874062968,2.31254607224133e-13,dissociated,Sweden,1900-2020
Business,Religion,Business + Religion,35142,8628,21,136.84709541087258,-2.67541783598047,-3.381740226316682,-2.1605832823538718,0.3196413893043408,0.0004997501249375312,0.0024339360222531293,-1.8887997910878447,0.21900527818012394,-2.3180501363208874,-1.4595494458548017,6.4402129954706654e-18,0.0007496251874062968,1.6905559113110498e-17,dissociated,Sweden,1900-2020
Business,Learning & Culture,Business + Learning & Culture,35142,8628,2922,2781.5980418878366,0.07102976301729708,0.05160130006829367,0.09026413364537067,0.009952668406797935,0.0004997501249375312,0.3386648122392211,-1.717931787760241,0.033524651105153534,-1.7836401039263419,-1.65222347159414,0.0,0.0007496251874062968,0.0,associated,Sweden,1900-2020
Nobility & Kinship,Religion,Nobility & Kinship + Religion,35142,8628,38,49.864102202161696,-0.3875373508650849,-0.8909184860477541,0.0017992626259255887,0.22868411632370075,0.09245377311344327,0.00440426518312471,-0.13853299857255208,0.16676055198921053,-0.4653836804714047,0.18831768332630056,0.4061261570790843,0.11420760208131228,0.4061261570790843,not distinguishable,Sweden,1900-2020
Nobility & Kinship,Learning & Culture,Nobility & Kinship + Learning & Culture,35142,8628,1358,1013.5537669220269,0.4218804169510744,0.3855079936782227,0.4580289591950629,0.018506815601677874,0.0004997501249375312,0.1573945294390357,-0.6224580126702831,0.055531893374262654,-0.7313005236838379,-0.5136155016567283,3.682547215603623e-29,0.0007496251874062968,1.104764164681087e-28,associated,Sweden,1900-2020
Religion,Learning & Culture,Religion + Learning & Culture,35142,8628,521,375.44126469295725,0.472159973170102,0.40891462372638776,0.5366073167599041,0.03178963381692003,0.0004997501249375312,0.06038479369494668,-1.1914457353347967,0.07257961709674457,-1.3337017848444161,-1.0491896858251772,1.476506440968436e-60,0.0007496251874062968,6.201327052067431e-60,associated,Sweden,1900-2020
Politics,Administration & Law,Politics + Administration & Law,638,283,19,12.593214242482711,0.5746548171840399,0.0017298220129494295,1.0164063174169224,0.26255667901847185,0.031484257871064465,0.06713780918727916,0.024371782411881985,0.27582218605506154,-0.5162397022560387,0.5649832670798026,0.9295901660087438,0.06611694152923538,0.9295901660087438,not distinguishable,Switzerland,1400-1599
Politics,Military,Politics + Military,638,283,14,3.4314521549869887,1.8829186979531127,1.3010123664985416,2.3463587773196197,0.2627593939973003,0.0004997501249375312,0.04946996466431095,0.8900885131849827,0.3469304460502822,0.21010483892642962,1.570072187443536,0.010299430907725672,0.0034982508745627187,0.024032005451359903,associated,Switzerland,1400-1599
Politics,Business,Politics + Business,638,283,7,9.934566362246684,-0.47640814577223145,-1.7011457734536781,0.23217129123244087,0.49839311582967183,0.30334832583708143,0.024734982332155476,-1.2117296245079834,0.39424387399865013,-1.9844476175453376,-0.43901163147062916,0.002115257820818615,0.3981446776611694,0.006345773462455845,not distinguishable,Switzerland,1400-1599
Politics,Nobility & Kinship,Politics + Nobility & Kinship,638,283,11,4.965270971800586,1.0732689285987187,0.18628415167027051,1.6314589128273966,0.3669330196015225,0.013493253373313344,0.038869257950530034,0.33382407508824785,0.3579490984996953,-0.3677561579711549,1.0354043081476507,0.3510254571769885,0.040479760119940034,0.38797550530088204,associated,Switzerland,1400-1599
Politics,Religion,Politics + Religion,638,283,8,11.074242967641233,-0.44538308837121815,-1.5537392949888105,0.26806471430636497,0.46307934714944265,0.28835582208895555,0.028268551236749116,-1.4971981941356243,0.36971127684485755,-2.221832296751545,-0.7725640915197035,5.1296115961220096e-05,0.3981446776611694,0.00021544368703712438,not distinguishable,Switzerland,1400-1599
Politics,Learning & Culture,Politics + Learning & Culture,638,283,25,42.00125330378319,-0.7370081378954474,-1.2231270536400278,-0.3948137919640183,0.20825312279236072,0.0034982508745627187,0.08833922261484099,-2.4508203385160776,0.24231730859615133,-2.9257622633645344,-1.975878413667621,4.784167476231241e-24,0.014692653673163419,1.0046751700085606e-22,dissociated,Switzerland,1400-1599
Administration & Law,Military,Administration & Law + Military,638,283,3,3.5275621288124746,-0.20255192193030852,-2.738615427711131,0.8200773061896566,0.8027077398542611,0.769615192403798,0.01060070671378092,-0.5736607678751307,0.5718492094682246,-1.694485218432851,0.5471636826825896,0.3157798603424111,0.8666456245561429,0.36840983706614633,not distinguishable,Switzerland,1400-1599
Administration & Law,Business,Administration & Law + Business,638,283,2,10.212819087308125,-2.099338176456435,-4.509772904277945,-0.9358190178668416,0.9377485683487626,0.09045477261369315,0.007067137809187279,-1.9708202695025825,0.6513754892668634,-3.247516228465635,-0.6941243105395303,0.0024811691777936245,0.14611924806827356,0.006513069091708264,not distinguishable,Switzerland,1400-1599
Administration & Law,Nobility & Kinship,Administration & Law + Nobility & Kinship,638,283,5,5.104340975280792,-0.02711311521525559,-1.637099361653525,0.8009759573515705,0.6250258088795874,0.9700149925037481,0.0176678445229682,-0.18608372693026745,0.47030558954687,-1.1078826824421326,0.7357152285815978,0.6923517616783199,0.9955022488755623,0.7269693497622359,not distinguishable,Switzerland,1400-1599
Administration & Law,Religion,Administration & Law + Religion,638,283,5,11.384416373442692,-1.1115675325961085,-2.8124634697697406,-0.26992738208241884,0.6395521950440979,0.06896551724137931,0.0176678445229682,-1.524089725358523,0.4514041771582737,-2.4088419125887395,-0.6393375381283066,0.0007345959905925397,0.1206896551724138,0.002571085967073889,not distinguishable,Switzerland,1400-1599
Administration & Law,Learning & Culture,Administration & Law + Learning & Culture,638,283,52,43.177647195738686,0.2654222787568382,0.048044647642815984,0.4787969165111533,0.1078917359447816,0.015492253873063468,0.18374558303886926,-0.2875573763982494,0.22718387075314814,-0.7328377630744197,0.1577230102779209,0.2056035596209057,0.040667166416791606,0.2539808677670012,associated,Switzerland,1400-1599
Military,Business,Military + Business,638,283,0,2.7828320388144805,-2.7149409384676426,-3.18573711365533,-2.1039303944904413,0.2720233847172221,0.0004997501249375312,0.0,-2.6395488508834486,1.4278485231715183,-5.438131956299625,0.15903425453272746,0.06451275187734067,0.0034982508745627187,0.10421290687878107,dissociated,Switzerland,1400-1599
Military,Nobility & Kinship,Military + Nobility & Kinship,638,283,6,1.390852367168382,1.7814029923302293,0.4719381267542126,2.4994356651564207,0.5344446385158685,0.010994502748625687,0.02120141342756184,1.1003884880693655,0.4615806258658249,0.1956904613723488,2.0050865147663823,0.01712759104044346,0.03848075962018991,0.03269812834993751,associated,Switzerland,1400-1599
Military,Religion,Military + Religion,638,283,1,3.1020738110001,-1.2638652434527318,-3.1493495026986174,0.1350919597036742,1.0108184324416483,0.3308345827086457,0.0035335689045936395,-1.8968565149857932,0.8386572322664311,-3.540624690227998,-0.25308833974358835,0.023711119990780717,0.4086780139342094,0.04149445998386626,not distinguishable,Switzerland,1400-1599
Military,Learning & Culture,Military + Learning & Culture,638,283,2,11.765227499844055,-2.2945739937693754,-4.726849748110712,-1.1955393481357715,0.9497912612723967,0.05547226386806597,0.007067137809187279,-3.343129594306337,0.6594007157411443,-4.63555499715898,-2.050704191453694,3.9791726017152144e-07,0.10590159465721684,2.0890656159004874e-06,not distinguishable,Switzerland,1400-1599
Business,Nobility & Kinship,Business + Nobility & Kinship,638,283,2,4.026725280619445,-0.8565396596077753,-3.224303561904392,0.27286449139050944,0.9349325527237141,0.2748625687156422,0.007067137809187279,-1.0892045076078518,0.6611538010675263,-2.3850659577002036,0.20665694248449973,0.0994697239881264,0.3981446776611694,0.13925761358337693,not distinguishable,Switzerland,1400-1599
Business,Religion,Business + Religion,638,283,9,8.980966874674325,0.002893319914064547,-0.9340083093780108,0.6226843245658995,0.4126812564433727,0.9955022488755623,0.03180212014134275,-0.888177055787666,0.35778729246771346,-1.5894401490243844,-0.18691396255094772,0.013049467075018351,0.9955022488755623,0.02740388085753854,not distinguishable,Switzerland,1400-1599
Business,Learning & Culture,Business + Learning & Culture,638,283,50,34.062090358527406,0.5470929117206561,0.3293843228522685,0.756086399206084,0.10662757124349939,0.0004997501249375312,0.17667844522968199,-0.3903798697223905,0.2263594835591189,-0.8340444574982635,0.053284718053482505,0.08459934095531531,0.0034982508745627187,0.12689901143297297,associated,Switzerland,1400-1599
Nobility & Kinship,Religion,Nobility & Kinship + Religion,638,283,5,4.488664376030042,0.14077800668214732,-1.4624681240184085,0.9803747631774656,0.6134562407317231,0.7841079460269865,0.0176678445229682,-0.593869266413962,0.4669768789956232,-1.5091439492453835,0.32140541641745946,0.20346848912934345,0.8666456245561429,0.2539808677670012,not distinguishable,Switzerland,1400-1599
Nobility & Kinship,Learning & Culture,Nobility & Kinship + Learning & Culture,638,283,8,17.024146030043415,-1.0438093955482588,-2.064613016799546,-0.37247651721761843,0.4390692415090492,0.02498750624687656,0.028268551236749116,-2.071448468328551,0.39146273439361523,-2.838715427740037,-1.304181508917065,1.2127752143662973e-07,0.05830418124271197,8.489426500564081e-07,not distinguishable,Switzerland,1400-1599
Religion,Learning & Culture,Religion + Learning & Culture,638,283,49,37.969635599754206,0.3637083612951098,0.12534544335929587,0.5662488820627793,0.11161476933053338,0.0029985007496251873,0.17314487632508835,-1.2269515151177908,0.2048315165888603,-1.628421287631957,-0.8254817426036245,2.0977345409164304e-09,0.014692653673163419,2.202621267962252e-08,associated,Switzerland,1400-1599
Politics,Administration & Law,Politics + Administration & Law,2081,900,108,56.170572978404735,0.9370233483984707,0.738949504821185,1.116705540195325,0.09500571623962525,0.0004997501249375312,0.12,0.6970434721649355,0.13219983754104125,0.4379317905844946,0.9561551537453763,1.344678606261404e-07,0.0014992503748125937,3.5297813414361855e-07,associated,Switzerland,1600-1799
Politics,Military,Politics + Military,2081,900,49,20.023446309332318,1.2701555156940947,0.9516508597332554,1.545905036850045,0.15097926894464198,0.0004997501249375312,0.05444444444444444,0.3183742088136556,0.17648696816271717,-0.02754024878527006,0.6642886664125812,0.07123866360988007,0.0014992503748125937,0.07480059679037407,associated,Switzerland,1600-1799
Politics,Business,Politics + Business,2081,900,63,49.66163534801785,0.3401722088561657,0.04943242192812323,0.5962628176939648,0.14148519216575883,0.014992503748125937,0.07,-0.3003928957425785,0.1500828508306219,-0.5945552833705974,-0.0062305081145596075,0.04533704906919775,0.02862205261005861,0.052194593827220755,associated,Switzerland,1600-1799
Politics,Nobility & Kinship,Politics + Nobility & Kinship,2081,900,12,18.129918008290957,-0.5756932299937809,-1.4965622276992159,0.01685254667895366,0.3923205193380885,0.12143928035982009,0.013333333333333334,-0.8837101274325206,0.3047755309445695,-1.481070168083877,-0.28635008678116447,0.0037370563457019136,0.18215892053973012,0.004904886453733761,not distinguishable,Switzerland,1600-1799
Politics,Religion,Politics + Religion,2081,900,10,28.201979445285062,-1.4507609085712598,-2.56745234825616,-0.7811977033978295,0.4570454807715605,0.00849575212393803,0.011111111111111112,-2.0232096971061164,0.3199387590951995,-2.6502896649327075,-1.3961297292795254,2.5530629572251575e-10,0.017841079460269867,1.0722864420345662e-09,dissociated,Switzerland,1600-1799
Politics,Learning & Culture,Politics + Learning & Culture,2081,900,92,161.8124479241509,-0.8112483752921295,-1.039487010474461,-0.6166132540997346,0.10474096180417554,0.0004997501249375312,0.10222222222222223,-2.578466491011948,0.12990087306514123,-2.833072202219625,-2.323860779804271,1.1131811503516686e-87,0.0014992503748125937,2.337680415738504e-86,dissociated,Switzerland,1600-1799
Administration & Law,Military,Administration & Law + Military,2081,900,11,16.27575399581361,-0.5447437494629738,-1.52897939693752,0.1004002550994373,0.4215167082625338,0.17641179410294852,0.012222222222222223,-1.0038173443986593,0.31134110895979356,-1.6140459179598547,-0.393588770837464,0.0012633740990080685,0.21853778992856512,0.001895061148512103,not distinguishable,Switzerland,1600-1799
Administration & Law,Business,Administration & Law + Business,2081,900,8,40.36670548453115,-2.2653911971984977,-3.5162787052689133,-1.5177013135261492,0.5225074839625787,0.0024987506246876563,0.008888888888888889,-2.137814434879285,0.352954181823908,-2.8296046312541447,-1.4460242385044255,1.3875452348176226e-09,0.005830418124271198,4.856408321861679e-09,dissociated,Switzerland,1600-1799
Administration & Law,Nobility & Kinship,Administration & Law + Nobility & Kinship,2081,900,10,14.736628296083465,-0.5371543571777985,-1.5865296648260994,0.09694150816842469,0.4220793423011404,0.17691154422788605,0.011111111111111112,-0.5766212396795508,0.33008140775088124,-1.2235807988712781,0.0703383195121764,0.0806536196669339,0.21853778992856512,0.0806536196669339,not distinguishable,Switzerland,1600-1799
Administration & Law,Religion,Administration & Law + Religion,2081,900,4,22.923550349697884,-2.379962857742851,-4.092273198754599,-1.4138250685047702,0.7630345021932291,0.01999000499750125,0.0044444444444444444,-2.402763184351956,0.4797940359052954,-3.343159494726335,-1.4623668739775773,5.502554163185641e-07,0.03498250874562719,1.2839293047433164e-06,dissociated,Switzerland,1600-1799
Administration & Law,Learning & Culture,Administration & Law + Learning & Culture,2081,900,141,131.5267889047866,0.09997136363357018,-0.03352367043208902,0.22957926080489008,0.06713023465801242,0.136431784107946,0.15666666666666668,-0.9140125565768278,0.12376586854529356,-1.1565936589256032,-0.6714314542280524,1.5243841580955892e-13,0.1910044977511244,8.003016830001843e-13,not distinguishable,Switzerland,1600-1799
Military,Business,Military + Business,2081,900,8,14.389751022566394,-0.8087848838826309,-2.0453853820937207,-0.06609970944971746,0.5151077436704989,0.09345327336331834,0.008888888888888889,-1.433132078762538,0.356710912009682,-2.1322854663015147,-0.7339786912235612,5.878667288772239e-05,0.1509629800484373,0.00011222910278565184,not distinguishable,Switzerland,1600-1799
Military,Nobility & Kinship,Military + Nobility & Kinship,2081,900,18,5.253250408904677,1.6850761010694268,1.0444466216864996,2.1753761530640228,0.28843979229388095,0.0004997501249375312,0.02,0.8233977962469071,0.2676749287387491,0.29875493591895885,1.3480406565748555,0.002097197467446543,0.0014992503748125937,0.0029360764544251604,associated,Switzerland,1600-1799
Military,Religion,Military + Religion,2081,900,1,8.171689468485953,-2.5313505942666734,-4.325766847498766,-1.1816854702324273,1.0145758202690114,0.0004997501249375312,0.0011111111111111111,-2.8442804929742436,0.8228441597483606,-4.45705504608103,-1.2315059398674568,0.0005469440187323323,0.0014992503748125937,0.0008835249533368444,dissociated,Switzerland,1600-1799
Military,Learning & Culture,Military + Learning & Culture,2081,900,24,46.88610879733055,-0.9516824468917957,-1.5242907122142229,-0.5420074375483968,0.25194832675265955,0.0024987506246876563,0.02666666666666667,-2.575057818826702,0.22321804497084421,-3.0125651869695567,-2.1375504506838476,8.68064126929323e-31,0.005830418124271198,9.114673332757891e-30,dissociated,Switzerland,1600-1799
Business,Nobility & Kinship,Business + Nobility & Kinship,2081,900,9,13.028976239582652,-0.510053253725092,-1.6134536294387107,0.14070240188967162,0.467636789970996,0.2478760619690155,0.01,-0.7872878978182392,0.3444248005417705,-1.4623605068801093,-0.11221528875636899,0.022265674722013205,0.28918873896385144,0.027504657009545724,not distinguishable,Switzerland,1600-1799
Business,Religion,Business + Religion,2081,900,18,20.267213560137602,-0.16678238488971334,-0.8638228847851517,0.3286720320797981,0.30091849393794845,0.5652173913043478,0.02,-0.9751932001746123,0.2493465063123076,-1.4639123525467352,-0.48647404780248943,9.191627728957977e-05,0.5847076461769115,0.0001608534852567646,not distinguishable,Switzerland,1600-1799
Business,Learning & Culture,Business + Learning & Culture,2081,900,148,116.2857183528545,0.346599072230111,0.21273346663114887,0.47885282550405567,0.06805234920967983,0.0004997501249375312,0.16444444444444445,-0.9954999557806234,0.12037602714443449,-1.231436968983715,-0.7595629425775319,1.3405041291142092e-16,0.0014992503748125937,9.383528903799464e-16,associated,Switzerland,1600-1799
Nobility & Kinship,Religion,Nobility & Kinship + Religion,2081,900,6,7.398929123595266,-0.281217358844863,-1.6734496396975107,0.5419876423058207,0.5818156344083859,0.5847076461769115,0.006666666666666667,-0.8134632024849466,0.4099520687327287,-1.6169692572010947,-0.009957147768798413,0.04722368012939021,0.5847076461769115,0.052194593827220755,not distinguishable,Switzerland,1600-1799
Nobility & Kinship,Learning & Culture,Nobility & Kinship + Learning & Culture,2081,900,46,42.45229792571891,0.11449539935386824,-0.19870672723413924,0.3705016974691046,0.14793624643972544,0.4272863568215892,0.051111111111111114,-0.9468392606442054,0.19746625918429367,-1.333873128645421,-0.5598053926429898,1.627219003463321e-06,0.47226386806596704,3.4171599072729737e-06,not distinguishable,Switzerland,1600-1799
Religion,Learning & Culture,Religion + Learning & Culture,2081,900,114,66.0366380564289,0.7831267212156127,0.6358268961477486,0.9217380719300816,0.07243877142020695,0.0004997501249375312,0.12666666666666668,-0.7965608540126671,0.13674136308919912,-1.0645739256674973,-0.5285477823578368,5.700662176512774e-09,0.0014992503748125937,1.710198652953832e-08,associated,Switzerland,1600-1799
Politics,Administration & Law,Politics + Administration & Law,5564,1825,388,174.37208822315853,1.1516145632071184,1.0520817504172464,1.254917903804068,0.05201849760418545,0.0004997501249375312,0.2126027397260274,1.6869178137952414,0.08866062974340565,1.5131429794981663,1.8606926480923165,1.0253889860899717e-80,0.0010494752623688157,7.177722902629802e-80,associated,Switzerland,1800-1899
Politics,Military,Politics + Military,5564,1825,37,35.48506704797335,0.05949224920019889,-0.3556223142388311,0.3912634537611835,0.19264926031714014,0.7646176911544228,0.020273972602739727,-0.3964967924619788,0.18553489081780156,-0.7601451784648698,-0.03284840645908771,0.03259416438969666,0.802848575712144,0.04563183014557533,not distinguishable,Switzerland,1800-1899
Politics,Business,Politics + Business,5564,1825,192,175.11382616611704,0.13245201234625814,-0.008339827832059917,0.2593717131067751,0.06937217478213142,0.05347326336831584,0.1052054794520548,-0.16722780636144313,0.08903770114940539,-0.34174170061427767,0.0072860878913914295,0.06035811673734243,0.08020989505247376,0.07922002821776193,not distinguishable,Switzerland,1800-1899
Politics,Nobility & Kinship,Politics + Nobility & Kinship,5564,1825,9,32.33148074147019,-1.7890804002002743,-2.9224840707191,-1.0775634421929972,0.4736391443221761,0.004997501249375313,0.004931506849315068,-1.5336189153735007,0.33898790147831676,-2.1980352022710017,-0.8692026284759998,6.064987176207679e-06,0.008745627186406797,1.4151636744484585e-05,dissociated,Switzerland,1800-1899
Politics,Religion,Politics + Religion,5564,1825,15,66.74083794664845,-2.117069487866085,-2.987642597998821,-1.5367344065532138,0.3694017192248835,0.0004997501249375312,0.00821917808219178,-2.053444702282428,0.262250272752155,-2.567455236876652,-1.5394341676882042,4.874992018797566e-15,0.0010494752623688157,1.706247206579148e-14,dissociated,Switzerland,1800-1899
Politics,Learning & Culture,Politics + Learning & Culture,5564,1825,312,468.9566999315515,-0.5871359080940614,-0.6840584492944709,-0.5035193479684843,0.04505369502694316,0.0004997501249375312,0.17095890410958905,-3.265234704125988,0.07894573989867153,-3.419968354327384,-3.110501053924592,0.0,0.0010494752623688157,0.0,dissociated,Switzerland,1800-1899
Administration & Law,Military,Administration & Law + Military,5564,1825,11,17.3922509471621,-0.6377010368980286,-1.6319867833070338,0.029210235729385838,0.4289696409600894,0.12493753123438281,0.006027397260273973,-0.6666094217879186,0.30753921333166934,-1.2693862799179905,-0.06383256365784673,0.030192248149970395,0.16398050974512743,0.04563183014557533,not distinguishable,Switzerland,1800-1899
Administration & Law,Business,Administration & Law + Business,5564,1825,11,85.8283177225326,-2.9082000138385604,-3.94193544110198,-2.2559254345332733,0.4328178542856603,0.0004997501249375312,0.006027397260273973,-2.3004708195593646,0.3001799752389119,-2.8888235710276318,-1.7121180680910975,1.8073814370660442e-14,0.0010494752623688157,5.422144311198133e-14,dissociated,Switzerland,1800-1899
Administration & Law,Nobility & Kinship,Administration & Law + Nobility & Kinship,5564,1825,9,15.846587686836667,-0.7829900892730729,-1.9036045579171978,-0.04137089301112872,0.4878387824006375,0.09045477261369315,0.004931506849315068,-0.438968267082022,0.340317190616583,-1.1059899606905248,0.2280534265264807,0.1970923980572019,0.1266366816591704,0.22994113106673555,not distinguishable,Switzerland,1800-1899
Administration & Law,Religion,Administration & Law + Religion,5564,1825,1,32.71160233184014,-4.468652923162624,-6.181931069471001,-3.148366557493503,1.0181887416226043,0.0004997501249375312,0.000547945205479452,-3.3503803893578006,0.8195448656205071,-4.956688325973994,-1.7440724527416067,4.3492291069213494e-05,0.0010494752623688157,9.133381124534834e-05,dissociated,Switzerland,1800-1899
Administration & Law,Learning & Culture,Administration & Law + Learning & Culture,5564,1825,136,229.8491530968761,-0.7549213425852185,-0.9572062388822653,-0.579265267387395,0.09302688973744054,0.0004997501249375312,0.07452054794520548,-2.382190443457378,0.10213702776882269,-2.5823790178842705,-2.1820018690304854,2.562234402282189e-120,0.0010494752623688157,2.690346122396298e-119,dissociated,Switzerland,1800-1899
Military,Business,Military + Business,5564,1825,14,17.46623350120743,-0.30923508909285247,-1.175650049595845,0.2717874695106675,0.36442040313707746,0.3708145927036482,0.007671232876712329,-0.6679199423241275,0.2763721577571528,-1.2096093715281468,-0.12623051312010813,0.015660152888144017,0.45806508510450655,0.02740526755425203,not distinguishable,Switzerland,1800-1899
Military,Nobility & Kinship,Military + Nobility & Kinship,5564,1825,3,3.224812137532836,-0.08981274242072694,-2.809632157561518,0.9873933526464623,0.8505509901828731,0.895552223888056,0.0016438356164383563,-0.16644612602741038,0.5474881432276434,-1.2395228867535915,0.9066306346987707,0.7611143507774607,0.895552223888056,0.7991700683163337,not distinguishable,Switzerland,1800-1899
Military,Religion,Military + Religion,5564,1825,1,6.656876188271888,-2.2543675209746827,-4.009518679044884,-0.9011657605786498,1.017571934247044,0.0004997501249375312,0.000547945205479452,-2.0216662627287216,0.8219021261223349,-3.6325944299284982,-0.41073809552894525,0.01390373579520178,0.0010494752623688157,0.02654349560902158,dissociated,Switzerland,1800-1899
Military,Learning & Culture,Military + Learning & Culture,5564,1825,61,46.77476017907381,0.37951627093022,0.10722281599060186,0.612112588415677,0.1280729065900952,0.005997001499250375,0.033424657534246574,-1.5435487798598766,0.1590935721491373,-1.8553721812721857,-1.2317253784475675,2.952279551121306e-22,0.009687463960327528,1.2399574114709484e-21,associated,Switzerland,1800-1899
Business,Nobility & Kinship,Business + Nobility & Kinship,5564,1825,14,15.913995352097311,-0.1788735496461501,-1.0150669231880016,0.37828680685542704,0.3542228178187352,0.6186906546726637,0.007671232876712329,-0.2180673137792428,0.2821551004030302,-0.771091310569182,0.33495668301069637,0.43960330372114576,0.7218057637847743,0.48587733569179264,not distinguishable,Switzerland,1800-1899
Business,Religion,Business + Religion,5564,1825,6,32.85074981164462,-2.3592075740596066,-3.7332976293967355,-1.5379634998870118,0.5819092748332713,0.0014992503748125937,0.0032876712328767125,-2.113536743893574,0.39822975007798406,-2.894067054046423,-1.3330064337407255,1.112426053995168e-07,0.0028622052610058606,2.9201183917373157e-07,dissociated,Switzerland,1800-1899
Business,Learning & Culture,Business + Learning & Culture,5564,1825,321,230.82687745486305,0.47488583769195913,0.3845067548497316,0.568923314817391,0.0475453206899968,0.0004997501249375312,0.17589041095890412,-1.384573585472292,0.07966564004155559,-1.540718239953741,-1.2284289309908432,1.1734422596938075e-67,0.0010494752623688157,6.16057186339249e-67,associated,Switzerland,1800-1899
Nobility & Kinship,Religion,Nobility & Kinship + Religion,5564,1825,7,6.065274274062734,0.192035312507921,-1.2147090963685325,0.9702580026195033,0.5351886402444406,0.7001499250374813,0.0038356164383561643,0.0688328709300864,0.3812522974049125,-0.6784216319835421,0.8160873738437149,0.8567253992688166,0.7738499171466898,0.8567253992688166,not distinguishable,Switzerland,1800-1899
Nobility & Kinship,Learning & Culture,Nobility & Kinship + Learning & Culture,5564,1825,74,42.61784980910675,0.7889551896709303,0.5766345090925261,0.9856000705104794,0.10278962947474805,0.0004997501249375312,0.040547945205479455,-0.39776104419391456,0.18570415996158188,-0.761741197718615,-0.03378089066921408,0.032200964716056546,0.0010494752623688157,0.04563183014557533,associated,Switzerland,1800-1899
Religion,Learning & Culture,Religion + Learning & Culture,5564,1825,203,87.97465944997289,1.201692585831299,1.102312651811638,1.306587737785755,0.052756967923908694,0.0004997501249375312,0.11123287671232877,-0.21722026965302796,0.12123007470264524,-0.4548312160702126,0.020390676764156707,0.07316471565542751,0.0010494752623688157,0.09037994286846927,associated,Switzerland,1800-1899
Politics,Administration & Law,Politics + Administration & Law,12748,2477,243,113.84003235345351,1.090591168700816,0.9683154140723801,1.2155359318242083,0.06367516550799744,0.0004997501249375312,0.09810254339927331,0.7267816934372288,0.08038860765264984,0.569220022438035,0.8843433644364225,1.5545203760409847e-19,0.0013118440779610195,6.528985579372135e-19,associated,Switzerland,1900-2020
Politics,Military,Politics + Military,12748,2477,22,18.601472465585672,0.23624114658871886,-0.38950347008509667,0.711982819351901,0.2795716688894047,0.39080459770114945,0.008881711748082357,-0.40536258689562643,0.2270194421318329,-0.8503206934740188,0.039595519682766034,0.07416642292189468,0.5129310344827587,0.11124963438284204,not distinguishable,Switzerland,1900-2020
Politics,Business,Politics + Business,12748,2477,220,172.52909383148406,0.34976401677973784,0.21240501007854967,0.4780831398288533,0.06811670012380058,0.0004997501249375312,0.08881711748082358,0.02319729953046345,0.0783664612138084,-0.130400964448601,0.1767955635095279,0.7672220221401591,0.0013118440779610195,0.8526677806724746,associated,Switzerland,1900-2020
Politics,Nobility & Kinship,Politics + Nobility & Kinship,12748,2477,14,19.773320714191044,-0.4835295174011133,-1.3447776297143403,0.10361592115783662,0.3652559952116627,0.16891554222888555,0.005651998385143318,-0.5754706202914489,0.2794339633761545,-1.1231611885087118,-0.0277800520741861,0.03945445734869156,0.23648175912043978,0.06373412340942483,not distinguishable,Switzerland,1900-2020
Politics,Religion,Politics + Religion,12748,2477,15,52.71180123889803,-1.779478024601751,-2.6110202069429227,-1.1914270059200802,0.3639084617686407,0.0014992503748125937,0.006055712555510699,-1.734061020147256,0.2600776250570594,-2.2438131652590925,-1.2243088750354194,2.6024206592626783e-11,0.0034982508745627183,9.108472307419374e-11,dissociated,Switzerland,1900-2020
Politics,Learning & Culture,Politics + Learning & Culture,12748,2477,495,631.5442794439073,-0.35114057614312855,-0.41344355153825174,-0.2935540887781511,0.03004771248785906,0.0004997501249375312,0.19983851433185304,-3.879611929213669,0.0635766292908271,-4.00422212262369,-3.755001735803648,0.0,0.0013118440779610195,0.0,dissociated,Switzerland,1900-2020
Administration & Law,Military,Administration & Law + Military,12748,2477,23,10.850512323794348,1.0499033394224253,0.4437188003133674,1.487615151031513,0.2656623348409126,0.0029985007496251873,0.009285425918449738,0.8450589223161159,0.22474818635411364,0.40455247706205316,1.2855653675701786,0.00016989600629716868,0.006296851574212893,0.0003243469211127766,associated,Switzerland,1900-2020
Administration & Law,Business,Administration & Law + Business,12748,2477,28,100.63875654440821,-1.827302122009218,-2.4504131593763843,-1.400118225300756,0.263189426709445,0.0004997501249375312,0.011303996770286637,-1.092543668316669,0.1931701094583504,-1.4711570828550358,-0.7139302537783021,1.5506515288453863e-08,0.0013118440779610195,4.070460263219139e-08,dissociated,Switzerland,1900-2020
Administration & Law,Nobility & Kinship,Administration & Law + Nobility & Kinship,12748,2477,4,11.53406863293243,-1.4191275833551122,-3.140847523710364,-0.484932631754228,0.759651327186276,0.07646176911544228,0.0016148566814695195,-0.649303008184116,0.48109771397863954,-1.5922545275822495,0.29364851121401747,0.1771352962346121,0.11469265367316342,0.2324900763079284,not distinguishable,Switzerland,1900-2020
Administration & Law,Religion,Administration & Law + Religion,12748,2477,9,30.747568506214662,-1.7177445139223644,-2.8169354547116576,-0.9995711445212161,0.4753681061989906,0.0069965017491254375,0.0036334275333064193,-1.050920433503763,0.33037600043914817,-1.6984573943644934,-0.40338347264303254,0.0014677625383005175,0.012243878060969516,0.0025685844420259055,dissociated,Switzerland,1900-2020
Administration & Law,Learning & Culture,Administration & Law + Learning & Culture,12748,2477,329,368.3890616619625,-0.16290854548548422,-0.251356271336913,-0.0835427610896815,0.04309096554272325,0.0004997501249375312,0.132821962050868,-1.9445425868516903,0.07554874297132351,-2.0926181230754843,-1.7964670506278964,4.289976778303184e-146,0.0013118440779610195,4.5044756172183436e-145,dissociated,Switzerland,1900-2020
Military,Business,Military + Business,12748,2477,15,16.444382702029323,-0.1285388636981393,-0.920952009727312,0.4221962343483325,0.34661974430952175,0.7081459270364817,0.006055712555510699,-0.0686766464837604,0.2678003876285283,-0.5935654062356759,0.45621211326815514,0.7976055834259889,0.7435532233883058,0.8526677806724746,not distinguishable,Switzerland,1900-2020
Military,Nobility & Kinship,Military + Nobility & Kinship,12748,2477,1,1.8846679472606391,-0.668825891634778,-2.4444379732270978,0.6976083051416239,1.0267607298735657,0.5777111444277861,0.0004037141703673799,-0.18527898164589232,0.824762216324747,-1.8018129256423965,1.4312549623506117,0.8222551964954558,0.6739963351657505,0.8526677806724746,not distinguishable,Switzerland,1900-2020
Military,Religion,Military + Religion,12748,2477,4,5.02415571331055,-0.295828984999191,-1.9965421171978872,0.6117778043225166,0.7465839970330274,0.6271864067966016,0.0016148566814695195,-0.21250756836098633,0.48029695688545065,-1.1538896038564697,0.7288744671344969,0.6581633334428465,0.693206028564665,0.813025294252928,not distinguishable,Switzerland,1900-2020
Military,Learning & Culture,Military + Learning & Culture,12748,2477,48,60.19480885117699,-0.3235883826090822,-0.6843136462291068,-0.04776129245783459,0.1558875964782072,0.046476761619190406,0.019378280177634235,-2.3977455728395793,0.17040225454431485,-2.7317339917464363,-2.0637571539327224,5.71806720402892e-45,0.07507784569253835,3.001985282115183e-44,not distinguishable,Switzerland,1900-2020
Business,Nobility & Kinship,Business + Nobility & Kinship,12748,2477,17,17.480339457841062,-0.0390653362542067,-0.770486473405778,0.4972866978752827,0.32594332942138676,0.904047976011994,0.006863140896245458,0.39864444595938625,0.25862294606364805,-0.10825652832536387,0.9055454202441364,0.1232166079253717,0.904047976011994,0.17250325109552037,not distinguishable,Switzerland,1900-2020
Business,Religion,Business + Religion,12748,2477,5,46.59916219478976,-3.098197873494234,-4.932951703854431,-2.2270699937800846,0.6687119993572868,0.005997001499250375,0.0020185708518368995,-2.044828768732437,0.4304258193979378,-2.888463374752395,-1.2011941627124791,2.027024404254934e-06,0.011448821044023443,4.2567512489353605e-06,dissociated,Switzerland,1900-2020
Business,Learning & Culture,Business + Learning & Culture,12748,2477,627,558.30826530893,0.16726209931814848,0.11875707820209028,0.2183503613251474,0.025346209512538232,0.0004997501249375312,0.2531287848203472,-1.4955372105055262,0.06285637221253514,-1.618735700042095,-1.3723387209689575,3.952939183159403e-125,0.0013118440779610195,2.767057428211582e-124,associated,Switzerland,1900-2020
Nobility & Kinship,Religion,Nobility & Kinship + Religion,12748,2477,4,5.340665499525383,-0.3762077611842333,-2.0902369065148045,0.5552426049200231,0.7488920692282746,0.5572213893053474,0.0016148566814695195,0.08959212929761896,0.4824156992153117,-0.8559426411643919,1.03512689975963,0.8526677806724745,0.6739963351657505,0.8526677806724746,not distinguishable,Switzerland,1900-2020
Nobility & Kinship,Learning & Culture,Nobility & Kinship + Learning & Culture,12748,2477,80,63.986937751611634,0.31998182035673367,0.13414189763949044,0.47936851078882753,0.08931678977575382,0.0004997501249375312,0.03229713362939039,-0.9385881322044669,0.18090109037942856,-1.2931542693481468,-0.584021995060787,2.121028528425704e-07,0.0013118440779610195,4.949066566326643e-07,associated,Switzerland,1900-2020
Religion,Learning & Culture,Religion + Learning & Culture,12748,2477,274,170.57664685669275,0.6821633137952728,0.6048195987101385,0.7566466455401142,0.03832523864197391,0.0004997501249375312,0.11061768268066209,-0.6501619503991619,0.10955257721283208,-0.8648850017363128,-0.43543889906201105,2.943788508735009e-09,0.0013118440779610195,8.831365526205026e-09,associated,Switzerland,1900-2020
Politics,Administration & Law,Politics + Administration & Law,871,485,53,54.82093515562079,-0.04828665277240654,-0.30899181769331224,0.16356434359282335,0.12245745937782192,0.7026486756621689,0.10927835051546392,0.042250523976322035,0.20264411327803278,-0.3549319380486222,0.43943298600126623,0.8348415632564826,0.9222263868065967,0.8348415632564826,not distinguishable,Turkey,1800-1899
Politics,Military,Politics + Military,871,485,115,102.14194036784092,0.17027250279048445,0.04789296550342349,0.298713890072764,0.0647178739860731,0.008995502248875561,0.23711340206185566,-0.15915471943067855,0.14846113481085824,-0.4501385436599607,0.1318291047986036,0.28370677221151974,0.0944527736131934,0.37236513852761965,not distinguishable,Turkey,1800-1899
Politics,Business,Politics + Business,871,485,14,15.344488122254276,-0.12792815200666283,-0.7622780341163842,0.34625211339741147,0.28251130808013886,0.6486756621689156,0.0288659793814433,-0.17693490147514201,0.35359884269389696,-0.86998863315518,0.516118830204896,0.6168053181645932,0.9222263868065967,0.6817321937608661,not distinguishable,Turkey,1800-1899
Politics,Nobility & Kinship,Politics + Nobility & Kinship,871,485,24,34.12700240054109,-0.49911575210873793,-0.9904778390581563,-0.126339864552863,0.2193586913491932,0.02948525737131434,0.049484536082474224,-1.2798445166437717,0.2400558414803054,-1.7503539659451703,-0.8093350673423731,9.74343301142632e-08,0.15479760119940028,4.092241864799054e-07,not distinguishable,Turkey,1800-1899
Politics,Religion,Politics + Religion,871,485,33,36.23314362367844,-0.13292127167314946,-0.5135012195999406,0.16603559491024394,0.16999354408023296,0.4207896051974013,0.06804123711340206,-0.42060413882549985,0.23017354441458013,-0.8717442858780768,0.030536008227077194,0.0676494386895308,0.7233306423711222,0.1183865177066789,not distinguishable,Turkey,1800-1899
Politics,Learning & Culture,Politics + Learning & Culture,871,485,97,93.3324903091989,0.05531466401257904,-0.0911424871231632,0.18939431146774915,0.07414425936675173,0.447776111944028,0.2,-1.3040288962165871,0.1487655848256516,-1.5956094424748644,-1.01244834995831,1.8568162730382207e-18,0.7233306423711222,1.9496570866901316e-17,not distinguishable,Turkey,1800-1899
Administration & Law,Military,Administration & Law + Military,871,485,22,18.954721730220637,0.2098046565107175,-0.32712094436379313,0.6127042344951066,0.2460910936791442,0.38330834582708645,0.04536082474226804,-0.602567458480578,0.24841606165495944,-1.0894629393242985,-0.11567197763685755,0.015281501339717908,0.7233306423711222,0.03209115281340761,not distinguishable,Turkey,1800-1899
Administration & Law,Business,Administration & Law + Business,871,485,3,2.847512994197817,0.0642652663203062,-2.5544267819809106,1.092334865786804,0.8280466181347022,0.928535732133933,0.006185567010309278,-0.257984656907758,0.5736607762567566,-1.3823597783710009,0.866390464555485,0.6529149472955618,0.9450274862568716,0.6855606946603399,not distinguishable,Turkey,1800-1899
Administration & Law,Nobility & Kinship,Administration & Law + Nobility & Kinship,871,485,10,6.3330286428795155,0.6197922484243354,-0.39660512514652213,1.2462817631715515,0.4145215023991981,0.1199400299850075,0.020618556701030927,-0.3858441448551147,0.3414008864737996,-1.054989882343762,0.28330159263353255,0.2584007667226167,0.3148425787106447,0.36176107341166336,not distinguishable,Turkey,1800-1899
Administration & Law,Religion,Administration & Law + Religion,871,485,6,6.723870256670554,-0.15233226358425697,-1.5564037287804189,0.6684580198318925,0.5829748085674712,0.7641179410294853,0.012371134020618556,-0.6798225900802412,0.42061844741363713,-1.5042347470109698,0.14458956685048763,0.10604128745215141,0.9439103977423052,0.17129746434578305,not distinguishable,Turkey,1800-1899
Administration & Law,Learning & Culture,Administration & Law + Learning & Culture,871,485,13,17.31993122343672,-0.40053236146934856,-1.1668525425852903,0.14872374752624398,0.3431482183377266,0.23238380809595202,0.026804123711340205,-1.7337159847917338,0.29927846468142977,-2.3203017755673363,-1.1471301940161314,6.9145833846707375e-09,0.4880059970014992,3.6301562769521375e-08,not distinguishable,Turkey,1800-1899
Military,Business,Military + Business,871,485,2,5.30546408273345,-1.2154833043476032,-3.63866505544844,-0.04045708208046835,0.9351595350298331,0.14492753623188406,0.004123711340206186,-1.7302878537835693,0.661305694692323,-3.0264470153805227,-0.4341286921866161,0.008884364271895553,0.33816425120772947,0.020730183301089625,not distinguishable,Turkey,1800-1899
Military,Nobility & Kinship,Military + Nobility & Kinship,871,485,17,11.79964975337537,0.5087376883030775,-0.13880268056325,1.006122739456574,0.29327046349587244,0.07496251874062969,0.03505154639175258,-0.9259663391405755,0.2717726826016427,-1.4586407970397952,-0.3932918812413557,0.000656485414504206,0.2623688155922039,0.001969456243512618,not distinguishable,Turkey,1800-1899
Military,Religion,Military + Religion,871,485,7,12.527862810956197,-0.7966379320010073,-2.1293547116231486,-0.03703920718984764,0.5259557520132659,0.10694652673663169,0.01443298969072165,-1.6530676706536684,0.3891286666318146,-2.415759857252025,-0.8903754840553119,2.1556599044298444e-05,0.3148425787106447,7.544809665504456e-05,not distinguishable,Turkey,1800-1899
Military,Learning & Culture,Military + Learning & Culture,871,485,20,32.27036126212441,-0.6767676675809103,-1.2837688856950429,-0.22523329147671978,0.2703114897244442,0.017491254372813594,0.041237113402061855,-2.597565019500824,0.24391822019925416,-3.075644731091362,-2.1194853079102858,1.756291560188493e-26,0.12243878060969515,3.688212276395836e-25,not distinguishable,Turkey,1800-1899
Business,Nobility & Kinship,Business + Nobility & Kinship,871,485,2,1.7726272365238427,0.1375670267107391,-2.3007684770110424,1.2816610532655663,0.9925376212085744,0.8530734632683659,0.004123711340206186,-0.6267177557471925,0.6650801057025755,-1.9302747629242405,0.6768392514298555,0.3460292390533659,0.9450274862568716,0.42744788353651086,not distinguishable,Turkey,1800-1899
Business,Religion,Business + Religion,871,485,2,1.8820245768551371,0.06973979641072957,-2.3296691434919605,1.213685388798034,0.9568355408404603,0.927536231884058,0.004123711340206186,-0.37044023127223513,0.6668100396980652,-1.6773879090804429,0.9365074465359725,0.5785247615687019,0.9450274862568716,0.6749455551634855,not distinguishable,Turkey,1800-1899
Business,Learning & Culture,Business + Learning & Culture,871,485,9,4.847882988166005,0.8289596138760869,-0.11320578275877752,1.4428491750710772,0.41426282148095095,0.04247876061969016,0.018556701030927835,-0.5463838280957379,0.388640325209149,-1.30811886550567,0.21535120931419405,0.159758104622009,0.17841079460269865,0.23963715693301352,not distinguishable,Turkey,1800-1899
Nobility & Kinship,Religion,Nobility & Kinship + Religion,871,485,5,4.185728239384033,0.23115833474402125,-1.4458579009796102,1.0658374672272155,0.6490738734366766,0.6661669165417291,0.010309278350515464,-0.8589250132595818,0.4524894938666158,-1.7458044212381487,0.027954394718985087,0.05766698905018006,0.9222263868065967,0.11009152455034377,not distinguishable,Turkey,1800-1899
Nobility & Kinship,Learning & Culture,Nobility & Kinship + Learning & Culture,871,485,11,10.78196372903041,0.02761565730179851,-0.8646351870561783,0.6241357909172619,0.3878668039815749,0.9450274862568716,0.02268041237113402,-1.9124931999868109,0.31989918865759126,-2.53949560975569,-1.285490790217932,2.253057620456309e-09,0.9450274862568716,1.5771403343194164e-08,not distinguishable,Turkey,1800-1899
Religion,Learning & Culture,Religion + Learning & Culture,871,485,20,11.447370494311459,0.7789307804160431,0.20633904038447615,1.2025816575813928,0.24535909297325195,0.005497251374312844,0.041237113402061855,-0.8638110290759216,0.2619775747143935,-1.3772870755161328,-0.3503349826357104,0.000976292923578588,0.0944527736131934,0.0025627689243937933,not distinguishable,Turkey,1800-1899
Politics,Administration & Law,Politics + Administration & Law,3968,1032,244,150.22766613816168,0.697890216543011,0.590561118636374,0.8106334398179235,0.05544996267899875,0.0004997501249375312,0.2364341085271318,1.7513853208631809,0.10850920923751906,1.5387072707576435,1.9640633709687183,1.3261371587103587e-58,0.0011660836248542396,9.282960110972512e-58,associated,Turkey,1900-2020
Politics,Military,Politics + Military,3968,1032,46,34.99622405432741,0.38956515154221816,0.07595960930953749,0.6341564353149444,0.1395277673057015,0.011494252873563218,0.044573643410852716,-0.005056559847960774,0.17255500178022687,-0.34326436333720545,0.3331512436412839,0.9766220994091249,0.020114942528735632,0.976622099409125,associated,Turkey,1900-2020
Politics,Business,Politics + Business,3968,1032,65,101.61806490055295,-0.640671292818141,-0.9212993106447537,-0.39912676992035884,0.1293041563454575,0.0004997501249375312,0.06298449612403101,-0.30705300028611016,0.14289905574118403,-0.5871351495388308,-0.026970851033389476,0.03165496977173885,0.0011660836248542396,0.05113495116973199,dissociated,Turkey,1900-2020
Politics,Nobility & Kinship,Politics + Nobility & Kinship,3968,1032,20,35.42151565860467,-0.8092243141518186,-1.4007614304006137,-0.36548835158176834,0.27124297915417794,0.00849575212393803,0.01937984496124031,-0.19159028854082827,0.25117546762020665,-0.6838942050764333,0.30071362799477674,0.4455977801309048,0.016219163145699877,0.5198640768193888,dissociated,Turkey,1900-2020
Politics,Religion,Politics + Religion,3968,1032,7,14.553903605539356,-1.0051751378993414,-2.2581971000045185,-0.2768864332804604,0.5024513819365023,0.050474762618690654,0.006782945736434108,-0.8876815378636966,0.3904111915508484,-1.6528874733033594,-0.12247560242403377,0.022983473600034866,0.08153615499942336,0.04387754050915747,not distinguishable,Turkey,1900-2020
Politics,Learning & Culture,Politics + Learning & Culture,3968,1032,306,351.1826256012695,-0.19838698843399427,-0.25938003427523915,-0.14364169905081647,0.029293344965803114,0.0004997501249375312,0.29651162790697677,-2.7053149961331617,0.0885186937093571,-2.8788116358035016,-2.531818356462822,3.908278811166284e-205,0.0011660836248542396,8.207385503449196e-204,dissociated,Turkey,1900-2020
Administration & Law,Military,Administration & Law + Military,3968,1032,8,11.503686250692803,-0.49794276938154025,-1.70380641352143,0.23283504280743833,0.5032079434143262,0.2848575712143928,0.007751937984496124,-0.9568254484009465,0.35473344478366065,-1.6521030001769215,-0.2615478966249717,0.0069902529259109345,0.37387556221889057,0.014679531144412963,not distinguishable,Turkey,1900-2020
Administration & Law,Business,Administration & Law + Business,3968,1032,6,33.40309898015843,-2.38290552854344,-3.7843335112988226,-1.5656700181872762,0.5817071937526046,0.0014992503748125937,0.005813953488372093,-1.8605663057398947,0.39954073528375456,-2.6436661468960536,-1.0774664645837357,3.2122066958474605e-06,0.0031484257871064467,9.636620087542381e-06,dissociated,Turkey,1900-2020
Administration & Law,Nobility & Kinship,Administration & Law + Nobility & Kinship,3968,1032,0,11.643484795046174,-4.6021105836223555,-4.897231725905565,-4.267210946985257,0.15858897291755847,0.0004997501249375312,0.0,-3.146356415399617,1.418791637906441,-5.927188025696241,-0.3655248051029929,0.026579997761678572,0.0011660836248542396,0.0465149960829375,dissociated,Turkey,1900-2020
Administration & Law,Religion,Administration & Law + Religion,3968,1032,2,4.784045859948967,-1.0797148928241462,-3.53333245441294,0.08840421331036626,0.9309806224919986,0.16091954022988506,0.001937984496124031,-1.0608906658787602,0.647288419717493,-2.329575968525046,0.20779463676752585,0.10121810338340498,0.22528735632183908,0.1336966585627645,not distinguishable,Turkey,1900-2020
Administration & Law,Learning & Culture,Administration & Law + Learning & Culture,3968,1032,67,115.43801797988473,-0.7803943200451872,-1.0711388285509251,-0.5501103474663194,0.1335477521952432,0.0004997501249375312,0.06492248062015504,-3.0689244671130322,0.13971483911007698,-3.342765551768783,-2.7950833824572814,6.139977850512265e-107,0.0011660836248542396,6.446976743037879e-106,dissociated,Turkey,1900-2020
Military,Business,Military + Business,3968,1032,5,7.781405157046158,-0.5904439608152701,-2.3062597120058848,0.2919680271740925,0.6466920890213955,0.303848075962019,0.0048449612403100775,-1.1911365782346985,0.43640503187590085,-2.046490440711464,-0.33578271575793284,0.006344409672501033,0.3753417408942588,0.014679531144412963,not distinguishable,Turkey,1900-2020
Military,Nobility & Kinship,Military + Nobility & Kinship,3968,1032,0,2.7124032019897064,-2.683652982831526,-3.0299056039726553,-2.3091737413868683,0.1815983256187112,0.0004997501249375312,0.0,-2.322563559924932,1.4197615967153585,-5.105296289487034,0.4601691696371706,0.10186412080972533,0.0011660836248542396,0.1336966585627645,dissociated,Turkey,1900-2020
Military,Religion,Military + Religion,3968,1032,2,1.1144654317332938,0.6308715439948424,-1.7602643694828606,1.7676191698765018,0.952049975019258,0.46476761619190404,0.001937984496124031,-0.23213009990754888,0.6494448777332007,-1.5050420602646222,1.0407818604495245,0.7207710539517417,0.5422288855572214,0.7966416912098198,not distinguishable,Turkey,1900-2020
Military,Learning & Culture,Military + Learning & Culture,3968,1032,24,26.891815904908647,-0.16096316158238536,-0.6867966167007167,0.254719465035601,0.24069638841924768,0.4917541229385307,0.023255813953488372,-3.1488885627838332,0.2196725663725578,-3.5794467928740463,-2.71833033269362,1.3327090680414892e-46,0.5435177148267971,6.996722607217818e-46,not distinguishable,Turkey,1900-2020
Business,Nobility & Kinship,Business + Nobility & Kinship,3968,1032,13,7.875968681317637,0.6886314542825462,-0.20008931333407723,1.2673635051253709,0.3789126020803005,0.063968015992004,0.012596899224806201,0.5576510239713086,0.2987841132879997,-0.027965838073170768,1.143267886015788,0.061985257054390425,0.095952023988006,0.09297788558158564,not distinguishable,Turkey,1900-2020
Business,Religion,Business + Religion,3968,1032,3,3.2360582786157144,-0.0941620377046685,-2.758635922260166,0.889269846771487,0.8385535575307553,0.8850574712643678,0.0029069767441860465,-0.4817763215146837,0.5527320710398991,-1.5651311807528858,0.6015785377235183,0.3834117731587243,0.885057471264368,0.4736263080196006,not distinguishable,Turkey,1900-2020
Business,Learning & Culture,Business + Learning & Culture,3968,1032,140,78.08540400463063,0.8382368457449796,0.67346041480135,0.9849929799280888,0.0778202359926105,0.0004997501249375312,0.13565891472868216,-1.5548530485842806,0.11721968168991637,-1.7846036246965167,-1.3251024724720446,3.7220711144111626e-40,0.0011660836248542396,1.563269868052688e-39,associated,Turkey,1900-2020
Nobility & Kinship,Religion,Nobility & Kinship + Religion,3968,1032,1,1.1280089726203797,-0.11814615018475655,-1.954496207942861,1.2505655949104235,1.0135231006016103,0.8285857071464268,0.0009689922480620155,-0.053991231066067305,0.832641497048892,-1.6859685652818956,1.577986103149761,0.9482987572572127,0.8700149925037481,0.976622099409125,not distinguishable,Turkey,1900-2020
Nobility & Kinship,Learning & Culture,Nobility & Kinship + Learning & Culture,3968,1032,52,27.218618691128466,0.9214620576958454,0.663370971019788,1.1494116841930864,0.1257195127878508,0.0004997501249375312,0.050387596899224806,-0.9342741337515331,0.20588496373749632,-1.337808662677026,-0.5307396048260403,5.683190113238485e-06,0.0011660836248542396,1.4918374047251023e-05,associated,Turkey,1900-2020
Religion,Learning & Culture,Religion + Learning & Culture,3968,1032,21,11.183517851822497,0.879861931551876,0.42523769135037787,1.2278271486860446,0.20610499158934856,0.0004997501249375312,0.020348837209302327,-1.7664554630576763,0.2672026362530712,-2.290172630113696,-1.2427382960016566,3.819368240211058e-11,0.0011660836248542396,1.3367788840738704e-10,associated,Turkey,1900-2020
Politics,Administration & Law,Politics + Administration & Law,5887,2853,282,175.85206684008253,0.6797923833289349,0.5700178686184789,0.786928011749593,0.0567031168118247,0.0004997501249375312,0.09884332281808622,-0.03885001944203674,0.08260554654356184,-0.20075689066741792,0.12305685178334445,0.6381352416219654,0.0011660836248542396,0.6700420037030638,associated,United Kingdom,1400-1599
Politics,Military,Politics + Military,5887,2853,106,96.93260784097271,0.1283768444312563,-0.10371024619863295,0.32770493602491213,0.10902953828919287,0.22688655672163918,0.03715387311601823,-0.6483873146887003,0.11770058450985338,-0.8790804603280129,-0.4176941690493876,3.6131713627079746e-08,0.23823088455772115,5.058439907791164e-08,not distinguishable,United Kingdom,1400-1599
Politics,Business,Politics + Business,5887,2853,201,184.01381108415217,0.12705103093973996,-0.029334598308382698,0.26601216838922087,0.07485456355785182,0.0864567716141929,0.07045215562565721,-0.6195403406787284,0.08847682139143004,-0.7929549106059313,-0.4461257707515256,2.5181259072432898e-12,0.0955574844156869,5.875627116901009e-12,not distinguishable,United Kingdom,1400-1599
Politics,Nobility & Kinship,Politics + Nobility & Kinship,5887,2853,570,397.6345478099077,0.5189708209338108,0.444407101576324,0.5886423809572643,0.03672439731350928,0.0004997501249375312,0.19978969505783387,-0.6608221213219218,0.059509268710741386,-0.7774602879949749,-0.5441839546488686,1.1925061334946886e-28,0.0011660836248542396,5.008525760677692e-28,associated,United Kingdom,1400-1599
Politics,Religion,Politics + Religion,5887,2853,121,218.62865960193622,-0.8508218713715665,-1.083714149090328,-0.6471711749641071,0.1113585748201504,0.0004997501249375312,0.04241149667017175,-2.045825717053141,0.10048219661936544,-2.2427708224270972,-1.848880611679185,3.779541698872337e-92,0.0011660836248542396,3.968518783815954e-91,dissociated,United Kingdom,1400-1599
Politics,Learning & Culture,Politics + Learning & Culture,5887,2853,111,317.93830673026474,-1.5139701860550399,-1.7639444696851991,-1.2947689342114121,0.12048655644937728,0.0004997501249375312,0.03890641430073607,-2.826157315341131,0.10286345986677552,-3.0277696966800107,-2.624544934002251,3.508783422182463e-166,0.0011660836248542396,7.368445186583173e-165,dissociated,United Kingdom,1400-1599
Administration & Law,Military,Administration & Law + Military,5887,2853,22,32.07942575459985,-0.5340361736828668,-1.1940666475030608,-0.06605296879957001,0.29129897995275117,0.06296851574212893,0.0077111812127585,-0.757077063852048,0.22136252008794038,-1.190947603224411,-0.32320652447968484,0.0006260320473168925,0.07346326836581708,0.0007303707218697078,not distinguishable,United Kingdom,1400-1599
Administration & Law,Business,Administration & Law + Business,5887,2853,36,60.89857192514162,-0.7503086362204529,-1.2322643621038134,-0.34566363675058326,0.2249466751203358,0.0034982508745627187,0.012618296529968454,-0.9173289642171794,0.17525657532819305,-1.2608318518604378,-0.5738260765739209,1.6569585287765152e-07,0.006121939030484758,2.174758069019176e-07,dissociated,United Kingdom,1400-1599
Administration & Law,Nobility & Kinship,Administration & Law + Nobility & Kinship,5887,2853,103,131.59542735979088,-0.35194975912106086,-0.5970852003083347,-0.12666670644342118,0.11973178525533527,0.004497751124437781,0.03610234840518752,-1.0096442422182577,0.11071426637568019,-1.2266442043145909,-0.7926442801219244,7.556303036722583e-20,0.007265597970245646,2.2668909110167747e-19,dissociated,United Kingdom,1400-1599
Administration & Law,Religion,Administration & Law + Religion,5887,2853,57,72.35420576978895,-0.34145030337177373,-0.7187051597622169,-0.03196960778565312,0.1758645161041556,0.05347326336831584,0.019978969505783387,-0.9899944156480576,0.14212021467010227,-1.2685500364014581,-0.7114387948946571,3.2632372433494866e-12,0.06852456124878736,6.852798211033922e-12,not distinguishable,United Kingdom,1400-1599
Administration & Law,Learning & Culture,Administration & Law + Learning & Culture,5887,2853,78,105.22030235717605,-0.42948789704951534,-0.742112652075621,-0.1885925433355992,0.14170632332714792,0.006496751624187906,0.027339642481598318,-1.1726007300114445,0.12375686759007337,-1.4151641904879884,-0.9300372695349006,2.6666968109689932e-21,0.009745127436281859,9.333438838391475e-21,dissociated,United Kingdom,1400-1599
Military,Business,Military + Business,5887,2853,19,33.56831396166178,-0.8049564263552079,-1.5415264815575933,-0.2896316569721456,0.31932629935309803,0.018490754622688656,0.006659656501927795,-0.9103714521854396,0.23624729827413427,-1.3734161568027428,-0.44732674756813645,0.00011645639272110958,0.025887056471764116,0.00014385789689078243,dissociated,United Kingdom,1400-1599
Military,Nobility & Kinship,Military + Nobility & Kinship,5887,2853,129,72.53760608643769,0.8262407131263425,0.6300932318856877,0.9954106280761045,0.09254684788814263,0.0004997501249375312,0.0452155625657203,0.17994040693515115,0.11247016755593507,-0.040501121474481594,0.4003819353447839,0.10962198089503444,0.0011660836248542396,0.12116113677872228,associated,United Kingdom,1400-1599
Military,Religion,Military + Religion,5887,2853,6,39.88285141911901,-2.635231159208242,-4.078712418088421,-1.8085508400505994,0.6126197234249168,0.0024987506246876563,0.002103049421661409,-2.6293226322168564,0.3971252965309973,-3.407688213417611,-1.8509570510161018,3.570442527094412e-11,0.004770342101676435,6.248274422415221e-11,dissociated,United Kingdom,1400-1599
Military,Learning & Culture,Military + Learning & Culture,5887,2853,51,57.999194940209634,-0.18384433831883473,-0.5833283708533379,0.13358137499586267,0.18290363093781498,0.3153423288355822,0.017875920084121977,-0.9124868081000895,0.1529728738144294,-1.212313640776371,-0.6126599754238079,2.4459863113904993e-09,0.3153423288355822,3.668979467085749e-09,not distinguishable,United Kingdom,1400-1599
Business,Nobility & Kinship,Business + Nobility & Kinship,5887,2853,104,137.7031077590004,-0.40328711551905283,-0.6553389185427904,-0.17960434745195156,0.12163305828433289,0.0014992503748125937,0.03645285664213109,-0.9933959791305664,0.11033705835565549,-1.2096566135076512,-0.7771353447534817,2.1906280319922526e-19,0.0031484257871064467,5.750398583979663e-19,dissociated,United Kingdom,1400-1599
Business,Religion,Business + Religion,5887,2853,60,75.71234953851037,-0.33308965027067433,-0.7023647755448676,-0.03079543200320605,0.1732837337212659,0.05547226386806597,0.02103049421661409,-0.9270031566342195,0.13910857201798682,-1.1996559577894736,-0.6543503554789654,2.6668699637670757e-11,0.06852456124878736,5.091297203555326e-11,not distinguishable,United Kingdom,1400-1599
Business,Learning & Culture,Business + Learning & Culture,5887,2853,182,110.1038457385792,0.7224949144822534,0.5575125012072721,0.8771866993728709,0.08229472029667946,0.0004997501249375312,0.0637924991237294,-0.037666820075843266,0.09191073428885538,-0.2178118592819998,0.14247821913031328,0.6819382895456423,0.0011660836248542396,0.6819382895456423,associated,United Kingdom,1400-1599
Nobility & Kinship,Religion,Nobility & Kinship + Religion,5887,2853,77,163.6064472280475,-1.0823637034326619,-1.3946028533812584,-0.8105356486451456,0.14971731513207592,0.0004997501249375312,0.02698913424465475,-2.0043442337781845,0.1216257893565519,-2.242730780917026,-1.7659576866393427,5.142482918715966e-61,0.0011660836248542396,2.699803532325882e-60,dissociated,United Kingdom,1400-1599
Nobility & Kinship,Learning & Culture,Nobility & Kinship + Learning & Culture,5887,2853,158,237.92286380270687,-0.5890397507757515,-0.7804235790136173,-0.4142018656442341,0.0937437060529085,0.0004997501249375312,0.05538030143708377,-1.763646764422273,0.08933411863827306,-1.9387416369532882,-1.588551891891258,9.37214082117044e-87,0.0011660836248542396,6.560498574819307e-86,dissociated,United Kingdom,1400-1599
Religion,Learning & Culture,Religion + Learning & Culture,5887,2853,380,130.81548645191376,1.5348593858614614,1.4331605330131343,1.6374196842929623,0.052794638385356266,0.0004997501249375312,0.1331931300385559,0.4351034183170783,0.07160307429592529,0.2947613926970648,0.5754454439370918,1.2275557104233469e-09,0.0011660836248542396,1.9829746091454065e-09,associated,United Kingdom,1400-1599
Politics,Administration & Law,Politics + Administration & Law,20877,10169,876,497.474128296107,0.815683300395229,0.7525941280952687,0.8797753923556797,0.03233531515640268,0.0004997501249375312,0.08614416363457567,0.37845511424100997,0.04838811157613631,0.2836144155517828,0.47329581293023715,5.230482124284858e-15,0.0005247376311844079,6.865007788123877e-15,associated,United Kingdom,1600-1799
Politics,Military,Politics + Military,20877,10169,1053,629.7258019611567,0.741249588359935,0.6813197282204277,0.7938385790096386,0.029341686007797983,0.0004997501249375312,0.10355000491690432,0.19306121953093533,0.043172546623900604,0.10844302814809015,0.2776794109137805,7.75452525006332e-06,0.0005247376311844079,9.046946125073873e-06,associated,United Kingdom,1600-1799
Politics,Business,Politics + Business,20877,10169,642,768.388196683597,-0.2590773781892158,-0.3470048206236271,-0.1750731580255124,0.04325886817144429,0.0004997501249375312,0.06313305143081915,-0.8599672829041625,0.04723587753031297,-0.9525496028635759,-0.767384962944749,4.641608574138089e-74,0.0005247376311844079,1.6245630009483312e-73,dissociated,United Kingdom,1600-1799
Politics,Nobility & Kinship,Politics + Nobility & Kinship,20877,10169,1645,1086.9574905225866,0.5975670203615132,0.5522866299149571,0.6384518790867517,0.022041669416199575,0.0004997501249375312,0.16176615203068148,0.1425427731784533,0.035716103746293554,0.07253920983571793,0.21254633652118865,6.579680978547303e-05,0.0005247376311844079,7.272278976289125e-05,associated,United Kingdom,1600-1799
Politics,Religion,Politics + Religion,20877,10169,297,564.9716124441483,-0.9265649320738691,-1.079592925135921,-0.794045917406487,0.07271933315105863,0.0004997501249375312,0.029206411643229423,-1.6483305762307878,0.06356011406962785,-1.7729083998072583,-1.5237527526543173,2.7979296856832673e-148,0.0005247376311844079,1.4689130849837155e-147,dissociated,United Kingdom,1600-1799
Politics,Learning & Culture,Politics + Learning & Culture,20877,10169,664,1629.4827698266758,-1.294515609525093,-1.384344596951872,-1.2136995741990722,0.04417482507236841,0.0004997501249375312,0.06529648933031763,-3.0623661740619177,0.04458563058090953,-3.1497540100005006,-2.974978338123335,0.0,0.0005247376311844079,0.0,dissociated,United Kingdom,1600-1799
Administration & Law,Military,Administration & Law + Military,20877,10169,88,146.0796817661332,-0.7279357769508579,-1.0430069128613262,-0.4493410541832732,0.1488376987038678,0.0004997501249375312,0.008653751597993904,-1.10348893428509,0.11100494327265427,-1.3210586230994923,-0.8859192454706877,2.7632188348225647e-23,0.0005247376311844079,3.8685063687515905e-23,dissociated,United Kingdom,1600-1799
Administration & Law,Business,Administration & Law + Business,20877,10169,93,178.24567914293033,-0.9348700976275686,-1.2455181581651724,-0.6729013234572219,0.14383966947874913,0.0004997501249375312,0.009145442029698102,-1.2104007743547425,0.10801090852915873,-1.4221021550718935,-0.9986993936375914,3.798117513055378e-29,0.0005247376311844079,5.697176269583066e-29,dissociated,United Kingdom,1600-1799
Administration & Law,Nobility & Kinship,Administration & Law + Nobility & Kinship,20877,10169,163,252.14530485229884,-0.6278227335091947,-0.835207158905769,-0.44069845974167293,0.09963277327295436,0.0004997501249375312,0.01602910807355689,-1.0135416994514737,0.08374731120971786,-1.1776864294225207,-0.8493969694804266,1.0259422244031094e-33,0.0005247376311844079,1.7953988927054413e-33,dissociated,United Kingdom,1600-1799
Administration & Law,Religion,Administration & Law + Religion,20877,10169,61,131.0584274865572,-1.097045353339375,-1.4644383445992748,-0.7944744006879125,0.1729478037133459,0.0004997501249375312,0.005998623266791229,-1.485051127799544,0.13142965788325442,-1.7426532572507227,-1.2274489983483652,1.3240573020171292e-29,0.0005247376311844079,2.1388617955661318e-29,dissociated,United Kingdom,1600-1799
Administration & Law,Learning & Culture,Administration & Law + Learning & Culture,20877,10169,302,377.99677846829076,-0.32334587854345753,-0.46869092300892,-0.18998974258735346,0.07126308281432088,0.0004997501249375312,0.029698102074933622,-1.5595448317261698,0.06435821717335545,-1.6856869373859464,-1.433402726066393,1.0173239944086948e-129,0.0005247376311844079,4.272760776516518e-129,dissociated,United Kingdom,1600-1799
Military,Business,Military + Business,20877,10169,70,225.63163963690934,-1.6814677009990666,-2.0380020935112757,-1.3746022959125275,0.1692419249405138,0.0004997501249375312,0.0068836660438587865,-1.8446036319177572,0.12251798591941192,-2.0847388843198047,-1.6044683795157098,3.1635433258866936e-51,0.0005247376311844079,7.381601093735619e-51,dissociated,United Kingdom,1600-1799
Military,Nobility & Kinship,Military + Nobility & Kinship,20877,10169,361,319.17720998416144,0.17737975014832408,0.04334014271416023,0.300390216343522,0.06446115459194939,0.0034982508745627187,0.03550004916904317,-0.41257718384276565,0.05972803978710025,-0.5296441418254821,-0.29551022586004916,4.929344981282394e-12,0.0034982508745627187,6.0891908592311926e-12,associated,United Kingdom,1600-1799
Military,Religion,Military + Religion,20877,10169,29,165.8998300784322,-2.4958671006639537,-3.031201383633956,-2.0524232533019298,0.2557679759187498,0.0004997501249375312,0.0028518045038843543,-2.5751378771637805,0.18646015298312676,-2.940599777010709,-2.209675977316852,2.1980677516469186e-43,0.0005247376311844079,4.6159422784585295e-43,dissociated,United Kingdom,1600-1799
Military,Learning & Culture,Military + Learning & Culture,20877,10169,364,478.485836590069,-0.39406418215377076,-0.5224332655042404,-0.27168245794990303,0.06486578647458584,0.0004997501249375312,0.03579506342806569,-1.7215942098324744,0.05852571097306171,-1.8363046033396753,-1.6068838163252734,3.42534857611177e-190,0.0005247376311844079,2.3977440032782392e-189,dissociated,United Kingdom,1600-1799
Business,Nobility & Kinship,Business + Nobility & Kinship,20877,10169,219,389.4583960803935,-0.829099274034283,-1.0049781186240896,-0.6676780495593228,0.08717309865488813,0.0004997501249375312,0.021536040908643916,-1.2000915392047915,0.0725255078655833,-1.3422415346213348,-1.0579415437882482,1.6782167110385497e-61,0.0005247376311844079,4.405318866476193e-61,dissociated,United Kingdom,1600-1799
Business,Religion,Business + Religion,20877,10169,134,202.43012255029808,-0.593376859037117,-0.8442664983547755,-0.3815328267705083,0.11625412042451928,0.0004997501249375312,0.013177303569672534,-1.1349885152724,0.09101490882870582,-1.3133777365766635,-0.9565992939681366,1.0833794655973288e-35,0.0005247376311844079,2.0682698888676278e-35,dissociated,United Kingdom,1600-1799
Business,Learning & Culture,Business + Learning & Culture,20877,10169,1190,583.8459659284597,1.0266729362096867,0.9676393672032539,1.0788275408912573,0.028408568627063438,0.0004997501249375312,0.11702232274559937,-0.16020926398576715,0.04062820906562066,-0.23984055375438365,-0.08057797421715066,8.036762803291202e-05,0.0005247376311844079,8.438600943455763e-05,associated,United Kingdom,1600-1799
Nobility & Kinship,Religion,Nobility & Kinship + Religion,20877,10169,113,286.35647835706635,-1.3376368026179262,-1.6090969957858225,-1.1147213237677345,0.1269599171106307,0.0004997501249375312,0.011112203756514899,-1.7513840882148295,0.09773360978640003,-1.9429419633961735,-1.5598262130334855,8.23614381660211e-72,0.0005247376311844079,2.470843144980633e-71,dissociated,United Kingdom,1600-1799
Nobility & Kinship,Learning & Culture,Nobility & Kinship + Learning & Culture,20877,10169,659,825.9051202456889,-0.3254765334122358,-0.41310177118392616,-0.2429392169968241,0.043878211288411094,0.0004997501249375312,0.06480479889861343,-1.6947267559408408,0.0452532830764816,-1.7834231907707447,-1.6060303211109368,6.050039158104193e-307,0.0005247376311844079,6.352541116009403e-306,dissociated,United Kingdom,1600-1799
Religion,Learning & Culture,Religion + Learning & Culture,20877,10169,1146,429.2835290980397,1.4155542554161396,1.3578693701569724,1.4693892631179715,0.02838786602311275,0.0004997501249375312,0.11269544694660241,0.0635440304714058,0.04279677271954091,-0.020337644058894377,0.147425705001706,0.13760063625389168,0.0005247376311844079,0.13760063625389168,associated,United Kingdom,1600-1799
Politics,Administration & Law,Politics + Administration & Law,36012,13683,1124,552.1368006359423,1.0248801201516222,0.9636621608520508,1.0849822089975476,0.030346169815709357,0.0004997501249375312,0.08214572827596288,0.5518806498229758,0.03951220867419085,0.47443672082156174,0.6293245788243899,2.466513896604169e-44,0.0005830418124271198,4.3163993190572956e-44,associated,United Kingdom,1800-1899
Politics,Military,Politics + Military,36012,13683,783,687.2786092269423,0.1879890277515933,0.10886713893766009,0.2673839629242321,0.041028909748893526,0.0004997501249375312,0.05722429291821969,-0.7682742069481172,0.040798652114526004,-0.8482395650925881,-0.6883088488036463,4.2175633729122003e-79,0.0005830418124271198,9.8409812034618e-79,associated,United Kingdom,1800-1899
Politics,Business,Politics + Business,36012,13683,1236,906.4663104235639,0.44714137227105716,0.38945826275157397,0.5022300561795967,0.02883740240579935,0.0004997501249375312,0.09033106774830081,0.07087955882115424,0.035701933503922395,0.0009037691534663495,0.14085534848884212,0.047109514969414915,0.0005830418124271198,0.04946499071788566,associated,United Kingdom,1800-1899
Politics,Nobility & Kinship,Politics + Nobility & Kinship,36012,13683,793,679.8322877075166,0.2219906638489591,0.14237077551905286,0.2996434497837632,0.040425893784149874,0.0004997501249375312,0.05795512679967843,-0.18776260353740654,0.04229602572601519,-0.2706628139603963,-0.10486239311441675,9.027319173772696e-06,0.0005830418124271198,9.977563297327717e-06,associated,United Kingdom,1800-1899
Politics,Religion,Politics + Religion,36012,13683,237,394.68730501125805,-0.7346090891179872,-0.9054631017288277,-0.5840667238069289,0.0834332807385463,0.0004997501249375312,0.017320762990572242,-1.4746003494199933,0.06874909392639136,-1.6093485735157205,-1.3398521253242661,4.664237796664873e-102,0.0005830418124271198,1.6324832288327057e-101,dissociated,United Kingdom,1800-1899
Politics,Learning & Culture,Politics + Learning & Culture,36012,13683,1469,2421.598687199148,-0.7209322891281575,-0.7730462707322304,-0.6686624818980266,0.026745946474316412,0.0004997501249375312,0.10735949718628955,-2.678017466637047,0.03161175253952993,-2.7399765016145254,-2.6160584316595683,0.0,0.0005830418124271198,0.0,dissociated,United Kingdom,1800-1899
Administration & Law,Military,Administration & Law + Military,36012,13683,248,256.9415172773595,-0.05099888219125058,-0.21210908978687892,0.10885856810323949,0.08192345801562329,0.5357321339330335,0.018124680260176863,-0.7078123140567373,0.06792194386317847,-0.8409393240285671,-0.5746853040849075,1.9892096675051505e-25,0.5357321339330335,2.457259001035774e-25,not distinguishable,United Kingdom,1800-1899
Administration & Law,Business,Administration & Law + Business,36012,13683,146,338.88560772030803,-1.2120247213562307,-1.4326210004432192,-1.00381887826443,0.1126620616815568,0.0004997501249375312,0.010670174669297669,-1.1400941613175508,0.08617621488619598,-1.308999542494495,-0.9711887801406067,5.904360422201395e-40,0.0005830418124271198,9.537812989709945e-40,dissociated,United Kingdom,1800-1899
Administration & Law,Nobility & Kinship,Administration & Law + Nobility & Kinship,36012,13683,156,254.15768387464618,-0.7023965916722987,-0.9254484914504096,-0.5098464142645944,0.10734451235480884,0.0004997501249375312,0.011401008550756413,-0.7507564156709046,0.08404514700805361,-0.9154849038066897,-0.5860279275351195,4.1545281920833635e-19,0.0005830418124271198,4.846949557430591e-19,dissociated,United Kingdom,1800-1899
Administration & Law,Religion,Administration & Law + Religion,36012,13683,33,147.55523253338745,-2.1439024781240175,-2.6974135064952702,-1.7386467413684712,0.24532020456295214,0.0004997501249375312,0.0024117518088138568,-2.1958970631429424,0.17478550088817646,-2.5384766448837683,-1.8533174814021165,3.3567065295739395e-36,0.0005830418124271198,5.0350597943609096e-36,dissociated,United Kingdom,1800-1899
Administration & Law,Learning & Culture,Administration & Law + Learning & Culture,36012,13683,748,905.323157992183,-0.27522710706701964,-0.3538699314687869,-0.197763996243724,0.04047801542269966,0.0004997501249375312,0.05466637433311408,-1.6142840463971415,0.04349381956143161,-1.6995319327375475,-1.5290361600567355,1.5946059200120203e-301,0.0005830418124271198,1.1162241440084144e-300,dissociated,United Kingdom,1800-1899
Military,Business,Military + Business,36012,13683,196,421.8317433157503,-1.1038473746342907,-1.2973219423586249,-0.9309864071080456,0.09350259980878345,0.0004997501249375312,0.01432434407659139,-1.4441780123894852,0.07452705164609605,-1.5902510336158335,-1.2981049911631368,1.1858039559998416e-83,0.0005830418124271198,3.557411867999525e-83,dissociated,United Kingdom,1800-1899
Military,Nobility & Kinship,Military + Nobility & Kinship,36012,13683,501,316.36568925765744,0.6623782500718622,0.55868540642951,0.7620647374876377,0.052907411266426806,0.0004997501249375312,0.036614777461083096,-0.0135136322803253,0.0507505936628225,-0.11298479585945741,0.0859575312988068,0.7900271529721977,0.0005830418124271198,0.7900271529721978,associated,United Kingdom,1800-1899
Military,Religion,Military + Religion,36012,13683,67,183.67106645110488,-1.448087022414693,-1.7945952337584623,-1.1512697106077106,0.16662236520283044,0.0004997501249375312,0.004896587005773587,-2.077199209685462,0.12404656330861573,-2.320330473770349,-1.8340679456005753,6.126172528975085e-63,0.0005830418124271198,1.2864962310847679e-62,dissociated,United Kingdom,1800-1899
Military,Learning & Culture,Military + Learning & Culture,36012,13683,1198,1126.9113745165334,0.08821588089074706,0.029564067273918183,0.14287954477999842,0.028719975782658336,0.001999000499750125,0.08755389899875758,-1.8028360349513108,0.03500193059790099,-1.8714398189231969,-1.7342322509794248,0.0,0.0022094216049869803,0.0,associated,United Kingdom,1800-1899
Business,Nobility & Kinship,Business + Nobility & Kinship,36012,13683,239,417.26140641648016,-0.8026535637213785,-0.9774688018888532,-0.6382786962741311,0.08680520159013162,0.0004997501249375312,0.01746692976686399,-0.7415639624087691,0.06890394006692627,-0.8766156849399446,-0.6065122398775936,5.186687017118022e-27,0.0005830418124271198,6.807526709967404e-27,dissociated,United Kingdom,1800-1899
Business,Religion,Business + Religion,36012,13683,107,242.2476586675172,-1.1751207209170573,-1.4479536619620603,-0.9294656594423741,0.13107680768056176,0.0004997501249375312,0.007819922531608566,-1.4345312150771603,0.09953953966411169,-1.6296287128188192,-1.2394337173355015,4.370003845023974e-47,0.0005830418124271198,8.342734613227586e-47,dissociated,United Kingdom,1800-1899
Business,Learning & Culture,Business + Learning & Culture,36012,13683,1889,1486.3072735252886,0.34578686754195836,0.3071431900533258,0.3844244635440835,0.019956273762124218,0.0004997501249375312,0.13805452020755682,-0.7987935873707446,0.032160465395485074,-0.8618280995458953,-0.7357590751955938,3.507483828094998e-136,0.0005830418124271198,1.4731432077998994e-135,associated,United Kingdom,1800-1899
Nobility & Kinship,Religion,Nobility & Kinship + Religion,36012,13683,115,181.68108190008107,-0.6574803025262197,-0.928411073758036,-0.4245049104534748,0.1267518867099467,0.0004997501249375312,0.008404589636775562,-1.0436454898512362,0.09661973157910632,-1.2330201637462845,-0.8542708159561878,3.383411155713387e-27,0.0005830418124271198,4.736775617998742e-27,dissociated,United Kingdom,1800-1899
Nobility & Kinship,Learning & Culture,Nobility & Kinship + Learning & Culture,36012,13683,1160,1114.7018508882818,0.0574416619362969,-0.0037143733129590714,0.11184549670491925,0.02950255919160222,0.05147426286856572,0.08477673024921435,-1.155239059014114,0.037661991346756844,-1.2290565620537575,-1.0814215559744704,1.2700925163859552e-206,0.054047976011994,6.667985711026264e-206,not distinguishable,United Kingdom,1800-1899
Religion,Learning & Culture,Religion + Learning & Culture,36012,13683,1238,647.1576554590476,0.9352905412308389,0.8908711484768445,0.980608428321113,0.023684122408480442,0.0004997501249375312,0.09047723452459255,-0.7488465682212467,0.03880037842886236,-0.8248953099418169,-0.6727978265006765,5.3728915306775025e-83,0.0005830418124271198,1.4103840268028444e-82,associated,United Kingdom,1800-1899
Politics,Administration & Law,Politics + Administration & Law,65275,14974,901,381.8661724773272,1.237372596366956,1.1628998381453801,1.305427124029358,0.03537071752013906,0.0004997501249375312,0.060170963002537735,0.9183893926466523,0.040851074265498936,0.8383212870862744,0.9984574982070302,6.311544479210166e-112,0.0007496251874062968,1.89346334376305e-111,associated,United Kingdom,1900-2020
Politics,Military,Politics + Military,65275,14974,546,442.54826174507434,0.30275763416457696,0.1957667413942341,0.40773597855044047,0.05222273086536367,0.0004997501249375312,0.03646320288500067,0.05798266522219299,0.04770648933762629,-0.03552205387955454,0.15148738432394052,0.22421198520041186,0.0007496251874062968,0.26158064940048054,associated,United Kingdom,1900-2020
Politics,Business,Politics + Business,65275,14974,917,962.2730210524604,-0.06948755703981366,-0.14223503281670363,-0.001962860019189465,0.0363457288784748,0.05297351324337831,0.06123948176839856,-0.03357851862533543,0.037451380362947664,-0.10698322413671285,0.039826186886041996,0.36993794267334557,0.055622188905547224,0.4034544974322779,not distinguishable,United Kingdom,1900-2020
Politics,Nobility & Kinship,Politics + Nobility & Kinship,65275,14974,698,533.4912695860191,0.38744396066557446,0.3000925582334735,0.4746725930276128,0.04463971082693183,0.0004997501249375312,0.04661413116067851,0.46055620104554174,0.04385393829665024,0.3746024819841073,0.5465099201069762,8.45253236483165e-26,0.0007496251874062968,1.9722575517940517e-25,associated,United Kingdom,1900-2020
Politics,Religion,Politics + Religion,65275,14974,227,230.7891555518246,-0.023831078646440573,-0.19511555798514557,0.13610750458127688,0.08242174705094837,0.7566216891554223,0.01515960999065046,-0.5231335161644564,0.07036926792748993,-0.6610572813023367,-0.38520975102657606,1.0526712275878971e-13,0.7566216891554223,1.8421746482788198e-13,not distinguishable,United Kingdom,1900-2020
Politics,Learning & Culture,Politics + Learning & Culture,65275,14974,2116,2854.0321197780727,-0.4315738072671697,-0.46711677208358177,-0.3958043609327562,0.018515507717834993,0.0004997501249375312,0.14131160678509416,-3.101921075172994,0.02788451133830057,-3.156574717396063,-3.047267432949925,0.0,0.0007496251874062968,0.0,dissociated,United Kingdom,1900-2020
Administration & Law,Military,Administration & Law + Military,65275,14974,202,166.17220950919483,0.2809083348403048,0.09411124372815377,0.44739307192463285,0.09191589806005725,0.00399800099950025,0.01349004941899292,0.06486676286761979,0.07455039862881052,-0.08125201844484882,0.2109855441800884,0.3842423785069313,0.005247376311844078,0.4034544974322779,associated,United Kingdom,1900-2020
Administration & Law,Business,Administration & Law + Business,65275,14974,221,361.3233807061836,-0.7079789378659778,-0.8923727441052001,-0.5415665675034473,0.08964121672322936,0.0004997501249375312,0.014758915453452651,-0.5055998961922618,0.0707752462806034,-0.6443193789022444,-0.36688041348227907,9.082570064485737e-13,0.0007496251874062968,1.4671843950323114e-12,dissociated,United Kingdom,1900-2020
Administration & Law,Nobility & Kinship,Administration & Law + Nobility & Kinship,65275,14974,173,200.32035075993838,-0.21096981391916447,-0.4125130101401787,-0.035723839158676274,0.09915251897119408,0.029985007496251874,0.011553359155870175,-0.03249771911478017,0.07998882314279976,-0.18927581247466768,0.12428037424510735,0.684538164318446,0.033141324074804704,0.684538164318446,dissociated,United Kingdom,1900-2020
Administration & Law,Religion,Administration & Law + Religion,65275,14974,24,86.65889626948649,-1.8308661778751185,-2.494338709330321,-1.3122584903503949,0.2946644454549194,0.0004997501249375312,0.0016027781487912382,-1.7514379269017188,0.20378622455912015,-2.150858927037594,-1.3520169267658433,8.363806406090147e-18,0.0007496251874062968,1.756399345278931e-17,dissociated,United Kingdom,1900-2020
Administration & Law,Learning & Culture,Administration & Law + Learning & Culture,65275,14974,747,1071.6589903293457,-0.5203733743125032,-0.6016885623183281,-0.442044268969417,0.04046783010551311,0.0004997501249375312,0.049886469881127285,-2.7054545882203467,0.042857276983320876,-2.7894548511076556,-2.621454325333038,0.0,0.0007496251874062968,0.0,dissociated,United Kingdom,1900-2020
Military,Business,Military + Business,65275,14974,308,418.7410291464592,-0.4425094241838431,-0.5946247874504802,-0.31048395834114917,0.07244145211023281,0.0004997501249375312,0.02056898624282089,-0.2905758172264316,0.06083321590518275,-0.4098089204005898,-0.17134271405227341,1.7828568813746847e-06,0.0007496251874062968,2.202352618168728e-06,dissociated,United Kingdom,1900-2020
Military,Nobility & Kinship,Military + Nobility & Kinship,65275,14974,294,232.1531191041486,0.3400871050911472,0.1930866444796162,0.4852034555745897,0.0757616915994538,0.0009995002498750624,0.019634032322692667,0.4161733035259305,0.06330664254361881,0.29209228414043764,0.5402543229114234,4.900496884873459e-11,0.0013993003498250875,7.350745327310188e-11,associated,United Kingdom,1900-2020
Military,Religion,Military + Religion,65275,14974,75,100.42980151923506,-0.41880367202868213,-0.7611229307221639,-0.12581929130038313,0.16265710877775924,0.010494752623688156,0.005008681714972619,-0.738321497505648,0.11802393240896385,-0.9696484050272172,-0.5069945899840789,3.957543710855672e-10,0.012243878060969516,5.540561195197941e-10,dissociated,United Kingdom,1900-2020
Military,Learning & Culture,Military + Learning & Culture,65275,14974,1177,1241.95557903703,-0.07746721283594799,-0.1352771590547697,-0.023715164953528916,0.028446794506431092,0.006496751624187906,0.07860291171363697,-2.269561344590594,0.036609231320260824,-2.3413154379783054,-2.197807251202883,0.0,0.008025399065173295,0.0,dissociated,United Kingdom,1900-2020
Business,Nobility & Kinship,Business + Nobility & Kinship,65275,14974,281,504.7916861907936,-0.8439815204843478,-1.0070494440403768,-0.6924251829849928,0.078657494495765,0.0004997501249375312,0.018765860825430747,-0.3169081379143618,0.06348485538780085,-0.44133845447445147,-0.1924778213542721,5.979753408902166e-07,0.0007496251874062968,7.848426349184093e-07,dissociated,United Kingdom,1900-2020
Business,Religion,Business + Religion,65275,14974,51,218.37367099926007,-2.087454081233901,-2.5010273985391605,-1.7559479688410027,0.1964624880243519,0.0004997501249375312,0.003405903566181381,-1.7874584264389515,0.14134025065253514,-2.0644853177179203,-1.5104315351599826,1.169817181300419e-36,0.0007496251874062968,3.0707701009135996e-36,dissociated,United Kingdom,1900-2020
Business,Learning & Culture,Business + Learning & Culture,65275,14974,3388,2700.4972120788643,0.327154620728588,0.30184399955952446,0.35174222394193966,0.012699291837967792,0.0004997501249375312,0.22625884867102977,-1.5221584165405448,0.026468422744830543,-1.5740365251204127,-1.470280307960677,0.0,0.0007496251874062968,0.0,associated,United Kingdom,1900-2020
Nobility & Kinship,Religion,Nobility & Kinship + Religion,65275,14974,43,121.06797596604719,-1.4826759309338533,-1.9643047084295218,-1.111889212468415,0.21511633836797367,0.0004997501249375312,0.0028716441832509682,-1.2389870814573443,0.15389817844242135,-1.54062751120449,-0.9373466517101985,8.232613087609193e-16,0.0007496251874062968,1.5716806803617549e-15,dissociated,United Kingdom,1900-2020
Nobility & Kinship,Learning & Culture,Nobility & Kinship + Learning & Culture,65275,14974,1600,1497.1755984696945,0.09579751180639025,0.05408852853010545,0.1362724808039295,0.021618125190874967,0.0004997501249375312,0.10685187658608254,-1.600154468675018,0.03526846925029932,-1.6692806684056047,-1.5310282689444312,0.0,0.0007496251874062968,0.0,associated,United Kingdom,1900-2020
Religion,Learning & Culture,Religion + Learning & Culture,65275,14974,985,647.6804997235396,0.6044602529198976,0.5584122340239597,0.6506575606586956,0.023980302647618326,0.0004997501249375312,0.06578068652330707,-1.8808913023860403,0.04170063857168912,-1.962624553986551,-1.7991580507855296,0.0,0.0007496251874062968,0.0,associated,United Kingdom,1900-2020
