domain_a,domain_b,pair,n_elites_period,n_diversified_period,n_pair,expected_qi,assoc_log2,assoc_ci_low,assoc_ci_high,assoc_boot_se,p_value,share_of_diversified,log_or_uncond,se_uncond,ci_low_uncond,ci_high_uncond,p_value_uncond,q_value,q_value_uncond,direction,country,era
Political,Ideational,Political + Ideational,64132,14466,3701,3732.5618972622483,-0.012249401334041515,-0.030977990377427413,0.006621853182713144,0.009629969585146447,0.20189905047476261,0.25584128300843356,-13.259280045298885,1.4143307875775935,-16.031368388950966,-10.487191701646802,6.920873697308016e-21,0.2063968015992004,6.920873697308016e-21,not distinguishable,US,1800-1899
Political,Economic,Political + Economic,64132,14466,3844,3910.76643525206,-0.024839836373607507,-0.04254881140523915,-0.006558496802204839,0.00921018646431857,0.005997001499250375,0.26572653117655193,-1.5174078605366255,0.02106425084665185,-1.558693792196063,-1.4761219288771878,0.0,0.011244377811094452,0.0,dissociated,US,1800-1899
Political,Security,Political + Security,64132,14466,1525,1426.671666911132,0.09612330052984237,0.048312335482458516,0.14275884369131264,0.02425266540868049,0.0004997501249375312,0.10541960459007328,-1.809854731430962,0.029854123558914328,-1.8683688136064343,-1.75134064925549,0.0,0.0014992503748125937,0.0,associated,US,1800-1899
Ideational,Economic,Ideational + Economic,64132,14466,3187,3088.671667461012,0.045205297191399756,0.02217122094960962,0.06820771738873611,0.011566691214118964,0.0004997501249375312,0.22030969169086134,-1.9721048532107377,0.022294573224901495,-2.0158022167315446,-1.9284074896899308,0.0,0.0014992503748125937,0.0,associated,US,1800-1899
Ideational,Security,Ideational + Security,64132,14466,1060,1126.7664355091497,-0.08808392370859623,-0.15376260410701267,-0.022331705904786246,0.03333807393678432,0.0074962518740629685,0.07327526614129683,-2.406026971012258,0.03420926073521803,-2.4730771220532852,-2.3389768199712306,0.0,0.011244377811094452,0.0,dissociated,US,1800-1899
Economic,Security,Economic + Security,64132,14466,1149,1180.5618976043968,-0.03907811004802488,-0.09992090100621005,0.020698122403362638,0.030974744333953263,0.2063968015992004,0.07942762339278307,-0.5273380364739748,0.03350880812141996,-0.5930153003919579,-0.4616607725559917,8.395516687709313e-56,0.2063968015992004,1.0074620025251176e-55,not distinguishable,US,1800-1899
Political,Ideational,Political + Ideational,200424,31979,9053,9585.807116841723,-0.08249952767509848,-0.0913316488447412,-0.07374057746988501,0.0044877175977581195,0.0004997501249375312,0.28309202914412585,-14.281857522143477,1.4142629663418738,-17.05381293617355,-11.509902108113405,5.612475624064912e-24,0.0005997001499250374,5.612475624064911e-24,dissociated,US,1900-2020
Political,Economic,Political + Economic,200424,31979,5828,5944.644628713982,-0.028587262294684588,-0.04458837658487864,-0.012919820344631374,0.008096172390462578,0.0004997501249375312,0.18224459801744894,-0.41815591824634785,0.015590318980544917,-0.4487129434482159,-0.3875988930444798,1.813623890181533e-158,0.0005997001499250374,3.627247780363066e-158,dissociated,US,1900-2020
Political,Security,Political + Security,200424,31979,2055,1405.5482550642278,0.547843263873177,0.501656537369588,0.5916451121062487,0.022862240915103686,0.0004997501249375312,0.0642609212295569,-0.3748143926068485,0.025151899736644223,-0.4241121160906712,-0.32551666912302585,3.197107684129524e-50,0.0005997001499250374,4.7956615261942865e-50,associated,US,1900-2020
Ideational,Economic,Ideational + Economic,200424,31979,11526,10876.548254357347,0.08366740775370474,0.07501055800470395,0.09160121605408444,0.004209598486270995,0.0004997501249375312,0.36042402826855124,-4.040110234011092,0.019071030192627684,-4.077489453188642,-4.002731014833541,0.0,0.0005997001499250374,0.0,associated,US,1900-2020
Ideational,Security,Ideational + Security,200424,31979,2455,2571.644627198014,-0.0669549426346389,-0.10577487937570539,-0.03022926377775391,0.019219120804411065,0.0009995002498750624,0.07676912974139279,-3.6480756209611696,0.024597771444090224,-3.6962872529915862,-3.599863988930753,0.0,0.0009995002498750624,0.0,dissociated,US,1900-2020
Economic,Security,Economic + Security,200424,31979,1062,1594.8071178246998,-0.5863713474487615,-0.6604498919420088,-0.516493142683146,0.036508834318568655,0.0004997501249375312,0.03320929359892429,-0.4550240829954455,0.03299322034132764,-0.5196907948644477,-0.3903573711264433,2.8696605853145867e-43,0.0005997001499250374,3.443592702377504e-43,dissociated,US,1900-2020
Political,Ideational,Political + Ideational,67408,13687,4479,4769.959889707271,-0.09079064576591417,-0.10192836955924621,-0.08065008091419208,0.005400885744887987,0.0004997501249375312,0.3272448308614013,-13.016675947679193,1.414316286900029,-15.78873587000325,-10.244616025355135,3.464398908420244e-20,0.0005997001499250374,3.464398908420244e-20,dissociated,Germany,1800-1899
Political,Economic,Political + Economic,67408,13687,3079,3164.9765965449687,-0.03972660109346202,-0.05789402750673171,-0.021517128715042848,0.00957993804357959,0.0004997501249375312,0.22495798933294367,-0.8801298958434614,0.02238185203444566,-0.9239983258309749,-0.8362614658559478,0.0,0.0005997001499250374,0.0,dissociated,Germany,1800-1899
Political,Security,Political + Security,67408,13687,1136,759.0635142583999,0.5813551719531342,0.5262149798497445,0.6339419087051285,0.027562139036941106,0.0004997501249375312,0.08299846569737707,-0.9772860910424561,0.03428984626736107,-1.044494189726484,-0.9100779923584285,1.1468580291837863e-178,0.0005997001499250374,1.7202870437756794e-178,associated,Germany,1800-1899
Ideational,Economic,Ideational + Economic,67408,13687,3946,3569.063513737952,0.14482607694956867,0.12772967665923426,0.1625561943137533,0.00871046842374266,0.0004997501249375312,0.2883027690509242,-2.5749624494227192,0.022582110980969513,-2.6192233869454196,-2.530701511900019,0.0,0.0005997001499250374,0.0,associated,Germany,1800-1899
Ideational,Security,Ideational + Security,67408,13687,770,855.9765959428543,-0.15261886706074165,-0.2281099665918389,-0.08126917362403588,0.03802861364837054,0.0009995002498750624,0.05625776284065171,-3.205305536500041,0.040129918316301645,-3.283960176399992,-3.12665089660009,0.0,0.0009995002498750624,0.0,dissociated,Germany,1800-1899
Economic,Security,Economic + Security,67408,13687,277,567.9598898085537,-1.0345707855426192,-1.1978124390094962,-0.8858553451210446,0.07865802680610016,0.0004997501249375312,0.02023818221670198,-1.5786088638474862,0.06240354153565891,-1.7009198052573777,-1.4562979224375947,3.465481782550403e-141,0.0005997001499250374,4.1585781390604834e-141,dissociated,Germany,1800-1899
Political,Ideational,Political + Ideational,124944,19575,7656,7542.983349298274,0.021454176956804575,0.013297169729896714,0.030263390914076777,0.00425509131617365,0.0004997501249375312,0.39111111111111113,-13.571513512358448,1.4142757826744412,-16.34349404640035,-10.799532978316543,8.303711780698725e-22,0.0004997501249375312,1.2455567671048088e-21,associated,Germany,1900-2020
Political,Economic,Political + Economic,124944,19575,2737,3422.4327275858404,-0.3223739739874282,-0.3487483847254909,-0.29849245232588995,0.012838722696593587,0.0004997501249375312,0.13982120051085567,-0.6032720325912264,0.02219543743620593,-0.64677508996619,-0.5597689752162628,1.1195316191699608e-162,0.0004997501249375312,2.2390632383399216e-162,dissociated,Germany,1900-2020
Political,Security,Political + Security,124944,19575,1376,803.583923761136,0.7755866187458644,0.7222102384954049,0.8261958204190261,0.026360620755864244,0.0004997501249375312,0.07029374201787995,-0.03780645646568228,0.03230405686546367,-0.10112240792199106,0.025509494990626512,0.2418675759590312,0.0004997501249375312,0.2418675759590312,associated,Germany,1900-2020
Ideational,Economic,Ideational + Economic,124944,19575,6392,5819.583923066209,0.13534029915149146,0.12380281686242191,0.14756290178082698,0.006149415406127463,0.0004997501249375312,0.3265389527458493,-5.566745018977634,0.04611084147493332,-5.657122268268503,-5.476367769686765,0.0,0.0004997501249375312,0.0,associated,Germany,1900-2020
Ideational,Security,Ideational + Security,124944,19575,681,1366.4327265984148,-1.0041566805147601,-1.0934017539522212,-0.9214218097524691,0.04361622786929496,0.0004997501249375312,0.03478927203065134,-5.08936239210662,0.04392525930387493,-5.1754559003422145,-5.003268883871025,0.0,0.0004997501249375312,0.0,dissociated,Germany,1900-2020
Economic,Security,Economic + Security,124944,19575,733,619.9833496901232,0.241404468906103,0.1540599676327223,0.3309619456685325,0.04411561469887766,0.0004997501249375312,0.03744572158365262,0.2678900420868593,0.04097404699733535,0.187580909972082,0.3481991742016366,6.232940377111668e-11,0.0004997501249375312,7.479528452534002e-11,associated,Germany,1900-2020
Political,Ideational,Political + Ideational,37375,8726,2251,2377.400483967038,-0.07880186133507372,-0.10179959734559663,-0.055341002700850676,0.011895086753788815,0.0004997501249375312,0.25796470318588127,-5.095754245083499,0.04521324461104967,-5.184372204521156,-5.007136285645841,0.0,0.0004997501249375312,0.0,dissociated,United Kingdom,1800-1899
Political,Economic,Political + Economic,37375,8726,1618,1726.4086003505824,-0.09353436218923553,-0.12794834680597234,-0.06173353973498805,0.01733561452425443,0.0004997501249375312,0.18542287416914965,-0.785309202095371,0.030482309206009497,-0.8450545281391496,-0.7255638760515924,2.317837499168044e-146,0.0004997501249375312,2.781404999001653e-146,dissociated,United Kingdom,1800-1899
Political,Security,Political + Security,37375,8726,1031,796.1909158878925,0.3726517911469096,0.3169985624807452,0.42843520081411984,0.0291676070810322,0.0004997501249375312,0.11815264726105891,-0.9860278292488381,0.0362994344460356,-1.057174720763068,-0.9148809377346083,1.7433383960345068e-162,0.0004997501249375312,2.6150075940517604e-162,associated,United Kingdom,1800-1899
Ideational,Economic,Ideational + Economic,37375,8726,2365,2130.1909156622737,0.15082383416843984,0.1254524274447484,0.17781849551541754,0.013218864970668012,0.0004997501249375312,0.27102910841164335,-2.173312573223154,0.028708201679046565,-2.2295806485140854,-2.1170444979322225,0.0,0.0004997501249375312,0.0,associated,United Kingdom,1800-1899
Ideational,Security,Ideational + Security,37375,8726,874,982.4086000340817,-0.16859888347867674,-0.23268921259349526,-0.11056096110702314,0.03192564602807538,0.0004997501249375312,0.10016044006417603,-3.1029335461102083,0.03933190776042684,-3.1800240853206447,-3.025843006899772,0.0,0.0004997501249375312,0.0,dissociated,United Kingdom,1800-1899
Economic,Security,Economic + Security,37375,8726,587,713.4004840981303,-0.2811341285930204,-0.36911723449529743,-0.19299925525859485,0.04484783000698003,0.0004997501249375312,0.06727022690809076,-0.909135063074938,0.045608386423599476,-0.9985275004651929,-0.819742625684683,2.084345367490609e-88,0.0004997501249375312,2.084345367490609e-88,dissociated,United Kingdom,1800-1899
Political,Ideational,Political + Ideational,69329,10707,2985,3084.426450422039,-0.04726352491492646,-0.06500148207812394,-0.030463105790207848,0.008993722415319217,0.0004997501249375312,0.2787895769123004,-12.949130109396124,1.4143726554980676,-15.721300514172338,-10.176959704619911,5.416293420017411e-20,0.0004997501249375312,1.0832586840034821e-19,dissociated,United Kingdom,1900-2020
Political,Economic,Political + Economic,69329,10707,1267,1447.0850967121412,-0.1916624127275453,-0.23663410862095793,-0.14844867515067867,0.0230788000852532,0.0004997501249375312,0.11833380031754927,-0.6537909759944333,0.03160727929121539,-0.7157412434052154,-0.5918407085836511,4.7451277419448486e-95,0.0004997501249375312,1.4235383225834544e-94,dissociated,United Kingdom,1900-2020
Political,Security,Political + Security,69329,10707,748,468.48845306901796,0.6744499135966434,0.5957066908345817,0.7523561219456456,0.03884161272400618,0.0004997501249375312,0.06986083870365181,-0.10780742375671416,0.0414370062267249,-0.18902395596109495,-0.026590891552333365,0.009275796804131547,0.0004997501249375312,0.009275796804131547,associated,United Kingdom,1900-2020
Ideational,Economic,Ideational + Economic,69329,10707,4147,3867.488452805686,0.10065849327042756,0.08620463126460258,0.11534623650756505,0.007413179593423812,0.0004997501249375312,0.3873167086952461,-12.195223963184873,1.4143571231115082,-14.96736392448343,-9.423084001886316,6.553642553756529e-18,0.0004997501249375312,9.830463830634794e-18,associated,United Kingdom,1900-2020
Ideational,Security,Ideational + Security,69329,10707,1072,1252.0850961936546,-0.22393097061485087,-0.27517002114699035,-0.1721631046160617,0.027132976082596443,0.0004997501249375312,0.10012141589614271,-5.262632313103056,0.04750460233033601,-5.355741333670515,-5.169523292535597,0.0,0.0004997501249375312,0.0,dissociated,United Kingdom,1900-2020
Economic,Security,Economic + Security,69329,10707,488,587.4264507974598,-0.2672771239792447,-0.37841476441281824,-0.16940380919362674,0.05436988307205201,0.0004997501249375312,0.04557765947510974,-0.3965181622765781,0.0492291721690765,-0.49300733972796806,-0.30002898482518814,7.978057163869204e-16,0.0004997501249375312,9.573668596643046e-16,dissociated,United Kingdom,1900-2020
Political,Ideational,Political + Ideational,32826,6357,1977,2030.6535417957014,-0.03862160727697332,-0.0595033529958582,-0.01762263317994791,0.010872652186715882,0.0004997501249375312,0.3109957527135441,-12.330702618561459,1.414444716497534,-15.103014262896625,-9.558390974226292,2.839137135577099e-18,0.0005997001499250374,3.4069645626925184e-18,dissociated,France,1800-1899
Political,Economic,Political + Economic,32826,6357,928,1061.9307827513398,-0.19439503761537824,-0.24439771871007887,-0.1458176153971855,0.02526631129610715,0.0004997501249375312,0.14598080855749568,-0.874339226729679,0.03867051212496965,-0.9501334304946195,-0.7985450229647385,3.457520583510128e-113,0.0005997001499250374,6.915041167020256e-113,dissociated,France,1800-1899
Political,Security,Political + Security,32826,6357,673,485.4156756348096,0.4709719711541411,0.3976766697237842,0.5452842913672401,0.038062318500924446,0.0004997501249375312,0.10586754758533899,-0.7362682718606488,0.04509531200223686,-0.824655083385033,-0.6478814603362646,6.349410443501482e-60,0.0005997001499250374,9.524115665252223e-60,associated,France,1800-1899
Ideational,Economic,Ideational + Economic,32826,6357,1826,1638.4156754255448,0.15634012609293862,0.12807415562853855,0.1853327793605538,0.01455861999600758,0.0004997501249375312,0.28724240994179645,-2.179082144825385,0.03428868877040866,-2.2462879748153863,-2.111876314835384,0.0,0.0005997001499250374,0.0,associated,France,1800-1899
Ideational,Security,Ideational + Security,32826,6357,615,748.9307824722724,-0.28403638010865273,-0.3606218063087401,-0.2114243429649252,0.038083910803307634,0.0004997501249375312,0.09674374705049552,-3.1269470796828482,0.04772862352664182,-3.220495181795066,-3.0333989775706303,0.0,0.0005997001499250374,0.0,dissociated,France,1800-1899
Economic,Security,Economic + Security,32826,6357,338,391.65354192033215,-0.21226279706080525,-0.3389934503055058,-0.09599665250689449,0.06337479694827902,0.0014992503748125937,0.053169734151329244,-0.35610106891302984,0.05982301553552079,-0.47335417936265056,-0.23884795846340912,2.639538892441454e-09,0.0014992503748125937,2.639538892441454e-09,dissociated,France,1800-1899
Political,Ideational,Political + Ideational,55366,7539,2613,2730.904166554589,-0.06365964654539834,-0.07892285124823807,-0.049103852128255306,0.007453200822386093,0.0004997501249375312,0.34659769200159174,-12.821146562703865,1.4143924965527996,-15.593355855947351,-10.048937269460378,1.248642577329995e-19,0.0004997501249375312,2.49728515465999e-19,dissociated,France,1900-2020
Political,Economic,Political + Economic,55366,7539,858,1070.0740914964183,-0.3184946048051762,-0.3722957203971509,-0.26521247782128327,0.027433890002822828,0.0004997501249375312,0.11380819737365698,-0.5686322901356433,0.03842705352844645,-0.6439493150513984,-0.4933152652198883,1.5156124826812833e-49,0.0004997501249375312,4.54683744804385e-49,dissociated,France,1900-2020
Political,Security,Political + Security,55366,7539,733,403.02174218684866,0.8621505563359411,0.7939726961433875,0.927184062876772,0.03481308982219468,0.0004997501249375312,0.09722774903833399,0.3399212918902135,0.044836248489246645,0.25204224485129006,0.4278003389291369,3.4186012274098464e-14,0.0004997501249375312,4.102321472891816e-14,associated,France,1900-2020
Ideational,Economic,Ideational + Economic,55366,7539,2518,2188.0217419086393,0.2026080144680926,0.17974305193761467,0.2260251507737544,0.01156738531679003,0.0004997501249375312,0.33399655126674627,-11.813694980906591,1.4144651895248852,-14.586046752375367,-9.041343209437816,6.708383308193933e-17,0.0004997501249375312,1.00625749622909e-16,associated,France,1900-2020
Ideational,Security,Ideational + Security,55366,7539,612,824.0740911066856,-0.428939286988129,-0.5040069956178429,-0.35635017148905845,0.0376116615740923,0.0004997501249375312,0.08117787504974135,-5.45797457435739,0.0595408896729246,-5.574674718116323,-5.341274430598458,0.0,0.0004997501249375312,0.0,dissociated,France,1900-2020
Economic,Security,Economic + Security,55366,7539,205,322.904166746818,-0.6541998727408739,-0.8409168136107664,-0.4924199259123006,0.08846845555047277,0.0004997501249375312,0.0271919352699297,-0.3449988431145288,0.07403036956169555,-0.49009836745545204,-0.1998993187736055,3.158501454684041e-06,0.0004997501249375312,3.1585014546840413e-06,dissociated,France,1900-2020
Political,Ideational,Political + Ideational,16630,3991,760,916.2437430569328,-0.2695702663642741,-0.31341772293544373,-0.22906117532329145,0.021613960184215047,0.0004997501249375312,0.19042846404409922,-5.3272213747741395,0.07355607909883544,-5.4713912898078565,-5.1830514597404225,0.0,0.0004997501249375312,0.0,dissociated,Sweden,1800-1899
Political,Economic,Political + Economic,16630,3991,1217,1159.1064052305517,0.07028656486773686,0.04145630190539445,0.09868165200203119,0.014338027251630086,0.0004997501249375312,0.30493610623903783,0.10777797885901219,0.03957442573202344,0.030212104424246253,0.18534385329377812,0.006460889106879645,0.0004997501249375312,0.007753066928255574,associated,Sweden,1800-1899
Political,Security,Political + Security,16630,3991,315,216.64985178237322,0.5389490371404402,0.4249657485043722,0.6463475748433731,0.05693119677384575,0.0004997501249375312,0.07892758707090955,-0.023572445515214136,0.0675880743909453,-0.15604507132146694,0.10890018029103866,0.7272647333106232,0.0004997501249375312,0.7272647333106232,associated,Sweden,1800-1899
Ideational,Economic,Ideational + Economic,16630,3991,1292,1193.6498517079067,0.1141803913825235,0.08627239002232481,0.14362368118809501,0.014534050547612963,0.0004997501249375312,0.3237283888749687,-4.069205412994852,0.056419000797571915,-4.179786654558093,-3.958624171431611,0.0,0.0004997501249375312,0.0,associated,Sweden,1800-1899
Ideational,Security,Ideational + Security,16630,3991,281,223.10640531844206,0.33217340680420965,0.20546772225993204,0.44365403739463727,0.061085646014547364,0.0004997501249375312,0.0704084189426209,-2.772773725847879,0.07081095609539051,-2.9115631997948443,-2.633984251900914,0.0,0.0004997501249375312,0.0,associated,Sweden,1800-1899
Economic,Security,Economic + Security,16630,3991,126,282.24374290379285,-1.1603577129239737,-1.3958547656286027,-0.9615887356507956,0.10946074817019322,0.0004997501249375312,0.03157103482836382,-1.2821569775731472,0.09541200042695377,-1.4691644984099765,-1.0951494567363178,3.6155236159325063e-41,0.0004997501249375312,5.423285423898759e-41,dissociated,Sweden,1800-1899
Political,Ideational,Political + Ideational,35832,6236,1549,1632.3963239526213,-0.07563043911836806,-0.09494149721131682,-0.05659618200333688,0.009468642407504895,0.0004997501249375312,0.24839640795381654,-11.99526796963745,1.4145455175465385,-14.767777184028665,-9.222758755246234,2.253007188015031e-17,0.0004997501249375312,6.759021564045094e-17,dissociated,Sweden,1900-2020
Political,Economic,Political + Economic,35832,6236,1014,1078.3991704638297,-0.088791177610005,-0.12244804684134199,-0.05711789459382386,0.01676335192704604,0.0004997501249375312,0.16260423348300193,0.07516131699186017,0.03795092548349154,0.0007775030442167541,0.14954513093950358,0.04764882548055498,0.0004997501249375312,0.04764882548055497,dissociated,Sweden,1900-2020
Political,Security,Political + Security,35832,6236,263,115.20450566184829,1.1873579161773424,1.056573099077249,1.3102779284224784,0.06504035040664628,0.0004997501249375312,0.04217447081462476,0.36661874210821216,0.07050833151585251,0.22842241233714125,0.5048150718792831,1.9966267584174872e-07,0.0004997501249375312,2.395952110100985e-07,associated,Sweden,1900-2020
Ideational,Economic,Ideational + Economic,35832,6236,3044,2896.2045055729577,0.07179279094644168,0.05945642383476104,0.08536493198705065,0.006615659506592831,0.0004997501249375312,0.48813341885824246,-11.166655876114271,1.4144445098774518,-13.938967115474076,-8.394344636754466,2.9094707866170376e-15,0.0004997501249375312,4.364206179925557e-15,associated,Sweden,1900-2020
Ideational,Security,Ideational + Security,35832,6236,245,309.39917008341337,-0.33607586682124607,-0.47509082898340643,-0.21062680380437396,0.06672842448736362,0.0004997501249375312,0.039288005131494545,-6.894742333222482,0.10765500491433172,-7.1057461428545725,-6.683738523590392,0.0,0.0004997501249375312,0.0,dissociated,Sweden,1900-2020
Economic,Security,Economic + Security,35832,6236,121,204.39632426532856,-0.7539377895432472,-0.9780107770904779,-0.5558431570186348,0.11148479637960908,0.0004997501249375312,0.019403463758819756,-0.7971974277459054,0.09621583591548087,-0.985780466140248,-0.6086143893515629,1.1760241449156733e-16,0.0004997501249375312,2.3520482898313465e-16,dissociated,Sweden,1900-2020
Political,Ideational,Political + Ideational,17112,3591,1439,1471.4682637124981,-0.03217877768503725,-0.051364893494776756,-0.014399691598124572,0.009436958115885517,0.0009995002498750624,0.40072403230297965,-11.314500631684238,1.4145609751492045,-14.08704014297668,-8.541961120391797,1.2584669928645406e-15,0.0011994002998500749,1.8877004892968108e-15,dissociated,Italy,1800-1899
Political,Economic,Political + Economic,17112,3591,616,729.469443961736,-0.24373518036796066,-0.2944951645583103,-0.1943282317894094,0.025811124616210632,0.0004997501249375312,0.17153996101364521,-0.48651263178920856,0.05023431171940714,-0.5849718827592465,-0.38805338081917057,3.4966307057916137e-22,0.0007496251874062968,6.993261411583227e-22,dissociated,Italy,1800-1899
Political,Security,Political + Security,17112,3591,539,393.06229212284507,0.455030959497053,0.38784902173715047,0.5224849550323402,0.03410216598576727,0.0004997501249375312,0.15009746588693956,-0.23342748441636252,0.05481842831734079,-0.3408716039183505,-0.12598336491437456,2.060853745776303e-05,0.0007496251874062968,2.060853745776303e-05,associated,Italy,1800-1899
Ideational,Economic,Ideational + Economic,17112,3591,698,552.0622923145881,0.33812300181386223,0.28822063842953294,0.3921444342085863,0.02699623732011694,0.0004997501249375312,0.1943748259537733,-2.655676569826855,0.05157722632381045,-2.7567679334215236,-2.5545852062321868,0.0,0.0007496251874062968,0.0,associated,Italy,1800-1899
Ideational,Security,Ideational + Security,17112,3591,184,297.4694441391112,-0.6915435779951377,-0.8556603901118751,-0.5379252715603219,0.081938297334577,0.0004997501249375312,0.05123920913394597,-3.9787477639761186,0.08156788534955199,-4.138620819261241,-3.8188747086909967,0.0,0.0007496251874062968,0.0,dissociated,Italy,1800-1899
Economic,Security,Economic + Security,17112,3591,115,147.46826374922182,-0.3573949279877053,-0.6120536760063744,-0.1517454321728156,0.11676579859910388,0.0029985007496251873,0.03202450570871623,-0.7721584529125167,0.09920811287122618,-0.96660635414012,-0.5777105516849135,7.070217806956773e-15,0.0029985007496251873,8.484261368348129e-15,dissociated,Italy,1800-1899
Political,Ideational,Political + Ideational,42101,5672,2312,2257.93186791185,0.03413197423932653,0.019195994221480363,0.04771466668851547,0.007300946129999659,0.0004997501249375312,0.4076163610719323,-12.518082032217608,1.414416702398761,-15.29033876891918,-9.745825295516036,8.724571029765116e-19,0.0007496251874062968,1.3086856544647675e-18,associated,Italy,1900-2020
Political,Economic,Political + Economic,42101,5672,1205,1286.4257126340945,-0.0942971259222738,-0.12103423146251628,-0.06769411722497817,0.013552118434488893,0.0004997501249375312,0.21244710860366714,-0.14157024276184882,0.03504527727737239,-0.2102589862254987,-0.07288149929819894,5.353370430816736e-05,0.0007496251874062968,6.424044516980082e-05,dissociated,Italy,1900-2020
Political,Security,Political + Security,42101,5672,262,234.64241972456105,0.15878259792734584,0.034956083881449794,0.27916401395456203,0.06379426765211849,0.015492253873063468,0.04619181946403385,-0.6094430881664034,0.06846133441968863,-0.7436273036289931,-0.4752588727038136,5.484718153337121e-19,0.018490754622688656,1.0969436306674242e-18,associated,Italy,1900-2020
Ideational,Economic,Ideational + Economic,42101,5672,1499,1471.6424194503722,0.026564273436950125,0.005593438643650968,0.04900781328341666,0.01124160522232591,0.018490754622688656,0.26428067700987307,-7.363669917045125,0.13781779126233693,-7.6337927879193055,-7.0935470461709444,0.0,0.018490754622688656,0.0,associated,Italy,1900-2020
Ideational,Security,Ideational + Security,42101,5672,187,268.4257123266637,-0.5203171040900281,-0.6934683214172993,-0.36726836533554247,0.08361773040077448,0.0004997501249375312,0.03296897038081805,-4.873510544156115,0.08078045828960036,-5.031840242403732,-4.715180845908499,0.0,0.0007496251874062968,0.0,dissociated,Italy,1900-2020
Economic,Security,Economic + Security,42101,5672,207,152.9318679524584,0.4355131732925026,0.2612944371740524,0.5803225861989662,0.08056578380753285,0.0004997501249375312,0.0364950634696756,0.09784339977885564,0.07599436697882071,-0.05110555949963294,0.24679235905734423,0.19791707978995954,0.0007496251874062968,0.19791707978995954,associated,Italy,1900-2020
Political,Ideational,Political + Ideational,11017,4426,942,950.8569429151564,-0.013494114036523907,-0.03439140236672635,0.008081127485105932,0.010837100812880108,0.21039480259870064,0.21283325802078626,-10.877956031780474,1.4147467595712855,-13.650859680540194,-8.105052383020755,1.4831551633688933e-14,0.2318840579710145,1.4831551633688933e-14,not distinguishable,Canada,1800-1899
Political,Economic,Political + Economic,11017,4426,2893,2818.2681936863473,0.03775080386206603,0.029499498461985945,0.04671618908131538,0.004449639783486654,0.0004997501249375312,0.6536375960234975,-0.6909067173081482,0.050174825510852686,-0.7892493753094195,-0.592564059306877,3.862802726669464e-43,0.0007496251874062968,7.725605453338928e-43,associated,Canada,1800-1899
Political,Security,Political + Security,11017,4426,162,227.87486304325412,-0.49096414552556406,-0.6446019165565051,-0.3604177346797362,0.07335767072467707,0.0004997501249375312,0.036601897876186174,-2.776801299874683,0.09550550566945946,-2.9639920909868236,-2.5896105087625427,7.483124852993597e-186,0.0007496251874062968,2.244937455898079e-185,dissociated,Canada,1800-1899
Ideational,Economic,Ideational + Economic,11017,4426,259,324.8748633838752,-0.3263682622976424,-0.4276427927538608,-0.23869041723730766,0.04720563692188742,0.0004997501249375312,0.05851784907365567,-2.738012273070024,0.06849576689146754,-2.8722639761773,-2.6037605699627475,0.0,0.0007496251874062968,0.0,dissociated,Canada,1800-1899
Ideational,Security,Ideational + Security,11017,4426,101,26.26819376723788,1.9228880285176153,1.7000445907160293,2.1354897994224977,0.11041561783367985,0.0004997501249375312,0.022819701762313602,-1.124340968400381,0.11047520857423422,-1.34087237720588,-0.9078095595948819,2.5037512128351924e-24,0.0007496251874062968,3.004501455402231e-24,associated,Canada,1800-1899
Economic,Security,Economic + Security,11017,4426,69,77.85694320412836,-0.17304813964857874,-0.47282935651218666,0.09855602488993388,0.146595517196344,0.2318840579710145,0.015589697243560777,-1.5057436943756506,0.1289703901945687,-1.7585256591570053,-1.2529617295942959,1.7084144662850667e-31,0.2318840579710145,2.5626216994276e-31,not distinguishable,Canada,1800-1899
Political,Ideational,Political + Ideational,29621,4911,1841,1879.550288098403,-0.02988985478221608,-0.04257294688532785,-0.01778396134992083,0.006201170465440669,0.0004997501249375312,0.3748727346772551,-12.290374444323325,1.4144612991015275,-15.06271859056232,-9.51803029808433,3.653702499008293e-18,0.0014992503748125937,7.307404998016586e-18,dissociated,Canada,1900-2020
Political,Economic,Political + Economic,29621,4911,1364,1344.7130279932617,0.020537738489323047,0.0012956231713889953,0.040461552643480364,0.010121389512092039,0.038980509745127435,0.2777438403583791,-0.07936634299005718,0.0358367303557062,-0.1496063344872413,-0.009126351492873039,0.02678308500194604,0.046776611694152925,0.02678308500194604,associated,Canada,1900-2020
Political,Security,Political + Security,29621,4911,191,171.73668365986967,0.1529519457112742,0.01060813487178989,0.29477067788800565,0.07271867512074802,0.033483258370814596,0.03889228263082875,-0.5166172298494347,0.08446408048522867,-0.6821668276004829,-0.35106763209838654,9.570488435898418e-10,0.046776611694152925,1.4355732653847627e-09,associated,Canada,1900-2020
Ideational,Economic,Ideational + Economic,29621,4911,1262,1242.7366839069825,0.022182409097973102,0.001478661951517173,0.04505772474689494,0.011069263021968817,0.04847576211894053,0.25697413968641825,-3.1122732961057693,0.04060697742719972,-3.1918629718630807,-3.032683620348458,0.0,0.04847576211894053,0.0,associated,Canada,1900-2020
Ideational,Security,Ideational + Security,29621,4911,178,158.71302821773386,0.16496567947784924,0.01203947161627802,0.3084757270185827,0.07736983112690109,0.030484757621189407,0.0362451639177357,-2.9006761055496058,0.0871442654271452,-3.07147886578681,-2.7298733453124013,6.174798192880105e-243,0.046776611694152925,1.8524394578640315e-242,associated,Canada,1900-2020
Economic,Security,Economic + Security,29621,4911,75,113.5502881237489,-0.5951215417658833,-0.9306578759270606,-0.3280015173459595,0.1495781636341197,0.0004997501249375312,0.015271838729383017,-0.34796922278031733,0.12249192033728228,-0.5880533866413906,-0.10788505891924408,0.0045007234429135096,0.0014992503748125937,0.005400868131496211,dissociated,Canada,1900-2020
Political,Ideational,Political + Ideational,9244,2642,1127,1152.5573947036485,-0.03233689303330096,-0.05230923233915633,-0.013123810011922863,0.010149807062716221,0.001999000499750125,0.42657077971233914,-10.412568573327041,1.4147118821494002,-13.185403862339866,-7.639733284314216,1.8362887972340777e-13,0.0023988005997001498,2.7544331958511166e-13,dissociated,Spain,1800-1899
Political,Economic,Political + Economic,9244,2642,352,430.32626946103477,-0.28948296281104546,-0.3690299262681175,-0.213317903343047,0.040443567848935304,0.0004997501249375312,0.1332323996971991,-0.5957943313878257,0.06699300160332533,-0.7271006145303434,-0.46448804824530804,5.927678797053133e-19,0.0007496251874062968,1.1855357594106268e-18,dissociated,Spain,1800-1899
Political,Security,Political + Security,9244,2642,395,291.11633568969444,0.4396061562458285,0.3606551967135221,0.5190683474531153,0.041304642334450734,0.0004997501249375312,0.14950794852384558,-0.10497359780992793,0.06776606955911867,-0.23779509414580052,0.02784789852594466,0.12136768715702793,0.0007496251874062968,0.12136768715702793,associated,Spain,1800-1899
Ideational,Economic,Ideational + Economic,9244,2642,502,398.1163358327062,0.3341227613230474,0.27048209066257706,0.39862604315383965,0.033114724293673826,0.0004997501249375312,0.19000757002271007,-4.096318805424912,0.0937945344715381,-4.2801560929891265,-3.912481517860697,0.0,0.0007496251874062968,0.0,associated,Spain,1800-1899
Ideational,Security,Ideational + Security,9244,2642,191,269.3262696023246,-0.4946864201094966,-0.6444940920449079,-0.3637181489192012,0.07160720626464323,0.0004997501249375312,0.07229371688115065,-6.2337888167312645,0.14391641377699582,-6.515864987734176,-5.951712645728353,0.0,0.0007496251874062968,0.0,dissociated,Spain,1800-1899
Economic,Security,Economic + Security,9244,2642,75,100.55739471059103,-0.42062634289436734,-0.7409007008048449,-0.1591058554285901,0.1493341478832062,0.0069965017491254375,0.02838758516275549,-0.7343635475151931,0.1236648860373097,-0.9767467241483201,-0.49198037088206603,2.879308571113213e-09,0.0069965017491254375,3.4551702853358557e-09,dissociated,Spain,1800-1899
Political,Ideational,Political + Ideational,26375,5211,2356,2390.815270896238,-0.02115866608406086,-0.03045921145527179,-0.011830532487547472,0.004875624098049895,0.0004997501249375312,0.4521205142966801,-11.61321781797734,1.4144437117985458,-14.38552749310249,-8.84090814285219,2.2036307516339189e-16,0.0005997001499250374,4.4072615032678377e-16,dissociated,Spain,1900-2020
Political,Economic,Political + Economic,26375,5211,694,795.8742752508685,-0.19747192518498308,-0.24662737899167905,-0.1531720038587733,0.0240402949671532,0.0004997501249375312,0.1331798119362886,-0.5258625700565094,0.04495077218741333,-0.6139660835438395,-0.43775905656917924,1.2952373584733053e-31,0.0005997001499250374,7.771424150839831e-31,dissociated,Spain,1900-2020
Political,Security,Political + Security,26375,5211,317,180.31045406717058,0.8122784982309805,0.7045894066233032,0.9138318771565912,0.053443426407744576,0.0004997501249375312,0.06083285357896757,0.41289767978431874,0.07276191211435741,0.2702843320401782,0.5555110275284593,1.3898036125115546e-08,0.0005997001499250374,1.6677643350138652e-08,associated,Spain,1900-2020
Ideational,Economic,Ideational + Economic,26375,5211,1553,1416.310453840324,0.1328754793900147,0.10997137328521132,0.15799064294597187,0.012172123600684998,0.0004997501249375312,0.2980234120130493,-10.962720314882933,1.414651955053645,-13.735438146788077,-8.190002482977789,9.231929907607478e-15,0.0005997001499250374,1.3847894861411218e-14,associated,Spain,1900-2020
Ideational,Security,Ideational + Security,26375,5211,219,320.8742749619995,-0.5500335105027857,-0.6976176784917079,-0.42111234564829636,0.07093457141634706,0.0004997501249375312,0.042026482440990214,-11.890255085007142,1.4164161033225888,-14.666430647519416,-9.114079522494869,4.674592227539854e-17,0.0005997001499250374,1.402377668261956e-16,dissociated,Spain,1900-2020
Economic,Security,Economic + Security,26375,5211,72,106.81527098339863,-0.5658024862401536,-0.8896098034721038,-0.28541568502947234,0.15479981530686557,0.0014992503748125937,0.013816925734024179,-0.4292839428008692,0.12435796121666823,-0.6730255467855389,-0.18554233881619944,0.0005564434036237246,0.0014992503748125937,0.0005564434036237246,dissociated,Spain,1900-2020
Political,Ideational,Political + Ideational,4828,1374,741,737.708345613949,0.00641864500725041,-0.01016187766716564,0.024165029889974012,0.008997895419481613,0.49075462268865566,0.5393013100436681,-9.671231170629518,1.414984698675332,-12.44460118003317,-6.897861161225867,8.208156983160019e-12,0.49075462268865566,9.849788379792024e-12,not distinguishable,Brazil,1800-1899
Political,Economic,Political + Economic,4828,1374,257,286.12630680337224,-0.15459859514456675,-0.22008456648742303,-0.10038752701849331,0.02996177866320503,0.0004997501249375312,0.18704512372634644,-1.786082427369916,0.08793914048704064,-1.9584431427245157,-1.6137217120153164,1.0397386174688798e-91,0.0009995002498750624,6.238431704813279e-91,dissociated,Brazil,1800-1899
Political,Security,Political + Security,4828,1374,148,122.16534749253572,0.2757351804883629,0.15702359394571774,0.3861377161014031,0.05777503650373504,0.0004997501249375312,0.10771470160116449,-1.2028693348894544,0.11813067746048794,-1.4344054627120106,-0.971333207066898,2.3730633370364902e-24,0.0009995002498750624,3.5595950055547355e-24,associated,Brazil,1800-1899
Ideational,Economic,Ideational + Economic,4828,1374,169,143.16534757687046,0.23857315107729293,0.13816303090148768,0.3375875761630853,0.051337328253374226,0.0004997501249375312,0.12299854439592431,-1.6802954565934765,0.09454629594424284,-1.8656061966441924,-1.4949847165427605,1.160538591085661e-70,0.0009995002498750624,3.4816157732569826e-70,associated,Brazil,1800-1899
Ideational,Security,Ideational + Security,4828,1374,32,61.12630687830169,-0.9231066181868298,-1.3844308343299552,-0.5540007738270493,0.21271524938340156,0.0009995002498750624,0.023289665211062592,-2.6631098984914763,0.18778942375120056,-3.031177169043829,-2.2950426279391234,1.1950350542515138e-45,0.0014992503748125937,2.3900701085030277e-45,dissociated,Brazil,1800-1899
Economic,Security,Economic + Security,4828,1374,27,23.70834563497085,0.18392712772568218,-0.364562754131034,0.5981256365107331,0.24899479436795677,0.46526736631684157,0.019650655021834062,-0.5506300460347324,0.2041174317820994,-0.9507002123276472,-0.15055987974181761,0.006983836331503056,0.49075462268865566,0.006983836331503057,not distinguishable,Brazil,1800-1899
Political,Ideational,Political + Ideational,21247,4125,2316,2329.552165082105,-0.008415571848635062,-0.01306180351798996,-0.0037487866961628162,0.002402269720860391,0.0024987506246876563,0.5614545454545454,-11.341268707425177,1.4144485248809995,-14.113587816191936,-8.568949598658419,1.0734455918877395e-15,0.004997501249375313,2.146891183775479e-15,dissociated,Brazil,1900-2020
Political,Economic,Political + Economic,21247,4125,827,839.9602043056071,-0.02242019771389122,-0.0445476978530203,-0.0011393374473348456,0.0110984016341448,0.04397801099450275,0.2004848484848485,-0.007355018295244841,0.0465317192251817,-0.09855718797660097,0.08384715138611128,0.8744058829984229,0.052773613193403304,0.8744058829984228,not distinguishable,Brazil,1900-2020
Political,Security,Political + Security,21247,4125,118,91.4876303322902,0.36537528042896666,0.201043316458973,0.5207086238517511,0.08038706847743965,0.0004997501249375312,0.028606060606060607,-0.3689730738627823,0.11060217115780174,-0.5857533293320737,-0.15219281839349086,0.0008498146957793718,0.0014992503748125937,0.0010197776349352462,associated,Brazil,1900-2020
Ideational,Economic,Ideational + Economic,21247,4125,779,752.4876306113007,0.04992285709930582,0.0255803660720593,0.07520877487892459,0.01262881390603523,0.0004997501249375312,0.18884848484848485,-4.123276261988673,0.06236317781225208,-4.245508090500687,-4.001044433476659,0.0,0.0014992503748125937,0.0,associated,Brazil,1900-2020
Ideational,Security,Ideational + Security,21247,4125,69,81.9602045740967,-0.2466850625514709,-0.5310747309704147,-0.011575337942603216,0.13268861190311357,0.06546726636681659,0.016727272727272726,-4.0206353774978,0.13457017200782564,-4.284392914633138,-3.756877840362461,3.8451507458671905e-196,0.06546726636681659,1.153545223760157e-195,not distinguishable,Brazil,1900-2020
Economic,Security,Economic + Security,21247,4125,16,29.552165094599303,-0.865002908519301,-1.6382424307472123,-0.3288700511533291,0.3422338111572361,0.01899050474762619,0.0038787878787878787,-0.9870914380512864,0.25248327945798305,-1.4819586657889332,-0.49222421031363967,9.247513930827359e-05,0.028485757121439283,0.00013871270896241038,dissociated,Brazil,1900-2020
Political,Ideational,Political + Ideational,10216,2143,721,761.1603798345692,-0.07814845661195453,-0.10371784207513066,-0.05361965622030135,0.012891800516659661,0.0004997501249375312,0.3364442370508633,-10.877921960775412,1.4148962768744338,-13.651118663449303,-8.10472525810152,1.492883319139209e-14,0.0014992503748125937,2.985766638278418e-14,dissociated,Austria,1800-1899
Political,Economic,Political + Economic,10216,2143,494,472.69034722912767,0.06354987703345565,0.016007281612672168,0.11041135014194003,0.024486816366412662,0.01249375312343828,0.23051796546896874,-0.05686213652439521,0.05842350738841931,-0.17137221100569705,0.05764793795690664,0.3304166664589768,0.014492753623188406,0.3304166664589768,associated,Austria,1800-1899
Political,Security,Political + Security,10216,2143,123,104.14927301188901,0.23894875244075084,0.0624192710121403,0.42019577087603777,0.09142244159753453,0.0079960019990005,0.05739617358842744,-0.6150267263248633,0.10272024001650629,-0.8163583967572157,-0.413695055892511,2.132275516457315e-09,0.01199400299850075,2.5587306197487784e-09,associated,Austria,1800-1899
Ideational,Economic,Ideational + Economic,10216,2143,612,593.1492729337107,0.04509900339138297,0.011408299487310624,0.08378462811566718,0.01865614872296124,0.014492753623188406,0.2855809612692487,-3.6664217625284157,0.07357623660440449,-3.8106311862730484,-3.522212338783783,0.0,0.014492753623188406,0.0,associated,Austria,1800-1899
Ideational,Security,Ideational + Security,10216,2143,152,130.6903471283109,0.21714767106130076,0.055504269375287345,0.3595626283448873,0.07823216925022744,0.006496751624187906,0.07092860475968268,-3.3382915458455424,0.09898386747145282,-3.53229992608959,-3.144283165601495,2.4358527609549147e-249,0.01199400299850075,7.307558282864744e-249,associated,Austria,1800-1899
Economic,Security,Economic + Security,10216,2143,41,81.16037986239238,-0.9765249421531593,-1.410862809638519,-0.6239014087749485,0.20100917138980842,0.0004997501249375312,0.019132057862809144,-1.0820777302510314,0.1628593475414741,-1.4012820514323205,-0.7628734090697422,3.0477113180648596e-11,0.0014992503748125937,4.5715669770972894e-11,dissociated,Austria,1800-1899
Political,Ideational,Political + Ideational,18387,2981,949,994.0644110021093,-0.06689680700821893,-0.08673716861901656,-0.04941219233622528,0.009804520851606446,0.0004997501249375312,0.31834954713183494,-11.94174645906821,1.4146837225996047,-14.714526555363435,-9.168966362772984,3.1387166660993594e-17,0.0009995002498750624,6.277433332198719e-17,dissociated,Austria,1900-2020
Political,Economic,Political + Economic,18387,2981,920,933.4575567270768,-0.020939267234819384,-0.04312317018675378,0.0013446639738830266,0.011155169233050398,0.06746626686656672,0.30862126803086215,0.33972132464395133,0.045097040478709716,0.2513311253056803,0.42811152398222235,4.9542824821197095e-14,0.07946026986506746,7.431423723179565e-14,not distinguishable,Austria,1900-2020
Political,Security,Political + Security,18387,2981,165,106.47803214534629,0.6295166462827316,0.487328390485376,0.7640249232529495,0.0698679280828863,0.0004997501249375312,0.055350553505535055,0.535210483048542,0.10411213111060505,0.3311507060717561,0.7392702600253279,2.736992907193017e-07,0.0009995002498750624,3.2843914886316207e-07,associated,Austria,1900-2020
Ideational,Economic,Ideational + Economic,18387,2981,834,775.4780322694472,0.10489623890811327,0.07627805053103122,0.13425880000739154,0.01483543713225782,0.0004997501249375312,0.2797718886279772,-4.496916367111431,0.06943294440961091,-4.633004938154268,-4.360827796068594,0.0,0.0009995002498750624,0.0,associated,Austria,1900-2020
Ideational,Security,Ideational + Security,18387,2981,75,88.45755680366536,-0.23664052092092566,-0.5238885380875852,0.013025868554852334,0.13621680842279463,0.07946026986506746,0.025159342502515933,-3.7007015597886377,0.13087804789855956,-3.9572225336698144,-3.444180585907461,6.82888361492813e-176,0.07946026986506746,2.0486650844784387e-175,not distinguishable,Austria,1900-2020
Economic,Security,Economic + Security,18387,2981,38,83.06441105235471,-1.1180302030765825,-1.6071733706493838,-0.763594938559096,0.21799126898218618,0.0009995002498750624,0.01274740020127474,-0.341269178007484,0.17125382815888862,-0.6769266811989056,-0.00561167481606234,0.04628683854313868,0.0014992503748125937,0.04628683854313868,dissociated,Austria,1900-2020
Political,Ideational,Political + Ideational,7919,2197,526,555.6193951669861,-0.07896112206368343,-0.12308052179850971,-0.0368983767819552,0.0216082085823073,0.0014992503748125937,0.23941738734638143,-4.330469144924437,0.0763571848603684,-4.4801292272507585,-4.180809062598115,0.0,0.0029985007496251873,0.0,dissociated,Australia,1800-1899
Political,Economic,Political + Economic,7919,2197,926,877.2007852304108,0.07806177821926553,0.05055238461045673,0.10681327373577619,0.01414346387992157,0.0004997501249375312,0.42148384160218477,-1.0061156172351673,0.0519654661252115,-1.1079679308405819,-0.9042633036297527,1.6390751462029721e-83,0.0014992503748125937,3.2781502924059442e-83,associated,Australia,1800-1899
Political,Security,Political + Security,7919,2197,174,193.1798194848351,-0.1504466033818944,-0.2898824063206549,-0.02081056471295067,0.06988636668862204,0.033483258370814596,0.07919890760127446,-1.7247550676266774,0.09066363730204255,-1.9024557967386808,-1.547054338514674,1.0860942383392506e-80,0.03648175912043978,1.629141357508876e-80,dissociated,Australia,1800-1899
Ideational,Economic,Ideational + Economic,7919,2197,345,364.1798195960226,-0.077944656391787,-0.15214755624326537,-0.011425796403197934,0.03588187442433661,0.03648175912043978,0.1570323167956304,-1.6814988958967416,0.06438581161541522,-1.8076950866629555,-1.5553027051305277,2.4003766554972972e-150,0.03648175912043978,7.201129966491892e-150,dissociated,Australia,1800-1899
Ideational,Security,Ideational + Security,7919,2197,129,80.20078526388953,0.6822974809961689,0.48747070531153797,0.865547675532976,0.09579495221617058,0.0004997501249375312,0.058716431497496585,-1.248137685213025,0.10009688098296557,-1.4443275719396376,-1.0519477984864125,1.0979106737006946e-35,0.0014992503748125937,1.3174928084408336e-35,associated,Australia,1800-1899
Economic,Security,Economic + Security,7919,2197,97,126.6193952578559,-0.38271004254092705,-0.6141287481994497,-0.17257493174304595,0.11375185767225482,0.0024987506246876563,0.044151115157032315,-0.8958083911467876,0.11218089368157451,-1.1156829427626735,-0.6759338395309016,1.4007665547917586e-15,0.0037481259370314842,1.4007665547917586e-15,dissociated,Australia,1800-1899
Political,Ideational,Political + Ideational,19721,3276,1184,1221.3640644482707,-0.04480559193445033,-0.06343986506494938,-0.026341063822711255,0.009625885841644932,0.0004997501249375312,0.3614163614163614,-11.901797138635956,1.4145942650693961,-14.674401898171972,-9.12919237909994,3.976945228952864e-17,0.0009995002498750624,5.965417843429296e-17,dissociated,Australia,1900-2020
Political,Economic,Political + Economic,19721,3276,773,782.862266313441,-0.018278345277144104,-0.05198268220022935,0.01576581902633979,0.017730013687578056,0.2983508245877061,0.23595848595848595,-0.500922301049976,0.04515478869305939,-0.5894256868883725,-0.41241891521157964,1.349825251017254e-28,0.3073463268365817,2.699650502034508e-28,not distinguishable,Australia,1900-2020
Political,Security,Political + Security,19721,3276,218,170.77366936989606,0.35132990290572336,0.21880437591849544,0.4683249199192498,0.06488410595748191,0.0004997501249375312,0.06654456654456654,-0.57026040327166,0.07984731412169442,-0.7267611389501811,-0.413759667593139,9.205903378466083e-13,0.0009995002498750624,1.1047084054159299e-12,associated,Australia,1900-2020
Ideational,Economic,Ideational + Economic,19721,3276,858,810.7736692377051,0.0816294692897837,0.04920726140139748,0.11430553800921223,0.01684261840942393,0.0004997501249375312,0.2619047619047619,-2.583889941582443,0.04649055419017572,-2.6750114277951873,-2.4927684553696983,0.0,0.0009995002498750624,0.0,associated,Australia,1900-2020
Ideational,Security,Ideational + Security,19721,3276,167,176.86226617643803,-0.08253801333237146,-0.24759773088551404,0.07019506605108759,0.08168666184494068,0.3073463268365817,0.050976800976800976,-2.8250777597752177,0.08811203806291257,-2.997777354378526,-2.652378165171909,1.47773571051829e-225,0.3073463268365817,4.43320713155487e-225,not distinguishable,Australia,1900-2020
Economic,Security,Economic + Security,19721,3276,76,113.364064454249,-0.5737808508112822,-0.8733048008231662,-0.3147442096698532,0.14359152241848946,0.0009995002498750624,0.0231990231990232,-0.5317554463778186,0.12161176568917001,-0.7701145071285918,-0.2933963856270454,1.2279479551849405e-05,0.0014992503748125937,1.2279479551849405e-05,dissociated,Australia,1900-2020
Political,Ideational,Political + Ideational,3154,779,406,404.75484126115845,0.004425931710488601,-0.021673006678043092,0.03166387933608178,0.013660357845917707,0.7561219390304847,0.521181001283697,-9.334135420844515,1.415565577167046,-12.108643952091924,-6.559626889597105,4.283437301591095e-11,0.7561219390304847,5.140124761909313e-11,not distinguishable,India,1800-1899
Political,Economic,Political + Economic,3154,779,97,115.96829750915938,-0.2564631849773833,-0.40666516112067136,-0.12472062151302715,0.07213584128935718,0.0014992503748125937,0.1245186136071887,-1.1611622904132763,0.12370578884570659,-1.4036256365508613,-0.9186989442756914,6.20371477726339e-21,0.0029985007496251873,1.2407429554526782e-20,dissociated,India,1800-1899
Political,Security,Political + Security,3154,779,79,61.27686127530308,0.3638882872233934,0.17679805618740918,0.5409746851633036,0.09259321372972286,0.0004997501249375312,0.10141206675224647,-1.0621365667953873,0.1366869574298964,-1.3300430033579842,-0.7942301302327903,7.81292240723737e-15,0.0029985007496251873,1.1719383610856056e-14,associated,India,1800-1899
Ideational,Economic,Ideational + Economic,3154,779,135,117.27686122960891,0.20223672046051633,0.09155477136490488,0.31046101577892443,0.05503047449449423,0.0009995002498750624,0.17329910141206675,-2.0170005512313796,0.11784804460527772,-2.247982718657724,-1.7860183838050352,1.1419419459371988e-65,0.0029985007496251873,3.4258258378115964e-65,associated,India,1800-1899
Ideational,Security,Ideational + Security,3154,779,43,61.96829746338324,-0.5221088096751273,-0.8625413730047298,-0.23733792273733192,0.15520904864081442,0.001999000499750125,0.055198973042362,-3.247292836749782,0.17134932852483017,-3.5831375206584495,-2.911448152841115,4.307933989104462e-80,0.0029985007496251873,2.5847603934626773e-79,dissociated,India,1800-1899
Economic,Security,Economic + Security,3154,779,19,17.754841261386886,0.09519500039001737,-0.5832457384055073,0.5684364274158111,0.2977854071165852,0.7406296851574213,0.024390243902439025,-0.6833091538525855,0.24117081121650158,-1.1560039438369287,-0.2106143638682424,0.004607019001946984,0.7561219390304847,0.004607019001946984,not distinguishable,India,1800-1899
Political,Ideational,Political + Ideational,24803,3812,1669,1699.7790722966547,-0.02635546659446328,-0.0382670236400931,-0.014279857059100814,0.00609092802906788,0.0004997501249375312,0.43782791185729275,-12.054277109460571,1.414490584193866,-14.82667865448055,-9.281875564440593,1.5683254457114928e-17,0.0005997001499250374,2.352488168567239e-17,dissociated,India,1900-2020
Political,Economic,Political + Economic,24803,3812,576,665.6894882013355,-0.2086119820411758,-0.25821509553977634,-0.16206586838575354,0.024319980584379893,0.0004997501249375312,0.15110178384050368,-0.8624203910926715,0.04896714105438284,-0.9583959875592619,-0.7664447946260812,1.984809764365529e-69,0.0005997001499250374,3.969619528731058e-69,dissociated,India,1900-2020
Political,Security,Political + Security,24803,3812,275,154.53143967728317,0.829491501574293,0.7252587590740399,0.9298016086453512,0.053093095630864055,0.0004997501249375312,0.07214060860440713,0.019690500250978345,0.07753951906792307,-0.13228695712215086,0.17166795762410755,0.7995407682740812,0.0005997001499250374,0.7995407682740812,associated,India,1900-2020
Ideational,Economic,Ideational + Economic,24803,3812,1097,976.5314394947588,0.16774404781421548,0.13853297637319772,0.19796751794731135,0.015240537286658005,0.0004997501249375312,0.28777544596012594,-2.3628187603390014,0.044360514543883706,-2.4497653688450134,-2.2758721518329894,0.0,0.0005997001499250374,0.0,associated,India,1900-2020
Ideational,Security,Ideational + Security,24803,3812,137,226.68948798184144,-0.7244644645005558,-0.9174101073432122,-0.5484493982346739,0.0948262822390888,0.0004997501249375312,0.035939139559286466,-3.1796667488068744,0.0963636217230941,-3.368539447384139,-2.99079405022961,9.103673485013372e-239,0.0005997001499250374,2.7311020455040118e-238,dissociated,India,1900-2020
Economic,Security,Economic + Security,24803,3812,58,88.77907234812578,-0.6098854122637167,-0.9657223324489181,-0.3016333411475871,0.16986323400085168,0.0024987506246876563,0.015215110178384051,-0.34022920063402773,0.13788534910004382,-0.6104844848701136,-0.06997391639794182,0.013606820977357475,0.0024987506246876563,0.01632818517282897,dissociated,India,1900-2020
Political,Ideational,Political + Ideational,7007,1636,497,515.9098107729964,-0.05381988362378922,-0.10081564288773688,-0.01247582640937511,0.022552772925317346,0.01999000499750125,0.30378973105134477,-10.238181144415295,1.415273177365551,-13.012116572051774,-7.464245716778815,4.68739955506222e-13,0.0239880059970015,7.03109933259333e-13,dissociated,Russia,1800-1899
Political,Economic,Political + Economic,7007,1636,116,220.9571421810448,-0.9266975712351456,-1.132200941518329,-0.7473925233664964,0.09812566620361114,0.0004997501249375312,0.07090464547677261,-0.9522480669858623,0.10310489610390916,-1.1543336633495243,-0.7501624706222003,2.5655199654770842e-20,0.0007496251874062968,7.696559896431253e-20,dissociated,Russia,1800-1899
Political,Security,Political + Security,7007,1636,263,139.13304708713906,0.9161625358849742,0.8020958901223372,1.0227871231393575,0.056857443088500645,0.0004997501249375312,0.16075794621026895,-0.05341270278583357,0.07675687283032026,-0.20385617353326127,0.09703076796159413,0.4865110812628085,0.0007496251874062968,0.48651108126280845,associated,Russia,1800-1899
Ideational,Economic,Ideational + Economic,7007,1636,524,400.1330470347304,0.38866134309798117,0.32461916529767326,0.45660182806442157,0.03318605484263329,0.0004997501249375312,0.3202933985330073,-2.3057495813837363,0.0816147119927745,-2.465714416889574,-2.1457847458778985,1.358765646449771e-175,0.0007496251874062968,8.152593878698625e-175,associated,Russia,1800-1899
Ideational,Security,Ideational + Security,7007,1636,147,251.95714211667368,-0.7753235379296095,-0.9407469291078463,-0.6297050261728562,0.07960152662289552,0.0004997501249375312,0.08985330073349633,-11.259862006817277,1.4170364080839961,-14.03725336666191,-8.482470646972645,1.9253096290137363e-15,0.0007496251874062968,3.850619258027473e-15,dissociated,Russia,1800-1899
Economic,Security,Economic + Security,7007,1636,89,107.90981080741551,-0.2765357352791515,-0.5416422460669897,-0.06515846684919582,0.12459935117353421,0.027486256871564217,0.054400977995110025,-0.6566490016436757,0.11628358055069712,-0.884564819523042,-0.42873318376430936,1.633075737689568e-08,0.027486256871564214,1.9596908852274814e-08,dissociated,Russia,1800-1899
Political,Ideational,Political + Ideational,12226,2262,671,720.2040509661468,-0.10201955488199428,-0.13773221196085553,-0.06888152927145424,0.01697161789004726,0.0004997501249375312,0.29664014146772766,-10.877221256915693,1.4149813879087338,-13.65058477721681,-8.103857736614575,1.504096046656251e-14,0.0004997501249375312,2.2561440699843764e-14,dissociated,Russia,1900-2020
Political,Economic,Political + Economic,12226,2262,228,299.6910518622987,-0.39368680825657526,-0.510669873212722,-0.2872649507107753,0.05752606384355385,0.0004997501249375312,0.10079575596816977,-0.38405618947202835,0.07556638611106717,-0.53216630624972,-0.2359460726943367,3.727581660662767e-07,0.0004997501249375312,4.4730979927953205e-07,dissociated,Russia,1900-2020
Political,Security,Political + Security,12226,2262,257,136.104897223596,0.9145632277780105,0.7956327692651112,1.0276171891053572,0.0594867441585062,0.0004997501249375312,0.11361626878868258,-0.01218742225293801,0.07345372928620267,-0.15615673165389524,0.13178188714801922,0.8682201276705475,0.0004997501249375312,0.8682201276705475,associated,Russia,1900-2020
Ideational,Economic,Ideational + Economic,12226,2262,794,673.1048971571432,0.23814459263230744,0.1979293346524142,0.28272990649253416,0.02191544587297122,0.0004997501249375312,0.3510167992926614,-3.3581263811794524,0.0744726936464399,-3.5040928607264745,-3.2121599016324303,0.0,0.0004997501249375312,0.0,associated,Russia,1900-2020
Ideational,Security,Ideational + Security,12226,2262,234,305.69105176475597,-0.3848441988846178,-0.5016161762833886,-0.2779175648376936,0.05703189640037508,0.0004997501249375312,0.10344827586206896,-8.59222231444031,0.3324540047606087,-9.243832163771103,-7.940612465109517,2.78041704283921e-147,0.0004997501249375312,8.34125112851763e-147,dissociated,Russia,1900-2020
Economic,Security,Economic + Security,12226,2262,78,127.20405102605898,-0.7020397318008442,-0.9980535853516178,-0.45188538453991284,0.1371497072190875,0.0004997501249375312,0.034482758620689655,-0.9275940794085903,0.11963968315460036,-1.162087858391607,-0.6931003004255736,8.958356487244714e-15,0.0004997501249375312,1.7916712974489427e-14,dissociated,Russia,1900-2020
Political,Ideational,Political + Ideational,5606,1163,447,449.45330391549385,-0.007887604165071066,-0.03647431156976372,0.018064794583566374,0.014313784981891313,0.5912043978010995,0.38435081685296646,-10.370334844052776,1.41529492440623,-13.144312895888987,-7.5963567922165645,2.3478086947416596e-13,0.6096951524237881,3.5217130421124894e-13,not distinguishable,Switzerland,1800-1899
Political,Economic,Political + Economic,5606,1163,220,228.84620601882474,-0.05674838591612763,-0.12472149159917086,0.008543115893107585,0.03460321441835884,0.10494752623688156,0.18916595012897677,-1.1749798539743301,0.08076084200955612,-1.33327110431306,-1.0166886036356002,5.936648447247987e-48,0.18815592203898052,1.1873296894495974e-47,not distinguishable,Switzerland,1800-1899
Political,Security,Political + Security,5606,1163,48,36.70049010455548,0.38266311879565307,0.055345792110798465,0.6509207171974161,0.15481967456405815,0.01699150424787606,0.0412725709372313,-0.5952510544770158,0.1691606736477967,-0.9268059748266972,-0.2636961341273343,0.0004334215152838226,0.07046476761619191,0.0005201058183405871,not distinguishable,Switzerland,1800-1899
Ideational,Economic,Ideational + Economic,5606,1163,372,360.7004900638439,0.044440575357917046,0.0057532719401859524,0.08297890354423224,0.020116054761194026,0.02348825587206397,0.31986242476354254,-3.8040639630878155,0.09612544093445546,-3.992469827319348,-3.615658098856283,0.0,0.07046476761619191,0.0,not distinguishable,Switzerland,1800-1899
Ideational,Security,Ideational + Security,5606,1163,49,57.84620595898136,-0.23721032059257458,-0.5610538661290865,0.038780598863338796,0.15490879004108188,0.12543728135932034,0.04213241616509028,-2.7172177361385743,0.16994949910968485,-3.0503187543935564,-2.3841167178835923,1.53975238220104e-57,0.18815592203898052,4.61925714660312e-57,not distinguishable,Switzerland,1800-1899
Economic,Security,Economic + Security,5606,1163,27,29.45330393830056,-0.12328352669757349,-0.6968497259567913,0.25121573585027285,0.2417079618401987,0.6096951524237881,0.023215821152192607,-0.41739567219846635,0.2091775813791897,-0.8273837317016781,-0.0074076126952545285,0.045997850589398516,0.6096951524237881,0.045997850589398516,not distinguishable,Switzerland,1800-1899
Political,Ideational,Political + Ideational,13181,1892,835,834.3930845125393,0.0010483688068953015,-0.012564975173028316,0.0157479164799571,0.007183949841580116,0.8785607196401799,0.4413319238900634,-11.15991280726557,1.4148117755048666,-13.932943887255108,-8.386881727276032,3.072807880629996e-15,0.87856071964018,6.807781998611634e-15,not distinguishable,Switzerland,1900-2020
Political,Economic,Political + Economic,13181,1892,261,279.79709499596254,-0.10014584585881627,-0.15805562228792006,-0.04793057924641425,0.02793747842813668,0.0004997501249375312,0.1379492600422833,-0.5587900039131367,0.07095629063896075,-0.6978643335654998,-0.4197156742607736,3.4038909993058174e-15,0.0009995002498750624,6.807781998611634e-15,dissociated,Switzerland,1900-2020
Political,Security,Political + Security,13181,1892,45,26.809820562338796,0.7364467103247375,0.3964438959256822,1.02090662520501,0.16179372394684466,0.0004997501249375312,0.023784355179704016,-0.006086508059784295,0.17193034435685914,-0.3430699829992282,0.33089696687965964,0.9717599783347399,0.0009995002498750624,0.9717599783347399,associated,Switzerland,1900-2020
Ideational,Economic,Ideational + Economic,13181,1892,684,665.8098204883438,0.03885738438406786,0.017985354578625382,0.060171912861235625,0.011003754836404518,0.0004997501249375312,0.36152219873150104,-10.3723987527565,1.4151551558051403,-13.146102858134574,-7.598694647378425,2.309897926461423e-13,0.0009995002498750624,3.4648468896921346e-13,associated,Switzerland,1900-2020
Ideational,Security,Ideational + Security,13181,1892,45,63.79709487760436,-0.4988870087215602,-0.8433057519854279,-0.2323246180400314,0.15739475899394692,0.004497751124437781,0.023784355179704016,-6.114509694698586,0.20162467240381848,-6.50969405261007,-5.719325336787102,5.176684939517287e-202,0.006746626686656671,3.1060109637103724e-201,dissociated,Switzerland,1900-2020
Economic,Security,Economic + Security,13181,1892,22,21.393084563211342,0.039449768232603974,-0.5916318473668205,0.5034905933243463,0.27795739390522595,0.8755622188905547,0.011627906976744186,0.019836122840183303,0.22655987414275208,-0.42422123047961074,0.4638934761599774,0.9302315165516221,0.87856071964018,0.9717599783347399,not distinguishable,Switzerland,1900-2020
Political,Ideational,Political + Ideational,2796,895,334,333.73426151792216,0.001146582828211174,-0.03874450234616121,0.046386622939653704,0.022041813634613532,0.9655172413793104,0.37318435754189944,-9.316615491677714,1.415788182136039,-12.09156032866435,-6.541670654691078,4.688212576498079e-11,0.9655172413793104,7.032318864747118e-11,not distinguishable,Argentina,1800-1899
Political,Economic,Political + Economic,2796,895,133,167.27155220371444,-0.3296583673453482,-0.4601953155683132,-0.21853216919492452,0.06247168468760791,0.0004997501249375312,0.14860335195530727,-1.321547425478305,0.11385445560455519,-1.5447021584632332,-1.098392692493377,3.7819646636341454e-31,0.0007496251874062968,7.563929327268291e-31,dissociated,Argentina,1800-1899
Political,Security,Political + Security,2796,895,240,205.99418622155875,0.21993573040095377,0.14275724167089013,0.2975044809745058,0.0395262594056927,0.0004997501249375312,0.2681564245810056,-0.5823053339164973,0.09940841435301312,-0.777145826048403,-0.3874648417845916,4.693025518609576e-09,0.0007496251874062968,5.631630622331491e-09,associated,Argentina,1800-1899
Ideational,Economic,Ideational + Economic,2796,895,100,65.99418626375925,0.595895388235628,0.4145947676007452,0.7599474458828256,0.08958490960959882,0.0004997501249375312,0.11173184357541899,-1.8611504435986557,0.12295370811463815,-2.102139711503346,-1.620161175693965,9.232860469180524e-52,0.0007496251874062968,2.769858140754157e-51,associated,Argentina,1800-1899
Ideational,Security,Ideational + Security,2796,895,47,81.27155224936796,-0.7836715135015992,-1.140824686199404,-0.5112581757571496,0.16168341249907334,0.0004997501249375312,0.05251396648044693,-3.233771679482705,0.15956674942289323,-3.546522508351576,-2.9210208506138344,2.56956352019021e-91,0.0007496251874062968,1.541738112114126e-90,dissociated,Argentina,1800-1899
Economic,Security,Economic + Security,2796,895,41,40.734261543677356,0.00926776559941748,-0.35361868395737467,0.32993017008939507,0.1782356611707708,0.9630184907546226,0.04581005586592179,-0.7375121983440526,0.17183758400493426,-1.0743138629937237,-0.4007105336943814,1.7713925388156143e-05,0.9655172413793104,1.7713925388156143e-05,not distinguishable,Argentina,1800-1899
Political,Ideational,Political + Ideational,11531,1951,798,823.270276278379,-0.04494966341134603,-0.0652415373988785,-0.023520573057339404,0.010525591144697411,0.0004997501249375312,0.4090210148641722,-10.944048004696974,1.4148474217260596,-13.71714895128005,-8.170947058113898,1.032864395016812e-14,0.0005997001499250374,2.065728790033624e-14,dissociated,Argentina,1900-2020
Political,Economic,Political + Economic,11531,1951,228,287.30223619773085,-0.33288363645033225,-0.4366432650113796,-0.23906549952719786,0.0505295724753491,0.0004997501249375312,0.1168631471040492,-0.8166723051177214,0.07506822687614667,-0.9638060297949689,-0.6695385804404739,1.450391241662737e-27,0.0005997001499250374,4.351173724988211e-27,dissociated,Argentina,1900-2020
Political,Security,Political + Security,11531,1951,191,106.42748759921396,0.8407116211735048,0.7108494411104362,0.9631725700125835,0.06469307958505631,0.0004997501249375312,0.09789851358277807,0.17343443265554045,0.08901611478574223,-0.0010371523245143177,0.34790601763559525,0.05137325212699062,0.0005997001499250374,0.05137325212699062,associated,Argentina,1900-2020
Ideational,Economic,Ideational + Economic,11531,1951,574,489.4274875167944,0.2297386561767596,0.1809680457826945,0.2754897389472313,0.02448303139046196,0.0004997501249375312,0.29420809841107126,-10.432103977310668,1.4152325841053002,-13.205959842157057,-7.658248112464279,1.689720892824267e-13,0.0005997001499250374,2.5345813392364004e-13,associated,Argentina,1900-2020
Ideational,Security,Ideational + Security,11531,1951,122,181.3022360973168,-0.5695881950053322,-0.7571409425922503,-0.4070711230610248,0.08893097769739894,0.0004997501249375312,0.06253203485392107,-5.146040783096521,0.11837983079262403,-5.378065251450065,-4.914016314742978,0.0,0.0005997001499250374,0.0,dissociated,Argentina,1900-2020
Economic,Security,Economic + Security,11531,1951,38,63.27027631056482,-0.7280256864644838,-1.1797614463800903,-0.3455636184134278,0.208672572154528,0.001999000499750125,0.019477191184008202,-0.9092341564231434,0.16856005793475065,-1.2396118699752547,-0.5788564428710321,6.885796698420697e-08,0.001999000499750125,8.262956038104837e-08,dissociated,Argentina,1900-2020
Political,Ideational,Political + Ideational,4209,1173,405,405.62106964556824,-0.002207962080112936,-0.04339072269897686,0.037614954436719424,0.02066198319542074,0.9175412293853074,0.3452685421994885,-9.761966248965669,1.4154760245972513,-12.536299257176282,-6.987633240755056,5.32633868055907e-12,0.9175412293853075,7.989508020838605e-12,not distinguishable,Norway,1800-1899
Political,Economic,Political + Economic,4209,1173,356,342.0322670938652,0.057662177986896955,0.00766286332296232,0.10962275117276236,0.02592140201296741,0.028985507246376812,0.3034953111679454,-0.5986118658131399,0.07392152367170057,-0.743498052209673,-0.45372567941660674,5.58988521304141e-16,0.05847076461769116,1.117977042608282e-15,not distinguishable,Norway,1800-1899
Political,Security,Political + Security,4209,1173,79,92.34666320177357,-0.2238952019580266,-0.4528996521701769,-0.03060331341814192,0.11079674123271765,0.038980509745127435,0.06734867860187553,-0.7183081228027006,0.13618720430784384,-0.9852350432460746,-0.4513812023593267,1.331786827950338e-07,0.05847076461769116,1.5981441935404054e-07,not distinguishable,Norway,1800-1899
Ideational,Economic,Ideational + Economic,4209,1173,209,222.34666325759684,-0.08910111533082041,-0.17648565264167196,-0.012290636548537438,0.042662457392076816,0.03498250874562719,0.17817561807331628,-3.1742191583150796,0.09190423141605165,-3.354351451890541,-2.9940868647396184,2.1333841782434395e-261,0.05847076461769116,1.2800305069460637e-260,not distinguishable,Norway,1800-1899
Ideational,Security,Ideational + Security,4209,1173,74,60.032267131839106,0.2995360398561146,0.044440007088091586,0.5287052686510152,0.12241665812752142,0.018490754622688656,0.06308610400682012,-1.9307557608986288,0.13958507992855618,-2.204342517558599,-1.6571690042386586,1.6317011283222077e-43,0.05847076461769116,4.895103384966623e-43,not distinguishable,Norway,1800-1899
Economic,Security,Economic + Security,4209,1173,50,50.6210696693571,-0.01763463602868219,-0.3921659789346015,0.27655704538735915,0.16892169241684943,0.9170414792603698,0.042625745950554135,-0.49108647154348367,0.1594848014338704,-0.8036766823538697,-0.1784962607330977,0.0020755348794665343,0.9175412293853075,0.0020755348794665343,not distinguishable,Norway,1800-1899
Political,Ideational,Political + Ideational,9553,1660,691,686.9925678323809,0.008385134082854072,-0.014069219455108795,0.032077857797059864,0.011796938024945391,0.4767616191904048,0.4162650602409639,-10.945015981175617,1.414898228542121,-13.718216509118173,-8.17181545323306,1.0295703215012072e-14,0.4767616191904048,1.544355482251811e-14,not distinguishable,Norway,1900-2020
Political,Economic,Political + Economic,9553,1660,361,378.41905722061955,-0.06789405288740623,-0.1176027395546339,-0.021820417316408082,0.024498814523548167,0.0069965017491254375,0.21746987951807228,-0.5878080087777744,0.06548181902787502,-0.7161523740724094,-0.4594636434831394,2.7911141704194054e-19,0.034482758620689655,5.582228340838811e-19,dissociated,Norway,1900-2020
Political,Security,Political + Security,9553,1660,82,68.58837502417,0.255951139655056,0.020551256249551505,0.4545279006734749,0.10902645214640097,0.02148925537231384,0.04939759036144578,-0.3470507644042656,0.1336223864264579,-0.6089506418001231,-0.08515088700840806,0.009397345643499587,0.04297851074462768,0.011276814772199504,associated,Norway,1900-2020
Ideational,Economic,Ideational + Economic,9553,1660,424,410.58837494641824,0.04631597887059439,0.0032659379370127205,0.08701723817524562,0.021225115703753943,0.031984007996002,0.25542168674698795,-2.494330287257729,0.06618783583614511,-2.624058445496573,-2.3646021290188846,0.0,0.047976011994003,0.0,associated,Norway,1900-2020
Ideational,Security,Ideational + Security,9553,1660,57,74.41905713794738,-0.3817707872109846,-0.7171454972999705,-0.1126361243714142,0.15291401335160387,0.011494252873563218,0.03433734939759036,-2.634277047534269,0.1506650203306363,-2.929580487382316,-2.338973607686222,1.886143374169728e-68,0.034482758620689655,5.658430122509184e-68,dissociated,Norway,1900-2020
Economic,Security,Economic + Security,9553,1660,45,40.99256783846401,0.1330136016910094,-0.24834500714040708,0.4547847776398768,0.18204789440159905,0.4512743628185907,0.02710843373493976,0.20679017949950068,0.1651832905444325,-0.11696906996758705,0.5305494289665884,0.21061244240378074,0.4767616191904048,0.21061244240378074,not distinguishable,Norway,1900-2020
Political,Ideational,Political + Ideational,2424,935,264,266.89271761449197,-0.015692452125154997,-0.07708775455509471,0.04261094475266215,0.03106801093316413,0.6146926536731634,0.2823529411764706,-4.06884809549919,0.14100456374793896,-4.34521704044515,-3.7924791505532296,4.24277163624927e-183,0.6271864067966016,2.545662981749562e-182,not distinguishable,Mexico,1800-1899
Political,Economic,Political + Economic,2424,935,75,106.31406774151618,-0.5005531173662727,-0.740940825020396,-0.30172258189357265,0.11075946530413873,0.0004997501249375312,0.08021390374331551,-1.2536391306140966,0.14086983413900495,-1.5297440055265463,-0.9775342557016469,5.621360276359507e-19,0.0007496251874062968,8.432040414539261e-19,dissociated,Mexico,1800-1899
Political,Security,Political + Security,2424,935,353,318.7932145902834,0.1468283210084886,0.09404168099132504,0.20131155967723616,0.02784359042038321,0.0004997501249375312,0.3775401069518717,-0.7047827136060915,0.08609948765426978,-0.8735377094084602,-0.5360277178037227,2.707740108988498e-16,0.0007496251874062968,3.2492881307861976e-16,associated,Mexico,1800-1899
Ideational,Economic,Ideational + Economic,2424,935,81,46.793214614968534,0.7851668513299245,0.5486113950846809,0.9883426729728454,0.11223857354414865,0.0004997501249375312,0.08663101604278074,-1.3248440985805356,0.13804871450605333,-1.5954195790124002,-1.0542686181486711,8.235957696157534e-22,0.0007496251874062968,1.647191539231507e-21,associated,Mexico,1800-1899
Ideational,Security,Ideational + Security,2424,935,109,140.31406779004794,-0.36286060134414083,-0.5175773729902047,-0.21696701759934586,0.07744900418290071,0.0004997501249375312,0.11657754010695187,-3.329639646277325,0.12034903407661601,-3.565523753067492,-3.0937555394871574,1.765892487931257e-168,0.0007496251874062968,5.297677463793771e-168,dissociated,Mexico,1800-1899
Economic,Security,Economic + Security,2424,935,53,55.892717648691864,-0.0759699787263099,-0.4207788907148909,0.19427266732029538,0.15584716921576308,0.6271864067966016,0.05668449197860963,-0.9903295519313413,0.1579247900001257,-1.2998621403315878,-0.680796963531095,3.5898191560405607e-10,0.6271864067966016,3.589819156040561e-10,not distinguishable,Mexico,1800-1899
Political,Ideational,Political + Ideational,11419,1757,742,754.9258856304848,-0.02489919449545421,-0.04152048769700448,-0.007004500917057717,0.009006370706735437,0.005997001499250375,0.42231075697211157,-11.427973739546015,1.414815775299458,-14.201012659132953,-8.654934819959077,6.618494506464358e-16,0.007196401799100449,9.927741759696538e-16,dissociated,Mexico,1900-2020
Political,Economic,Political + Economic,11419,1757,247,286.35035045679757,-0.2128697553982099,-0.2918542414782888,-0.1418158920479528,0.03856058054465801,0.0004997501249375312,0.14058053500284576,-1.3420384161290215,0.07354883895378844,-1.486194140478447,-1.1978826917795962,2.1898274592234605e-74,0.0007496251874062968,6.569482377670382e-74,dissociated,Mexico,1900-2020
Political,Security,Political + Security,11419,1757,105,52.72376398324128,0.9871005524950708,0.7970032748350195,1.1558387923478666,0.09177519601326882,0.0004997501249375312,0.05976095617529881,-0.18346190055558656,0.12756066597184829,-0.43348080586040916,0.06655700474923607,0.15036808551094644,0.0007496251874062968,0.18044170261313572,associated,Mexico,1900-2020
Ideational,Economic,Ideational + Economic,11419,1757,581,528.7237639085271,0.1359013468180374,0.09852218509441617,0.17448794502790507,0.01964822283075306,0.0004997501249375312,0.33067729083665337,-1.46455664249906,0.06120403546757135,-1.5845165520154998,-1.34459673298262,1.5257907857854382e-126,0.0007496251874062968,9.154744714712629e-126,associated,Mexico,1900-2020
Ideational,Security,Ideational + Security,11419,1757,58,97.35035035289728,-0.7421403917307183,-1.0606145441164796,-0.47165866849270116,0.15049774236209737,0.0004997501249375312,0.033010813887307915,-2.3933612738246457,0.1500775962877022,-2.687513362548542,-2.0992091851007495,2.965696519629048e-57,0.0007496251874062968,5.931393039258097e-57,dissociated,Mexico,1900-2020
Economic,Security,Economic + Security,11419,1757,24,36.92588566805198,-0.611254708239217,-1.1925961530461926,-0.14830152843524733,0.2697240755059948,0.0239880059970015,0.013659647125782584,-0.19642376051826335,0.21434989981564673,-0.616549564156931,0.22370204312040423,0.3594730044930806,0.0239880059970015,0.3594730044930807,dissociated,Mexico,1900-2020
Political,Ideational,Political + Ideational,1371,464,146,158.92190203687383,-0.12194918167806966,-0.19243746547503665,-0.0622139705338405,0.0333267581622434,0.0009995002498750624,0.3146551724137931,-8.58074850752311,1.4177548253267231,-11.359547965163486,-5.801949049882732,1.4274784265851204e-09,0.0014992503748125937,2.1412176398776807e-09,dissociated,China,1800-1899
Political,Economic,Political + Economic,1371,464,42,72.72160472934308,-0.7848065509348086,-1.1162859543336037,-0.5440571174118284,0.1423050699904995,0.0004997501249375312,0.09051724137931035,-1.6611307277760263,0.1838253758553919,-2.0214284644525944,-1.3008329910994583,1.6182696719901111e-19,0.0009995002498750624,4.854809015970333e-19,dissociated,China,1800-1899
Political,Security,Political + Security,1371,464,186,142.35649320298373,0.38460901843550827,0.2783771467664081,0.4990939623208973,0.05498118134411506,0.0004997501249375312,0.40086206896551724,0.4395515710269761,0.13527298117492637,0.17441652792412043,0.7046866141298318,0.001156621202791563,0.0009995002498750624,0.001156621202791563,associated,China,1800-1899
Ideational,Economic,Ideational + Economic,1371,464,67,23.356493221958637,1.5005055120687254,1.2732153434031785,1.7513396722646086,0.12098209795944385,0.0004997501249375312,0.14439655172413793,-1.0566920363803933,0.16270323418837285,-1.3755903753896042,-0.7377936973711825,8.325563443621355e-11,0.0009995002498750624,1.6651126887242712e-10,associated,China,1800-1899
Ideational,Security,Ideational + Security,1371,464,15,45.72160475517775,-1.5762991337077272,-2.344444439077613,-1.0712782178440596,0.31695447902585255,0.0014992503748125937,0.032327586206896554,-3.8289983180273235,0.2695922756011234,-4.357399178205525,-3.3005974578491215,8.786950160035675e-46,0.0017991004497751122,5.272170096021405e-45,dissociated,China,1800-1899
Economic,Security,Economic + Security,1371,464,8,20.921902053662933,-1.3335518365057537,-2.5844585678884777,-0.6121467239670979,0.5153711848147539,0.02048975512243878,0.017241379310344827,-1.9270403241803031,0.35739838675981145,-2.6275411622295337,-1.2265394861310726,6.973398013865082e-08,0.02048975512243878,8.368077616638099e-08,dissociated,China,1800-1899
Political,Ideational,Political + Ideational,8079,1795,561,627.5479819066013,-0.16158876039924738,-0.19545193307339334,-0.1293812088815702,0.017251643541285683,0.0004997501249375312,0.3125348189415042,-10.854376903259244,1.4150386896467102,-13.627852734966796,-8.080901071551692,1.7102286661306776e-14,0.0004997501249375312,2.5653429991960164e-14,dissociated,China,1900-2020
Political,Economic,Political + Economic,8079,1795,376,431.0911138690078,-0.19701529624686587,-0.25816617310879614,-0.1416619888153714,0.029694809777768096,0.0004997501249375312,0.20947075208913649,-0.589449363925139,0.06607753502867936,-0.7189613325813505,-0.4599373952689275,4.638888825009283e-19,0.0004997501249375312,9.277777650018567e-19,dissociated,China,1900-2020
Political,Security,Political + Security,8079,1795,318,196.36090413047359,0.6941167468564942,0.6002791380974912,0.7881948518511483,0.04672573741924102,0.0004997501249375312,0.17715877437325905,0.5650797771745755,0.08575089177205286,0.3970080293013519,0.7331515250477991,4.404695945267569e-11,0.0004997501249375312,4.4046959452675684e-11,associated,China,1900-2020
Ideational,Economic,Ideational + Economic,8079,1795,427,305.3609042178315,0.48304870962315916,0.4169750863156164,0.5530885156110273,0.035936535486088016,0.0004997501249375312,0.23788300835654597,-2.068676278355317,0.0665774063222836,-2.199167994746993,-1.938184561963641,5.802027059986087e-212,0.0004997501249375312,3.4812162359916527e-211,associated,China,1900-2020
Ideational,Security,Ideational + Security,8079,1795,84,139.09111394147683,-0.724183859219203,-0.9813553100547953,-0.4915800167459655,0.12265959454530319,0.0004997501249375312,0.0467966573816156,-3.0123780286768858,0.12067882957296308,-3.2489085346398934,-2.775847522713878,1.5842702459397411e-137,0.0004997501249375312,4.752810737819223e-137,dissociated,China,1900-2020
Economic,Security,Economic + Security,8079,1795,29,95.54798193460908,-1.7030403472506,-2.24551732704989,-1.271038432755988,0.2506299912831233,0.0004997501249375312,0.01615598885793872,-1.3379218812673692,0.19141030266230546,-1.7130860744854879,-0.9627576880492505,2.7525636650437127e-12,0.0004997501249375312,3.3030763980524554e-12,dissociated,China,1900-2020
Political,Ideational,Political + Ideational,2965,751,322,324.5290607387108,-0.011269554249144184,-0.05160229896016884,0.02948237405871201,0.020541024064807945,0.5737131434282858,0.42876165113182424,-8.916995786085007,1.416163177686621,-11.692675614350783,-6.14131595781923,3.042689709050794e-10,0.5947026486756621,6.085379418101588e-10,not distinguishable,Poland,1800-1899
Political,Economic,Political + Economic,2965,751,55,87.9544988899461,-0.6724477503241535,-0.9450018033692331,-0.42881379418214227,0.13194143549462015,0.0004997501249375312,0.07323568575233022,-0.6201558902190698,0.15421051564841806,-0.9224085008899692,-0.31790327954817044,5.78314125258049e-05,0.0007496251874062968,8.674711878870735e-05,dissociated,Poland,1800-1899
Political,Security,Political + Security,2965,751,115,79.51644040514421,0.5295244958515628,0.3749060867540461,0.6722442101587945,0.07708941931561868,0.0004997501249375312,0.15312916111850866,-0.1329182284423986,0.11657465476583496,-0.3614045517834351,0.09556809489863793,0.2542036768167254,0.0007496251874062968,0.2542036768167254,associated,Poland,1800-1899
Ideational,Economic,Ideational + Economic,2965,751,156,120.51644036798552,0.37095960283002877,0.2598511640930516,0.48936437713548103,0.059280858291627415,0.0004997501249375312,0.20772303595206393,-3.4088200442830434,0.15896244245705848,-3.720386431498878,-3.097253657067209,5.174453987257298e-102,0.0007496251874062968,3.1046723923543787e-101,associated,Poland,1800-1899
Ideational,Security,Ideational + Security,2965,751,76,108.95449885232027,-0.5167996011764736,-0.7185127302290578,-0.3366497366498518,0.0981920190144118,0.0004997501249375312,0.10119840213049268,-10.170409289235353,1.4198960520655972,-12.953405551283923,-7.387413027186783,7.905463317438449e-13,0.0007496251874062968,2.371638995231535e-12,dissociated,Poland,1800-1899
Economic,Security,Economic + Security,2965,751,27,29.52906074589314,-0.12692773210079783,-0.6687486055699401,0.30068023869760335,0.2487024894278181,0.5947026486756621,0.03595206391478029,-0.6723282098580742,0.20664405313697096,-1.0773505540065371,-0.2673058657096111,0.0011396984977565237,0.5947026486756621,0.0013676381973078285,not distinguishable,Poland,1800-1899
Political,Ideational,Political + Ideational,7495,1374,552,569.5622644484615,-0.045145040220894196,-0.07454593485969024,-0.017338225281016535,0.014297574065963154,0.001999000499750125,0.4017467248908297,-10.492198752216838,1.4151413668478687,-13.265875831238661,-7.718521673195015,1.2232356088327677e-13,0.0023988005997001498,3.669706826498303e-13,dissociated,Poland,1900-2020
Political,Economic,Political + Economic,7495,1374,148,173.52523627724435,-0.2288336027033141,-0.3684825982668667,-0.09539112901617035,0.0686271879744884,0.0004997501249375312,0.10771470160116449,-0.38699189257193983,0.0961918876398968,-0.5755279923461376,-0.1984557927977421,5.743123729291894e-05,0.0009995002498750624,8.614685593937841e-05,dissociated,Poland,1900-2020
Political,Security,Political + Security,7495,1374,140,96.9124993261952,0.5283913240839802,0.3729719081062567,0.6747134183182645,0.07602191666843906,0.0004997501249375312,0.10189228529839883,-0.10085769186201862,0.10144680084593748,-0.29969342152005607,0.09797803779601882,0.3201289509272742,0.0009995002498750624,0.3201289509272742,associated,Poland,1900-2020
Ideational,Economic,Ideational + Economic,7495,1374,352,308.91249926682997,0.18809177932165339,0.12313002955654946,0.25398256351878157,0.03249522577217272,0.0004997501249375312,0.2561863173216885,-9.524585128827718,1.4162643293921882,-12.300463214436407,-6.74870704321903,1.7541583506256905e-11,0.0009995002498750624,3.508316701251381e-11,associated,Poland,1900-2020
Ideational,Security,Ideational + Security,7495,1374,147,172.5252362095522,-0.23026751979866347,-0.36868247767776174,-0.09490127516021875,0.0697612288730225,0.001999000499750125,0.10698689956331878,-10.547482321119437,1.417539820397955,-13.325860369099429,-7.769104273139446,1.0015648725801273e-13,0.0023988005997001498,3.669706826498303e-13,dissociated,Poland,1900-2020
Economic,Security,Economic + Security,7495,1374,35,52.562264471716794,-0.5798672203500705,-1.0682482002669607,-0.21207712380393393,0.21757139957292732,0.013493253373313344,0.025473071324599708,-0.4345549394627453,0.17823786342127093,-0.7839011517684363,-0.0852087271570543,0.014766246268510374,0.013493253373313344,0.01771949552221245,dissociated,Poland,1900-2020
Political,Ideational,Political + Ideational,2507,478,185,189.4534962219753,-0.03422707917468459,-0.08556590808802032,0.008876275761820318,0.02416881230788206,0.15742128935532235,0.38702928870292885,-9.300068965935539,1.4170502319397074,-12.077487420537366,-6.522650511333713,5.274376450009542e-11,0.1889055472263868,2.2907930977673922e-10,not distinguishable,Netherlands,1800-1899
Political,Economic,Political + Economic,2507,478,41,50.25604935887471,-0.2904684436696234,-0.5819966856700366,-0.05691775182862992,0.13484024091749078,0.030984507746126936,0.08577405857740586,-0.896772300415085,0.17344997068938647,-1.2367342429662824,-0.5568103578638876,2.3383448795619132e-07,0.046476761619190406,3.50751731934287e-07,dissociated,Netherlands,1800-1899
Political,Security,Political + Security,2507,478,34,20.29045443493499,0.7306750691172302,0.3692365814450974,1.0381322714905459,0.17152640217907833,0.0004997501249375312,0.07112970711297072,-0.2467074520934708,0.1977657292482356,-0.6343282814200126,0.14091337723307099,0.21222403178294336,0.0029985007496251873,0.21222403178294336,associated,Netherlands,1800-1899
Ideational,Economic,Ideational + Economic,2507,478,158,144.29045441572842,0.13051634720483996,0.05595349383339899,0.21077718632388331,0.040052916710292534,0.0029985007496251873,0.3305439330543933,-8.379556402551088,1.4188968776754953,-11.16059428279506,-5.598518522307118,3.5118684770762144e-09,0.008995502248875561,7.023736954152429e-09,associated,Netherlands,1800-1899
Ideational,Security,Ideational + Security,2507,478,49,58.25604933272369,-0.24730886934558205,-0.48937360887029996,-0.04980791573418177,0.11478550248214045,0.02848575712143928,0.10251046025104603,-9.27098020460979,1.4246384202216007,-12.063271508244128,-6.4786889009754525,7.635976992557974e-11,0.046476761619190406,2.2907930977673922e-10,dissociated,Netherlands,1800-1899
Economic,Security,Economic + Security,2507,478,11,15.453496235762826,-0.47223876653558067,-1.4574349264830744,0.10582166249300747,0.4048559408593777,0.2178910544727636,0.02301255230125523,-0.6460222957095746,0.31218852070482006,-1.257911796291022,-0.03413279512812728,0.03851476259875743,0.2178910544727636,0.04621771511850891,not distinguishable,Netherlands,1800-1899
Political,Ideational,Political + Ideational,8221,1191,521,524.5630981897244,-0.009823552844087634,-0.02962067957599461,0.010044726451994881,0.010270729834602458,0.33933033483258374,0.4374475230898405,-10.532252441364792,1.4152103873932331,-13.306064800655529,-7.7584400820740544,9.903608724675883e-14,0.38130934532733635,2.9710826174027645e-13,not distinguishable,Netherlands,1900-2020
Political,Economic,Political + Economic,8221,1191,135,158.8882380266221,-0.23425231873571783,-0.34396755900991305,-0.13216474355744828,0.05453290794047554,0.0004997501249375312,0.11335012594458438,-0.5816402766709712,0.09692181322939424,-0.7716070306005839,-0.39167352274135847,1.959505728359747e-09,0.0007496251874062968,2.9392585925396204e-09,dissociated,Netherlands,1900-2020
Political,Security,Political + Security,8221,1191,55,27.548663829007296,0.9845557255192074,0.7075846045722626,1.2314773237560528,0.13539570997331016,0.0004997501249375312,0.04617968094038623,0.37492156734975685,0.16163037417250867,0.058126033971639846,0.6917171007278738,0.020361269162592857,0.0007496251874062968,0.02443352299511143,associated,Netherlands,1900-2020
Ideational,Economic,Ideational + Economic,8221,1191,419,391.54866378009876,0.09763806796555557,0.06062521375138463,0.13971297676078245,0.01997094685336481,0.0004997501249375312,0.3518052057094878,-9.851094663790509,1.4157797629838775,-12.62602299923891,-7.076166328342109,3.449658679070339e-12,0.0007496251874062968,6.899317358140678e-12,associated,Netherlands,1900-2020
Ideational,Security,Ideational + Security,8221,1191,44,67.88823795357098,-0.6199428822307118,-0.9647846889968289,-0.3401513629123512,0.15823573435083382,0.0004997501249375312,0.036943744752308987,-7.022794574743165,0.2682832598145804,-7.548629763979743,-6.496959385506588,4.884470818835507e-151,0.0007496251874062968,2.9306824913013045e-150,dissociated,Netherlands,1900-2020
Economic,Security,Economic + Security,8221,1191,17,20.563098220976315,-0.26736273934335425,-1.00186626360846,0.23304606529468458,0.31906129893898594,0.38130934532733635,0.014273719563392108,-0.25310098802098746,0.253239135189251,-0.7494496929919194,0.24324771694994451,0.31757457990757576,0.38130934532733635,0.31757457990757576,not distinguishable,Netherlands,1900-2020
Political,Ideational,Political + Ideational,3622,866,295,297.23413184448515,-0.010866489292582415,-0.06213371825566302,0.038062776093374884,0.025168113374422568,0.6586706646676662,0.3406466512702079,-9.905186193630495,1.4158228546097007,-12.68019898866551,-7.130173398595482,2.6325479114789596e-12,0.669665167416292,3.94882186721844e-12,not distinguishable,Ireland,1800-1899
Political,Economic,Political + Economic,3622,866,262,256.7381075174362,0.029213041955780554,-0.03154434429148321,0.08868544707945632,0.0302776820320541,0.3278360819590205,0.302540415704388,-0.24740393777499642,0.09096298610082942,-0.42569139053262206,-0.06911648501737075,0.0065315313837006365,0.669665167416292,0.0065315313837006365,not distinguishable,Ireland,1800-1899
Political,Security,Political + Security,3622,866,95,98.02776059561744,-0.0450295338669646,-0.22352558031439484,0.11302646840147709,0.08784629106282531,0.6011994002998501,0.10969976905311778,-1.4199347698270406,0.12136995591606732,-1.6578198834225326,-1.1820496562315486,1.286184622634244e-31,0.669665167416292,2.572369245268488e-31,not distinguishable,Ireland,1800-1899
Ideational,Economic,Ideational + Economic,3622,866,122,125.02776063389081,-0.035224704190828016,-0.17522250133140127,0.09232134935156011,0.06843317338239734,0.5937031484257871,0.14087759815242495,-2.1241512240878997,0.10903497540278165,-2.3378597758773516,-1.9104426722984478,1.5797987156469042e-84,0.669665167416292,9.478792293881425e-84,not distinguishable,Ireland,1800-1899
Ideational,Security,Ideational + Security,3622,866,53,47.738107543668164,0.1493655823462693,-0.16966908291271224,0.4100067682781153,0.14781094168454892,0.30684657671164417,0.061200923787528866,-2.7036434534733984,0.1509759734792192,-2.999556361492668,-2.407730545454129,1.0255766956173063e-71,0.669665167416292,3.0767300868519188e-71,not distinguishable,Ireland,1800-1899
Economic,Security,Economic + Security,3622,866,39,41.234131864902146,-0.07937510761615425,-0.5053364231961927,0.2540572999122728,0.19195994225710583,0.6696651674162919,0.04503464203233257,-0.6970462384592636,0.17352437100025545,-1.0371540056197643,-0.35693847129876294,5.894539534556422e-05,0.669665167416292,7.073447441467706e-05,not distinguishable,Ireland,1800-1899
Political,Ideational,Political + Ideational,6016,966,327,345.15937839063764,-0.07785616256252534,-0.11612056597189577,-0.04249066271823271,0.0189585951531261,0.0009995002498750624,0.3385093167701863,-10.737962823131081,1.415578651912596,-13.512496980879769,-7.963428665382393,3.3104321189146123e-14,0.001999000499750125,6.620864237829225e-14,dissociated,Ireland,1900-2020
Political,Economic,Political + Economic,6016,966,280,286.554532097241,-0.033324062627749944,-0.08376921315622377,0.013984988173850868,0.025403580755025357,0.1874062968515742,0.2898550724637681,-0.262440308519716,0.07685464674560406,-0.4130754161411,-0.11180520089833204,0.0006383782227920696,0.22038980509745124,0.0009575673341881044,not distinguishable,Ireland,1900-2020
Political,Security,Political + Security,6016,966,91,66.28608946601608,0.4542241010004795,0.2853998245889922,0.6199941803283436,0.08563288270223751,0.0004997501249375312,0.09420289855072464,0.2810212211655022,0.13813448488346294,0.01027763079391486,0.5517648115370896,0.041910971829403815,0.001999000499750125,0.041910971829403815,associated,Ireland,1900-2020
Ideational,Economic,Ideational + Economic,6016,966,213,188.2860895101886,0.17748360458465012,0.10419673786329618,0.25635720225812575,0.038446215986448734,0.0009995002498750624,0.2204968944099379,-3.342257567143498,0.08968009168233214,-3.518030546840869,-3.166484587446127,5.282483503822765e-304,0.001999000499750125,3.169490102293659e-303,associated,Ireland,1900-2020
Ideational,Security,Ideational + Security,6016,966,37,43.55453212739063,-0.2323998489940459,-0.6563023238378287,0.09170107428707953,0.19094044014282302,0.22038980509745126,0.038302277432712216,-3.055303662996938,0.18181190854918283,-3.4116550037533364,-2.69895232224054,2.2526043602431294e-63,0.22038980509745124,6.757813080729388e-63,not distinguishable,Ireland,1900-2020
Economic,Security,Economic + Security,6016,966,18,36.15937840852598,-0.98665705320114,-1.7541294931391167,-0.4868893736408406,0.3211706833892854,0.0079960019990005,0.018633540372670808,-0.7830117714181866,0.2451908620649952,-1.2635858610655772,-0.30243768177079594,0.0014056975510643155,0.01199400299850075,0.0016868370612771785,dissociated,Ireland,1900-2020
Political,Ideational,Political + Ideational,2379,857,344,345.84412023807084,-0.007702198986827417,-0.048774619235573746,0.033344053063491835,0.020229655710179754,0.7136431784107946,0.4014002333722287,-8.95618851956546,1.4158774647025008,-11.731308350382362,-6.181068688748558,2.523496994634321e-10,0.7221389305347327,5.046993989268642e-10,not distinguishable,Portugal,1800-1899
Political,Economic,Political + Economic,2379,857,173,182.81052720299715,-0.0793539769065213,-0.16975873796553909,0.004460669531314353,0.04544925659149226,0.0814592703648176,0.20186697782963828,-0.5404570156491632,0.1078151544730451,-0.7517747184163315,-0.32913931288199477,5.364051831356618e-07,0.1401799100449775,8.046077747034927e-07,not distinguishable,Portugal,1800-1899
Political,Security,Political + Security,2379,857,139,127.34535250602073,0.12586540604576607,0.00587756535102028,0.24507756391236507,0.06116553137404453,0.04097951024487756,0.16219369894982497,-0.27228291851227315,0.12206800953274331,-0.51153621719645,-0.03302961982809627,0.025708714161144904,0.12293853073463268,0.025708714161144907,not distinguishable,Portugal,1800-1899
Ideational,Economic,Ideational + Economic,2379,857,109,97.34535255211634,0.16235563720608703,0.007686753770718764,0.30864987251403353,0.0765277406285694,0.03798100949525238,0.12718786464410736,-3.5310807704067058,0.13832957790399003,-3.8022067430985262,-3.2599547977148853,9.995339400663206e-144,0.12293853073463268,5.997203640397924e-143,not distinguishable,Portugal,1800-1899
Ideational,Security,Ideational + Security,2379,857,58,67.81052724500256,-0.22367130277728123,-0.5187231398140225,0.01211788012106049,0.13522774900756643,0.09345327336331834,0.0676779463243874,-3.5427915070980505,0.16100033148650505,-3.8583521568116,-3.2272308573845008,2.586546908677506e-107,0.1401799100449775,7.759640726032518e-107,not distinguishable,Portugal,1800-1899
Economic,Security,Economic + Security,2379,857,34,35.844120255792355,-0.07512562222831352,-0.51550654562332,0.2840046039000655,0.20434176506605334,0.7221389305347327,0.039673278879813305,-0.6640758082599988,0.18887467513054906,-1.034270171515875,-0.2938814450041226,0.00043816694490174564,0.7221389305347327,0.0005258003338820948,not distinguishable,Portugal,1800-1899
Political,Ideational,Political + Ideational,4729,838,422,429.4721288302262,-0.02529180469526484,-0.04165543973595813,-0.007283615756826553,0.00858782099641041,0.004997501249375313,0.5035799522673031,-9.747328792776486,1.415549822149436,-12.52180644418938,-6.972851141363591,5.742495208584069e-12,0.005997001499250375,1.7227485625752204e-11,dissociated,Portugal,1900-2020
Political,Economic,Political + Economic,4729,838,103,127.41124845067752,-0.3055123719479945,-0.4364129648162716,-0.19431137374489277,0.06229564079255091,0.0009995002498750624,0.12291169451073986,-0.522688098899951,0.11432859500154437,-0.7467721451029781,-0.2986040526969241,4.8353967878728766e-06,0.0014992503748125937,5.802476145447452e-06,dissociated,Portugal,1900-2020
Political,Security,Political + Security,4729,838,62,30.116622760956282,1.0295410380518872,0.8311851003795747,1.2454478894432781,0.10728218920422147,0.0004997501249375312,0.07398568019093078,1.1020981515034385,0.18497587947323477,0.7395454277358984,1.4646508752709786,2.5524336919303063e-09,0.0014992503748125937,3.828650537895459e-09,associated,Portugal,1900-2020
Ideational,Economic,Ideational + Economic,4729,838,224,192.1166227176553,0.22098323255607064,0.15389995358997063,0.29447553942831917,0.035778477569001106,0.0004997501249375312,0.26730310262529833,-9.480312253408092,1.4169380134592937,-12.257510759788309,-6.703113747027876,2.2210012747116325e-11,0.0014992503748125937,4.442002549423265e-11,associated,Portugal,1900-2020
Ideational,Security,Ideational + Security,4729,838,21,45.411248401167526,-1.094511001982577,-1.6934737243679887,-0.6650195443433012,0.26166303172694666,0.0009995002498750624,0.025059665871121718,-10.673202178264951,1.434146512202421,-13.484129342181696,-7.8622750143482065,9.902371586307521e-14,0.0014992503748125937,5.941422951784513e-13,dissociated,Portugal,1900-2020
Economic,Security,Economic + Security,4729,838,6,13.472128839317074,-1.104040227983241,-2.457912890489338,-0.2697976967735125,0.5745304827606843,0.047976011994003,0.007159904534606206,-0.8645812811453658,0.40577384854709525,-1.6598980242976724,-0.0692645379930591,0.03311408002333579,0.047976011994003,0.03311408002333579,dissociated,Portugal,1900-2020
Political,Ideational,Political + Ideational,1613,453,200,188.44709676310555,0.085619885415736,0.028684878453413144,0.14878073944790443,0.030413988804997325,0.005497251374312844,0.44150110375275936,-8.795302030233932,1.4169292774379865,-11.572483414012385,-6.018120646455479,5.390338464194131e-10,0.01649175412293853,6.468406157032958e-10,associated,Chile,1800-1899
Political,Economic,Political + Economic,1613,453,113,118.89790858411692,-0.07308526855261963,-0.16366848913189452,0.008363862568188756,0.044040021697071774,0.09095452273863068,0.24944812362030905,-3.3725515758498865,0.20476491009156444,-3.7738907996293527,-2.9712123520704203,5.991378669613426e-61,0.17091454272863568,1.7974136008840278e-60,not distinguishable,Chile,1800-1899
Political,Security,Political + Security,1613,453,63,68.654994621244,-0.12307685985368896,-0.30714421569590333,0.0397075396999248,0.08687492583324506,0.14742628685657172,0.1390728476821192,-4.157624814312632,0.22672491826620278,-4.602005654114389,-3.713243974510874,4.1356472393543945e-75,0.17091454272863568,2.4813883436126368e-74,not distinguishable,Chile,1800-1899
Ideational,Economic,Ideational + Economic,1613,453,34,39.65499464806131,-0.21898308552374768,-0.565549812916066,0.06539646524080817,0.16181518344844167,0.17091454272863568,0.07505518763796909,-1.6591554839506635,0.19298731459080773,-2.0374106205486466,-1.2809003473526803,8.166633900794741e-18,0.17091454272863568,1.6333267801589482e-17,not distinguishable,Chile,1800-1899
Ideational,Security,Ideational + Security,1613,453,17,22.897908606542117,-0.4190246599813105,-1.0827559280200922,0.044529193550408006,0.2889971918207669,0.13393303348325838,0.037527593818984545,-2.159720181877765,0.2574311911478187,-2.6642853165274896,-1.6551550472280403,4.881946659700735e-17,0.17091454272863568,7.322919989551101e-17,not distinguishable,Chile,1800-1899
Economic,Security,Economic + Security,1613,453,26,14.447096776930161,0.8261270673774557,0.35095268757739634,1.2026888538425045,0.21863332929965845,0.0014992503748125937,0.05739514348785872,0.13937716524319824,0.22458864783544194,-0.30081658451426796,0.5795709150006644,0.5348703109257165,0.008995502248875561,0.5348703109257165,associated,Chile,1800-1899
Political,Ideational,Political + Ideational,5346,1444,621,628.5125010772532,-0.017334298422893912,-0.038249468714388106,0.005634708110452495,0.011128241557938357,0.1184407796101949,0.43005540166204986,-9.965908978516538,1.4150770242540105,-12.7394599460544,-7.192358010978677,1.8860155205447248e-12,0.14212893553223388,2.829023280817087e-12,not distinguishable,Chile,1900-2020
Political,Economic,Political + Economic,5346,1444,361,371.67113684012384,-0.04197052656492801,-0.08486209758862233,0.0006660794158931537,0.021682635370024468,0.053973013493253376,0.25,-0.6781673320075686,0.0707921790847513,-0.8169200030136812,-0.5394146610014561,9.733396038837194e-22,0.10794602698650675,1.9466792077674388e-21,not distinguishable,Chile,1900-2020
Political,Security,Political + Security,5346,1444,94,75.81636200639778,0.3083219294843219,0.11406708676059374,0.477338111392521,0.09256729554306527,0.0014992503748125937,0.06509695290858726,0.027622847883342433,0.14178652308474934,-0.2502787373627663,0.3055244331294511,0.845533878594852,0.008995502248875561,0.845533878594852,associated,Chile,1900-2020
Ideational,Economic,Ideational + Economic,5346,1444,296,277.816362080845,0.09130637828284925,0.030488344738887948,0.14806996765390434,0.029926848246075947,0.0034982508745627187,0.20498614958448755,-4.458247376330434,0.11091625599007918,-4.67564323807099,-4.240851514589879,0.0,0.010494752623688156,0.0,associated,Chile,1900-2020
Ideational,Security,Ideational + Security,5346,1444,46,56.67113690316553,-0.2980562637177852,-0.665794099095828,0.004999370743203838,0.1692245669282777,0.08445777111444278,0.03185595567867036,-2.9294832979304193,0.1706663443526951,-3.263989332861702,-2.594977262999137,4.857037048744039e-66,0.12668665667166418,1.4571111146232116e-65,not distinguishable,Chile,1900-2020
Economic,Security,Economic + Security,5346,1444,26,33.512501092214364,-0.36007273812715007,-0.924712562709023,0.10260690952577814,0.26362716801614616,0.17391304347826086,0.018005540166204988,-0.6375721478245837,0.21063305125599663,-1.050412928286337,-0.22473136736283034,0.002470486554199603,0.17391304347826086,0.0029645838650395233,not distinguishable,Chile,1900-2020
Political,Ideational,Political + Ideational,2733,533,147,157.25131570509325,-0.09693708340084196,-0.1887237959091789,-0.007843051318418788,0.04643998969145274,0.035982008995502246,0.275797373358349,-3.0262254873815917,0.10939529255197254,-3.240640260783458,-2.8118107139797255,1.9355059913657932e-168,0.0431784107946027,5.8065179740973795e-168,dissociated,Japan,1800-1899
Political,Economic,Political + Economic,2733,533,75,99.66444545259328,-0.4078219482849884,-0.6038140685419339,-0.24380510449523504,0.09408629372764922,0.0004997501249375312,0.14071294559099437,-0.5428348931725074,0.13616303214744985,-0.8097144361815092,-0.27595535016350575,6.701164577620906e-05,0.0007496251874062968,6.701164577620906e-05,dissociated,Japan,1800-1899
Political,Security,Political + Security,2733,533,100,65.08423886468128,0.6157744467499127,0.4434696512026062,0.7913951338314759,0.0870867539631603,0.0004997501249375312,0.18761726078799248,-1.217885499731321,0.11714671140662668,-1.4474930540883093,-0.9882779453743328,2.5790621358405996e-25,0.0007496251874062968,3.8685932037608997e-25,associated,Japan,1800-1899
Ideational,Economic,Ideational + Economic,2733,533,137,102.08423884195797,0.42262252795786875,0.2869949418137083,0.5511200771880091,0.06621058210189851,0.0004997501249375312,0.2570356472795497,-1.3955150965220031,0.11560598305674716,-1.6221028233132275,-1.1689273697307787,1.4974041744918886e-33,0.0007496251874062968,2.9948083489837772e-33,associated,Japan,1800-1899
Ideational,Security,Ideational + Security,2733,533,42,66.66444542923294,-0.6602348801869283,-1.0107251818140288,-0.3786681249907057,0.16089419788985546,0.0004997501249375312,0.07879924953095685,-4.75222869982328,0.17176002367194826,-5.088878346220298,-4.415579053426262,1.70279512514557e-168,0.0007496251874062968,5.8065179740973795e-168,dissociated,Japan,1800-1899
Economic,Security,Economic + Security,2733,533,32,42.25131570644131,-0.39552910265157404,-0.8378543151843816,-0.028217151783454467,0.20764910928869176,0.059470264867566215,0.0600375234521576,-1.5633355201320955,0.18874934777287583,-1.9332842417669323,-1.1933867984972588,1.2051375983995237e-16,0.059470264867566215,1.4461651180794284e-16,not distinguishable,Japan,1800-1899
Political,Ideational,Political + Ideational,15464,1290,356,367.8163760910429,-0.047043467134074375,-0.08012756457844013,-0.01714810944269624,0.015925201608259217,0.00399800099950025,0.27596899224806204,-11.826866496966945,1.4154531494430724,-14.601154669875367,-9.052578324058523,6.51375324493873e-17,0.009995002498750625,3.908251946963238e-16,dissociated,Japan,1900-2020
Political,Economic,Political + Economic,15464,1290,102,103.72798783244166,-0.024118819760387142,-0.1728014980782369,0.10333953528534932,0.06996952500507393,0.7186406796601699,0.07906976744186046,-0.6873043818045117,0.10545572082472798,-0.8939975946209786,-0.48061116898804485,7.150363512307748e-11,0.71864067966017,1.0725545268461623e-10,not distinguishable,Japan,1900-2020
Political,Security,Political + Security,15464,1290,30,16.4556361037184,0.8470443334837735,0.37479884153852266,1.2231992598125294,0.2151666741856262,0.0009995002498750624,0.023255813953488372,-0.7923909231705936,0.1885205075261723,-1.1618911179218911,-0.42289072841929587,2.6315845297016903e-05,0.005997001499250375,2.6315845297016903e-05,associated,Japan,1900-2020
Ideational,Economic,Ideational + Economic,15464,1290,680,666.4556360695727,0.02900436096564828,0.010643015169873139,0.049309708690750506,0.009960827277864995,0.004997501249375313,0.5271317829457365,-10.469072954018303,1.4152060448962969,-13.242876802015045,-7.695269106021561,1.387085894877166e-13,0.009995002498750625,2.774171789754332e-13,associated,Japan,1900-2020
Ideational,Security,Ideational + Security,15464,1290,104,105.72798774568614,-0.023660978848147548,-0.16427570469427757,0.10391594644667537,0.0688015081477892,0.7181409295352323,0.08062015503875969,-11.683449837004218,1.4185157163665085,-14.463740641082575,-8.903159032925862,1.7748348768274997e-16,0.71864067966017,5.3245046304825e-16,not distinguishable,Japan,1900-2020
Economic,Security,Economic + Security,15464,1290,18,29.81637615753819,-0.7125720417382484,-1.387608473698522,-0.23553743811807923,0.2920020541761995,0.02348825587206397,0.013953488372093023,-1.016276393538074,0.23856464952116124,-1.48386310659955,-0.548689680476598,2.0446146237671356e-05,0.03523238380809596,2.4535375485205626e-05,dissociated,Japan,1900-2020
Political,Ideational,Political + Ideational,4135,759,293,286.690165869041,0.03135415492253231,-0.015426145070039891,0.07704078454888945,0.023767887697938382,0.18840579710144928,0.38603425559947296,-10.383651538733588,1.4157501024459063,-13.158521739527565,-7.608781337939612,2.2274754375622363e-13,0.43928035982008995,2.672970525074683e-13,not distinguishable,Belgium,1800-1899
Political,Economic,Political + Economic,4135,759,176,181.4818191681864,-0.04412614216887582,-0.12458426670974593,0.034908176363900964,0.040294301390457254,0.2653673163418291,0.2318840579710145,-0.7702275330101298,0.09784816341060644,-0.9620099332949185,-0.5784451327253411,3.4996450366518456e-15,0.43928035982008995,6.999290073303691e-15,not distinguishable,Belgium,1800-1899
Political,Security,Political + Security,4135,759,56,56.82801492550336,-0.02098945674305679,-0.2884930858401917,0.2123220472530938,0.1266314859021972,0.8570714642678661,0.07378129117259552,-1.1977945676578432,0.1556756371277854,-1.5029188164283025,-0.8926703188873839,1.4241738402862887e-14,0.857071464267866,2.1362607604294332e-14,not distinguishable,Belgium,1800-1899
Ideational,Economic,Ideational + Economic,4135,759,154,154.82801496188404,-0.0077112195514706244,-0.09718682806370332,0.08138819609715019,0.046125409165991914,0.8570714642678661,0.2028985507246377,-2.2490865807690548,0.10395009741367668,-2.452828771699861,-2.0453443898382484,8.196285130132201e-104,0.857071464267866,4.91777107807932e-103,not distinguishable,Belgium,1800-1899
Ideational,Security,Ideational + Security,4135,759,43,48.481819200776364,-0.1712309561009882,-0.5241833455239678,0.12414786059737223,0.16261182662710477,0.2928535732133933,0.05665349143610013,-2.663415807803385,0.17188845771052638,-3.0003171849160166,-2.3265144306907537,3.748197687869036e-54,0.43928035982008995,1.1244593063607107e-53,not distinguishable,Belgium,1800-1899
Economic,Security,Economic + Security,4135,759,37,30.69016587460889,0.2657993703783606,-0.1492790907143824,0.591922251516356,0.19079963025560487,0.16041979010494753,0.048748353096179184,0.24820893727013504,0.18428835577039437,-0.11299624003983794,0.609414114580108,0.1780282586621742,0.43928035982008995,0.1780282586621742,not distinguishable,Belgium,1800-1899
Political,Ideational,Political + Ideational,8127,1009,475,478.0524811492533,-0.009231807537598788,-0.029353585224599868,0.012713737513912747,0.010834331476347554,0.38830584707646176,0.4707631318136769,-11.037301004263975,1.415169613714227,-13.81103344714386,-8.26356856138409,6.226244718698103e-15,0.4272863568215892,9.339367078047154e-15,not distinguishable,Belgium,1900-2020
Political,Economic,Political + Economic,8127,1009,100,112.6257545431561,-0.17073191352789605,-0.31932094205840345,-0.04113373122304742,0.07030394239680023,0.017491254372813594,0.09910802775024777,-1.1731288243948312,0.11040795044833332,-1.3895284072735645,-0.956729241516098,2.270326167064907e-26,0.029985007496251874,4.5406523341298143e-26,dissociated,Belgium,1900-2020
Political,Security,Political + Security,8127,1009,45,29.321764349655588,0.6095009307751721,0.2823601593418325,0.8808075589132209,0.15604085803365025,0.0009995002498750624,0.044598612487611496,-0.5862375612808222,0.1692996100333986,-0.9180647969462834,-0.2544103256153609,0.0005347396755679193,0.005997001499250375,0.0006416876106815031,associated,Belgium,1900-2020
Ideational,Economic,Ideational + Economic,8127,1009,310,294.3217643033261,0.07475023758986982,0.03014321491408824,0.12262652582504426,0.024090556801501187,0.0024987506246876563,0.3072348860257681,-2.730677485377432,0.08736196267341471,-2.901906932217325,-2.559448038537539,1.7904657416490036e-214,0.0074962518740629685,1.0742794449894021e-213,associated,Belgium,1900-2020
Ideational,Security,Ideational + Security,8127,1009,64,76.62575448113986,-0.2579135369303759,-0.48774783788398607,-0.06227777574481611,0.1083449664712604,0.01999000499750125,0.06342913776015857,-2.9590532010256987,0.15420143276077589,-3.2612880092368193,-2.656818392814578,4.52705046821268e-82,0.029985007496251874,1.358115140463804e-81,dissociated,Belgium,1900-2020
Economic,Security,Economic + Security,8127,1009,15,18.05248117346892,-0.25934392753447116,-1.0638555455954026,0.3026152849660871,0.3489719502761863,0.4272863568215892,0.014866204162537165,-0.179097252715628,0.2669578458086703,-0.7023346305006218,0.34414012506936575,0.5022956104869137,0.4272863568215892,0.5022956104869137,not distinguishable,Belgium,1900-2020
Political,Ideational,Political + Ideational,3315,1018,228,246.94962092849437,-0.11494066683872513,-0.18682687853484697,-0.05026665832470631,0.03579952798981249,0.0024987506246876563,0.22396856581532418,-4.021412981060581,0.1086478581411781,-4.23436278301729,-3.808463179103872,7.004075679900798e-300,0.004997501249375313,4.202445407940479e-299,dissociated,New Zealand,1800-1899
Political,Economic,Political + Economic,3315,1018,358,329.00088762158055,0.12169076730378425,0.07343662115734213,0.17608136353705367,0.026329398532319546,0.0004997501249375312,0.3516699410609037,-1.5905460895293901,0.07879678364180986,-1.7449877854673375,-1.4361043935914428,1.315080737156928e-90,0.0014992503748125937,3.945242211470784e-90,associated,New Zealand,1800-1899
Political,Security,Political + Security,3315,1018,48,58.04949148286657,-0.2716718933100299,-0.6092578083064977,0.015488462867421518,0.1618709715767025,0.09095452273863068,0.047151277013752456,-1.8759687059728156,0.1629486921568325,-2.1953481426002073,-1.556589269345424,1.1394370111417671e-30,0.09095452273863068,1.7091555167126508e-30,not distinguishable,New Zealand,1800-1899
Ideational,Economic,Ideational + Economic,3315,1018,262,272.04949144934506,-0.05420080558930114,-0.11454759876777344,0.003194930415059609,0.030132734288907354,0.07496251874062969,0.25736738703339884,-1.5554208152208762,0.08267492986089275,-1.717463677748226,-1.3933779526935264,5.832835741807187e-79,0.08995502248875561,1.1665671483614373e-78,not distinguishable,New Zealand,1800-1899
Ideational,Security,Ideational + Security,3315,1018,77,48.000887629736155,0.6761851596376194,0.45037350483603245,0.884872479859286,0.11017557357093474,0.0004997501249375312,0.0756385068762279,-0.7950136771149721,0.13962438353104248,-1.0686774688358154,-0.5213498853941287,1.2413647983524797e-08,0.0014992503748125937,1.2413647983524795e-08,associated,New Zealand,1800-1899
Economic,Security,Economic + Security,3315,1018,45,63.94962088797738,-0.5023053269351172,-0.8915724105650374,-0.20501494466571119,0.17376471488702486,0.005997001499250375,0.04420432220039293,-1.016583993963849,0.16706911264295454,-1.34403945474404,-0.6891285331836581,1.166287216746556e-09,0.008995502248875561,1.3995446600958673e-09,dissociated,New Zealand,1800-1899
Political,Ideational,Political + Ideational,5246,826,280,277.12077111294354,0.014885258895586477,-0.033598462308084755,0.0606071863185133,0.023650847995018872,0.5252373813093453,0.3389830508474576,-10.506065503090458,1.4158242073075273,-13.281080949413212,-7.731050056767704,1.167151220256539e-13,0.787856071964018,1.7507268303848085e-13,not distinguishable,New Zealand,1900-2020
Political,Economic,Political + Economic,5246,826,159,162.93151579179886,-0.035129792616525365,-0.12183948236012598,0.04783049639545236,0.043398922948104615,0.40929535232383807,0.19249394673123488,-1.0740855078117906,0.0920729826178636,-1.2545485537428032,-0.8936224618807779,1.910777385030111e-31,0.787856071964018,3.821554770060222e-31,not distinguishable,New Zealand,1900-2020
Political,Security,Political + Security,5246,826,33,31.947713116655876,0.04604429350999587,-0.4075737577331183,0.40634137925140423,0.20676705895112932,0.8075962018990505,0.039951573849878935,-1.3129061735839387,0.18626314651474507,-1.6779819407528391,-0.9478304064150384,1.8064488568167835e-12,0.8140929535232383,2.16773862818014e-12,not distinguishable,New Zealand,1900-2020
Ideational,Economic,Ideational + Economic,5246,826,271,269.9477130935119,0.005602499919253339,-0.04496804281655954,0.05520259259363531,0.025034515700130936,0.8140929535232384,0.3280871670702179,-2.959035456126917,0.08496196743955163,-3.1255609123084382,-2.792509999945396,9.244141553805847e-266,0.8140929535232383,5.546484932283508e-265,not distinguishable,New Zealand,1900-2020
Ideational,Security,Ideational + Security,5246,826,49,52.93151575063752,-0.11026241906764508,-0.4151427585264489,0.14351431987512106,0.1414600274539851,0.41529235382308843,0.059322033898305086,-2.920692035970683,0.1600839020120803,-3.234456483914361,-2.6069275880270055,2.2774362884514654e-74,0.787856071964018,6.832308865354397e-74,not distinguishable,New Zealand,1900-2020
Economic,Security,Economic + Security,5246,826,34,31.12077113445227,0.12572381082056203,-0.3238999582673974,0.45875265406026633,0.1967332527137467,0.5137431284357821,0.04116222760290557,-0.5859109640735614,0.18495231070276394,-0.9484174930509787,-0.22340443509614405,0.0015354278583914064,0.787856071964018,0.0015354278583914064,not distinguishable,New Zealand,1900-2020
Political,Ideational,Political + Ideational,2669,795,317,326.256473179733,-0.041459224799397044,-0.0677877493460106,-0.01498706994951094,0.013618621861018872,0.004497751124437781,0.3987421383647799,-8.926472329193377,1.416056584212558,-11.701943234249992,-6.151001424136763,2.905215177831766e-10,0.020989505247376316,5.810430355663532e-10,dissociated,Finland,1800-1899
Political,Economic,Political + Economic,2669,795,241,242.5563272560591,-0.009267501873196025,-0.05379289133449897,0.03573623910293688,0.02303950366315615,0.6776611694152923,0.3031446540880503,0.2901896359067893,0.09608655107122652,0.10185999580718536,0.47851927600639327,0.0025270302279868716,0.6896551724137931,0.003032436273584246,not distinguishable,Finland,1800-1899
Political,Security,Political + Security,2669,795,53,42.187199519330086,0.32573537339066055,0.09387273914370284,0.5407724461288841,0.11479222882565833,0.0079960019990005,0.06666666666666667,-0.13836661907449319,0.17286367112829049,-0.4771794144859425,0.20044617633695613,0.4234571794350047,0.020989505247376316,0.42345717943500477,associated,Finland,1800-1899
Ideational,Economic,Ideational + Economic,2669,795,152,141.18719956263806,0.10609981583572087,0.02489616856765213,0.18318692427809893,0.0404936728896865,0.010494752623688156,0.19119496855345913,-3.807181068695863,0.13289526312240313,-4.0676557844157735,-3.546706352975953,1.6985913416907417e-180,0.020989505247376316,1.0191548050144451e-179,associated,Finland,1800-1899
Ideational,Security,Ideational + Security,2669,795,23,24.556327286554826,-0.09251420560352734,-0.6369516245021358,0.3301063241429294,0.24392955858300758,0.6896551724137931,0.028930817610062894,-3.39083720790016,0.2299057281848445,-3.8414524351424553,-2.940221980657865,3.131111480823211e-49,0.6896551724137931,9.393334442469632e-49,not distinguishable,Finland,1800-1899
Economic,Security,Economic + Security,2669,795,9,18.2564731956849,-0.9813891629523459,-2.1091829602642718,-0.30379987372669337,0.4573614580199518,0.04047976011994003,0.011320754716981131,-1.5199267227299107,0.3379855179091582,-2.1823783378318606,-0.8574751076279606,6.8913381375406155e-06,0.06071964017991004,1.0337007206310922e-05,not distinguishable,Finland,1800-1899
Political,Ideational,Political + Ideational,5646,917,344,355.9625496275885,-0.049246530472674924,-0.0710740302073295,-0.027225531640512876,0.011226980883279218,0.0009995002498750624,0.3751363140676118,-10.270908764204476,1.4156597051653317,-13.045601786328525,-7.496215742080426,4.010384778207179e-13,0.005997001499250375,8.020769556414359e-13,dissociated,Finland,1900-2020
Political,Economic,Political + Economic,5646,917,161,160.59733815619336,0.003601508618888218,-0.07019704837926738,0.06762631908112211,0.03491821192071104,0.9175412293853074,0.17557251908396945,0.011615030333199453,0.09629859701230128,-0.17713021981091104,0.20036028047730997,0.9039961924936046,0.9180409795102449,0.9039961924936047,not distinguishable,Finland,1900-2020
Political,Security,Political + Security,5646,917,30,18.44011224244516,0.6873643621786668,0.29542892572134,1.032005929389049,0.18773146331151944,0.0029985007496251873,0.03271537622682661,-0.054278703935022425,0.2088794786620844,-0.46368248211270785,0.355125074242663,0.7949744162377537,0.008995502248875561,0.9039961924936047,associated,Finland,1900-2020
Ideational,Economic,Ideational + Economic,5646,917,339,327.4401122147722,0.049979197734454174,0.018075262998812434,0.0891937982517941,0.018130793255040818,0.008995502248875561,0.3696837513631407,-4.16239427063152,0.14077452056340964,-4.438312330935803,-3.886476210327237,3.876865112358237e-192,0.017991004497751123,2.3261190674149423e-191,associated,Finland,1900-2020
Ideational,Security,Ideational + Security,5646,917,38,37.5973381080998,0.01516824683967807,-0.3179264192728435,0.2578561964359382,0.15094559335721985,0.9180409795102449,0.04143947655398037,-3.720324600476875,0.20030929304965586,-4.1129308148542005,-3.3277183860995496,5.3247172070960755e-77,0.9180409795102449,1.5974151621288226e-76,not distinguishable,Finland,1900-2020
Economic,Security,Economic + Security,5646,917,5,16.96254965090088,-1.6667606938751622,-3.425354108660034,-0.8038561790967814,0.6491979274016512,0.030984507746126936,0.0054525627044711015,-1.140623977857121,0.4375423141974926,-1.9982069136842067,-0.28304104203003544,0.009136913767930759,0.046476761619190406,0.01370537065189614,dissociated,Finland,1900-2020
Political,Ideational,Political + Ideational,3446,553,162,162.9508080069314,-0.008416790837513713,-0.07741498987083115,0.05351128061610831,0.03399260366594661,0.8160919540229885,0.29294755877034356,-9.743885089993018,1.4172947603490755,-12.521782820277206,-6.96598735970883,6.199488717463775e-12,0.8205897051474262,1.8598466152391325e-11,not distinguishable,Denmark,1800-1899
Political,Economic,Political + Economic,3446,553,73,76.29200823603581,-0.06321192716713572,-0.23860840744271247,0.08867378969313792,0.0839738155707575,0.45077461269365315,0.13200723327305605,-0.2540455693477105,0.1350114309289683,-0.5186679739684883,0.010576835273067353,0.05988223406407048,0.6836581709145427,0.08982335109610572,not distinguishable,Denmark,1800-1899
Political,Security,Political + Security,3446,553,23,18.757183768647007,0.28726402246055116,-0.22597602153226623,0.6893707437591327,0.2360612434365762,0.21739130434782608,0.04159132007233273,-0.17852885863885265,0.22868921797366637,-0.6267597258672387,0.2697020085895334,0.43500163399864267,0.6836581709145427,0.5220019607983712,not distinguishable,Denmark,1800-1899
Ideational,Economic,Ideational + Economic,3446,553,221,216.7571837542572,0.027902817274361672,-0.017931165817319253,0.07927913868363883,0.024832481137938157,0.25487256371814093,0.3996383363471971,-8.954651183598834,1.4171826980562807,-11.732329271789144,-6.176973095408524,2.6389457450846107e-10,0.6836581709145427,5.277891490169221e-10,not distinguishable,Denmark,1800-1899
Ideational,Security,Ideational + Security,3446,553,50,53.29200820450507,-0.0911084618661189,-0.3519609913119001,0.12504593857258178,0.12292709895683433,0.45577211394302847,0.09041591320072333,-4.615321045849425,0.21222802097105503,-5.031287966952693,-4.199354124746158,7.376040266742154e-105,0.6836581709145427,4.4256241600452924e-104,not distinguishable,Denmark,1800-1899
Economic,Security,Economic + Security,3446,553,24,24.950808029623552,-0.0549297114670435,-0.5948798081502262,0.31924128696855514,0.2331807554915164,0.8205897051474262,0.0433996383363472,0.10967833482507257,0.2258043969568043,-0.3328982832102639,0.552254952860409,0.6271637446532812,0.8205897051474262,0.6271637446532812,not distinguishable,Denmark,1800-1899
Political,Ideational,Political + Ideational,4737,669,258,257.45563419085437,0.003041322786063938,-0.026612573698289923,0.033989069385465635,0.01590196827641414,0.8640679660169915,0.38565022421524664,-10.033229994228384,1.416183790046569,-12.808950222719659,-7.257509765737108,1.3935102324533466e-12,0.8685657171414293,4.18053069736004e-12,not distinguishable,Denmark,1900-2020
Political,Economic,Political + Economic,4737,669,97,107.12761859438524,-0.1425742150379485,-0.24960074100255467,-0.044600226582178853,0.05073925083522956,0.0069965017491254375,0.14499252615844543,-0.3042347870270795,0.11697627149081034,-0.5335082791490677,-0.07496129490509124,0.009299993795278474,0.01699150424787606,0.013949990692917712,dissociated,Denmark,1900-2020
Political,Security,Political + Security,4737,669,20,10.41674723414938,0.9090808564235742,0.35303285754605507,1.3318291825700324,0.24608152297123645,0.0034982508745627187,0.029895366218236172,0.45201020782117224,0.26235891716918475,-0.06221326983042991,0.9662336854727744,0.08491210536544441,0.01699150424787606,0.10189452643853329,associated,Denmark,1900-2020
Ideational,Economic,Ideational + Economic,4737,669,268,258.4167472136198,0.05243380377363678,0.01588147127424307,0.09336160739060036,0.019878553045182715,0.00849575212393803,0.40059790732436473,-9.326805759447735,1.416627149546308,-12.1033949725585,-6.550216546336971,4.585391939769078e-11,0.01699150424787606,9.170783879538156e-11,associated,Denmark,1900-2020
Ideational,Security,Ideational + Security,4737,669,15,25.127618555467812,-0.7254312070299856,-1.3914143066963738,-0.21466485804145444,0.2961723191174903,0.015992003998001,0.02242152466367713,-5.490886820324169,0.3095381382554975,-6.097581571304945,-4.884192069343394,2.097556726006789e-70,0.0239880059970015,1.2585340356040734e-69,dissociated,Denmark,1900-2020
Economic,Security,Economic + Security,4737,669,11,10.45563421152341,0.06996085814359708,-0.834862467820671,0.6466750750014135,0.3804039098488651,0.8685657171414293,0.016442451420029897,0.21184020629446668,0.323816393265043,-0.4228399245050176,0.8465203370939509,0.5129839128416183,0.8685657171414293,0.5129839128416183,not distinguishable,Denmark,1900-2020
Political,Ideational,Political + Ideational,5723,1320,563,571.5880178225586,-0.021821517562856232,-0.04688001539583312,0.0032279167199952843,0.01265421484376483,0.08545727136431784,0.4265151515151515,-9.934599966776814,1.4151969909932711,-12.708386069123625,-7.160813864430002,2.2196129565270118e-12,0.1025487256371814,3.3294194347905176e-12,not distinguishable,Israel,1900-2020
Political,Economic,Political + Economic,5723,1320,132,170.6213595282977,-0.36902748993684525,-0.52372791902389,-0.23678974971231617,0.07276741552652248,0.0004997501249375312,0.1,-1.0441717025600743,0.09931602758794957,-1.2388311166324555,-0.8495122884876931,7.476151509859873e-26,0.0007496251874062968,1.4952303019719745e-25,dissociated,Israel,1900-2020
Political,Security,Political + Security,5723,1320,114,66.79062270344573,0.7668702213878195,0.5930593809668496,0.934598395959383,0.08716266654692649,0.0004997501249375312,0.08636363636363636,0.032831648200613496,0.11755201429222067,-0.19757029981213903,0.263233596213366,0.7800187148668668,0.0007496251874062968,0.7800187148668668,associated,Israel,1900-2020
Ideational,Economic,Ideational + Economic,5723,1320,386,338.7906226425872,0.18794685693939361,0.13621842685566196,0.24577633168881982,0.0285473777822641,0.0004997501249375312,0.2924242424242424,-3.889494978725321,0.11719914621503963,-4.1192053053067985,-3.659784652143843,1.654846124967793e-241,0.0007496251874062968,9.929076749806759e-241,associated,Israel,1900-2020
Ideational,Security,Ideational + Security,5723,1320,94,132.6213594531441,-0.4943558372154185,-0.7011209314871644,-0.31577001266714094,0.0986070646062486,0.0004997501249375312,0.07121212121212121,-3.786745203298414,0.1337477095018273,-4.048890713921995,-3.5245996926748324,2.4181838079683878e-176,0.0007496251874062968,7.254551423905163e-176,dissociated,Israel,1900-2020
Economic,Security,Economic + Security,5723,1320,31,39.58801784996664,-0.3478192566556359,-0.8598596006108574,0.04503152973395455,0.22842922547787384,0.12893553223388307,0.023484848484848483,-0.5856670909467688,0.190609062322277,-0.9592608530984317,-0.21207332879510593,0.0021219643118385936,0.12893553223388307,0.0025463571742063125,not distinguishable,Israel,1900-2020
Political,Ideational,Political + Ideational,4141,723,353,361.3472941117792,-0.03367076816321676,-0.05291964610194445,-0.01375482459914799,0.00999444526229075,0.001999000499750125,0.48824343015214383,-9.864515640112547,1.4156623114056845,-12.639213770467688,-7.089817509757405,3.2118683350036125e-12,0.0029985007496251873,4.817802502505419e-12,dissociated,Turkey,1900-2020
Political,Economic,Political + Economic,4141,723,100,115.68931705559513,-0.2092819258629658,-0.3355130857929137,-0.09995300088230855,0.05964076923271952,0.0014992503748125937,0.13831258644536654,-0.8993457633601148,0.11582037268234648,-1.126353693817514,-0.6723378329027158,8.16420567555438e-15,0.0029985007496251873,1.632841135110876e-14,dissociated,Turkey,1900-2020
Political,Security,Political + Security,4141,723,54,29.963388871030478,0.8391797878845255,0.6135704308814539,1.048241738629402,0.11370223995596454,0.0004997501249375312,0.07468879668049792,-0.31062381748094986,0.1623409915083871,-0.6288121608373886,0.007564525875488837,0.05569641972526204,0.0014992503748125937,0.05569641972526204,associated,Turkey,1900-2020
Ideational,Economic,Ideational + Economic,4141,723,185,160.96338883142997,0.20021211009470147,0.13001407309651458,0.27973145625392865,0.03880134536715319,0.0004997501249375312,0.25587828492392806,-3.833027278368548,0.12405695698546397,-4.0761789140600575,-3.589875642677039,1.2977630755598102e-209,0.0014992503748125937,7.786578453358861e-209,associated,Turkey,1900-2020
Ideational,Security,Ideational + Security,4141,723,26,41.689317011330424,-0.6708853727654697,-1.1474985637092885,-0.30974051093733074,0.21363006573262885,0.0024987506246876563,0.035961272475795295,-4.273888623175211,0.2163589128875529,-4.697952092434815,-3.8498251539156074,7.455353141297208e-87,0.0029985007496251873,2.2366059423891623e-86,dissociated,Turkey,1900-2020
Economic,Security,Economic + Security,4141,723,5,13.347294118834803,-1.3321005649629545,-3.170252922370765,-0.4464499888170951,0.6922071546339802,0.049475262368815595,0.006915629322268326,-1.7216182024934976,0.43486815139163887,-2.5739597792211097,-0.8692766257658855,7.528221486333179e-05,0.04947526236881559,9.033865783599813e-05,dissociated,Turkey,1900-2020
Political,Ideational,Political + Ideational,2121,456,198,205.3662122953845,-0.05256806032010699,-0.09334219088194874,-0.011949198950914617,0.020464416060099872,0.012993503248375811,0.4342105263157895,-9.150758012231499,1.4168482403440168,-11.927780563305772,-6.373735461157226,1.057243412760239e-10,0.015592203898050975,1.5858651191403584e-10,dissociated,Hungary,1800-1899
Political,Economic,Political + Economic,2121,456,20,54.31698267812721,-1.4189990095474356,-2.0471891018722785,-1.005582411348923,0.2668333693835509,0.0004997501249375312,0.043859649122807015,-1.8839183598559555,0.23584670033756175,-2.3461778925175762,-1.4216588271943345,1.372637833125615e-15,0.0009995002498750624,2.74527566625123e-15,dissociated,Hungary,1800-1899
Political,Security,Political + Security,2121,456,72,30.316805047936953,1.2342636978571968,1.0143810862174079,1.4669530270072395,0.11458240155424261,0.0004997501249375312,0.15789473684210525,0.4110807823034422,0.16393188364106842,0.08977429036694812,0.7323872742399362,0.012154329048195354,0.0009995002498750624,0.012154329048195354,associated,Hungary,1800-1899
Ideational,Economic,Ideational + Economic,2121,456,139,97.31680502383496,0.512110874036169,0.3848293976244322,0.6599941489210372,0.07074629535273773,0.0004997501249375312,0.3048245614035088,-2.477368698950749,0.165412731180555,-2.801577652064637,-2.153159745836861,1.0396563498522017e-50,0.0009995002498750624,3.118969049556605e-50,associated,Hungary,1800-1899
Ideational,Security,Ideational + Security,2121,456,20,54.31698265124289,-1.4189990088398832,-2.014226362986171,-0.9978765045397949,0.2647615436269868,0.0009995002498750624,0.043859649122807015,-5.415697688528398,0.27024869536984186,-5.945385131453287,-4.886010245603508,2.4835334138782794e-89,0.0014992503748125937,1.4901200483269676e-88,dissociated,Hungary,1800-1899
Economic,Security,Economic + Security,2121,456,7,14.366212303473464,-0.9870746155950082,-2.271723741984515,-0.19503323474119447,0.5396852608923104,0.057971014492753624,0.015350877192982455,-1.0303427445183013,0.38026281132609285,-1.7756578547174433,-0.28502763431915934,0.006737367112855057,0.057971014492753624,0.00808484053542607,not distinguishable,Hungary,1800-1899
Political,Ideational,Political + Ideational,3751,725,355,359.50492369565393,-0.01816707821783415,-0.03356562926496871,-0.0015680173532951346,0.008167272836188328,0.026486756621689155,0.4896551724137931,-9.498875350642223,1.4158026544820432,-12.273848553427028,-6.723902147857418,1.9572064880051163e-11,0.05297351324337831,5.871619464015349e-11,not distinguishable,Hungary,1900-2020
Political,Economic,Political + Economic,3751,725,104,111.4374679419686,-0.09919007672835445,-0.19466868006855395,-0.012166881632784947,0.04627147615438022,0.0384807596201899,0.14344827586206896,-0.16143667375315193,0.11985343553831254,-0.39634940740824454,0.07347605990194064,0.17799609805578454,0.057721139430284854,0.2051027300918159,not distinguishable,Hungary,1900-2020
Political,Security,Political + Security,3751,725,27,15.057608397902545,0.8218113203746241,0.4413684667660458,1.1527804061369584,0.17935348321221517,0.0004997501249375312,0.037241379310344824,0.30384138715955517,0.23978384944222184,-0.1661349577471996,0.77381773206631,0.2051027300918159,0.0014992503748125937,0.2051027300918159,associated,Hungary,1900-2020
Ideational,Economic,Ideational + Economic,3751,725,215,203.05760836118327,0.0822507232979536,0.03480884372716499,0.13280137584727836,0.02481076509881867,0.0004997501249375312,0.296551724137931,-8.688286048387315,1.4178388493409921,-11.46725019309566,-5.90932190367897,8.908150477440193e-10,0.0014992503748125937,1.7816300954880385e-09,associated,Hungary,1900-2020
Ideational,Security,Ideational + Security,3751,725,20,27.4374678946366,-0.44657735864039555,-0.9861350833781904,-0.054687015423761746,0.2381886841234358,0.06596701649175413,0.027586206896551724,-4.965685695685353,0.2839605963947572,-5.522248464619077,-4.409122926751628,1.7924530014973982e-68,0.07916041979010495,1.0754718008984389e-67,not distinguishable,Hungary,1900-2020
Economic,Security,Economic + Security,3751,725,4,8.504923708654959,-1.0007890519672624,-2.6451563147181214,-0.06498038958058981,0.7038457918975627,0.11394302848575712,0.005517241379310344,-0.686384449193235,0.4885102643866969,-1.643864567391161,0.27109566900469095,0.16000452245954744,0.11394302848575712,0.2051027300918159,not distinguishable,Hungary,1900-2020
Political,Ideational,Political + Ideational,2586,740,353,360.96834279527934,-0.03215908721183867,-0.0536234021813118,-0.011904768841557967,0.010544718052089076,0.0029985007496251873,0.47702702702702704,-9.13713815857757,1.415795434977225,-11.91209721113293,-6.36217910602221,1.091420342543376e-10,0.005997001499250375,2.182840685086752e-10,dissociated,Peru,1900-2020
Political,Economic,Political + Economic,2586,740,169,177.41928656570053,-0.06993763479563662,-0.13843508742002722,-0.00767955743543205,0.032517326878643206,0.030984507746126936,0.22837837837837838,-0.36956578054704836,0.10913769378878113,-0.5834756603730593,-0.15565590072103735,0.0007085890788439605,0.046476761619190406,0.0010628836182659408,dissociated,Peru,1900-2020
Political,Security,Political + Security,2586,740,60,43.61237059519547,0.4557518495600416,0.2593063533791209,0.639499202250047,0.09846949967760615,0.0004997501249375312,0.08108108108108109,0.16419633202776943,0.19193232307796607,-0.21199102120504407,0.5403836852605829,0.39227950865802896,0.0014992503748125937,0.392279508658029,associated,Peru,1900-2020
Ideational,Economic,Ideational + Economic,2586,740,132,115.61237063758969,0.19047067423588213,0.09859406338612577,0.28296031074773975,0.04720780280478175,0.0004997501249375312,0.1783783783783784,-3.2084164626048635,0.1325184801528313,-3.468152683704413,-2.948680241505314,1.7003046392441028e-129,0.0014992503748125937,1.0201827835464617e-128,associated,Peru,1900-2020
Ideational,Security,Ideational + Security,2586,740,20,28.41928660201491,-0.49640805374676666,-1.093956159249104,-0.04945897144440698,0.2657716325976651,0.05747126436781609,0.02702702702702703,-3.312364592540335,0.2505671945881904,-3.8034762939331883,-2.821252891147482,6.774287418825441e-40,0.05847076461769116,2.0322862256476322e-39,not distinguishable,Peru,1900-2020
Economic,Security,Economic + Security,2586,740,6,13.968342804219995,-1.1543880626068947,-2.5785117759697105,-0.3507876419577681,0.6085539931406622,0.05847076461769116,0.008108108108108109,-1.1673555060072875,0.40757293022433827,-1.9661984492469906,-0.3685125627675846,0.004181121484105282,0.05847076461769116,0.005017345780926339,not distinguishable,Peru,1900-2020
Political,Ideational,Political + Ideational,3578,950,494,503.5298494681858,-0.027538654019672672,-0.041540276657629015,-0.013600789878917505,0.00710707249038627,0.0004997501249375312,0.52,-9.104267435434624,1.4155033514119901,-11.878654004202124,-6.329880866667123,1.260822649253583e-10,0.0005997001499250374,1.8912339738803744e-10,dissociated,Iran,1900-2020
Political,Economic,Political + Economic,3578,950,101,138.73511857358645,-0.45604341338740023,-0.6113026805994689,-0.3350833688239588,0.06974966699327266,0.0004997501249375312,0.10631578947368421,-0.8726223321075767,0.11733292848036275,-1.1025948719290877,-0.6426497922860657,1.0288241354248107e-13,0.0005997001499250374,2.0576482708496213e-13,dissociated,Iran,1900-2020
Political,Security,Political + Security,3578,950,83,35.73503200855384,1.2043910288453388,1.024179644591494,1.3935809203460772,0.09466307383838471,0.0004997501249375312,0.08736842105263158,0.6429610489857033,0.15979051466467561,0.3297716402429391,0.9561504577284674,5.727268125611448e-05,0.0005997001499250374,6.872721750733737e-05,associated,Iran,1900-2020
Ideational,Economic,Ideational + Economic,3578,950,252,204.7350319565878,0.2990063795492143,0.23038705923888136,0.3756679663872197,0.03700616976580803,0.0004997501249375312,0.26526315789473687,-5.851072164346397,0.35504395628849245,-6.546958318671843,-5.155186010020952,5.1209323377632154e-61,0.0005997001499250374,1.5362797013289648e-60,associated,Iran,1900-2020
Ideational,Security,Ideational + Security,3578,950,15,52.735118515506706,-1.7801100714462446,-2.582089183477522,-1.2449665101198797,0.34374308962023226,0.0004997501249375312,0.015789473684210527,-5.752157881951979,0.28523517433172685,-6.3112188236421645,-5.193096940261794,1.9332064162588705e-90,0.0005997001499250374,1.1599238497553222e-89,dissociated,Iran,1900-2020
Economic,Security,Economic + Security,3578,950,5,14.529849477579408,-1.4503270371319452,-3.2218082438137965,-0.5833208692141408,0.6689782973350311,0.041979010494752625,0.005263157894736842,-1.5794596067287483,0.4364315491858497,-2.4348654431330137,-0.7240537703244829,0.0002957074295270502,0.04197901049475263,0.0002957074295270502,dissociated,Iran,1900-2020
Political,Ideational,Political + Ideational,2443,854,570,572.7334022575507,-0.00689579124259738,-0.011720806915006604,-0.0009306257594236778,0.0028203748577686396,0.017991004497751123,0.667447306791569,-8.293235768244434,1.415495112909087,-11.067606189546245,-5.518865346942624,4.659600953242516e-09,0.10794602698650674,9.319201906485032e-09,not distinguishable,Lithuania,1900-2020
Political,Economic,Political + Economic,2443,854,169,164.96203782693001,0.034785017785788734,-0.014876470808149555,0.0885736395517544,0.025636340091991804,0.1729135432283858,0.19789227166276346,-0.6359634852336279,0.12127528922910756,-0.8736630521226787,-0.3982639183445771,1.5716123011845674e-07,0.3458270864567716,2.357418451776851e-07,not distinguishable,Lithuania,1900-2020
Political,Security,Political + Security,2443,854,30,31.304559848363752,-0.06042437814915163,-0.3661775445535982,0.18877857500750134,0.14237722586931775,0.6541729135432284,0.0351288056206089,-0.9801996359344062,0.24367187287930187,-1.4577965067778378,-0.5026027650909746,5.7554026382986966e-05,0.6541729135432284,6.906483165958435e-05,not distinguishable,Lithuania,1900-2020
Ideational,Economic,Ideational + Economic,2443,854,67,68.30455991376529,-0.027616678272323746,-0.16279010046931208,0.0936994281501715,0.06446422608936801,0.6521739130434783,0.07845433255269321,-2.419779179233005,0.14590195625917116,-2.7057470135009805,-2.1338113449650296,8.951434552253802e-62,0.6541729135432284,5.370860731352281e-61,not distinguishable,Lithuania,1900-2020
Ideational,Security,Ideational + Security,2443,854,17,12.962037884012762,0.37845810032513993,-0.18963353963527177,0.808268814630817,0.2493501730660595,0.12243878060969515,0.01990632318501171,-1.930313070638764,0.27895041747887,-2.477055888897349,-1.3835702523801787,4.519159486870654e-12,0.3458270864567716,1.3557478460611961e-11,not distinguishable,Lithuania,1900-2020
Economic,Security,Economic + Security,2443,854,1,3.73340226937746,-1.4968550832486136,-3.3288482203980316,-0.13077719716640215,1.0230414792235383,0.2518740629685157,0.00117096018735363,-1.971209713136867,0.8274547558240612,-3.5930210345520273,-0.34939839172170717,0.017206893787663883,0.3778110944527736,0.017206893787663883,not distinguishable,Lithuania,1900-2020
Political,Ideational,Political + Ideational,2840,537,286,291.4343108428605,-0.027108640798986793,-0.04610418598559819,-0.007797349723402583,0.009807633875283401,0.00849575212393803,0.5325884543761639,-9.183972923949247,1.4161773096330117,-11.95968045082995,-6.4082653970685435,8.870557842271642e-11,0.010194902548725637,1.3305836763407462e-10,dissociated,Greece,1900-2020
Political,Economic,Political + Economic,2840,537,43,67.4451400261916,-0.6433549607617819,-0.928982901504218,-0.42948470296087166,0.12846722636522434,0.0004997501249375312,0.08007448789571694,-1.2318335687610142,0.1680408436032388,-1.5611936222233622,-0.9024735152986663,2.291921521903585e-13,0.0009995002498750624,4.58384304380717e-13,dissociated,Greece,1900-2020
Political,Security,Political + Security,2840,537,52,22.120549161790347,1.2146834685449945,0.9881540717061326,1.4546808585862654,0.11790636369959405,0.0004997501249375312,0.09683426443202979,0.6039995626629409,0.1910675903857553,0.2295070855068605,0.9784920398190212,0.0015712990399544093,0.0009995002498750624,0.001885558847945291,associated,Greece,1900-2020
Ideational,Economic,Ideational + Economic,2840,537,141,111.1205491294524,0.3421994040433685,0.2331003669339954,0.45556506732401336,0.05709834546782165,0.0004997501249375312,0.26256983240223464,-3.5226246439469655,0.15241187556968736,-3.821351920063553,-3.223897367830378,3.4639139015677625e-118,0.0009995002498750624,2.0783483409406574e-117,associated,Greece,1900-2020
Ideational,Security,Ideational + Security,2840,537,12,36.44513999005169,-1.563456500244513,-2.3985370807936452,-0.9872282853259967,0.3592978155565572,0.0009995002498750624,0.0223463687150838,-4.75427676072115,0.30913505485729453,-5.360181468241447,-4.148372053200853,2.2541591002827825e-53,0.0014992503748125937,6.762477300848347e-53,dissociated,Greece,1900-2020
Economic,Security,Economic + Security,2840,537,3,8.434310849653372,-1.3520015288508225,-4.037362253455574,-0.321803036267378,0.8577050497219838,0.07546226886556721,0.00558659217877095,-1.4790794872822948,0.5459611130509883,-2.5491632688622317,-0.4089957057023579,0.006745995473979683,0.07546226886556721,0.006745995473979683,not distinguishable,Greece,1900-2020
Political,Ideational,Political + Ideational,1428,419,168,177.9842886653684,-0.08304849314325109,-0.12855561055077128,-0.03986820517269652,0.02305316567426086,0.001999000499750125,0.4009546539379475,-8.643667919319496,1.4174271422883833,-11.421825118204726,-5.865510720434265,1.0731033032351716e-09,0.0023988005997001498,1.6096549548527573e-09,dissociated,Romania,1800-1899
Political,Economic,Political + Economic,1428,419,28,54.72975895606355,-0.9544839116686121,-1.4011169622727635,-0.6456833623647672,0.1931730466750115,0.0004997501249375312,0.06682577565632458,-1.6283871787079915,0.2110675748460261,-2.0420796254062026,-1.2146947320097805,1.20978463730523e-14,0.0009995002498750624,3.62935391191569e-14,dissociated,Romania,1800-1899
Political,Security,Political + Security,1428,419,65,28.285952395359995,1.186129961432893,0.9633030297060977,1.4161145723774917,0.11455243752320246,0.0004997501249375312,0.15513126491646778,-0.1171512909691597,0.17012938583488002,-0.45060488720552455,0.21630230526720512,0.4910742963165451,0.0009995002498750624,0.4910742963165451,associated,Romania,1800-1899
Ideational,Economic,Ideational + Economic,1428,419,131,94.28595237651574,0.47231763210042155,0.3456361388128622,0.6164555657001279,0.06908460474125622,0.0004997501249375312,0.3126491646778043,-1.2310905083782013,0.18171951651262552,-1.5872607607429474,-0.8749202560134552,1.2468697317401086e-11,0.0009995002498750624,2.4937394634802172e-11,associated,Romania,1800-1899
Ideational,Security,Ideational + Security,1428,419,22,48.72975893451891,-1.129605673640817,-1.6764076940831347,-0.7538836529059442,0.23217441969909486,0.0009995002498750624,0.05250596658711217,-4.829341033915517,0.2632454589711179,-5.345302133498908,-4.313379934332126,3.5932821961812107e-75,0.0014992503748125937,2.1559693177087263e-74,dissociated,Romania,1800-1899
Economic,Security,Economic + Security,1428,419,5,14.984288672173308,-1.493301585274946,-3.19196285430025,-0.6104513654087735,0.6497808218931911,0.031484257871064465,0.011933174224343675,-1.564316317557142,0.4411574273660219,-2.428984875194545,-0.699647759919739,0.0003912201522629456,0.031484257871064465,0.0004694641827155347,dissociated,Romania,1800-1899
Political,Ideational,Political + Ideational,3006,571,270,276.2306788521796,-0.032853998484231976,-0.05285985847613594,-0.01240272725701314,0.01038069863291324,0.00399800099950025,0.47285464098073554,-9.33092891603614,1.4162594359915128,-12.106797410579505,-6.555060421492774,4.444958979394324e-11,0.0079960019990005,1.3334876938182974e-10,dissociated,Romania,1900-2020
Political,Economic,Political + Economic,3006,571,98,105.23056998631753,-0.1021969352248395,-0.19976568088068372,-0.008686732334344778,0.04828566051852895,0.03548225887056472,0.17162872154115585,-0.12783634871491456,0.12494381169959093,-0.37272621964611274,0.11705352221628365,0.3062365972393247,0.05322338830584708,0.3062365972393247,not distinguishable,Romania,1900-2020
Political,Security,Political + Security,3006,571,32,18.538751192109505,0.7715008670181918,0.4332349857704534,1.0411923709803186,0.15255790321988347,0.0004997501249375312,0.05604203152364273,0.6044369706152706,0.23331856777063137,0.14713257778483307,1.061741363445708,0.009580652748881976,0.0029985007496251873,0.014370979123322964,associated,Romania,1900-2020
Ideational,Economic,Ideational + Economic,3006,571,151,137.53875116091336,0.1342444668413334,0.06210608237052859,0.20715033217575404,0.03636395395111883,0.0009995002498750624,0.26444833625218916,-8.998310984014642,1.418245878018683,-11.77807290493126,-6.218549063098024,2.2289363098020557e-10,0.0029985007496251873,4.4578726196041114e-10,associated,Romania,1900-2020
Ideational,Security,Ideational + Security,3006,571,17,24.230569951081414,-0.4989405670080345,-1.0904301658527995,-0.03758256033970414,0.26572802399551604,0.05697151424287856,0.0297723292469352,-5.003040468279431,0.2984268750071385,-5.587957143293422,-4.41812379326544,4.421549978820976e-63,0.05697151424287856,2.6529299872925857e-62,not distinguishable,Romania,1900-2020
Economic,Security,Economic + Security,3006,571,3,9.230678857398448,-1.4751855355734713,-4.145332328419845,-0.45123788026496786,0.8318827969832137,0.05247376311844078,0.005253940455341506,-1.1314876968839787,0.5497387334973233,-2.2089756145387325,-0.05399977922922505,0.03956824449477731,0.05697151424287856,0.04748189339373278,not distinguishable,Romania,1900-2020
