country,sector_a,sector_b,pair,n_elites_period,n_diversified_period,n_pair,expected_qi,assoc_log2,assoc_ci_low,assoc_ci_high,assoc_boot_se,p_value,share_of_diversified,log_or_uncond,se_uncond,ci_low_uncond,ci_high_uncond,p_value_uncond,q_value,q_value_uncond,direction
US,Politics,Administration & Law,Politics + Administration & Law,359101,131235,17730,4725.648857977557,1.907496245564519,1.8925054556151235,1.9217752576274707,0.007675555457103902,0.0004997501249375312,0.13510115441764772,1.9942510060612078,0.012203863404867994,1.9703314337876665,2.018170578334749,0.0,0.0005732427903695211,0.0,associated
US,Politics,Military,Politics + Military,359101,131235,3123,2268.1263906029185,0.46134449198397104,0.41652499780154406,0.5020998265221406,0.021489094785552967,0.0004997501249375312,0.023797005372042518,-0.11912584327376712,0.020035052650589528,-0.1583945464689226,-0.07985714007861164,2.7499025678928826e-09,0.0005732427903695211,3.2498848529643157e-09,associated
US,Politics,Religion,Politics + Religion,359101,131235,998,1318.9521904986743,-0.40210474370262267,-0.4891663969495969,-0.32263310781474014,0.04248323200113856,0.0004997501249375312,0.0076046786299386595,-0.7151682839038065,0.03357550482537787,-0.7809762733615471,-0.6493602944460659,1.1279942739595056e-100,0.0005732427903695211,2.2559885479190111e-100,dissociated
US,Politics,Nobility,Politics + Nobility,359101,131235,220,320.3825595799612,-0.5412667234559266,-0.7344029719453014,-0.37464830940070276,0.09212407495101209,0.0004997501249375312,0.0016763820627119289,-0.5384852843365007,0.07155788359529351,-0.678738736183276,-0.3982318324897254,5.265151744194991e-14,0.0005732427903695211,6.623900581406602e-14,dissociated
US,Politics,Kinship,Politics + Kinship,359101,131235,1199,1326.7960819077634,-0.14605707310187852,-0.2217899794897091,-0.07357769422066471,0.03792116226158196,0.0004997501249375312,0.009136282241780013,-0.143096986057545,0.03174704113955595,-0.20532118669107466,-0.08087278542401535,6.562321243263044e-06,0.0005732427903695211,7.418276188036485e-06,dissociated
US,Politics,Big business,Politics + Big business,359101,131235,5241,3336.944755637176,0.6512357816626142,0.6198427641879851,0.6829592158318089,0.016250392492149792,0.0004997501249375312,0.03993599268487827,0.419760890713159,0.016486555237839855,0.38744724244699286,0.4520745389793251,5.360321726970952e-143,0.0005732427903695211,1.3487261119475298e-142,associated
US,Politics,Small business,Politics + Small business,359101,131235,3228,2362.24931882889,0.45039745560977124,0.40986231489893415,0.48955206591696604,0.020484374835077406,0.0004997501249375312,0.02459709681106412,0.38270575934781215,0.02062160560700624,0.3422874123580799,0.4231241063375444,6.964092979482104e-77,0.0005732427903695211,1.2345437554536458e-76,associated
US,Politics,Academia,Politics + Academia,359101,131235,4613,5920.378524252253,-0.3599495983157956,-0.39807418761264507,-0.3261575887943577,0.018427350196698555,0.0004997501249375312,0.0351506838876824,-0.8476493705140228,0.016111620767203478,-0.8792281472177416,-0.816070593810304,0.0,0.0005732427903695211,0.0,dissociated
US,Politics,Exploration & Invention,Politics + Exploration & Invention,359101,131235,584,1646.8979632781998,-1.4949141803219828,-1.6117060772269953,-1.3826428107216613,0.056827459785926425,0.0004997501249375312,0.004450032384653484,-1.2825694520577229,0.0428253047567708,-1.3665070493809937,-1.198631854734452,4.551625352298984e-197,0.0005732427903695211,1.314913990664151e-196,dissociated
US,Politics,Culture (core),Politics + Culture (core),359101,131235,2281,9967.71196587676,-2.1273520926349203,-2.1828336568463262,-2.069614948222995,0.02823434238324373,0.0004997501249375312,0.017381034022935955,-2.8845264599819167,0.021651797365922307,-2.9269639828191245,-2.842088937144709,0.0,0.0005732427903695211,0.0,dissociated
US,Politics,Culture (periphery),Politics + Culture (periphery),359101,131235,2059,5864.941548361957,-1.5099455917073241,-1.5693078130523408,-1.448447771009414,0.030604187490077144,0.0004997501249375312,0.01568941212329028,-1.3178369789405615,0.02315031606097317,-1.363211598420069,-1.272462359461054,0.0,0.0005732427903695211,0.0,dissociated
US,Politics,Sport & Games,Politics + Sport & Games,359101,131235,1277,3493.9698437971697,-1.4517503055706105,-1.5263948744652942,-1.3758646009028865,0.038829439958148505,0.0004997501249375312,0.00973063588219606,-3.222183329996719,0.028530237177795677,-3.2781025948651985,-3.1662640651282397,0.0,0.0005732427903695211,0.0,dissociated
US,Administration & Law,Military,Administration & Law + Military,359101,131235,1198,1203.7771738563415,-0.006937568930353088,-0.08163510508089734,0.06973803239585051,0.03795988256466847,0.8545727136431784,0.009128662323313141,-0.44513800247058866,0.030397354492759536,-0.5047168172763974,-0.38555918766478,1.472113376807889e-48,0.8545727136431784,2.2964968678203067e-48,not distinguishable
US,Administration & Law,Religion,Administration & Law + Religion,359101,131235,177,700.0159016306285,-1.9805987754224517,-2.20496828389401,-1.7845179901381,0.10643382597958506,0.0004997501249375312,0.0013487255686364156,-1.7790523854391629,0.0759305880374574,-1.9278763379925794,-1.6302284328857464,2.1151457925074976e-121,0.0005732427903695211,4.71375348044528e-121,dissociated
US,Administration & Law,Nobility,Administration & Law + Nobility,359101,131235,40,170.03867761598028,-2.074105161779783,-2.5679169016340078,-1.6832415884698202,0.22601765566571616,0.0004997501249375312,0.0003047967386748962,-1.5753241242272726,0.1588673448673822,-1.8867041201673418,-1.2639441282872035,3.54786540343032e-23,0.0005732427903695211,4.94166966906366e-23,dissociated
US,Administration & Law,Kinship,Administration & Law + Kinship,359101,131235,136,704.1789401066102,-2.368065147475931,-2.616607898387507,-2.1452534177312206,0.12057511979983555,0.0004997501249375312,0.001036308911494647,-1.7277774388045772,0.08656015280581839,-1.8974353383039813,-1.5581195393051732,1.2167308631335024e-88,0.0005732427903695211,2.3147562762051998e-88,dissociated
US,Administration & Law,Big business,Administration & Law + Big business,359101,131235,898,1771.037956217188,-0.9794119675085576,-1.0723134413913118,-0.8947968155503941,0.04575436640859355,0.0004997501249375312,0.006842686783251419,-0.8863411490983116,0.034574883896769895,-0.9541079215359807,-0.8185743766606426,6.1506874054811475e-145,0.0005732427903695211,1.6543228194052743e-144,dissociated
US,Administration & Law,Small business,Administration & Law + Small business,359101,131235,328,1253.7316353909232,-1.9328385384838966,-2.100048851429782,-1.7841119910948045,0.07923782970337859,0.0004997501249375312,0.0024993332571341485,-1.4377176185094485,0.056150979848353454,-1.5477735390122211,-1.3276616980066758,1.359382367052478e-144,0.0005732427903695211,3.534394154336443e-144,dissociated
US,Administration & Law,Academia,Administration & Law + Academia,359101,131235,1617,3142.16022423234,-0.9582205881361225,-1.0274926807678892,-0.8948420768518549,0.033739044934138894,0.0004997501249375312,0.012321408160932678,-1.220618996951289,0.025970424010642923,-1.2715210280121492,-1.169716965890429,0.0,0.0005732427903695211,0.0,dissociated
US,Administration & Law,Exploration & Invention,Administration & Law + Exploration & Invention,359101,131235,124,874.0686515877115,-2.8124258944753042,-3.074000577551417,-2.5795983793975643,0.12636714655102566,0.0004997501249375312,0.0009448698898921782,-2.1223569890169127,0.0903602012966594,-2.299462983558365,-1.9452509944754603,5.44295604136419e-122,0.0005732427903695211,1.2486781506659023e-121,dissociated
US,Administration & Law,Culture (core),Administration & Law + Culture (core),359101,131235,1051,5290.227295008718,-2.331017207388687,-2.4141670388676206,-2.250825674837923,0.04208847802447689,0.0004997501249375312,0.008008534308682896,-2.8616785971406875,0.031556744085646696,-2.923529815548555,-2.79982737873282,0.0,0.0005732427903695211,0.0,dissociated
US,Administration & Law,Culture (periphery),Administration & Law + Culture (periphery),359101,131235,534,3112.7378047230713,-2.542153928243153,-2.668627619020991,-2.424934889362524,0.06242415798006348,0.0004997501249375312,0.004069036461309864,-1.964904291182457,0.04398104939305804,-2.051107147992851,-1.8787014343720632,0.0,0.0005732427903695211,0.0,dissociated
US,Administration & Law,Sport & Games,Administration & Law + Sport & Games,359101,131235,969,1854.3768819635318,-0.9360106272421402,-1.0200725733672804,-0.847533692240123,0.04387337801887547,0.0004997501249375312,0.00738370099439936,-2.688522590687881,0.032822588905061276,-2.7528548649418014,-2.624190316433961,0.0,0.0005732427903695211,0.0,dissociated
US,Military,Religion,Military + Religion,359101,131235,206,335.9802194464415,-0.7043799144380777,-0.9178225708887738,-0.5218335884359204,0.09751529757661752,0.0004997501249375312,0.0015697032041757154,-1.0636525532800327,0.0706783609836713,-1.2021821408080284,-0.925122965752037,3.494520479078799e-51,0.0005732427903695211,5.678595778503049e-51,dissociated
US,Military,Nobility,Military + Nobility,359101,131235,87,81.61190636772832,0.0916915865100898,-0.2261993908793096,0.353171119630483,0.14760549950031046,0.5287356321839081,0.0006629329066178992,-0.22221845839140736,0.10958769609495154,-0.4370103427375124,-0.0074265740453023366,0.04258389909309933,0.5498850574712644,0.0442872550568233,not distinguishable
US,Military,Kinship,Military + Kinship,359101,131235,323,337.97831488608244,-0.06529769615132618,-0.23080935624165014,0.08527928504314558,0.08010120659181216,0.4027986006996502,0.0024612336647997866,-0.2710521200913042,0.05729280376921256,-0.3833460154789608,-0.1587582247036476,2.234191062419274e-06,0.4303875459530509,2.5627485715985784e-06,not distinguishable
US,Military,Big business,Military + Big business,359101,131235,897,850.0288633325996,0.0775517432819047,-0.012971043339794937,0.16463927935882827,0.04484811034258931,0.0864567716141929,0.006835066864784547,-0.3109568411826303,0.034910777086898354,-0.37938196427295107,-0.2425317180923095,5.234343673405381e-19,0.09498067867474713,6.804646775426995e-19,not distinguishable
US,Military,Small business,Military + Small business,359101,131235,511,601.7420875788258,-0.23560929409583659,-0.36207385461414604,-0.11731044032917327,0.06279628028816782,0.0004997501249375312,0.0038937783365717987,-0.4077749261365392,0.04567747366206954,-0.4973027745141955,-0.3182470777588829,4.366692558187683e-19,0.0005732427903695211,5.772915585400665e-19,dissociated
US,Military,Academia,Military + Academia,359101,131235,1691,1508.113857434221,0.1650795940997054,0.10136161999511953,0.2285401985071648,0.03246876100848274,0.0004997501249375312,0.012885282127481235,-0.5727157863957978,0.02590722315247004,-0.6234939437746391,-0.5219376290169565,2.74213596000574e-108,0.0005732427903695211,5.941294580012436e-108,associated
US,Military,Exploration & Invention,Military + Exploration & Invention,359101,131235,957,419.5187233427346,1.1888188461184848,1.1054281697504602,1.266926053493527,0.04193741950907394,0.0004997501249375312,0.007292261972796891,0.6086376980683335,0.03477265384447693,0.5404832965331586,0.6767920996035083,1.3510089596798625e-68,0.0005732427903695211,2.3417488634450948e-68,associated
US,Military,Culture (core),Military + Culture (core),359101,131235,1278,2539.101930910786,-0.9901502193677927,-1.066788399608755,-0.9170415820539954,0.03805368078818974,0.0004997501249375312,0.009738255800662933,-2.051257547103652,0.02915304726220375,-2.1083975197375713,-1.9941175744697324,0.0,0.0005732427903695211,0.0,dissociated
US,Military,Culture (periphery),Military + Culture (periphery),359101,131235,418,1493.9922482817115,-1.8363558860936013,-1.9692091404050265,-1.7029026786204557,0.06827387662254701,0.0004997501249375312,0.003185125919152665,-1.6488146919784397,0.049738464784249176,-1.746302082955568,-1.5513273010013113,5.721889041826582e-241,0.0005732427903695211,1.7165667125479746e-240,dissociated
US,Military,Sport & Games,Military + Sport & Games,359101,131235,1841,890.0282840535621,1.0481480586579779,0.9892223053967744,1.1037527788205885,0.028722787588091617,0.0004997501249375312,0.014028269897512097,-1.3936980427729782,0.024774170601093583,-1.4422554171511215,-1.3451406683948348,0.0,0.0005732427903695211,0.0,associated
US,Religion,Nobility,Religion + Nobility,359101,131235,30,47.45864389236011,-0.6529816221352531,-1.2248048194056806,-0.18444059799246182,0.26596934987983356,0.015992003998001,0.00022859755400617213,-0.6526517766022398,0.18274903906996645,-1.010839893179374,-0.2944636600251056,0.00035521275166958474,0.01781966159777254,0.00037954239219489876,dissociated
US,Religion,Kinship,Religion + Kinship,359101,131235,235,196.53985801097775,0.2572395665095987,0.07224105353536478,0.4320572260655599,0.09186016731137409,0.0029985007496251873,0.001790680839715015,0.06065247258729129,0.06694792509381636,-0.07056546059658877,0.19187040577117134,0.36495441261210104,0.0033896095430545592,0.3745584761018932,associated
US,Religion,Big business,Religion + Big business,359101,131235,126,494.30553602509093,-1.9677242567675055,-2.2384246875411504,-1.734296180130958,0.12664699354846698,0.0004997501249375312,0.0009601097268259229,-1.6873218325049024,0.08972976595632803,-1.8631921737793053,-1.5114514912304995,6.939588287843786e-79,0.0005732427903695211,1.2588090382600356e-78,dissociated
US,Religion,Small business,Religion + Small business,359101,131235,212,349.922759073564,-0.7216336361324889,-0.9204592507879957,-0.5370469471804704,0.09735153951480334,0.0004997501249375312,0.0016154227149769496,-0.6597189337819366,0.0698637442439303,-0.79665187250004,-0.5227859950638332,3.6247409541704245e-21,0.0005732427903695211,4.874651628022295e-21,dissociated
US,Religion,Academia,Religion + Academia,359101,131235,1705,876.9926067724631,0.9587358796552552,0.89832205199102,1.014428295897971,0.02984863900114244,0.0004997501249375312,0.01299196098601745,0.18308472573640325,0.026925459788958373,0.13031082455004483,0.23585862692276166,1.0484596569352845e-11,0.0005732427903695211,1.2581515883223413e-11,associated
US,Religion,Exploration & Invention,Religion + Exploration & Invention,359101,131235,70,243.9569247113345,-1.793885110405369,-2.1557231411218085,-1.4721264496422461,0.17417690803258426,0.0004997501249375312,0.0005333942926810683,-1.4822009572684125,0.11992693288479678,-1.7172577457226141,-1.2471441688142109,4.344584716840768e-35,0.0005732427903695211,6.275511257658888e-35,dissociated
US,Religion,Culture (core),Religion + Culture (core),359101,131235,1445,1476.5288511033848,-0.031129398017093985,-0.09775829441069003,0.032811399175471025,0.03334676903908345,0.35132433783108447,0.011010782184630625,-1.1759071273344355,0.02856661223502993,-1.2318976873150942,-1.1199165673537768,0.0,0.38060136598367483,0.0,not distinguishable
US,Religion,Culture (periphery),Religion + Culture (periphery),359101,131235,433,868.780662587061,-1.0037900583327604,-1.1358705876823503,-0.8763007012388775,0.06746418141336108,0.0004997501249375312,0.003299424696155751,-0.9346793206383348,0.0493862123381491,-1.031476296821107,-0.8378823444555625,6.976571146672845e-80,0.0005732427903695211,1.2956489272392427e-79,dissociated
US,Religion,Sport & Games,Religion + Sport & Games,359101,131235,1790,517.565846295793,1.789155137087387,1.735376143954661,1.84504720765943,0.02861257742524846,0.0004997501249375312,0.013639654055701604,-0.6673947506197498,0.026238781562682393,-0.7188227624826073,-0.6159667387568923,1.0232687747127082e-142,0.0005732427903695211,2.494217638362226e-142,associated
US,Nobility,Kinship,Nobility + Kinship,359101,131235,148,47.74088342446442,1.6221346986832037,1.384765779268203,1.8303657908732263,0.11196279375849813,0.0004997501249375312,0.0011277479330971158,1.323159643401515,0.08610328922570004,1.1543971965191429,1.491922090283887,2.719906289517713e-53,0.0005732427903695211,4.513887033667694e-53,associated
US,Nobility,Big business,Nobility + Big business,359101,131235,125,120.07021481679895,0.05781381053127617,-0.19030099639049516,0.29592682931249453,0.12324122774340734,0.6401799100449775,0.0009524898083590505,0.03948670487613421,0.09248955640032512,-0.14179282566850304,0.22076623542077145,0.6694292226386691,0.6570267497830032,0.6694292226386691,not distinguishable
US,Nobility,Small business,Nobility + Small business,359101,131235,41,84.99864514792147,-1.0427902220902967,-1.5516469192381224,-0.653210610233018,0.2274582258205269,0.0004997501249375312,0.00031241665714176856,-0.6244009776497079,0.15711909939141558,-0.9323544124568824,-0.3164475428425334,7.0657279709549e-05,0.0005732427903695211,7.762349038513834e-05,dissociated
US,Nobility,Academia,Nobility + Academia,359101,131235,218,213.0275366419709,0.033211147045932865,-0.14720599584493507,0.20773973071451104,0.09104436900643777,0.7211394302848576,0.0016611422257781841,-0.28488113106809987,0.07186943989103475,-0.42574523325452795,-0.14401702888167175,7.374435985051065e-05,0.7305048774314142,7.988972317138654e-05,not distinguishable
US,Nobility,Exploration & Invention,Nobility + Exploration & Invention,359101,131235,17,59.25881508769653,-1.771796620245385,-2.5950613944537793,-1.2033601617575043,0.3494019801096721,0.0004997501249375312,0.00012953861393683088,-1.198000715452944,0.24031519408605406,-1.6690184958616099,-0.726982935044278,6.192252203910359e-07,0.0005732427903695211,7.208890625447881e-07,dissociated
US,Nobility,Culture (core),Nobility + Culture (core),359101,131235,459,358.65901434327793,0.3554421360939067,0.23996770653800345,0.46474230696729424,0.0564606081273429,0.0004997501249375312,0.003497542576294434,-0.5283568829434557,0.053324106624422773,-0.6328721319273244,-0.42384163395958707,3.827040813655598e-23,0.0005732427903695211,5.237003218686607e-23,associated
US,Nobility,Culture (periphery),Nobility + Culture (periphery),359101,131235,136,211.032798912886,-0.6319804245419469,-0.8860119865490113,-0.41058049856874784,0.12212709510632379,0.0004997501249375312,0.001036308911494647,-0.3882253052936945,0.0888710005713848,-0.5624124664136088,-0.21403814417378025,1.2515219576273028e-05,0.0005732427903695211,1.3945530384989947e-05,dissociated
US,Nobility,Sport & Games,Nobility + Sport & Games,359101,131235,319,125.72030417927542,1.339871925902803,1.1923117345139758,1.4755422630705688,0.07319806839068002,0.0004997501249375312,0.002430753990932297,-0.7348573676172414,0.06118266546245006,-0.8547753919236435,-0.6149393433108393,3.115299708274913e-33,0.0005732427903695211,4.4180614044626045e-33,associated
US,Kinship,Big business,Kinship + Big business,359101,131235,511,497.24520205349074,0.03932683061849149,-0.08201237860528963,0.15214523816486505,0.059883691221125045,0.5282358820589705,0.0038937783365717987,0.09989466338212073,0.04631021858517655,0.009126634955174684,0.19066269180906678,0.030999739367111555,0.5498850574712644,0.032675400954522996,not distinguishable
US,Kinship,Small business,Kinship + Small business,359101,131235,165,352.00377167092296,-1.0908074769096499,-1.3158001061087705,-0.8804565322827098,0.10920890912428037,0.0004997501249375312,0.0012572865470339468,-0.5980466953365262,0.07907161841734925,-0.7530270674345307,-0.4430663232385217,3.928046078911004e-14,0.0005732427903695211,5.02274744516489e-14,dissociated
US,Kinship,Academia,Kinship + Academia,359101,131235,632,882.2081368149102,-0.4808710167594475,-0.5926669024580655,-0.3746723573386506,0.055596299805067334,0.0004997501249375312,0.00481578847106336,-0.6118943714006164,0.04179104874846524,-0.6938048269476083,-0.5299839158536246,1.520871287179778e-48,0.0005732427903695211,2.3260384392161312e-48,dissociated
US,Kinship,Exploration & Invention,Kinship + Exploration & Invention,359101,131235,115,245.4077518449606,-1.0902243626420276,-1.3608543484698343,-0.8542345450507147,0.1281559286706665,0.0004997501249375312,0.0008762906236903265,-0.6616132954679719,0.09429847899140922,-0.8464383142911339,-0.4767882766448098,2.280475258467262e-12,0.0005732427903695211,2.823445558102324e-12,dissociated
US,Kinship,Culture (core),Kinship + Culture (core),359101,131235,2298,1485.3098607971958,0.6294431602621485,0.5789092789886561,0.6763218192848541,0.025159828633918514,0.0004997501249375312,0.017510572636872786,-0.17660771030623335,0.025179731145406184,-0.22595998335122947,-0.12725543726123723,2.317918001891767e-12,0.0005732427903695211,2.824962564805591e-12,associated
US,Kinship,Culture (periphery),Kinship + Culture (periphery),359101,131235,379,873.9473556823376,-1.2042716466111894,-1.3479276979577854,-1.0680493483984679,0.07224403194608453,0.0004997501249375312,0.0028879490989446414,-0.7466035950317517,0.05295426547316658,-0.8503939553591582,-0.6428132347043451,3.850443458167575e-45,0.0005732427903695211,5.666690372397564e-45,dissociated
US,Kinship,Sport & Games,Kinship + Sport & Games,359101,131235,1329,520.6438428483918,1.3511302409955979,1.280598156401164,1.4200148152085106,0.03523662929671437,0.0004997501249375312,0.010126871642473426,-0.6528917886774842,0.03039453366343967,-0.7124650746578259,-0.5933185026971425,2.3660559880709483e-102,0.0005732427903695211,4.856641238671947e-102,associated
US,Big business,Small business,Big business + Small business,359101,131235,1503,885.3034432788215,0.7632663575475716,0.6919183327750217,0.8276802792297359,0.03362960183476283,0.0004997501249375312,0.011452737455709223,0.6754624728708628,0.028269592581816154,0.6200540714105032,0.7308708743312224,3.569410538623314e-126,0.0005732427903695211,8.436788545836924e-126,associated
US,Big business,Academia,Big business + Academia,359101,131235,1549,2218.788445087986,-0.5182944345818171,-0.5847462011376078,-0.4523458239796513,0.034501814821375425,0.0004997501249375312,0.011803253705185354,-0.8026232549172047,0.02680405403594235,-0.8551592008276516,-0.7500873090067577,5.251359182488882e-197,0.0005732427903695211,1.4628786294076169e-196,dissociated
US,Big business,Exploration & Invention,Big business + Exploration & Invention,359101,131235,1148,617.2102267096385,0.894748735690657,0.8176802740418382,0.9663183365614159,0.037862146667692054,0.0004997501249375312,0.00874766639996952,0.6948696459570229,0.03212678137049828,0.6319011544708463,0.7578381374431996,9.587109661898588e-104,0.0005732427903695211,2.0210663611569998e-103,associated
US,Big business,Culture (core),Big business + Culture (core),359101,131235,2288,3735.613194875222,-0.7071358738186454,-0.7607579188824772,-0.6538293032409245,0.027322444842070092,0.0004997501249375312,0.017434373452204062,-1.5374421960242395,0.022384231050362177,-1.5813152888829494,-1.4935691031655296,0.0,0.0005732427903695211,0.0,dissociated
US,Big business,Culture (periphery),Big business + Culture (periphery),359101,131235,1391,2198.0122529860555,-0.659886664487343,-0.7309832710796459,-0.5934774674397286,0.035312577634093185,0.0004997501249375312,0.010599306587419515,-0.49295232672862077,0.028291453827862578,-0.5484035762312314,-0.4375010772260101,5.418037642262696e-68,0.0005732427903695211,9.187107306445441e-68,dissociated
US,Big business,Sport & Games,Big business + Sport & Games,359101,131235,2357,1309.4399091453643,0.8477571383486262,0.796379897422574,0.9012568571402637,0.02684014337133021,0.0004997501249375312,0.017960147826418256,-1.2477948658444205,0.022128568851745578,-1.2911668607938418,-1.204422870894999,0.0,0.0005732427903695211,0.0,associated
US,Small business,Academia,Small business + Academia,359101,131235,1959,1570.6977120853462,0.31862083896760296,0.2613169237339436,0.37458435930756745,0.029349479006950095,0.0004997501249375312,0.014927420276603041,0.016207556101955605,0.024885560552713393,-0.03256814258136265,0.06498325478527385,0.5148634683364587,0.0005732427903695211,0.5215500068862828,associated
US,Small business,Exploration & Invention,Small business + Exploration & Invention,359101,131235,794,436.9279518805424,0.861001807255948,0.7700659557784378,0.9542428599576124,0.04773324313160319,0.0004997501249375312,0.006050215262696689,0.7831223750276749,0.03801273267356246,0.7086174189874925,0.8576273310678573,2.65630510449091e-94,0.0005732427903695211,5.179794953757274e-94,associated
US,Small business,Culture (core),Small business + Culture (core),359101,131235,2295,2644.4698283047283,-0.20444283327449944,-0.255623388477078,-0.1526708235063451,0.026256310198467775,0.0004997501249375312,0.01748771288147217,-0.9593384434666928,0.023151592319331848,-1.0047155644125834,-0.9139613225208024,0.0,0.0005732427903695211,0.0,dissociated
US,Small business,Culture (periphery),Small business + Culture (periphery),359101,131235,831,1555.9900830310341,-0.9045082162721606,-0.9952448807277602,-0.8110802945667248,0.04712618737997854,0.0004997501249375312,0.006332152245970968,-0.5370289116678572,0.03622948196322116,-0.6080386963157707,-0.4660191270199437,1.040624057100016e-49,0.0005732427903695211,1.6565036010979848e-49,dissociated
US,Small business,Sport & Games,Small business + Sport & Games,359101,131235,1158,926.9627638277644,0.3208967781322974,0.24175246682295123,0.39654404982214564,0.039699219081885256,0.0004997501249375312,0.008823865584638244,-1.5014121204810356,0.03093182181392123,-1.5620384912363212,-1.44078574972575,0.0,0.0005732427903695211,0.0,associated
US,Academia,Exploration & Invention,Academia + Exploration & Invention,359101,131235,2804,1095.0490459836424,1.3560895100895705,1.3144214132628387,1.3969959116692021,0.021262146206691142,0.0004997501249375312,0.021366251381110223,0.8664580223135493,0.02270383353970243,0.8219585085757325,0.9109575360513661,0.0,0.0005732427903695211,0.0,associated
US,Academia,Culture (core),Academia + Culture (core),359101,131235,9813,6627.69262106936,0.5661522384994467,0.5463677970522712,0.5870239154376607,0.010536809588184815,0.0004997501249375312,0.0747742599154189,-0.8527301417850427,0.0118520330767129,-0.8759601266154,-0.8295001569546854,0.0,0.0005732427903695211,0.0,associated
US,Academia,Culture (periphery),Academia + Culture (periphery),359101,131235,2590,3899.694328663574,-0.5903154250060407,-0.6406067570390308,-0.5437994287596755,0.024733461731148453,0.0004997501249375312,0.019735588829199527,-0.7830827126896145,0.021004179046491475,-0.8242509036207378,-0.7419145217584912,3.1847239227187594e-304,0.0005732427903695211,9.93633863888253e-304,dissociated
US,Academia,Sport & Games,Academia + Sport & Games,359101,131235,1087,2323.1969614740447,-1.0954065349562219,-1.1831552538563217,-1.0117729965110724,0.042945000646590535,0.0004997501249375312,0.008282851373490304,-3.101109585713253,0.030894039022778312,-3.1616619021978987,-3.0405572692286076,0.0,0.0005732427903695211,0.0,dissociated
US,Exploration & Invention,Culture (core),Exploration & Invention + Culture (core),359101,131235,955,1843.6546639983073,-0.9486318772492439,-1.0356826672141985,-0.8662690789634788,0.04338391086931515,0.0004997501249375312,0.007277022135863146,-1.6292005226024449,0.03416252549983121,-1.696159072582114,-1.5622419726227756,0.0,0.0005732427903695211,0.0,dissociated
US,Exploration & Invention,Culture (periphery),Exploration & Invention + Culture (periphery),359101,131235,562,1084.7952746559797,-0.9481626065059876,-1.0632860163811286,-0.8381418205549509,0.05851687628432947,0.0004997501249375312,0.004282394178382292,-0.6379123591496451,0.0437411484323629,-0.7236450100770764,-0.5521797082222137,3.5610530970661075e-48,0.0005732427903695211,5.341579645599161e-48,dissociated
US,Exploration & Invention,Sport & Games,Exploration & Invention + Sport & Games,359101,131235,1083,646.2540069815791,0.7444101611259091,0.6595642846612271,0.8202994432839549,0.04102230533002626,0.0004997501249375312,0.008252371699622814,-1.2380478677110704,0.03234462525242945,-1.3014433332058322,-1.1746524022163087,0.0,0.0005732427903695211,0.0,associated
US,Culture (core),Culture (periphery),Culture (core) + Culture (periphery),359101,131235,18685,6565.632529043585,1.5088033946189638,1.4954005860457211,1.5229862949891348,0.007152937939820769,0.0004997501249375312,0.14237817655351087,0.8969739540566264,0.011334747358280675,0.8747578492343963,0.9191900588788565,0.0,0.0005732427903695211,0.0,associated
US,Culture (core),Sport & Games,Culture (core) + Sport & Games,359101,131235,3598,3911.3982420402926,-0.12047318442915358,-0.16055887762426022,-0.07948601957970418,0.020814069730874237,0.0004997501249375312,0.02741646664380691,-3.140994798299859,0.017427443490931893,-3.175152587542086,-3.1068370090576325,0.0,0.0005732427903695211,0.0,dissociated
US,Culture (periphery),Sport & Games,Culture (periphery) + Sport & Games,359101,131235,2013,2301.4431135715727,-0.1931467092393668,-0.25298865834648765,-0.13719291743931675,0.02925899679812583,0.0004997501249375312,0.01533889587381415,-1.9986788645941955,0.023264940848073585,-2.04427814865642,-1.9530795805319714,0.0,0.0005732427903695211,0.0,dissociated
Germany,Politics,Administration & Law,Politics + Administration & Law,250412,97598,8086,2320.5949520472113,1.8007098681999105,1.7792087541944595,1.822422916865347,0.010957747593101788,0.0004997501249375312,0.08285005840283613,1.08062889423101,0.015199422683890974,1.0508380257705838,1.1104197626914363,0.0,0.0005413959686823255,0.0,associated
Germany,Politics,Military,Politics + Military,250412,97598,2299,1031.1013058966917,1.1564346931796246,1.1123528545779569,1.2013385776784675,0.02305738979899386,0.0004997501249375312,0.023555810569888726,-0.07570800313776481,0.023626967167168264,-0.1220168587854146,-0.02939914749011501,0.0013538908546662295,0.0005413959686823255,0.0014667150925550818,associated
Germany,Politics,Religion,Politics + Religion,250412,97598,706,1119.8338847909,-0.6651672863852187,-0.7646092209240613,-0.5641335991015239,0.05143397772115139,0.0004997501249375312,0.0072337547900571736,-1.2621211640563146,0.03925082538201771,-1.3390527818050693,-1.18518954630756,7.452598173722934e-227,0.0005413959686823255,2.0044919225875476e-226,dissociated
Germany,Politics,Nobility,Politics + Nobility,250412,97598,1077,867.5788942231762,0.3117897981078231,0.23369928188697553,0.3893061907630998,0.039982858294916865,0.0004997501249375312,0.011035062193897415,-0.3871414838902966,0.03325695041651255,-0.4523251067066612,-0.32195786107393204,2.5524870551577267e-31,0.0005413959686823255,3.3182331717050444e-31,associated
Germany,Politics,Kinship,Politics + Kinship,250412,97598,243,644.7379853822199,-1.4059096006394982,-1.5915432940577028,-1.2368752536898273,0.0904762013520628,0.0004997501249375312,0.0024898051189573556,-1.5019303706337899,0.06598685484089628,-1.6312646061219467,-1.372596135145633,1.1153254167089634e-114,0.0005413959686823255,2.1218385976414425e-114,dissociated
Germany,Politics,Big business,Politics + Big business,250412,97598,2142,1172.034397404146,0.8696649581544998,0.8163307535824554,0.9185309838406885,0.025660422718694176,0.0004997501249375312,0.021947171048587063,0.03146476466762827,0.024660682585658976,-0.016870173200263322,0.07979970253551986,0.20198800733170286,0.0005413959686823255,0.20461122820614056,associated
Germany,Politics,Small business,Politics + Small business,250412,97598,2886,2089.981315580298,0.46548607650567525,0.4199697787923209,0.509176953616569,0.0227179601811834,0.0004997501249375312,0.029570278079468843,-0.09553374669804489,0.021195066136329335,-0.13707607632525037,-0.05399141707083939,6.563989236084562e-06,0.0005413959686823255,7.314159434494226e-06,associated
Germany,Politics,Academia,Politics + Academia,250412,97598,4614,6478.352369916159,-0.4895639498582382,-0.522889559404127,-0.4553073412098205,0.017238324566674464,0.0004997501249375312,0.04727555892538782,-1.5455652572157337,0.016185442153420316,-1.5772887238364375,-1.5138417905950299,0.0,0.0005413959686823255,0.0,dissociated
Germany,Politics,Exploration & Invention,Politics + Exploration & Invention,250412,97598,368,607.0680463582141,-0.7213813772925837,-0.8671200480864444,-0.5900464623140331,0.07170958227434485,0.0004997501249375312,0.0037705690690383,-1.1158088192335536,0.054356950273000956,-1.2223484417686354,-1.0092691966984717,1.2246876397368643e-93,0.0005413959686823255,2.171037179533532e-93,dissociated
Germany,Politics,Culture (core),Politics + Culture (core),250412,97598,1929,6696.258909782141,-1.79523598659847,-1.8554376347385964,-1.7368324562077524,0.029957893198477602,0.0004997501249375312,0.01976474927764913,-2.7613661337453057,0.023675804731397396,-2.807770711018845,-2.7149615564717666,0.0,0.0005413959686823255,0.0,dissociated
Germany,Politics,Culture (periphery),Politics + Culture (periphery),250412,97598,1501,2982.8550045403776,-0.9905311865917515,-1.0585879806608205,-0.9227506644263695,0.03442182499792326,0.0004997501249375312,0.01537941351257198,-1.34391541183103,0.027166113208014483,-1.3971609937187384,-1.2906698299433215,0.0,0.0005413959686823255,0.0,dissociated
Germany,Politics,Sport & Games,Politics + Sport & Games,250412,97598,818,658.6029349284903,0.31247862200626375,0.2237456067834051,0.3931236843481056,0.04455017433966699,0.0004997501249375312,0.008381319289329699,-2.3910971663472975,0.035775196682237435,-2.461216551844483,-2.320977780850112,0.0,0.0005413959686823255,0.0,associated
Germany,Administration & Law,Military,Administration & Law + Military,250412,97598,565,565.6143250305051,-0.001566406049245321,-0.11824895837394912,0.10415849599266826,0.05736337837015213,0.9810094952523738,0.005789053054365868,-0.7032837683530043,0.04363832330347354,-0.7888148820278125,-0.6177526546781962,1.9632867067693983e-58,0.9810094952523738,2.9449300601540972e-58,not distinguishable
Germany,Administration & Law,Religion,Administration & Law + Religion,250412,97598,211,614.2888999073332,-1.5394334538740728,-1.7383159328472444,-1.357891451323851,0.09712479236843714,0.0004997501249375312,0.0021619295477366338,-1.5638482233529094,0.06982107261012177,-1.700697525668748,-1.4269989210370708,4.121982547654319e-111,0.0005413959686823255,7.655110445643735e-111,dissociated
Germany,Administration & Law,Nobility,Administration & Law + Nobility,250412,97598,596,475.91351874004874,0.324307786132184,0.21510928761632478,0.4284618897168728,0.05473863221552484,0.0004997501249375312,0.006106682513985942,-0.08799724344325065,0.04325643734629443,-0.17277986064198775,-0.0032146262445135604,0.041919789618184836,0.0005413959686823255,0.04418572419214077,associated
Germany,Administration & Law,Kinship,Administration & Law + Kinship,250412,97598,56,353.6733377583652,-2.6481328371580206,-3.046281365702885,-2.3127394773253367,0.18989561674957864,0.0004997501249375312,0.000573782249636263,-2.051000987258238,0.13402960220495533,-2.3136990075799506,-1.7883029669365256,7.346565711959811e-53,0.0005413959686823255,1.0611706028386395e-52,dissociated
Germany,Administration & Law,Big business,Administration & Law + Big business,250412,97598,449,642.9236786037981,-0.5174479137785759,-0.6408645927562424,-0.3977793569995372,0.06374555457533833,0.0004997501249375312,0.004600504108690752,-0.7807115351019007,0.04872067580064345,-0.8762040596711619,-0.6852190105326396,8.655011892194057e-58,0.0005413959686823255,1.2737564671530876e-57,dissociated
Germany,Administration & Law,Small business,Administration & Law + Small business,250412,97598,497,1146.4667578034832,-1.2050551479893146,-1.3291918939321645,-1.08331721389578,0.06283607326011473,0.0004997501249375312,0.0050923174655218345,-1.1072221641934021,0.04612235505856701,-1.1976219801081935,-1.0168223482786107,2.3960487308082105e-127,0.0005413959686823255,5.05112975683893e-127,dissociated
Germany,Administration & Law,Academia,Administration & Law + Academia,250412,97598,3224,3553.72346253922,-0.1404589203644141,-0.18346206400541565,-0.09876403850722032,0.021263911827776955,0.0004997501249375312,0.03303346380048772,-0.8575931997329387,0.019672756648427277,-0.8961518027638562,-0.8190345967020212,0.0,0.0005413959686823255,0.0,dissociated
Germany,Administration & Law,Exploration & Invention,Administration & Law + Exploration & Invention,250412,97598,93,333.00935739760513,-1.8346889701027451,-2.151200762285719,-1.570570363260905,0.14810824541457593,0.0004997501249375312,0.0009528883788602225,-1.5934829041041663,0.10464385064084956,-1.7985848513602314,-1.3883809568481011,2.3167307583956515e-52,0.0005413959686823255,3.2855454391792876e-52,dissociated
Germany,Administration & Law,Culture (core),Administration & Law + Culture (core),250412,97598,1153,3673.2568776955954,-1.6712381507493606,-1.7503809886531543,-1.5960903187306994,0.03906166098167647,0.0004997501249375312,0.01181376667554663,-2.247147959641735,0.030598010311701278,-2.3071200598526693,-2.1871758594308006,0.0,0.0005413959686823255,0.0,dissociated
Germany,Administration & Law,Culture (periphery),Administration & Law + Culture (periphery),250412,97598,560,1636.2558270545042,-1.5460528369661815,-1.6683312148206901,-1.4338818853781194,0.0591600466190077,0.0004997501249375312,0.005737822496362631,-1.4126378938337854,0.04336985027644713,-1.4976428003756217,-1.327632987291949,1.0259564665796356e-232,0.0005413959686823255,2.858021585471842e-232,dissociated
Germany,Administration & Law,Sport & Games,Administration & Law + Sport & Games,250412,97598,187,361.2790056343997,-0.9482180938709371,-1.1627218571376297,-0.7431883249108616,0.10571332341383922,0.0004997501249375312,0.0019160228693210926,-2.920639159758828,0.07359929561342889,-3.0648937791611486,-2.7763845403565073,0.0,0.0005413959686823255,0.0,dissociated
Germany,Military,Religion,Military + Religion,250412,97598,81,272.9446973645779,-1.7463771211927674,-2.0790695267994552,-1.4671401335761816,0.15604694290724583,0.0004997501249375312,0.0008299350396524519,-1.989245056778652,0.11156556839413881,-2.207913570831164,-1.77057654272614,4.113734405275034e-71,0.0005413959686823255,6.548393543090871e-71,dissociated
Germany,Military,Nobility,Military + Nobility,250412,97598,1101,211.46087999280041,2.377599567818129,2.298408738965754,2.447809330006547,0.03816195522507826,0.0004997501249375312,0.011280968872312957,1.2077452800029438,0.033921895393795955,1.1412583650311037,1.274232194974784,1.227534799836917e-277,0.0005413959686823255,3.682604399510751e-277,associated
Germany,Military,Kinship,Military + Kinship,250412,97598,114,157.14635598159006,-0.46134422397908537,-0.7291281093470181,-0.22216157481562893,0.13040309401696587,0.0009995002498750624,0.0011680567224738212,-0.7819573531720225,0.09504156345906581,-0.9682388175517915,-0.5956758887922535,1.9111262774654983e-16,0.001067959171099382,2.224893278243416e-16,dissociated
Germany,Military,Big business,Military + Big business,250412,97598,123,285.6678818573911,-1.212350718006992,-1.486480007879862,-0.9824365237078581,0.12907355772484636,0.0004997501249375312,0.0012602717268796492,-1.5720223520130232,0.09096270275174838,-1.75030924940645,-1.3937354546195964,6.421959607356082e-67,0.0005413959686823255,1.0018256987475487e-66,dissociated
Germany,Military,Small business,Military + Small business,250412,97598,788,509.4053014704083,0.6288814173134687,0.5375639452468267,0.7152241874890737,0.04634103184490297,0.0004997501249375312,0.008073935941310274,-0.04081800933573735,0.037708456649236125,-0.11472658436824015,0.033090565696765446,0.2790468449511132,0.0005413959686823255,0.2790468449511132,associated
Germany,Military,Academia,Military + Academia,250412,97598,806,1579.012700940045,-0.9697330994203202,-1.065079752361545,-0.8819295378338796,0.04714134542750026,0.0004997501249375312,0.00825836595012193,-1.8351685826119686,0.03666377873846099,-1.907029588939352,-1.7633075762845851,0.0,0.0005413959686823255,0.0,dissociated
Germany,Military,Exploration & Invention,Military + Exploration & Invention,250412,97598,174,147.9648066051223,0.23310605391841002,0.016513941121169107,0.425494084596509,0.10362284269907182,0.02498750624687656,0.0017828234185126744,-0.39948972581277264,0.07759700247072064,-0.5515798506553851,-0.2473996009701602,2.629106157114722e-07,0.025987006496751622,2.9720330471731637e-07,associated
Germany,Military,Culture (core),Military + Culture (core),250412,97598,659,1632.1245377805496,-1.3077484812009608,-1.413356995805553,-1.2089586018266696,0.05271215604938948,0.0004997501249375312,0.006752187544826738,-2.256323764085829,0.04022608036121903,-2.335166881593818,-2.17748064657784,0.0,0.0005413959686823255,0.0,dissociated
Germany,Military,Culture (periphery),Military + Culture (periphery),250412,97598,140,727.0314531058439,-2.3724394904392128,-2.6122434245657407,-2.1442835078061733,0.12044684549032844,0.0004997501249375312,0.0014344556240906577,-2.285158503892667,0.08511323744476507,-2.451980449284407,-2.1183365585009275,8.793500582412603e-159,0.0005413959686823255,2.0173324865534797e-158,dissociated
Germany,Military,Sport & Games,Military + Sport & Games,250412,97598,430,160.52575404167692,1.4187217899232438,1.2872415123132883,1.5509620085415419,0.06607130217972673,0.0004997501249375312,0.004405827988278448,-1.5064690160586143,0.04939767150517283,-1.603288452208753,-1.4096495799084756,2.8766830620131233e-204,0.0005413959686823255,7.47937596123412e-204,associated
Germany,Religion,Nobility,Religion + Nobility,250412,97598,379,229.65838309913423,0.7214728945875674,0.5820102956024726,0.857629768203528,0.07050341574867187,0.0004997501249375312,0.0038832762966454232,0.14671410750683564,0.05359345088868716,0.04167094376500881,0.2517572712486625,0.0061900971190588655,0.0005413959686823255,0.006614076373788924,associated
Germany,Religion,Kinship,Religion + Kinship,250412,97598,179,170.6697618296192,0.06855598057730915,-0.14941843882264552,0.25841586029352825,0.1050597123655358,0.5322338830584707,0.0018340539765159122,-0.14335180666831185,0.0767317492002328,-0.29374603510076813,0.007042421764144435,0.061731379153395334,0.5462400378757989,0.06335588913111627,not distinguishable
Germany,Religion,Big business,Religion + Big business,250412,97598,46,310.25135170607734,-2.740458045392284,-3.1869271846537055,-2.367038033702359,0.20968007086729068,0.0004997501249375312,0.0004713211336297875,-2.3945843479170934,0.1472920322466324,-2.683276731120493,-2.105891964713694,1.9798699254996208e-59,0.0005413959686823255,3.028036356646479e-59,dissociated
Germany,Religion,Small business,Religion + Small business,250412,97598,184,553.2427458062414,-1.585595077774017,-1.8039852270174837,-1.3881832271512644,0.10600655378869814,0.0004997501249375312,0.00188528453451915,-1.4142189514311234,0.07470762204121068,-1.5606458906318963,-1.2677920122303505,6.450226023465748e-80,0.0005413959686823255,1.1180391774007297e-79,dissociated
Germany,Religion,Academia,Religion + Academia,250412,97598,3951,1714.8964092234653,1.203858402303291,1.1725663752152702,1.2339548752618128,0.015683224071313156,0.0004997501249375312,0.04048238693415849,0.3768413578421342,0.020477054456537698,0.3367063311073203,0.4169763845769481,1.2405143622903328e-75,0.0005413959686823255,2.058725962949914e-75,associated
Germany,Religion,Exploration & Invention,Religion + Exploration & Invention,250412,97598,35,160.69808392770068,-2.182943665721326,-2.7480912522332557,-1.7724168125120823,0.2462729771206728,0.0004997501249375312,0.0003586139060226644,-1.864355147255086,0.1687206520194472,-2.1950476252132027,-1.5336626692969695,2.1933152816060213e-28,0.0005413959686823255,2.7593321284720915e-28,dissociated
Germany,Religion,Culture (core),Religion + Culture (core),250412,97598,1759,1772.5788447294112,-0.011091176898605809,-0.07102893541007912,0.0450499301591151,0.029691827303570714,0.711144427786107,0.01802291030553905,-0.9595181060545181,0.02640936851717294,-1.011280468348177,-0.9077557437608592,4.967581282843606e-289,0.7203800697054071,1.6144639169241718e-288,not distinguishable
Germany,Religion,Culture (periphery),Religion + Culture (periphery),250412,97598,248,789.5969599113884,-1.6687838584639347,-1.865554717276465,-1.5010633665996214,0.09092045584795079,0.0004997501249375312,0.0025410356769605936,-1.530065952578051,0.06454459402369805,-1.6565733568644991,-1.4035585482916026,3.15950557032185e-124,0.0005413959686823255,6.319011140643699e-124,dissociated
Germany,Religion,Sport & Games,Religion + Sport & Games,250412,97598,104,174.33997777856598,-0.7425321575695334,-1.050729999903426,-0.49021397506367925,0.14437333240137515,0.0004997501249375312,0.0010655956064673457,-2.790566512107493,0.09847846431101333,-2.983584302157079,-2.597548722057907,1.2166474091540878e-176,0.0005413959686823255,2.875712058000571e-176,dissociated
Germany,Nobility,Kinship,Nobility + Kinship,250412,97598,1833,132.22450691704336,3.7880935792014805,3.7404979540190118,3.8361368552801323,0.024463070278681734,0.0004997501249375312,0.018781122563986966,3.248502817847789,0.03260136179302638,3.1846041487334573,3.3124014869621203,0.0,0.0005413959686823255,0.0,associated
Germany,Nobility,Big business,Nobility + Big business,250412,97598,114,240.36379707751422,-1.0728699679327631,-1.3433992530764816,-0.8231060392939312,0.1338720061488609,0.0004997501249375312,0.0011680567224738212,-1.1193157616898948,0.09467387669562305,-1.3048765600133159,-0.9337549633664736,2.973933937643008e-32,0.0005413959686823255,3.9316414768839764e-32,dissociated
Germany,Nobility,Small business,Nobility + Small business,250412,97598,185,428.61868725574135,-1.2099575420755735,-1.4320707373591215,-1.0108850719073217,0.10611813405347566,0.0004997501249375312,0.0018955306461197975,-1.0443417681605027,0.0747758658144244,-1.1909024651567746,-0.8977810711642309,2.503153512569178e-44,0.0005413959686823255,3.486535249649927e-44,dissociated
Germany,Nobility,Academia,Nobility + Academia,250412,97598,275,1328.5969915968378,-2.270322166024755,-2.443561463435136,-2.1163482781396175,0.08369953297367183,0.0004997501249375312,0.0028176806901780774,-2.4172249845137888,0.06152033125890278,-2.5378048337812382,-2.2966451352463393,0.0,0.0005413959686823255,0.0,dissociated
Germany,Nobility,Exploration & Invention,Nobility + Exploration & Invention,250412,97598,37,124.49905995103059,-1.7369547444935183,-2.255707875680116,-1.3182773892559743,0.23948741822877356,0.0004997501249375312,0.0003791061292239595,-1.4510342554696798,0.1643244508099557,-1.773110179057193,-1.1289583318821665,1.043950123859507e-18,0.0005413959686823255,1.2337592372885082e-18,dissociated
Germany,Nobility,Culture (core),Nobility + Culture (core),250412,97598,378,1373.2858193703364,-1.859791892414468,-1.9990793345512892,-1.726069508341928,0.07143162550277883,0.0004997501249375312,0.0038730301850447755,-2.2858293085606305,0.05289134585954877,-2.389496346445346,-2.182162270675915,0.0,0.0005413959686823255,0.0,dissociated
Germany,Nobility,Culture (periphery),Nobility + Culture (periphery),250412,97598,124,611.7314957743192,-2.297931522807774,-2.5638487885107866,-2.05705302376996,0.1283006409085163,0.0004997501249375312,0.0012705178384802968,-1.876302528553538,0.09061749281292462,-2.0539128144668704,-1.6986922426402058,3.0745643614244654e-95,0.0005413959686823255,5.577116748630425e-95,dissociated
Germany,Nobility,Sport & Games,Nobility + Sport & Games,250412,97598,60,135.06796605664786,-1.1640092705689247,-1.563326594952874,-0.8357502739801447,0.18410487617087323,0.0004997501249375312,0.0006147666960388533,-2.9821798036802685,0.12921080248079228,-3.2354329765426213,-2.7289266308179156,7.361045978713085e-118,0.0005413959686823255,1.4354039658490517e-117,dissociated
Germany,Kinship,Big business,Kinship + Big business,250412,97598,233,178.62544987950375,0.3824522220665587,0.193539555667027,0.547849565957405,0.0902185581019669,0.0004997501249375312,0.00238734400295088,0.1309325632913058,0.06783760715697253,-0.002029146736360371,0.263894273318972,0.05359591356109039,0.0005413959686823255,0.055739750103534005,associated
Germany,Kinship,Small business,Kinship + Small business,250412,97598,102,318.52636199256244,-1.638051732894342,-1.9504802406694681,-1.3780320784959288,0.14399574365324047,0.0004997501249375312,0.0010451033832660505,-1.154766660111132,0.100187930217476,-1.3511350033373848,-0.958398316884879,9.756616473192526e-31,0.0005413959686823255,1.247567352309864e-30,dissociated
Germany,Kinship,Academia,Kinship + Academia,250412,97598,521,987.341846892223,-0.9216128326195494,-1.0368951123649521,-0.8103262847178835,0.057224624538961294,0.0004997501249375312,0.005338224143937376,-1.1995778906744765,0.046619867990312404,-1.2909528319354888,-1.1082029494134642,5.254620165047992e-146,0.0005413959686823255,1.1385010357603983e-145,dissociated
Germany,Kinship,Exploration & Invention,Kinship + Exploration & Invention,250412,97598,26,92.52100717212606,-1.8115642008528372,-2.4759880964294063,-1.3372539037199782,0.2851189502800616,0.0004997501249375312,0.0002663989016168364,-1.3093788256099608,0.1953244959516166,-1.6922148376751294,-0.9265428135447922,2.0333548435394847e-11,0.0005413959686823255,2.3323776146482324e-11,dissociated
Germany,Kinship,Culture (core),Kinship + Culture (core),250412,97598,776,1020.5521808222306,-0.39499876723468497,-0.4852694207310107,-0.31243461621047713,0.043937831734933645,0.0004997501249375312,0.007950982602102502,-0.9361190338998299,0.039463961075326084,-1.013468397607469,-0.8587696701921907,2.196957866897203e-124,0.0005413959686823255,4.509545095210048e-124,dissociated
Germany,Kinship,Culture (periphery),Kinship + Culture (periphery),250412,97598,157,454.6059555004912,-1.5308506368735249,-1.7721847464655522,-1.324796132813287,0.11377164110957029,0.0004997501249375312,0.001608639521301666,-1.130877862901723,0.08132381207829877,-1.2902725345751886,-0.9714831912282575,5.835795148802354e-44,0.0005413959686823255,7.98582494046638e-44,dissociated
Germany,Kinship,Sport & Games,Kinship + Sport & Games,250412,97598,371,100.37524991085807,1.8807899630877405,1.7384664435375434,2.0101514465393038,0.06976350761258583,0.0004997501249375312,0.003801307403840243,-0.5908911929206829,0.054361680336752115,-0.6974400863807171,-0.4843422994606488,1.6085697412471572e-27,0.0005413959686823255,1.9915625367821945e-27,associated
Germany,Big business,Small business,Big business + Small business,250412,97598,1716,579.0318876806526,1.566509907114596,1.5055735834020263,1.6247463932541761,0.02997313356410972,0.0004997501249375312,0.017582327506711203,1.072656047935809,0.02766753162474022,1.0184276859513182,1.1268844099202997,0.0,0.0005413959686823255,0.0,associated
Germany,Big business,Academia,Big business + Academia,250412,97598,1084,1794.8354723790646,-0.7272233950028743,-0.806936788753115,-0.6505375750415001,0.04024713591971523,0.0004997501249375312,0.011106784975101949,-1.3298714078337082,0.03231533171586543,-1.3932094579968044,-1.266533357670612,0.0,0.0005413959686823255,0.0,dissociated
Germany,Big business,Exploration & Invention,Big business + Exploration & Invention,250412,97598,652,168.18894705563577,1.9516124541413529,1.8547025225683482,2.045133512324432,0.04900488937517833,0.0004997501249375312,0.006680464763622205,1.2344868882756743,0.04316939983633785,1.149874864596452,1.3190989119548966,7.460792754064375e-180,0.0005413959686823255,1.8185682338031914e-179,associated
Germany,Big business,Culture (core),Big business + Culture (core),250412,97598,753,1855.2067465985785,-1.3002893255044063,-1.3980903779791751,-1.2033695443777366,0.04959685245372024,0.0004997501249375312,0.007715322035287608,-1.937980477933039,0.03800674916974617,-2.0124737063057414,-1.8634872495603365,0.0,0.0005413959686823255,0.0,dissociated
Germany,Big business,Culture (periphery),Big business + Culture (periphery),250412,97598,445,826.4036386742224,-0.8922937862748574,-1.0253131530660144,-0.7683828800848229,0.06684167147764725,0.0004997501249375312,0.0045595196622881615,-0.9242005961733476,0.04886848917118313,-1.0199828349488664,-0.8284183573978287,9.085465897257828e-80,0.0005413959686823255,1.5405789999698055e-79,dissociated
Germany,Big business,Sport & Games,Big business + Sport & Games,250412,97598,479,182.46675116221155,1.3899493104035467,1.2590207258661232,1.5060209407559801,0.06202701761241706,0.0004997501249375312,0.004907887456710179,-1.22415958931372,0.04708830329120014,-1.3164526637644722,-1.1318665148629679,5.339758682129182e-149,0.0005413959686823255,1.190003363445932e-148,associated
Germany,Small business,Academia,Small business + Academia,250412,97598,2913,3200.565282146312,-0.13579878865010722,-0.17784323288656917,-0.09234378197970118,0.022244045513172956,0.0004997501249375312,0.029846923092686325,-0.6373397366787679,0.020960824755511833,-0.678422953199571,-0.5962565201579647,4.543653227623709e-203,0.0005413959686823255,1.1432417798537074e-202,dissociated
Germany,Small business,Exploration & Invention,Small business + Exploration & Invention,250412,97598,392,299.915904867588,0.38573145877466736,0.24691459795911838,0.5186565694436817,0.06911717344346793,0.0004997501249375312,0.004016475747453841,0.21208131542733832,0.053213670013040414,0.10778252220177911,0.31638010865289756,6.734759238669698e-05,0.0005413959686823255,7.398749586144175e-05,associated
Germany,Small business,Culture (core),Small business + Culture (core),250412,97598,3137,3308.219831702207,-0.07665767648966682,-0.11949034034340143,-0.03394440342733316,0.021560340333512756,0.0004997501249375312,0.03214205209123138,-0.7513427515898093,0.020363097791569626,-0.7912544232612858,-0.7114310799183329,5.110854515752697e-298,0.0005413959686823255,1.733246314037871e-297,dissociated
Germany,Small business,Culture (periphery),Small business + Culture (periphery),250412,97598,1202,1473.6497220406466,-0.29384616522463586,-0.36562816605264714,-0.22234996884162272,0.036733706892605245,0.0004997501249375312,0.01231582614397836,-0.2789501946898888,0.03078378048524148,-0.3392864044409621,-0.2186139849388155,1.2855507367813538e-19,0.0005413959686823255,1.5426608841376245e-19,dissociated
Germany,Small business,Sport & Games,Small business + Sport & Games,250412,97598,231,325.37620183186675,-0.49331180494636523,-0.6893955425553298,-0.3270553569411902,0.09169761150928894,0.0004997501249375312,0.002366851779749585,-2.4128380179253184,0.06646801988352148,-2.5431153368970203,-2.2825606989536165,1.5752534654209485e-288,0.0005413959686823255,4.914790812113359e-288,dissociated
Germany,Academia,Exploration & Invention,Academia + Exploration & Invention,250412,97598,1782,929.6546809247485,0.9383595210918311,0.8892190048132558,0.9866439259035521,0.025195492670201342,0.0004997501249375312,0.01825857087235394,0.32174508249828476,0.029830809649747485,0.2632766955847797,0.38021346941178985,4.0232826311616976e-27,0.0005413959686823255,4.903375706728319e-27,associated
Germany,Academia,Culture (core),Academia + Culture (core),250412,97598,14727,10254.548032148765,0.5221783039345479,0.5083470559338882,0.5364021444707342,0.007359816018381167,0.0004997501249375312,0.15089448554273655,-0.8594509714978438,0.01045077058303891,-0.8799344818406001,-0.8389674611550875,0.0,0.0005413959686823255,0.0,associated
Germany,Academia,Culture (periphery),Academia + Culture (periphery),250412,97598,2862,4567.898333845904,-0.6744127563548992,-0.7211660851235716,-0.6288348497907019,0.02314251265351627,0.0004997501249375312,0.0293243714010533,-1.157865714575152,0.020448344074055082,-1.1979444689603,-1.1177869601900041,0.0,0.0005413959686823255,0.0,dissociated
Germany,Academia,Sport & Games,Academia + Sport & Games,250412,97598,639,1008.5744176456998,-0.6580163106304889,-0.7682457844675565,-0.5585620914787153,0.05253537045570076,0.0004997501249375312,0.006547265312813787,-3.20177602452054,0.040193926652548055,-3.280556120759534,-3.122995928281546,0.0,0.0005413959686823255,0.0,dissociated
Germany,Exploration & Invention,Culture (core),Exploration & Invention + Culture (core),250412,97598,385,960.924643289137,-1.3184429230477728,-1.45649849258243,-1.1897680533040311,0.06880905115588262,0.0004997501249375312,0.003944752966249308,-1.7972697164595222,0.053180092082086294,-1.9015026969404114,-1.693036735978633,2.264676068321832e-250,0.0005413959686823255,6.542397530707514e-250,dissociated
Germany,Exploration & Invention,Culture (periphery),Exploration & Invention + Culture (periphery),250412,97598,203,428.04481126528503,-1.0744172747471583,-1.2719416407367723,-0.8969855261756788,0.09640918343245936,0.0004997501249375312,0.0020799606549314533,-0.9197607014087901,0.07189334526316966,-1.0606716581246025,-0.7788497446929775,1.7847868853381284e-37,0.0005413959686823255,2.4002306389030006e-37,dissociated
Germany,Exploration & Invention,Sport & Games,Exploration & Invention + Sport & Games,250412,97598,200,94.51065122210578,1.0774410749245393,0.8846139220190725,1.2588146402490712,0.09656222115552926,0.0004997501249375312,0.002049222320129511,-1.3092647154596508,0.07232046092282435,-1.4510128188683866,-1.167516612050915,2.9820343807583606e-73,0.0005413959686823255,4.8458058687323355e-73,associated
Germany,Culture (core),Culture (periphery),Culture (core) + Culture (periphery),250412,97598,11854,4721.544641356161,1.3279512282806112,1.3120294731359488,1.344289268405394,0.008272146090855794,0.0004997501249375312,0.12145740691407611,0.7938607114939809,0.013755326513974707,0.7669002715265905,0.8208211514613712,0.0,0.0005413959686823255,0.0,associated
Germany,Culture (core),Sport & Games,Culture (core) + Sport & Games,250412,97598,801,1042.4989325527772,-0.3799632558536138,-0.47191572513608854,-0.290471280147927,0.04657869304971779,0.0004997501249375312,0.00820713539211869,-3.1818907558268137,0.036032945025301855,-3.2525153280764054,-3.111266183577222,0.0,0.0005413959686823255,0.0,dissociated
Germany,Culture (periphery),Sport & Games,Culture (periphery) + Sport & Games,250412,97598,388,464.3821572744749,-0.25895045594916305,-0.39359604471018333,-0.13187957880761225,0.06873387549409059,0.0014992503748125937,0.003975491301051251,-2.310298621467096,0.05150449913804277,-2.41124743977766,-2.209349803156532,0.0,0.0015802909356132744,0.0,dissociated
United Kingdom,Politics,Administration & Law,Politics + Administration & Law,190890,72259,3199,1058.3742546373414,1.5953151924446436,1.5571328640353899,1.6302955374892683,0.018798749987990228,0.0004997501249375312,0.044271301844752906,1.0901121550240986,0.0227184704817683,1.0455839528798327,1.1346403571683645,0.0,0.0005817986529123497,0.0,associated
United Kingdom,Politics,Military,Politics + Military,190890,72259,2503,1357.9466032224593,0.8819885970978191,0.8327999947477202,0.9270331600557434,0.023784516869060364,0.0004997501249375312,0.034639283687845114,0.2561860092342947,0.02315787901836468,0.2107965663582999,0.30157545211028947,1.9052561247865898e-28,0.0005817986529123497,2.518813181921254e-28,associated
United Kingdom,Politics,Religion,Politics + Religion,190890,72259,890,894.8806287223746,-0.007885494999805133,-0.09293245424059401,0.078059106634957,0.04336126864385258,0.8425787106446777,0.012316804827080363,-0.6530626265197961,0.03570862699555645,-0.7230515354310867,-0.5830737176085055,1.0190536473038438e-74,0.8535212913024008,2.0381072946076875e-74,not distinguishable
United Kingdom,Politics,Nobility,Politics + Nobility,190890,72259,2611,1178.4646719422385,1.1473582155683724,1.1065244789788196,1.191849531057292,0.021713373839145345,0.0004997501249375312,0.03613390719495149,0.7673038568612847,0.023904517821142352,0.7204510019318456,0.8141567117907237,4.597465279902613e-226,0.0005817986529123497,1.4941762159683494e-225,associated
United Kingdom,Politics,Kinship,Politics + Kinship,190890,72259,1221,1155.6929600152953,0.07927167058847889,0.006877689962801937,0.14762935697541307,0.03672513703380644,0.027486256871564217,0.016897549094230475,-0.06305265135837554,0.03166307417140362,-0.12511227673432662,-0.000993025982424442,0.04644107374561734,0.030627543371171555,0.04766320726523885,associated
United Kingdom,Politics,Big business,Politics + Big business,190890,72259,1911,1086.4899142227655,0.8143666459787331,0.7608913449454938,0.8675838123546173,0.027297990384046063,0.0004997501249375312,0.02644653261185458,0.353509477959228,0.02646770620389754,0.3016327737995888,0.4053861821188672,1.0890457478264371e-40,0.0005817986529123497,1.6989113666092421e-40,associated
United Kingdom,Politics,Small business,Politics + Small business,190890,72259,1102,1075.2039282183455,0.03549760397371069,-0.0416130353492169,0.11083354354160196,0.03872341136733651,0.3633183408295852,0.015250695415104001,-0.16807408170005272,0.0330301605815659,-0.23281319643992188,-0.10333496696018356,3.60900469328554e-07,0.3778510744627686,3.8561967955653716e-07,not distinguishable
United Kingdom,Politics,Academia,Politics + Academia,190890,72259,1786,2634.2606614337874,-0.5605360011669809,-0.61815481018894,-0.5023464351603675,0.030187998804371466,0.0004997501249375312,0.024716644293444414,-1.091948095173186,0.025331884237467458,-1.1415985882786222,-1.0422976020677497,0.0,0.0005817986529123497,0.0,dissociated
United Kingdom,Politics,Exploration & Invention,Politics + Exploration & Invention,190890,72259,371,700.6367655740646,-0.9163336767961555,-1.0644530291832919,-0.7815393563619119,0.07228856731405206,0.0004997501249375312,0.005134308529041365,-1.0340984134363715,0.053972429169756815,-1.139884374609095,-0.9283124522636482,8.025311537178803e-82,0.0005817986529123497,1.691822432162018e-81,dissociated
United Kingdom,Politics,Culture (core),Politics + Culture (core),190890,72259,1370,4095.8268947875717,-1.5796285216153254,-1.65121495766098,-1.511825689788025,0.03631726560130213,0.0004997501249375312,0.01895957596977539,-2.2418185136615163,0.0281740244009404,-2.2970396014873593,-2.1865974258356733,0.0,0.0005817986529123497,0.0,dissociated
United Kingdom,Politics,Culture (periphery),Politics + Culture (periphery),190890,72259,836,2213.5243438123753,-1.4042336396629416,-1.5092186513756176,-1.3125630453561348,0.049331723444318944,0.0004997501249375312,0.011569493073527172,-1.4042451563488363,0.03599819014567746,-1.474801609034364,-1.3336887036633085,0.0,0.0005817986529123497,0.0,dissociated
United Kingdom,Politics,Sport & Games,Politics + Sport & Games,190890,72259,1065,1413.6983737644675,-0.40845391229737804,-0.4844712976241265,-0.32850819880607723,0.039703032268439534,0.0004997501249375312,0.014738648472854592,-2.814038544127979,0.031617257942737946,-2.8760083696957457,-2.7520687185602126,0.0,0.0005817986529123497,0.0,dissociated
United Kingdom,Administration & Law,Military,Administration & Law + Military,190890,72259,570,485.75242543494966,0.23052144021102067,0.11909320704486225,0.33137021444053005,0.05471685251720079,0.0004997501249375312,0.007888290731950345,-0.15434706201098344,0.044162620862958295,-0.2409057989023817,-0.06778832511958519,0.0004741139578231691,0.0005817986529123497,0.0004930785161360959,associated
United Kingdom,Administration & Law,Religion,Administration & Law + Religion,190890,72259,213,320.1086367056769,-0.5865772201651597,-0.7813172856886472,-0.40871785584341136,0.09489318234011299,0.0004997501249375312,0.0029477296945709186,-0.8947672789060164,0.07000627987703072,-1.0319795874649966,-0.7575549703470361,2.0870692534529783e-37,0.0005817986529123497,2.9598436685333142e-37,dissociated
United Kingdom,Administration & Law,Nobility,Administration & Law + Nobility,190890,72259,461,421.5497658942684,0.1289175238776017,-0.0024464646062861205,0.2440482469479121,0.06320346110254246,0.043478260869565216,0.006379828118296683,-0.02309694160260769,0.048931631526732036,-0.11900293939500248,0.07280905618978711,0.6369091159181675,0.04710144927536232,0.6369091159181675,associated
United Kingdom,Administration & Law,Kinship,Administration & Law + Kinship,190890,72259,207,413.4040742495678,-0.9961851132942352,-1.2001365414998724,-0.8210062285461884,0.09519732142275113,0.0004997501249375312,0.0028646950552872305,-0.7273345244449598,0.07111545684179296,-0.866720819854874,-0.5879482290350456,1.4929861110726045e-24,0.0005817986529123497,1.84845899466132e-24,dissociated
United Kingdom,Administration & Law,Big business,Administration & Law + Big business,190890,72259,278,388.6493841450849,-0.4826467463983694,-0.6511915683871284,-0.32429830121222314,0.08258035750452825,0.0004997501249375312,0.0038472716201442035,-0.548737210614927,0.06177266936544737,-0.6698116425712038,-0.4276627786586501,6.498071766702386e-19,0.0005817986529123497,7.4536705559233245e-19,dissociated
United Kingdom,Administration & Law,Small business,Administration & Law + Small business,190890,72259,222,384.6122629047781,-0.7914737266825448,-0.9756290956572399,-0.6169238564358618,0.09332293832167031,0.0004997501249375312,0.00307228165349645,-0.6368792070634008,0.06881110821117764,-0.771748979157309,-0.5020094349694927,2.132882250773343e-20,0.0005817986529123497,2.559458700928012e-20,dissociated
United Kingdom,Administration & Law,Academia,Administration & Law + Academia,190890,72259,863,942.3039922798148,-0.1267616899027143,-0.22030940279593464,-0.041028739702421706,0.04546231070171447,0.0074962518740629685,0.011943148950303769,-0.5415879145815208,0.036307130165418505,-0.6127498897057411,-0.4704259394573005,2.5609068788467545e-50,0.008474023857636398,4.438905256667708e-50,dissociated
United Kingdom,Administration & Law,Exploration & Invention,Administration & Law + Exploration & Invention,190890,72259,110,250.62547188443918,-1.1843620002814348,-1.4545561829624247,-0.9381173811094287,0.13447969960781098,0.0004997501249375312,0.0015223017202009438,-1.0273189430724174,0.09661753414813305,-1.2166893100027583,-0.8379485761420766,2.0962605859625364e-26,0.0005817986529123497,2.6804643558209485e-26,dissociated
United Kingdom,Administration & Law,Culture (core),Administration & Law + Culture (core),190890,72259,736,1465.1222983167854,-0.9927559278368919,-1.0950828195553322,-0.8944323957056091,0.05076337720262615,0.0004997501249375312,0.010185582418799043,-1.5330667706651444,0.03872417904399866,-1.6089661615913817,-1.457167379738907,0.0,0.0005817986529123497,0.0,dissociated
United Kingdom,Administration & Law,Culture (periphery),Administration & Law + Culture (periphery),190890,72259,174,791.8019870697545,-2.1828233840319085,-2.40236843790178,-1.9780653466118543,0.10643211346438469,0.0004997501249375312,0.0024080045392269474,-1.746899528632866,0.07681821233476001,-1.8974632248089955,-1.5963358324567363,1.7739819826735512e-114,0.0005817986529123497,4.324081082766781e-114,dissociated
United Kingdom,Administration & Law,Sport & Games,Administration & Law + Sport & Games,190890,72259,395,505.6954465366688,-0.356016835096414,-0.4954146099569529,-0.22433606494893954,0.06796513813600173,0.0004997501249375312,0.005466447086176117,-2.4845804306379256,0.0516051584155457,-2.585726541132395,-2.383434320143456,0.0,0.0005817986529123497,0.0,dissociated
United Kingdom,Military,Religion,Military + Religion,190890,72259,181,410.7152398804292,-1.1799241844345432,-1.3944204122571202,-0.9886210204208445,0.10533845609059479,0.0004997501249375312,0.002504878285057917,-1.4233918940044095,0.07546701505040003,-1.5713072435031936,-1.2754765445056253,2.3815380619791663e-79,0.0005817986529123497,4.888420232483552e-79,dissociated
United Kingdom,Military,Nobility,Military + Nobility,190890,72259,998,540.8692342780914,0.8831495253686921,0.8040993793771833,0.9578801653095774,0.040272034047460596,0.0004997501249375312,0.013811428334186745,0.48810983595124807,0.03474233789041342,0.42001485368603775,0.5562048182164584,7.766312004123596e-45,0.0005817986529123497,1.2888773113226392e-44,associated
United Kingdom,Military,Kinship,Military + Kinship,190890,72259,483,530.4179083398873,-0.13497291598518338,-0.2600204948706129,-0.01394814773459335,0.062054187007075066,0.029985007496251874,0.006684288462336872,-0.18327153298483767,0.04776628559072348,-0.2768934527426557,-0.08964961322701964,0.00012462827159939356,0.03294127584095276,0.0001313649349290905,dissociated
United Kingdom,Military,Big business,Military + Big business,190890,72259,348,498.6564145262214,-0.5183333099732388,-0.6640302128162756,-0.37922669323048097,0.07440974687662694,0.0004997501249375312,0.004816009078453895,-0.6731357275782125,0.05535938487168073,-0.7816401219267067,-0.5646313332297183,5.1146167127916324e-34,0.0005817986529123497,7.123930421388346e-34,dissociated
United Kingdom,Military,Small business,Military + Small business,190890,72259,254,493.4765879657667,-0.9567770105573827,-1.1420137739673777,-0.7930358347117344,0.0877599639815493,0.0004997501249375312,0.003515133063009452,-0.8561297953652154,0.06433994262804678,-0.9822360829161871,-0.7300235078142436,2.1261772725363465e-40,0.0005817986529123497,3.2518005344673533e-40,dissociated
United Kingdom,Military,Academia,Military + Academia,190890,72259,964,1209.0227062049987,-0.3265847097025165,-0.4116211538432778,-0.24353562400227632,0.04245602641567488,0.0004997501249375312,0.01334089871157918,-0.8024703028324888,0.03409974184506532,-0.8693057968488168,-0.7356348088161607,1.8731076485560173e-122,0.0005817986529123497,4.870079886245645e-122,dissociated
United Kingdom,Military,Exploration & Invention,Military + Exploration & Invention,190890,72259,744,321.5648970440219,1.2089204237907123,1.1172686994715673,1.3009231459042314,0.04733376328901041,0.0004997501249375312,0.010296295271177293,0.6929991359097487,0.04028820152304493,0.6140342609245807,0.7719640108949167,2.6078910675950706e-66,0.0005817986529123497,4.843226268390846e-66,associated
United Kingdom,Military,Culture (core),Military + Culture (core),190890,72259,879,1879.8244945843808,-1.096226171822,-1.186183573876779,-1.0112735551771688,0.04455122108511829,0.0004997501249375312,0.012164574655060269,-1.7245241378287395,0.035295238677627974,-1.7937028056368902,-1.6553454700205887,0.0,0.0005817986529123497,0.0,dissociated
United Kingdom,Military,Culture (periphery),Military + Culture (periphery),190890,72259,212,1015.9211772725889,-2.2579635932002162,-2.470670607371063,-2.0781136075691506,0.09964746268340366,0.0004997501249375312,0.0029338905880236374,-1.9047326738705344,0.0696129307945631,-2.041174018227878,-1.7682913295131906,7.823805582410105e-165,0.0005817986529123497,2.2602105015851414e-164,dissociated
United Kingdom,Military,Sport & Games,Military + Sport & Games,190890,72259,1257,648.8323113309655,0.953529494028174,0.8841583675445072,1.0175539891130965,0.034433589146430355,0.0004997501249375312,0.017395756929932605,-1.6126408940953805,0.030064344679143245,-1.6715670096665012,-1.5537147785242598,0.0,0.0005817986529123497,0.0,associated
United Kingdom,Religion,Nobility,Religion + Nobility,190890,72259,174,356.4303627836216,-1.032415595056158,-1.2507427609523114,-0.8318074661636831,0.10808117760110983,0.0004997501249375312,0.0024080045392269474,-1.1082108246117017,0.07711354231270134,-1.2593533675445965,-0.9570682816788071,7.8508606995675645e-47,0.0005817986529123497,1.3312329012310218e-46,dissociated
United Kingdom,Religion,Kinship,Religion + Kinship,190890,72259,249,349.54298657577345,-0.48849228567109143,-0.6728410666578908,-0.3197694116073164,0.08780177722508616,0.0004997501249375312,0.0034459375302730456,-0.5815913312228043,0.06513385695946886,-0.7092536908633632,-0.4539289715822453,4.292139018147097e-19,0.0005817986529123497,4.996818558439905e-19,dissociated
United Kingdom,Religion,Big business,Religion + Big business,190890,72259,63,328.6123067642942,-2.3737514783431273,-2.7511257374968645,-2.0549401387652924,0.17884079242640177,0.0004997501249375312,0.0008718637124787224,-2.1227231314627617,0.12634673440158817,-2.3703627308898745,-1.875083532035649,2.4087363989402638e-63,0.0005817986529123497,4.369335793426525e-63,dissociated
United Kingdom,Religion,Small business,Religion + Small business,190890,72259,293,325.19882464497323,-0.15017801012913665,-0.3179464258889218,0.00217073964697831,0.08110009661298682,0.06846576711644178,0.004054858218353423,-0.39160012472356664,0.06037224762821812,-0.5099297300748742,-0.2732705193722591,8.789634157855295e-11,0.07269338303821063,9.794163775895899e-11,not distinguishable
United Kingdom,Religion,Academia,Religion + Academia,190890,72259,2053,796.7404586460855,1.3649981157617233,1.3152656454748881,1.4128540972949588,0.024874520686146675,0.0004997501249375312,0.028411685741568524,0.46702147046356607,0.025690357721172064,0.41666836933006884,0.5173745715970633,7.589220411512246e-74,0.0005817986529123497,1.4798979802448877e-73,associated
United Kingdom,Religion,Exploration & Invention,Religion + Exploration & Invention,190890,72259,61,211.90980305037715,-1.7881920347856637,-2.1641724701197873,-1.470258284972496,0.1789115051484282,0.0004997501249375312,0.0008441854993841598,-1.6748999991730658,0.12860268632059504,-1.926961264361432,-1.4228387339846995,8.955905443268115e-39,0.0005817986529123497,1.3180389142922888e-38,dissociated
United Kingdom,Religion,Culture (core),Religion + Culture (core),190890,72259,1470,1238.7957829928084,0.24678622731174166,0.1793647112373885,0.30581165189392445,0.03209047340143924,0.0004997501249375312,0.020343486624503523,-0.7899859992314906,0.028742961576371844,-0.8463222039211794,-0.7336497945418018,2.68976428541349e-166,0.0005817986529123497,8.06929285624047e-166,associated
United Kingdom,Religion,Culture (periphery),Religion + Culture (periphery),190890,72259,261,669.4874302808913,-1.3573230827675486,-1.5474973898476083,-1.1928847416163535,0.08830626190054508,0.0004997501249375312,0.0036120068088404214,-1.3763261079991809,0.06317343094855786,-1.5001460326583542,-1.2525061833400075,3.1177253777458677e-105,0.0005817986529123497,7.369169074672052e-105,dissociated
United Kingdom,Religion,Sport & Games,Religion + Sport & Games,190890,72259,422,427.5775389999833,-0.018920798686979164,-0.15526752311180497,0.1073179857651183,0.0660974155473155,0.782608695652174,0.005840102962952712,-2.465518493991299,0.04996804573110979,-2.563455863624274,-2.3675811243583236,0.0,0.8032036613272312,0.0,not distinguishable
United Kingdom,Nobility,Kinship,Nobility + Kinship,190890,72259,1996,460.31174190554907,2.1152236884177653,2.064749681221933,2.1657540663281036,0.025733465092803998,0.0004997501249375312,0.02762285666837349,2.0092635265478047,0.028282288494681115,1.9538302410982298,2.0646968119973796,0.0,0.0005817986529123497,0.0,associated
United Kingdom,Nobility,Big business,Nobility + Big business,190890,72259,239,432.7482145189089,-0.8551681478728675,-1.0327884627143342,-0.6951644683136499,0.0866466748929684,0.0004997501249375312,0.0033075464648002323,-0.7116714820434911,0.066327159146324,-0.8416727139702861,-0.581670250116696,7.382389583350498e-27,0.0005817986529123497,9.597106458355648e-27,dissociated
United Kingdom,Nobility,Small business,Nobility + Small business,190890,72259,172,428.2530137549037,-1.3135504503018687,-1.5375754147677851,-1.1165954399519,0.10476885324431295,0.0004997501249375312,0.002380326326132385,-0.9066853464546628,0.07769155209123373,-1.0589607885534809,-0.7544099043558448,1.8074013114577426e-31,0.0005817986529123497,2.4732860051527004e-31,dissociated
United Kingdom,Nobility,Academia,Nobility + Academia,190890,72259,379,1049.224279848345,-1.4678386492034745,-1.6128971651760453,-1.3299005200029441,0.07152896614687053,0.0004997501249375312,0.005245021381419615,-1.4429212490162562,0.05280145780947768,-1.5464121063228324,-1.33943039170968,2.0103230754455184e-164,0.0005817986529123497,5.600185710169658e-164,dissociated
United Kingdom,Nobility,Exploration & Invention,Nobility + Exploration & Invention,190890,72259,52,279.06316051297847,-2.4127849339418215,-2.8588864371625653,-2.0592414257880725,0.2037870964929813,0.0004997501249375312,0.000719633540458628,-1.7912323607618537,0.13903273193274684,-2.0637365153500373,-1.5187282061736698,5.57272660461281e-38,0.0005817986529123497,8.049493984440725e-38,dissociated
United Kingdom,Nobility,Culture (core),Nobility + Culture (core),190890,72259,609,1631.3651443012259,-1.4208237134060768,-1.5375398956748867,-1.3230475128295482,0.05433589391927591,0.0004997501249375312,0.008428015887294317,-1.7437270345416755,0.042195129053872835,-1.8264294874872662,-1.661024581596085,0.0,0.0005817986529123497,0.0,dissociated
United Kingdom,Nobility,Culture (periphery),Nobility + Culture (periphery),190890,72259,139,881.645282703052,-2.6607511543344686,-2.9141399764734404,-2.4339278384663907,0.12322729291599015,0.0004997501249375312,0.0019236358100721018,-1.9799942929069747,0.08566208024372853,-2.147891970184683,-1.8120966156292668,3.347412917822345e-118,0.0005817986529123497,8.42252282548848e-118,dissociated
United Kingdom,Nobility,Sport & Games,Nobility + Sport & Games,190890,72259,393,563.0751276255517,-0.5182443065693629,-0.6577835797694355,-0.3856797554841092,0.06905683934562253,0.0004997501249375312,0.005438768873081554,-2.493352846942481,0.051725911523122226,-2.5947356335278005,-2.391970060357161,0.0,0.0005817986529123497,0.0,dissociated
United Kingdom,Kinship,Big business,Kinship + Big business,190890,72259,280,424.38613297964434,-0.5990754883079248,-0.7616204713732591,-0.4400585226606879,0.08260996938709778,0.0004997501249375312,0.003874949833238766,-0.39111388926851653,0.06170080653083596,-0.512047470068955,-0.27018030846807806,2.3144430860896453e-10,0.0005817986529123497,2.5426276157041175e-10,dissociated
United Kingdom,Kinship,Small business,Kinship + Small business,190890,72259,189,419.9777938919276,-1.1498317630521098,-1.3533180897355246,-0.9548240539826637,0.10039648643604933,0.0004997501249375312,0.002615591137436167,-0.6568752189614543,0.0743844794277021,-0.8026687986397504,-0.5110816392831582,1.0392020861620516e-18,0.0005817986529123497,1.174750184357102e-18,dissociated
United Kingdom,Kinship,Academia,Kinship + Academia,190890,72259,513,1028.9499062363782,-1.0034374474566685,-1.126037431663642,-0.8860876344278393,0.06111054588269488,0.0004997501249375312,0.00709946165875531,-0.9616453701450736,0.046045209405187616,-1.0518939805792413,-0.8713967597109058,7.359947254553302e-97,0.0005817986529123497,1.6884584878092869e-96,dissociated
United Kingdom,Kinship,Exploration & Invention,Kinship + Exploration & Invention,190890,72259,156,273.6707664498195,-0.8089120943157001,-1.043745257804417,-0.6050876339904863,0.11417484602712426,0.0004997501249375312,0.002158900621375884,-0.5182753925857394,0.08181115625359038,-0.6786252588427766,-0.3579255263287022,2.373089554359737e-10,0.0005817986529123497,2.570847017223048e-10,dissociated
United Kingdom,Kinship,Culture (core),Kinship + Culture (core),190890,72259,1452,1599.8419446685562,-0.1398420347139886,-0.2106323480767357,-0.07602878104100408,0.03407036661630446,0.0004997501249375312,0.02009438270665246,-0.5738245432624869,0.02937894025668316,-0.6314072661655858,-0.5162418203593879,5.888781849091455e-85,0.0005817986529123497,1.2759027339698153e-84,dissociated
United Kingdom,Kinship,Culture (periphery),Kinship + Culture (periphery),190890,72259,302,864.6090720490881,-1.51594689531491,-1.681502075789558,-1.3655736166557149,0.08030263855301718,0.0004997501249375312,0.004179410177278955,-1.0240623376790072,0.059117158598549976,-1.1399319685321652,-0.9081927068258493,3.177262925805424e-67,0.0005817986529123497,6.044548980800563e-67,dissociated
United Kingdom,Kinship,Sport & Games,Kinship + Sport & Games,190890,72259,1025,552.1947127053627,0.8917727754742744,0.8134962381831855,0.9714443519668848,0.03989988585727478,0.0004997501249375312,0.01418508421096334,-1.2776432810087313,0.033735923293542074,-1.3437656906640738,-1.2115208713533887,0.0,0.0005817986529123497,0.0,associated
United Kingdom,Big business,Small business,Big business + Small business,190890,72259,597,394.82946859438147,0.5958832127539898,0.48789287427996014,0.6980949840899333,0.05478127958213769,0.0004997501249375312,0.008261946608726941,0.46108918398379356,0.04389802741987895,0.3750490502408308,0.5471293177267563,8.310995791064935e-26,0.0005817986529123497,1.0455768898436532e-25,associated
United Kingdom,Big business,Academia,Big business + Academia,190890,72259,634,967.3362511021003,-0.609142813488647,-0.7155347738554103,-0.5136525107689134,0.05232177274993508,0.0004997501249375312,0.008773993550976349,-0.8679378968003233,0.04165095221273419,-0.9495737631372823,-0.7863020304633643,1.9434949706778815e-96,0.0005817986529123497,4.331217363224993e-96,dissociated
United Kingdom,Big business,Exploration & Invention,Big business + Exploration & Invention,190890,72259,479,257.28332511552867,0.8953718702062997,0.777818063235217,1.0112405862813825,0.05908149297157455,0.0004997501249375312,0.006628932036147746,0.5662312049884335,0.04887413749595191,0.4704378954963677,0.6620245144804993,4.881234793585433e-31,0.0005817986529123497,6.564419205166617e-31,associated
United Kingdom,Big business,Culture (core),Big business + Culture (core),190890,72259,841,1504.0431995102897,-0.8382903542802332,-0.9311707305254261,-0.7502935592513404,0.045602687309665275,0.0004997501249375312,0.01163868860626358,-1.3661421742770676,0.03651865600858734,-1.4377187400538989,-1.2945656085002364,2.7450908993341494e-306,0.0005817986529123497,1.0705854507403183e-305,dissociated
United Kingdom,Big business,Culture (periphery),Big business + Culture (periphery),190890,72259,501,812.8361675876317,-0.6976020685236698,-0.8254156011035914,-0.5869188200764223,0.06120314671330758,0.0004997501249375312,0.006933392380187935,-0.6169208973927418,0.04659687625454081,-0.7082507748516418,-0.5255910199338418,5.187010489252475e-40,0.0005817986529123497,7.780515733878712e-40,dissociated
United Kingdom,Big business,Sport & Games,Big business + Sport & Games,190890,72259,1444,519.1292209944535,1.475015736752305,1.415304236364165,1.5360494967301166,0.03138369483014457,0.0004997501249375312,0.01998366985427421,-1.0205024558247369,0.029049904741657216,-1.077440269118385,-0.9635646425310888,2.4082958392870457e-270,0.0005817986529123497,8.167264150625634e-270,associated
United Kingdom,Small business,Academia,Small business + Academia,190890,72259,1475,957.2879816717151,0.6234256829142303,0.5587161111552148,0.6842388056961096,0.031806470116076645,0.0004997501249375312,0.020412682157239927,0.28932875609701575,0.02954767211605437,0.23141531874954918,0.3472421934444823,1.2194483307447808e-22,0.0005817986529123497,1.4862026530952016e-22,associated
United Kingdom,Small business,Exploration & Invention,Small business + Exploration & Invention,190890,72259,460,254.61077752128645,0.8520773073641899,0.7318191921032624,0.9702840557188304,0.06144592517180612,0.0004997501249375312,0.006365989011749402,0.6729268593463634,0.04991548741531327,0.5750925040123495,0.7707612146803774,2.0145886484578585e-41,0.0005817986529123497,3.2068962159125093e-41,associated
United Kingdom,Small business,Culture (core),Small business + Culture (core),190890,72259,1548,1488.4198510764857,0.05660528763295202,-0.0044130760124089525,0.11765428617279047,0.031409435732275226,0.06896551724137931,0.021422936935191463,-0.47237311947750577,0.02873205272496899,-0.528687942818445,-0.41605829613656653,9.789193725312018e-61,0.07269338303821063,1.7353570694871306e-60,not distinguishable
United Kingdom,Small business,Culture (periphery),Small business + Culture (periphery),190890,72259,717,804.3927780161391,-0.16581777885857918,-0.2631915279686107,-0.07396701323033808,0.04938034680411515,0.0009995002498750624,0.009922639394400698,-0.06201364434203499,0.039917682733636724,-0.14025230249996296,0.01622501381589299,0.12029461433555262,0.0011464855807390422,0.12185688205419616,dissociated
United Kingdom,Small business,Sport & Games,Small business + Sport & Games,190890,72259,511,513.7367317997239,-0.007698425223580434,-0.1266766116988072,0.10670276745921836,0.05979687539672777,0.8970514742628686,0.007071783445660748,-2.036527969273769,0.04594465586881139,-2.126579494776639,-1.9464764437708983,0.0,0.8970514742628686,0.0,not distinguishable
United Kingdom,Academia,Exploration & Invention,Academia + Exploration & Invention,190890,72259,1223,623.7990185850504,0.9707049984641195,0.9009605409983732,1.0323890966042473,0.03432227365090931,0.0004997501249375312,0.016925227307325038,0.45486047354088194,0.032792023738624575,0.39058810701317775,0.5191328400685861,9.485053764084546e-44,0.0005817986529123497,1.5413212366637388e-43,associated
United Kingdom,Academia,Culture (core),Academia + Culture (core),190890,72259,5026,3646.6439142247013,0.46278705854047003,0.43359830200832167,0.49402713279389016,0.015360955144729373,0.0004997501249375312,0.06955534950663585,-0.5835163469127265,0.016533181287236003,-0.615921382235709,-0.5511113115897439,7.3485186109872875e-273,0.0005817986529123497,2.60538387116822e-272,associated
United Kingdom,Academia,Culture (periphery),Academia + Culture (periphery),190890,72259,1464,1970.7705634786773,-0.42871761147458665,-0.4972156094405871,-0.36476935551149603,0.03413234018826125,0.0004997501249375312,0.020260451985219835,-0.6834780771181996,0.028091588789719357,-0.7385375911460496,-0.6284185630903497,9.361252669996749e-131,0.0005817986529123497,2.5178541664129187e-130,dissociated
United Kingdom,Academia,Sport & Games,Academia + Sport & Games,190890,72259,705,1258.6602665747982,-0.8357439337853139,-0.9398638449894442,-0.7421518104509938,0.05120315467586368,0.0004997501249375312,0.009756570115833321,-3.1468165939599744,0.038479737111722735,-3.222236878698951,-3.0713963092209977,0.0,0.0005817986529123497,0.0,dissociated
United Kingdom,Exploration & Invention,Culture (core),Exploration & Invention + Culture (core),190890,72259,459,969.9012837522728,-1.0785165974991553,-1.2010076898042754,-0.9637583010760384,0.06291189808394257,0.0004997501249375312,0.00635214990520212,-1.512607637748022,0.04885669281018194,-1.6083667556559786,-1.4168485198400653,1.858430729027413e-210,0.0005817986529123497,5.798303874565529e-210,dissociated
United Kingdom,Exploration & Invention,Culture (periphery),Exploration & Invention + Culture (periphery),190890,72259,351,524.1676852634364,-0.5778792465837096,-0.725746565733017,-0.4393551019681395,0.07351147931136211,0.0004997501249375312,0.004857526398095739,-0.4984646697241846,0.05557265269189523,-0.6073870690002993,-0.38954227044806994,2.975832524067966e-19,0.0005817986529123497,3.5168929829894143e-19,dissociated
United Kingdom,Exploration & Invention,Sport & Games,Exploration & Invention + Sport & Games,190890,72259,536,334.7670452815295,0.6782674890593425,0.5583266440447681,0.783484582733281,0.05708487481539702,0.0004997501249375312,0.007417761109342781,-1.621456097813219,0.04554674088242812,-1.7107277099427782,-1.53218448568366,1.4096033627189685e-277,0.0005817986529123497,5.235669632956168e-277,associated
United Kingdom,Culture (core),Culture (periphery),Culture (core) + Culture (periphery),190890,72259,8933,3064.2127392807797,1.5434736565485825,1.5243089241008572,1.5623770078565709,0.009819113784682297,0.0004997501249375312,0.12362473878686392,1.1202433324419394,0.0159879270926226,1.0889069953403991,1.1515796695434797,0.0,0.0005817986529123497,0.0,associated
United Kingdom,Culture (core),Sport & Games,Culture (core) + Sport & Games,190890,72259,1218,1957.0024510906323,-0.6839078629296912,-0.7603768822948498,-0.6133144140665874,0.03670015786825926,0.0004997501249375312,0.016856031774588633,-3.4892369907115532,0.029489411927713795,-3.547036238089872,-3.4314377433332344,0.0,0.0005817986529123497,0.0,dissociated
United Kingdom,Culture (periphery),Sport & Games,Culture (periphery) + Sport & Games,190890,72259,781,1057.6307733860597,-0.437200161455131,-0.5302826892390807,-0.34716100765176067,0.04714226042706796,0.0004997501249375312,0.010808342213426702,-2.4960210885918315,0.03692498596595471,-2.568394061085103,-2.42364811609856,0.0,0.0005817986529123497,0.0,dissociated
France,Politics,Administration & Law,Politics + Administration & Law,139287,49237,2960,826.7841160293201,1.8393860661760393,1.8039619175225283,1.8755327745682977,0.01825204030959173,0.0004997501249375312,0.06011739139265187,1.1242244362379967,0.025118675897382654,1.0749918314791267,1.1734570409968668,0.0,0.0005732427903695211,0.0,associated
France,Politics,Military,Politics + Military,139287,49237,2929,1021.8858962829698,1.5187146102530906,1.4814740559770883,1.5555188775551754,0.01894479703331387,0.0004997501249375312,0.059487783577390985,0.4059431238094342,0.02270982976345199,0.3614318574730683,0.45045439014580013,1.8395977941803186e-71,0.0005732427903695211,3.679195588360637e-71,associated
France,Politics,Religion,Politics + Religion,139287,49237,567,576.4476373289953,-0.023819996148715234,-0.13583815280107606,0.08166917695585835,0.05491661514495597,0.6436781609195402,0.01151573004041676,-1.1557593715514314,0.04420833742889551,-1.2424077129120665,-1.0691110301907962,1.169278423637415e-150,0.6606170598911071,4.1456235019871983e-150,not distinguishable
France,Politics,Nobility,Politics + Nobility,139287,49237,485,552.6767340199566,-0.188269184018401,-0.30719397065227966,-0.07794703992729189,0.058842690284801415,0.001999000499750125,0.009850315819404107,-0.7579208991715785,0.04851805310408515,-0.8530162832555853,-0.6628255150875716,5.203352042365738e-55,0.0022274576997215675,9.019143540100612e-55,dissociated
France,Politics,Kinship,Politics + Kinship,139287,49237,296,565.2859068875589,-0.9322241364438832,-1.0911698941998667,-0.7833169429959432,0.07921783054221081,0.0004997501249375312,0.0060117391392651865,-1.2044421777137122,0.06066172153788934,-1.3233391519279754,-1.085545203499449,9.964160801462266e-88,0.0005732427903695211,2.220584407183019e-87,dissociated
France,Politics,Big business,Politics + Big business,139287,49237,817,457.65733346527156,0.8353756186817146,0.7504716255900225,0.9153101761124093,0.04301298955200082,0.0004997501249375312,0.016593212421552896,-0.057551178453078534,0.03951618897182981,-0.13500290883786498,0.0199005519317079,0.14528346805295364,0.0005732427903695211,0.14528346805295364,associated
France,Politics,Small business,Politics + Small business,139287,49237,859,719.1379942754294,0.2562262820387265,0.17029472944318894,0.33936024400439146,0.04333585607835038,0.0004997501249375312,0.01744622946158377,-0.3439293786775947,0.03769154973346143,-0.4178048161551791,-0.2700539412000103,7.184198348526208e-20,0.0005732427903695211,9.661508123880072e-20,associated
France,Politics,Academia,Politics + Academia,139287,49237,1970,2110.426683646247,-0.09931472263575451,-0.15655902693828505,-0.04793562524480367,0.02712517032155381,0.0009995002498750624,0.04001056116335276,-1.1247192097305945,0.02458782242531571,-1.1729113416842132,-1.0765270777769758,0.0,0.0011298698476848532,0.0,dissociated
France,Politics,Exploration & Invention,Politics + Exploration & Invention,139287,49237,251,458.81382087996826,-0.868921795274186,-1.0376959860313204,-0.7059924110067605,0.08450017698703631,0.0004997501249375312,0.005097792310660682,-1.3243898125316038,0.0655378581977084,-1.4528440145991124,-1.1959356104640952,8.323378963558877e-91,0.0005732427903695211,2.028823622367476e-90,dissociated
France,Politics,Culture (core),Politics + Culture (core),139287,49237,1012,3558.057571543998,-1.8133706685659725,-1.8966471062328567,-1.7349488031728628,0.04221031246822013,0.0004997501249375312,0.020553648678839083,-3.0184444614946337,0.03257602402250712,-3.0822934685787478,-2.9545954544105197,0.0,0.0005732427903695211,0.0,dissociated
France,Politics,Culture (periphery),Politics + Culture (periphery),139287,49237,830,1926.4679504205842,-1.2142805034429454,-1.3068973343400367,-1.1237134051789393,0.04719717101905332,0.0004997501249375312,0.016857241505371975,-1.5800743381788303,0.036344241041022275,-1.6513090506192338,-1.5088396257384267,0.0,0.0005732427903695211,0.0,dissociated
France,Politics,Sport & Games,Politics + Sport & Games,139287,49237,224,426.3583554165141,-0.9270419742021155,-1.1179649029311467,-0.7577455943629704,0.09199855739436247,0.0004997501249375312,0.0045494242134979795,-3.593662169600916,0.06739098809792317,-3.7257485062728457,-3.4615758329289865,0.0,0.0005732427903695211,0.0,dissociated
France,Administration & Law,Military,Administration & Law + Military,139287,49237,404,407.01417908280223,-0.010710554814998515,-0.14998266496161888,0.11728390553427556,0.06646812915738315,0.8770614692653673,0.008205211527915998,-0.35264969671521146,0.05220814808817398,-0.45497766696803243,-0.2503217264623905,1.4314398370792118e-11,0.8884518779571252,1.6664523476444553e-11,not distinguishable
France,Administration & Law,Religion,Administration & Law + Religion,139287,49237,158,229.59741664416978,-0.5377619458241478,-0.756689726048985,-0.3334469843055426,0.11042856621405209,0.0004997501249375312,0.003208968864878039,-0.9250482643589443,0.08124149132417073,-1.0842815873543188,-0.7658149413635696,4.887587136930505e-30,0.0005732427903695211,7.624635933611589e-30,dissociated
France,Administration & Law,Nobility,Administration & Law + Nobility,139287,49237,112,220.12953502296588,-0.9717009317308578,-1.2297822589179017,-0.7291040125298995,0.13297046276136607,0.0004997501249375312,0.0022747121067489898,-0.7522622750145987,0.0962720021752382,-0.9409553992780656,-0.5635691507511319,5.543376605012148e-15,0.0005732427903695211,6.863228177634088e-15,dissociated
France,Administration & Law,Kinship,Administration & Law + Kinship,139287,49237,75,225.15173188690923,-1.5795493017900613,-1.9344467742106966,-1.2816844642736391,0.16809675716185404,0.0004997501249375312,0.0015232447143408412,-1.0696253238656335,0.1168058410916968,-1.2985647724053593,-0.8406858753259078,5.321537945293094e-20,0.0005732427903695211,7.282104556716865e-20,dissociated
France,Administration & Law,Big business,Administration & Law + Big business,139287,49237,182,182.28358426233825,-0.0022400442219138784,-0.22243986401767205,0.1910372772391494,0.1045803189357408,0.9820089955022488,0.003696407173467108,-0.17564304008984447,0.07667644061743525,-0.32592886370001756,-0.025357216479671374,0.021980530930315084,0.982008995502249,0.023812241841174673,not distinguishable
France,Administration & Law,Small business,Administration & Law + Small business,139287,49237,144,286.43057062626843,-0.9896321935448817,-1.2314855929544326,-0.782871530854059,0.11629272424990728,0.0004997501249375312,0.0029246298515344152,-0.7215845431029725,0.08518421005596895,-0.8885455948126716,-0.5546234913932734,2.4356268531648777e-17,0.0005732427903695211,3.114408107325581e-17,dissociated
France,Administration & Law,Academia,Administration & Law + Academia,139287,49237,728,840.5768073355032,-0.20730858146328612,-0.3044978871312956,-0.11669978241109875,0.04785710809914301,0.0004997501249375312,0.014785628693868432,-0.5611295632504748,0.03980972451079341,-0.6391566232916299,-0.4831025032093197,4.059837071664652e-45,0.0005732427903695211,6.884071556300933e-45,dissociated
France,Administration & Law,Exploration & Invention,Administration & Law + Exploration & Invention,139287,49237,81,182.74420983455184,-1.1688956482276838,-1.4863146924963582,-0.8957823163112424,0.15405735661931041,0.0004997501249375312,0.0016451042914881085,-0.9351182567283874,0.11261768039751573,-1.1558489103075182,-0.7143876031492566,1.0110842623531169e-16,0.0005732427903695211,1.2720092332829535e-16,dissociated
France,Administration & Law,Culture (core),Administration & Law + Culture (core),139287,49237,685,1417.163977777725,-1.0482870467625174,-1.1475897651572102,-0.9596157706202117,0.05001818595105115,0.0004997501249375312,0.013912301724313016,-1.6838950367565266,0.04059891733377553,-1.7634689147307268,-1.6043211587823265,0.0,0.0005732427903695211,0.0,dissociated
France,Administration & Law,Culture (periphery),Administration & Law + Culture (periphery),139287,49237,170,767.3065791610045,-2.170971183116045,-2.396744954094032,-1.966859731318668,0.10677463531895925,0.0004997501249375312,0.0034526880191725734,-1.6413906672583236,0.07801001377494814,-1.7942902942572219,-1.4884910402594254,2.7783657781533497e-98,0.0005732427903695211,7.223751023198709e-98,dissociated
France,Administration & Law,Sport & Games,Administration & Law + Sport & Games,139287,49237,56,169.81729237692986,-1.591902147167115,-1.9990776512278592,-1.2452655186137196,0.19079438487876538,0.0004997501249375312,0.0011373560533744949,-3.38101891118614,0.13375625581588413,-3.643181172585273,-3.118856649787007,5.65277773675829e-141,0.0005732427903695211,1.9170289715962897e-140,dissociated
France,Military,Religion,Military + Religion,139287,49237,156,283.77705539200457,-0.861135003559961,-1.0787720843031856,-0.6621641725100327,0.11048520995916734,0.0004997501249375312,0.0031683490058289497,-1.4153507001639065,0.08141800170504682,-1.5749299835057982,-1.2557714168220149,1.095378431143524e-67,0.0005732427903695211,2.135987940729872e-67,dissociated
France,Military,Nobility,Military + Nobility,139287,49237,715,272.07497439067834,1.3922986552116634,1.3011748396703489,1.4811530508828785,0.04618602468499202,0.0004997501249375312,0.014521599610049353,0.8335640329835996,0.04203986437879493,0.7511658988011616,0.9159621671660376,1.7088675588188902e-87,0.0005732427903695211,3.702546377440929e-87,associated
France,Military,Kinship,Military + Kinship,139287,49237,232,278.2822926544442,-0.2619082125935849,-0.4536474735375994,-0.09918540211104965,0.09034163540934499,0.004497751124437781,0.004711903649694336,-0.36144046575017547,0.06826519871364786,-0.4952402552289253,-0.22764067627142565,1.192433192295843e-07,0.0048058162699472174,1.328711271415368e-07,dissociated
France,Military,Big business,Military + Big business,139287,49237,160,225.29826138433702,-0.4924610802520346,-0.719418916287261,-0.2877471676270502,0.11015917501719279,0.0004997501249375312,0.003249588723927128,-0.7893160878181689,0.0810966205764243,-0.9482654641479605,-0.6303667114883772,2.179941357440451e-22,0.0005732427903695211,3.0915531978246395e-22,dissociated
France,Military,Small business,Military + Small business,139287,49237,162,354.0215090161298,-1.1254334410854858,-1.3559735842223886,-0.9282908061671382,0.11060949068453284,0.0004997501249375312,0.003290208582976217,-1.0750087865817612,0.08024241865106656,-1.2322839271378516,-0.9177336460256708,6.294528286589341e-41,0.0005732427903695211,1.022860846570768e-40,dissociated
France,Military,Academia,Military + Academia,139287,49237,645,1038.9333412499382,-0.6873082406375575,-0.7901655865011482,-0.5826035265573042,0.05336608361504447,0.0004997501249375312,0.013099904543331235,-1.2080594387424601,0.04123969996989262,-1.2888892506834497,-1.1272296268014705,1.2511438342173753e-188,0.0005732427903695211,4.879460953447764e-188,dissociated
France,Military,Exploration & Invention,Military + Exploration & Invention,139287,49237,465,225.86758385508423,1.0401137907091325,0.9214741536698083,1.157329319157715,0.061085400143769085,0.0004997501249375312,0.009444117228913215,0.48010220403508547,0.050425042201515384,0.3812691213201153,0.5789352867500557,1.713445576365824e-21,0.0005732427903695211,2.3865849099381123e-21,associated
France,Military,Culture (core),Military + Culture (core),139287,49237,606,1751.581644512354,-1.530490453583783,-1.6381860623198004,-1.4319494856264323,0.05377990170168412,0.0004997501249375312,0.012307817291873998,-2.338958419275312,0.04217545778124912,-2.4216223165265602,-2.256294522024064,0.0,0.0005732427903695211,0.0,dissociated
France,Military,Culture (periphery),Military + Culture (periphery),139287,49237,162,948.3730470481804,-2.54577535894102,-2.7707504221905253,-2.3344120712889764,0.11030660925556855,0.0004997501249375312,0.003290208582976217,-2.1706616036656947,0.07951242963835176,-2.3265059657568643,-2.014817241574525,4.282221496803239e-164,0.0005732427903695211,1.590539413098346e-163,dissociated
France,Military,Sport & Games,Military + Sport & Games,139287,49237,381,209.89021518501465,0.8586154476402132,0.7168749998664173,0.9827663359269216,0.06745065816271785,0.0004997501249375312,0.0077380831488514734,-1.902068512669948,0.05258937186622542,-2.0051436815277497,-1.7989933438121462,1.9182374066627857e-286,0.0005732427903695211,9.974834514646487e-286,associated
France,Religion,Nobility,Religion + Nobility,139287,49237,215,153.47797316151997,0.48496388387137396,0.2957650016026864,0.6559810617146533,0.09131995625807907,0.0004997501249375312,0.004366634847777078,-0.11423495803479754,0.0708552744098469,-0.25311129587809744,0.02464137980850238,0.10691202528456897,0.0005732427903695211,0.10830049314540753,associated
France,Religion,Kinship,Religion + Kinship,139287,49237,244,156.97953234764077,0.634670131799193,0.4547623009028204,0.7999040226195493,0.08800318804142,0.0004997501249375312,0.00495562280398887,0.12236982522734738,0.0670515332511456,-0.009051179944897986,0.2537908303995927,0.06799928055495938,0.0005732427903695211,0.07167491734171394,associated
France,Religion,Big business,Religion + Big business,139287,49237,23,127.09114681172635,-2.440795566150259,-3.119201452561042,-1.9607525410232267,0.2956757568544013,0.0004997501249375312,0.00046712837906452465,-2.3381010333303287,0.20720488803435122,-2.744222613877657,-1.9319794527830003,1.574123025431415e-29,0.0005732427903695211,2.3611845381471224e-29,dissociated
France,Religion,Small business,Religion + Small business,139287,49237,120,199.7041579478687,-0.7324387906980823,-0.9948354756423333,-0.4945606806482786,0.13065418568203696,0.0004997501249375312,0.002437191542945346,-0.9620835461360463,0.09287968692862811,-1.1441277325161574,-0.7800393597559352,3.8338081884535034e-25,0.0005732427903695211,5.642208277346665e-25,dissociated
France,Religion,Academia,Religion + Academia,139287,49237,1571,586.064131117049,1.4217815152297641,1.3681116674944387,1.472675651247952,0.026664602519789322,0.0004997501249375312,0.03190689928305949,0.33339197554360295,0.029390186112259745,0.2757872107635738,0.3909967403236321,7.974774728765202e-30,0.0005732427903695211,1.2196714291052663e-29,associated
France,Religion,Exploration & Invention,Religion + Exploration & Invention,139287,49237,57,127.41230262211015,-1.1535211683222495,-1.5411305946086358,-0.8323504159558844,0.18083819291289663,0.0004997501249375312,0.0011576659828990393,-1.3441832988486317,0.1333992196222842,-1.6056457693083088,-1.0827208283889547,7.025627119662286e-24,0.0005732427903695211,1.0148128061734413e-23,dissociated
France,Religion,Culture (core),Religion + Culture (core),139287,49237,789,988.0702965376756,-0.32440429254513087,-0.41673723196975315,-0.2369313087021214,0.04540748754299728,0.0004997501249375312,0.01602453439486565,-1.5800118124272435,0.03808590125551973,-1.6546601788880622,-1.505363445966425,0.0,0.0005732427903695211,0.0,dissociated
France,Religion,Culture (periphery),Religion + Culture (periphery),139287,49237,144,534.9789093537315,-1.889760260643626,-2.126866589690296,-1.6798494296800393,0.1175002633983382,0.0004997501249375312,0.0029246298515344152,-1.8637754178018484,0.08445958792735463,-2.0293162101394633,-1.6982346254642333,6.550476601050695e-108,0.0005732427903695211,1.824775624578408e-107,dissociated
France,Religion,Sport & Games,Religion + Sport & Games,139287,49237,38,118.39944076141023,-1.6268115785230428,-2.1179533914781965,-1.2343582112767253,0.22919017021858837,0.0004997501249375312,0.0007717773219326929,-3.8188243606294243,0.16173640867394992,-4.135827721630366,-3.5018209996284826,2.942800065299654e-123,0.0005732427903695211,9.18153620373492e-123,dissociated
France,Nobility,Kinship,Nobility + Kinship,139287,49237,1486,150.50618586603454,3.299239908347732,3.245530173759229,3.35061540273403,0.026673139691949784,0.0004997501249375312,0.0301805552734732,3.2088914600967593,0.03730836149958178,3.135767071557579,3.2820158486359396,0.0,0.0005732427903695211,0.0,associated
France,Nobility,Big business,Nobility + Big business,139287,49237,68,121.8503041633035,-0.8368417947811053,-1.1980008209420485,-0.5045688254047266,0.17117177882679996,0.0004997501249375312,0.0013810752076690294,-0.7265662324944278,0.12276557068653644,-0.9671867510400391,-0.48594571394881636,3.2524186081357657e-09,0.0005732427903695211,3.6766471222404304e-09,dissociated
France,Nobility,Small business,Nobility + Small business,139287,49237,95,191.46898111378894,-1.0073005768073073,-1.3136019928225715,-0.7503366910828646,0.14535664429844078,0.0004997501249375312,0.0019294433048317322,-0.6756456781117209,0.10434289395491594,-0.8801577502633562,-0.4711336059600857,9.465896868058921e-11,0.0005732427903695211,1.085794052512641e-10,dissociated
France,Nobility,Academia,Nobility + Academia,139287,49237,146,561.8966735865948,-1.9406873966649236,-2.1778562240279316,-1.720751353232656,0.11463671465697421,0.0004997501249375312,0.0029652497105835045,-1.8003652819679574,0.08430985665970632,-1.9656126010209818,-1.635117962914933,3.568073492455239e-101,0.0005732427903695211,9.596887324534782e-101,dissociated
France,Nobility,Exploration & Invention,Nobility + Exploration & Invention,139287,49237,38,122.15821650936998,-1.6717135280652955,-2.1741116780543055,-1.2601679426021577,0.23518469448748583,0.0004997501249375312,0.0007717773219326929,-1.2311833211158414,0.1626784215488245,-1.5500330273515375,-0.9123336148801453,3.7842226866599073e-14,0.0005732427903695211,4.612021399366762e-14,dissociated
France,Nobility,Culture (core),Nobility + Culture (core),139287,49237,372,947.3253581242576,-1.3473808337822133,-1.4970479791396112,-1.2140210023242102,0.07145553025643385,0.0004997501249375312,0.007555293783130573,-1.8409782460992419,0.054393058497657215,-1.94758864075465,-1.7343678514438337,4.1797612903123955e-251,0.0005732427903695211,2.037633629027293e-250,dissociated
France,Nobility,Culture (periphery),Nobility + Culture (periphery),139287,49237,106,512.9180470947636,-2.26928057834985,-2.560015869651735,-2.0163783644593085,0.13701694032446135,0.0004997501249375312,0.002152852529601722,-1.6470279130113419,0.0984468276892906,-1.8399836952823514,-1.4540721307403324,7.906974348687755e-63,0.0005732427903695211,1.468438093327726e-62,dissociated
France,Nobility,Sport & Games,Nobility + Sport & Games,139287,49237,82,113.51701697141137,-0.46678313735854154,-0.7952768225023811,-0.18232898923769605,0.15676167406607164,0.004497751124437781,0.001665414221012653,-2.5184067616528316,0.11133683998111434,-2.7366269680158157,-2.3001865552898475,2.773118331667438e-113,0.0048058162699472174,8.011230735928154e-113,dissociated
France,Kinship,Big business,Kinship + Big business,139287,49237,106,124.63028648314824,-0.23257759063342748,-0.525192237512478,0.017464999066603128,0.13854095084877813,0.09245377311344327,0.002152852529601722,-0.17114623942577661,0.09944252204988328,-0.3660535826435478,0.023761103791994614,0.08524049796359696,0.096151924037981,0.087483668962639,not distinguishable
France,Kinship,Small business,Kinship + Small business,139287,49237,78,195.83729505399592,-1.32256968540828,-1.6553308642077345,-1.0343957870772549,0.15757242345567438,0.0004997501249375312,0.0015841745029144749,-0.7832597852874901,0.11478464309132717,-1.0082376857464914,-0.5582818848284888,8.870452892740048e-12,0.0005732427903695211,1.0483262509601876e-11,dissociated
France,Kinship,Academia,Kinship + Academia,139287,49237,269,574.7161969261249,-1.0938190267493744,-1.2669021679654562,-0.9427885168047573,0.08375522049586487,0.0004997501249375312,0.005463371042102484,-1.055375517637384,0.06343221710032877,-1.1797026631540284,-0.9310483721207397,3.7070965122215172e-62,0.0005732427903695211,6.7245006500762404e-62,dissociated
France,Kinship,Exploration & Invention,Kinship + Exploration & Invention,139287,49237,37,124.94522376759305,-1.7420950415445897,-2.2685304555079746,-1.3376360668399767,0.24057195080708477,0.0004997501249375312,0.0007514673924081483,-1.1634399248408556,0.1648582099232829,-1.48656201629049,-0.8403178333912211,1.6987200212244632e-12,0.0005732427903695211,2.038464025469356e-12,dissociated
France,Kinship,Culture (core),Kinship + Culture (core),139287,49237,831,968.9383345120436,-0.22143286862756661,-0.3082783324646285,-0.1368080726999132,0.044115068021447726,0.0004997501249375312,0.016877551434896523,-0.7884839178427128,0.03923512059675872,-0.8653847542123598,-0.7115830814730657,7.937584437752946e-90,0.0005732427903695211,1.8761563216506962e-89,dissociated
France,Kinship,Culture (periphery),Kinship + Culture (periphery),139287,49237,166,524.6201360820979,-1.6571253405345419,-1.8738520912019736,-1.4646094690660834,0.10743937089330201,0.0004997501249375312,0.0033714483010743954,-1.0842675468891987,0.07958837483281386,-1.2402607615615138,-0.9282743322168835,2.905478010748884e-42,0.0005732427903695211,4.8218571242215523e-42,dissociated
France,Kinship,Sport & Games,Kinship + Sport & Games,139287,49237,186,116.10687755771819,0.6775227482388625,0.48143032060252955,0.8772572051888413,0.09973348707089777,0.0004997501249375312,0.0037776468915652864,-1.5754737636861036,0.07526763236281994,-1.7229983231172308,-1.4279492042549764,2.7593493641945386e-97,0.0005732427903695211,6.94287904539271e-97,associated
France,Big business,Small business,Big business + Small business,139287,49237,282,158.55051957856608,0.8287657827161251,0.6645337481300873,0.9773634107666969,0.08041939318557911,0.0004997501249375312,0.005727400125921563,0.5558827925235829,0.06315463510433346,0.4320997077190893,0.6796658773280765,1.3448087562932657e-18,0.0005732427903695211,1.7482513831812455e-18,associated
France,Big business,Academia,Big business + Academia,139287,49237,274,465.2921273638442,-0.7628801066576721,-0.9327234726835134,-0.6123196323744958,0.08208675891405837,0.0004997501249375312,0.005564920689725207,-1.0680450322199322,0.06283578121585826,-1.1912031634030145,-0.94488690103685,8.584088288237084e-65,0.0005732427903695211,1.6330704548353475e-64,dissociated
France,Big business,Exploration & Invention,Big business + Exploration & Invention,139287,49237,379,101.15606499645568,1.9004035939279902,1.769618160771435,2.0305088856124223,0.06642221282923873,0.0004997501249375312,0.007697463289802384,1.300581952382507,0.05644134893400879,1.1899569084718498,1.4112069962931644,1.7261409387941214e-117,0.0005732427903695211,5.178422816382364e-117,associated
France,Big business,Culture (core),Big business + Culture (core),139287,49237,458,784.4556693561233,-0.7756894457813825,-0.8882936049378339,-0.653079160124548,0.06067098366961684,0.0004997501249375312,0.009301947722241403,-1.5378494504346456,0.04977664210355357,-1.6354116689576106,-1.4402872319116806,1.3941483459858445e-209,0.0005732427903695211,5.723345841415572e-209,dissociated
France,Big business,Culture (periphery),Big business + Culture (periphery),139287,49237,280,424.73419138198756,-0.6002568320416717,-0.7647203431279351,-0.45035128824201454,0.0805015520141161,0.0004997501249375312,0.0056867802668724736,-0.5574053562439703,0.06239632889927586,-0.679702160886551,-0.43510855160138956,4.134726130999156e-19,0.0005732427903695211,5.466248105388714e-19,dissociated
France,Big business,Sport & Games,Big business + Sport & Games,139287,49237,238,94.00051077270817,1.3355952340356383,1.15788000444335,1.4899058664209883,0.08391517469167055,0.0004997501249375312,0.004833763226841603,-1.3460298916053992,0.06702034940068062,-1.477389776430733,-1.2146700067800653,1.02062073259613e-89,0.0005732427903695211,2.3414240336028866e-89,associated
France,Small business,Academia,Small business + Academia,139287,49237,976,731.1348966944364,0.416496155346745,0.3320315976243076,0.4882348229444127,0.039606714179350196,0.0004997501249375312,0.01982249121595548,0.0732238131862855,0.03598614456012597,0.0026909698484385985,0.1437566565241324,0.04187322146430055,0.0005732427903695211,0.0447412503317184,associated
France,Small business,Exploration & Invention,Small business + Exploration & Invention,139287,49237,217,158.95117235320393,0.44790069602132887,0.2538616837834503,0.6276116990018915,0.09273386467192984,0.0004997501249375312,0.004407254706826167,0.35502638605319264,0.07115207347112672,0.2155683220497843,0.494484450056601,6.047804027547496e-07,0.0005732427903695211,6.64406639646063e-07,associated
France,Small business,Culture (core),Small business + Culture (core),139287,49237,1322,1232.6512335927857,0.1009179797155421,0.03761806935169431,0.1660018534621274,0.033072528483001115,0.0029985007496251873,0.026849726831447894,-0.5894707661837345,0.031978587212274534,-0.6521487971197926,-0.5267927352476764,7.102119916452193e-76,0.003294127584095276,1.4578035617980816e-75,associated
France,Small business,Culture (periphery),Small business + Culture (periphery),139287,49237,568,667.4043485284101,-0.2324811580959759,-0.3420457369726284,-0.12269771968059708,0.055988112364141515,0.0004997501249375312,0.011536039969941304,-0.0798855283637825,0.04510918423715943,-0.16829952946861498,0.00852847274104998,0.07657116040365533,0.0005732427903695211,0.07963400681980154,dissociated
France,Small business,Sport & Games,Small business + Sport & Games,139287,49237,220,147.707321253011,0.5731619390801772,0.3928386706013417,0.7393528556573309,0.08944550020436356,0.0004997501249375312,0.004468184495399801,-1.7336959554411355,0.06906557017979073,-1.8690644729935253,-1.5983274378887458,4.708800868425627e-139,0.0005732427903695211,1.5303602822383288e-138,associated
France,Academia,Exploration & Invention,Academia + Exploration & Invention,139287,49237,1013,466.4679076914079,1.1179507793790373,1.044006664387897,1.1874176858290315,0.03606641887394063,0.0004997501249375312,0.02057395860836363,0.5968927390566439,0.03724528355391756,0.5238919832909654,0.6698934948223223,8.413292631131722e-58,0.0005732427903695211,1.4914473300642597e-57,associated
France,Academia,Culture (core),Academia + Culture (core),139287,49237,4460,3617.4142872603334,0.3020472090086865,0.2729416587748831,0.33145464608211045,0.015354452555421979,0.0004997501249375312,0.09058228567946869,-0.9498634327173908,0.017738732401176068,-0.9846313482236959,-0.9150955172110857,0.0,0.0005732427903695211,0.0,associated
France,Academia,Culture (periphery),Academia + Culture (periphery),139287,49237,1035,1958.6059381204643,-0.9198678594981557,-0.9977813073087644,-0.8424012072947855,0.04041903326867508,0.0004997501249375312,0.02102077705790361,-1.0712318778931986,0.033045581917445443,-1.1360012184513917,-1.0064625373350056,1.5917470542716373e-230,0.0005732427903695211,7.303310013716924e-230,dissociated
France,Academia,Sport & Games,Academia + Sport & Games,139287,49237,298,433.4710092133891,-0.5398677373062462,-0.6947783442411115,-0.397436894184272,0.07914231367497442,0.0004997501249375312,0.006052358998314276,-3.0379549874674106,0.05869460210608432,-3.1529964075953356,-2.9229135673394855,0.0,0.0005732427903695211,0.0,dissociated
France,Exploration & Invention,Culture (core),Exploration & Invention + Culture (core),139287,49237,327,786.4379671205414,-1.2647550085555848,-1.416892021383816,-1.1262301913302581,0.07473273182651527,0.0004997501249375312,0.006641346954526068,-1.8191585619328234,0.05800980703908898,-1.9328577837294378,-1.705459340136209,7.2205222126874e-216,0.0005732427903695211,3.1288929588312067e-215,dissociated
France,Exploration & Invention,Culture (periphery),Exploration & Invention + Culture (periphery),139287,49237,175,425.80748292788144,-1.2804233484600231,-1.4910452889082766,-1.0934476167459262,0.10294608110375605,0.0004997501249375312,0.003554237666795296,-0.9715880200035669,0.07772611859919544,-1.12393121245799,-0.8192448275491439,7.451202608427436e-36,0.0005732427903695211,1.1861098029741632e-35,dissociated
France,Exploration & Invention,Sport & Games,Exploration & Invention + Sport & Games,139287,49237,235,94.23804746169897,1.3137112162487155,1.1355104761696708,1.4741658317008028,0.087288263944613,0.0004997501249375312,0.004772833438267969,-1.2691313088701819,0.06758506874208027,-1.4015980436046591,-1.1366645741357047,1.1370521236770317e-78,0.0005732427903695211,2.3970288012650936e-78,associated
France,Culture (core),Culture (periphery),Culture (core) + Culture (periphery),139287,49237,8442,3302.096557915148,1.3540695321129836,1.3337455560893126,1.3732674635164117,0.010029960601768544,0.0004997501249375312,0.1714564250462051,0.9453407369793817,0.017434940585311316,0.9111682534321716,0.9795132205265918,0.0,0.0005732427903695211,0.0,associated
France,Culture (core),Sport & Games,Culture (core) + Sport & Games,139287,49237,781,730.8071009184806,0.09576850270720612,0.011135016979818696,0.18001516411303062,0.04324962488510232,0.02448775612193903,0.015862054958669294,-3.1489034128031594,0.03682553564453653,-3.2210814626664512,-3.0767253629398676,0.0,0.025811418615016818,0.0,associated
France,Culture (periphery),Sport & Games,Culture (periphery) + Sport & Games,139287,49237,311,395.6868121299945,-0.3469486947890415,-0.5055965443821563,-0.2093032817996991,0.07717055465229562,0.0004997501249375312,0.006316388082133355,-2.4913200564915465,0.05768520449622558,-2.604383057304149,-2.378257055678944,0.0,0.0005732427903695211,0.0,dissociated
Sweden,Politics,Administration & Law,Politics + Administration & Law,70429,27291,479,200.4514259053842,1.254684000776193,1.151390066463229,1.3617432654899333,0.05401285220803266,0.0004997501249375312,0.01755157377890147,0.5599913431467382,0.05214716579992774,0.4577828981788798,0.6621997881145965,6.700072487733156e-27,0.000721861291576434,1.3065141351079655e-26,associated
Sweden,Politics,Military,Politics + Military,70429,27291,655,308.86947088841475,1.083264944264457,0.9902528810500557,1.1753223759258997,0.04719558230103415,0.0004997501249375312,0.02400058627386318,0.330096680957271,0.04423393996940148,0.24339815861724412,0.4167952032972979,8.488284478408837e-14,0.000721861291576434,1.2732426717613255e-13,associated
Sweden,Politics,Religion,Politics + Religion,70429,27291,321,223.5953900972659,0.5207057663141048,0.3746612002551732,0.6581244462812853,0.07235704821521878,0.0004997501249375312,0.01176211938001539,-0.012407891510715537,0.060614546772885886,-0.13121240318557187,0.10639662016414081,0.8378053114704351,0.000721861291576434,0.8378053114704351,associated
Sweden,Politics,Nobility,Politics + Nobility,70429,27291,160,125.02467657635007,0.3546022895479115,0.14230499877025166,0.5484687537063705,0.10345045877042373,0.0009995002498750624,0.005862738631783371,0.019976726386868836,0.08512253862533048,-0.1468634493187789,0.18681690209251658,0.8144555706781131,0.0013441555084526702,0.8358886120117477,associated
Sweden,Politics,Kinship,Politics + Kinship,70429,27291,473,544.1163313402865,-0.20187581924841666,-0.3220095879887215,-0.08661754557100025,0.06060597328550672,0.0014992503748125937,0.017331721080209594,-0.25619374083328744,0.04982862555438952,-0.3538578469198909,-0.15852963474668397,2.7255765564975767e-07,0.0019490254872563716,3.60330460011544e-07,dissociated
Sweden,Politics,Big business,Politics + Big business,70429,27291,953,405.59065874464375,1.2314310970373716,1.155493529677289,1.3033369210851227,0.03746444292417228,0.0004997501249375312,0.03491993697555971,0.6888068990413787,0.03834685325392541,0.6136470666636848,0.7639667314190726,3.828768459151825e-72,0.000721861291576434,1.1945757592553693e-71,associated
Sweden,Politics,Small business,Politics + Small business,70429,27291,1091,598.8575708543191,0.8648232676319357,0.7932698990349715,0.93316623172916,0.035604200574789406,0.0004997501249375312,0.03997654904547287,0.6524701952105475,0.03600123232966478,0.5819077798444046,0.7230326105766904,2.0774132165362567e-73,0.000721861291576434,6.751592953742835e-73,associated
Sweden,Politics,Academia,Politics + Academia,70429,27291,701,805.5498743816428,-0.20042600450726586,-0.29919797249394203,-0.10409813349310297,0.048804875558485734,0.0004997501249375312,0.025686123630500896,-0.7911798115086494,0.0408695806662726,-0.8712841896145437,-0.711075433402755,1.7235084309607825e-83,0.000721861291576434,6.721682880747052e-83,dissociated
Sweden,Politics,Exploration & Invention,Politics + Exploration & Invention,70429,27291,116,169.81798109633604,-0.5479007988046012,-0.813720443289763,-0.3253480311523675,0.12619425017857722,0.0004997501249375312,0.0042504855080429445,-0.8823158160815587,0.09602139848808972,-1.0705177571182145,-0.694113875044903,3.974638198329488e-20,0.000721861291576434,6.739603901515219e-20,dissociated
Sweden,Politics,Culture (core),Politics + Culture (core),70429,27291,622,1735.4682727543782,-1.4795948384624247,-1.5857569019505875,-1.3788368549510268,0.05209637085958517,0.0004997501249375312,0.022791396431057858,-2.462742871927739,0.04239186654536681,-2.545830930356658,-2.37965481349882,0.0,0.000721861291576434,0.0,dissociated
Sweden,Politics,Culture (periphery),Politics + Culture (periphery),70429,27291,345,686.775170742938,-0.9922021293073473,-1.1358507698368434,-0.856286302095241,0.07280670505592718,0.0004997501249375312,0.012641530174782896,-1.2016256400555785,0.05626937247177775,-1.3119136101002629,-1.091337670010894,3.512800185219828e-101,0.000721861291576434,1.5222134135952586e-100,dissociated
Sweden,Politics,Sport & Games,Politics + Sport & Games,70429,27291,54,165.88317672134448,-1.6101814325652655,-2.027778877819528,-1.2731480181749983,0.19472746159489704,0.0004997501249375312,0.001978674288226888,-3.670816387593128,0.1362599079569868,-3.937885807188822,-3.403746967997434,7.508931834237185e-160,0.000721861291576434,5.324515300640913e-159,dissociated
Sweden,Administration & Law,Military,Administration & Law + Military,70429,27291,238,86.75513763310354,1.4506772805742711,1.2714913754602322,1.6154929884961802,0.08726799819259416,0.0004997501249375312,0.008720823714777766,0.5477303593010665,0.0700448169311403,0.4104425181160315,0.6850182004861015,5.2943943067915856e-15,0.000721861291576434,8.097308939798896e-15,associated
Sweden,Administration & Law,Religion,Administration & Law + Religion,70429,27291,29,62.80338677118307,-1.101567732340022,-1.6697152849393146,-0.6528044211042674,0.26269713965643454,0.0004997501249375312,0.0010626213770107361,-1.222818901890065,0.18626860001334866,-1.5879053579162283,-0.8577324458639017,5.209749709110087e-11,0.000721861291576434,7.667178817180882e-11,dissociated
Sweden,Administration & Law,Nobility,Administration & Law + Nobility,70429,27291,68,35.11688284606812,0.9435427293344866,0.5848159502523731,1.2462217254559864,0.16765525392912095,0.0004997501249375312,0.002491663918507933,0.42246410719874417,0.1258482842979797,0.17580146997470394,0.6691267444227844,0.0007881255106228848,0.000721861291576434,0.0008781969975512145,associated
Sweden,Administration & Law,Kinship,Administration & Law + Kinship,70429,27291,156,152.83118489525185,0.0295115112486214,-0.19628089922391576,0.23551293352146638,0.11025665266801665,0.7746126936531734,0.005716170165988787,-0.10162133424656075,0.08393802316872485,-0.2661398596572615,0.06289719116413997,0.2260215037228872,0.7746126936531734,0.2350623638718027,not distinguishable
Sweden,Administration & Law,Big business,Administration & Law + Big business,70429,27291,107,113.92214750419518,-0.09002966679416942,-0.3740996953770817,0.15681174904002293,0.13615038019832676,0.49975012493753124,0.00392070646000513,-0.46087315540308044,0.09978438151659877,-0.656450543175614,-0.26529576763054685,3.861697148191922e-06,0.5129014440148346,4.937907828835572e-06,not distinguishable
Sweden,Administration & Law,Small business,Administration & Law + Small business,70429,27291,63,168.2068830974296,-1.409690338560182,-1.794362958837065,-1.1007810345800826,0.1770438351630019,0.0004997501249375312,0.0023084533362647025,-1.2004693611759811,0.12790091432685802,-1.451155153256623,-0.9497835690953393,6.236208101955129e-21,0.000721861291576434,1.1055096180738638e-20,dissociated
Sweden,Administration & Law,Academia,Administration & Law + Academia,70429,27291,197,226.2625374443571,-0.19932966464714738,-0.39426607419956317,-0.022881314229978116,0.09419322128812767,0.03698150924537731,0.007218496940383277,-0.7790360011954434,0.07488405142749567,-0.9258087419933348,-0.6322632603975519,2.3966889482235278e-25,0.041805184364339575,4.559554584425248e-25,dissociated
Sweden,Administration & Law,Exploration & Invention,Administration & Law + Exploration & Invention,70429,27291,17,47.69840891109257,-1.461630600041536,-2.3062692290560753,-0.8922848104206744,0.3520452052348128,0.0009995002498750624,0.0006229159796269833,-1.508973376662166,0.2409098688676123,-1.981156719642686,-1.036790033681646,3.7608631629598627e-10,0.0013441555084526702,5.333587758379442e-10,dissociated
Sweden,Administration & Law,Culture (core),Administration & Law + Culture (core),70429,27291,315,487.45765785017863,-0.6291159592609281,-0.7735565892621247,-0.4956510681183479,0.0722957731695512,0.0004997501249375312,0.011542266681323514,-1.6999992234502908,0.060710899347760576,-1.8189925861719014,-1.58100586072868,1.555722456224769e-172,0.000721861291576434,1.5168293948191497e-171,dissociated
Sweden,Administration & Law,Culture (periphery),Administration & Law + Culture (periphery),70429,27291,97,192.90114458196712,-0.9881222089879631,-1.2728991809759342,-0.7347604052542718,0.13828180775889276,0.0004997501249375312,0.0035542852955186693,-1.1694480563274359,0.10399954126663978,-1.3732871572100498,-0.965608955444822,2.4581308794429623e-29,0.000721861291576434,5.045637068330291e-29,dissociated
Sweden,Administration & Law,Sport & Games,Administration & Law + Sport & Games,70429,27291,55,46.593202578689926,0.236968934845967,-0.19028285413348944,0.5631869530184028,0.1904625446759356,0.21189405297351324,0.002015316404675534,-2.2916320208469623,0.1361049556256061,-2.55839773387315,-2.0248663078207745,1.3016427377543578e-63,0.22334778556667614,3.500970122235859e-63,not distinguishable
Sweden,Military,Religion,Military + Religion,70429,27291,39,96.77181768301274,-1.300169223881806,-1.7744674918164638,-0.9132660693790087,0.2230212923773778,0.0004997501249375312,0.0014290425414971969,-1.4547504611470765,0.16111009798135442,-1.7705262531905313,-1.1389746691036218,1.723911468883341e-19,0.000721861291576434,2.860959458997885e-19,dissociated
Sweden,Military,Nobility,Military + Nobility,70429,27291,293,54.11053064314552,2.426109422869676,2.2859852646226133,2.556201119483757,0.06878297424358691,0.0004997501249375312,0.0107361401194533,1.6041941273321711,0.06840638155875739,1.4701176194770067,1.7382706351873356,1.2929541720978673e-121,0.000721861291576434,7.2036018159738316e-121,associated
Sweden,Military,Kinship,Military + Kinship,70429,27291,379,235.4928980955579,0.6853564414624652,0.5527481402970107,0.8067699984489998,0.06482232476594073,0.0004997501249375312,0.013887362134036862,0.34223560887848214,0.0560605006600068,0.2323570275848688,0.4521141901720955,1.0295863787491736e-09,0.000721861291576434,1.4089076761830795e-09,associated
Sweden,Military,Big business,Military + Big business,70429,27291,146,175.53915250621105,-0.26499566674182706,-0.5056640180586099,-0.06329608759756117,0.1131160937307997,0.018490754622688656,0.005349749001502327,-0.6760757013097844,0.085538279487732,-0.8437307291057392,-0.5084206735138297,2.705714437885992e-15,0.021209983243672282,4.3070556358185176e-15,dissociated
Sweden,Military,Small business,Military + Small business,70429,27291,85,259.1848411525667,-1.602765475457657,-1.9178301109084075,-1.3374159166581145,0.1531564504167501,0.0004997501249375312,0.0031145798981349164,-1.4299921562903173,0.11020593167907158,-1.6459957823812976,-1.213988530199337,1.6819236855088243e-38,0.000721861291576434,3.8585308079320084e-38,dissociated
Sweden,Military,Academia,Military + Academia,70429,27291,219,348.64102316386436,-0.669588940011598,-0.8502757910728829,-0.49449709983985557,0.09046805665462049,0.0004997501249375312,0.00802462350225349,-1.2276285552032866,0.07016537595328345,-1.3651526920717223,-1.090104418334851,1.5311012910741524e-68,0.000721861291576434,4.423181507547552e-68,dissociated
Sweden,Military,Exploration & Invention,Military + Exploration & Invention,70429,27291,77,73.49701932049307,0.06672915178245739,-0.2746778844737829,0.33729285495221906,0.157727648535012,0.6691654172913544,0.0028214429665457475,-0.5043023942691701,0.11686371630039771,-0.7333552782179497,-0.2752495103203906,1.5938383360447183e-05,0.6778558772561772,1.9424904720545004e-05,not distinguishable
Sweden,Military,Culture (core),Military + Culture (core),70429,27291,461,751.1085949159439,-0.703650916720488,-0.8240970477589119,-0.5912841749287426,0.05951681445172472,0.0004997501249375312,0.01689201568282584,-1.8710330177582881,0.050001718479416445,-1.9690363859779443,-1.773029649538632,1.8918597533795667e-306,0.000721861291576434,2.9513012152721237e-305,dissociated
Sweden,Military,Culture (periphery),Military + Culture (periphery),70429,27291,55,297.23547334068326,-2.4234714434347033,-2.8158516658178936,-2.092271434961939,0.19123365147962992,0.0004997501249375312,0.002015316404675534,-2.2929118988946087,0.13567372291642368,-2.558832395810799,-2.0269914019784183,4.4844784321662336e-64,0.000721861291576434,1.249247563246308e-63,dissociated
Sweden,Military,Sport & Games,Military + Sport & Games,70429,27291,112,71.79404068828887,0.6379763678779634,0.3711797932869711,0.877491603469067,0.1258263981150681,0.0004997501249375312,0.0041039170422483605,-2.10427985846516,0.09610915829426273,-2.292653808721915,-1.915905908208405,2.9190789207579806e-106,0.000721861291576434,1.3393420930536617e-105,associated
Sweden,Religion,Nobility,Religion + Nobility,70429,27291,21,39.171450557168015,-0.8837644897071051,-1.5771827200783508,-0.3766949096759088,0.30656629967069915,0.0074962518740629685,0.0007694844454215675,-0.860442707611883,0.21837606320874506,-1.2884597915010234,-0.43242562372274274,8.141783448928888e-05,0.008995502248875561,9.339104544359606e-05,dissociated
Sweden,Religion,Kinship,Religion + Kinship,70429,27291,262,170.47695346308495,0.6185155500962122,0.4541884823350986,0.7672808599952603,0.07896548309399239,0.0004997501249375312,0.009600234509545271,0.4128260689669583,0.06678257861096198,0.2819322148894728,0.5437199230444438,6.343780190089796e-10,0.000721861291576434,8.835979550482217e-10,associated
Sweden,Religion,Big business,Religion + Big business,70429,27291,19,127.07550917568497,-2.7098053706891707,-3.448255004760789,-2.1628348393237635,0.3259181428958799,0.0004997501249375312,0.0006962002125242754,-2.291568000939473,0.22779964719278828,-2.738055309437338,-1.8450806924416083,8.335605760063165e-24,0.000721861291576434,1.512040114616109e-23,dissociated
Sweden,Religion,Small business,Religion + Small business,70429,27291,80,187.6279177029528,-1.2246532686709928,-1.5366441855379152,-0.9366797600982391,0.1520728164358504,0.0004997501249375312,0.0029313693158916857,-1.021297318657891,0.11406228477169017,-1.2448593968104038,-0.7977352405053784,3.4327529570822155e-19,0.000721861291576434,5.5782235552586e-19,dissociated
Sweden,Religion,Academia,Religion + Academia,70429,27291,497,252.38663230137365,0.97620574813409,0.8710393227554217,1.0797676147766853,0.053209803153576464,0.0004997501249375312,0.0182111318749771,0.23594229215843562,0.05083260626970995,0.13631038386980412,0.3355742004470671,3.4579845192787755e-06,0.000721861291576434,4.495379875062409e-06,associated
Sweden,Religion,Exploration & Invention,Religion + Exploration & Invention,70429,27291,20,53.205629739589575,-1.3894494181759585,-2.1429819173496276,-0.8594137668320421,0.32672990863471163,0.0014992503748125937,0.0007328423289729214,-1.4148473797507943,0.222825845312378,-1.8515860365630552,-0.9781087229385335,2.1592341379697098e-10,0.0019490254872563716,3.1188937548451365e-10,dissociated
Sweden,Religion,Culture (core),Religion + Culture (core),70429,27291,653,543.7391361553923,0.26394653171686383,0.16765516275054393,0.35033587031679836,0.045752531975667046,0.0004997501249375312,0.023927302040965888,-0.8736483022554832,0.04567133798406418,-0.963164124704249,-0.7841324798067174,1.4474798823639663e-81,0.000721861291576434,5.376353848780446e-81,associated
Sweden,Religion,Culture (periphery),Religion + Culture (periphery),70429,27291,67,215.17335922256208,-1.675888573157426,-2.0449481127335836,-1.3658233151093995,0.18032416031061746,0.0004997501249375312,0.002455021802059287,-1.622098101976713,0.1238659696835586,-1.8648754025564878,-1.379320801396938,3.4894664307774043e-39,0.000721861291576434,8.247829745473864e-39,dissociated
Sweden,Religion,Sport & Games,Religion + Sport & Games,70429,27291,16,51.972817152124215,-1.6691042227670265,-2.490623105660898,-1.077008266206735,0.36331231904637756,0.0009995002498750624,0.0005862738631783372,-3.5914340491539303,0.24714581778561756,-4.075839852013741,-3.10702824629412,7.636990490050529e-48,0.0013441555084526702,1.8615164319498164e-47,dissociated
Sweden,Nobility,Kinship,Nobility + Kinship,70429,27291,265,95.32319052361494,1.470265105753039,1.3140656896299325,1.6129583871948376,0.07693844198710435,0.0004997501249375312,0.009710160858891209,1.2943917520540242,0.07050489481836016,1.1562021582100384,1.4325813458980101,2.802671119935802e-75,0.000721861291576434,9.936743061590571e-75,associated
Sweden,Nobility,Big business,Nobility + Big business,70429,27291,49,71.05501785414175,-0.5316244154767007,-0.9759937710850433,-0.16124164822197254,0.20490188501887324,0.008995502248875561,0.0017954637059836576,-0.5774909739997822,0.1457332928430662,-0.8631282279721919,-0.2918537200273725,7.412040162745658e-05,0.010631048112307482,8.628942279017333e-05,dissociated
Sweden,Nobility,Small business,Nobility + Small business,70429,27291,46,104.91325298478301,-1.1807536385588022,-1.643398567003884,-0.8192640825342614,0.2090153550699446,0.0004997501249375312,0.0016855373566377193,-0.8268370380050835,0.15001790497407766,-1.1208721317542758,-0.5328019442558912,3.5560849083230124e-08,0.000721861291576434,4.78232108360681e-08,dissociated
Sweden,Nobility,Academia,Nobility + Academia,70429,27291,37,141.12346887807897,-1.917097858121153,-2.428434814981047,-1.518451864038972,0.23595956693779563,0.0004997501249375312,0.0013557583085999048,-1.8312711330028353,0.16604241351068902,-2.156714263483786,-1.5058280025218849,2.7712454567867626e-28,0.000721861291576434,5.542490913573525e-28,dissociated
Sweden,Nobility,Exploration & Invention,Nobility + Exploration & Invention,70429,27291,8,29.75024059011027,-1.8314118702979303,-3.1134424318214897,-1.0781458294644153,0.5221819542236739,0.0024987506246876563,0.0002931369315891686,-1.5591323213019497,0.34483865455540014,-2.235016084230534,-0.8832485583733655,6.1449802360922575e-06,0.0030936912496132888,7.730781587341872e-06,dissociated
Sweden,Nobility,Culture (core),Nobility + Culture (core),70429,27291,166,304.0349338604865,-0.8710855549943105,-1.0829078471128832,-0.6748248383618856,0.105112367821712,0.0004997501249375312,0.006082591330475248,-1.6551296150486983,0.08336314864094833,-1.818521386384957,-1.4917378437124396,1.0085713397592877e-87,0.000721861291576434,4.140450763222339e-87,dissociated
Sweden,Nobility,Culture (periphery),Nobility + Culture (periphery),70429,27291,16,120.31544851146096,-2.8722670123795706,-3.6993800834033452,-2.306088193276513,0.3616883270216786,0.0004997501249375312,0.0005862738631783372,-2.305876278658386,0.2480517901238075,-2.792057787301049,-1.8196947700157236,1.4590160582621063e-20,0.000721861291576434,2.5289611676543176e-20,dissociated
Sweden,Nobility,Sport & Games,Nobility + Sport & Games,70429,27291,20,29.060906185854165,-0.528066586065907,-1.2741568685325542,0.017414867039514243,0.3177831800505573,0.09545227386306847,0.0007328423289729214,-2.617296543059855,0.2228491455403538,-3.054080868318948,-2.1805122178007617,7.518811303354344e-32,0.10340663001832417,1.5850467071936183e-31,not distinguishable
Sweden,Kinship,Big business,Kinship + Big business,70429,27291,288,309.2365179165565,-0.10247016782688316,-0.2666047080407628,0.044032548257196956,0.0791083203973053,0.18990504747626186,0.010552929537210069,-0.10333464116254408,0.0627242997867561,-0.22627426874458603,0.019604986419497872,0.0994672439904399,0.20291224250888254,0.10484385177370692,not distinguishable
Sweden,Kinship,Small business,Kinship + Small business,70429,27291,150,456.5899779648285,-1.6027147001500364,-1.8336491236373125,-1.3901584430427876,0.11518370928330476,0.0004997501249375312,0.005496317467296911,-1.0058302178706493,0.08404432069091429,-1.1705570864248414,-0.8411033493164572,5.236511402447308e-33,0.000721861291576434,1.1669939696882572e-32,dissociated
Sweden,Kinship,Academia,Kinship + Academia,70429,27291,828,614.1794264515676,0.43066749910654717,0.3430797673374272,0.5064612819262391,0.040660888976919454,0.0004997501249375312,0.03033967241947895,0.13809879936900465,0.03968669264136764,0.06031288179192408,0.21588471694608524,0.0005019276265339152,0.000721861291576434,0.0005673964473861651,associated
Sweden,Kinship,Exploration & Invention,Kinship + Exploration & Invention,70429,27291,174,129.4751740989007,0.4249909487559661,0.22328955376868764,0.6222371417457775,0.10123265666043092,0.0004997501249375312,0.006375728262064417,0.21094145813443457,0.08048587117770375,0.05318915062613522,0.36869376564273393,0.008771064442146712,0.000721861291576434,0.009635817274471036,associated
Sweden,Kinship,Culture (core),Kinship + Culture (core),70429,27291,1184,1323.1817697239114,-0.1602781226420155,-0.22520629874144057,-0.09378892747773923,0.034212199626974735,0.0004997501249375312,0.043384265875196955,-0.8933398115146898,0.034365569533601155,-0.960696327800548,-0.8259832952288315,5.611517656057501e-149,0.000721861291576434,3.647486476437376e-148,dissociated
Sweden,Kinship,Culture (periphery),Kinship + Culture (periphery),70429,27291,288,523.62143410656,-0.8613297907670268,-1.0371363197716077,-0.7059645043899183,0.08320040420513874,0.0004997501249375312,0.010552929537210069,-0.7281761227967056,0.061926824396379455,-0.8495526986136094,-0.6067995469798019,6.37420894750352e-32,0.000721861291576434,1.3810786052924294e-31,dissociated
Sweden,Kinship,Sport & Games,Kinship + Sport & Games,70429,27291,234,126.47514148628746,0.8850418412139659,0.7147914145954684,1.0396006607323092,0.08397986285037384,0.0004997501249375312,0.00857425524898318,-1.5021323459293556,0.06769624071572952,-1.6348169777321855,-1.3694477141265258,4.357008433647446e-109,0.000721861291576434,2.1240416114031302e-108,associated
Sweden,Big business,Small business,Big business + Small business,70429,27291,399,340.3474942257183,0.22906912618729217,0.10230629906673183,0.3521436252254232,0.06433461903284805,0.0009995002498750624,0.014620204463009783,0.1286942757083972,0.0543539951829463,0.02216044514982246,0.23522810626697194,0.017898756983865532,0.0013441555084526702,0.019390320065854325,associated
Sweden,Big business,Academia,Big business + Academia,70429,27291,329,457.8165069008194,-0.4760657820653982,-0.6228380427079528,-0.33820280705043354,0.07307239530595623,0.0004997501249375312,0.012055256311604558,-0.9082858097832793,0.05814848678717527,-1.0222568438861428,-0.7943147756804159,5.3113207532071995e-55,0.000721861291576434,1.3809433958338718e-54,dissociated
Sweden,Big business,Exploration & Invention,Big business + Exploration & Invention,70429,27291,352,96.51230468399366,1.8613836073594767,1.7305462757289616,1.97804744819,0.0634069488919851,0.0004997501249375312,0.012898024989923419,1.103009687717011,0.06046334259801781,0.9845015362248961,1.221517839209126,2.368362707826913e-74,0.000721861291576434,8.031838748282576e-74,associated
Sweden,Big business,Culture (core),Big business + Culture (core),70429,27291,431,986.3151218036039,-1.193419264040772,-1.3193623595374453,-1.07593530295139,0.0626183276554488,0.0004997501249375312,0.015792752189366457,-2.0836617916733635,0.05116541990616259,-2.1839460146894423,-1.9833775686572848,0.0,0.000721861291576434,0.0,dissociated
Sweden,Big business,Culture (periphery),Big business + Culture (periphery),70429,27291,355,390.31352333969244,-0.1366308299732579,-0.2745107762275476,-5.424837708447085e-05,0.06989764582567218,0.051974012993503245,0.013007951339269356,-0.44346821210432413,0.05654147474300529,-0.5542895026006145,-0.3326469216080338,4.3907660379749894e-15,0.057913900192760756,6.849595019240983e-15,not distinguishable
Sweden,Big business,Sport & Games,Big business + Sport & Games,70429,27291,140,94.27604538883891,0.5679757607856951,0.3324667525508378,0.7812114216840509,0.11380877775916094,0.0004997501249375312,0.0051298963028104504,-1.994961412357637,0.08625933487815864,-2.164029708718828,-1.825893115996446,2.450034677280676e-118,0.000721861291576434,1.2740180321859514e-117,associated
Sweden,Small business,Academia,Small business + Academia,70429,27291,740,675.9694172154179,0.13047502323248,0.042208947999835246,0.21661056557842612,0.04599100684654125,0.0024987506246876563,0.027115166171998096,-0.16406131736137355,0.040977179493450075,-0.24437658916853572,-0.0837460455542114,6.235310323374943e-05,0.0030936912496132888,7.369003109443114e-05,associated
Sweden,Small business,Exploration & Invention,Small business + Exploration & Invention,70429,27291,111,142.50112297827084,-0.35898276629039955,-0.6421376289229248,-0.12260116377277397,0.12847400775216372,0.009495252373813094,0.004067274925799714,-0.42137013147914254,0.09834367976283921,-0.6141237438143075,-0.22861651914397768,1.8301132064932096e-05,0.011054174405334646,2.1961358477918514e-05,dissociated
Sweden,Small business,Culture (core),Small business + Culture (core),70429,27291,1724,1456.301483294426,0.2433738324391818,0.18842867449960912,0.29279788517468913,0.026071725874122032,0.0004997501249375312,0.06317100875746583,-0.5294350008135016,0.03016384050167133,-0.5885561281967774,-0.4703138734302258,5.7446264739056e-69,0.000721861291576434,1.72338794217168e-68,associated
Sweden,Small business,Culture (periphery),Small business + Culture (periphery),70429,27291,514,576.300768815193,-0.16490201042261074,-0.27719876614933664,-0.058230588578381565,0.056010314309634615,0.0034982508745627187,0.01883404785460408,-0.21467127272402756,0.047936690205993074,-0.30862718552777396,-0.12071535992028114,7.526633534506606e-06,0.004263493253373314,9.31868913796056e-06,dissociated
Sweden,Small business,Sport & Games,Small business + Sport & Games,70429,27291,103,139.19926979101606,-0.432693712066203,-0.7197963467099348,-0.17718364459415845,0.13667386783694976,0.001999000499750125,0.003774137994210546,-2.5009978952696006,0.09974061330937539,-2.6964894973559765,-2.3055062931832246,9.316255762563226e-139,0.0025560989996804874,5.589753457537936e-138,dissociated
Sweden,Academia,Exploration & Invention,Academia + Exploration & Invention,70429,27291,322,191.68457960818517,0.7468065778856936,0.6061797257755389,0.8796815488629263,0.07065568932258606,0.0004997501249375312,0.011798761496464036,-0.012629623130319562,0.06141664309867861,-0.13300624360372962,0.1077469973430905,0.8370733426368484,0.000721861291576434,0.8378053114704351,associated
Sweden,Academia,Culture (core),Academia + Culture (core),70429,27291,2394,1958.9357036199256,0.28928620205229905,0.24835315837473465,0.3316768252098864,0.021044735908197925,0.0004997501249375312,0.0877212267780587,-1.1355189061950137,0.024556504351904707,-1.183649654724747,-1.0873881576652804,0.0,0.000721861291576434,0.0,associated
Sweden,Academia,Culture (periphery),Academia + Culture (periphery),70429,27291,281,775.207719696769,-1.4623782368398928,-1.6310878642062558,-1.3090866573342486,0.08197225368019578,0.0004997501249375312,0.010296434722069547,-1.712718672742336,0.061618292022365975,-1.8334905251061733,-1.5919468203784988,4.900028275367517e-170,0.000721861291576434,4.246691171985181e-169,dissociated
Sweden,Academia,Sport & Games,Academia + Sport & Games,70429,27291,90,187.2431104681603,-1.0527702694148762,-1.3565729671046138,-0.769616309098795,0.14521147432502993,0.0004997501249375312,0.0032977904803781466,-3.4440522200585812,0.1060393627211582,-3.6518893709920515,-3.236215069125111,2.1110369833594685e-231,0.000721861291576434,2.744348078367309e-230,dissociated
Sweden,Exploration & Invention,Culture (core),Exploration & Invention + Culture (core),70429,27291,176,412.96326505124847,-1.2280909725442375,-1.4283263779921997,-1.0363537509032705,0.10046984322165037,0.0004997501249375312,0.006449012494961709,-2.154469589665277,0.07900661778062035,-2.3093225605152927,-1.9996166188152609,9.764120418650159e-164,0.000721861291576434,7.616013926547124e-163,dissociated
Sweden,Exploration & Invention,Culture (periphery),Exploration & Invention + Culture (periphery),70429,27291,84,163.4215510122853,-0.9559822936811931,-1.2797155862199239,-0.6682595247887614,0.1541931519670764,0.0004997501249375312,0.00307793778168627,-1.1351762316512648,0.11167704637266843,-1.354063242541695,-0.9162892207608346,2.8466934885542408e-24,0.000721861291576434,5.28671647874359e-24,dissociated
Sweden,Exploration & Invention,Sport & Games,Exploration & Invention + Sport & Games,70429,27291,93,39.47272292520615,1.2259505131103214,0.9336692548335963,1.489855677488109,0.14323498488535572,0.0004997501249375312,0.003407716829724085,-1.5647867768219779,0.10625167379041153,-1.7730400574511844,-1.3565334961927713,4.313775928924099e-49,0.000721861291576434,1.0854016853421927e-48,associated
Sweden,Culture (core),Culture (periphery),Culture (core) + Culture (periphery),70429,27291,3489,1670.0994502180636,1.0626544634184758,1.0317394275191032,1.0921623136439529,0.01545740721332341,0.0004997501249375312,0.12784434428932615,0.047442445360102496,0.024022193839326536,0.00035894543502248966,0.0945259452851825,0.04827470291764045,0.000721861291576434,0.051581189418848705,associated
Sweden,Culture (core),Sport & Games,Culture (core) + Sport & Games,70429,27291,418,403.39461012116396,0.051248729033088455,-0.06701136392173686,0.1578817822840425,0.058047168178002734,0.3853073463268366,0.015316404675534058,-3.4217186431919857,0.05041270675104361,-3.520527548424031,-3.3229097379599404,0.0,0.4007196401799101,0.0,not distinguishable
Sweden,Culture (periphery),Sport & Games,Culture (periphery) + Sport & Games,70429,27291,180,159.63495650833664,0.17271056313481348,-0.040740972263652045,0.3586542247374105,0.10031885529717692,0.09245377311344327,0.006595580960756293,-2.3540239004595747,0.0759629574803765,-2.5029112971211127,-2.2051365037980366,7.5590233543996826e-211,0.10156893384293768,8.422911737759647e-210,not distinguishable
Italy,Politics,Administration & Law,Politics + Administration & Law,99499,30560,2070,549.5768090707642,1.9122742165422268,1.8688311429970201,1.9552758735070161,0.021896409996153658,0.0004997501249375312,0.06773560209424084,1.7195214045451854,0.031693172482404476,1.6574027864796728,1.781640022610698,0.0,0.0006720777542263351,0.0,associated
Italy,Politics,Military,Politics + Military,99499,30560,784,360.1235184227966,1.1212799605575399,1.0370493200742845,1.1975971700373744,0.04152911668609108,0.0004997501249375312,0.025654450261780103,0.27386052619023465,0.04069090533580796,0.19410635173205104,0.35361470064841827,1.6935578801597262e-11,0.0006720777542263351,2.4462502713418268e-11,associated
Italy,Politics,Religion,Politics + Religion,99499,30560,169,490.82083169769254,-1.5353801363965862,-1.7657690455715298,-1.3338483020397043,0.10794541904276841,0.0004997501249375312,0.005530104712041885,-2.212978124536637,0.07814375429447337,-2.3661398829538047,-2.0598163661194695,1.998514268971781e-176,0.0006720777542263351,1.1134579498557066e-175,dissociated
Italy,Politics,Nobility,Politics + Nobility,99499,30560,292,256.3536084311539,0.18749028303700846,0.03372494260578906,0.33370910433395656,0.07570147088904558,0.015992003998001,0.009554973821989528,-0.2538911297844984,0.06309011912986133,-0.3775477632790266,-0.1302344962899702,5.71544117860552e-05,0.01756868044850814,6.653797193003441e-05,associated
Italy,Politics,Kinship,Politics + Kinship,99499,30560,125,239.96857673954807,-0.938161017786345,-1.1800738974137557,-0.7140119421019449,0.12095037307536316,0.0004997501249375312,0.004090314136125654,-0.8315920976871923,0.09317018242073999,-1.0142056552318426,-0.648978540142542,4.436200652936027e-19,0.0006720777542263351,7.522253281065436e-19,dissociated
Italy,Politics,Big business,Politics + Big business,99499,30560,795,364.51086479091805,1.12392252314807,1.0431019555658827,1.2001072312114498,0.0410221644654631,0.0004997501249375312,0.026014397905759164,0.5739579486713721,0.04163020577149873,0.4923627453592346,0.6555531519835096,3.0495600704907946e-43,0.0006720777542263351,6.796162442808057e-43,associated
Italy,Politics,Small business,Politics + Small business,99499,30560,830,425.92044057876075,0.9617035724573411,0.8880424000315932,1.0367688426340225,0.03954481296580236,0.0004997501249375312,0.027159685863874346,0.6879066463400492,0.04132020741550702,0.6069190398056554,0.7688942528744429,3.1189576349606664e-62,0.0006720777542263351,8.688524840247571e-62,associated
Italy,Politics,Academia,Politics + Academia,99499,30560,1692,1400.1171978585915,0.2730931265783524,0.2169209584567365,0.32509490492146254,0.028064908246436805,0.0004997501249375312,0.055366492146596856,-0.29797708951730656,0.027584587651486872,-0.35204288131422085,-0.2439112977203923,3.3567463288896074e-27,0.0006720777542263351,6.2339574679378424e-27,associated
Italy,Politics,Exploration & Invention,Politics + Exploration & Invention,99499,30560,176,213.81186996596162,-0.2800435744357865,-0.4844326739990108,-0.0925538478641709,0.10346816011213858,0.008995502248875561,0.005759162303664921,-0.500684656063018,0.07981332159474291,-0.6571187663887141,-0.34425054573732194,3.537098603866499e-10,0.010168828629163677,4.840240194764684e-10,dissociated
Italy,Politics,Culture (core),Politics + Culture (core),99499,30560,595,2426.9008678384275,-2.027238965697565,-2.1357716254948356,-1.919042460308691,0.054246021245208616,0.0004997501249375312,0.019469895287958117,-2.8586664734355454,0.04238419377112783,-2.941739493226956,-2.775593453644135,0.0,0.0006720777542263351,0.0,dissociated
Italy,Politics,Culture (periphery),Politics + Culture (periphery),99499,30560,850,1439.8396612086917,-0.7600259274424143,-0.8471679353849296,-0.6763368382337165,0.04377937585454587,0.0004997501249375312,0.027814136125654452,-0.8035789479610698,0.03688477031936689,-0.8758730977870288,-0.7312847981351107,3.1362768640063925e-105,0.0006720777542263351,1.0636069364891245e-104,dissociated
Italy,Politics,Sport & Games,Politics + Sport & Games,99499,30560,130,340.05575354240136,-1.3838411992971111,-1.6496443952408484,-1.165830120164252,0.12185123193539861,0.0004997501249375312,0.004253926701570681,-3.931286621580304,0.08823223659709961,-4.104221805310619,-3.758351437849989,0.0,0.0006720777542263351,0.0,dissociated
Italy,Administration & Law,Military,Administration & Law + Military,99499,30560,177,142.64907806852247,0.31030064572436894,0.1111039184258451,0.4928802782410948,0.09807082357351314,0.0024987506246876563,0.005791884816753926,-0.02375576875246234,0.07833447920958046,-0.17729134800324003,0.12977981049831538,0.7616911960238437,0.0030453523238380812,0.7715832894786988,associated
Italy,Administration & Law,Religion,Administration & Law + Religion,99499,30560,399,194.4197908682577,1.0353149233940784,0.9081980486534497,1.1585928479416918,0.06377863222021055,0.0004997501249375312,0.013056282722513088,0.14180852617529546,0.05382438881736944,0.03631272409325137,0.24730432825733956,0.008422361868224735,0.0006720777542263351,0.00887762467191256,associated
Italy,Administration & Law,Nobility,Administration & Law + Nobility,99499,30560,51,101.54462019698028,-0.9865557879339638,-1.4022440196637238,-0.6289954680732851,0.1985842741640942,0.0004997501249375312,0.001668848167539267,-0.7391448964997317,0.141744945989299,-1.0169649906387577,-0.46132480236070567,1.8420238028859437e-07,0.0006720777542263351,2.3173847842758646e-07,dissociated
Italy,Administration & Law,Kinship,Administration & Law + Kinship,99499,30560,31,95.05432021555275,-1.6009692733986898,-2.1647070463002356,-1.1689130136225758,0.2562640197928093,0.0004997501249375312,0.0010143979057591623,-0.9028083536845264,0.18051433657042834,-1.2566164533625659,-0.5490002540064869,5.694174440913213e-07,0.0006720777542263351,7.049930260178264e-07,dissociated
Italy,Administration & Law,Big business,Administration & Law + Big business,99499,30560,63,144.3869565534401,-1.1900992251391196,-1.578978495423845,-0.8757949451551701,0.1803597309449078,0.0004997501249375312,0.0020615183246073298,-0.8821883146353574,0.12765904855349314,-1.132400049800204,-0.6319765794705108,4.829361819345684e-12,0.0006720777542263351,7.1073626775276116e-12,dissociated
Italy,Administration & Law,Small business,Administration & Law + Small business,99499,30560,32,168.7119976090211,-2.3803202399878094,-2.9675724354518933,-1.9435664462770028,0.25872963773910695,0.0004997501249375312,0.0010471204188481676,-1.5279468487926917,0.17699077977323557,-1.8748487771482334,-1.18104492043715,5.980642883879705e-18,0.0006720777542263351,9.71854468630452e-18,dissociated
Italy,Administration & Law,Academia,Administration & Law + Academia,99499,30560,450,554.6025661893236,-0.3012272565257394,-0.421139882721871,-0.18268390293747966,0.062383285661859904,0.0004997501249375312,0.014725130890052356,-0.35527673370269236,0.05060989658688927,-0.45447213101299533,-0.2560813363923894,2.2201702878121904e-12,0.0006720777542263351,3.3302554317182856e-12,dissociated
Italy,Administration & Law,Exploration & Invention,Administration & Law + Exploration & Invention,99499,30560,11,84.69334706139124,-2.88910691040471,-3.933803295162403,-2.21067309287626,0.4428709868236873,0.0004997501249375312,0.0003599476439790576,-1.9696349286122286,0.29624926188654943,-2.550283481909865,-1.3889863753145917,2.959476163941514e-11,0.0006720777542263351,4.197075287044329e-11,dissociated
Italy,Administration & Law,Culture (core),Administration & Law + Culture (core),99499,30560,282,961.3234172459807,-1.7675211840064202,-1.9393148401375726,-1.6093587646131071,0.08288314142912617,0.0004997501249375312,0.009227748691099477,-2.144903949856472,0.06187936739844648,-2.266187509957427,-2.023620389755517,2.8786692292949036e-263,0.0006720777542263351,2.0412381807727498e-262,dissociated
Italy,Administration & Law,Culture (periphery),Administration & Law + Culture (periphery),99499,30560,55,570.3370919440397,-3.3625194049536384,-3.786153910898405,-3.021927196236339,0.1945735312562767,0.0004997501249375312,0.001799738219895288,-2.2809991723222427,0.13548200827887066,-2.5465439085488293,-2.015454436095656,1.3252507923730482e-63,0.0006720777542263351,3.975752377119145e-63,dissociated
Italy,Administration & Law,Sport & Games,Administration & Law + Sport & Games,99499,30560,81,134.70000500708633,-0.7302232405934669,-1.0607170740360263,-0.4504624881269702,0.15827529288004222,0.0004997501249375312,0.002650523560209424,-2.9765241543495375,0.11205298657081046,-3.196148008028326,-2.756900300670749,1.7915457396612212e-155,0.0006720777542263351,9.31603784623835e-155,dissociated
Italy,Military,Religion,Military + Religion,99499,30560,116,127.3982780621408,-0.1346668859785157,-0.3988205727093559,0.10245315496063967,0.1291968421869891,0.2908545727136432,0.0037958115183246073,-1.1342921307490412,0.0947163134914515,-1.3199361051922862,-0.9486481563057962,4.7652239837201315e-33,0.2985086404166338,9.530447967440263e-33,not distinguishable
Italy,Military,Nobility,Military + Nobility,99499,30560,369,66.53957244679606,2.4624895111590837,2.340792364529401,2.5833579086199756,0.06300669449724333,0.0004997501249375312,0.012074607329842932,1.527516039381088,0.05903062033590482,1.4118160235227146,1.6432160552394615,1.2193202663217382e-147,0.0006720777542263351,5.594528280770328e-147,associated
Italy,Military,Kinship,Military + Kinship,99499,30560,47,62.28664614722554,-0.4025302369824548,-0.8576589390625219,-0.049773731700916174,0.2056672792020426,0.04897551224387806,0.001537958115183246,-0.41516889664734513,0.1480306797158129,-0.7053090288903384,-0.12502876440435184,0.005037689061944822,0.051622837230033636,0.00538273625796844,not distinguishable
Italy,Military,Big business,Military + Big business,99499,30560,39,94.61305126084588,-1.267790665686726,-1.7563647736685715,-0.8897113662560048,0.22763744413256345,0.0004997501249375312,0.0012761780104712042,-1.306709387796359,0.16086052368023998,-1.6219960142096292,-0.9914227613830886,4.538831144187377e-16,0.0006720777542263351,6.941741749933635e-16,dissociated
Italy,Military,Small business,Military + Small business,99499,30560,194,110.55262372120212,0.8085266769159312,0.6144817418583973,0.9875239619815545,0.09418368406503469,0.0004997501249375312,0.006348167539267016,0.41911770517867913,0.07575794547662182,0.2706321320445004,0.567603278312858,3.160105909452827e-08,0.0006720777542263351,4.177767134530856e-08,associated
Italy,Military,Academia,Military + Academia,99499,30560,151,363.4167675308408,-1.2642907314475365,-1.4912280697340818,-1.0451992534628833,0.11406366266359956,0.0004997501249375312,0.00494109947643979,-1.4788348206816968,0.08329355974515458,-1.6420901977821998,-1.3155794435811938,1.5910434883208382e-70,0.0006720777542263351,4.9640556835610156e-70,dissociated
Italy,Military,Exploration & Invention,Military + Exploration & Invention,99499,30560,104,55.497367478663044,0.9000720317152355,0.6047488834870013,1.1537252255417432,0.13588948006635684,0.0004997501249375312,0.0034031413612565444,0.37818781352856135,0.10211699263619435,0.17803850796162043,0.5783371190955022,0.00021266545622805128,0.0006720777542263351,0.00024040442877953626,associated
Italy,Military,Culture (core),Military + Culture (core),99499,30560,194,629.9304585763048,-1.6965670835413473,-1.9055824688736913,-1.520685529427347,0.09727358561197887,0.0004997501249375312,0.006348167539267016,-2.4762253746897245,0.07376234719690218,-2.6207995751956528,-2.331651174183796,4.549916047066903e-247,0.0006720777542263351,2.957445430593487e-246,dissociated
Italy,Military,Culture (periphery),Military + Culture (periphery),99499,30560,52,373.7271967228645,-2.833525081439367,-3.2745874255121916,-2.488663430562643,0.1947294956050579,0.0004997501249375312,0.0017015706806282722,-2.273805760709505,0.13928114114475915,-2.546796797353233,-2.000814724065777,6.52243235279274e-60,0.0006720777542263351,1.5898428859932302e-59,dissociated
Italy,Military,Sport & Games,Military + Sport & Games,99499,30560,248,88.26544157993068,1.4851758350238977,1.3295098362689028,1.6480757328140225,0.08249362336145256,0.0004997501249375312,0.008115183246073299,-1.7457372307382428,0.06584522384111603,-1.8747938694668302,-1.6166805920096554,6.911535575251754e-155,0.0006720777542263351,3.36937359293523e-154,associated
Italy,Religion,Nobility,Religion + Nobility,99499,30560,152,90.68835168605283,0.7418877899058273,0.5135772761018111,0.9491544962508444,0.11020139846227905,0.0004997501249375312,0.0049738219895287955,-0.2463585498574286,0.0845434663444257,-0.412063743892503,-0.08065335582235425,0.0035684492854191146,0.0006720777542263351,0.003920268229051985,associated
Italy,Religion,Kinship,Religion + Kinship,99499,30560,166,84.89193818702252,0.9633504000736395,0.7486658137059601,1.152957367777633,0.10425947696044471,0.0004997501249375312,0.0054319371727748695,0.2160749388387146,0.0824357019121594,0.054500963090882176,0.37764891458654704,0.008763806405791337,0.0006720777542263351,0.009114358662022991,associated
Italy,Religion,Big business,Religion + Big business,99499,30560,19,128.9503576791811,-2.730852922409812,-3.4690039543869102,-2.176078219471801,0.33034242925502216,0.0004997501249375312,0.0006217277486910994,-2.7352168600619224,0.22742117834399433,-3.180962369616151,-2.289471350507694,2.5600082042564806e-33,0.0006720777542263351,5.254753682421197e-33,dissociated
Italy,Religion,Small business,Religion + Small business,99499,30560,123,150.67477669563834,-0.29170640613712323,-0.565241470404561,-0.07033267883061416,0.12654208083975824,0.02448775612193903,0.004024869109947644,-0.8010276357188073,0.09251965300043569,-0.9823661555996612,-0.6196891158379534,4.804559125828915e-18,0.02652840246543395,7.973523655630965e-18,dissociated
Italy,Religion,Academia,Religion + Academia,99499,30560,1238,495.3092785319262,1.3207366933242464,1.2600313704310533,1.3789328650870374,0.030782867531355108,0.0004997501249375312,0.040510471204188485,0.13436475173558282,0.03235606769092796,0.07094685906136401,0.19778264440980164,3.285882679174415e-05,0.0006720777542263351,3.883315893569763e-05,associated
Italy,Religion,Exploration & Invention,Religion + Exploration & Invention,99499,30560,24,75.63867026015805,-1.6358476246409688,-2.3425764916226592,-1.1446234036332914,0.3006126206638477,0.0004997501249375312,0.0007853403141361257,-1.8510139344237229,0.20377455945787737,-2.2504120709611626,-1.4516157978862831,1.050069638610031e-19,0.0006720777542263351,1.861487086626873e-19,dissociated
Italy,Religion,Culture (core),Religion + Culture (core),99499,30560,789,858.5470700281784,-0.12179791747351176,-0.20283928033358414,-0.03858895969465848,0.04210412302953777,0.004497751124437781,0.02581806282722513,-1.7255404047220169,0.038095299868156365,-1.8002071924636034,-1.6508736169804303,0.0,0.005236187876211148,0.0,dissociated
Italy,Religion,Culture (periphery),Religion + Culture (periphery),99499,30560,111,509.3616055039403,-2.1930619915498464,-2.4732938543741563,-1.9525864724730164,0.13072302385238752,0.0004997501249375312,0.0036321989528795813,-2.2260914266097758,0.0959271882861863,-2.414108715650701,-2.0380741375688505,3.955561482006979e-119,0.0006720777542263351,1.4692085504597351e-118,dissociated
Italy,Religion,Sport & Games,Religion + Sport & Games,99499,30560,21,120.29905082612137,-2.490200553859563,-3.2068865857332387,-1.9681496673924692,0.31800807128096625,0.0004997501249375312,0.00068717277486911,-4.988291946320675,0.21607984450556889,-5.411808441551591,-4.56477545108976,6.488869794565326e-118,0.0006720777542263351,2.3005992908004337e-117,dissociated
Italy,Nobility,Kinship,Nobility + Kinship,99499,30560,567,44.33869403155571,3.6618042283633683,3.5689893254095817,3.7450730368037823,0.04461816890765378,0.0004997501249375312,0.018553664921465967,3.2852604508683636,0.05665955211389861,3.1742077287251225,3.3963131730116047,0.0,0.0006720777542263351,0.0,associated
Italy,Nobility,Big business,Nobility + Big business,99499,30560,23,67.35021695229615,-1.529692671904722,-2.172693270397582,-1.0395823231242625,0.2892754996242076,0.0004997501249375312,0.0007526178010471204,-1.2559575301044055,0.20807056585960823,-1.6637758391892377,-0.8481392210195733,1.5777637327385878e-09,0.0006720777542263351,2.121820192303618e-09,dissociated
Italy,Nobility,Small business,Nobility + Small business,99499,30560,28,78.69678752607601,-1.4744799919088776,-2.1138889415471946,-1.0182619835921727,0.27363836425752275,0.0009995002498750624,0.0009162303664921466,-1.0184445881266766,0.1893184141243849,-1.389508679810471,-0.6473804964428822,7.467945466921497e-08,0.0012780494998402437,9.708329106997946e-08,dissociated
Italy,Nobility,Academia,Nobility + Academia,99499,30560,70,258.69790489923025,-1.878358894318737,-2.2338889241019126,-1.572597165814491,0.16790163723511006,0.0004997501249375312,0.0022905759162303663,-1.6807664879088464,0.1212637960235424,-1.9184435281149894,-1.4430894477027034,1.1003685240251421e-43,0.0006720777542263351,2.5243748492341494e-43,dissociated
Italy,Nobility,Exploration & Invention,Nobility + Exploration & Invention,99499,30560,12,39.50575200945955,-1.6782793500857378,-2.6458180503065925,-1.0404866885069872,0.42359696352438214,0.0029985007496251873,0.00039267015706806284,-1.245859698823513,0.28461072128435294,-1.803696712540845,-0.6880226851061814,1.2009428584739092e-05,0.003543682704102494,1.4411314301686912e-05,dissociated
Italy,Nobility,Culture (core),Nobility + Culture (core),99499,30560,165,448.4154404132493,-1.4396125014631842,-1.6583897045532452,-1.2451111557214074,0.10752370080079962,0.0004997501249375312,0.0053992146596858635,-2.0300808395337433,0.08087892698123077,-2.188603536416956,-1.871558142650531,4.942848658784058e-139,0.0006720777542263351,2.1419010854730917e-138,dissociated
Italy,Nobility,Culture (periphery),Nobility + Culture (periphery),99499,30560,32,266.03737481062353,-3.0358262237018505,-3.582254558609184,-2.608859309720887,0.25053561981658484,0.0004997501249375312,0.0010471204188481676,-2.17813646670526,0.1769279188172015,-2.524915187586975,-1.8313577458235453,7.916596680553001e-35,0.0006720777542263351,1.715262614119817e-34,dissociated
Italy,Nobility,Sport & Games,Nobility + Sport & Games,99499,30560,20,62.83167660885568,-1.627303363316177,-2.394241751555953,-1.0861945952568204,0.3317763106372001,0.0014992503748125937,0.0006544502617801048,-3.72556661056564,0.22194530195727777,-4.160579402401904,-3.2905538187293755,3.091501360348617e-63,0.001856214749767973,8.931003929896005e-63,dissociated
Italy,Kinship,Big business,Kinship + Big business,99499,30560,35,63.045477705778914,-0.8399704330504376,-1.3739947686632283,-0.43531354528637384,0.23753078801324806,0.0029985007496251873,0.0011452879581151832,-0.49255516022459656,0.17053794825170096,-0.8268095387979304,-0.15830078165126266,0.003873995589463512,0.003543682704102494,0.004196828555252138,dissociated
Italy,Kinship,Small business,Kinship + Small business,99499,30560,17,73.66682377587344,-2.083419064283369,-2.9755489984949373,-1.515657897160277,0.368952142366984,0.0009995002498750624,0.000556282722513089,-1.1755077314786997,0.24095870051428173,-1.6477867844866918,-0.7032286784707076,1.069165548523592e-06,0.0012780494998402437,1.3030455122631278e-06,dissociated
Italy,Kinship,Academia,Kinship + Academia,99499,30560,64,242.16303575396412,-1.9115832974927225,-2.2865940788938492,-1.5934898027426072,0.1756345713095016,0.0004997501249375312,0.0020942408376963353,-1.424957017481773,0.12727577852921365,-1.6744175433990316,-1.1754964915645143,4.274173979482368e-29,0.0006720777542263351,8.334639259990618e-29,dissociated
Italy,Kinship,Exploration & Invention,Kinship + Exploration & Invention,99499,30560,9,36.98071246491359,-1.9801489586625487,-3.0721085116699443,-1.2324648548345656,0.48603802198131446,0.0014992503748125937,0.0002945026178010471,-1.1858300684050147,0.32623786652460934,-1.8252562867932491,-0.5464038500167804,0.00027812800374225715,0.001856214749767973,0.00030991406131280087,dissociated
Italy,Kinship,Culture (core),Kinship + Culture (core),99499,30560,443,419.75463377533663,0.07767037765777426,-0.03704704934955154,0.1884368674148948,0.05798274571463531,0.1809095452273863,0.01449607329842932,-0.46303361571511975,0.055622162065209174,-0.5720530533629298,-0.3540141780673098,8.459644223938695e-17,0.18814592703648175,1.3466372438106496e-16,not distinguishable
Italy,Kinship,Culture (periphery),Kinship + Culture (periphery),99499,30560,47,249.0333979830676,-2.3932335027375684,-2.8593960699683936,-2.0197590190946775,0.21181987737213456,0.0004997501249375312,0.001537958115183246,-1.4459863834338442,0.1475215904790009,-1.735128700772686,-1.1568440660950023,1.1052825546561464e-22,0.0006720777542263351,2.0049311456553355e-22,dissociated
Italy,Kinship,Sport & Games,Kinship + Sport & Games,99499,30560,119,58.81574323162253,1.0105236459647684,0.7598995316604724,1.2274105282478438,0.12076208301097403,0.0004997501249375312,0.003893979057591623,-1.555139095238509,0.09514626447474261,-1.7416257736090044,-1.3686524168680134,4.743413789254145e-60,0.0006720777542263351,1.1935041147155591e-59,associated
Italy,Big business,Small business,Big business + Small business,99499,30560,121,111.89947453031832,0.11232102288321318,-0.13154778752676521,0.33987500831131073,0.12356423082359247,0.37031484257871067,0.003959424083769633,0.13483566237772127,0.0942204312064535,-0.04983638278692759,0.3195077075423701,0.1524112799049123,0.37512412624856406,0.1564221030603047,not distinguishable
Italy,Big business,Academia,Big business + Academia,99499,30560,167,367.84423520116644,-1.136893568224916,-1.354504673199013,-0.9381227319991196,0.1069860456776947,0.0004997501249375312,0.0054646596858638746,-1.139632354456704,0.07982282525642624,-1.2960850919592994,-0.9831796169541085,3.0432431656286796e-46,0.0006720777542263351,7.193120209667789e-46,dissociated
Italy,Big business,Exploration & Invention,Big business + Exploration & Invention,99499,30560,154,56.17348598020993,1.446860987818817,1.2424138594225007,1.6378207341126796,0.10310784524409068,0.0004997501249375312,0.005039267015706807,1.0440009170660416,0.08611302876452523,0.8752193806875721,1.212782453444511,7.91908650547212e-34,0.0006720777542263351,1.6694290470995282e-33,associated
Italy,Big business,Culture (core),Big business + Culture (core),99499,30560,185,637.604834084208,-1.7823742766249984,-1.9979022988235737,-1.592591973606684,0.10126705743007029,0.0004997501249375312,0.006053664921465969,-2.288277646731531,0.07585232214830646,-2.4369481981422116,-2.13960709532085,6.317072133217066e-200,0.0006720777542263351,3.7902432799302397e-199,dissociated
Italy,Big business,Culture (periphery),Big business + Culture (periphery),99499,30560,196,378.2802752510079,-0.9468318928248557,-1.1542402456125311,-0.7710919410041549,0.09858843563059709,0.0004997501249375312,0.006413612565445026,-0.6676965624195501,0.0742650832954906,-0.8132561256787116,-0.5221369991603886,2.4561627044782426e-19,0.0006720777542263351,4.2573486877622873e-19,dissociated
Italy,Big business,Sport & Games,Big business + Sport & Games,99499,30560,707,89.34077002902048,2.9772879496404707,2.897928534740582,3.0542612905048103,0.04046945582584656,0.0004997501249375312,0.0231348167539267,-0.2732928995092113,0.0429947952280814,-0.35756269815625086,-0.18902310086217178,2.0651231122824763e-10,0.0006720777542263351,2.876421477822021e-10,associated
Italy,Small business,Academia,Small business + Academia,99499,30560,444,429.81538783790364,0.04678898787758415,-0.07940294369757689,0.16307583410379356,0.06243588090217349,0.46776611694152925,0.014528795811518325,-0.0012435021407765155,0.05195335301936404,-0.10307207405873002,0.100585069777177,0.9809044772485034,0.4677661169415293,0.9809044772485033,not distinguishable
Italy,Small business,Exploration & Invention,Small business + Exploration & Invention,99499,30560,85,65.63709949018772,0.370464643941533,0.048826897123280213,0.6322313170345844,0.14971176425652954,0.015992003998001,0.002781413612565445,0.42997842240632156,0.11233695070029553,0.20979799903374233,0.6501588457789008,0.00012941046853499313,0.01756868044850814,0.00014844141979013917,associated
Italy,Small business,Culture (core),Small business + Culture (core),99499,30560,694,745.02287333483,-0.10227792220613958,-0.19714607821149874,-0.01644814594731025,0.046941972562750275,0.02498750624687656,0.022709424083769632,-0.7168523171594314,0.043401088768966666,-0.8019184511466061,-0.6317861831722568,2.7719636894931943e-61,0.026698979277484543,7.207105592682305e-61,dissociated
Italy,Small business,Culture (periphery),Small business + Culture (periphery),99499,30560,201,442.0095998773051,-1.134928914849514,-1.3230969078685748,-0.9547811631623208,0.09586568977779736,0.0004997501249375312,0.006577225130890052,-0.5971697962658626,0.07350643876372644,-0.7412424162427664,-0.45309717628895885,4.508893641120737e-16,0.0006720777542263351,6.941741749933635e-16,dissociated
Italy,Small business,Sport & Games,Small business + Sport & Games,99499,30560,138,104.39211504500051,0.40097974462265495,0.15625693165198992,0.6201864757548036,0.11599072514421743,0.0009995002498750624,0.004515706806282722,-2.0881725217934304,0.0871760284472614,-2.259037537550063,-1.9173075060367981,8.492343291618748e-127,0.0012780494998402437,3.4863304039276966e-126,associated
Italy,Academia,Exploration & Invention,Academia + Exploration & Invention,99499,30560,410,215.76713174152823,0.9245678007007628,0.8061484115187045,1.0364476899920414,0.05866754155777249,0.0004997501249375312,0.013416230366492147,0.6375868462593858,0.05706011105349829,0.5257490285945291,0.7494246639242425,5.469315438462873e-29,0.0006720777542263351,1.0405039126831808e-28,associated
Italy,Academia,Culture (core),Academia + Culture (core),99499,30560,3063,2449.0943339950504,0.32263800036959656,0.2863057837767882,0.35826651518575015,0.01842252810177777,0.0004997501249375312,0.10022905759162304,-0.7635047715167416,0.021654450413559484,-0.8059474943273182,-0.721062048706165,2.5364449560835937e-272,0.0006720777542263351,1.9784270657452033e-271,associated
Italy,Academia,Culture (periphery),Academia + Culture (periphery),99499,30560,667,1453.0066731849413,-1.122697953124253,-1.222769952889024,-1.0297076494912374,0.05017233891376061,0.0004997501249375312,0.02182591623036649,-0.9582459598291794,0.04107637795206514,-1.038755660615227,-0.8777362590431317,2.2839777281815573e-120,0.0006720777542263351,8.907513139908074e-120,dissociated
Italy,Academia,Sport & Games,Academia + Sport & Games,99499,30560,157,343.1654874246634,-1.1256531478537306,-1.35190519148379,-0.9234080111728656,0.10871479847293518,0.0004997501249375312,0.005137434554973822,-3.617382643598465,0.08048550988364998,-3.775134242970419,-3.459631044226511,0.0,0.0006720777542263351,0.0,dissociated
Italy,Exploration & Invention,Culture (core),Exploration & Invention + Culture (core),99499,30560,120,374.0011479577655,-1.635936994526352,-1.894017471426862,-1.4124739245779543,0.12401288000590573,0.0004997501249375312,0.003926701570680628,-2.0545347341290077,0.0945928701550577,-2.2399367596329207,-1.8691327086250946,1.3346535273847842e-104,0.0006720777542263351,4.337623964000549e-104,dissociated
Italy,Exploration & Invention,Culture (periphery),Exploration & Invention + Culture (periphery),99499,30560,259,221.88862071107144,0.2226515691535317,0.060204964642162205,0.365486580765028,0.07784804370825855,0.00849575212393803,0.008475130890052356,0.3622106432765312,0.06798030270057784,0.22896924998339863,0.49545203656966375,9.92069756687522e-08,0.009745127436281859,1.2685482134692904e-07,associated
Italy,Exploration & Invention,Sport & Games,Exploration & Invention + Sport & Games,99499,30560,128,52.40479488879077,1.2802979711204674,1.0320156150492734,1.499266262821884,0.12082229235464644,0.0004997501249375312,0.004188481675392671,-1.5220904842062688,0.09188331827489828,-1.7021817880250694,-1.3419991803874682,1.2380597022507674e-61,0.0006720777542263351,3.329953681915857e-61,associated
Italy,Culture (core),Culture (periphery),Culture (core) + Culture (periphery),99499,30560,6123,2518.577131629311,1.2814611911423854,1.2570804672041902,1.30550636856602,0.012431377257431422,0.0004997501249375312,0.20035994764397905,0.999405363820435,0.020829809473699935,0.9585789372519831,1.040231790388887,0.0,0.0006720777542263351,0.0,associated
Italy,Culture (core),Sport & Games,Culture (core) + Sport & Games,99499,30560,411,594.8277904998823,-0.5327918117462596,-0.6635961270958853,-0.4136855087990942,0.06347684821554875,0.0004997501249375312,0.013448952879581151,-4.034438814927903,0.050237853260135294,-4.132905007317768,-3.9359726225380376,0.0,0.0006720777542263351,0.0,dissociated
Italy,Culture (periphery),Sport & Games,Culture (periphery) + Sport & Games,99499,30560,182,352.9013713335919,-0.9534111741207968,-1.159863960304587,-0.7633012645114461,0.10216721375347475,0.0004997501249375312,0.005955497382198953,-3.1528308043082447,0.07503013256601178,-3.299889864137628,-3.0057717444788614,0.0,0.0006720777542263351,0.0,dissociated
Canada,Politics,Administration & Law,Politics + Administration & Law,61118,21369,2645,1126.7926801662177,1.2306782851940778,1.1989130120155782,1.2634520590182343,0.0163190259027417,0.0004997501249375312,0.12377743460152557,1.737690153133011,0.03446047593157615,1.6701476203071217,1.8052326859589,0.0,0.0007354813159458006,0.0,associated
Canada,Politics,Military,Politics + Military,61118,21369,345,350.0347601295855,-0.020871802895008028,-0.1547494412249465,0.09227228467233682,0.06380014676332943,0.7546226886556722,0.01614488277411203,-0.3327377972087643,0.061467992425292994,-0.45321506236233855,-0.21226053205519002,6.191243654772156e-08,0.7546226886556722,9.286865482158235e-08,not distinguishable
Canada,Politics,Religion,Politics + Religion,61118,21369,183,271.25072013156705,-0.5665037952893918,-0.7602366929413125,-0.3963850505766297,0.09368961115281821,0.0004997501249375312,0.00856380738452899,-1.153066541290827,0.07878071010179291,-1.3074767330903412,-0.9986563494913129,1.645362199557391e-48,0.0007354813159458006,6.111345312641738e-48,dissociated
Canada,Politics,Nobility,Politics + Nobility,61118,21369,181,153.8743604878607,0.23353638802834525,0.06021828866829909,0.3896486009331482,0.0829138142125366,0.006496751624187906,0.008470213861200804,0.33469828866487217,0.09235292837420214,0.15368654905143597,0.5157100282783084,0.0002899446161087631,0.008445777111444277,0.00035897904851561144,associated
Canada,Politics,Kinship,Politics + Kinship,61118,21369,159,305.67251016665244,-0.9407883316541777,-1.1623620588240147,-0.7398718779764912,0.10726185632265965,0.0004997501249375312,0.007440685104590762,-0.751312633067283,0.08657868930076872,-0.9210068640967897,-0.5816184020377764,4.034943860882108e-18,0.0007354813159458006,8.506097868886605e-18,dissociated
Canada,Politics,Big business,Politics + Big business,61118,21369,2332,1228.727282884107,0.9241253878451151,0.8889617692565811,0.9601827269498047,0.018166413321624702,0.0004997501249375312,0.10913004820066452,1.244001305397884,0.032158800819965444,1.1809700557907516,1.3070325550050164,0.0,0.0007354813159458006,0.0,associated
Canada,Politics,Small business,Politics + Small business,61118,21369,2144,1059.9553106739315,1.015957491359203,0.9791609784506957,1.053054586077356,0.01874678958634959,0.0004997501249375312,0.10033225700781506,1.6253159684721377,0.03703092097564153,1.5527353633598802,1.6978965735843952,0.0,0.0007354813159458006,0.0,associated
Canada,Politics,Academia,Politics + Academia,61118,21369,1343,1478.674524500176,-0.13879596149599013,-0.1959564350342758,-0.08458775305288849,0.029082477298099048,0.0004997501249375312,0.06284805091487669,-0.4330993929099861,0.03204381467564934,-0.4959052696742588,-0.37029351614571343,1.260908508721002e-41,0.0007354813159458006,3.934034547209526e-41,dissociated
Canada,Politics,Exploration & Invention,Politics + Exploration & Invention,61118,21369,151,300.34214068816163,-0.9896888740606674,-1.2134792138452963,-0.8010544231519292,0.10499595374787245,0.0004997501249375312,0.00706631101127802,-0.884029957076408,0.08797704478365166,-1.0564649648523652,-0.7115949493004508,9.335576244058525e-24,0.0007354813159458006,2.0804998486758998e-23,dissociated
Canada,Politics,Culture (core),Politics + Culture (core),61118,21369,401,2230.3743455610293,-2.474137362931569,-2.610646389345711,-2.3459461579651353,0.06800470257941187,0.0004997501249375312,0.01876550142730123,-3.120362819227256,0.051478055335093496,-3.221259807684039,-3.0194658307704727,0.0,0.0007354813159458006,0.0,dissociated
Canada,Politics,Culture (periphery),Politics + Culture (periphery),61118,21369,520,1383.6699484447702,-1.4110510193705614,-1.5249002168314945,-1.309941063787996,0.054679857890129295,0.0004997501249375312,0.02433431606532828,-1.2144887050557522,0.04734324946326827,-1.307281474003758,-1.1216959361077465,3.930758456163569e-145,0.0007354813159458006,2.043994397205056e-144,dissociated
Canada,Politics,Sport & Games,Politics + Sport & Games,61118,21369,188,702.6314154779035,-1.8992298311519777,-2.1074324823091177,-1.7145921822552634,0.09896004724502197,0.0004997501249375312,0.008797791192849454,-4.326944966315457,0.07386396834409271,-4.4717183442698785,-4.182171588361036,0.0,0.0007354813159458006,0.0,dissociated
Canada,Administration & Law,Military,Administration & Law + Military,61118,21369,100,86.46972123881979,0.2086103863865401,-0.09222725888108922,0.47368646826054084,0.14028518574750637,0.12843578210894552,0.004679676166409285,-0.05306422111881048,0.10436029096419239,-0.25761039140862757,0.1514819491710066,0.611122805576197,0.13913876395135763,0.6272049846703075,not distinguishable
Canada,Administration & Law,Religion,Administration & Law + Religion,61118,21369,15,67.0075570406851,-2.122780796217503,-3.0362306605435903,-1.542430412228918,0.38085808283768735,0.0004997501249375312,0.0007019514249613927,-2.047062283392599,0.2557101281553183,-2.548254134577023,-1.5458704322081753,1.1907736222796991e-15,0.0007354813159458006,2.3815472445593982e-15,dissociated
Canada,Administration & Law,Nobility,Administration & Law + Nobility,61118,21369,13,38.01186217123464,-1.5123434764470276,-2.426791674031577,-0.8717303358139022,0.4048004118013812,0.001999000499750125,0.000608357901633207,-0.9866996575703764,0.27623640443333664,-1.528123010259716,-0.44527630488103653,0.0003543476078556579,0.0027354743680791183,0.0004318611470740831,dissociated
Canada,Administration & Law,Kinship,Administration & Law + Kinship,61118,21369,19,75.51083422313725,-1.962730944133862,-2.7419923538091826,-1.407207405011535,0.3312029615599848,0.0004997501249375312,0.0008891384716177641,-1.3171553166854078,0.2292033967025299,-1.7663939742223662,-0.8679166591484492,9.102038794279108e-09,0.0007354813159458006,1.4488959713342253e-08,dissociated
Canada,Administration & Law,Big business,Administration & Law + Big business,61118,21369,119,303.5347277801424,-1.3472255039322598,-1.6150699971139344,-1.114513367565646,0.12910916907756376,0.0004997501249375312,0.005568814638027049,-0.948328499946203,0.09424614557369443,-1.133050945270644,-0.763606054621762,8.11208368023903e-24,0.0007354813159458006,1.8610074325254247e-23,dissociated
Canada,Administration & Law,Small business,Administration & Law + Small business,61118,21369,46,261.84268158296754,-2.496149923207251,-2.940641860226455,-2.127371135376105,0.2134541680444447,0.0004997501249375312,0.0021526510365482707,-1.671020820825888,0.14857617004811435,-1.9622301141201923,-1.3798115275315839,2.3988452962335714e-29,0.0007354813159458006,6.452066658835122e-29,dissociated
Canada,Administration & Law,Academia,Administration & Law + Academia,61118,21369,202,365.27964791022373,-0.853052897335873,-1.0576518418771188,-0.680915065856287,0.09705617526596287,0.0004997501249375312,0.009452945856146755,-0.8612297010779523,0.07332355610909636,-1.004943871051781,-0.7175155311041235,7.438613018964514e-32,0.0007354813159458006,2.231583905689354e-31,dissociated
Canada,Administration & Law,Exploration & Invention,Administration & Law + Exploration & Invention,61118,21369,19,74.19406338947954,-1.9375194596165175,-2.7237644588558765,-1.3967627272249044,0.3347493292628855,0.0004997501249375312,0.0008891384716177641,-1.3794728380200505,0.22907580387946305,-1.828461413623798,-0.930484262416303,1.7237555793415349e-09,0.0007354813159458006,2.801102816429994e-09,dissociated
Canada,Administration & Law,Culture (core),Administration & Law + Culture (core),61118,21369,142,550.973417175709,-1.9523294255908064,-2.1957176721631995,-1.7315156585352123,0.1191356139432492,0.0004997501249375312,0.006645140156301184,-2.363031690836849,0.08579603069514938,-2.5311919109993415,-2.1948714706743564,5.452012773779319e-167,0.0007354813159458006,3.0375499739627636e-166,dissociated
Canada,Administration & Law,Culture (periphery),Administration & Law + Culture (periphery),61118,21369,64,341.8104952898328,-2.4079344606182156,-2.7934702354924017,-2.101973369003595,0.17609078867203773,0.0004997501249375312,0.002994992746501942,-1.71717856959138,0.12643543996882867,-1.964992031930284,-1.4693651072524758,5.1583863282208854e-42,0.0007354813159458006,1.6764755566717877e-41,dissociated
Canada,Administration & Law,Sport & Games,Administration & Law + Sport & Games,61118,21369,81,173.57231209700208,-1.0948147820305554,-1.4103745506438075,-0.8006343406342137,0.15484794753579403,0.0004997501249375312,0.0037905376947915204,-3.3015686517858707,0.11224354942319267,-3.5215660086553284,-3.081571294916413,3.6015953273202856e-190,0.0007354813159458006,2.5538585048271117e-189,dissociated
Canada,Military,Religion,Military + Religion,61118,21369,19,20.815696239831617,-0.12844205519971383,-0.9231628219583001,0.38899044345139566,0.33357739200034203,0.7056471764117941,0.0008891384716177641,-0.8334678491601765,0.22921749640965397,-1.2827341421230982,-0.3842015561972547,0.0002767495476945458,0.7148114254561031,0.0003481687858092673,not distinguishable
Canada,Military,Nobility,Military + Nobility,61118,21369,22,11.808270759465918,0.8702969156544615,0.15993437982971315,1.3719674820407992,0.30719102149641153,0.009995002498750625,0.0010295287566100427,0.5252105554518757,0.2170237736386664,0.09984395912008953,0.9505771517836619,0.015517946043372708,0.012574357982299174,0.017542025962073497,associated
Canada,Military,Kinship,Military + Kinship,61118,21369,32,23.45721374457432,0.4399795875864049,-0.09972471318630963,0.8588638771406102,0.2465160969787842,0.06596701649175413,0.001497496373250971,0.19512721457729928,0.18006893171473204,-0.15780789158357553,0.5480623207381741,0.278531056144792,0.07457140994720031,0.28967229839058367,not distinguishable
Canada,Military,Big business,Military + Big business,61118,21369,77,94.29215107596205,-0.29057129649427393,-0.6182503287092905,-0.011899787906842357,0.1547780215328211,0.06346826586706647,0.0036033506481351492,-0.3972974767711511,0.11755074451100286,-0.6276969360127167,-0.16689801752958552,0.0007253978291268361,0.07280183437692918,0.0008572883435135336,not distinguishable
Canada,Military,Small business,Military + Small business,61118,21369,37,81.34064220763418,-1.1259268704196626,-1.6436327213955748,-0.7124204601114217,0.23220030705319017,0.0004997501249375312,0.0017314801815714353,-0.9023890041486549,0.16621168216261586,-1.228163901187382,-0.5766141071099278,5.662145740125225e-08,0.0007354813159458006,8.659752308426814e-08,dissociated
Canada,Military,Academia,Military + Academia,61118,21369,133,113.47302497351454,0.22814733280319083,-0.005019021885738129,0.4468460286607703,0.11482108080050306,0.050474762618690654,0.0062239693013243485,-0.2770300530632532,0.09137780192613312,-0.4561305448384741,-0.09792956128803226,0.002431810165468229,0.05965199218572532,0.002831062580694356,not distinguishable
Canada,Military,Exploration & Invention,Military + Exploration & Invention,61118,21369,71,23.048162841938872,1.602328732465364,1.2426347774139783,1.8922117863968626,0.1651053297510864,0.0004997501249375312,0.003322570078150592,0.9837780066807802,0.12503469874434725,0.7387099971418596,1.2288460162197008,3.602405120591612e-15,0.0007354813159458006,7.0246899851536434e-15,associated
Canada,Military,Culture (core),Military + Culture (core),61118,21369,104,171.15823639396362,-0.7160361391058181,-1.0144088117683607,-0.48326528552339865,0.1381866522180897,0.0004997501249375312,0.004866863213065656,-1.6568903402257047,0.10161579986057963,-1.8560573079524407,-1.4577233724989687,9.028624857153868e-60,0.0007354813159458006,3.7064880992526404e-59,dissociated
Canada,Military,Culture (periphery),Military + Culture (periphery),61118,21369,40,106.18240323579492,-1.3973284168663707,-1.8935872430605238,-1.011833389217273,0.2245532227041078,0.0004997501249375312,0.0018718704665637137,-1.2028611127048063,0.15988548572923864,-1.5162366647341141,-0.8894855606754986,5.342438550480028e-14,0.0007354813159458006,9.921671593748624e-14,dissociated
Canada,Military,Sport & Games,Military + Sport & Games,61118,21369,156,53.91971717552271,1.523961293262352,1.3143469572544095,1.7141388958408559,0.10022701823958716,0.0004997501249375312,0.007300294819598483,-1.566066452824474,0.08461410812822978,-1.7319101047558045,-1.4002228008931437,1.7687650194278007e-76,0.0007354813159458006,7.66464841752047e-76,associated
Canada,Religion,Nobility,Religion + Nobility,61118,21369,12,9.150525353047454,0.37324870816021877,-0.5877549569394536,1.0253629621283966,0.41283951179839834,0.328335832083958,0.0005615611399691141,-0.13524189393338532,0.2873738355180503,-0.6984946115487638,0.4280108236819932,0.6379170451841285,0.3425087456271865,0.6462016821345717,not distinguishable
Canada,Religion,Kinship,Religion + Kinship,61118,21369,48,18.1775836152396,1.3766769267171748,0.9517467384091329,1.7239711008608605,0.19557783736921222,0.0004997501249375312,0.0022462445598764565,0.5747511523601877,0.14922415483182164,0.2822718088898173,0.8672304958305581,0.00011735052660339702,0.0007354813159458006,0.0001500547717223765,associated
Canada,Religion,Big business,Religion + Big business,61118,21369,17,73.06935423396378,-2.0717500058836604,-2.916705421054214,-1.5015370395723717,0.35452592019866663,0.0004997501249375312,0.0007955449482895784,-1.9859684913184337,0.24083480426672058,-2.458004707681206,-1.5139322749556614,1.6353063444652728e-16,0.0007354813159458006,3.356681443902402e-16,dissociated
Canada,Religion,Small business,Religion + Small business,61118,21369,28,63.032904979541904,-1.156542067180114,-1.75356538216168,-0.7171634196827578,0.26194617978235935,0.0004997501249375312,0.0013103093265945996,-1.232290221153891,0.1897748208758417,-1.6042488700705408,-0.8603315722372413,8.390168799439033e-11,0.0007354813159458006,1.4226807964266185e-10,dissociated
Canada,Religion,Academia,Religion + Academia,61118,21369,258,87.93309478229607,1.5475059974044743,1.3980860450918573,1.6872881926387857,0.0728782405851941,0.0004997501249375312,0.012073564509335954,0.44069064707518796,0.06896429159067394,0.305520635557467,0.5758606585929089,1.6574701005935477e-10,0.0007354813159458006,2.7506950605595047e-10,associated
Canada,Religion,Exploration & Invention,Religion + Exploration & Invention,61118,21369,10,17.860599805205258,-0.8062238616806141,-1.925988097515262,-0.14262494957030178,0.4552382077656433,0.07296351824087956,0.00046796761664092844,-1.0788641205873453,0.3110917668811046,-1.6886039836743103,-0.4691242575003802,0.0005243606293433575,0.08130220603983722,0.000629232755212029,not distinguishable
Canada,Religion,Culture (core),Religion + Culture (core),61118,21369,170,132.63481278580466,0.35688387523916115,0.15850777443962727,0.5437033092006186,0.09876778264954586,0.0004997501249375312,0.007955449482895784,-1.1680547092497466,0.08135491291238492,-1.3275103385580211,-1.0085990799414721,9.558821467626266e-47,0.0007354813159458006,3.389036702158403e-46,associated
Canada,Religion,Culture (periphery),Religion + Culture (periphery),61118,21369,43,82.28340903156895,-0.9283262591998729,-1.4135527966046275,-0.5568071689928964,0.21208137270023197,0.0009995002498750624,0.0020122607515559924,-1.1760955029596565,0.1543792504019257,-1.4786788337474308,-0.8735121721718822,2.5719238516274877e-14,0.00139216106232598,4.892928303096196e-14,dissociated
Canada,Religion,Sport & Games,Religion + Sport & Games,61118,21369,82,41.78374201389712,0.964291061795755,0.6492060213277803,1.2437481340028542,0.1506717946752269,0.0004997501249375312,0.0038373344564556133,-2.3110093251328854,0.11325391498723587,-2.5329869985078677,-2.089031651757903,1.4924886180276247e-92,0.0007354813159458006,6.847888953303219e-92,associated
Canada,Nobility,Kinship,Nobility + Kinship,61118,21369,17,10.311729504913112,0.6947575989312252,-0.08339821688533673,1.2545648875733901,0.35056920177021916,0.04597701149425287,0.0007955449482895784,0.7096128102513961,0.24520515749441285,0.22901070156234693,1.1902149189404452,0.00380422091232712,0.05517241379310345,0.004363665164139933,not distinguishable
Canada,Nobility,Big business,Nobility + Big business,61118,21369,23,41.450581766413755,-0.8360300611620777,-1.4966505958151148,-0.3313045710005194,0.2997186485355349,0.010994502748625687,0.0010763255182741354,-0.4718716647082535,0.2116880686032392,-0.8867802791706023,-0.0569630502459047,0.02580794609704184,0.013612241498298469,0.02875742565098948,dissociated
Canada,Nobility,Small business,Nobility + Small business,61118,21369,4,35.75713251089118,-3.010267923769758,-4.695405839035817,-1.998608331295132,0.7887351775935192,0.02148925537231384,0.00018718704665637137,-1.9123301700755497,0.4737815223496298,-2.840941953880824,-0.9837183862702754,5.429793626566677e-05,0.026190029985007496,7.302136256417254e-05,dissociated
Canada,Nobility,Academia,Nobility + Academia,61118,21369,26,49.882443514919935,-0.9269287338407374,-1.5330935596315018,-0.4583653932174155,0.2751937184679452,0.0034982508745627187,0.001216715803266414,-0.8108915537144711,0.19981527878912692,-1.2025295001411598,-0.4192536072877823,4.945114824524194e-05,0.004704544279584346,6.766999233559424e-05,dissociated
Canada,Nobility,Exploration & Invention,Nobility + Exploration & Invention,61118,21369,3,10.13191180330339,-1.6029742147738855,-4.389199304368243,-0.5465348803943921,0.878228625938291,0.05297351324337831,0.00014039028499227853,-1.0024395628040348,0.5371902744485432,-2.0553325007231793,0.05045337511510972,0.06203029465011131,0.06167065720870908,0.06719948587095392,not distinguishable
Canada,Nobility,Culture (core),Nobility + Culture (core),61118,21369,61,75.2407108299791,-0.30048255059186363,-0.6696958581652621,0.017801369828441216,0.17364989407687711,0.08695652173913043,0.0028546024615096637,-0.9917815284386433,0.13607532327436533,-1.2584891620563994,-0.7250738948208872,3.1348413051988316e-13,0.09552969993876301,5.686456321058346e-13,not distinguishable
Canada,Nobility,Culture (periphery),Nobility + Culture (periphery),61118,21369,12,46.677505362391344,-1.9161710393225144,-2.8962907252332997,-1.2766812594745163,0.4189055047273564,0.0009995002498750624,0.0005615611399691141,-1.2499317912179464,0.28668772323154346,-1.8118397287517716,-0.6880238536841212,1.3011777348051988e-05,0.00139216106232598,1.8123547020500985e-05,dissociated
Canada,Nobility,Sport & Games,Nobility + Sport & Games,61118,21369,132,23.702965942577578,2.452736601755214,2.2299524799881083,2.6521686403794074,0.10828634689616624,0.0004997501249375312,0.006177172539660256,-0.4007746922035737,0.10093781083276061,-0.5986128014357845,-0.2029365829713629,7.171863277363619e-05,0.0007354813159458006,9.323422260572705e-05,associated
Canada,Kinship,Big business,Kinship + Big business,61118,21369,74,82.34187512615097,-0.15311978376081425,-0.46401438047371796,0.1372765852976267,0.1574338295363223,0.3293353323338331,0.0034629603631428705,0.030953448532589613,0.12132869097320295,-0.20685078577488816,0.2687576828400674,0.7986299533856615,0.3425087456271865,0.7986299533856615,not distinguishable
Canada,Kinship,Small business,Kinship + Small business,61118,21369,23,71.03179773623168,-1.6059239429843102,-2.2586645041506745,-1.0968121264627066,0.30466506695614837,0.0004997501249375312,0.0010763255182741354,-0.9315934540600254,0.209425351747685,-1.342067143485488,-0.5211197646345628,8.653977314438799e-06,0.0007354813159458006,1.2500189454189377e-05,dissociated
Canada,Kinship,Academia,Kinship + Academia,61118,21369,66,99.09182838589105,-0.5826730318924429,-0.9359933880134057,-0.2904484302317576,0.16698714339700665,0.004497751124437781,0.003088586269830128,-0.5625822122909684,0.12745364525989814,-0.8123913570003687,-0.3127730675815681,1.0147125353403447e-05,0.005946179452646558,1.4390468683008525e-05,dissociated
Canada,Kinship,Exploration & Invention,Kinship + Exploration & Invention,61118,21369,25,20.127114770021805,0.3059552095768643,-0.31236972888291903,0.7811306473228302,0.2751054000872356,0.24887556221889057,0.0011699190416023211,0.33023295424129057,0.20287090506821187,-0.06739401969240472,0.7278599281749858,0.10356761946541873,0.2659218336037461,0.1106612920315433,not distinguishable
Canada,Kinship,Culture (core),Kinship + Culture (core),61118,21369,252,149.46620654152028,0.7516459481275221,0.6035669524479468,0.9017232028637355,0.07583200742027005,0.0004997501249375312,0.011792783939351396,-0.10356300661073883,0.07297724900175936,-0.2465984146541872,0.039472401432709525,0.15586589933653883,0.0007354813159458006,0.16429108308445983,associated
Canada,Kinship,Culture (periphery),Kinship + Culture (periphery),61118,21369,34,92.72519597938577,-1.43412356296615,-1.9222012933107626,-0.9914029413246155,0.2399802707742438,0.0004997501249375312,0.0015910898965791568,-0.9127300036156458,0.17382254109938555,-1.2534221841704416,-0.5720378230608502,1.5133314916167033e-07,0.0007354813159458006,2.2271671008698653e-07,dissociated
Canada,Kinship,Sport & Games,Kinship + Sport & Games,61118,21369,246,47.08611022064298,2.3729752108152264,2.2161126168923255,2.515807400643181,0.07659031258717887,0.0004997501249375312,0.011512003369366839,-0.48834677621817973,0.0734917562635176,-0.6323906184946743,-0.3443029339416852,3.0338362705258417e-11,0.0007354813159458006,5.258649535578125e-11,associated
Canada,Big business,Small business,Big business + Small business,61118,21369,178,285.5301177826856,-0.6802429905396734,-0.8885215575347399,-0.4973973134712342,0.09985877208499346,0.0004997501249375312,0.008329823576208527,-0.31381485529267444,0.0785981805078733,-0.46786728908810615,-0.15976242149724276,6.533957133085177e-05,0.0007354813159458006,8.638112820010912e-05,dissociated
Canada,Big business,Academia,Big business + Academia,61118,21369,163,398.32444527717723,-1.2864632043019093,-1.5047856060812212,-1.0762942887155458,0.10891010299256473,0.0004997501249375312,0.007627872151247134,-1.1566938276362384,0.08084452617888765,-1.3151490989468582,-0.9982385563256186,1.9607341468845715e-46,0.0007354813159458006,6.649446237260721e-46,dissociated
Canada,Big business,Exploration & Invention,Big business + Exploration & Invention,61118,21369,135,80.90598343365026,0.735086108328721,0.49907996563241136,0.9324743385371149,0.11152472036118223,0.0004997501249375312,0.006317562824652534,0.6405580637946591,0.09315662550852469,0.45797107779795065,0.8231450497913675,6.149576666886872e-12,0.0007354813159458006,1.0901522273117637e-11,associated
Canada,Big business,Culture (core),Big business + Culture (core),61118,21369,210,600.8168864993106,-1.5143052403374964,-1.7064151269137744,-1.349104426015695,0.09303415872955605,0.0004997501249375312,0.009827319949459498,-2.0157037743519504,0.07129940673560387,-2.155450611553734,-1.8759569371501668,7.862281437627686e-176,0.0007354813159458006,4.717368862576612e-175,dissociated
Canada,Big business,Culture (periphery),Big business + Culture (periphery),61118,21369,151,372.7321702842375,-1.3007555491615082,-1.5329119245682057,-1.0836092638063117,0.11477675484038796,0.0004997501249375312,0.00706631101127802,-0.8850943485111253,0.0841277112043459,-1.0499846624716433,-0.7202040345506073,6.925199472504596e-26,0.0007354813159458006,1.7424695446947049e-25,dissociated
Canada,Big business,Sport & Games,Big business + Sport & Games,61118,21369,272,189.27442392987575,0.5219706577404574,0.36022758928456816,0.6647758087162997,0.077857081497655,0.0004997501249375312,0.012728719172633254,-2.098513184442126,0.06321292084055885,-2.2224105092896216,-1.9746158595946308,1.16842074026952e-241,0.0007354813159458006,9.113681774102257e-241,associated
Canada,Small business,Academia,Small business + Academia,61118,21369,178,343.61254692072634,-0.946956421860923,-1.1642804079906746,-0.7607183247059934,0.10329580522062647,0.0004997501249375312,0.008329823576208527,-0.7946218397545758,0.07805163072835586,-0.9476030359821532,-0.6416406435269983,2.41764518007466e-24,0.0007354813159458006,5.7144340619946506e-24,dissociated
Canada,Small business,Exploration & Invention,Small business + Exploration & Invention,61118,21369,75,69.79313310639921,0.10309288426116747,-0.24000268868947583,0.39218022734678465,0.16183152269551537,0.5212393803098451,0.0035097571248069634,0.2391683789000401,0.12059816472443347,0.0027959760401505274,0.4755407817599297,0.04734685433269101,0.5349562061074726,0.05201485405563238,not distinguishable
Canada,Small business,Culture (core),Small business + Culture (core),61118,21369,344,518.29161642176,-0.5906511831587401,-0.7377125245093485,-0.45616250586391505,0.07027084231475828,0.0004997501249375312,0.01609808601244794,-1.1938000390670092,0.057621389158029515,-1.306737961816747,-1.0808621163172714,2.3837521778073626e-95,0.0007354813159458006,1.1620791866810893e-94,dissociated
Canada,Small business,Culture (periphery),Small business + Culture (periphery),61118,21369,97,321.53550169770375,-1.723745618091508,-2.0188102091306543,-1.4596620363920072,0.14134484405028766,0.0004997501249375312,0.004539285881417006,-1.089483051581527,0.10389211539541411,-1.2931115977565386,-0.8858545054065153,9.94652676421702e-26,0.0007354813159458006,2.4244658987778986e-25,dissociated
Canada,Small business,Sport & Games,Small business + Sport & Games,61118,21369,121,163.27661443987282,-0.4307730563332149,-0.6769607031867995,-0.19404525276620982,0.12206998221917736,0.0004997501249375312,0.005662408161355235,-2.683868972779154,0.09281035702637512,-2.8657772725508495,-2.5019606730074586,7.137602608065968e-184,0.0007354813159458006,4.6394416952428795e-183,dissociated
Canada,Academia,Exploration & Invention,Academia + Exploration & Invention,61118,21369,229,97.36384814550887,1.229646235822011,1.0656729065340935,1.3812680030197293,0.08169521997790641,0.0004997501249375312,0.010716458421077261,0.8114333922948234,0.07540501914518631,0.6636395547702582,0.9592272298193886,5.259643086889469e-27,0.0007354813159458006,1.3675072025912617e-26,associated
Canada,Academia,Culture (core),Academia + Culture (core),61118,21369,1425,723.0348315134131,0.9783336633052166,0.918332087499936,1.0328290813591914,0.029450937942137555,0.0004997501249375312,0.0666853853713323,-0.27642354293263904,0.031470740945611315,-0.33810619518603724,-0.21474089067924088,1.584519053782073e-18,0.0007354813159458006,3.433124616527825e-18,associated
Canada,Academia,Culture (periphery),Academia + Culture (periphery),61118,21369,274,448.5532081352406,-0.7100802502233684,-0.8822501099044887,-0.5584100825706338,0.08349615892912444,0.0004997501249375312,0.01282231269596144,-0.7216507206462219,0.0635928715282822,-0.8462927488416551,-0.5970086924507888,7.589464237712875e-30,0.0007354813159458006,2.114207894791444e-29,dissociated
Canada,Academia,Sport & Games,Academia + Sport & Games,61118,21369,136,227.77655603741604,-0.7418817514955375,-0.99687924704883,-0.5336658015136404,0.11888236651202251,0.0004997501249375312,0.006364359586316627,-3.3317509383914334,0.08695145834821201,-3.502175796753929,-3.161326080028938,0.0,0.0007354813159458006,0.0,dissociated
Canada,Exploration & Invention,Culture (core),Exploration & Invention + Culture (core),61118,21369,112,146.85978928476288,-0.3894179021378137,-0.664623827317765,-0.14991719412599297,0.12955511847435974,0.0069965017491254375,0.0052412373063783985,-1.1573706604279088,0.09994421935585293,-1.3532613303653807,-0.9614799904904371,5.194531145466657e-31,0.008946346498881708,1.5006423309125896e-30,dissociated
Canada,Exploration & Invention,Culture (periphery),Exploration & Invention + Culture (periphery),61118,21369,35,91.10823816310678,-1.367658318493533,-1.877224416726559,-0.9579684726920115,0.24158526693528765,0.0004997501249375312,0.0016378866582432495,-0.946210463942114,0.1712849194972057,-1.2819289061566372,-0.6104920217275909,3.3100883969692436e-08,0.0007354813159458006,5.16373789927202e-08,dissociated
Canada,Exploration & Invention,Sport & Games,Exploration & Invention + Sport & Games,61118,21369,113,46.26501458255589,1.2791907549741988,1.025688516571198,1.5113806481243788,0.12403264753490127,0.0004997501249375312,0.005288034068042491,-1.4986712894910008,0.09950137110897883,-1.6936939768645993,-1.3036486021174023,2.8874757890757125e-51,0.0007354813159458006,1.126115557739528e-50,associated
Canada,Culture (core),Culture (periphery),Culture (core) + Culture (periphery),61118,21369,2653,676.5799717703992,1.9704983991088831,1.9319635337218042,2.009503570390364,0.019623832494057008,0.0004997501249375312,0.12415180869483831,1.3751058073470104,0.03069441598517874,1.31494475201606,1.4352668626779608,0.0,0.0007354813159458006,0.0,associated
Canada,Culture (core),Sport & Games,Culture (core) + Sport & Games,61118,21369,445,343.5691754260939,0.37272678248505775,0.25182829640675103,0.4853635882086878,0.059249234913703895,0.0004997501249375312,0.020824558940521317,-3.344556862334346,0.04897366892431217,-3.4405452534259977,-3.2485684712426943,0.0,0.0007354813159458006,0.0,associated
Canada,Culture (periphery),Sport & Games,Culture (periphery) + Sport & Games,61118,21369,254,213.14195269290397,0.2524706806285039,0.08067041183812909,0.40402172797717334,0.08393983136655496,0.0009995002498750624,0.011886377462679582,-2.306269306474087,0.0650130379099864,-2.4336948607776603,-2.1788437521705135,1.2397698245310456e-275,0.00139216106232598,1.0744671812602395e-274,associated
Spain,Politics,Administration & Law,Politics + Administration & Law,56443,25217,1701,496.4902516533329,1.7755176922484417,1.728446395543613,1.8203270785209928,0.023690400399691315,0.0004997501249375312,0.06745449498354285,1.6186822939749925,0.03566782460006354,1.548773357758868,1.688591230191117,0.0,0.0007354813159458006,0.0,associated
Spain,Politics,Military,Politics + Military,56443,25217,1123,438.67773133242804,1.3551233155874867,1.2934787946792663,1.4112453114261718,0.030728730402496775,0.0004997501249375312,0.044533449656977434,0.9514024108816815,0.03846735718837342,0.8760063907924697,1.0267984309708935,4.757385514970257e-135,0.0007354813159458006,2.854431308982154e-134,associated
Spain,Politics,Religion,Politics + Religion,56443,25217,283,409.2395530356988,-0.5313584308119521,-0.6931508989239756,-0.381726227423694,0.0801992634246242,0.0004997501249375312,0.011222587936709362,-1.1039928451587306,0.06258254322667416,-1.2266546298830119,-0.9813310604344493,1.2020418242085472e-69,0.0007354813159458006,3.9066359286777784e-69,dissociated
Spain,Politics,Nobility,Politics + Nobility,56443,25217,378,348.6732989731303,0.11635005886068502,-0.017681892454457036,0.24779246363056162,0.06692942428857065,0.09045477261369315,0.014989887774120633,-0.233710448521377,0.056711490759785516,-0.34486497041055664,-0.1225559266321974,3.771622710485581e-05,0.11024175412293853,4.822730678981562e-05,not distinguishable
Spain,Politics,Kinship,Politics + Kinship,56443,25217,152,312.2992232443257,-1.036427687415551,-1.2574127896036955,-0.8343479700239154,0.10936276063382826,0.0004997501249375312,0.006027679739858033,-0.9631865059281987,0.08499723772591604,-1.129781091870994,-0.7965919199854032,9.11272802526185e-30,0.0007354813159458006,1.9210615837038498e-29,dissociated
Spain,Politics,Big business,Politics + Big business,56443,25217,484,233.54476621225223,1.0497121622613053,0.9434904851397831,1.1481332638220765,0.052062228751762724,0.0004997501249375312,0.019193401276916367,0.6488560591592555,0.05483550876021157,0.5413784619892408,0.7563336563292702,2.642686768150568e-32,0.0007354813159458006,5.725821330992898e-32,associated
Spain,Politics,Small business,Politics + Small business,56443,25217,372,390.5718321149025,-0.07019320067345615,-0.20157749684779694,0.06286366389624538,0.06687533948279668,0.30334832583708143,0.014751953047547289,-0.1941055470517569,0.057298947390082025,-0.3064114839363177,-0.08179961016719613,0.0007050865611274973,0.34291549877235294,0.0008593242463741373,not distinguishable
Spain,Politics,Academia,Politics + Academia,56443,25217,1496,1304.4590084399422,0.19758778947321795,0.1380115086912226,0.25485883391997716,0.02914504321636303,0.0004997501249375312,0.05932505849228695,-0.13678553049076006,0.030655184718851924,-0.19686969253970982,-0.07670136844181029,8.117231189401984e-06,0.0007354813159458006,1.055240054622258e-05,associated
Spain,Politics,Exploration & Invention,Politics + Exploration & Invention,56443,25217,217,168.78661122742298,0.36154752506757615,0.18497243919106077,0.5290488074393997,0.0881925047638302,0.0009995002498750624,0.008605305944402586,-0.02073902014375427,0.0753300699996445,-0.1683859573430575,0.12690791705554894,0.7830791166914088,0.0014174730816409976,0.7830791166914088,associated
Spain,Politics,Culture (core),Politics + Culture (core),56443,25217,715,2160.7469990990535,-1.5948402886159692,-1.6938631362197138,-1.5076372635069308,0.048095482306536,0.0004997501249375312,0.028353888249990085,-2.187281792319046,0.03994809400702881,-2.2655800565728224,-2.1089835280652696,0.0,0.0007354813159458006,0.0,dissociated
Spain,Politics,Culture (periphery),Politics + Culture (periphery),56443,25217,464,981.9205055216926,-1.080662076992792,-1.2098385445384296,-0.9619841347145323,0.06380437017086521,0.0004997501249375312,0.01840028552167189,-1.1864503675786378,0.049377323616697416,-1.2832299218673646,-1.0896708132899109,1.4096085600747677e-127,0.0007354813159458006,7.329964512388792e-127,dissociated
Spain,Politics,Sport & Games,Politics + Sport & Games,56443,25217,136,275.5902192854004,-1.0162388290721052,-1.2588153494374452,-0.8002436248450637,0.11751047712173465,0.0004997501249375312,0.00539318713566245,-3.4473245086763855,0.08677569034823485,-3.6174048617589256,-3.2772441555938454,0.0,0.0007354813159458006,0.0,dissociated
Spain,Administration & Law,Military,Administration & Law + Military,56443,25217,126,160.27747332828594,-0.345927898498978,-0.6002402150144531,-0.11684570252899072,0.12279822909257788,0.0079960019990005,0.0049966292580402106,-0.5597866358733239,0.09235054706056549,-0.7407937081120323,-0.3787795636346155,1.3482343210407032e-09,0.01057098569359388,1.8449522287925412e-09,dissociated
Spain,Administration & Law,Religion,Administration & Law + Religion,56443,25217,96,149.5217943872643,-0.6365712556971472,-0.9290786940266973,-0.37762271589907964,0.1429695055799194,0.0004997501249375312,0.003806955625173494,-1.080262885942824,0.10450478165393959,-1.2850922579845456,-0.8754335139011025,4.79453302414004e-25,0.0007354813159458006,9.121306728851783e-25,dissociated
Spain,Administration & Law,Nobility,Administration & Law + Nobility,56443,25217,125,127.39300717797856,-0.027250019781950834,-0.270878940389671,0.18835780226580898,0.12174080099826216,0.8325837081459271,0.0049569734702779875,-0.30278245498039946,0.09316756578252994,-0.48539088391415813,-0.12017402604664079,0.0011545787086700743,0.8658870564717642,0.0013854944504040892,not distinguishable
Spain,Administration & Law,Kinship,Administration & Law + Kinship,56443,25217,16,114.10319432434495,-2.796109327178328,-3.621318621010701,-2.209820150142467,0.364154872335822,0.0004997501249375312,0.0006344926041955823,-2.122748430055979,0.24781574579227336,-2.6084672918088345,-1.637029568303123,1.07296786794886e-17,0.0007354813159458006,1.819380297826328e-17,dissociated
Spain,Administration & Law,Big business,Administration & Law + Big business,56443,25217,76,85.32907499965904,-0.16600670239339316,-0.4970498165465734,0.12173384039610825,0.1598507011042118,0.30834582708645675,0.0030138398699290163,-0.37314856109491956,0.11827875748509975,-0.6049749257657151,-0.14132219642412405,0.0016059542525128042,0.3435853501820518,0.0018979459347878598,not distinguishable
Spain,Administration & Law,Small business,Administration & Law + Small business,56443,25217,33,142.70126321305824,-2.095811218337953,-2.655169282821659,-1.6637680886681538,0.2514589646375204,0.0004997501249375312,0.0013086409961533885,-1.636892584030406,0.1748148420447047,-1.9795296744380273,-1.2942554936227848,7.708047228287547e-21,0.0007354813159458006,1.3982039158289036e-20,dissociated
Spain,Administration & Law,Academia,Administration & Law + Academia,56443,25217,395,476.6036181003196,-0.27062493229821555,-0.40744483667596404,-0.15061103996609151,0.06541302473264264,0.0004997501249375312,0.01566403616607844,-0.5009088936760117,0.05457224019990572,-0.6078704844678269,-0.39394730288419644,4.3583184430834305e-20,0.0007354813159458006,7.554418634677946e-20,dissociated
Spain,Administration & Law,Exploration & Invention,Administration & Law + Exploration & Invention,56443,25217,20,61.6687140626125,-1.6005648278276203,-2.3118156941866586,-1.0476877486817067,0.32779200735215874,0.0004997501249375312,0.0007931157552444779,-1.4278217072893251,0.22334649992601904,-1.8655808471443225,-0.9900625674343277,1.6281703503018683e-10,0.0007354813159458006,2.3090415877008316e-10,dissociated
Spain,Administration & Law,Culture (core),Administration & Law + Culture (core),56443,25217,324,789.4612486149505,-1.2835634056953833,-1.4389423163134678,-1.1424641030978684,0.07491309585959703,0.0004997501249375312,0.012848475234960542,-1.7658400058538386,0.058925706190021354,-1.8813343899862804,-1.6503456217213968,2.6245620145644067e-197,0.0007354813159458006,2.0471583713602374e-196,dissociated
Spain,Administration & Law,Culture (periphery),Administration & Law + Culture (periphery),56443,25217,100,358.7593497309041,-1.8378302019308344,-2.1282106232487887,-1.5915472784644447,0.13865945736966384,0.0004997501249375312,0.003965578776222389,-1.6360926292642193,0.10201412289056641,-1.8360403101297293,-1.4361449483987092,6.946019148610458e-58,0.0007354813159458006,2.0066277540430213e-57,dissociated
Spain,Administration & Law,Sport & Games,Administration & Law + Sport & Games,56443,25217,51,100.69101043011393,-0.9744367927032337,-1.4252042530625513,-0.6055038437950632,0.20679359534856756,0.0004997501249375312,0.0020224451758734186,-3.2343557235737967,0.14070667191972336,-3.5101408005364547,-2.9585706466111388,6.359733303894378e-117,0.0007354813159458006,2.9179952806103616e-116,dissociated
Spain,Military,Religion,Military + Religion,56443,25217,93,132.11111663952155,-0.5041634498961858,-0.8133674020617113,-0.24248789875351923,0.14441635709454803,0.0009995002498750624,0.0036879882618868222,-1.042723906601517,0.10617438627925674,-1.2508257037088601,-0.8346221094941738,9.155802063767807e-23,0.0014174730816409976,1.7003632404140211e-22,dissociated
Spain,Military,Nobility,Military + Nobility,56443,25217,398,112.55905869320448,1.8175031336461243,1.695372769598731,1.9344171360299036,0.06205001128814557,0.0004997501249375312,0.01578300352936511,1.1340786991474752,0.05761651082562448,1.0211503379292513,1.247007060365699,3.0027789425985214e-86,0.0007354813159458006,1.1710837876134233e-85,associated
Spain,Military,Kinship,Military + Kinship,56443,25217,75,100.81674364663392,-0.42432406466610995,-0.762521099042267,-0.1280608807028348,0.15892795407946297,0.009995002498750625,0.0029741840821667924,-0.48354067111438065,0.1187069687526548,-0.716206329869584,-0.25087501235917725,4.6332245146897366e-05,0.012993503248375813,5.8288953571903136e-05,dissociated
Spain,Military,Big business,Military + Big business,56443,25217,74,75.39315205665177,-0.026729289583524406,-0.37125305923885893,0.27551063390847336,0.16440861815962773,0.8575712143928036,0.0029345282944045685,-0.33126346766705,0.11983053231303381,-0.5661313110005963,-0.09639562433350374,0.005702183103792973,0.8801388779294563,0.0065407394425860575,not distinguishable
Spain,Military,Small business,Military + Small business,56443,25217,66,126.0847845372914,-0.9286777578406528,-1.3077591123424515,-0.5992562333909558,0.17885523542550116,0.0004997501249375312,0.002617281992306777,-0.8575653591187843,0.12559712962393357,-1.1037357331816942,-0.6113949850558745,8.616318117371706e-12,0.0007354813159458006,1.2445792836203575e-11,dissociated
Spain,Military,Academia,Military + Academia,56443,25217,174,421.1067452721287,-1.2726709123542495,-1.483490527281428,-1.0855086311044195,0.10253069631134902,0.0004997501249375312,0.006900107070626958,-1.342915579451936,0.07859904880411425,-1.496969715108,-1.1888614437958722,1.8982691330129084e-65,0.0007354813159458006,5.922599695000273e-65,dissociated
Spain,Military,Exploration & Invention,Military + Exploration & Invention,56443,25217,210,54.487860515062444,1.9366351733196019,1.7520401586962522,2.0975472126567913,0.08680156347873232,0.0004997501249375312,0.008327715430067018,1.198176219243241,0.0776832799514795,1.0459169905383412,1.3504354479481409,1.1313110166396814e-53,0.0007354813159458006,3.0428365275136257e-53,associated
Spain,Military,Culture (core),Military + Culture (core),56443,25217,231,697.534480010465,-1.5922861078656196,-1.7809235194108712,-1.4232909874207273,0.08985290530054511,0.0004997501249375312,0.00916048697307372,-2.0636861735537386,0.06872218378367155,-2.1983816537697347,-1.9289906933377423,4.056183189804745e-198,0.0007354813159458006,3.515358764497446e-197,dissociated
Spain,Military,Culture (periphery),Military + Culture (periphery),56443,25217,65,316.984547249758,-2.2771195623309737,-2.666155531799739,-1.975450259506835,0.1736648240202789,0.0004997501249375312,0.002577626204544553,-2.009588525433022,0.12545732291814604,-2.255484878352588,-1.7636921725134558,9.551767800962211e-58,0.0007354813159458006,2.660849601696616e-57,dissociated
Spain,Military,Sport & Games,Military + Sport & Games,56443,25217,90,88.96630673807051,0.01657333053303003,-0.2718535260614284,0.2804238197287398,0.14285230932109164,0.9030484757621189,0.003569020898600151,-2.5837221384130253,0.10702145423290493,-2.793484188709519,-2.3739600881165317,9.039821725709917e-129,0.9030484757621188,5.036472104324096e-128,not distinguishable
Spain,Religion,Nobility,Religion + Nobility,56443,25217,112,105.00560110451373,0.09260541036570931,-0.17235705049224875,0.33403364898999455,0.13125040446953043,0.4572713643178411,0.004441448229369076,-0.5821495446609964,0.09776315869691005,-0.7737653357069402,-0.3905337536150527,2.6056132569194013e-09,0.48859132077796724,3.4447090515205642e-09,not distinguishable
Spain,Religion,Kinship,Religion + Kinship,56443,25217,125,94.0512730909466,0.40851857550888954,0.15420411955560137,0.6434347452925979,0.1237180552862611,0.0014992503748125937,0.0049569734702779875,-0.1650004782971818,0.09366190427642619,-0.34857781067897714,0.018576854084613514,0.07812667328116107,0.0020162332626790054,0.08347781528672005,associated
Spain,Religion,Big business,Religion + Big business,56443,25217,9,70.33377271260602,-2.898437965872065,-4.027377811116891,-2.2019171185651927,0.4982589564299208,0.0004997501249375312,0.0003569020898600151,-2.676210572111426,0.3257509627673436,-3.3146824591354194,-2.0377386850874326,2.1126293011022588e-16,0.0007354813159458006,3.3629609282852283e-16,dissociated
Spain,Religion,Small business,Religion + Small business,56443,25217,69,117.62366125109303,-0.7652130957618267,-1.139270781976731,-0.4664313002582745,0.17015621900514646,0.0004997501249375312,0.002736249355593449,-1.0404544426319877,0.12275046221763496,-1.2810453485785522,-0.7998635366854232,2.3271790947841392e-17,0.0007354813159458006,3.8621270083651666e-17,dissociated
Spain,Religion,Academia,Religion + Academia,56443,25217,739,392.8476963990001,0.9107450126931841,0.8274139052374063,0.986600591286137,0.0412171675148002,0.0004997501249375312,0.02930562715628346,0.0938840530180993,0.04226741320077914,0.01103992314457218,0.1767281828916264,0.026337939067720133,0.0007354813159458006,0.028934637285664373,associated
Spain,Religion,Exploration & Invention,Religion + Exploration & Invention,56443,25217,35,50.83136455394378,-0.5320215879483288,-1.0791386550044724,-0.12522311548070095,0.24030162088939644,0.03398300849575212,0.0013879525716778364,-1.019542304182894,0.1710105069275279,-1.3547228977608485,-0.6843617106049393,2.493684621249528e-09,0.04275281713981719,3.353575869956262e-09,dissociated
Spain,Religion,Culture (core),Religion + Culture (core),56443,25217,745,650.7253011440234,0.19505160080700723,0.11153720890922449,0.27264256910578616,0.0413823178801363,0.0004997501249375312,0.029543561882856804,-0.9573034453619664,0.04148244320129944,-1.0386090340365133,-0.8759978566874196,7.824628946567806e-118,0.0007354813159458006,3.814506611451806e-117,associated
Spain,Religion,Culture (periphery),Religion + Culture (periphery),56443,25217,87,295.7127867915663,-1.7592789975786438,-2.102357594299697,-1.4861875420741548,0.15523990052877554,0.0004997501249375312,0.003450053535313479,-1.9413771027451836,0.10883145522489716,-2.154686754985982,-1.7280674505043851,3.5584970541812304e-71,0.0007354813159458006,1.2616489555733453e-70,dissociated
Spain,Religion,Sport & Games,Religion + Sport & Games,56443,25217,158,82.99607890771786,0.924702487045201,0.6994179764728309,1.117766249458077,0.10538606045554656,0.0004997501249375312,0.006265614466431375,-2.2349887129061896,0.08159939484620594,-2.394923526804753,-2.075053899007626,3.63090422475004e-165,0.0007354813159458006,2.5746411775500285e-164,associated
Spain,Nobility,Kinship,Nobility + Kinship,56443,25217,607,80.13196040799735,2.913460704769564,2.8251672086188364,3.002358051302439,0.044866212196906195,0.0004997501249375312,0.024071063171669904,2.430866721011499,0.05366991004138878,2.325673697330377,2.5360597446926207,0.0,0.0007354813159458006,0.0,associated
Spain,Nobility,Big business,Nobility + Big business,56443,25217,59,59.92458055194738,-0.02224588487891148,-0.42184192905137585,0.3051134279389678,0.1834328280926989,0.8970514742628686,0.00233969147797121,-0.3107490432268715,0.1334955602483422,-0.5724003413136223,-0.04909774514012083,0.019923490926174642,0.9030484757621188,0.02220046131773746,not distinguishable
Spain,Nobility,Small business,Nobility + Small business,56443,25217,29,100.21570422871365,-1.7715017954202312,-2.374195832956967,-1.313785884371216,0.269517174819017,0.0004997501249375312,0.001150017845104493,-1.4404405142800698,0.18630286743752192,-1.8055941344576127,-1.0752868941025269,1.061080024651208e-14,0.0007354813159458006,1.622828272995965e-14,dissociated
Spain,Nobility,Academia,Nobility + Academia,56443,25217,78,334.70738906189115,-2.0942893919652725,-2.4456935851439607,-1.7999295149660837,0.16390980145773357,0.0004997501249375312,0.0030931514454534638,-1.9207980419868445,0.11515811461872519,-2.146507946639546,-1.695088137334143,1.8426883756898904e-62,0.0007354813159458006,5.5280651270696715e-62,dissociated
Spain,Nobility,Exploration & Invention,Nobility + Exploration & Invention,56443,25217,32,43.3084716246461,-0.43077016513409383,-0.9602770073959253,-0.02492907080673284,0.23901531994017947,0.08095952023988005,0.0012689852083911646,-0.6274001060689588,0.1788387685927821,-0.9779240925108117,-0.27687611962710584,0.00045116929871004554,0.10023559648747055,0.0005585905603076753,not distinguishable
Spain,Nobility,Culture (core),Nobility + Culture (core),56443,25217,263,554.4198643364714,-1.074476485867547,-1.2409800880390862,-0.9207911174789934,0.08230730345295291,0.0004997501249375312,0.010429472181464885,-1.6359516041195485,0.06557011310719216,-1.7644690258096452,-1.507434182429452,2.153944236950365e-137,0.0007354813159458006,1.4000637540177373e-136,dissociated
Spain,Nobility,Culture (periphery),Nobility + Culture (periphery),56443,25217,43,251.9481613014055,-2.536899863527317,-2.9938416551748115,-2.1703831480673044,0.21639836903589313,0.0004997501249375312,0.0017051988737756276,-2.1697015405366322,0.15343439512606583,-2.470432954983721,-1.8689701260895433,2.1252685386209156e-45,0.0007354813159458006,5.0233620003767097e-45,dissociated
Spain,Nobility,Sport & Games,Nobility + Sport & Games,56443,25217,65,70.71290255285724,-0.12064374974679762,-0.48302314999524426,0.2067187776035036,0.17604993286454002,0.5017491254372813,0.002577626204544553,-2.6527732785235365,0.12551285344813057,-2.8987784712818723,-2.4067680857652007,3.754240494801226e-99,0.5288706997852425,1.626837547747198e-98,not distinguishable
Spain,Kinship,Big business,Kinship + Big business,56443,25217,45,53.673166298453424,-0.25171187020834657,-0.7374603084161697,0.1225061337825552,0.21551930149533952,0.23788105947026486,0.0017845104493000754,-0.3048871765305421,0.1520150352825752,-0.6028366456843894,-0.006937707376694691,0.04489485277328071,0.272863568215892,0.048636090504387434,not distinguishable
Spain,Kinship,Small business,Kinship + Small business,56443,25217,19,89.76106481248571,-2.210629674192524,-2.963868118586449,-1.6701321450896813,0.331120425946723,0.0004997501249375312,0.0007534599674822541,-1.5772201162674668,0.22849494960267827,-2.0250702174887163,-1.1293700150462174,5.104214088577405e-12,0.0007354813159458006,7.511862243566747e-12,dissociated
Spain,Kinship,Academia,Kinship + Academia,56443,25217,99,299.79025616819655,-1.5935892322517233,-1.8854731907831779,-1.3440144001538397,0.13761039806547137,0.0004997501249375312,0.003925922988460165,-1.3755774184866285,0.10346907169296,-1.57837679900483,-1.172778037968427,2.4888062739870293e-40,0.0007354813159458006,5.546482553456808e-40,dissociated
Spain,Kinship,Exploration & Invention,Kinship + Exploration & Invention,56443,25217,33,38.79047259457108,-0.2300184253884076,-0.773333709576101,0.19725179869307802,0.2467491398056132,0.33233383308345826,0.0013086409961533885,-0.30917650718335504,0.1766004101243385,-0.6553133110270585,0.03696029666034839,0.0799954825772432,0.36509914057055975,0.08431956271655365,not distinguishable
Spain,Kinship,Culture (core),Kinship + Culture (core),56443,25217,481,496.58202533268104,-0.045948137776156445,-0.15961095531245023,0.061580651854943415,0.056039854301000974,0.42278860569715143,0.019074433913629694,-0.5571254240604567,0.053064944057191483,-0.6611327144125521,-0.4531181337083614,8.735970365693603e-26,0.45802098950524733,1.7035142213102525e-25,not distinguishable
Spain,Kinship,Culture (periphery),Kinship + Culture (periphery),56443,25217,107,225.664584308558,-1.0730363718884282,-1.3681275038603775,-0.8181118974153057,0.13789126719326122,0.0004997501249375312,0.004243169290557957,-0.9317204528483733,0.0999883960818859,-1.1276977091688698,-0.735743196527877,1.1823500355280129e-20,0.0007354813159458006,2.0959841538905683e-20,dissociated
Spain,Kinship,Sport & Games,Kinship + Sport & Games,56443,25217,210,63.33603578377486,1.7213772651630268,1.5453638222977377,1.8805768706112858,0.08767471628130338,0.0004997501249375312,0.008327715430067018,-1.0990687827244234,0.07351827726798571,-1.2431646061696755,-0.9549729592791715,1.566892644163506e-50,0.0007354813159458006,3.942504072411402e-50,associated
Spain,Big business,Small business,Big business + Small business,56443,25217,80,67.12545320740142,0.2514224257054789,-0.060416244627973174,0.5411913250815965,0.15391288989618915,0.11494252873563218,0.0031724630209779116,0.06492895422766477,0.11605034812674991,-0.16252972810076505,0.2923876365560946,0.5758276776940833,0.13793103448275862,0.5909810376334013,not distinguishable
Spain,Big business,Academia,Big business + Academia,56443,25217,116,224.19026394675734,-0.9476076575775454,-1.2263361559373238,-0.7185389425755895,0.12485030478220738,0.0004997501249375312,0.004600071380417972,-1.0355503945876123,0.09663980167735554,-1.2249644058752291,-0.8461363832999955,8.60272918588453e-27,0.0007354813159458006,1.720545837176906e-26,dissociated
Spain,Big business,Exploration & Invention,Big business + Exploration & Invention,56443,25217,76,29.008435433329186,1.3743323181372116,1.049060022566924,1.6464460878304,0.15396967801584102,0.0004997501249375312,0.0030138398699290163,0.7413434023473922,0.12058278416249973,0.5050011453888927,0.9776856593058916,7.846420735042498e-10,0.0007354813159458006,1.0928943166666335e-09,associated
Spain,Big business,Culture (core),Big business + Culture (core),56443,25217,223,371.35581640815013,-0.7344685069267023,-0.915773358871874,-0.5730799858008465,0.08758268763602246,0.0004997501249375312,0.008843240670975928,-1.3184039307713096,0.07228420907025584,-1.460080980549011,-1.1767268809936082,2.5226274558189942e-74,0.0007354813159458006,9.369759121613407e-74,dissociated
Spain,Big business,Culture (periphery),Big business + Culture (periphery),56443,25217,95,168.7573284276007,-0.8256456620519099,-1.1397825315153436,-0.5876350119703178,0.13872424841963474,0.0004997501249375312,0.00376729983741127,-0.8896008353407021,0.10609307497958034,-1.0975432623006796,-0.6816584083807247,5.0683495282067137e-17,0.0007354813159458006,8.23606798333591e-17,dissociated
Spain,Big business,Sport & Games,Big business + Sport & Games,56443,25217,149,47.364189754517106,1.643126891721738,1.4218656284885294,1.8427168201235524,0.11055554430672072,0.0004997501249375312,0.005908712376571361,-1.3055136978795931,0.08615875149334758,-1.4743848508065545,-1.1366425449526318,7.30258999795414e-52,0.0007354813159458006,1.8986733994680765e-51,associated
Spain,Small business,Academia,Small business + Academia,56443,25217,411,374.92770038113105,0.1323573294175405,0.012084004261962001,0.24689447059305134,0.060920456013900566,0.031984007996002,0.01629852877027402,-0.020034590792501066,0.05515735659403261,-0.12814300971680498,0.08807382813180285,0.716436002034113,0.0408975839948878,0.7257403656968936,associated
Spain,Small business,Exploration & Invention,Small business + Exploration & Invention,56443,25217,38,48.51265972573891,-0.34829599249323295,-0.8531147268012609,0.040919718294509626,0.22687203862980257,0.12093953023488256,0.0015069199349645082,-0.39954720626756435,0.16496138895143983,-0.7228715286123863,-0.07622288392274229,0.01543258993622326,0.14292853573213393,0.017445536449643684,not distinguishable
Spain,Small business,Culture (core),Small business + Culture (core),56443,25217,716,621.0420551631588,0.20511469338239233,0.11844044435783609,0.29257571939051374,0.043284084580252374,0.0004997501249375312,0.02839354403775231,-0.3154253388736206,0.0451432484602075,-0.4039061058556273,-0.22694457189161393,2.8040718188931627e-12,0.0007354813159458006,4.206107728339744e-12,associated
Spain,Small business,Culture (periphery),Small business + Culture (periphery),56443,25217,261,282.223661081241,-0.11258168058128255,-0.2821078280282534,0.04519683416913524,0.08371436184666475,0.17791104447776113,0.010350160605940437,-0.19490988377738866,0.06664373558225214,-0.32553160551860283,-0.06428816203617446,0.0034483914070538974,0.20712032043679654,0.004014545220152298,not distinguishable
Spain,Small business,Sport & Games,Small business + Sport & Games,56443,25217,346,79.21016030068988,2.1200198173732425,1.9855557266391743,2.2383025313382126,0.06457734662988647,0.0004997501249375312,0.013720902565729469,-0.7849077718600311,0.05871044607585896,-0.8999802461687147,-0.6698352975513475,9.160212312651717e-41,0.0007354813159458006,2.101460471725982e-40,associated
Spain,Academia,Exploration & Invention,Academia + Exploration & Invention,56443,25217,201,162.02595988541358,0.310109663955451,0.12139010008275984,0.4796794410724495,0.09270076879556514,0.0014992503748125937,0.007970813340207003,-0.06442285311145746,0.07764965444050105,-0.21661617581483952,0.08777046959192461,0.4067307458058905,0.0020162332626790054,0.42299997563812614,associated
Spain,Academia,Culture (core),Academia + Culture (core),56443,25217,2869,2074.1995117541073,0.4678969749550217,0.4330063455425267,0.5014231895676355,0.01788899835465471,0.0004997501249375312,0.11377245508982035,-0.26358160249644375,0.024343738214306725,-0.3112953293964849,-0.21586787559640258,2.5504852824017264e-27,0.0007354813159458006,5.2352066322982805e-27,associated
Spain,Academia,Culture (periphery),Academia + Culture (periphery),56443,25217,539,942.590240312107,-0.805772863172167,-0.9154046388670941,-0.6989052694039362,0.05590772921242313,0.0004997501249375312,0.02137446960383868,-0.9627684375955332,0.04632396307066608,-1.0535634052140388,-0.8719734699770277,6.119745244743114e-96,0.0007354813159458006,2.5123164688945413e-95,dissociated
Spain,Academia,Sport & Games,Academia + Sport & Games,56443,25217,155,264.55161040340755,-0.7693587258233873,-0.9817435254370553,-0.5667183894979889,0.10649069587504513,0.0004997501249375312,0.006146647103144704,-3.2600245820891782,0.08148082396674111,-3.4197269970639907,-3.1003221671143657,0.0,0.0007354813159458006,0.0,dissociated
Spain,Exploration & Invention,Culture (core),Exploration & Invention + Culture (core),56443,25217,108,268.3849046488989,-1.3092937210963422,-1.6000461019392216,-1.0780590492763193,0.13261217294963396,0.0004997501249375312,0.004282825078320181,-1.7879679632523027,0.10078241128403533,-1.985501489369012,-1.5904344371355934,2.0276012989866833e-70,0.0007354813159458006,6.87621310091136e-70,dissociated
Spain,Exploration & Invention,Culture (periphery),Exploration & Invention + Culture (periphery),56443,25217,57,121.96367337643916,-1.0907200022470034,-1.5091332286182324,-0.776945044246067,0.18590401242910365,0.0004997501249375312,0.002260379902446762,-1.1049814408456486,0.13558042248272165,-1.3707190689117832,-0.8392438127795142,3.6390213009194427e-16,0.0007354813159458006,5.676873229434331e-16,dissociated
Spain,Exploration & Invention,Sport & Games,Exploration & Invention + Sport & Games,56443,25217,55,34.23087235845821,0.6762691231551917,0.2638733391044333,0.9984925279472535,0.1887152132360669,0.0014992503748125937,0.0021810683269223143,-2.040959322768953,0.1376088183104102,-2.3106726066573566,-1.7712460388805489,9.152144100758048e-50,0.0020162332626790054,2.230835124559774e-49,associated
Spain,Culture (core),Culture (periphery),Culture (core) + Culture (periphery),56443,25217,3784,1561.3361707473016,1.2768595775287706,1.248952207436097,1.3075417442906452,0.015038875211368178,0.0004997501249375312,0.15005750089225522,0.8998468273177741,0.025882938835502415,0.8491162672001894,0.9505773874353588,7.937836370247688e-265,0.0007354813159458006,8.845017669704567e-264,associated
Spain,Culture (core),Sport & Games,Culture (core) + Sport & Games,56443,25217,225,438.2116222798142,-0.9601454930345682,-1.1446895604695049,-0.796198180880162,0.0897913525363389,0.0004997501249375312,0.008922552246500376,-4.014058576174742,0.06782776792689493,-4.147001001311456,-3.881116151038028,0.0,0.0007354813159458006,0.0,dissociated
Spain,Culture (periphery),Sport & Games,Culture (periphery) + Sport & Games,56443,25217,105,199.1389912164125,-0.9201505200438459,-1.2031646685035704,-0.6661685438260937,0.1354094024077913,0.0004997501249375312,0.004163857715033509,-3.2775743975171214,0.09860312793418384,-3.470836528268122,-3.084312266766121,2.8410573251013644e-242,0.0007354813159458006,2.7700308919738302e-241,dissociated
Brazil,Politics,Administration & Law,Politics + Administration & Law,39171,13656,1762,709.6004438472837,1.3115282438503215,1.2692248896070348,1.3554160299402112,0.022038140694818995,0.0004997501249375312,0.1290275336848272,1.7229601615216394,0.03931112558536738,1.6459103553743193,1.8000099676689596,0.0,0.0010535272904088496,0.0,associated
Brazil,Politics,Military,Politics + Military,39171,13656,259,147.9506836120309,0.8057508016653505,0.6769065737469382,0.9251402588133595,0.06407311263486416,0.0004997501249375312,0.018966022261277093,0.5207000967499009,0.07705053956280579,0.36968103920680156,0.6717191542930003,1.400028998383333e-11,0.0010535272904088496,2.800057996766666e-11,associated
Brazil,Politics,Religion,Politics + Religion,39171,13656,151,141.9768441819355,0.0885903270414365,-0.11300359961110253,0.2757198386427979,0.09868778952242577,0.36281859070464767,0.011057410661980082,-0.9042341472565387,0.08702874647320553,-1.0748104903440217,-0.7336578041690559,2.7517166869316724e-25,0.4223858220143659,8.585356063226818e-25,not distinguishable
Brazil,Politics,Nobility,Politics + Nobility,39171,13656,91,90.15480360694903,0.013388276032721209,-0.250167591985006,0.24521961820526555,0.13094570743176717,0.9135432283858071,0.006663737551259519,-0.2772220399313119,0.11654713281338502,-0.5056544202455465,-0.04878965961707726,0.01737729708539863,0.9135432283858071,0.022220150371493327,not distinguishable
Brazil,Politics,Kinship,Politics + Kinship,39171,13656,257,199.23478068354515,0.3664868548942093,0.22455630767914941,0.5057162017680302,0.07218618585016953,0.0004997501249375312,0.018819566490919742,0.45712784448927446,0.07657542636761146,0.30704000880875604,0.6072156801697929,2.3777544161638716e-09,0.0010535272904088496,4.5235327917263894e-09,associated
Brazil,Politics,Big business,Politics + Big business,39171,13656,292,200.81549842553096,0.5389783811951031,0.40860740685839636,0.6675288870805737,0.06697039895340641,0.0004997501249375312,0.021382542472173402,0.4889239361467217,0.07231147313035043,0.3471934488112349,0.6306544234822085,1.3670192812791585e-11,0.0010535272904088496,2.800057996766666e-11,associated
Brazil,Politics,Small business,Politics + Small business,39171,13656,663,394.360644127322,0.7487528844566502,0.6674766176911869,0.8261560218270119,0.04039437404420439,0.0004997501249375312,0.04855008787346221,0.9282594063388518,0.05254403746764608,0.8252730929022656,1.031245719775438,7.621865610221107e-70,0.0010535272904088496,4.95421264664372e-69,associated
Brazil,Politics,Academia,Politics + Academia,39171,13656,1383,1063.7124394704163,0.3785364717009464,0.3250889146201435,0.4292416925663493,0.026651476002841203,0.0004997501249375312,0.10127416520210897,0.34596200770674,0.034421813284668736,0.2784952536687893,0.41342876174469073,9.125241125431898e-24,0.0010535272904088496,2.636180769569215e-23,associated
Brazil,Politics,Exploration & Invention,Politics + Exploration & Invention,39171,13656,137,129.0216872127003,0.08623793451218052,-0.12772623355372426,0.2707685359416244,0.10189172860062881,0.391304347826087,0.010032220269478618,0.11006896026972174,0.09932850893304987,-0.08461491723905601,0.3047528377784995,0.26780541704779026,0.44884910485933505,0.2901225351351061,not distinguishable
Brazil,Politics,Culture (core),Politics + Culture (core),39171,13656,570,1758.3833439455786,-1.6243610091524612,-1.7287412165993723,-1.5273793748137936,0.05129228316170605,0.0004997501249375312,0.04173989455184534,-2.236997307674905,0.04483951950396074,-2.324882765902668,-2.1491118494471415,0.0,0.0010535272904088496,0.0,dissociated
Brazil,Politics,Culture (periphery),Politics + Culture (periphery),39171,13656,409,935.311421614777,-1.1923543850884484,-1.3191549692097133,-1.0743835845360892,0.0621099972458565,0.0004997501249375312,0.0299502050380785,-1.0952004001196087,0.05351601892187803,-1.2000917972064897,-0.9903090030327277,4.425170185279e-93,0.0010535272904088496,3.451632744517619e-92,dissociated
Brazil,Politics,Sport & Games,Politics + Sport & Games,39171,13656,88,291.4774089158179,-1.7221073878862223,-2.0423306159202013,-1.4516838453320036,0.15307228728990957,0.0004997501249375312,0.006444053895723492,-4.368012749554676,0.10745080419507788,-4.578616325777029,-4.157409173332324,0.0,0.0010535272904088496,0.0,dissociated
Brazil,Administration & Law,Military,Administration & Law + Military,39171,13656,35,51.83967368072757,-0.5600859051055854,-1.0779914728442639,-0.15503077417301117,0.23949747943252633,0.022988505747126436,0.0025629759812536615,-0.5576027128310617,0.17287213435643467,-0.8964320961696737,-0.2187733294924497,0.0012574357713616496,0.03383214053350683,0.00172070158186331,dissociated
Brazil,Administration & Law,Religion,Administration & Law + Religion,39171,13656,16,49.74653102591372,-1.6065579729256247,-2.4614171133097766,-1.0383430368553552,0.3670186349931362,0.0009995002498750624,0.0011716461628588166,-1.9438057405636349,0.248422015048455,-2.4307128900586066,-1.4568985910686632,5.092272733034065e-15,0.001999000499750125,1.1682272740489914e-14,dissociated
Brazil,Administration & Law,Nobility,Administration & Law + Nobility,39171,13656,19,31.588874654948036,-0.7185990717466195,-1.4639605613303284,-0.20950278180552287,0.3216405715026077,0.03548225887056472,0.0013913298183948447,-0.7009786741559105,0.23188520822460743,-1.1554736822761411,-0.24648366603568,0.0025031901904522123,0.05125215170192682,0.0033663592216426302,not distinguishable
Brazil,Administration & Law,Kinship,Administration & Law + Kinship,39171,13656,6,69.80884281393372,-3.4351945266630746,-4.889013474116971,-2.5963963301560833,0.648467527068481,0.004997501249375313,0.0004393673110720562,-2.339544893402461,0.3942889164842556,-3.112351169711602,-1.56673861709332,2.9639917789592565e-09,0.007796101949025488,5.504556160924333e-09,dissociated
Brazil,Administration & Law,Big business,Administration & Law + Big business,39171,13656,27,70.36270231579829,-1.3655948643642888,-1.9865253819514128,-0.9030933910246198,0.2820879461820471,0.0004997501249375312,0.001977152899824253,-0.9763416275608922,0.19463355417599282,-1.357823393745838,-0.5948598613759463,5.267418379007453e-07,0.0010535272904088496,8.741673054523008e-07,dissociated
Brazil,Administration & Law,Small business,Administration & Law + Small business,39171,13656,17,138.1779833994596,-2.986311935533386,-3.8010645645767576,-2.4551107240534367,0.3523936606302347,0.0004997501249375312,0.0012448740480374926,-2.0358101301899816,0.24114332514997275,-2.5084510474839283,-1.563169212896035,3.1108908484937455e-17,0.0010535272904088496,7.582796443203505e-17,dissociated
Brazil,Administration & Law,Academia,Administration & Law + Academia,39171,13656,191,372.7086918832799,-0.9626381942293643,-1.1602535021443956,-0.7833008497231273,0.09669385949962557,0.0004997501249375312,0.013986526069127123,-0.7561811082086628,0.07633823471800039,-0.9058040482559435,-0.6065581681613821,3.933378396401723e-23,0.0010535272904088496,1.095726838997623e-22,dissociated
Brazil,Administration & Law,Exploration & Invention,Administration & Law + Exploration & Invention,39171,13656,4,45.20724068015999,-3.344425820345694,-5.095479309715292,-2.3954356267899044,0.8119698520620191,0.0009995002498750624,0.00029291154071470416,-2.3148703311831826,0.47374109201494924,-3.243402871532483,-1.386337790833882,1.0271641665506052e-06,0.001999000499750125,1.6691417706447333e-06,dissociated
Brazil,Administration & Law,Culture (core),Administration & Law + Culture (core),39171,13656,288,616.1108318687956,-1.0957889143079265,-1.2538103532403777,-0.9559006025803763,0.07699278910749315,0.0004997501249375312,0.0210896309314587,-1.526237917946114,0.06292906123589362,-1.6495788779684655,-1.4028969579237627,6.101563855990877e-130,0.0010535272904088496,5.2880220085254266e-129,dissociated
Brazil,Administration & Law,Culture (periphery),Administration & Law + Culture (periphery),39171,13656,129,327.7189243242178,-1.3417063257100617,-1.577451726783242,-1.1089560127275528,0.11898451546607694,0.0004997501249375312,0.009446397188049209,-1.014626598330371,0.09138484372212867,-1.1937408920257433,-0.8355123046349988,1.215899437253426e-28,0.0010535272904088496,4.310916186625782e-28,dissociated
Brazil,Administration & Law,Sport & Games,Administration & Law + Sport & Games,39171,13656,91,102.1292595249035,-0.16559845235298734,-0.46469870947316894,0.10236656460181026,0.14267625422623587,0.2448775612193903,0.006663737551259519,-2.898859868866349,0.10673358797401254,-3.1080577012954134,-2.6896620364372845,1.9412065289131122e-162,0.29844452773613195,1.8926763656902845e-161,not distinguishable
Brazil,Military,Religion,Military + Religion,39171,13656,9,10.372080987867909,-0.19462868956755208,-1.3038279272926752,0.5512814156698369,0.47645454353489397,0.665167416291854,0.0006590509666080844,-1.0796110995640797,0.32761975181178715,-1.7217458131151826,-0.4374763860129769,0.0009831053850351463,0.7205980343161752,0.0013693253577275253,not distinguishable
Brazil,Military,Nobility,Military + Nobility,39171,13656,17,6.586235451594707,1.3042636148242324,0.5080782612243199,1.873533384918435,0.34360834367560145,0.0024987506246876563,0.0012448740480374926,0.6161729554212855,0.24617883540311702,0.1336624380311761,1.0986834728113948,0.012316345222411016,0.0042370119288182,0.01628262588725524,associated
Brazil,Military,Kinship,Military + Kinship,39171,13656,8,14.5550444705036,-0.8247122232260333,-2.073790846971722,-0.0424116607222013,0.5279880024251478,0.11144427786106946,0.0005858230814294083,-0.6459594854124837,0.3467495315600542,-1.3255885672701901,0.033669596445222605,0.06247642486462587,0.14250251923218718,0.07273374834986295,not distinguishable
Brazil,Military,Big business,Military + Big business,39171,13656,11,14.67052338914914,-0.3996369988321911,-1.352658364132463,0.26847087931571695,0.42853903140752786,0.32733633183408295,0.0008055067369654365,-0.44715097491848643,0.299039072778298,-1.0332675575639505,0.13896560772697764,0.13483804117869053,0.38685202853118894,0.15466716488143914,not distinguishable
Brazil,Military,Small business,Military + Small business,39171,13656,20,28.809913073393812,-0.5157647795942547,-1.2183367272600116,0.006905233060887975,0.31625255125349444,0.1024487756121939,0.0014645577035735209,-0.43944360598551474,0.22533484515893892,-0.881099902497035,0.002212690526005534,0.0511546170789461,0.13318340829585207,0.060455456547845385,not distinguishable
Brazil,Military,Academia,Military + Academia,39171,13656,43,77.70923232982719,-0.8463235217921038,-1.3007600873719039,-0.48475427102399715,0.2120056843722348,0.0004997501249375312,0.0031487990626830695,-0.8617121372313828,0.15682698476224918,-1.1690930273653912,-0.5543312470973745,3.9144722259429716e-08,0.0010535272904088496,6.637583339642431e-08,dissociated
Brazil,Military,Exploration & Invention,Military + Exploration & Invention,39171,13656,23,9.425645404870595,1.2434279366126837,0.5981886806258602,1.7236378623795354,0.29656443994399595,0.0014992503748125937,0.001684241359109549,0.8170077820925165,0.21406161199699308,0.39744702257841,1.2365685416066228,0.00013525145146721528,0.002719570447334472,0.00019904930593288284,associated
Brazil,Military,Culture (core),Military + Culture (core),39171,13656,50,128.45823244071,-1.3525485819125975,-1.7827756243262256,-1.0059142455654009,0.194356022708197,0.0004997501249375312,0.003661394258933802,-1.890990401992337,0.14594830240619605,-2.1770490747084814,-1.6049317292761927,2.156584307689362e-38,0.0010535272904088496,9.345198666653902e-38,dissociated
Brazil,Military,Culture (periphery),Military + Culture (periphery),39171,13656,7,68.32892976149603,-3.1980525765743866,-4.753891274909885,-2.388799751604212,0.5807482288906977,0.0014992503748125937,0.0005125951962507323,-2.5115956804380786,0.36729595284010935,-3.2314957480046926,-1.7916956128714643,8.026680467161314e-12,0.002719570447334472,1.6921110174015742e-11,dissociated
Brazil,Military,Sport & Games,Military + Sport & Games,39171,13656,98,21.2938054006515,2.176205598178742,1.9047779780120697,2.4089603714858936,0.12808302077933723,0.0004997501249375312,0.007176332747510252,-1.2743899956419829,0.1083698045019899,-1.486794812465883,-1.0619851788180827,6.300160489002955e-32,0.0010535272904088496,2.3400596102010976e-31,associated
Brazil,Religion,Nobility,Religion + Nobility,39171,13656,16,6.320301479029882,1.2745586069875563,0.4718367265790649,1.8351605133220068,0.34762010415267974,0.00399800099950025,0.0011716461628588166,-0.032788762537660644,0.2519693353379086,-0.5266486597999614,0.4610711347246402,0.8964635975494742,0.006496751624187906,0.8964635975494744,associated
Brazil,Religion,Kinship,Religion + Kinship,39171,13656,21,13.967352028387594,0.571535771469696,-0.12153555162744732,1.0672483783038371,0.3089252452422785,0.06796601699150424,0.0015377855887521968,-0.2737167273305906,0.22037416006297036,-0.7056500810540125,0.1582166263928313,0.21421643755943198,0.09300612851469002,0.23533636802303792,not distinguishable
Brazil,Religion,Big business,Religion + Big business,39171,13656,5,14.07816822766809,-1.4063059301480036,-3.262138402650073,-0.522469856969455,0.6896684618430368,0.04597701149425287,0.0003661394258933802,-1.7801087406047769,0.42861228680148117,-2.62018882273568,-0.9400286584738737,3.278706878030477e-05,0.0652037617554859,5.114782729727544e-05,not distinguishable
Brazil,Religion,Small business,Religion + Small business,39171,13656,8,27.6466484605261,-1.7274283984205518,-2.9992585629319093,-0.9443426773360871,0.5287657642811371,0.009995002498750625,0.0005858230814294083,-1.926172744005933,0.3450414589120323,-2.6024540034735164,-1.2498914845383498,2.3716940997350803e-08,0.015286474409853899,4.204366813166734e-08,dissociated
Brazil,Religion,Academia,Religion + Academia,39171,13656,159,74.5715484419197,1.0872182782352233,0.8977985117188069,1.2641282426959235,0.09391201759321767,0.0004997501249375312,0.01164323374340949,-0.04650465061507162,0.0857241175334951,-0.214523920980722,0.12151461975057878,0.587479595836605,0.0010535272904088496,0.6192352496656107,associated
Brazil,Religion,Exploration & Invention,Religion + Exploration & Invention,39171,13656,8,9.0450639110982,-0.1672920162967094,-1.4765707844160287,0.5775013934908811,0.5423955245318787,0.7371314342828585,0.0005858230814294083,-0.8305078814994412,0.34680502226226717,-1.5102457251334849,-0.15077003786539755,0.0166321515944478,0.7666166916541729,0.021621797072782143,not distinguishable
Brazil,Religion,Culture (core),Religion + Culture (core),39171,13656,117,123.27144428035928,-0.07501774720358359,-0.3352229963476227,0.1356274396543541,0.11872065404610686,0.5147426286856571,0.008567662565905097,-1.5997155458469965,0.09714222053429321,-1.790114298094211,-1.409316793599782,6.25355182177491e-61,0.5735703576783037,3.484121729274593e-60,not distinguishable
Brazil,Religion,Culture (periphery),Religion + Culture (periphery),39171,13656,21,65.56999654902215,-1.6196586095453929,-2.306991138215872,-1.109292888231762,0.31257577117970875,0.0004997501249375312,0.0015377855887521968,-2.0274550627078938,0.21801661282765863,-2.454767623850105,-1.600142501565683,1.4104942933511073e-20,0.0010535272904088496,3.793743271771944e-20,dissociated
Brazil,Religion,Sport & Games,Religion + Sport & Games,39171,13656,26,20.43402042897296,0.34014294842002585,-0.2710041609047664,0.8079754973759652,0.27695568434407075,0.2158920539730135,0.001903925014645577,-3.297022732870223,0.1964727739618343,-3.682109369835418,-2.9119360959050278,3.357503311668599e-63,0.26729492396658816,2.0145019870011595e-62,not distinguishable
Brazil,Nobility,Kinship,Nobility + Kinship,39171,13656,36,8.869220092079093,1.961895598094694,1.4540599622272465,2.3560691796678306,0.2316847150534453,0.0004997501249375312,0.0026362038664323375,1.3816239452524166,0.17587875688303467,1.0369015817616687,1.7263463087431645,3.9802931385676196e-15,0.0010535272904088496,9.407965600250738e-15,associated
Brazil,Nobility,Big business,Nobility + Big business,39171,13656,15,8.93958799425474,0.7154724181320732,-0.11757815726926799,1.29125513734082,0.3596343319456489,0.05347326336831584,0.0010984182776801407,0.3405459203891877,0.260361991074667,-0.16976358211715964,0.850855422895535,0.19088316320964727,0.07448061683443993,0.21578096710655778,not distinguishable
Brazil,Nobility,Small business,Nobility + Small business,39171,13656,10,17.555525879664696,-0.7820511124968251,-1.9150036392875354,-0.10257215680059117,0.4625639539973073,0.07296351824087956,0.0007322788517867604,-0.6528192183166942,0.3130350609790328,-1.2663679378355983,-0.03927049879778999,0.03702839972775537,0.09812335211704491,0.046584115786530954,not distinguishable
Brazil,Nobility,Academia,Nobility + Academia,39171,13656,45,47.35267460820741,-0.07273301756423875,-0.5029034953407604,0.26936273107623726,0.20203242754062697,0.7071464267866067,0.003295254833040422,-0.3083061451633301,0.15642438371210776,-0.6148979372390613,-0.0017143530875988744,0.04872849380512154,0.7543255399327363,0.05847419256614584,not distinguishable
Brazil,Nobility,Exploration & Invention,Nobility + Exploration & Invention,39171,13656,3,5.7435842106223935,-0.8350195426691194,-3.6079571063191658,0.1917997537782993,0.8424688804873663,0.26436781609195403,0.0002196836555360281,-0.6816300298806018,0.5381814944735116,-1.7364657590486847,0.37320569928748093,0.20531872794147343,0.3172413793103448,0.22878372542049893,not distinguishable
Brazil,Nobility,Culture (core),Nobility + Culture (core),39171,13656,58,78.27693954937749,-0.42933674525539245,-0.7968449814152769,-0.12029819211143963,0.17114318019688743,0.013993003498250875,0.00424721734036321,-1.2125569579285034,0.13975591100455456,-1.4864785434974304,-0.9386353723595764,4.090392963625973e-18,0.020989505247376312,1.0291956489123416e-17,dissociated
Brazil,Nobility,Culture (periphery),Nobility + Culture (periphery),39171,13656,19,41.63672037822042,-1.1116039054578486,-1.8340679386809555,-0.5770623937670581,0.322507007413646,0.004497751124437781,0.0013913298183948447,-1.053867600709108,0.23168870046697984,-1.5079774536243884,-0.5997577477938274,5.399470310566781e-06,0.007159685463390753,8.595075188249161e-06,dissociated
Brazil,Nobility,Sport & Games,Nobility + Sport & Games,39171,13656,27,12.975532096725097,1.0290893780787715,0.41085400431366526,1.4835335318377258,0.27242579478352724,0.001999000499750125,0.001977152899824253,-2.165413226282184,0.19657255829491277,-2.5506954405402134,-1.7801310120241551,3.2050778463876986e-28,0.003543682704102494,1.0869394435575674e-27,associated
Brazil,Kinship,Big business,Kinship + Big business,39171,13656,19,19.75576211337133,-0.05485824278222712,-0.7499126330985139,0.4836151566218335,0.318259945072122,0.8615692153923038,0.0013913298183948447,0.06496731407289494,0.23179421026617159,-0.38934933804880134,0.5192839661945913,0.7792625851680315,0.8727584259818142,0.789382878481902,not distinguishable
Brazil,Kinship,Small business,Kinship + Small business,39171,13656,10,38.79628381942037,-1.9040035579057057,-3.111537987441185,-1.2028117095592104,0.4773237871673833,0.0024987506246876563,0.0007322788517867604,-1.163735349564571,0.3117170229411825,-1.7747007145292888,-0.5527699845998534,0.00018898200157410513,0.0042370119288182,0.0002729740022737074,dissociated
Brazil,Kinship,Academia,Kinship + Academia,39171,13656,28,104.64555811664256,-1.8833540801880033,-2.456445104956289,-1.4446359157953248,0.26250463785408723,0.0004997501249375312,0.002050380785002929,-1.3447362505710552,0.19136157934185027,-1.7198049460810818,-0.9696675550610286,2.1071796158637967e-12,0.0010535272904088496,4.565555834371559e-12,dissociated
Brazil,Kinship,Exploration & Invention,Kinship + Exploration & Invention,39171,13656,14,12.692853788798255,0.13629622787075193,-0.7454664493993819,0.7355969230963667,0.3702541814017924,0.7156421789105447,0.0010251903925014645,0.2693954270295724,0.26859196509391287,-0.25704482455449673,0.7958356786136416,0.31586501798674116,0.7543255399327363,0.33749960825980563,not distinguishable
Brazil,Kinship,Culture (core),Kinship + Culture (core),39171,13656,254,172.9856675379332,0.5528491763565189,0.40454231101575144,0.6855504320612982,0.07250503381898891,0.0004997501249375312,0.018599882835383715,0.0296997588525983,0.0766430179045245,-0.12052055624026974,0.17992007394546633,0.6983803927055783,0.0010535272904088496,0.7167588240925672,associated
Brazil,Kinship,Culture (periphery),Kinship + Culture (periphery),39171,13656,30,92.01376433698351,-1.6008587852604712,-2.1822545059867506,-1.1569575479637388,0.26063703664717186,0.0004997501249375312,0.0021968365553602814,-1.1084854144121197,0.1853496572150906,-1.4717707425536972,-0.7452000862705421,2.2244054132237662e-09,0.0010535272904088496,4.337590555786344e-09,dissociated
Brazil,Kinship,Sport & Games,Kinship + Sport & Games,39171,13656,93,28.674870202302376,1.68024012753933,1.393083395531006,1.9257519084559724,0.13630462371638022,0.0004997501249375312,0.006810193321616872,-1.374284179609126,0.11054576962017253,-1.5909538880646643,-1.1576144711535878,1.7560898689329455e-35,0.0010535272904088496,7.209211040882619e-35,associated
Brazil,Big business,Small business,Big business + Small business,39171,13656,59,39.104091391703044,0.5872401894889939,0.21605717017704001,0.90428890693898,0.1757297364074412,0.0029985007496251873,0.004320445225541886,0.549966763016339,0.1367238118810531,0.2819880917294749,0.817945434303203,5.759218752912743e-05,0.004976235286612013,8.80821691621949e-05,associated
Brazil,Big business,Academia,Big business + Academia,39171,13656,70,105.47581019294906,-0.5880398333219639,-0.9313705155116649,-0.28676237995142806,0.16136039147863654,0.0004997501249375312,0.005125951962507323,-0.4929458118031702,0.12506409920336967,-0.7380714462417748,-0.24782017736456566,8.095834254731092e-05,0.0010535272904088496,0.00012143751382096638,dissociated
Brazil,Big business,Exploration & Invention,Big business + Exploration & Invention,39171,13656,19,12.793558189463385,0.552746812045176,-0.22188234499196113,1.067154169302162,0.32809679071771625,0.08745627186406797,0.0013913298183948447,0.4693178171869584,0.2331338358201679,0.012375498979429356,0.9262601353944875,0.04410587326986743,0.11562015602368308,0.05375403304765093,not distinguishable
Brazil,Big business,Culture (core),Big business + Culture (core),39171,13656,133,174.3581262665163,-0.38934510274721323,-0.6308924650397071,-0.18942742443997612,0.11276402633904375,0.0014992503748125937,0.009739308728763914,-0.9604380998767248,0.09448146829552437,-1.1456217777359525,-0.7752544220174971,2.8307554135184846e-24,0.002719570447334472,8.492266240555454e-24,dissociated
Brazil,Big business,Culture (periphery),Big business + Culture (periphery),39171,13656,42,92.74379645936375,-1.133544904331773,-1.6041138947240183,-0.7585449666576121,0.21575825198818202,0.0004997501249375312,0.0030755711775043936,-0.8734518852295701,0.15804336505780153,-1.1832168807428611,-0.563686889716279,3.2638529550467235e-08,0.0010535272904088496,5.657345122080988e-08,dissociated
Brazil,Big business,Sport & Games,Big business + Sport & Games,39171,13656,90,28.902375038166923,1.6219850957263102,1.3365655862152659,1.8675597665006405,0.13797020548318192,0.0004997501249375312,0.006590509666080844,-1.5352734847859368,0.11140083676637569,-1.7536191248480333,-1.3169278447238404,3.292401039898204e-43,0.0010535272904088496,1.5106310653650583e-42,associated
Brazil,Small business,Academia,Small business + Academia,39171,13656,144,207.13295922708647,-0.5229659795790211,-0.7553284505532739,-0.3221810436435998,0.10967072533008324,0.0004997501249375312,0.01054481546572935,-0.32769833202276777,0.08869715020088409,-0.5015447464165006,-0.15385191762903497,0.0002202543068078827,0.0010535272904088496,0.0003123606532911791,dissociated
Brazil,Small business,Exploration & Invention,Small business + Exploration & Invention,39171,13656,96,25.1239365877336,1.9130368094284884,1.6496746010717636,2.158279317878463,0.12769995738544382,0.0004997501249375312,0.007029876977152899,1.687414386231659,0.11529111665354841,1.4614437975907042,1.913384974872614,1.6523706461871203e-48,0.0010535272904088496,8.055306900162211e-48,associated
Brazil,Small business,Culture (core),Small business + Culture (core),39171,13656,263,342.403766255097,-0.3800007882194902,-0.5368520947014306,-0.2245346301162171,0.07922476013649012,0.0004997501249375312,0.0192589338019918,-0.8333908622545043,0.0684266530073071,-0.9675071021488262,-0.6992746223601825,4.00553497839118e-34,0.0010535272904088496,1.5621586415725603e-33,dissociated
Brazil,Small business,Culture (periphery),Small business + Culture (periphery),39171,13656,141,182.12988338691886,-0.3681207970771467,-0.5964874694359237,-0.15257849689138223,0.11356026399937216,0.0014992503748125937,0.010325131810193322,-0.18199679418093664,0.08970320920861148,-0.3578150842298151,-0.0061785041320581435,0.04247080156760113,0.002719570447334472,0.05258289717893473,dissociated
Brazil,Small business,Sport & Games,Small business + Sport & Games,39171,13656,67,56.75836440028399,0.23740104218773175,-0.12066596445174475,0.5455972408587889,0.17059271527277242,0.1629185407296352,0.004906268306971295,-2.4857679550612604,0.12488540159788421,-2.7305433421931133,-2.2409925679294074,3.727892174048535e-88,0.20496203511147654,2.643414450688961e-87,not distinguishable
Brazil,Academia,Exploration & Invention,Academia + Exploration & Invention,39171,13656,70,67.76701548395361,0.04643457639084153,-0.2722993877136349,0.32706663733682867,0.15431633243165024,0.7536231884057971,0.005125951962507323,0.06656282216013748,0.12856688407298872,-0.1854282706229204,0.31855391494319535,0.6046472648986811,0.7734553775743707,0.6288331554946284,not distinguishable
Brazil,Academia,Culture (core),Academia + Culture (core),39171,13656,1264,923.5686950787027,0.45249502660483804,0.39456226242237713,0.5095542623462453,0.029150091648977507,0.0004997501249375312,0.09256004686584651,-0.25399510502636424,0.03478319187631129,-0.32217016110393437,-0.18582004894879411,2.8302250483184955e-13,0.0010535272904088496,6.30735867910979e-13,associated
Brazil,Academia,Culture (periphery),Academia + Culture (periphery),39171,13656,198,491.26053890766445,-1.3088169638277938,-1.5175663685369294,-1.1296966638361223,0.09871126856247017,0.0004997501249375312,0.014499121265377855,-1.090545313028694,0.07445416772209694,-1.236475481764004,-0.9446151442933839,1.403763725883588e-48,0.0010535272904088496,7.299571374594659e-48,dissociated
Brazil,Academia,Sport & Games,Academia + Sport & Games,39171,13656,94,153.0948363018815,-0.7007434805261885,-0.9724614525210039,-0.44294592147342116,0.13816512857658056,0.0004997501249375312,0.0068834212067955475,-3.421687202183534,0.1044928990368213,-3.6264932842957034,-3.2168811200713643,3.50232368618466e-235,0.0010535272904088496,5.463624950448069e-234,dissociated
Brazil,Exploration & Invention,Culture (core),Exploration & Invention + Culture (core),39171,13656,68,112.02312474150605,-0.7160456284479209,-1.063488064099237,-0.4252578134735063,0.16097471953689615,0.0004997501249375312,0.00497949619214997,-1.1569532920504217,0.12966539607759214,-1.4110974683625024,-0.9028091157383411,4.554410361583773e-19,0.0010535272904088496,1.1841466940117811e-18,dissociated
Brazil,Exploration & Invention,Culture (periphery),Exploration & Invention + Culture (periphery),39171,13656,9,59.58684061497248,-2.6610496479495915,-3.758457126340761,-1.9459207685829758,0.48015708363602905,0.0004997501249375312,0.0006590509666080844,-1.9086015665972869,0.32771750004301586,-2.550927866681598,-1.2662752665129757,5.748198333011077e-09,0.0010535272904088496,1.0426964418020093e-08,dissociated
Brazil,Exploration & Invention,Sport & Games,Exploration & Invention + Sport & Games,39171,13656,56,18.569449176560337,1.5669876957031539,1.185768246809558,1.8815279653533268,0.1792728804876515,0.0004997501249375312,0.004100761570005858,-1.5009585571272777,0.1409155647714229,-1.7771530640792665,-1.2247640501752888,1.716246090275625e-26,0.0010535272904088496,5.577799793395781e-26,associated
Brazil,Culture (core),Culture (periphery),Culture (core) + Culture (periphery),39171,13656,2168,812.0844667220708,1.4161077516601936,1.3729059868162707,1.4600798568259128,0.02186282519861077,0.0004997501249375312,0.15875805506736965,1.0181255644717133,0.03332987982841035,0.9527990000080291,1.0834521289353976,6.210863050284713e-205,0.0010535272904088496,6.920675970317252e-204,associated
Brazil,Culture (core),Sport & Games,Culture (core) + Sport & Games,39171,13656,262,253.07536154350882,0.04990284885439083,-0.09945408003220377,0.1828852828286956,0.07197859200599074,0.48075962018990503,0.019185705916813123,-3.736122491632302,0.06357566199735493,-3.8607307891471176,-3.611514194117486,0.0,0.5434673967364143,0.0,not distinguishable
Brazil,Culture (periphery),Sport & Games,Culture (periphery) + Sport & Games,39171,13656,130,134.61471697621974,-0.050135017774021504,-0.2836766049863278,0.15883817270742814,0.11572957267748339,0.665167416291854,0.009519625073227886,-2.9071421104590214,0.08963683328481481,-3.0828303036972584,-2.7314539172207843,9.576880194450565e-231,0.7205980343161752,1.2449944252785734e-229,not distinguishable
Austria,Politics,Administration & Law,Politics + Administration & Law,37593,13251,873,280.1400067618012,1.6380870154861435,1.5672680253849518,1.708309718321862,0.03505990685301996,0.0004997501249375312,0.06588182023998189,1.2105710906289733,0.04671173816058556,1.1190160838342256,1.302126097423721,4.422309560677835e-148,0.0009281073748839865,4.311751821660889e-147,associated
Austria,Politics,Military,Politics + Military,37593,13251,320,161.78485589172547,0.9817959801823868,0.8482159225445117,1.1041682594467357,0.06524942054866731,0.0004997501249375312,0.024149120821070107,0.1944882007594921,0.06483165249755103,0.06741816186429209,0.3215582396546921,0.0027007199792076515,0.0009281073748839865,0.0030529878025825625,associated
Austria,Politics,Religion,Politics + Religion,37593,13251,99,149.3900966532483,-0.5911366357641499,-0.8626067080212921,-0.3480375590909189,0.13343254929488255,0.0004997501249375312,0.007471134254018565,-1.1529726653096535,0.10492925511386998,-1.3586340053328387,-0.9473113252864683,4.360300811335941e-28,0.0009281073748839865,1.1727705630489771e-27,dissociated
Austria,Politics,Nobility,Politics + Nobility,37593,13251,106,115.20978575658216,-0.11965745011780544,-0.3891890468249528,0.10224214361771422,0.1262173761122288,0.3363318340829585,0.007999396271979473,-0.5458197221266702,0.10433722454777386,-0.750320682240307,-0.3413187620130334,1.6831859631226958e-07,0.34069977998013984,2.3444375914923262e-07,not distinguishable
Austria,Politics,Kinship,Politics + Kinship,37593,13251,75,104.84632055723982,-0.48059137631322457,-0.7934771611196043,-0.1946954792607975,0.1536273222272814,0.005497251374312844,0.005659950192438306,-0.6794759027981797,0.12267796921950994,-0.9199247224684192,-0.43902708312794025,3.04733133981363e-08,0.007392855296489686,4.753836890109262e-08,dissociated
Austria,Politics,Big business,Politics + Big business,37593,13251,389,177.41864422492696,1.13040562869105,1.0148132356329695,1.2412580796633188,0.0568293315140746,0.0004997501249375312,0.02935627499811335,0.46328568526173586,0.060904089339681326,0.34391367015596047,0.5826577003675113,2.8094922550735586e-14,0.0009281073748839865,4.9804635430849445e-14,associated
Austria,Politics,Small business,Politics + Small business,37593,13251,916,375.4814032220382,1.2854735756251483,1.2167873850530035,1.352558861117161,0.03400546049630261,0.0004997501249375312,0.06912685835031318,0.9942835003194932,0.044005117937594256,0.9080334691618085,1.080533531477178,4.8835825399238983e-113,0.0009281073748839865,3.462903982855128e-112,associated
Austria,Politics,Academia,Politics + Academia,37593,13251,629,853.1269178736534,-0.4393992922088304,-0.5369897059640313,-0.34857740759337225,0.04809130739900733,0.0004997501249375312,0.04746811561391593,-1.275806031634585,0.0437416182017134,-1.3615396033099432,-1.1900724599592267,5.105420344512153e-187,0.0009281073748839865,6.637046447865799e-186,dissociated
Austria,Politics,Exploration & Invention,Politics + Exploration & Invention,37593,13251,48,93.40459378243035,-0.9532109884815502,-1.3815691382881892,-0.6112191382434892,0.19674264402349656,0.0004997501249375312,0.003622368123160516,-1.1650218799407484,0.14953714497585766,-1.4581146840934294,-0.8719290757880673,6.655843576096616e-15,0.0009281073748839865,1.2073390672919443e-14,dissociated
Austria,Politics,Culture (core),Politics + Culture (core),37593,13251,267,1101.5771137984207,-2.0426143781013963,-2.2021273727502346,-1.895769854017812,0.07959218602460738,0.0004997501249375312,0.02014942268508037,-3.0870466829229533,0.06335391306681497,-3.2112203525339105,-2.962873013311996,0.0,0.0009281073748839865,0.0,dissociated
Austria,Politics,Culture (periphery),Politics + Culture (periphery),37593,13251,216,479.6815531870327,-1.1492129566322165,-1.343739797989275,-0.9741276687271547,0.09438344761757672,0.0004997501249375312,0.016300656554222324,-1.4259790932759797,0.0713420243785874,-1.565809461058011,-1.2861487254939483,7.01517806577451e-89,0.0009281073748839865,3.908456350931512e-88,dissociated
Austria,Politics,Sport & Games,Politics + Sport & Games,37593,13251,67,112.9387083485844,-0.7489536034948775,-1.101169821565394,-0.4524624504940312,0.1673123806508285,0.0009995002498750624,0.0050562221719115535,-3.387836427791355,0.12307592628782227,-3.6290652433154866,-3.146607612267223,8.484810520878727e-167,0.0016241879060469764,9.454503151836295e-166,dissociated
Austria,Administration & Law,Military,Administration & Law + Military,37593,13251,72,61.97396380016096,0.2147259273112559,-0.14422804197160655,0.4992622430383228,0.16359873398615118,0.19290354822588707,0.005433552184740774,-0.07808825229690809,0.12274523520127852,-0.318668913291414,0.1624924086975978,0.5246581061219971,0.20665009960773037,0.5246581061219971,not distinguishable
Austria,Administration & Law,Religion,Administration & Law + Religion,37593,13251,12,57.22597699927534,-2.207292590610193,-3.2078075688907477,-1.5429260845186556,0.4241524149335309,0.0004997501249375312,0.000905592030790129,-1.8703787991345406,0.2850529716383361,-2.4290826235456793,-1.311674974723402,5.3264505531160106e-11,0.0009281073748839865,8.839641343469123e-11,dissociated
Austria,Administration & Law,Nobility,Administration & Law + Nobility,37593,13251,56,44.132728323355394,0.3401488687295079,-0.0677260185866701,0.6583592119688352,0.18318459158036365,0.06346826586706647,0.004226096143687269,0.19864325562106436,0.13953492303427534,-0.07484519352611532,0.47213170476824406,0.1545595160330588,0.07280183437692918,0.1586268717181393,not distinguishable
Austria,Administration & Law,Kinship,Administration & Law + Kinship,37593,13251,12,40.16285726485467,-1.7017834979885094,-2.752760468026276,-1.0771759982510307,0.42366160737011715,0.0029985007496251873,0.000905592030790129,-1.1519115432696632,0.2863545048590878,-1.7131663727934754,-0.590656713745851,5.754049942685018e-05,0.004331167749458604,7.357637631630023e-05,dissociated
Austria,Administration & Law,Big business,Administration & Law + Big business,37593,13251,48,67.96270623764619,-0.49733357394756567,-0.9520910583110724,-0.14842006542718603,0.20125584229297241,0.01899050474762619,0.003622368123160516,-0.5127067229785389,0.14788968360709076,-0.8025705028484368,-0.22284294310864106,0.000526656954838252,0.024687656171914044,0.0006224127648088432,dissociated
Austria,Administration & Law,Small business,Administration & Law + Small business,37593,13251,39,143.83343090214657,-1.8694809410847852,-2.376548011534824,-1.4876284865284186,0.2296757752273706,0.0004997501249375312,0.0029431741000679195,-1.3094240068432306,0.1620449877490676,-1.6270321828314032,-0.9918158308550581,6.443818933641594e-16,0.0009281073748839865,1.3226786232211692e-15,dissociated
Austria,Administration & Law,Academia,Administration & Law + Academia,37593,13251,348,326.80226115001176,0.09053508689574405,-0.04228367991945204,0.2171401264231941,0.06700478892415523,0.1714142928535732,0.026262168892913742,-0.341955553569735,0.060149490498771954,-0.459848554947328,-0.224062552192142,1.3074014241073908e-08,0.1883142935574466,2.0811696138852345e-08,not distinguishable
Austria,Administration & Law,Exploration & Invention,Administration & Law + Exploration & Invention,37593,13251,8,35.77994294914188,-2.093637440841529,-3.3883281880396128,-1.3298435434595446,0.5367964904714978,0.0034982508745627187,0.0006037280205267527,-1.5410394229614335,0.3458942264902929,-2.2189921068824074,-0.8630867390404594,8.380207421664227e-06,0.00487256371814093,1.1269934118789823e-05,dissociated
Austria,Administration & Law,Culture (core),Administration & Law + Culture (core),37593,13251,166,421.97460199438086,-1.3433424358660282,-1.5563879201160788,-1.138446417106927,0.10678537384900648,0.0004997501249375312,0.01252735642593012,-1.9830078238550135,0.08157216333272192,-2.1428892639871484,-1.8231263837228786,1.5419856830929769e-130,0.0009281073748839865,1.202748832812522e-129,dissociated
Austria,Administration & Law,Culture (periphery),Administration & Law + Culture (periphery),37593,13251,43,183.74876343626045,-2.0825676308020467,-2.529611764608239,-1.6958510143782277,0.21200958565519143,0.0004997501249375312,0.0032450381103312958,-1.6487200590274393,0.15425757550227504,-1.9510649070118984,-1.3463752110429803,1.1571991284150221e-26,0.0009281073748839865,3.0087177338790576e-26,dissociated
Austria,Administration & Law,Sport & Games,Administration & Law + Sport & Games,37593,13251,30,43.26276019009073,-0.5208944915009679,-1.0830098277881957,-0.09361560400997211,0.2624330560819405,0.046476761619190406,0.0022639800769753225,-2.716574618054029,0.1829403114830929,-3.075137628560891,-2.3580116075471667,7.007538444775307e-50,0.05492708191358866,2.4844909031476088e-49,not distinguishable
Austria,Military,Religion,Military + Religion,37593,13251,22,33.04881922831945,-0.576336989322182,-1.2844836700649553,-0.07430947368731024,0.3047489747389442,0.05847076461769116,0.0016602520564485699,-0.8812541796815339,0.21430758155859178,-1.3012970395363737,-0.461211319826694,3.920766035949944e-05,0.06807044239074493,5.1833856068490784e-05,not distinguishable
Austria,Military,Nobility,Military + Nobility,37593,13251,202,25.48728107218817,2.962044303621041,2.8027340578649795,3.114233212901856,0.07975040235724903,0.0004997501249375312,0.015244132518300505,2.1881883994188938,0.08544430014501618,2.020717571134662,2.3556592277031254,1.1947723225477408e-144,0.0009281073748839865,1.035469346208042e-143,associated
Austria,Military,Kinship,Military + Kinship,37593,13251,17,23.19462382364895,-0.4372048348376129,-1.2776985363525344,0.12810105749957085,0.3546402792189752,0.1934032983508246,0.0012829220436193494,-0.418119290948833,0.24366561193082298,-0.895703890333246,0.059465308435580067,0.08617022952294799,0.20665009960773037,0.09082807976743167,not distinguishable
Austria,Military,Big business,Military + Big business,37593,13251,10,39.2494337448147,-1.9205449805718455,-3.0524095855917555,-1.2325875221470046,0.4582553631156281,0.0014992503748125937,0.0007546600256584409,-1.7037993783288037,0.31093295275651356,-2.31322796573157,-1.0943707909260372,4.262019188219737e-08,0.0022488755622188904,6.393028782329607e-08,dissociated
Austria,Military,Small business,Military + Small business,37593,13251,42,83.06586110245375,-0.9754508417590784,-1.4475544343493172,-0.5969836261547001,0.2188415241552085,0.0004997501249375312,0.003169572107765452,-0.8396014790778062,0.15715729106233153,-1.147629769559976,-0.5315731885956365,9.170990918378616e-08,0.0009281073748839865,1.3006132575155127e-07,dissociated
Austria,Military,Academia,Military + Academia,37593,13251,112,188.73297440233392,-0.7502385029945181,-1.016371587422675,-0.5140499072637347,0.1256532930942638,0.0004997501249375312,0.008452192287374538,-1.2258695875046512,0.09903954579394719,-1.4199870972607878,-1.0317520777485147,3.4562088216782877e-35,0.0009281073748839865,1.0368626465034863e-34,dissociated
Austria,Military,Exploration & Invention,Military + Exploration & Invention,37593,13251,41,20.66342819347142,0.9715379926976578,0.5022463002014995,1.3604736042152263,0.2139043087517657,0.0009995002498750624,0.0030941061051996074,0.5044337768334591,0.1624848903121566,0.18596339182163218,0.8229041618452861,0.0019060316872233233,0.0016241879060469764,0.0021863304647561648,associated
Austria,Military,Culture (core),Military + Culture (core),37593,13251,107,243.696360840304,-1.18370504076952,-1.4492746152615048,-0.9415429288929383,0.13117219258479884,0.0004997501249375312,0.008074862274545317,-2.03926174968025,0.1008863751577349,-2.2369990449894104,-1.8415244543710898,7.454968779195377e-91,0.0009281073748839865,4.845729706476995e-90,dissociated
Austria,Military,Culture (periphery),Military + Culture (periphery),37593,13251,24,106.11753585804408,-2.1215910897117007,-2.808326452861775,-1.6241699510193124,0.3012317420455602,0.0004997501249375312,0.001811184061580258,-1.8476112673914138,0.2045429369818859,-2.24851542387591,-1.4467071109069174,1.6721601029911636e-19,0.0009281073748839865,3.836132000979728e-19,dissociated
Austria,Military,Sport & Games,Military + Sport & Games,37593,13251,43,24.98486204715298,0.7713748571913721,0.3174264462244289,1.1472049760417817,0.21386152242681927,0.0009995002498750624,0.0032450381103312958,-1.955969532482215,0.15458973110915084,-2.2589654054561508,-1.6529736595082793,1.0816593679410369e-36,0.0016241879060469764,3.3747772279760353e-36,associated
Austria,Religion,Nobility,Religion + Nobility,37593,13251,39,23.5346340781791,0.7167378143496103,0.22038010172662317,1.0971372910672115,0.2242504509771598,0.0034982508745627187,0.0029431741000679195,0.24440025511907887,0.1652620380725579,-0.0795133395031346,0.5683138497412923,0.13917638119606507,0.00487256371814093,0.14474343644390766,associated
Austria,Religion,Kinship,Religion + Kinship,37593,13251,16,21.417623273525894,-0.40962533781439664,-1.184221445871014,0.1684663801617915,0.355605393351747,0.23888055972013994,0.0012074560410535054,-0.4385755403350558,0.2507222987840431,-0.9299912459517803,0.05284016528166868,0.08024811843970063,0.25179302240771506,0.08574456490817327,not distinguishable
Austria,Religion,Big business,Religion + Big business,37593,13251,6,36.242432385929035,-2.498935514217819,-3.9200545244284775,-1.6546321133148225,0.6225136704254453,0.0024987506246876563,0.0004527960153950645,-2.1487645920751337,0.3940954691874407,-2.9211917116825177,-1.37633747246775,4.969561380265862e-08,0.0036774065797290038,7.313694106806362e-08,dissociated
Austria,Religion,Small business,Religion + Small business,37593,13251,16,76.70196910757663,-2.226171620761987,-3.0362901001767204,-1.6393692782727407,0.3585287507867387,0.0004997501249375312,0.0012074560410535054,-1.7752146881275972,0.24856696955664798,-2.2624059484586274,-1.2880234277965672,9.211897957178014e-13,0.0009281073748839865,1.596728979244189e-12,dissociated
Austria,Religion,Academia,Religion + Academia,37593,13251,442,174.27364960839785,1.3401897671816383,1.244406194005061,1.4330229586113885,0.04804214514492737,0.0004997501249375312,0.03335597313410309,0.5445617808506845,0.05915735352086815,0.42861336794978294,0.660510193751586,3.406862513275962e-20,0.0009281073748839865,8.052584122288636e-20,associated
Austria,Religion,Exploration & Invention,Religion + Exploration & Invention,37593,13251,4,19.080349134013307,-2.1214095830760824,-3.8121249759506926,-1.2003972208064069,0.7845215828485638,0.022488755622188907,0.00030186401026337635,-1.7602458532383654,0.47376329642244464,-2.6888219142263567,-0.8316697922503739,0.00020283896505349092,0.02875611374640549,0.00025113395673289355,dissociated
Austria,Religion,Culture (core),Religion + Culture (core),37593,13251,225,225.0261478388465,-0.000167277917951437,-0.16828581835507786,0.14263058785141022,0.07927297175459173,0.9980009995002499,0.01697985057731492,-1.14232913397446,0.07365161202489423,-1.2866862935432526,-0.9979719744056672,2.9734181088845445e-54,0.9980009995002499,1.1044124404428308e-53,not distinguishable
Austria,Religion,Culture (periphery),Religion + Culture (periphery),37593,13251,40,97.9875950135117,-1.2820201136324227,-1.7345371224036505,-0.8798662565709985,0.2171053755009611,0.0004997501249375312,0.0030186401026337634,-1.287122434487195,0.16047297564852078,-1.6016494667582957,-0.9725954022160943,1.0505444770350023e-15,0.0009281073748839865,2.0485617302182545e-15,dissociated
Austria,Religion,Sport & Games,Religion + Sport & Games,37593,13251,16,23.07070668338839,-0.5145289888194202,-1.3086279544996424,0.03587305662404796,0.34897869013031774,0.12543728135932034,0.0012074560410535054,-2.908811266944551,0.2480510392738083,-3.3949913039212154,-2.4226312299678865,9.30539468955095e-32,0.13977297065752836,2.6882251325369416e-31,not distinguishable
Austria,Nobility,Kinship,Nobility + Kinship,37593,13251,198,16.517291601233147,3.5440656600845486,3.376785181189006,3.68720973346907,0.07892173900539864,0.0004997501249375312,0.01494226850803713,3.097891118244389,0.09281936465076278,2.915965163528894,3.2798170729598843,3.1106273514985316e-244,0.0009281073748839865,8.087631113896183e-243,associated
Austria,Nobility,Big business,Nobility + Big business,37593,13251,19,27.950198600996146,-0.5449645995472069,-1.2783247755939011,-0.03752009249278663,0.3277852350376563,0.08745627186406797,0.0014338540487510377,-0.5439077308023578,0.2306670306245184,-0.9960151108264138,-0.09180035077830173,0.01837479320368606,0.09886361167242468,0.020186392533626942,not distinguishable
Austria,Nobility,Small business,Nobility + Small business,37593,13251,14,59.152632108560475,-2.0405328964596645,-2.9857576832832318,-1.4137278488167526,0.3996158785972021,0.0009995002498750624,0.0010565240359218173,-1.4214614556956664,0.2656800335977353,-1.9421943215472277,-0.9007285898441052,8.782028725074859e-08,0.0016241879060469764,1.2685152602885908e-07,dissociated
Austria,Nobility,Academia,Nobility + Academia,37593,13251,21,134.4000056510079,-2.6494818437938026,-3.3060816339097205,-2.125079430456313,0.3067535897319887,0.0004997501249375312,0.001584786053882726,-2.4294272634159775,0.2187635597954149,-2.8582038406149906,-2.0006506862169644,1.1826625102518407e-28,0.0009281073748839865,3.2945598499872704e-28,dissociated
Austria,Nobility,Exploration & Invention,Nobility + Exploration & Invention,37593,13251,2,14.714783544138387,-2.605473809237362,-4.990396196334184,-1.4421920627641278,1.0076239288275854,0.0004997501249375312,0.00015093200513168818,-1.8731466077654308,0.6345521313994363,-3.116868785308326,-0.6294244302225356,0.003158055766037443,0.0009281073748839865,0.0035189764250131506,dissociated
Austria,Nobility,Culture (core),Nobility + Culture (core),37593,13251,58,173.54038094183653,-1.572913549975419,-1.965137489771193,-1.2528037064282544,0.18373128910719866,0.0004997501249375312,0.004377028148818957,-2.1338626364993054,0.1358455966602316,-2.4001200059533594,-1.8676052670452514,1.3331886837693835e-55,0.0009281073748839865,5.199435866700596e-55,dissociated
Austria,Nobility,Culture (periphery),Nobility + Culture (periphery),37593,13251,8,75.56812721336406,-3.161757340173666,-4.466669366654187,-2.409299157211274,0.5415396350763453,0.0014992503748125937,0.0006037280205267527,-2.3987352595067954,0.34514407617197246,-3.0752176488038616,-1.7222528702097293,3.654067904191002e-12,0.0022488755622188904,6.196028185367351e-12,dissociated
Austria,Nobility,Sport & Games,Nobility + Sport & Games,37593,13251,5,17.79215111170042,-1.7337212186794757,-3.5868727266131226,-0.8305545175227411,0.6934432218830399,0.04097951024487756,0.00037733001282922043,-3.5340735989355054,0.4279835185411321,-4.372921295276124,-2.6952259025948866,1.4875609265160434e-16,0.04917541229385307,3.223048674118094e-16,dissociated
Austria,Kinship,Big business,Kinship + Big business,37593,13251,20,25.43599454607209,-0.33933178286153903,-1.0118217964307272,0.163317092941609,0.30760655206301346,0.26036981509245377,0.0015093200513168817,-0.2554109732866103,0.22587001600533668,-0.6981162046570701,0.18729425808384959,0.25814457487068143,0.2707846076961519,0.26149710181705393,not distinguishable
Austria,Kinship,Small business,Kinship + Small business,37593,13251,18,53.83167573075953,-1.554268273436326,-2.358250429830438,-1.0077678241730892,0.34483796968197755,0.0009995002498750624,0.0013583880461851936,-0.9352574097000342,0.23661921988896809,-1.3990310806824118,-0.4714837387176568,7.731168456354405e-05,0.0016241879060469764,9.726308703155542e-05,dissociated
Austria,Kinship,Academia,Kinship + Academia,37593,13251,60,122.31032271124026,-1.021424782739236,-1.4110907421829413,-0.7033268469129931,0.1784823680313131,0.0004997501249375312,0.004527960153950645,-1.0903999259767945,0.13519971461870503,-1.3553913666294564,-0.8254084853241326,7.317280935450901e-16,0.0009281073748839865,1.4634561870901803e-15,dissociated
Austria,Kinship,Exploration & Invention,Kinship + Exploration & Invention,37593,13251,4,13.391144704138018,-1.6261685834005568,-3.265590360613974,-0.6502612493519643,0.7472942755426064,0.028985507246376812,0.00030186401026337635,-1.048430907280155,0.47453386794821084,-1.9785172884586482,-0.1183445261016618,0.027147449131496873,0.035326086956521736,0.029409736559121616,dissociated
Austria,Kinship,Culture (core),Kinship + Culture (core),37593,13251,133,157.92990404735463,-0.24700493156620837,-0.4809611990184475,-0.05061281243794515,0.10904053145638873,0.022988505747126436,0.010036978341257264,-0.921613353484287,0.09700219795368632,-1.1117376614735122,-0.7314890454950618,2.0797750212091294e-21,0.0289210233592881,5.069451614197253e-21,dissociated
Austria,Kinship,Culture (periphery),Kinship + Culture (periphery),37593,13251,27,68.77054789827163,-1.3328104662972777,-1.977157808730886,-0.8694604520304621,0.27670493002535407,0.0004997501249375312,0.0020375820692777906,-0.9572050998415893,0.19540891494781354,-1.3402065731393038,-0.5742036265438748,9.65847951163045e-07,0.0009281073748839865,1.3216866700125879e-06,dissociated
Austria,Kinship,Sport & Games,Kinship + Sport & Games,37593,13251,84,16.191693844492864,2.339820977044556,2.060534222035076,2.5905365726513003,0.13547370325136893,0.0004997501249375312,0.006339144215530904,-0.43159693839091234,0.11694885002032901,-0.6608166844307573,-0.2023771923510675,0.00022383470115598214,0.0009281073748839865,0.00026860164138717854,associated
Austria,Big business,Small business,Big business + Small business,37593,13251,122,91.09278106991961,0.4194759480313858,0.16755659423080924,0.6413795502555862,0.12215124477983386,0.0014992503748125937,0.00920685231303298,0.31244192958840983,0.09689782409507733,0.12252219436205827,0.5023616648147614,0.0012621607455973014,0.0022488755622188904,0.0014693811665162614,associated
Austria,Big business,Academia,Big business + Academia,37593,13251,87,206.97084566066926,-1.2455536974097556,-1.548373709752572,-0.9834198774281824,0.1443680460093592,0.0004997501249375312,0.0065655422232284355,-1.5023469270217449,0.11105072075904497,-1.7200063397094731,-1.2846875143340166,1.0620364661396473e-41,0.0009281073748839865,3.4516185149538535e-41,dissociated
Austria,Big business,Exploration & Invention,Big business + Exploration & Invention,37593,13251,59,22.66020138237385,1.3612418705300056,1.0075076593775105,1.6725986018914096,0.1720818269057164,0.0004997501249375312,0.004452494151384801,0.9044107609469898,0.13843520834042222,0.6330777525997622,1.1757437692942174,6.442302602068303e-11,0.0009281073748839865,1.0468741728360991e-10,associated
Austria,Big business,Culture (core),Big business + Culture (core),37593,13251,162,267.2455200119052,-0.7204227174854951,-0.9353238773985345,-0.5337201210430595,0.10251042034217825,0.0004997501249375312,0.012225492415666742,-1.5795160712202123,0.08402945127822611,-1.7442137957255355,-1.4148183467148892,7.965115821787174e-79,0.0009281073748839865,3.8829939631212473e-78,dissociated
Austria,Big business,Culture (periphery),Big business + Culture (periphery),37593,13251,76,116.37201292205233,-0.6113978393754989,-0.9533741224512282,-0.32950649776412627,0.15986499915505217,0.0004997501249375312,0.005735416195004151,-0.657380443521391,0.11884134077024176,-0.8903094714310649,-0.4244514156117172,3.173581521286483e-08,0.0009281073748839865,4.8537129149087385e-08,dissociated
Austria,Big business,Sport & Games,Big business + Sport & Games,37593,13251,108,27.399229217840716,1.9593978728130315,1.7137269133991533,2.1792085672591197,0.11850880456173017,0.0004997501249375312,0.008150328277111162,-0.9840520505233354,0.1008043827255291,-1.1816286406653724,-0.7864754603812985,1.638960995579806e-22,0.0009281073748839865,4.123837343716931e-22,associated
Austria,Small business,Academia,Small business + Academia,37593,13251,374,438.0244471725107,-0.22769155461632018,-0.3536080879127262,-0.11217200398183136,0.06330026040553738,0.0009995002498750624,0.02822428495962569,-0.4744853509546889,0.05758517226503235,-0.5873522885941523,-0.3616184133152255,1.7262277114894793e-16,0.0016241879060469764,3.6390746350318755e-16,dissociated
Austria,Small business,Exploration & Invention,Small business + Exploration & Invention,37593,13251,68,47.95710309656553,0.4993958291184699,0.1375127377128021,0.7903847990052797,0.16553119608661218,0.004997501249375313,0.0051316881744773975,0.4786268168183501,0.12911300582936927,0.22556532539278634,0.7316883082439138,0.0002096975013260162,0.006838685920197796,0.00025556882974108223,associated
Austria,Small business,Culture (core),Small business + Culture (core),37593,13251,479,565.5872487203636,-0.23949361165743535,-0.34840781313211894,-0.13232777536623855,0.055252766982326645,0.0004997501249375312,0.03614821522903932,-0.9471074582849821,0.052096688327370515,-1.0492169674066283,-0.8449979491633359,7.460317398792975e-74,0.0009281073748839865,3.422969159446189e-73,dissociated
Austria,Small business,Culture (periphery),Small business + Culture (periphery),37593,13251,110,246.28486424656288,-1.1592075445382133,-1.4278181760801487,-0.9286630799952221,0.12974171295135525,0.0004997501249375312,0.00830126028224285,-0.8577178947428524,0.09895988346911527,-1.0516792663423185,-0.6637565231433865,4.423742551114695e-18,0.0009281073748839865,9.858626256769891e-18,dissociated
Austria,Small business,Sport & Games,Small business + Sport & Games,37593,13251,41,57.98658353444723,-0.4949943807457349,-0.9693637476367987,-0.11415726417377288,0.22134110076960894,0.026486756621689155,0.0030941061051996074,-2.5927048941632957,0.15715936316223064,-2.9007372459612677,-2.284672542365324,3.836789728318067e-61,0.03279312724590086,1.5751031516253116e-60,dissociated
Austria,Academia,Exploration & Invention,Academia + Exploration & Invention,37593,13251,236,108.96277473089151,1.1113998511067036,0.9735010309422026,1.2402070561467278,0.06975205497491102,0.0004997501249375312,0.017809976605539204,0.6365856939002231,0.08134393959303483,0.47715157229787486,0.7960198155025714,5.042272187298182e-15,0.0009281073748839865,9.36421977641091e-15,associated
Austria,Academia,Culture (core),Academia + Culture (core),37593,13251,1827,1285.0641926575252,0.5074697554643659,0.464650880080757,0.5487036905699767,0.021732779371656793,0.0004997501249375312,0.13787638668779714,-0.9274436358643404,0.02902311362162211,-0.9843289385627197,-0.8705583331659611,4.5534545966061e-224,0.0009281073748839865,8.879236463381895e-223,associated
Austria,Academia,Culture (periphery),Academia + Culture (periphery),37593,13251,321,559.5809681933913,-0.8008166681298159,-0.9484037038349662,-0.6663851223958586,0.07191259833859309,0.0004997501249375312,0.02422458682363595,-1.151181908199489,0.05979919591210384,-1.2683883321872125,-1.0339754842117654,1.3902018805957425e-82,0.0009281073748839865,7.229049779097861e-82,dissociated
Austria,Academia,Sport & Games,Academia + Sport & Games,37593,13251,73,131.75064028274238,-0.8474585520073484,-1.1926089353669052,-0.5683141144511235,0.1559713231298348,0.0004997501249375312,0.005509018187306618,-3.472240558939518,0.11799853223281549,-3.7035176821158364,-3.2409634357631996,2.5438432858686956e-190,0.0009281073748839865,3.968395525955165e-189,dissociated
Austria,Exploration & Invention,Culture (core),Exploration & Invention + Culture (core),37593,13251,52,140.69524285869423,-1.4273021543452804,-1.8286819514183033,-1.0666118211918252,0.19092320790897194,0.0004997501249375312,0.003924232133423892,-1.9957179087961645,0.1440268792431529,-2.2780105921127443,-1.7134252254795848,1.1609753478902843e-43,0.0009281073748839865,3.937220745019225e-43,dissociated
Austria,Exploration & Invention,Culture (periphery),Exploration & Invention + Culture (periphery),37593,13251,34,61.26571782866136,-0.8402099512919684,-1.3801854775579783,-0.43312985136788,0.23864576774941557,0.0014992503748125937,0.0025658440872386988,-0.7129349961641147,0.17558564408951272,-1.0570828585795597,-0.3687871337486698,4.900419756333245e-05,0.0022488755622188904,6.370545683233218e-05,dissociated
Austria,Exploration & Invention,Sport & Games,Exploration & Invention + Sport & Games,37593,13251,37,14.42471779797619,1.3291869428661334,0.8154670494831103,1.7121545588530087,0.22610133202185387,0.0004997501249375312,0.002792242094936231,-1.3229853962938225,0.1685103557197302,-1.6532656935044936,-0.9927050990831514,4.125260988731554e-15,0.0009281073748839865,7.848057490757591e-15,associated
Austria,Culture (core),Culture (periphery),Culture (core) + Culture (periphery),37593,13251,1841,722.5438266739732,1.3487263945905428,1.3055847508008176,1.388737785603379,0.02130858660343206,0.0004997501249375312,0.13893291072371897,0.6025361801827845,0.03503680342282602,0.5338640454740455,0.6712083148915235,2.7850293790576044e-66,0.0009281073748839865,1.206846064258295e-65,associated
Austria,Culture (core),Sport & Games,Culture (core) + Sport & Games,37593,13251,158,170.11945939472903,-0.10629935711962696,-0.31277709247080315,0.07116604998780632,0.1002685420178917,0.2943528235882059,0.011923628405403366,-3.502766516810164,0.08120488883783016,-3.661928098932311,-3.343604934688017,0.0,0.3020989505247376,0.0,not distinguishable
Austria,Culture (periphery),Sport & Games,Culture (periphery) + Sport & Games,37593,13251,52,74.07848754992804,-0.5064421168060608,-0.92787120347473,-0.16275385835989495,0.19462150044108734,0.009495252373813094,0.003924232133423892,-2.7977002194685507,0.1396963754039464,-3.0715051152602855,-2.523895323676816,3.203447184922303e-89,0.012553045511142735,1.9220683109533816e-88,dissociated
Australia,Politics,Administration & Law,Politics + Administration & Law,55526,14127,909,396.3697275690807,1.1964081172412053,1.1300976913053846,1.263989940604754,0.03389604331023868,0.0004997501249375312,0.06434487152261627,1.030395014883095,0.043103047890536664,0.9459130410176431,1.1148769887485468,2.6921355886525885e-126,0.0008662335498917208,1.615281353191553e-125,associated
Australia,Politics,Military,Politics + Military,55526,14127,299,252.79050297775476,0.24176301820113474,0.0975284918468764,0.37586554522935334,0.07126777514792168,0.0009995002498750624,0.021165144758264316,0.06111606655484686,0.06502920528343029,-0.0663411758006765,0.18857330891037022,0.34730738272038675,0.0016241879060469764,0.39260834568391545,associated
Australia,Politics,Religion,Politics + Religion,55526,14127,208,150.82222743921795,0.4624234657712396,0.2887752780788078,0.6120997051319766,0.08150110982821478,0.0004997501249375312,0.014723578962270828,0.022709506777353054,0.07731630399928174,-0.12883044906123917,0.1742494626159453,0.7689702693981961,0.0008662335498917208,0.7892063291192013,associated
Australia,Politics,Nobility,Politics + Nobility,55526,14127,43,74.26984864034927,-0.7814412115777926,-1.2379059162497916,-0.41084588096290825,0.20957780664576675,0.0014992503748125937,0.0030438168047002196,-0.5421793600465769,0.16124112501113472,-0.8582119650684009,-0.2261467550247528,0.0007722958259884342,0.0022929711614780844,0.0013386460983799526,dissociated
Australia,Politics,Kinship,Politics + Kinship,55526,14127,155,213.32094837634472,-0.45948862274071317,-0.6797317760496842,-0.26541541021253656,0.10548564220573091,0.0004997501249375312,0.010971897784384512,-0.2531928149808115,0.08738339894486764,-0.424464276912752,-0.08192135304887091,0.0037615774520016157,0.0008662335498917208,0.006378326983828827,dissociated
Australia,Politics,Big business,Politics + Big business,55526,14127,476,320.61548286054904,0.5693839866061835,0.4666007688029044,0.6698124281117549,0.05125629868378418,0.0004997501249375312,0.03369434416365824,0.4582850171243526,0.05412577671897371,0.3521984947551641,0.564371539493541,2.517116363877565e-17,0.0008662335498917208,8.180628182602087e-17,associated
Australia,Politics,Small business,Politics + Small business,55526,14127,956,409.98653200815215,1.2204300803656205,1.1582401259031565,1.2833878633053655,0.031577680926560533,0.0004997501249375312,0.06767183407659093,1.4273838733604496,0.045265942825655436,1.338662625422165,1.5161051212987342,3.039467796711139e-218,0.0008662335498917208,2.6342054238163205e-217,associated
Australia,Politics,Academia,Politics + Academia,55526,14127,626,632.489799994412,-0.014867742687774521,-0.10729346266569213,0.07728228931147436,0.04710872582858566,0.7491254372813593,0.0443123097614497,-0.3190682145451525,0.04454622509786048,-0.406378815736959,-0.23175761335334596,7.914263562951867e-13,0.7790904547726136,2.2046877068223056e-12,not distinguishable
Australia,Politics,Exploration & Invention,Politics + Exploration & Invention,55526,14127,130,173.76813517290958,-0.41725899083440415,-0.6563116401594625,-0.19806081356828703,0.11433348963202303,0.0009995002498750624,0.009202236851419267,-0.42108255011283413,0.09422389424753116,-0.6057613828379952,-0.23640371738767305,7.86018568787457e-06,0.0016241879060469764,1.6134065359321486e-05,dissociated
Australia,Politics,Culture (core),Politics + Culture (core),55526,14127,214,926.0071166773281,-2.110824410185202,-2.302019214563977,-1.9383076063140754,0.09377479866839361,0.0004997501249375312,0.015148297586182488,-2.409637111115087,0.07002386534954594,-2.546883887200197,-2.272390335029977,1.6879291903489464e-259,0.0008662335498917208,1.880835383531683e-258,dissociated
Australia,Politics,Culture (periphery),Politics + Culture (periphery),55526,14127,293,662.1975990504632,-1.1749901892127648,-1.332928676801225,-1.0316924959828484,0.07755698738826013,0.0004997501249375312,0.020740426134352657,-0.9861703843910234,0.06182955211770138,-1.1073563065417182,-0.8649844622403288,2.857075788530305e-57,0.0008662335498917208,1.4856794100357585e-56,dissociated
Australia,Politics,Sport & Games,Politics + Sport & Games,55526,14127,675,771.3620790154459,-0.19238731149591795,-0.2853503385987062,-0.1074007258000731,0.045414597123385414,0.0004997501249375312,0.04778084519006159,-3.229141967831585,0.04105922384952291,-3.3096180465766496,-3.1486658890865202,0.0,0.0008662335498917208,0.0,dissociated
Australia,Administration & Law,Military,Administration & Law + Military,55526,14127,112,83.46011462940137,0.4221489600098028,0.16991347434768483,0.6469121597292529,0.12683042102925643,0.0014992503748125937,0.007928080979684293,0.4769584306047166,0.09996106254605218,0.2810347480144543,0.6728821131949789,1.8291148692951938e-06,0.0022929711614780844,3.963082216806253e-06,associated
Australia,Administration & Law,Religion,Administration & Law + Religion,55526,14127,14,49.79475194859861,-1.7943549683246596,-2.606285825461248,-1.1789169902581516,0.3691184458386826,0.0004997501249375312,0.0009910101224605366,-1.3328323058752982,0.26506805795715876,-1.8523656994713293,-0.8132989122792671,4.949388707604569e-07,0.0008662335498917208,1.103006626266161e-06,dissociated
Australia,Administration & Law,Nobility,Administration & Law + Nobility,55526,14127,5,24.520581303552003,-2.185611784299343,-4.022365469026319,-1.2731202489284592,0.6926008215961449,0.0069965017491254375,0.0003539321865930488,-1.2031861379556583,0.4299264658415347,-2.0458420110050666,-0.3605302649062503,0.005132691784524272,0.009249612481894647,0.008518084238146664,dissociated
Australia,Administration & Law,Kinship,Administration & Law + Kinship,55526,14127,19,70.4290335064884,-1.862902165294191,-2.5869923575714338,-1.323481976775092,0.3269965303015916,0.0004997501249375312,0.0013449423090535853,-0.9613229416501783,0.2294417547342857,-1.4110287809293782,-0.5116171023709783,2.791581894138017e-05,0.0008662335498917208,5.583163788276035e-05,dissociated
Australia,Administration & Law,Big business,Administration & Law + Big business,55526,14127,69,105.85288860261106,-0.6137743352681618,-0.9768156913457362,-0.3342071270341392,0.16343239412989255,0.0014992503748125937,0.004884264174984073,-0.23014344217353586,0.12394748386617899,-0.47308051055124667,0.012793626204174957,0.06334219262872558,0.0022929711614780844,0.08518432801794129,dissociated
Australia,Administration & Law,Small business,Administration & Law + Small business,55526,14127,63,135.35921070943957,-1.0972838808140222,-1.4669799651274278,-0.7973291757948471,0.1735326968824201,0.0004997501249375312,0.004459545551072415,-0.4365055220067322,0.12909304556035106,-0.6895278913050202,-0.18348315270844412,0.0007213720733147736,0.0008662335498917208,0.001278795948148917,dissociated
Australia,Administration & Law,Academia,Administration & Law + Academia,55526,14127,207,208.81983534842695,-0.012597692778160188,-0.20039737563634144,0.15961447718895533,0.09022099129252069,0.8940529735132434,0.014652792524952218,0.011756183509284033,0.07419220400663588,-0.1336605363437223,0.15717290336229037,0.8740976633184043,0.9056640510913374,0.8740976633184042,not distinguishable
Australia,Administration & Law,Exploration & Invention,Administration & Law + Exploration & Invention,55526,14127,22,57.37046411804706,-1.3629022130498223,-2.0322806131529676,-0.8583739639984885,0.30157060011383574,0.0009995002498750624,0.0015573016210094145,-0.7808619867179669,0.21410357067682037,-1.2005049852445349,-0.36121898819139897,0.0002651933349238741,0.0016241879060469764,0.0004925019077157663,dissociated
Australia,Administration & Law,Culture (core),Administration & Law + Culture (core),55526,14127,120,305.72612180898346,-1.345564206914436,-1.6031490720905504,-1.1233154739160691,0.12490557390776211,0.0004997501249375312,0.00849437247823317,-1.4249731159286239,0.09406635410401122,-1.6093431699724858,-1.2406030618847619,7.740350103081927e-52,0.0008662335498917208,3.7734206752524397e-51,dissociated
Australia,Administration & Law,Culture (periphery),Administration & Law + Culture (periphery),55526,14127,50,218.62802151601977,-2.1174186912016917,-2.5500656594976916,-1.7548570522473301,0.2038031638845288,0.0004997501249375312,0.0035393218659304877,-1.3041602866878423,0.14316721645948444,-1.5847680309484318,-1.023552542427253,8.287698610197778e-20,0.0008662335498917208,3.0782880552163176e-19,dissociated
Australia,Administration & Law,Sport & Games,Administration & Law + Sport & Games,55526,14127,321,254.66924895144365,0.3333642605600617,0.1877946276147369,0.4583783381930723,0.06759859423963668,0.0004997501249375312,0.02272244637927373,-2.191116715839418,0.060362078413062736,-2.309426389529021,-2.0728070421498153,1.644156161483854e-288,0.0008662335498917208,2.13740300992901e-287,associated
Australia,Military,Religion,Military + Religion,55526,14127,21,31.757320287647236,-0.5852899346522135,-1.252021777066471,-0.08515529623916883,0.308069212310316,0.05347326336831584,0.0014865151836908049,-0.4631341740748986,0.21918290947928615,-0.8927326766542995,-0.03353567149549774,0.03460049986413668,0.06517053973013494,0.04906979980732111,not distinguishable
Australia,Military,Nobility,Military + Nobility,55526,14127,29,15.638353915288679,0.8702215208004513,0.3070027325948629,1.304293956114662,0.25584669875106003,0.001999000499750125,0.002052806682239683,1.0192617142708644,0.19319216639326273,0.6406050681400695,1.3979183604016594,1.3210923538573085e-07,0.002887445166305736,3.122581927299093e-07,associated
Australia,Military,Kinship,Military + Kinship,55526,14127,25,44.91713056275075,-0.8327393129091495,-1.4936297408676975,-0.35829567384931926,0.2907000577435136,0.00849575212393803,0.0017696609329652438,-0.21728183180842342,0.2020194084432653,-0.6132398723572234,0.17867620874037654,0.28212887581435775,0.01104447776111944,0.33815186430648847,dissociated
Australia,Military,Big business,Military + Big business,55526,14127,46,67.50920438755936,-0.5484992981665036,-0.9865615055283189,-0.18816719886848746,0.20614130624196483,0.009495252373813094,0.0032561761166560485,-0.1815977399746231,0.15067416678018358,-0.4769191068637829,0.11372362691453672,0.22811269537593215,0.012141470248482318,0.28242524189401125,dissociated
Australia,Military,Small business,Military + Small business,55526,14127,74,86.32728631362889,-0.22090806920512102,-0.5665190611486348,0.05796968855111133,0.16047750348595627,0.17491254372813594,0.005238196361577122,0.21277911799954813,0.12076707134187008,-0.023924341830517226,0.4494825778296135,0.07808673334980427,0.19215744240555782,0.10323330849635141,not distinguishable
Australia,Military,Academia,Military + Academia,55526,14127,145,133.17785778748896,0.12225863389268725,-0.1056460977730664,0.32228742159321844,0.11271246791550658,0.2908545727136432,0.010264033411198414,0.11279328200397948,0.08833496484534382,-0.0603432490928944,0.28592981310085336,0.20164408806206768,0.3107761187899201,0.25368127207808516,not distinguishable
Australia,Military,Exploration & Invention,Military + Exploration & Invention,55526,14127,67,36.58883984257038,0.8639023618379951,0.5140465344654992,1.1726910828421864,0.1668923285084337,0.0004997501249375312,0.0047426913003468536,0.859105469315149,0.12845805301190297,0.6073276854118191,1.110883253218479,2.2650585548042814e-11,0.0008662335498917208,5.889152242491131e-11,associated
Australia,Military,Culture (core),Military + Culture (core),55526,14127,105,194.98123779410426,-0.8897871459896571,-1.1589659125893819,-0.6508226474118101,0.13137402218434005,0.0004997501249375312,0.007432575918454024,-1.0762981435212047,0.1013608648341584,-1.274965438596155,-0.8776308484462543,2.445144437949132e-26,0.0008662335498917208,1.0595625897779573e-25,dissociated
Australia,Military,Culture (periphery),Military + Culture (periphery),55526,14127,37,139.43316979078298,-1.899775479083675,-2.44330969490189,-1.482710351051364,0.2410201134753573,0.0004997501249375312,0.002619098180788561,-1.1395271454854023,0.16610141344857676,-1.4650859158446128,-0.8139683751261919,6.865350460507922e-12,0.0008662335498917208,1.8465425376538548e-11,dissociated
Australia,Military,Sport & Games,Military + Sport & Games,55526,14127,289,162.41898171747354,0.829408645920761,0.6850915310785948,0.9587170929943543,0.07045685283607828,0.0004997501249375312,0.02045728038507822,-1.7539597064162733,0.06546884442064727,-1.882278641480742,-1.6256407713518046,4.1410847673221685e-158,0.0008662335498917208,2.9364055622829924e-157,associated
Australia,Religion,Nobility,Religion + Nobility,55526,14127,5,9.330300557984998,-0.8378039084967782,-2.687356964064556,0.10674281889458447,0.7121100497321052,0.15942028985507245,0.0003539321865930488,-0.39863978891373747,0.43047261488777944,-1.2423661140937852,0.4450865362663102,0.35441924335959585,0.18021424070573405,0.39492429974354964,not distinguishable
Australia,Religion,Kinship,Religion + Kinship,55526,14127,20,26.798877338554085,-0.4132177120589399,-1.084350575526344,0.10138455261597638,0.307324798067728,0.17341329335332334,0.0014157287463721952,-0.09795316766838058,0.22499328492771398,-0.5389400061267,0.3430336707899388,0.6633008458110168,0.19215744240555782,0.7087324105925933,not distinguishable
Australia,Religion,Big business,Religion + Big business,55526,14127,25,40.27797112012994,-0.6772927497578043,-1.3248845518172083,-0.19478104898397172,0.28294304932371084,0.022488755622188907,0.0017696609329652438,-0.46041772750839816,0.20162392438928026,-0.8556006193113874,-0.06523483570540883,0.022398161859240793,0.0278432212465196,0.03296333254756192,dissociated
Australia,Religion,Small business,Religion + Small business,55526,14127,31,51.50539065840766,-0.7233093460463401,-1.2880500884084838,-0.3073476687084427,0.25289855413921625,0.0069965017491254375,0.0021943795568769024,-0.34887968435241734,0.18203301227396143,-0.7056643884093817,0.007905019704547045,0.05529211153225395,0.009249612481894647,0.0756628894651896,dissociated
Australia,Religion,Academia,Religion + Academia,55526,14127,141,79.45781554483494,0.8234910898900303,0.6094745509968019,1.0184832792109424,0.10547734132667055,0.0004997501249375312,0.009980887661923975,0.4608726733194185,0.09110602897315528,0.2823048565320342,0.6394404901068028,4.222554570440571e-07,0.0008662335498917208,9.687036955716605e-07,associated
Australia,Religion,Exploration & Invention,Religion + Exploration & Invention,55526,14127,23,21.829974858505196,0.07367912997069893,-0.5989582373358485,0.5730899211275102,0.30303197784209374,0.8120939530234883,0.0016280880583280242,0.07743999138974973,0.21078668035072773,-0.33570190209767664,0.4905818848771761,0.7133314100389143,0.8334648465241065,0.7418646664404709,not distinguishable
Australia,Religion,Culture (core),Religion + Culture (core),55526,14127,85,116.33152450964685,-0.450433282302313,-0.7755995063159383,-0.19907184727175606,0.1471303743728782,0.00399800099950025,0.006016847172081829,-0.9379866833524021,0.11296335104930251,-1.159394851409035,-0.7165785152957692,1.0112230638737737e-16,0.00566989232656399,3.1550159592861743e-16,dissociated
Australia,Religion,Culture (periphery),Religion + Culture (periphery),55526,14127,22,83.18991812998269,-1.8951288347151287,-2.521917049173461,-1.3819260288619442,0.2973542235490563,0.0004997501249375312,0.0015573016210094145,-1.3176355677132614,0.21357179562599168,-1.736236287140205,-0.8990348482863177,6.849740295476019e-10,0.0008662335498917208,1.7234830420875144e-09,dissociated
Australia,Religion,Sport & Games,Religion + Sport & Games,55526,14127,163,96.90392760994912,0.7472387834658042,0.5578098795813548,0.9272085226106016,0.09599902449339748,0.0004997501249375312,0.01153818928293339,-2.029450613846399,0.08484265198538665,-2.1957422117377567,-1.8631590159550409,1.889315220809741e-126,0.0008662335498917208,1.2280548935263315e-125,associated
Australia,Nobility,Kinship,Nobility + Kinship,55526,14127,6,13.196652757749634,-1.0753117414781779,-2.529343169155019,-0.22377900287030314,0.631120475678727,0.07396301849075462,0.00042471862391165854,-0.16018232893926904,0.3967392254095331,-0.9377912107419539,0.6174265528634157,0.6863986685011344,0.08875562218890555,0.7235012992309254,not distinguishable
Australia,Nobility,Big business,Nobility + Big business,55526,14127,12,19.834203946085957,-0.7019804176479141,-1.66277529982192,-0.08338160748087994,0.4113916801404334,0.08295852073963018,0.0008494372478233171,-0.06918453300953474,0.28843894853863855,-0.6345248721452663,0.4961558061261968,0.810439955389318,0.09804188814683568,0.8209651496151533,not distinguishable
Australia,Nobility,Small business,Nobility + Small business,55526,14127,10,25.362956331510283,-1.3004978676370513,-2.4228544625984783,-0.5737967728549451,0.468813009406713,0.010994502748625687,0.0007078643731860976,-0.35716972635059435,0.3136379328370363,-0.9719000747111854,0.2575606220099968,0.2547881135723883,0.01383179378052909,0.31052301341634825,dissociated
Australia,Nobility,Academia,Nobility + Academia,55526,14127,29,39.12765402026662,-0.4257926069896679,-1.0133514102714194,0.023701078555463544,0.26629324113370223,0.10744627686156921,0.002052806682239683,-0.084531786971845,0.19212960412185778,-0.46110581105068627,0.2920422371069963,0.6599568562686587,0.12324719992944703,0.7087324105925933,not distinguishable
Australia,Nobility,Exploration & Invention,Nobility + Exploration & Invention,55526,14127,4,10.749800981537724,-1.3219025726217375,-2.970118629990807,-0.37413894017406124,0.7389165971056755,0.09695152423788106,0.00028314574927443904,-0.5023117266638373,0.4751768675775969,-1.4336583871159272,0.42903493378825264,0.2904637808786503,0.11286893866499587,0.33815186430648847,not distinguishable
Australia,Nobility,Culture (core),Nobility + Culture (core),55526,14127,57,57.28548678883875,-0.007145239663297358,-0.3690153635911186,0.2916370976476733,0.17053511309464967,0.9660169915042479,0.004034826927160756,-0.1523002510765989,0.1432787758455303,-0.4331266517338383,0.12852614958064051,0.2877980545945932,0.9660169915042479,0.33815186430648847,not distinguishable
Australia,Nobility,Culture (periphery),Nobility + Culture (periphery),55526,14127,12,40.96546465876077,-1.7299821642655424,-2.6629209248614636,-1.0952131224021207,0.41446362614067106,0.001999000499750125,0.0008494372478233171,-0.7937641493266812,0.2879830756905211,-1.3582109776801026,-0.22931732097325974,0.005846158746560115,0.002887445166305736,0.009306130249626305,dissociated
Australia,Nobility,Sport & Games,Nobility + Sport & Games,55526,14127,166,47.71869609966293,1.787857633188381,1.6127996513794882,1.9447224559304694,0.08475220503033223,0.0004997501249375312,0.011750548594889219,-0.4889772602382451,0.10273029196842656,-0.6903286324963611,-0.28762588798012906,1.937697813081683e-06,0.0008662335498917208,4.084876470820845e-06,associated
Australia,Kinship,Big business,Kinship + Big business,55526,14127,33,56.96862553952011,-0.7786134494958892,-1.3390864937488742,-0.38097505569666956,0.25044899848701146,0.005997001499250375,0.002335952431514122,-0.10641810987865925,0.17708387252443708,-0.4535025000265559,0.24066628026923742,0.547874956707212,0.008206423104237354,0.6018907975093315,dissociated
Australia,Kinship,Small business,Kinship + Small business,55526,14127,26,72.84853809875956,-1.468775852321157,-2.0821878376108836,-1.0003069521289638,0.2828078279201828,0.0004997501249375312,0.0018404473702838535,-0.4594850411320246,0.1979464246231084,-0.8474600333933171,-0.07151004887073215,0.02027283651432611,0.0008662335498917208,0.031005514668969343,dissociated
Australia,Kinship,Academia,Kinship + Academia,55526,14127,63,112.38407531653641,-0.8300134808557132,-1.2074888285101588,-0.525511971861233,0.17297841895469743,0.0004997501249375312,0.004459545551072415,-0.3619881004926017,0.13028187745767916,-0.6173405803096529,-0.10663562067555055,0.005461063717895867,0.0008662335498917208,0.008874228541580783,dissociated
Australia,Kinship,Exploration & Invention,Kinship + Exploration & Invention,55526,14127,10,30.876025496472646,-1.5792732851002211,-2.7773692100063787,-0.8822993533002866,0.48599943483957264,0.004497751124437781,0.0007078643731860976,-0.6842836215439188,0.3116952764904389,-1.295206363465179,-0.07336087962265858,0.02813771981077654,0.006264724780466908,0.04064337306001056,dissociated
Australia,Kinship,Culture (core),Kinship + Culture (core),55526,14127,205,164.53775783456587,0.31634226756341494,0.13539765998188505,0.479986191260418,0.08905971046649787,0.0004997501249375312,0.014511219650315,0.15628274646635887,0.0783523319064311,0.002712175929753924,0.3098533170029638,0.046084872452603835,0.0008662335498917208,0.06418964377326962,associated
Australia,Kinship,Culture (periphery),Kinship + Culture (periphery),55526,14127,40,117.66271147261872,-1.5447810239214348,-2.0275771879140647,-1.1696816516939161,0.21995267128318394,0.0004997501249375312,0.0028314574927443903,-0.6385765180695643,0.1610559049086935,-0.9542460916906035,-0.322906944448525,7.341533114079796e-05,0.0008662335498917208,0.00013966819095078637,dissociated
Australia,Kinship,Sport & Games,Kinship + Sport & Games,55526,14127,459,137.05962370485324,1.7400077870322044,1.6427350735899688,1.82849205847858,0.04813337627803357,0.0004997501249375312,0.032490974729241874,-0.5045870662716361,0.06210407364893476,-0.6263110506235482,-0.38286308191972396,4.478694138870215e-16,0.0008662335498917208,1.3436082416610644e-15,associated
Australia,Big business,Small business,Big business + Small business,55526,14127,120,109.48933705757376,0.13166947833991974,-0.12935385517013184,0.3457072954201132,0.12204906586067948,0.27936031984008,0.00849437247823317,0.5638287186448376,0.09686377012659672,0.3739757291967081,0.7536817080929672,5.855183867820836e-09,0.30264034649342,1.4272010677813288e-08,not distinguishable
Australia,Big business,Academia,Big business + Academia,55526,14127,128,168.91015555527713,-0.3987520024414981,-0.6302507162259158,-0.1871179116470768,0.11503802172572374,0.001999000499750125,0.00906066397678205,-0.21231374109513765,0.09269875629604289,-0.3940033034353817,-0.030624178754893594,0.022000320313858936,0.002887445166305736,0.03296333254756192,dissociated
Australia,Big business,Exploration & Invention,Big business + Exploration & Invention,55526,14127,87,46.40581198758604,0.8995163222177787,0.6067254018592666,1.1465600082367209,0.13939824601090647,0.0004997501249375312,0.006158420046719048,0.9723354556987354,0.11419194198911836,0.7485192494000634,1.1961516619974073,1.6670276645248746e-17,0.0008662335498917208,5.653398166649574e-17,associated
Australia,Big business,Culture (core),Big business + Culture (core),55526,14127,154,247.2956972976371,-0.6815442987384766,-0.9025023981081799,-0.4851406364909327,0.10875465725364176,0.0004997501249375312,0.010901111347065902,-0.8439584419176671,0.08471459809141361,-1.0099990541768378,-0.6779178296584965,2.2268251882643626e-23,0.0008662335498917208,9.141703404453698e-23,dissociated
Australia,Big business,Culture (periphery),Big business + Culture (periphery),55526,14127,112,176.84379963903444,-0.6566238896631087,-0.9157202003401841,-0.4126621091681896,0.12862104640151997,0.0004997501249375312,0.007928080979684293,-0.15359154405638864,0.09869527016912374,-0.3470342735878712,0.03985118547509389,0.11965580946891821,0.0008662335498917208,0.15555255230959367,dissociated
Australia,Big business,Sport & Games,Big business + Sport & Games,55526,14127,304,205.996822015299,0.5603226493830056,0.4176349304240303,0.6915536910339255,0.06985062808291383,0.0004997501249375312,0.021519076944857364,-1.9042838648363793,0.06313305204930396,-2.028024646853015,-1.7805430828197435,7.238816650463552e-200,0.0008662335498917208,5.64627698736157e-199,associated
Australia,Small business,Academia,Small business + Academia,55526,14127,155,215.99358920288358,-0.4774097242167019,-0.6976581706483633,-0.2837174292475046,0.10727781635262999,0.0004997501249375312,0.010971897784384512,-0.11525417637213375,0.08480333058773255,-0.28146870432408955,0.05096035157982204,0.17412248819334364,0.0008662335498917208,0.2226484275259148,dissociated
Australia,Small business,Exploration & Invention,Small business + Exploration & Invention,55526,14127,97,59.34135729211788,0.704259320769046,0.409927706964016,0.9448740789460844,0.13578090842562962,0.0004997501249375312,0.0068662844199051465,0.9847128171185305,0.10874251933207822,0.7715774792276573,1.1978481550094038,1.360015771375624e-19,0.0008662335498917208,4.821874098513576e-19,associated
Australia,Small business,Culture (core),Small business + Culture (core),55526,14127,193,316.22897438079883,-0.7109152848405771,-0.8980267789246255,-0.5319726837828154,0.09529132376839052,0.0004997501249375312,0.013661782402491683,-0.70963333167049,0.07630639819696473,-0.8591938721365409,-0.5600727912044392,1.4072590165426707e-20,0.0008662335498917208,5.488310164516416e-20,dissociated
Australia,Small business,Culture (periphery),Small business + Culture (periphery),55526,14127,96,226.13872378922983,-1.2317935354907243,-1.5230683980380386,-0.9722012446901173,0.14344190544785493,0.0004997501249375312,0.006795497982586537,-0.4327584486990934,0.10560203413498616,-0.6397384356036663,-0.22577846179452055,4.167129055281317e-05,0.0008662335498917208,8.125901657798568e-05,dissociated
Australia,Small business,Sport & Games,Small business + Sport & Games,55526,14127,151,263.41810417024345,-0.8007725258964768,-1.021294888013635,-0.601711013200838,0.10942678500782281,0.0004997501249375312,0.010688752035110072,-2.825536312720187,0.08478207207835131,-2.9917091739937556,-2.6593634514466187,1.566751596116659e-243,0.0008662335498917208,1.5275828062137423e-242,dissociated
Australia,Academia,Exploration & Invention,Academia + Exploration & Invention,55526,14127,190,91.54642963818695,1.0493573302179566,0.8504279570533609,1.2116821735541443,0.09146085280017098,0.0004997501249375312,0.013449423090535853,0.9406995486494113,0.08164244595436328,0.7806803545788593,1.1007187427199634,1.019887250594127e-30,0.0008662335498917208,4.679482679196582e-30,associated
Australia,Academia,Culture (core),Academia + Culture (core),55526,14127,736,487.84919782333844,0.592772398360113,0.5065564500286113,0.6721691055802785,0.041292060360314756,0.0004997501249375312,0.052098817866496776,-0.040977586849338714,0.04196632181911929,-0.12323157761481252,0.04127640391613508,0.32884656695501224,0.0008662335498917208,0.3772063562131023,associated
Australia,Academia,Culture (periphery),Academia + Culture (periphery),55526,14127,266,348.86618221302336,-0.39060443269779854,-0.560930607886948,-0.24201918561122363,0.07885494182655668,0.0004997501249375312,0.018829192326750194,-0.16919452320416956,0.06551746283767736,-0.2976087503660172,-0.040780296042321945,0.009810612690647503,0.0008662335498917208,0.015304555797410104,dissociated
Australia,Academia,Sport & Games,Academia + Sport & Games,55526,14127,239,406.37740758330966,-0.7645685190866484,-0.9567790552127321,-0.6062221013575919,0.08655268001542224,0.0004997501249375312,0.016917958519147732,-3.2583613887744822,0.06700134537137553,-3.3896840257023784,-3.127038751846586,0.0,0.0008662335498917208,0.0,dissociated
Australia,Exploration & Invention,Culture (core),Exploration & Invention + Culture (core),55526,14127,82,134.0300592232639,-0.7054625382522257,-1.0196159790118966,-0.4329023616995507,0.15046871503264858,0.0004997501249375312,0.005804487860126,-0.8684727845623368,0.11527153826169573,-1.0944049995552605,-0.6425405695694132,4.9153499372873294e-14,0.0008662335498917208,1.4199899818830064e-13,dissociated
Australia,Exploration & Invention,Culture (periphery),Exploration & Invention + Culture (periphery),55526,14127,43,95.84632970932518,-1.14721430747959,-1.6237916914176924,-0.7726510315224573,0.21889063417552787,0.0004997501249375312,0.0030438168047002196,-0.5294124829148118,0.15579383706294095,-0.834768403558176,-0.22405656227144755,0.0006784057561140792,0.0008662335498917208,0.0012305964878348413,dissociated
Australia,Exploration & Invention,Sport & Games,Exploration & Invention + Sport & Games,55526,14127,115,111.64677168355443,0.04250476080396945,-0.2099278349745396,0.26591229020553847,0.12478649494941724,0.735632183908046,0.008140440291640122,-2.313737163340206,0.09901893999319152,-2.5078142857268615,-2.1196600409535504,9.342674435101114e-121,0.7753960857409133,5.205204328127764e-120,not distinguishable
Australia,Culture (core),Culture (periphery),Culture (core) + Culture (periphery),55526,14127,1792,510.7632842461068,1.8098347894677496,1.7643128605866436,1.8530834411113368,0.023062062859861863,0.0004997501249375312,0.12684929567494868,1.67310376945683,0.0349012174090857,1.604697383335022,1.741510155578638,0.0,0.0008662335498917208,0.0,associated
Australia,Culture (core),Sport & Games,Culture (core) + Sport & Games,55526,14127,313,594.9635416766446,-0.9255477361746157,-1.0751274359877325,-0.7812585595537681,0.07427603253769022,0.0004997501249375312,0.02215615488072485,-3.9792191582084695,0.058277653722785816,-4.093443359505129,-3.864994956911809,0.0,0.0008662335498917208,0.0,dissociated
Australia,Culture (periphery),Sport & Games,Culture (periphery) + Sport & Games,55526,14127,283,425.4647958155161,-0.5873854675815919,-0.7458192550929258,-0.4402942259798246,0.07711609009190017,0.0004997501249375312,0.02003256176116656,-2.842280935229346,0.06239534126975657,-2.964575804118069,-2.7199860663406232,0.0,0.0008662335498917208,0.0,dissociated
India,Politics,Administration & Law,Politics + Administration & Law,34674,13023,725,223.256646048482,1.6970450801663444,1.6239467425807053,1.7697431146374019,0.03664026401257021,0.0004997501249375312,0.05567073638946479,0.4311408030085437,0.0476559170789671,0.3377352055337682,0.5245464004833192,1.470143765775852e-19,0.0008859206760256235,3.5834754290786393e-19,associated
India,Politics,Military,Politics + Military,34674,13023,261,132.554664911448,0.9747918541757233,0.8268159224661504,1.1118416898215422,0.07206014987794003,0.0004997501249375312,0.020041465100207326,-0.229985377690113,0.07116423431116348,-0.3694672769399934,-0.0905034784402326,0.0012303244769171944,0.0008859206760256235,0.0014994579562428306,associated
India,Politics,Religion,Politics + Religion,34674,13023,120,138.41105401378687,-0.20512826162095743,-0.4486576217288719,0.01004280665286134,0.11683820880211422,0.07896051974012994,0.009214466712739,-1.4238650281237184,0.09586663362236768,-1.611763630023559,-1.2359664262238779,6.696086934826157e-50,0.08925971796710341,2.9016376717580014e-49,not distinguishable
India,Politics,Nobility,Politics + Nobility,34674,13023,163,104.30117597935073,0.6416357302023958,0.43412717643283705,0.8152824127877334,0.09668334400266576,0.0004997501249375312,0.012516317284803808,-0.28416818071073785,0.0889479176150645,-0.4585060992362643,-0.10983026218521144,0.0013994208830526327,0.0008859206760256235,0.0016793050596631593,associated
India,Politics,Kinship,Politics + Kinship,34674,13023,345,246.57849998105127,0.4837162334159659,0.35631163861221166,0.6019256369787158,0.06302437473569851,0.0004997501249375312,0.026491591799124626,-0.273415027848507,0.06197366930776007,-0.39488341969171675,-0.1519466360052973,1.0251789279502128e-05,0.0008859206760256235,1.4279277925020822e-05,associated
India,Politics,Big business,Politics + Big business,34674,13023,269,169.08175611282655,0.6683043022588339,0.5185706096886619,0.8060003982078381,0.07251144792656433,0.0004997501249375312,0.020655762881056593,-0.48116543109840715,0.06851195150273828,-0.6154488560437742,-0.3468820061530401,2.1701818384431824e-12,0.0008859206760256235,4.231854584964206e-12,associated
India,Politics,Small business,Politics + Small business,34674,13023,286,161.00398563529464,0.8269653704386882,0.6834509295593145,0.9596879528389074,0.06989354614150357,0.0004997501249375312,0.021961145665361285,0.00097987360990842,0.06988814721336244,-0.13600089492828196,0.1379606421480988,0.988813547905408,0.0008859206760256235,0.988813547905408,associated
India,Politics,Academia,Politics + Academia,34674,13023,645,575.8543898722355,0.1634609239835304,0.07009392197378811,0.2497176855506547,0.04554818877602364,0.0009995002498750624,0.04952775858097213,-0.9612595130080345,0.04414724646683566,-1.0477881160830325,-0.8747309099330366,4.098377808139017e-105,0.0015592203898050973,3.5519274337204814e-104,associated
India,Politics,Exploration & Invention,Politics + Exploration & Invention,34674,13023,67,88.31298708273005,-0.39588315447808226,-0.7277458221697639,-0.0912918575817268,0.1639138675565256,0.015492253873063468,0.005144743914612608,-1.0545517648362701,0.12970219003599878,-1.3087680573068277,-0.8003354723657126,4.2730285500957415e-16,0.019809767247523778,9.008006132634267e-16,dissociated
India,Politics,Culture (core),Politics + Culture (core),34674,13023,759,1470.2680260084799,-0.9534478484602937,-1.0375191100837942,-0.8801386833767711,0.04086006238863431,0.0004997501249375312,0.058281501958074175,-2.4284092479344186,0.039914107634302684,-2.506640898897652,-2.3501775969711853,0.0,0.0008859206760256235,0.0,dissociated
India,Politics,Culture (periphery),Politics + Culture (periphery),34674,13023,230,574.6399559907114,-1.3191463171322146,-1.505727022414845,-1.1513436083738968,0.08815189661627715,0.0004997501249375312,0.017661061199416416,-1.726850755524817,0.0692971991657211,-1.8626732658896303,-1.5910282451600035,4.57524169179328e-137,0.0008859206760256235,5.947814199331264e-136,dissociated
India,Politics,Sport & Games,Politics + Sport & Games,34674,13023,153,138.73685845965718,0.14069748695126258,-0.07131267385170441,0.3342454270021587,0.1036064520885614,0.17091454272863568,0.011748445058742226,-2.8761885179561784,0.08273326793891807,-3.038345723116458,-2.714031312795899,8.342100477265521e-265,0.18996135734949426,1.6267095930667766e-263,not distinguishable
India,Administration & Law,Military,Administration & Law + Military,34674,13023,141,40.59737617905607,1.7836838585217007,1.5721433317262008,1.9796683727995916,0.10639992372034046,0.0004997501249375312,0.010826998387468326,0.7881248668597604,0.09258836601482529,0.6066516694707028,0.9695980642488179,1.707564828615479e-17,0.0008859206760256235,3.917354606823746e-17,associated
India,Administration & Law,Religion,Administration & Law + Religion,34674,13023,38,42.39100623800123,-0.15581671669298938,-0.6375109609567926,0.25309061986880027,0.2259179079069528,0.47626186906546725,0.0029179144590340167,-0.8993898227009376,0.16489307170082418,-1.222580243234553,-0.5761994021673222,4.914342127121122e-08,0.5067466266866566,7.516052665008775e-08,not distinguishable
India,Administration & Law,Nobility,Administration & Law + Nobility,34674,13023,12,31.944210186645282,-1.3760329509709694,-2.4183755634283695,-0.7120404460326605,0.44182949560953466,0.011494252873563218,0.0009214466712739,-1.3788227245274376,0.2860576215633326,-1.9394956627915696,-0.8181497862633057,1.4349537427539937e-06,0.015195791934541205,2.1118187157511607e-06,dissociated
India,Administration & Law,Kinship,Administration & Law + Kinship,34674,13023,36,75.51933481998161,-1.0584699374751485,-1.560163448944577,-0.6427362782234711,0.2364191367224636,0.0004997501249375312,0.0027643400138217,-1.0499387264584195,0.16897198865159643,-1.3811238242155484,-0.7187536287012904,5.175620245206756e-10,0.0008859206760256235,8.97107509169171e-10,dissociated
India,Administration & Law,Big business,Administration & Law + Big business,34674,13023,47,51.78448953504167,-0.13845551353233107,-0.5824837811116583,0.20583667669590958,0.19971055039448207,0.48075962018990503,0.0036089994624894416,-0.6798129767970709,0.14924436601013572,-0.9723319341769369,-0.38729401941720487,5.237741422651198e-06,0.5067466266866566,7.428069653941698e-06,not distinguishable
India,Administration & Law,Small business,Administration & Law + Small business,34674,13023,16,49.310519365953226,-1.593984429357694,-2.394824187803785,-1.0289733669449193,0.3590038780238567,0.0009995002498750624,0.0012285955616985335,-1.4580864116793293,0.2490954577276461,-1.9463135088255157,-0.9698593145331429,4.812627733190481e-09,0.0015592203898050973,7.820520066434531e-09,dissociated
India,Administration & Law,Academia,Administration & Law + Academia,34674,13023,144,176.36631125446664,-0.29158978303204863,-0.5234080825506533,-0.09086223243676474,0.10938030612212982,0.009495252373813094,0.0110573600552868,-0.8372149588748125,0.08763331255499991,-1.0089762514826122,-0.6654536662670126,1.2524750902168615e-21,0.012769477330300368,3.3687261047212137e-21,dissociated
India,Administration & Law,Exploration & Invention,Administration & Law + Exploration & Invention,34674,13023,8,27.047524585338618,-1.6963879379903335,-2.971661276156935,-0.9246607622086487,0.5285909919573154,0.01199400299850075,0.0006142977808492667,-1.5214233534043333,0.3461674793840737,-2.1999116129971177,-0.8429350938115489,1.1074729914637295e-05,0.015592203898050973,1.5154893567398403e-05,dissociated
India,Administration & Law,Culture (core),Administration & Law + Culture (core),34674,13023,146,450.29742390265324,-1.6215786065558537,-1.86182923961058,-1.4195287466363546,0.11171808302682862,0.0004997501249375312,0.011210934500499117,-2.2563179253778243,0.08640645827884698,-2.4256745836043643,-2.0869612671512843,2.6062345016911107e-150,0.0008859206760256235,4.065725822638133e-149,dissociated
India,Administration & Law,Culture (periphery),Administration & Law + Culture (periphery),34674,13023,34,175.99436788177763,-2.3549538793333897,-2.8956356692645264,-1.918683376415022,0.24804448309657628,0.0004997501249375312,0.0026107655686093832,-1.9594478777478066,0.17261088368498698,-2.297765209770381,-1.621130545725232,7.263389953094321e-30,0.0008859206760256235,2.3606017347556544e-29,dissociated
India,Administration & Law,Sport & Games,Administration & Law + Sport & Games,34674,13023,40,42.49079001896919,-0.08610571420989455,-0.5518728859508064,0.30685846713340303,0.21682562349876194,0.6896551724137931,0.0030714889042463334,-2.4558646552536594,0.15931294334159501,-2.7681180242031855,-2.1436112863041332,1.290712562921713e-53,0.6986117330944918,5.922092935758447e-53,not distinguishable
India,Military,Religion,Military + Religion,34674,13023,11,25.168906398052382,-1.1583879712565337,-2.2139781500461178,-0.5148117174223842,0.4377229471430689,0.015992003998001,0.0008446594486677417,-1.5362667580652627,0.2975329182550646,-2.119431277845189,-0.953102238285336,2.4256825614685906e-07,0.020118972771678675,3.638523842202886e-07,dissociated
India,Military,Nobility,Military + Nobility,34674,13023,50,18.96630694806776,1.375304178848466,0.9617362156464616,1.7054389483972354,0.19192730592886809,0.0004997501249375312,0.0038393611303079167,0.7066865210657608,0.14866834754329197,0.4152965598809085,0.9980764822506131,1.9998146874531943e-06,0.0008859206760256235,2.8886212152101698e-06,associated
India,Military,Kinship,Military + Kinship,34674,13023,36,44.83826259409209,-0.3128326426812496,-0.8444470644037219,0.08146906633508637,0.2355697406446304,0.1729135432283858,0.0027643400138217,-0.4363382422081015,0.17010906863725495,-0.7697520167371212,-0.10292446767908181,0.010316098054552608,0.18996135734949426,0.011333178144438077,not distinguishable
India,Military,Big business,Military + Big business,34674,13023,53,30.74612012417852,0.7758618321427708,0.37206958720358685,1.0956759290048086,0.18704750001189788,0.0014992503748125937,0.004069722798126392,0.0665889559220292,0.14251978405780005,-0.21274982083125893,0.3459277326753173,0.6403381570370194,0.002206443947837402,0.6659516833185002,associated
India,Military,Small business,Military + Small business,34674,13023,15,29.27724431434833,-0.9419420327799177,-1.8399622030694676,-0.3606828828874019,0.37185183354684137,0.01999000499750125,0.001151808339092375,-0.9168990581029953,0.2575506107340231,-1.4216982551416806,-0.41209986106431007,0.0003707512617758979,0.02436281859070465,0.00046642900675032315,dissociated
India,Military,Academia,Military + Academia,34674,13023,63,104.71436216473127,-0.7285031544918501,-1.0859809838025194,-0.417525853463066,0.17084055853582988,0.0004997501249375312,0.0048375950241879755,-1.0923768910325609,0.12993554127331455,-1.3470505519282574,-0.8377032301368643,4.2038847487545574e-17,0.0008859206760256235,9.108416955634875e-17,dissociated
India,Military,Exploration & Invention,Military + Exploration & Invention,34674,13023,20,16.058986917303862,0.30800949861391763,-0.4172723282165206,0.8259246907182316,0.318364351537435,0.3213393303348326,0.0015357444521231667,-0.008022587056648052,0.2266710671470787,-0.45229787866492227,0.4362527045516262,0.9717663031673718,0.34811760786273527,0.984386644766948,not distinguishable
India,Military,Culture (core),Military + Culture (core),34674,13023,113,267.35609081461564,-1.2387658045452212,-1.4981114007670941,-1.0201285181401463,0.12175533444037057,0.0004997501249375312,0.008676956154495891,-1.8694678894209786,0.09934830051260822,-2.0641905584256905,-1.6747452204162665,5.448000138627824e-79,0.0008859206760256235,3.2688000831766944e-78,dissociated
India,Military,Culture (periphery),Military + Culture (periphery),34674,13023,16,104.49352739897867,-2.66976246233413,-3.5252886178261083,-2.0837437918603072,0.3642299042869311,0.0004997501249375312,0.0012285955616985335,-2.1037148626990634,0.2485649453571582,-2.5909021555990934,-1.6165275697990333,2.5960075972862205e-17,0.0008859206760256235,5.785388359666434e-17,dissociated
India,Military,Sport & Games,Military + Sport & Games,34674,13023,61,25.22815124421447,1.257238617843044,0.8911481398425098,1.5678456531343223,0.1730874538607506,0.0004997501249375312,0.004684020578975659,-1.39533836063832,0.13173349734691675,-1.6535360154382768,-1.1371407058383634,3.241303223111948e-26,0.0008859206760256235,1.0112866056109277e-25,associated
India,Religion,Nobility,Religion + Nobility,34674,13023,30,19.80425613225136,0.5870270690931789,0.03081571674301051,1.0340874454316589,0.2525027696846671,0.02348825587206397,0.00230361667818475,-0.0779952325440332,0.18670583878581143,-0.4439386765642236,0.28794821147615723,0.67613434305448,0.028185907046476763,0.6939273520822294,associated
India,Religion,Kinship,Religion + Kinship,34674,13023,44,46.81925898225596,-0.08862214522767621,-0.5601459296606445,0.2676864886559257,0.21463747658649643,0.6851574212893553,0.003378637794670967,-0.4634845670628534,0.1544080244736284,-0.7661242950311651,-0.16084483909454178,0.002684880371537206,0.6986117330944918,0.0030797157202926777,not distinguishable
India,Religion,Big business,Religion + Big business,34674,13023,11,32.104512474645624,-1.5034377865465474,-2.4994875546551176,-0.8477040614742268,0.42141784017911965,0.0034982508745627187,0.0008446594486677417,-1.7695704839916613,0.29724504671091134,-2.3521707755450474,-1.1869701924382752,2.6288868765907703e-09,0.005053029041035039,4.362833539874044e-09,dissociated
India,Religion,Small business,Religion + Small business,34674,13023,27,30.570740357385397,-0.17612499994517186,-0.7908640320587044,0.26189874725818385,0.26692259014514386,0.4897551224387806,0.002073255010366275,-0.5561678364894737,0.19499898468367807,-0.9383658464694826,-0.17396982650946463,0.004342356543993763,0.5093453273363319,0.004908750875819036,not distinguishable
India,Religion,Academia,Religion + Academia,34674,13023,298,109.3407406467679,1.442317672889729,1.3162460440477532,1.5679355781446844,0.06418973820019987,0.0004997501249375312,0.022882592336635185,0.45333881587672936,0.06672720476777291,0.3225534945318944,0.5841241372215643,1.091323042390486e-11,0.0008859206760256235,2.0267427930109025e-11,associated
India,Religion,Exploration & Invention,Religion + Exploration & Invention,34674,13023,4,16.76848798269397,-1.9401448604250058,-3.6131608175269165,-0.9513694836665824,0.7869511297291375,0.01999000499750125,0.00030714889042463337,-1.7959437198369368,0.47391550994002696,-2.72481811931939,-0.8670693203544839,0.0001508983867993862,0.02436281859070465,0.000192952035579543,dissociated
India,Religion,Culture (core),Religion + Culture (core),34674,13023,233,279.16813302178065,-0.2602933243631355,-0.42597789352303805,-0.11330380127551541,0.08100923310342464,0.0014992503748125937,0.017891422867234892,-1.2972352234910747,0.07220451701367644,-1.4387560768378804,-1.155714370144269,3.589409603510091e-72,0.002206443947837402,1.9998139219556224e-71,dissociated
India,Religion,Culture (periphery),Religion + Culture (periphery),34674,13023,11,109.11014919447067,-3.252675622478054,-4.355284119327478,-2.592803603386629,0.4560836694290471,0.0004997501249375312,0.0008446594486677417,-2.703105548725828,0.29658164875393955,-3.2844055802835497,-2.1218055171681067,7.925033212105837e-20,0.0008859206760256235,2.0605086351475177e-19,dissociated
India,Religion,Sport & Games,Religion + Sport & Games,34674,13023,49,26.342754567435687,0.8828957986292263,0.44372435489263556,1.2425134530138449,0.2035330909361906,0.0004997501249375312,0.0037625739077017583,-1.8655711681299505,0.14527628236002735,-2.150312681555604,-1.580829654704297,9.594685985751178e-38,0.0008859206760256235,3.7419275344429595e-37,associated
India,Nobility,Kinship,Nobility + Kinship,34674,13023,166,35.28116887141586,2.218249755183933,2.02308608206152,2.3845716260773515,0.09216596456013883,0.0004997501249375312,0.012746678952622284,1.8218939918479393,0.09154835330586066,1.6424592193684524,2.0013287643274262,3.997423712719059e-88,0.0008859206760256235,2.8345368144735144e-87,associated
India,Nobility,Big business,Nobility + Big business,34674,13023,15,24.19270938443784,-0.6718169280301464,-1.4622311027285477,-0.08878389618387164,0.36250470394188894,0.05547226386806597,0.001151808339092375,-0.7871412372295393,0.25797970062449993,-1.292781450453559,-0.28150102400551946,0.0022794760350641195,0.06457965047327083,0.002653718369179124,not distinguishable
India,Nobility,Small business,Nobility + Small business,34674,13023,10,23.036918492919554,-1.1645361239212515,-2.3419160976651234,-0.4461849944256351,0.48447214280199746,0.026986506746626688,0.0007678722260615834,-0.872104307609568,0.31225878408267804,-1.4841315244116169,-0.26007709080751906,0.00522395190423998,0.031893144336922453,0.005820974979010264,dissociated
India,Nobility,Academia,Nobility + Academia,34674,13023,33,82.3949207898895,-1.3071226107859635,-1.847621061312033,-0.9101319492595762,0.2438871973368846,0.0004997501249375312,0.002533978346003225,-1.3097387047418467,0.17732533917336543,-1.657296369521643,-0.9621810399620505,1.5122362675858195e-13,0.0008859206760256235,3.104063917676156e-13,dissociated
India,Nobility,Exploration & Invention,Nobility + Exploration & Invention,34674,13023,4,12.636079021668166,-1.5455378044055827,-3.2315887498592297,-0.5671089294088645,0.7821876713619381,0.063968015992004,0.00030714889042463337,-1.1250998698741939,0.4745710610484966,-2.055259149529247,-0.19494059021914056,0.017750968679136645,0.0733750771672987,0.0192302160690647,not distinguishable
India,Nobility,Culture (core),Nobility + Culture (core),34674,13023,137,210.37022496217097,-0.6169237812263757,-0.8403647700908486,-0.4258984726476811,0.10557024090832771,0.0004997501249375312,0.010519849497043692,-1.1330674446210192,0.09471769177790766,-1.3187141205057182,-0.9474207687363201,5.580450279820119e-33,0.0008859206760256235,1.978523281027133e-32,dissociated
India,Nobility,Culture (periphery),Nobility + Culture (periphery),34674,13023,6,82.22115605833133,-3.6697447247294757,-5.091125435565973,-2.8334757843067564,0.6212308746776541,0.0014992503748125937,0.00046072333563695,-2.6045240239926897,0.39429899786536865,-3.377350059808812,-1.8316979881765671,3.9630006004090486e-11,0.002206443947837402,7.188698763532692e-11,dissociated
India,Nobility,Sport & Games,Nobility + Sport & Games,34674,13023,39,19.85087317986375,0.9567619568211347,0.47228963218492287,1.359666062022488,0.2225133551538729,0.0009995002498750624,0.002994701681640175,-1.4025717365182813,0.16395619375812426,-1.7239258762842047,-1.0812175967523578,1.1832767848620357e-17,0.0015592203898050973,2.7968360369466297e-17,associated
India,Kinship,Big business,Kinship + Big business,34674,13023,56,57.19400509609977,-0.030170550693794863,-0.4319735387904921,0.31329169972830145,0.18434141564697265,0.8660669665167416,0.004300084465944867,-0.2097022296544966,0.1381263743028191,-0.48042992328802203,0.06102546397902883,0.12896623503219126,0.8660669665167416,0.13593738287176918,not distinguishable
India,Kinship,Small business,Kinship + Small business,34674,13023,22,54.46159885382727,-1.2884989718719357,-1.9555379433123863,-0.8016338318294651,0.3039117402846991,0.0004997501249375312,0.0016893188973354835,-0.8589309826929685,0.21456878389762019,-1.279485799132304,-0.43837616625363296,6.252933980440626e-05,0.0008859206760256235,8.33570818477874e-05,dissociated
India,Kinship,Academia,Kinship + Academia,34674,13023,99,194.78990321691828,-0.9728489308703657,-1.2659434181669522,-0.7201307197945829,0.1399537801738903,0.0004997501249375312,0.007601935038009675,-0.9500377125525261,0.10466837988940837,-1.1551877371357666,-0.7448876879692857,1.1197324378577116e-19,0.0008859206760256235,2.8173912952548868e-19,dissociated
India,Kinship,Exploration & Invention,Kinship + Exploration & Invention,34674,13023,5,29.872965300236128,-2.4652842413608953,-4.272020099762916,-1.5309499719600077,0.6545738316336384,0.005497251374312844,0.0003839361130307917,-1.685648743806241,0.42911246753978854,-2.5267091801842265,-0.8445883074282555,8.557643976296054e-05,0.007796101949025487,0.00011124937169184869,dissociated
India,Kinship,Culture (core),Kinship + Culture (core),34674,13023,598,497.3364300525054,0.26567944125109405,0.1774340153004365,0.3482219860442666,0.044398365317162625,0.0004997501249375312,0.045918759118482685,-0.11300611725948494,0.05277920987494496,-0.21645336861437706,-0.009558865904592817,0.032265133005395026,0.0008859206760256235,0.03447507362220291,associated
India,Kinship,Culture (periphery),Kinship + Culture (periphery),34674,13023,19,194.37910586535529,-3.3210333899827362,-4.08226778143222,-2.761103124177049,0.33407060016774487,0.0004997501249375312,0.0014589572295170084,-2.260959674709942,0.22854317141058475,-2.708904290674688,-1.8130150587451959,4.4679449512325827e-23,0.0008859206760256235,1.2446418078433623e-22,dissociated
India,Kinship,Sport & Games,Kinship + Sport & Games,34674,13023,98,46.92946638467379,1.0543400874084894,0.7709981971123514,1.2966841459993925,0.13614614599120753,0.0004997501249375312,0.007525147815403517,-1.231899420167319,0.10495955487784456,-1.4376201477278943,-1.0261786926067438,8.245716156637354e-32,0.0008859206760256235,2.7963733052944066e-31,associated
India,Big business,Small business,Big business + Small business,34674,13023,83,37.344954144927705,1.1416752386006128,0.8485336851236557,1.3971529243518008,0.14014922417239187,0.0004997501249375312,0.006373339476311142,0.6482068792488536,0.11711462430133739,0.4186622156182323,0.8777515428794749,3.115706869728187e-08,0.0008859206760256235,4.8605027167759715e-08,associated
India,Big business,Academia,Big business + Academia,34674,13023,164,133.56971070671221,0.29510424641268523,0.08088312583878476,0.48428976602883866,0.10129655900285155,0.006496751624187906,0.012593104507409967,-0.28539836263189783,0.08418608277463083,-0.4504030848701742,-0.12039364039362141,0.0006986978640612659,0.008890291696257133,0.0008650544983615673,associated
India,Big business,Exploration & Invention,Big business + Exploration & Invention,34674,13023,60,20.484241057714303,1.5276288565316165,1.1728998694542385,1.8303948547132234,0.17056301405857835,0.0004997501249375312,0.0046072333563695,0.9394404058403756,0.1381998335227312,0.6685687321358225,1.2103120795449287,1.0630573719541644e-11,0.0008859206760256235,2.022401829571337e-11,associated
India,Big business,Culture (core),Big business + Culture (core),34674,13023,169,341.0293962313163,-1.010724486623537,-1.2178940097735325,-0.8332619255267599,0.09858959044574221,0.0004997501249375312,0.012977040620440758,-1.6774793662818865,0.08239929114978564,-1.8389819769354663,-1.5159767556283068,3.948836064927114e-92,0.0008859206760256235,3.080092130643149e-91,dissociated
India,Big business,Culture (periphery),Big business + Culture (periphery),34674,13023,65,133.28802216689994,-1.0303821477597512,-1.4115690032888843,-0.7176597382862313,0.17331195628490376,0.0004997501249375312,0.004991169469400291,-0.9098459367849134,0.12767531802996973,-1.160089560123654,-0.6596023134461728,1.0314206097346365e-12,0.0008859206760256235,2.062841219469273e-12,dissociated
India,Big business,Sport & Games,Big business + Sport & Games,34674,13023,71,32.18008297709767,1.1295315952955784,0.801404519113318,1.4026562019818445,0.15680599967422254,0.0004997501249375312,0.005451892805037242,-1.4793484618789445,0.12206456196503113,-1.7185950033304056,-1.2401019204274835,8.337380188059294e-34,0.0008859206760256235,3.096741212707738e-33,associated
India,Small business,Academia,Small business + Academia,34674,13023,190,127.18850500691343,0.5771623435938955,0.3845683431469535,0.7414245527835321,0.09185545768428816,0.0004997501249375312,0.014589572295170083,0.25486548568577644,0.08126390591895187,0.09558823008463077,0.4141427412869221,0.0017111205610980049,0.0008859206760256235,0.002022233390388551,associated
India,Small business,Exploration & Invention,Small business + Exploration & Invention,34674,13023,36,19.505619818647933,0.8674911367119301,0.37964975522414385,1.2632128611041793,0.23115784224432415,0.0009995002498750624,0.0027643400138217,0.6945084883479341,0.17357994900654009,0.35429178829511554,1.0347251884007527,6.305215165409559e-05,0.0015592203898050973,8.33570818477874e-05,associated
India,Small business,Culture (core),Small business + Culture (core),34674,13023,269,324.7369395394799,-0.2712058511753099,-0.4188484552237498,-0.13409436180055007,0.0723600863471588,0.0009995002498750624,0.020655762881056593,-0.72049238407209,0.07105459259082962,-0.8597593855501161,-0.581225382594064,3.671622482953755e-24,0.0015592203898050973,1.0606909395199736e-23,dissociated
India,Small business,Culture (periphery),Small business + Culture (periphery),34674,13023,47,126.92027395313077,-1.423595425793013,-1.8872634632739964,-1.0715246398573839,0.20523252631525216,0.0004997501249375312,0.0036089994624894416,-0.9247585908183004,0.14943904675536937,-1.2176591224588242,-0.6318580591777764,6.085539425285282e-10,0.0008859206760256235,1.031895815591852e-09,dissociated
India,Small business,Sport & Games,Small business + Sport & Games,34674,13023,13,30.64270052843497,-1.2059346453635218,-2.152890011659021,-0.565918132771413,0.404485254627446,0.006496751624187906,0.0009982338938800584,-2.8807854658776217,0.2742265063466577,-3.4182694183170708,-2.3433015134381727,8.18088399195736e-26,0.008890291696257133,2.454265197587208e-25,dissociated
India,Academia,Exploration & Invention,Academia + Exploration & Invention,34674,13023,237,69.76471268972718,1.757055266241369,1.6197997404875966,1.8867553675642397,0.06918081989786484,0.0004997501249375312,0.018198571757659526,1.3994463081011528,0.0846887002946822,1.2334564555235756,1.56543616067873,2.4408165502757366e-61,0.0008859206760256235,1.1898980682594216e-60,associated
India,Academia,Culture (core),Academia + Culture (core),34674,13023,1245,1161.46933536837,0.1001530253799621,0.04678866800761009,0.15459993262402397,0.028148121842840424,0.0009995002498750624,0.09560009214466712,-0.7608731478995151,0.03483482268077352,-0.8291494003538312,-0.692596895445199,9.197629257209018e-106,0.0015592203898050973,8.967688525778793e-105,associated
India,Academia,Culture (periphery),Academia + Culture (periphery),34674,13023,137,453.9489915812068,-1.7246867534000916,-1.9788233309431382,-1.5236544872068556,0.11661995405556061,0.0004997501249375312,0.010519849497043692,-1.486349218572093,0.08841682379779416,-1.6596461932157696,-1.3130522439284165,2.0373091454770837e-63,0.0008859206760256235,1.0594007556480836e-62,dissociated
India,Academia,Sport & Games,Academia + Sport & Games,34674,13023,44,109.59811676221834,-1.3069125504985744,-1.7812784110227438,-0.9508380130336876,0.2118082071828099,0.0004997501249375312,0.003378637794670967,-3.3374268680109673,0.1512737937413232,-3.6339235037439606,-3.040930232277974,7.300958667005833e-108,0.0008859206760256235,8.135353943235072e-107,dissociated
India,Exploration & Invention,Culture (core),Exploration & Invention + Culture (core),34674,13023,67,178.12285226154424,-1.4039572573676036,-1.7620760578610462,-1.1184571494169957,0.16422768496750964,0.0004997501249375312,0.005144743914612608,-1.680908053085862,0.12959123301682454,-1.934906869798838,-1.426909236372886,1.7904093364647444e-38,0.0008859206760256235,7.350101486539477e-38,dissociated
India,Exploration & Invention,Culture (periphery),Exploration & Invention + Culture (periphery),34674,13023,13,69.61758412334775,-2.3768168821284106,-3.252509516581827,-1.7390577382937356,0.3997081782449973,0.0004997501249375312,0.0009982338938800584,-1.609779348831268,0.2758286369667621,-2.1504034772861216,-1.0691552203764143,5.341842591179662e-09,0.0008859206760256235,8.503341267592115e-09,dissociated
India,Exploration & Invention,Sport & Games,Exploration & Invention + Sport & Games,34674,13023,44,16.807959164921513,1.3623697139871993,0.9315963146612178,1.7033995851614503,0.2005144676318315,0.0004997501249375312,0.003378637794670967,-1.0105805837395752,0.15637377951908366,-1.317073191596979,-0.7040879758821712,1.0292171432808905e-10,0.0008859206760256235,1.8245212994524876e-10,associated
India,Culture (core),Culture (periphery),Culture (core) + Culture (periphery),34674,13023,2666,1159.0198833228008,1.2014197686447947,1.166346586691221,1.2377064156974762,0.01804842265997982,0.0004997501249375312,0.20471473546801813,1.7555296487506593,0.04142553716811397,1.6743355959011559,1.8367237016001627,0.0,0.0008859206760256235,0.0,associated
India,Culture (core),Sport & Games,Culture (core) + Sport & Games,34674,13023,217,279.8252641991414,-0.3660863715656922,-0.5264999504315605,-0.20583011125489709,0.08209859816344844,0.0004997501249375312,0.016662827305536358,-3.203696513248085,0.0700511764810034,-3.3409968191508517,-3.066396207345318,0.0,0.0008859206760256235,0.0,dissociated
India,Culture (periphery),Sport & Games,Culture (periphery) + Sport & Games,34674,13023,49,109.36698252292427,-1.1502574591006862,-1.5666164439352555,-0.788945205606879,0.2001095264674293,0.0004997501249375312,0.0037625739077017583,-2.827595817840997,0.1438612909975379,-3.109563948196171,-2.5456276874858226,5.237356117604034e-86,0.0008859206760256235,3.4042814764426217e-85,dissociated
Russia,Politics,Administration & Law,Politics + Administration & Law,40386,10000,398,108.56434329823686,1.8694002096750961,1.7619881778236754,1.9681639315742405,0.05284051394588657,0.0004997501249375312,0.0398,2.020130417899358,0.06725351738736264,1.8883135238201274,2.151947311978589,3.175643017527949e-198,0.0009995002498750624,3.0962519420897505e-197,associated
Russia,Politics,Military,Politics + Military,40386,10000,583,256.1131304122672,1.1851376636187811,1.0912869258426445,1.271353181053442,0.04608270683564481,0.0004997501249375312,0.0583,0.9949539747709318,0.04981648361523814,0.8973136668850651,1.0925942826567985,9.577004188082895e-89,0.0009995002498750624,5.335759476217613e-88,associated
Russia,Politics,Religion,Politics + Religion,40386,10000,72,74.12969017507375,-0.041768701664503215,-0.37545000593133904,0.2351551241366427,0.15627058259150847,0.7936031984007996,0.0072,0.025616466845668318,0.12445240339757294,-0.21831024381357464,0.2695431775049113,0.8369210157363682,0.8365006685846266,0.870397856365823,not distinguishable
Russia,Politics,Nobility,Politics + Nobility,40386,10000,100,128.59473833186908,-0.3612346987977197,-0.6366649234217614,-0.11443584085465097,0.13513112129383711,0.009495252373813094,0.01,0.08062483065164315,0.10638182506860934,-0.12788354648283118,0.28913320778611745,0.44852185033128733,0.014522150689361203,0.5221597660573196,dissociated
Russia,Politics,Kinship,Politics + Kinship,40386,10000,60,100.88428267639972,-0.7448269651730592,-1.1201100973359894,-0.4343991564624747,0.17905071161440791,0.0004997501249375312,0.006,-0.14164165440437063,0.13508008381217357,-0.40639861867623084,0.12311530986748956,0.29437357776353223,0.0009995002498750624,0.3644625248500875,dissociated
Russia,Politics,Big business,Politics + Big business,40386,10000,193,77.95963937427567,1.3023109569169793,1.1234571783839897,1.460386502570372,0.08436306948526151,0.0004997501249375312,0.0193,1.3078538767255035,0.08535842417881391,1.1405513653350283,1.4751563881159786,5.459163062037166e-53,0.0009995002498750624,2.1290735941944947e-52,associated
Russia,Politics,Small business,Politics + Small business,40386,10000,76,122.63945871734789,-0.6867614791242401,-1.0155877540369842,-0.40846423769332013,0.1584666559516431,0.0009995002498750624,0.0076,-0.09220798784144836,0.12063349936316481,-0.32864964659325135,0.14423367091035466,0.44464994229358457,0.0018130469648896482,0.5221597660573196,dissociated
Russia,Politics,Academia,Politics + Academia,40386,10000,506,506.8225498590985,-0.002341018875848429,-0.11462646427856228,0.09387851011623327,0.05295079036591014,0.967016491754123,0.0506,-0.07478378932259547,0.05010800967492156,-0.1729954882854417,0.02342790964025078,0.1355807436335902,0.9670164917541231,0.18553154391964977,not distinguishable
Russia,Politics,Exploration & Invention,Politics + Exploration & Invention,40386,10000,55,137.005109387118,-1.3089255504292252,-1.7339736820188092,-0.9612442215269194,0.19536693194099852,0.0004997501249375312,0.0055,-0.6327707101154421,0.13884288355702146,-0.9049027618872041,-0.36063865834368003,5.177626269822367e-06,0.0009995002498750624,9.850118269418162e-06,dissociated
Russia,Politics,Culture (core),Politics + Culture (core),40386,10000,287,654.3969302484314,-1.1877059125470628,-1.3517543445320204,-1.051266369461845,0.07602288260974219,0.0004997501249375312,0.0287,-1.288182117725671,0.06268522991830361,-1.411045168365546,-1.1653190670857958,7.694694574057221e-94,0.0009995002498750624,4.616816744434333e-93,dissociated
Russia,Politics,Culture (periphery),Politics + Culture (periphery),40386,10000,163,279.72163673216824,-0.7772777190498716,-0.9961997435746485,-0.5810309206747328,0.10574086618431072,0.0004997501249375312,0.0163,-0.2447206417780973,0.08312961079289899,-0.4076546789321793,-0.08178660462401527,0.0032416289844476713,0.0009995002498750624,0.00495778550562585,dissociated
Russia,Politics,Sport & Games,Politics + Sport & Games,40386,10000,82,128.1684908324016,-0.6411927758985507,-0.9629778659388684,-0.3734616166305004,0.15246776176017157,0.0004997501249375312,0.0082,-3.91523677859009,0.11187026274559539,-4.134502493571457,-3.695971063608723,2.4120853303850803e-268,0.0009995002498750624,4.703566394250906e-267,dissociated
Russia,Administration & Law,Military,Administration & Law + Military,40386,10000,73,72.42128081141554,0.011404348417681684,-0.2978479506000687,0.29377663958572453,0.15575034965844287,0.9385307346326837,0.0073,-0.02155109025126792,0.12269521922737801,-0.2620337199369288,0.21893153943439297,0.8605709998101961,0.9507194454720691,0.8832176050683592,not distinguishable
Russia,Administration & Law,Religion,Administration & Law + Religion,40386,10000,14,20.96170196346601,-0.5657115895023865,-1.4621902794925945,0.04560297032290539,0.3903649303171461,0.13843078460769614,0.0014,-0.3135626657029849,0.26700467213674534,-0.8368918230910058,0.20976649168503597,0.24024627306130442,0.16360001817273181,0.30720015243904497,not distinguishable
Russia,Administration & Law,Nobility,Administration & Law + Nobility,40386,10000,29,36.36281997963788,-0.32145148586531563,-0.9289460135136614,0.13922614222570406,0.27092098590700897,0.20939530234882558,0.0029,0.13773125796581281,0.18957568158911778,-0.233837077948858,0.5092995938804836,0.4675176793478234,0.24018872916482933,0.5284982462192787,not distinguishable
Russia,Administration & Law,Kinship,Administration & Law + Kinship,40386,10000,19,28.527115940541485,-0.5739271126477776,-1.275744950649999,-0.032927928596388475,0.3227007928462864,0.07396301849075462,0.0019,0.026424734261264272,0.23165204163551856,-0.42761326734435207,0.48046273586688065,0.9091816674446564,0.09305024906901388,0.9209892215673143,not distinguishable
Russia,Administration & Law,Big business,Administration & Law + Big business,40386,10000,17,22.044699254555198,-0.3654333425483122,-1.1581476459551567,0.2023556407888389,0.35283986880469703,0.2843578210894553,0.0017,-0.05773542738355433,0.2440407427585967,-0.5360552831904039,0.42058442842329513,0.8129817839651307,0.32144797166634076,0.8569267452605431,not distinguishable
Russia,Administration & Law,Small business,Administration & Law + Small business,40386,10000,19,34.6788415886062,-0.8512338528119902,-1.5874441001956925,-0.30793223352532323,0.32565354111240385,0.017991004497751123,0.0019,-0.17186745927144975,0.23114496554515832,-0.62491159173996,0.2811766731970605,0.4571497563650839,0.025987006496751622,0.5243776617128904,dissociated
Russia,Administration & Law,Academia,Administration & Law + Academia,40386,10000,101,143.314550666807,-0.5027299227259378,-0.7805441188211968,-0.26154757108089216,0.13245458246446642,0.0004997501249375312,0.0101,-0.4443301851572046,0.1056829470505234,-0.6514687613762304,-0.23719160893817876,2.618106558779541e-05,0.0009995002498750624,4.86219789487629e-05,dissociated
Russia,Administration & Law,Exploration & Invention,Administration & Law + Exploration & Invention,40386,10000,5,38.74102621584267,-2.834859247092334,-4.702882871256549,-1.960110650629824,0.7017690424578023,0.009495252373813094,0.0005,-1.6467991306122285,0.42867248332257907,-2.4869971979244836,-0.8066010632999735,0.00012222223183251877,0.014522150689361203,0.00020724639310731443,dissociated
Russia,Administration & Law,Culture (core),Administration & Law + Culture (core),40386,10000,66,185.04425669766434,-1.4803370990867388,-1.8407980822803978,-1.1837033493225622,0.1669509616610082,0.0004997501249375312,0.0066,-1.4244461707815612,0.1275035177900117,-1.674353065649984,-1.1745392759131383,5.602197135004698e-29,0.0009995002498750624,1.7478855061214657e-28,dissociated
Russia,Administration & Law,Culture (periphery),Administration & Law + Culture (periphery),40386,10000,30,79.097073899335,-1.383906153564365,-1.9584649258205302,-0.9559937335637242,0.2539516188496383,0.0004997501249375312,0.003,-0.6466143263000131,0.1851914247066095,-1.0095895187249677,-0.28363913387505857,0.00048013720317832817,0.0009995002498750624,0.0007802229551647833,dissociated
Russia,Administration & Law,Sport & Games,Administration & Law + Sport & Games,40386,10000,35,36.242289689744474,-0.049622509864328354,-0.5487553830082991,0.35725814753723234,0.23363665477855736,0.8285857071464268,0.0035,-3.3219374684247147,0.1712065904168511,-3.657502385641743,-2.9863725512076864,7.266450954573383e-84,0.8617291354322839,3.778554496378159e-83,not distinguishable
Russia,Military,Religion,Military + Religion,40386,10000,22,49.450555730662586,-1.15057572753456,-1.8155448584022689,-0.6528214153060116,0.3059963285074754,0.001999000499750125,0.0022,-1.040807960775012,0.21470396552745943,-1.4616277332088325,-0.6199881883411915,1.2493759990001028e-06,0.0033896095430545597,2.4987519980002057e-06,dissociated
Russia,Military,Nobility,Military + Nobility,40386,10000,383,85.7831896981045,2.152075161896321,2.0438785879247123,2.2546786811552884,0.05394041435061212,0.0004997501249375312,0.0383,2.0729663224077157,0.0671697468709003,1.9413136185407511,2.2046190262746803,3.913934956746812e-209,0.0009995002498750624,4.361241808946448e-208,associated
Russia,Military,Kinship,Military + Kinship,40386,10000,54,67.2980533313319,-0.3149876203223135,-0.7402431134981334,0.004043153782301033,0.18941528904719304,0.09745127436281859,0.0054,-0.06867394969555252,0.1417979546035386,-0.3465979407184882,0.20925004132738317,0.6281669694538025,0.12065395873491824,0.6805142169082861,not distinguishable
Russia,Military,Big business,Military + Big business,40386,10000,20,52.00544454610815,-1.356843120903348,-2.144277296531268,-0.8435907611265129,0.3302789942975574,0.0014992503748125937,0.002,-1.076113615660795,0.22474404987700972,-1.5166119534197342,-0.635615277901856,1.6830569551735933e-06,0.0026577620280768704,3.281961062588507e-06,dissociated
Russia,Military,Small business,Military + Small business,40386,10000,38,81.81053197116607,-1.0962185954157433,-1.5818508456896132,-0.7032191025887018,0.222192752410232,0.0004997501249375312,0.0038,-0.6471746960491318,0.16569227092546535,-0.9719315470630439,-0.32241784503521975,9.388176290375208e-05,0.0009995002498750624,0.0001627283890331703,dissociated
Russia,Military,Academia,Military + Academia,40386,10000,218,338.092020729789,-0.6319146953115669,-0.8105240987426423,-0.46225734503400634,0.08797046885385561,0.0004997501249375312,0.0218,-0.8653216371545784,0.07166002239482697,-1.0057752810484393,-0.7248679932607176,1.4251321007456428e-33,0.0009995002498750624,4.833056689485223e-33,dissociated
Russia,Military,Exploration & Invention,Military + Exploration & Invention,40386,10000,162,91.39359386411282,0.8224035219451934,0.6071723224390914,1.0112802814112816,0.10172316907562995,0.0004997501249375312,0.0162,0.7759702074021261,0.08709469293607965,0.60526460924741,0.9466758055568422,5.126300703193286e-19,0.0009995002498750624,1.4280409101752724e-18,associated
Russia,Military,Culture (core),Military + Culture (core),40386,10000,152,436.5361812898253,-1.5189434796284744,-1.7360684487557603,-1.320119553633915,0.10685834122428514,0.0004997501249375312,0.0152,-1.7846855439894487,0.08396938373381058,-1.9492655361077174,-1.62010555187118,3.0272262254599886e-100,0.0009995002498750624,2.1465785962352643e-99,dissociated
Russia,Military,Culture (periphery),Military + Culture (periphery),40386,10000,26,186.59716981991932,-2.8197234706066356,-3.4788399428213954,-2.3391592569845696,0.28910879794597244,0.0004997501249375312,0.0026,-1.9835342966641336,0.19632070488580924,-2.3683228782403196,-1.5987457150879476,5.3282733021351984e-24,0.0009995002498750624,1.5984819906405595e-23,dissociated
Russia,Military,Sport & Games,Military + Sport & Games,40386,10000,72,85.49884781460692,-0.24633633604428087,-0.5948635401070891,0.041459014120963936,0.16436354526827815,0.13393303348325838,0.0072,-3.8425048977416076,0.1193220799292127,-4.076376174402864,-3.608633621080351,1.6126736858096454e-227,0.16071964017991008,2.096475791552539e-226,not distinguishable
Russia,Religion,Nobility,Religion + Nobility,40386,10000,13,24.82918882102532,-0.907841467538884,-1.9027880521918377,-0.2884619880508232,0.4101413977807919,0.034482758620689655,0.0013,-0.44225041932298564,0.2763048785390364,-0.9838079812594971,0.09930714261352575,0.10946808442051312,0.04558737580362361,0.15247340330000042,dissociated
Russia,Religion,Kinship,Religion + Kinship,40386,10000,19,19.478828886307937,-0.03499789411870977,-0.7848938304723827,0.5146444060041384,0.32260142816663107,0.9260369815092454,0.0019,0.2620798153990101,0.23222394273897987,-0.19307911236939046,0.7172387431674107,0.2590813796634255,0.9504063757594887,0.3259410905443095,not distinguishable
Russia,Religion,Big business,Religion + Big business,40386,10000,7,15.052517945543505,-1.0521856702117378,-2.5263564348706256,-0.24483976181710057,0.5583356135005307,0.06446776611694154,0.0007,-0.6965069951085324,0.36874885171949456,-1.4192547444787418,0.026240754261676935,0.05891348416043666,0.08243419273969574,0.0835500320820738,not distinguishable
Russia,Religion,Small business,Religion + Small business,40386,10000,16,23.679338026591182,-0.5513087230594045,-1.3844762068445386,0.01073493463665082,0.35590597616910924,0.11294352823588207,0.0016,-0.11046565988885976,0.25101541035752806,-0.6024558641896147,0.3815245444118952,0.6598826345589921,0.13764992503748127,0.7050800752822107,not distinguishable
Russia,Religion,Academia,Religion + Academia,40386,10000,118,97.85775804239448,0.2687763033589478,0.022001999923674808,0.48051670283763614,0.1140822949014175,0.022488755622188907,0.0118,-0.0007767584362057871,0.10057849391725109,-0.1979106065140179,0.19635708964160634,0.9938380723468004,0.031893144336922453,0.9938380723468005,associated
Russia,Religion,Exploration & Invention,Religion + Exploration & Invention,40386,10000,10,26.453070899674177,-1.3600603279930281,-2.502134402811563,-0.6409645361064633,0.46952001629024764,0.01199400299850075,0.001,-0.7571015539063096,0.31216838806300434,-1.368951594509798,-0.14525151330282116,0.015295800160973745,0.017651551582699217,0.02294370024146062,dissociated
Russia,Religion,Culture (core),Religion + Culture (core),40386,10000,163,126.35155338242117,0.366149449444139,0.16738661215860606,0.5359074217746308,0.0926694848738097,0.0004997501249375312,0.0163,-0.11771692623103125,0.0885682119375845,-0.29131062162869686,0.055876769166634366,0.18381156960837164,0.0009995002498750624,0.2471948694733274,associated
Russia,Religion,Culture (periphery),Religion + Culture (periphery),40386,10000,21,54.00890756374005,-1.3421553471016785,-2.019581465377631,-0.8374044555829966,0.3072958076772624,0.0004997501249375312,0.0021,-0.7734218371957873,0.21971748765856172,-1.2040681130065682,-0.3427755613850063,0.0004314262536351407,0.0009995002498750624,0.0007159839953944888,dissociated
Russia,Religion,Sport & Games,Religion + Sport & Games,40386,10000,82,24.74688856686208,1.7082885186524466,1.4249427344787993,1.9603694537560543,0.13969151203055313,0.0004997501249375312,0.0082,-2.164973167775121,0.11672939173412761,-2.3937627755740114,-1.9361835599762311,8.632682379617177e-77,0.0009995002498750624,3.9608777977067047e-76,associated
Russia,Nobility,Kinship,Nobility + Kinship,40386,10000,254,33.79044074958634,2.8917873032240324,2.761011553168099,3.025834840702188,0.0678150159058629,0.0004997501249375312,0.0254,3.1799841955058956,0.08454709606669282,3.0142718872151777,3.3456965037966135,1.36920145212669e-309,0.0009995002498750624,3.559923775529396e-308,associated
Russia,Nobility,Big business,Nobility + Big business,40386,10000,9,26.112001842600506,-1.4860776201678858,-2.6480692202189746,-0.7635336758110302,0.5005626828374199,0.009495252373813094,0.0009,-0.7425476944189657,0.3280252758656085,-1.3854772351155584,-0.09961815372237315,0.023593158382883055,0.014522150689361203,0.0340790065530533,dissociated
Russia,Nobility,Small business,Nobility + Small business,40386,10000,27,41.07717528846857,-0.5963601276362436,-1.1917133417193162,-0.12808724137874547,0.27204986927110314,0.029985007496251874,0.0027,0.13348256601330016,0.19614594983487116,-0.2509634956630473,0.5179286276896476,0.49617098922533387,0.041032115521186775,0.5528762451368006,dissociated
Russia,Nobility,Academia,Nobility + Academia,40386,10000,33,169.75644656662098,-2.345476424594637,-2.9155226782098618,-1.9397506088700989,0.2446549605610832,0.0004997501249375312,0.0033,-1.6957672683021352,0.17615740781729086,-2.0410357876240255,-1.3504987489802451,6.183962327465755e-22,0.0009995002498750624,1.7864780057123293e-21,dissociated
Russia,Nobility,Exploration & Invention,Nobility + Exploration & Invention,40386,10000,5,45.888843220362176,-3.076274346989338,-4.94007439739496,-2.1581687604521402,0.7244902945340274,0.011494252873563218,0.0005,-1.7012941860858353,0.4286116419467189,-2.5413730043014042,-0.8612153678702662,7.20798495268202e-05,0.017241379310344827,0.00013074949449051106,dissociated
Russia,Nobility,Culture (core),Nobility + Culture (core),40386,10000,75,219.1853885624509,-1.5408903686883273,-1.8750951636835649,-1.251496133834279,0.15926225734341656,0.0004997501249375312,0.0075,-1.345278815947728,0.12006275707585067,-1.5806018198163954,-1.1099558120790607,3.862383381739982e-29,0.0009995002498750624,1.2552745990654943e-28,dissociated
Russia,Nobility,Culture (periphery),Nobility + Culture (periphery),40386,10000,11,93.69068344068992,-3.0339505063263,-4.111234397536473,-2.3616080607019803,0.4529201106850662,0.0004997501249375312,0.0011,-1.7052918710111868,0.2973028668488152,-2.2880054900348648,-1.122578251987509,9.701059683857975e-09,0.0009995002498750624,2.1018962648358946e-08,dissociated
Russia,Nobility,Sport & Games,Nobility + Sport & Games,40386,10000,9,42.92908350578285,-2.1926620890222837,-3.342408707800565,-1.4476634994246802,0.49495767307935146,0.0009995002498750624,0.0009,-4.725604158649787,0.3260765848455487,-5.364714264947063,-4.086494052352512,1.3550054404854363e-47,0.0018130469648896482,5.032877350374478e-47,dissociated
Russia,Kinship,Big business,Kinship + Big business,40386,10000,16,20.485212764593612,-0.3469070660040063,-1.1636803500357038,0.24401297277207734,0.35412583129883246,0.31334332833583206,0.0016,0.14780278021449308,0.25163562152303837,-0.3454030379706621,0.6410085983996483,0.5569563978251442,0.34915399443135575,0.611867591976919,not distinguishable
Russia,Kinship,Small business,Kinship + Small business,40386,10000,12,32.2255903865616,-1.3884911244819802,-2.3602701963352364,-0.7371544066837892,0.41480463495760883,0.005497251374312844,0.0012,-0.3659139210766747,0.2871093530436224,-0.9286482530421747,0.19682041088882524,0.20249484544620933,0.00893303348325837,0.2632432990800721,dissociated
Russia,Kinship,Academia,Kinship + Academia,40386,10000,56,133.17619028370413,-1.2424197502434549,-1.6294854012161473,-0.9107216681653929,0.18228002746586197,0.0004997501249375312,0.0056,-0.8076722413090422,0.138909998397993,-1.0799358381691087,-0.535408644448976,6.086760197489823e-09,0.0009995002498750624,1.3564779868691605e-08,dissociated
Russia,Kinship,Exploration & Invention,Kinship + Exploration & Invention,40386,10000,6,36.000407879742205,-2.489400962459295,-3.9230972101706536,-1.675150889741597,0.6084566382660791,0.001999000499750125,0.0006,-1.2139653830408093,0.39507871626469016,-1.988319666919602,-0.43961109916201657,0.002121190151214987,0.0033896095430545597,0.0033765884039748777,dissociated
Russia,Kinship,Culture (core),Kinship + Culture (core),40386,10000,146,171.95385274010698,-0.23530969533104742,-0.46119899054002506,-0.05304516736399182,0.10580115010448311,0.02948525737131434,0.0146,-0.21803138934908944,0.09258287280513194,-0.39949382004714806,-0.036568958651030825,0.018523392764353233,0.041032115521186775,0.027260842181500985,dissociated
Russia,Kinship,Culture (periphery),Kinship + Culture (periphery),40386,10000,17,73.50158735097497,-2.080201295154502,-2.9285936227248484,-1.4966153680040308,0.3649025698982098,0.0004997501249375312,0.0017,-0.9543184082294801,0.24277667804851147,-1.4301606972045626,-0.47847611925439765,8.464650241413012e-05,0.0009995002498750624,0.0001500551633705034,dissociated
Russia,Kinship,Sport & Games,Kinship + Sport & Games,40386,10000,92,33.67843701551252,1.4363669417432459,1.1517805024848007,1.671056910510073,0.13382096416532402,0.0004997501249375312,0.0092,-1.9994406332528556,0.11129069176774861,-2.217570389117643,-1.7813108773880684,3.6019908455977975e-72,0.0009995002498750624,1.5608626997590457e-71,associated
Russia,Big business,Small business,Big business + Small business,40386,10000,29,24.9027434057097,0.21573064314296653,-0.38921875085283403,0.6668455465497863,0.26500013341078626,0.4062968515742129,0.0029,0.5637879289043917,0.19084045558954627,0.18974063594888102,0.9378352218599023,0.003134432226557425,0.44635428764491,0.004889714273429583,not distinguishable
Russia,Big business,Academia,Big business + Academia,40386,10000,59,102.91363027341302,-0.7974647768380897,-1.1699934422820546,-0.4799697146317345,0.17640145619403375,0.0009995002498750624,0.0059,-0.7205537121631306,0.13583925869208108,-0.9867986591996094,-0.4543087651266517,1.130079398706949e-07,0.0018130469648896482,2.3823295432200548e-07,dissociated
Russia,Big business,Exploration & Invention,Big business + Exploration & Invention,40386,10000,43,27.819782637836894,0.6192052085813531,0.13967693764993197,0.9769105261554594,0.21190609379552594,0.005497251374312844,0.0043,0.8015331507485655,0.15927456053401085,0.4893550121019042,1.1137112893952268,4.843796275213032e-07,0.00893303348325837,9.942529196489909e-07,associated
Russia,Big business,Culture (core),Big business + Culture (core),40386,10000,62,132.8795724467399,-1.0936096347052715,-1.4569496996216489,-0.7875911601736265,0.17349361564995816,0.0004997501249375312,0.0062,-1.17740133468743,0.1326572343726241,-1.4374095140577732,-0.9173931553170867,6.961026356754695e-19,0.0009995002498750624,1.872276054575401e-18,dissociated
Russia,Big business,Culture (periphery),Big business + Culture (periphery),40386,10000,47,56.79930600982813,-0.2705901522010281,-0.7221711603960635,0.08921096604223831,0.20619754987724956,0.17791104447776113,0.0047,0.12906010868289358,0.15150111592900745,-0.167882078537961,0.42600229590374816,0.3942831237005757,0.20712032043679654,0.4731397484406909,not distinguishable
Russia,Big business,Sport & Games,Big business + Sport & Games,40386,10000,83,26.025449502777903,1.6543989981927842,1.3668141325017922,1.9080631631542653,0.13868504821063293,0.0004997501249375312,0.0083,-2.0838033506878872,0.11652183213991915,-2.3121861416821288,-1.8554205596936457,1.589257218318754e-71,0.0009995002498750624,6.524319106782253e-71,associated
Russia,Small business,Academia,Small business + Academia,40386,10000,215,161.89494990831474,0.40818110043361,0.23737444119210716,0.5636001398789214,0.08347194389094766,0.0004997501249375312,0.0215,0.5551990594299171,0.07898054203176581,0.4003971970476561,0.7100009218121781,2.071745591809388e-12,0.0009995002498750624,5.049879880035383e-12,associated
Russia,Small business,Exploration & Invention,Small business + Exploration & Invention,40386,10000,57,43.763710449696894,0.37743756449764915,-0.0027156897432552415,0.6941125484911372,0.17935306851776256,0.037481259370314844,0.0057,0.876089577411793,0.13968491647128753,0.6023071411280695,1.1498720136955165,3.5667274195158756e-10,0.0487256371814093,8.430446627946614e-10,associated
Russia,Small business,Culture (core),Small business + Culture (core),40386,10000,321,209.0348155822547,0.6176287604794046,0.49460245879635206,0.7403556749900675,0.06215104770473938,0.0004997501249375312,0.0321,0.6108224724784332,0.06996431191189012,0.47369242113112864,0.7479525238257378,2.535797331743205e-18,0.0009995002498750624,6.593073062532334e-18,associated
Russia,Small business,Culture (periphery),Small business + Culture (periphery),40386,10000,58,89.35182615614873,-0.6191112007937293,-0.998226622652065,-0.2990333581675528,0.17742300903008934,0.0009995002498750624,0.0058,0.11987295971871456,0.13681251590743024,-0.14827957145984869,0.3880254908972778,0.3809299246929321,0.0018130469648896482,0.46425834571951097,dissociated
Russia,Small business,Sport & Games,Small business + Sport & Games,40386,10000,38,40.941018525921166,-0.10620101581339998,-0.6115395512922179,0.28747310191336767,0.22938384690821464,0.6206896551724138,0.0038,-3.1649166220496583,0.16490788180849414,-3.4881360703943067,-2.84169717370501,4.3147204019570485e-82,0.6632026452527161,2.1034261959540612e-81,not distinguishable
Russia,Academia,Exploration & Invention,Academia + Exploration & Invention,40386,10000,511,180.85888141866965,1.4958868419746512,1.40823483358812,1.5799512231914257,0.04391785414296961,0.0004997501249375312,0.0511,1.6570442475532419,0.06196527597990398,1.53559230663263,1.7784961884738537,1.550573305764617e-157,0.0009995002498750624,1.2094471784964011e-156,associated
Russia,Academia,Culture (core),Academia + Culture (core),40386,10000,1113,863.8619197341463,0.3653941386833702,0.3068253758780984,0.4227363339521471,0.02983439144566611,0.0004997501249375312,0.1113,-0.28812981328253057,0.03556574630478799,-0.35783867603991504,-0.2184209505251461,5.436199969684637e-16,0.0009995002498750624,1.3678180568883926e-15,associated
Russia,Academia,Culture (periphery),Academia + Culture (periphery),40386,10000,238,369.25734050569775,-0.6325895220835452,-0.8041920492051442,-0.47115091916356167,0.0846314870585689,0.0004997501249375312,0.0238,-0.4219653312310438,0.06991889969181343,-0.5590063746269981,-0.2849242878350895,1.5889552137257044e-09,0.0009995002498750624,3.6452501961942632e-09,dissociated
Russia,Academia,Sport & Games,Academia + Sport & Games,40386,10000,69,169.19376210685118,-1.2878486498580364,-1.646620504810038,-1.0023119953137698,0.16518426733660774,0.0004997501249375312,0.0069,-4.7694536106173855,0.12114377600698392,-5.006895411591074,-4.532011809643697,0.0,0.0009995002498750624,0.0,dissociated
Russia,Exploration & Invention,Culture (core),Exploration & Invention + Culture (core),40386,10000,59,233.5205819895857,-1.975673846140859,-2.3651972042792555,-1.6623011986491147,0.17648744959945753,0.0004997501249375312,0.0059,-1.661829059114749,0.13380324378271097,-1.9240834169288625,-1.3995747013006357,2.0369900297259758e-35,0.0009995002498750624,7.222055559937551e-35,dissociated
Russia,Exploration & Invention,Culture (periphery),Exploration & Invention + Culture (periphery),40386,10000,52,99.81825461799983,-0.9341948249239795,-1.3647249007603948,-0.6018968385522807,0.19662291489243572,0.0004997501249375312,0.0052,-0.18618324689397187,0.14307997239992157,-0.46661999279781813,0.0942534990098744,0.19317186063272718,0.0009995002498750624,0.25537974795513085,dissociated
Russia,Exploration & Invention,Sport & Games,Exploration & Invention + Sport & Games,40386,10000,42,45.7367374271558,-0.12157676022744267,-0.5891730551807507,0.2522016715318742,0.21691656978011853,0.5642178910544727,0.0042,-3.2517604987731374,0.15674474619224996,-3.5589802013099474,-2.9445407962363275,1.3439691060026315e-95,0.6112360486423455,8.735799189017104e-95,not distinguishable
Russia,Culture (core),Culture (periphery),Culture (core) + Culture (periphery),40386,10000,1216,476.7760830014506,1.349840372508622,1.2984481317583623,1.402841602318346,0.026913481782212555,0.0004997501249375312,0.1216,1.4880495844385586,0.043935865874274144,1.4019352873249813,1.574163881552136,1.9272926170851973e-251,0.0009995002498750624,3.006576482652908e-250,associated
Russia,Culture (core),Sport & Games,Culture (core) + Sport & Games,40386,10000,268,218.45886409491442,0.29426223272512525,0.15449022095440962,0.4291731448859474,0.07072455344960332,0.0004997501249375312,0.0268,-4.022612030440248,0.06304532745045348,-4.146180872243137,-3.8990431886373593,0.0,0.0009995002498750624,0.0,associated
Russia,Culture (periphery),Sport & Games,Culture (periphery) + Sport & Games,40386,10000,73,93.38013092463805,-0.3530756038868823,-0.70119410405759,-0.06212708098856137,0.1654197385343578,0.030984507746126936,0.0073,-3.4855764406866903,0.11901952406589042,-3.7188547078558356,-3.252298173517545,1.5750137901948854e-188,0.04166882076203277,1.365011951502234e-187,dissociated
Switzerland,Politics,Administration & Law,Politics + Administration & Law,27330,9802,759,219.74563953606963,1.7859365080423342,1.7144839009186088,1.8540128517248635,0.03589974752200254,0.0004997501249375312,0.07743317690267293,1.3562211672972602,0.05026653727248908,1.2576987542431817,1.4547435803513387,2.4968717609355457e-160,0.0009745127436281859,3.895119947059451e-159,associated
Switzerland,Politics,Military,Politics + Military,27330,9802,123,51.989121790320716,1.2344206770672432,1.0117655008574633,1.4303166877724236,0.10633611111511304,0.0004997501249375312,0.01254845949806162,0.28494187641476254,0.10256353182131736,0.08391735404498052,0.48596639878454456,0.005466117168409327,0.0009745127436281859,0.007226392188744534,associated
Switzerland,Politics,Religion,Politics + Religion,27330,9802,48,104.4557896849409,-1.1137250999191086,-1.5427137458329656,-0.7862486173977238,0.19734626012807308,0.0004997501249375312,0.004896959804121608,-1.5396415693069665,0.147682164001455,-1.8290986107498184,-1.2501845278641146,1.899137293241996e-25,0.0009745127436281859,6.733304948767076e-25,dissociated
Switzerland,Politics,Nobility,Politics + Nobility,27330,9802,26,20.57073052167563,0.33075202645422963,-0.25763739572142097,0.7588526974035423,0.2576664087276322,0.1934032983508246,0.002652519893899204,-0.1931773644644852,0.2104027454611716,-0.6055667455683815,0.21921201663941114,0.358550084584924,0.2275773877766999,0.37793117023816314,not distinguishable
Switzerland,Politics,Kinship,Politics + Kinship,27330,9802,26,44.99099142231536,-0.7795885171272106,-1.4095586863366827,-0.31760239480579394,0.27254349901657476,0.009995002498750625,0.002652519893899204,-0.9231787568826832,0.20259367326289218,-1.3202623564779519,-0.5260951572874146,5.193895034314516e-06,0.016587450955373378,8.102476253530646e-06,dissociated
Switzerland,Politics,Big business,Politics + Big business,27330,9802,302,126.21453845190744,1.255353082398036,1.123075151856973,1.3831616913160474,0.06700158140546676,0.0004997501249375312,0.030810038767598448,0.4598116355942467,0.06792465612456618,0.326679309590097,0.5929439615983965,1.2928508299335667e-11,0.0009745127436281859,2.725469317157249e-11,associated
Switzerland,Politics,Small business,Politics + Small business,27330,9802,182,167.65490746003968,0.11810558066815227,-0.07223056914147213,0.290137775012199,0.09353313935986687,0.2158920539730135,0.01856763925729443,-0.2969690732714253,0.08114290342643173,-0.45600916398723146,-0.1379289825556191,0.00025238455904705363,0.2371771860548599,0.0003785768385705804,not distinguishable
Switzerland,Politics,Academia,Politics + Academia,27330,9802,500,596.9852384086553,-0.2555330009564622,-0.35914927887514986,-0.1534467970171864,0.05268237633141592,0.0004997501249375312,0.05100999795960008,-1.1029330575901641,0.04966067382571199,-1.2002679782885597,-1.0055981368917686,2.787222934022785e-109,0.0009745127436281859,3.105762697911103e-108,dissociated
Switzerland,Politics,Exploration & Invention,Politics + Exploration & Invention,27330,9802,30,63.55250149476538,-1.0704456717418485,-1.6443311839933188,-0.6361796828752856,0.2602732374616824,0.0009995002498750624,0.0030605998775760047,-1.3227458184972354,0.18666081043758279,-1.6886010069548976,-0.9568906300395732,1.376847373685323e-12,0.001856214749767973,3.158649857278094e-12,dissociated
Switzerland,Politics,Culture (core),Politics + Culture (core),27330,9802,184,703.1445029679586,-1.931225914649265,-2.1267924508326357,-1.7492141072006968,0.09736941728126154,0.0004997501249375312,0.01877167924913283,-2.726739801865086,0.0763686718232844,-2.8764223986387236,-2.5770572050914486,3.3120253661104504e-279,0.0009745127436281859,1.2916898927830758e-277,dissociated
Switzerland,Politics,Culture (periphery),Politics + Culture (periphery),27330,9802,210,352.0842685689912,-0.7441478733465514,-0.9198310809643232,-0.5685674798762809,0.09244677351015144,0.0004997501249375312,0.021424199143032036,-1.1000046718097118,0.07333083163449293,-1.243733101813318,-0.9562762418061057,7.278554793170614e-51,0.0009745127436281859,4.055194813337914e-50,dissociated
Switzerland,Politics,Sport & Games,Politics + Sport & Games,27330,9802,162,100.61176972321061,0.6844887769535684,0.4892264662964409,0.8572214308052637,0.09392921587234744,0.0004997501249375312,0.016527239338910427,-2.32545507824826,0.08124928132947286,-2.484703669654027,-2.1662064868424933,3.6564979169812373e-180,0.0009745127436281859,9.506894584151217e-179,associated
Switzerland,Administration & Law,Military,Administration & Law + Military,27330,9802,48,30.589416095645134,0.6415612262730165,0.2205699225535528,0.9794409560634001,0.19282198054741975,0.0029985007496251873,0.004896959804121608,0.20821053064132297,0.15186127723835552,-0.08943757274585382,0.5058586340284997,0.1703570577681388,0.005439140894668944,0.19540956626345335,associated
Switzerland,Administration & Law,Religion,Administration & Law + Religion,27330,9802,20,61.45981128819031,-1.595708840368248,-2.3823281544782184,-1.0824416730595832,0.332742437091473,0.0004997501249375312,0.0020403999183840034,-1.4123565926861028,0.22419662544903501,-1.8517819785662115,-0.9729312068059942,2.983500672217549e-10,0.0009745127436281859,6.124027695604443e-10,dissociated
Switzerland,Administration & Law,Nobility,Administration & Law + Nobility,27330,9802,21,12.103428826067912,0.770520380263426,0.10476411227182754,1.2368546284123598,0.2917441509254546,0.01649175412293853,0.0021424199143032035,0.5826350423100468,0.23058999730834187,0.13067864758569675,1.034591437034397,0.011513512354404194,0.02522268277625893,0.01496756606072545,associated
Switzerland,Administration & Law,Kinship,Administration & Law + Kinship,27330,9802,8,26.471848528686515,-1.665919654401474,-2.994920729668343,-0.9275368030668876,0.5316978533694647,0.013493253373313344,0.0008161599673536013,-1.1045594751623427,0.34800955958398755,-1.7866582119469583,-0.422460738377727,0.0015038773169821322,0.021926536731634184,0.0021722672356408574,dissociated
Switzerland,Administration & Law,Big business,Administration & Law + Big business,27330,9802,31,74.26224758318584,-1.2469581129741925,-1.7945177603749969,-0.8328910426476647,0.25062752998900045,0.0004997501249375312,0.003162619873495205,-1.0963599216818085,0.18203300484137375,-1.453144611170901,-0.739575232192716,1.7135806535704635e-09,0.0009745127436281859,3.341482274462404e-09,dissociated
Switzerland,Administration & Law,Small business,Administration & Law + Small business,27330,9802,19,98.64497702915315,-2.346065559233696,-3.0690027950040384,-1.7940720150557288,0.324994616396227,0.0004997501249375312,0.0019383799224648032,-1.681859938516985,0.22933888701138994,-2.131364157059309,-1.2323557199746609,2.241950504259549e-13,0.0009745127436281859,5.641036752653059e-13,dissociated
Switzerland,Administration & Law,Academia,Administration & Law + Academia,27330,9802,494,351.2548246975805,0.4914003092651876,0.3968765274726407,0.5854161653041923,0.049682197307353196,0.0004997501249375312,0.050397877984084884,0.1235582522277815,0.05444972380946586,0.016836793561228414,0.23027971089433458,0.02325511810007753,0.0009745127436281859,0.028792050981048374,associated
Switzerland,Administration & Law,Exploration & Invention,Administration & Law + Exploration & Invention,27330,9802,5,37.39309003877857,-2.7844312672408185,-4.628974268228707,-1.8575685758485685,0.6664801260541288,0.00399800099950025,0.0005100999795960009,-2.072131666627693,0.42907934318311614,-2.913127179266601,-1.2311361539887855,1.3704785898785847e-06,0.0069298683991337665,2.274411276819779e-06,dissociated
Switzerland,Administration & Law,Culture (core),Administration & Law + Culture (core),27330,9802,125,413.7169283874488,-1.7226991512403238,-1.9744912726014157,-1.4967194778285748,0.12142761523632419,0.0004997501249375312,0.01275249948990002,-2.018301552514519,0.09335040277444254,-2.2012683419524266,-1.8353347630766117,1.1471079999329818e-103,0.0009745127436281859,1.1184302999346573e-102,dissociated
Switzerland,Administration & Law,Culture (periphery),Administration & Law + Culture (periphery),27330,9802,37,207.15972536379527,-2.46925893860987,-2.991245565472108,-2.038540916158911,0.2374688603675734,0.0004997501249375312,0.003774739849010406,-1.8932730714708794,0.1660888379149765,-2.2188071937842335,-1.5677389491575255,4.221775722899534e-30,0.0009745127436281859,1.6464925319308183e-29,dissociated
Switzerland,Administration & Law,Sport & Games,Administration & Law + Sport & Games,27330,9802,25,59.19806263693255,-1.227186865822323,-1.8616952693504398,-0.7596397502123112,0.2820922540184234,0.0004997501249375312,0.002550499897980004,-3.180016420661989,0.19992007868404596,-3.571859774882719,-2.7881730664412587,5.717486841109017e-57,0.0009745127436281859,3.4304921046654104e-56,dissociated
Switzerland,Military,Religion,Military + Religion,27330,9802,8,14.540637170401638,-0.8233309392102405,-2.1442633831625972,-0.04368005402334143,0.5429879554748757,0.10994502748625687,0.0008161599673536013,-1.0932957025380807,0.3468477699395871,-1.7731173316196713,-0.41347407345649,0.0016210579490666933,0.1478571059297937,0.002298954909585492,not distinguishable
Switzerland,Military,Nobility,Military + Nobility,27330,9802,21,2.8635227376861647,2.6762917437645255,2.013450824916807,3.1553049886479596,0.2916810882417813,0.0004997501249375312,0.0021424199143032035,1.8135608054142416,0.2332241482113549,1.356441474919986,2.2706801359084974,7.482878740523508e-15,0.0009745127436281859,2.084516220574406e-14,associated
Switzerland,Military,Kinship,Military + Kinship,27330,9802,8,6.262914522801735,0.32981772175083574,-0.9244991804282576,1.1086225408260528,0.515142339511572,0.487256371814093,0.0008161599673536013,0.11104226976717586,0.34970926442405725,-0.5743878885039763,0.7964724280383281,0.7508434602042682,0.5041821194665824,0.754748923609591,not distinguishable
Switzerland,Military,Big business,Military + Big business,27330,9802,21,17.569536497635358,0.2507771597627025,-0.4281251659311083,0.747114395092787,0.3090545468755247,0.4032983508245877,0.0021424199143032035,-0.2590579502195088,0.22161644688322432,-0.6934261861106285,0.1753102856716109,0.24242485929675295,0.42509826167997083,0.2626269309048157,not distinguishable
Switzerland,Military,Small business,Military + Small business,27330,9802,16,23.338191081285295,-0.5308087391363041,-1.3065979377579557,0.0256102312545296,0.35396036915336276,0.12893553223388307,0.0016323199347072026,-0.6256050793150072,0.25124777616571764,-1.1180507205998138,-0.13315943803020064,0.012774578953379924,0.16486838547939148,0.016334707514157935,not distinguishable
Switzerland,Military,Academia,Military + Academia,27330,9802,48,83.10258123525945,-0.7855627389994455,-1.2079312024324147,-0.4409206510974662,0.19384182109491851,0.0004997501249375312,0.004896959804121608,-1.2917328986906647,0.1505770116612167,-1.5868638415466494,-0.9966019558346799,9.607391627578737e-18,0.0009745127436281859,2.882217488273621e-17,dissociated
Switzerland,Military,Exploration & Invention,Military + Exploration & Invention,27330,9802,27,8.846746248283978,1.5568954863241973,0.9828424003823931,2.0040283200520563,0.26285843442885676,0.0004997501249375312,0.0027545398898184046,0.8275915156291138,0.19991722045380841,0.43575376353964934,1.2194292677185783,3.478042962722553e-05,0.0009745127436281859,5.319359825340375e-05,associated
Switzerland,Military,Culture (core),Military + Culture (core),27330,9802,41,97.88034848865323,-1.2452588290099056,-1.7065515989047646,-0.8679725963380722,0.2176964382224008,0.0004997501249375312,0.0041828198326872065,-1.9047902437904236,0.1615344093015925,-2.221397686021545,-1.5881828015593022,4.2996777020305376e-32,0.0009745127436281859,1.765130846096747e-31,dissociated
Switzerland,Military,Culture (periphery),Military + Culture (periphery),27330,9802,20,49.01144894035506,-1.2721382603020785,-1.9866669817571359,-0.7286453911569531,0.3141467363037444,0.0004997501249375312,0.0020403999183840034,-1.2768274791769771,0.22563453018210838,-1.7190711583339096,-0.8345838000200447,1.5240830813208936e-08,0.0009745127436281859,2.8994751303177976e-08,dissociated
Switzerland,Military,Sport & Games,Military + Sport & Games,27330,9802,19,14.005535193690822,0.42687059803294597,-0.2827481273866138,0.9278845560049314,0.3104719154854607,0.15292353823088456,0.0019383799224648032,-2.2087930283123454,0.23075367100975636,-2.6610702234914676,-1.756515833133223,1.0477427953271595e-21,0.18933390447633328,3.553214697196454e-21,not distinguishable
Switzerland,Religion,Nobility,Religion + Nobility,27330,9802,9,5.75334836491661,0.6032986235193053,-0.533948950411102,1.288120109656537,0.4860906996009775,0.175912043978011,0.0009181799632728015,0.22327273458664712,0.33445442567209743,-0.43225793973066384,0.878803408903958,0.5044062158861922,0.2143928035982009,0.5176800636726708,not distinguishable
Switzerland,Religion,Kinship,Religion + Kinship,27330,9802,17,12.583357050096158,0.4196221535369084,-0.3693698529114281,0.9815105786971742,0.3411338532888461,0.1984007996001999,0.0017343399306264029,0.18689700768478454,0.24706954393987154,-0.29735929843736364,0.6711533138069328,0.44937640447626037,0.2275773877766999,0.4673514606553108,not distinguishable
Switzerland,Religion,Big business,Religion + Big business,27330,9802,4,35.30045798158828,-2.991981136899386,-4.627151271976245,-2.0133857372520603,0.7527832891156735,0.01649175412293853,0.00040807998367680065,-2.545183723151457,0.47322079183209964,-3.4726964751423726,-1.6176709711605417,7.513922599214502e-08,0.02522268277625893,1.3629906110203052e-07,dissociated
Switzerland,Religion,Small business,Religion + Small business,27330,9802,34,46.89075512846168,-0.4580092872925661,-0.9782289823049736,-0.03775520090609808,0.2478934202195483,0.05997001499250375,0.0034686798612528057,-0.5463440486680077,0.17515276671616273,-0.8896434714316865,-0.20304462590432876,0.0018131633379182988,0.0835296637395588,0.002525477506386202,not distinguishable
Switzerland,Religion,Academia,Religion + Academia,27330,9802,396,166.96850127216638,1.2434310977129157,1.1481063067523265,1.3385275731964699,0.04866638009375042,0.0004997501249375312,0.04039991838400327,0.5467523797086803,0.06399720316400183,0.4213178615072367,0.6721868979101239,1.3035267720114737e-17,0.0009745127436281859,3.765744008033146e-17,associated
Switzerland,Religion,Exploration & Invention,Religion + Exploration & Invention,27330,9802,1,17.774754288671943,-3.6068176028666237,-5.299204279740223,-2.18688513415095,1.0522876749915835,0.0004997501249375312,0.00010201999591920016,-2.848141857797561,0.8181038850581231,-4.451625472511482,-1.2446582430836397,0.0004988113939608738,0.0009745127436281859,0.0007340997873386445,dissociated
Switzerland,Religion,Culture (core),Religion + Culture (core),27330,9802,200,196.65977696747726,0.02423698257351136,-0.15179211587779287,0.1898042046826559,0.08825394102826094,0.7791104447776112,0.020403999183840033,-0.8648901108028886,0.07895418400095788,-1.019640311444766,-0.7101399101610111,6.334605268068462e-28,0.7791104447776112,2.3528533852825716e-27,not distinguishable
Switzerland,Religion,Culture (periphery),Religion + Culture (periphery),27330,9802,48,98.47309256955165,-1.0290516112984658,-1.4614474347012778,-0.6851639897503157,0.20002762721939948,0.0004997501249375312,0.004896959804121608,-1.0733266561308121,0.1480387771133774,-1.3634826592730318,-0.7831706529885925,4.158264820476206e-13,0.0009745127436281859,1.0135770499910752e-12,dissociated
Switzerland,Religion,Sport & Games,Religion + Sport & Games,27330,9802,4,28.139718237932975,-2.6700203926555854,-4.321502061000335,-1.6503600366260829,0.7573829074708728,0.01649175412293853,0.00040807998367680065,-4.388177331785757,0.47256525056863147,-5.314405222900275,-3.461949440671239,1.6039827398340178e-20,0.02522268277625893,5.004426148282136e-20,dissociated
Switzerland,Nobility,Kinship,Nobility + Kinship,27330,9802,20,2.4780708442901447,2.7831739305199723,2.1061969909408313,3.2714420908546487,0.29883061965435964,0.0004997501249375312,0.0020403999183840034,2.295402990696524,0.24051947515232844,1.8239848193979604,2.7668211619950878,1.3806164424277467e-21,0.0009745127436281859,4.487003437890177e-21,associated
Switzerland,Nobility,Big business,Nobility + Big business,27330,9802,4,6.951804305163127,-0.7276647861386586,-2.460154367933842,0.2505294607410596,0.7853414427987252,0.3023488255872064,0.00040807998367680065,-0.6832922056363822,0.4780769837462206,-1.6203230937789745,0.25373868250621023,0.1529319847156601,0.32305764925756303,0.17804022101226102,not distinguishable
Switzerland,Nobility,Small business,Nobility + Small business,27330,9802,8,9.234309468291016,-0.1956157995332976,-1.4714061061602681,0.5397822610675099,0.5046408846646605,0.6711644177911045,0.0008161599673536013,-0.11002189171165938,0.3522011094873868,-0.8003360663069374,0.5802922828836188,0.754748923609591,0.6798808388013786,0.754748923609591,not distinguishable
Switzerland,Nobility,Academia,Nobility + Academia,27330,9802,16,32.88150954233756,-1.016583171691446,-1.7931658550622978,-0.42215671626903606,0.34862711433215093,0.008995502248875561,0.0016323199347072026,-1.1987943261938694,0.2582739820253505,-1.7050113309635564,-0.6925773214241824,3.457876586795399e-06,0.015253242943745516,5.504374974898799e-06,dissociated
Switzerland,Nobility,Exploration & Invention,Nobility + Exploration & Invention,27330,9802,6,3.5004252197423393,0.7002863606888844,-0.7112792267199872,1.5213089502760235,0.6004851492312602,0.19640179910044978,0.000612119975515201,0.5015911555503657,0.40146178937206856,-0.2852739516188887,1.28845626271962,0.21151444130074948,0.2275773877766999,0.2356875203065494,not distinguishable
Switzerland,Nobility,Culture (core),Nobility + Culture (core),27330,9802,18,38.72868405526042,-1.0843836695984104,-1.8398454240657347,-0.5497313200967372,0.3245002652019758,0.00399800099950025,0.001836359926545603,-1.5115293857383174,0.24533628511229044,-1.9923885045584067,-1.0306702669182282,7.226367236186894e-10,0.0069298683991337665,1.4452734472373789e-09,dissociated
Switzerland,Nobility,Culture (periphery),Nobility + Culture (periphery),27330,9802,7,19.392543553536512,-1.4072652569718205,-2.8684910621498125,-0.5929921902103817,0.5686431001112592,0.028985507246376812,0.0007141399714344012,-1.1136319948234545,0.3732316355887434,-1.8451660005773916,-0.38209798906951753,0.0028473407607083764,0.04186795491143317,0.0038963610409693573,dissociated
Switzerland,Nobility,Sport & Games,Nobility + Sport & Games,27330,9802,4,5.541622561797091,-0.42501105597137706,-2.145233864816817,0.5182887045236355,0.7535831903556455,0.4912543728135932,0.00040807998367680065,-2.5169268698973832,0.4774272412332901,-3.452684262714632,-1.5811694770801346,1.3505225069739578e-07,0.5041821194665824,2.3941080805447435e-07,not distinguishable
Switzerland,Kinship,Big business,Kinship + Big business,27330,9802,20,15.204543539843717,0.38444189876083923,-0.30278162119678587,0.8830287157489188,0.31154038164640235,0.2128935532233883,0.0020403999183840034,0.22841701501956768,0.229360047147552,-0.22112867738963427,0.6779627074287696,0.3193043622554961,0.2371771860548599,0.34117452405381776,not distinguishable
Switzerland,Kinship,Small business,Kinship + Small business,27330,9802,11,20.196693434932246,-0.8477664357303529,-1.9007913342673766,-0.14184216565817798,0.44584947145021747,0.05547226386806597,0.0011222199551112018,-0.47224010194890736,0.30105535348582396,-1.0623085947811224,0.1178283908833076,0.11673755228999654,0.07866975603107539,0.14008506274799584,not distinguishable
Switzerland,Kinship,Academia,Kinship + Academia,27330,9802,62,71.91634308821739,-0.212459135041278,-0.5686986181049832,0.07284903120077858,0.16748800962161367,0.20739630184907545,0.00632523974699041,-0.41164349701832487,0.14007082839762686,-0.6861823206776735,-0.13710467335897625,0.0032946021773916736,0.23444799339460703,0.00443067189373363,not distinguishable
Switzerland,Kinship,Exploration & Invention,Kinship + Exploration & Invention,27330,9802,3,7.655907060273689,-1.2204904133206653,-3.997990664699973,-0.11440546681970065,0.8671741837598754,0.12493753123438281,0.0003060599877576005,-0.801115658199057,0.5387996555726998,-1.8571629831215484,0.2549316667234346,0.1370537507441935,0.16241879060469763,0.16197261451586503,not distinguishable
Switzerland,Kinship,Culture (core),Kinship + Culture (core),27330,9802,74,84.7049107124198,-0.19369615577176236,-0.5285188683095613,0.06401040387224469,0.14876643257176528,0.18240879560219891,0.007549479698020812,-0.6341561100608534,0.13097558952766702,-0.8908682655350808,-0.377443954586626,1.2867564898218614e-06,0.21889055472263869,2.1818914392631564e-06,not distinguishable
Switzerland,Kinship,Culture (periphery),Kinship + Culture (periphery),27330,9802,26,42.4141359372087,-0.6954605907825264,-1.3552438529141975,-0.26135258160607466,0.2778728268414327,0.021989005497251374,0.002652519893899204,-0.4614018089352514,0.20285104195243348,-0.858989851162021,-0.06381376670848182,0.022930874763385525,0.03236117790161523,0.028792050981048374,dissociated
Switzerland,Kinship,Sport & Games,Kinship + Sport & Games,27330,9802,72,12.120283860644003,2.5222366347486496,2.2140701115988506,2.799949004817256,0.14897621382512546,0.0004997501249375312,0.007345439706182412,-0.1739997117660195,0.13243774849612427,-0.4335776988184231,0.08557827528638409,0.18890589839155847,0.0009745127436281859,0.21354579818176175,associated
Switzerland,Big business,Small business,Big business + Small business,27330,9802,122,56.6583722553909,1.0997450118751952,0.8533964183373212,1.304545040449786,0.11609033600984606,0.0004997501249375312,0.01244643950214242,0.7351181293112469,0.09931127696158111,0.5404680264665479,0.9297682321559458,1.3398521815749633e-13,0.0009745127436281859,3.4836156720949045e-13,associated
Switzerland,Big business,Academia,Big business + Academia,27330,9802,99,201.74901159271363,-1.023364221336144,-1.3233479960456125,-0.78016188493941,0.13894762841426622,0.0004997501249375312,0.010099979596000817,-1.3762486991630773,0.10538057004548024,-1.5827946164522186,-1.169702781873936,5.587765225402681e-39,0.0009745127436281859,2.563798162243583e-38,dissociated
Switzerland,Big business,Exploration & Invention,Big business + Exploration & Invention,27330,9802,67,21.47733902933885,1.6188707838278544,1.2776684037482864,1.9074714531363084,0.1583337616171739,0.0004997501249375312,0.006835339726586411,1.0069358577682685,0.1326637813203134,0.7469148463804542,1.2669568691560829,3.195751874003796e-14,0.0009745127436281859,8.595470557665382e-14,associated
Switzerland,Big business,Culture (core),Big business + Culture (core),27330,9802,133,237.62515277392632,-0.8348802762831155,-1.0681480551712939,-0.6249298813748994,0.1128308043869068,0.0004997501249375312,0.013568659457253622,-1.496886122864818,0.09239552229616524,-1.677981346565302,-1.3157908991643341,4.9733746310714635e-59,0.0009745127436281859,3.232693510196451e-58,dissociated
Switzerland,Big business,Culture (periphery),Big business + Culture (periphery),27330,9802,62,118.98561071708345,-0.9349087944730757,-1.2984035664469376,-0.6156951611194944,0.17183718340435555,0.0004997501249375312,0.00632523974699041,-0.9351125926331643,0.1311441662501014,-1.192155158483363,-0.6780700267829656,1.000653011316286e-12,0.0009745127436281859,2.3651798449294036e-12,dissociated
Switzerland,Big business,Sport & Games,Big business + Sport & Games,27330,9802,81,34.001385277732126,1.2401457701140117,0.9449027709312117,1.4958070741955993,0.14242520875273704,0.0004997501249375312,0.008263619669455213,-1.5416074921170453,0.11539973582675779,-1.7677909743374904,-1.3154240098966001,1.0517976962936013e-40,0.0009745127436281859,5.1275137694313064e-40,associated
Switzerland,Small business,Academia,Small business + Academia,27330,9802,251,267.9898233880497,-0.09430900651942895,-0.24823101621442836,0.04710556287624452,0.07813989578645851,0.23788105947026486,0.02560701897571924,-0.3878526207564335,0.07117042486109346,-0.5273466534841766,-0.24835858802869035,5.0474165736063706e-08,0.25770448109278693,9.373773636697545e-08,not distinguishable
Switzerland,Small business,Exploration & Invention,Small business + Exploration & Invention,27330,9802,55,28.529053242338946,0.9349902509916526,0.5511271447694781,1.2500411204551052,0.18136409432097897,0.0004997501249375312,0.005611099775556009,0.686610317529439,0.14381717602820887,0.40472865251414963,0.9684919825447285,1.8043326245937006e-06,0.0009745127436281859,2.9320405149647636e-06,associated
Switzerland,Small business,Culture (core),Small business + Culture (core),27330,9802,338,315.64527737563765,0.09856816531678772,-0.029655724853111215,0.21750331035074283,0.06310423251102597,0.1199400299850075,0.034482758620689655,-0.451858219207682,0.06388602129832449,-0.5770748209523979,-0.326641617462966,1.5174973617797234e-12,0.1585647854039082,3.3818512633948124e-12,not distinguishable
Switzerland,Small business,Culture (periphery),Small business + Culture (periphery),27330,9802,142,158.0524858588306,-0.15399857757839372,-0.38557070157298756,0.04807456240309887,0.1091981395254843,0.15242378810594703,0.014486839420526422,-0.11072285574335014,0.09058044636617335,-0.2882605306210499,0.06681481913434961,0.2215675905624177,0.18933390447633328,0.24341228258969835,not distinguishable
Switzerland,Small business,Sport & Games,Small business + Sport & Games,27330,9802,60,45.165154285482274,0.4058414347643942,0.032630527535509726,0.7202725385961782,0.17853293259280095,0.02148925537231384,0.006121199755152009,-1.9544976460113468,0.13225906428646717,-2.2137254120128222,-1.695269880009871,2.037202728896729e-49,0.03223388305847076,1.059345419026299e-48,associated
Switzerland,Academia,Exploration & Invention,Academia + Exploration & Invention,27330,9802,163,101.5861921936902,0.6795028899857233,0.4891992955572687,0.8448323997024071,0.0906597457046933,0.0004997501249375312,0.016629259334829626,0.1841333417273155,0.09311342388820715,0.0016310309064294926,0.3666356525482015,0.047983265643562055,0.0009745127436281859,0.05847960500309125,associated
Switzerland,Academia,Culture (core),Academia + Culture (core),27330,9802,1355,1123.949033293729,0.2696068420828006,0.21640635810488948,0.3183834944937721,0.025673378537767643,0.0004997501249375312,0.13823709447051621,-0.8419984129623218,0.03366831347677435,-0.9079883073767996,-0.776008518547844,4.925062477466654e-138,0.0009745127436281859,6.40258122070665e-137,associated
Switzerland,Academia,Culture (periphery),Academia + Culture (periphery),27330,9802,290,562.7929559652406,-0.9553472670146623,-1.1047470614019672,-0.8151121862280069,0.07325677715633205,0.0004997501249375312,0.029585798816568046,-1.2285604848698521,0.06335046680703525,-1.3527273998116411,-1.1043935699280631,8.829335973480838e-84,0.0009745127436281859,6.886882059315054e-83,dissociated
Switzerland,Academia,Sport & Games,Academia + Sport & Games,27330,9802,48,160.8239854554148,-1.733904300185523,-2.168767067240991,-1.3927609565012522,0.2009650729541479,0.0004997501249375312,0.004896959804121608,-4.094159713505077,0.14490598564494203,-4.378175445369163,-3.8101439816409903,1.2745487654299843e-175,0.0009745127436281859,2.4853700925884696e-174,dissociated
Switzerland,Exploration & Invention,Culture (core),Exploration & Invention + Culture (core),27330,9802,38,119.65081885248203,-1.6419161298438112,-2.1209353582485915,-1.2604427897900168,0.2230184461174671,0.0004997501249375312,0.0038767598449296063,-1.9876759765787735,0.1672055205280083,-2.31539879681367,-1.6599531563438772,1.3725956854449772e-32,0.0009745127436281859,5.947914636928236e-32,dissociated
Switzerland,Exploration & Invention,Culture (periphery),Exploration & Invention + Culture (periphery),27330,9802,26,59.91253698427432,-1.1888556131886316,-1.7935203158940054,-0.7153023136473613,0.276801581279081,0.0009995002498750624,0.002652519893899204,-1.0090883236278336,0.1997062745691427,-1.4005126217833532,-0.617664025472314,4.3523748994449824e-07,0.001856214749767973,7.544116492371303e-07,dissociated
Switzerland,Exploration & Invention,Sport & Games,Exploration & Invention + Sport & Games,27330,9802,66,17.1206353498693,1.9160883959479986,1.5725295107929558,2.183650888444188,0.15914554520130328,0.0004997501249375312,0.0067333197306672105,-0.8879624762067672,0.13099129152687589,-1.1447054075994438,-0.6312195448140905,1.211864008869768e-11,0.0009745127436281859,2.625705352551164e-11,associated
Switzerland,Culture (core),Culture (periphery),Culture (core) + Culture (periphery),27330,9802,1508,662.871957020085,1.1852247655637695,1.1389928783344068,1.2318021822193912,0.023648566695698894,0.0004997501249375312,0.15384615384615385,0.7448384942888663,0.03858144718177171,0.6692188578125937,0.8204581307651388,4.818007686941584e-83,0.0009745127436281859,3.416405450740396e-82,associated
Switzerland,Culture (core),Sport & Games,Culture (core) + Sport & Games,27330,9802,170,189.42260887356363,-0.15563991857206197,-0.34932186934605397,0.01343791810563674,0.09472264615550603,0.09745127436281859,0.017343399306264027,-3.293971330396942,0.07887567382947903,-3.448567651102721,-3.139375009691163,0.0,0.133354375443857,0.0,not distinguishable
Switzerland,Culture (periphery),Sport & Games,Culture (periphery) + Sport & Games,27330,9802,50,94.84923854793736,-0.9169380294622612,-1.351912023696328,-0.5765203672082347,0.1965814586254318,0.0004997501249375312,0.005100999795960008,-3.056897520338454,0.14263599601929405,-3.33646407253627,-2.7773309681406375,6.801494536226342e-102,0.0009745127436281859,5.89462859806283e-101,dissociated
Argentina,Politics,Administration & Law,Politics + Administration & Law,24493,8143,943,301.179434038692,1.6450061687779844,1.585249360427952,1.7047066231799355,0.030416576323572544,0.0004997501249375312,0.11580498587744074,2.307427728992936,0.05425071542706343,2.2010963267558914,2.4137591312299804,0.0,0.0011137288498607838,0.0,associated
Argentina,Politics,Military,Politics + Military,24493,8143,651,267.4926895281619,1.2815715323093058,1.2030805668344937,1.3536936067241276,0.03785736741216555,0.0004997501249375312,0.07994596586024806,1.4975953419013257,0.054535115933826615,1.3907065146710256,1.6044841691316258,5.1176530830636574e-166,0.0011137288498607838,5.702527721128075e-165,associated
Argentina,Politics,Religion,Politics + Religion,24493,8143,80,69.84752539062278,0.19448910844303877,-0.09410292279452448,0.4451215572997358,0.14134965533433275,0.1724137931034483,0.009824389045806214,-0.17468374028626588,0.12093042076665515,-0.41170736498891,0.06233988441637822,0.14859896667049324,0.2007205352547607,0.18110499062966365,not distinguishable
Argentina,Politics,Nobility,Politics + Nobility,24493,8143,11,24.322149053666966,-1.1099941654529095,-2.0160311949758536,-0.44454208841117665,0.40882784543767875,0.012993503248375811,0.0013508534937983544,-0.555207797616428,0.31023039141249986,-1.1632593647849276,0.05284376955207171,0.07350813264343177,0.020683535783128842,0.09399400567520784,dissociated
Argentina,Politics,Kinship,Politics + Kinship,24493,8143,73,93.5769423137017,-0.3560969205510989,-0.6761938018775315,-0.0966573363602155,0.14954730479720665,0.020989505247376312,0.00896475500429817,0.07066362484521758,0.12861883064410465,-0.1814292832172275,0.3227565329076627,0.5827286307124299,0.030890215269723627,0.6226415506242402,dissociated
Argentina,Politics,Big business,Politics + Big business,24493,8143,150,107.08813009197962,0.48424456896089263,0.2868846237645632,0.6751109004977764,0.09685802976720312,0.0004997501249375312,0.018420729460886652,0.6833508917274363,0.09636214261466525,0.49448109220269243,0.8722206912521803,1.3267844418016523e-12,0.0011137288498607838,3.83293283187144e-12,associated
Argentina,Politics,Small business,Politics + Small business,24493,8143,132,245.33108106726783,-0.8916749712781972,-1.134588742817425,-0.6866249712250283,0.11304972332672118,0.0004997501249375312,0.01621024192558025,-0.3150009442084041,0.09421615099128701,-0.49966460015132663,-0.13033728826548155,0.0008276274163818041,0.0011137288498607838,0.0015012776390181564,dissociated
Argentina,Politics,Academia,Politics + Academia,24493,8143,481,408.2872564870202,0.23618557559345243,0.13333986602535197,0.3330760532534271,0.05163184184611923,0.0004997501249375312,0.059069139137909864,0.3444839597594895,0.05425998613390682,0.2381343869370321,0.45083353258194686,2.1704876355555599e-10,0.0011137288498607838,5.837863295632195e-10,associated
Argentina,Politics,Exploration & Invention,Politics + Exploration & Invention,24493,8143,93,73.06545882694358,0.34593782801332845,0.0685202604236279,0.5779831444058009,0.12832590843956898,0.005997001499250375,0.011420852265749723,0.6687682342607686,0.1213106272694969,0.43099940481255467,0.9065370637089825,3.530535344467587e-08,0.009952470573224025,8.883282479628122e-08,associated
Argentina,Politics,Culture (core),Politics + Culture (core),24493,8143,186,729.6197966546213,-1.9689575675668696,-2.1705440488516774,-1.8013398587255716,0.09524095839958216,0.0004997501249375312,0.022841704531499446,-2.291304944017791,0.07653989725202573,-2.441323142631761,-2.1412867454038205,6.677028537284812e-197,0.0011137288498607838,1.0416164518164306e-195,dissociated
Argentina,Politics,Culture (periphery),Politics + Culture (periphery),24493,8143,164,470.37522157600347,-1.5172572230898282,-1.72629927197347,-1.3136613866427866,0.10362776518474413,0.0004997501249375312,0.02013999754390274,-0.892869272873777,0.08299556878784094,-1.0555405876979453,-0.7301979580496087,5.431570658057653e-27,0.0011137288498607838,2.8244167421899794e-26,dissociated
Argentina,Politics,Sport & Games,Politics + Sport & Games,24493,8143,92,265.81431480327535,-1.5256047069644731,-1.8347284401981996,-1.2614953225574241,0.14758388668054684,0.0004997501249375312,0.011298047402677145,-3.656326712850139,0.10620152804970598,-3.8644817078275624,-3.4481717178727154,9.54842132652486e-260,0.0011137288498607838,2.4825895448964637e-258,dissociated
Argentina,Administration & Law,Military,Administration & Law + Military,24493,8143,52,101.25773030433875,-0.9547490690385456,-1.3877584684927078,-0.6092938077365196,0.19895126765205107,0.0004997501249375312,0.006385852879774039,-0.7688782879058035,0.14276274309193648,-1.048693264365999,-0.489063311445608,7.21604799648546e-08,0.0011137288498607838,1.705611344623836e-07,dissociated
Argentina,Administration & Law,Religion,Administration & Law + Religion,24493,8143,13,26.440355812731557,-0.9968094979366342,-1.8802105298436524,-0.38419854093583944,0.3947902170222533,0.020989505247376312,0.0015964632199435098,-1.1653107256980404,0.2764212806985075,-1.7070964358671152,-0.6235250155289657,2.4899848086364184e-05,0.030890215269723627,5.549109002104018e-05,dissociated
Argentina,Administration & Law,Nobility,Administration & Law + Nobility,24493,8143,1,9.207001558219597,-2.69406322281905,-4.4448288664727915,-1.3611222003714976,1.006919766238927,0.0004997501249375312,0.00012280486307257767,-1.7525528209825654,0.8219234550596386,-3.363522792899457,-0.14158284906567364,0.03298564688519753,0.0011137288498607838,0.04513825363237556,dissociated
Argentina,Administration & Law,Kinship,Administration & Law + Kinship,24493,8143,13,35.422982228857855,-1.4119477164162704,-2.3916834445290585,-0.760342831243706,0.41836743493309486,0.005997001499250375,0.0015964632199435098,-0.8546312068430958,0.27748917180123434,-1.398509983573515,-0.3107524301126765,0.002070893832757453,0.009952470573224025,0.003365202478230861,dissociated
Argentina,Administration & Law,Big business,Administration & Law + Big business,24493,8143,22,40.53756016576296,-0.8670199585136464,-1.5552664066541428,-0.3772153102408329,0.3073056114560213,0.008995502248875561,0.0027017069875967087,-0.579857954169418,0.21656079761909663,-1.0043171175028474,-0.15539879083598857,0.007415706756561246,0.014617691154422787,0.011123560134841868,dissociated
Argentina,Administration & Law,Small business,Administration & Law + Small business,24493,8143,7,92.86858824366456,-3.6379747686219623,-4.843973840168106,-2.858389934770577,0.5614237464057568,0.0014992503748125937,0.0008596340415080437,-2.4096712724340774,0.3672709959270048,-3.129522424451007,-1.689820120417148,5.3442003323432846e-11,0.002852232420375178,1.4887415211527723e-10,dissociated
Argentina,Administration & Law,Academia,Administration & Law + Academia,24493,8143,129,154.55465708982868,-0.2598247602508978,-0.49856331125339504,-0.05222793131903527,0.11490057134228587,0.025487256371814093,0.01584182733636252,-0.2676360271967331,0.0941805624234986,-0.4522299295467903,-0.08304212484667581,0.004486902917566278,0.03550010708931249,0.0071424168891871375,dissociated
Argentina,Administration & Law,Exploration & Invention,Administration & Law + Exploration & Invention,24493,8143,3,27.658484938454755,-3.0081428849804155,-5.791501101916394,-1.9153785202400089,0.8904340697957723,0.0004997501249375312,0.00036841458921773305,-2.0021580721117234,0.5377271488632938,-3.056103283883779,-0.9482128603396676,0.00019657974449158454,0.0011137288498607838,0.00038333050175858984,dissociated
Argentina,Administration & Law,Culture (core),Administration & Law + Culture (core),24493,8143,95,276.1931353140101,-1.5347142132354978,-1.8280470779391604,-1.291323326702148,0.14036414847590764,0.0004997501249375312,0.011666461991894878,-1.9954704443524933,0.10643712355867786,-2.204087206527502,-1.7868536821774847,2.014625953169909e-78,0.0011137288498607838,1.4590473794311839e-77,dissociated
Argentina,Administration & Law,Culture (periphery),Administration & Law + Culture (periphery),24493,8143,46,178.05767855637825,-1.9410875544669741,-2.3605381511002506,-1.5825589819617123,0.20349203191352658,0.0004997501249375312,0.005649023701338573,-1.2947651423244741,0.15045951073687489,-1.5896657833687489,-0.9998645012801994,7.604725007657301e-18,0.0011137288498607838,2.696220684533043e-17,dissociated
Argentina,Administration & Law,Sport & Games,Administration & Law + Sport & Games,24493,8143,20,100.62239176278099,-2.302406677038803,-2.996370083437549,-1.7729814598884326,0.3153648039620549,0.0004997501249375312,0.0024560972614515535,-4.173953541464204,0.22266852177673702,-4.610383844146609,-3.7375232387817996,2.1209632499812125e-78,0.0011137288498607838,1.4590473794311839e-77,dissociated
Argentina,Military,Religion,Military + Religion,24493,8143,31,23.48301739460912,0.3933386474925101,-0.13689019527329102,0.8116137701615218,0.24372198883222568,0.09995002498750624,0.003806950755249908,-0.2550793692997512,0.1848008179319293,-0.6172889724463326,0.10713023384683018,0.16749629296449886,0.12498512648437685,0.19795016441258956,not distinguishable
Argentina,Military,Nobility,Military + Nobility,24493,8143,15,8.177203789358822,0.8369660982634646,0.052116655092531716,1.401095851088804,0.35007487600027143,0.022488755622188907,0.001842072946088665,0.7347051244141374,0.27294072514914336,0.19974130312181637,1.2696689457064583,0.007106498837189535,0.03248375812093954,0.010868762927466347,associated
Argentina,Military,Kinship,Military + Kinship,24493,8143,37,31.46094227100574,0.2305806532478876,-0.2737627361695628,0.6207981376841176,0.22747684746299793,0.2988505747126437,0.004543779933685374,0.2593362754586675,0.17246426201828866,-0.07869367809717825,0.5973662290145132,0.13265599348619875,0.3237547892720307,0.16424075384005557,not distinguishable
Argentina,Military,Big business,Military + Big business,24493,8143,37,36.00345764065872,0.03885747175901682,-0.4249657555310661,0.4208524394758324,0.21811105208297102,0.863568215892054,0.004543779933685374,-0.011353987575232725,0.17084457444857457,-0.3462093534944388,0.3235013783439734,0.9470132002690886,0.863568215892054,0.9470132002690886,not distinguishable
Argentina,Military,Small business,Military + Small business,24493,8143,53,82.4812906673764,-0.6332472051383249,-1.0311501756636765,-0.30231865788576684,0.18991979276671742,0.0009995002498750624,0.006508657742846617,-0.35141953575141616,0.14252931741512817,-0.6307769978850674,-0.07206207361776495,0.013678599540616372,0.001999000499750125,0.01939874116669231,dissociated
Argentina,Military,Academia,Military + Academia,24493,8143,61,137.26780859396231,-1.1635805056606465,-1.5463588586897934,-0.8536540821613419,0.17715755205161665,0.0004997501249375312,0.007491096647427238,-1.0680459685052077,0.13183099939118875,-1.3264347273119377,-0.8096572096984778,5.422769365395504e-16,0.0011137288498607838,1.691904042003397e-15,dissociated
Argentina,Military,Exploration & Invention,Military + Exploration & Invention,24493,8143,43,24.564899486167956,0.7953469522429755,0.3356670028574368,1.1510343955063733,0.20716570753909894,0.0009995002498750624,0.00528060911212084,0.6827672113446548,0.16370308144228998,0.36190917171776643,1.003625250971543,3.035777510860987e-05,0.001999000499750125,6.399747185058297e-05,associated
Argentina,Military,Culture (core),Military + Culture (core),24493,8143,75,245.30109378208383,-1.7029427859750177,-2.0270835246419283,-1.4203172736712213,0.1556135122458541,0.0004997501249375312,0.009210364730443326,-2.226024028556417,0.11877114721661655,-2.4588154771009854,-1.9932325800118487,2.2446882760479754e-78,0.0011137288498607838,1.4590473794311839e-77,dissociated
Argentina,Military,Culture (periphery),Military + Culture (periphery),24493,8143,22,158.14203078045398,-2.817778144216593,-3.518719718001602,-2.3137982515965403,0.30448021236598977,0.0004997501249375312,0.0027017069875967087,-2.02732718095828,0.21348242684146346,-2.4457527375675485,-1.6089016243490115,2.1714822682703215e-21,0.0011137288498607838,8.914506153951847e-21,dissociated
Argentina,Military,Sport & Games,Military + Sport & Games,24493,8143,128,89.3678357730257,0.5158915952268955,0.2759313632245943,0.7324920760027939,0.11493717678471288,0.0004997501249375312,0.01571902247328994,-2.226895663248959,0.09296181663917986,-2.4091008238617517,-2.0446905026361666,8.205397894141505e-127,0.0011137288498607838,7.111344841589305e-126,associated
Argentina,Religion,Nobility,Religion + Nobility,24493,8143,3,2.1352263880894027,0.4094280152447277,-2.377605501822783,1.4892112294251725,0.8834614134128087,0.5867066466766616,0.00036841458921773305,0.13267163499916113,0.543843046066302,-0.9332607352907908,1.1986040052891132,0.8072679437392764,0.5968574154481201,0.8285118369955731,not distinguishable
Argentina,Religion,Kinship,Religion + Kinship,24493,8143,13,8.215061757250899,0.6313766144546278,-0.27541334705784953,1.2553594535920136,0.39856326431993755,0.10094952523738131,0.0015964632199435098,0.17633115893424883,0.27936478092225675,-0.3712238116733744,0.7238861295418721,0.52791886724963,0.12498512648437685,0.5719121061870991,not distinguishable
Argentina,Religion,Big business,Religion + Big business,24493,8143,5,9.401200556702937,-0.8481718492003512,-2.6855818661663076,0.07309243551950052,0.694963565943698,0.17191404297851073,0.0006140243153628884,-1.0069107714190106,0.43039375489466286,-1.85048253101255,-0.1633390118254715,0.019309021266077194,0.2007205352547607,0.02689470819203609,not distinguishable
Argentina,Religion,Small business,Religion + Small business,24493,8143,10,21.537463525837307,-1.0695688538543002,-2.165444937773511,-0.35421623766677635,0.46530443434251867,0.02798600699650175,0.0012280486307257768,-1.0393529057970754,0.31278338349847523,-1.6524083374540868,-0.4262974741400639,0.0008908173891244356,0.03829664115310766,0.0015690877368754828,dissociated
Argentina,Religion,Academia,Religion + Academia,24493,8143,81,35.84328514919102,1.1651112255109672,0.8688227957239515,1.4123748057137127,0.13858486400099357,0.0004997501249375312,0.009947193908878792,0.3271125225859287,0.1209070633762813,0.09013467836841735,0.56409036680344,0.006820425933369056,0.0011137288498607838,0.010639864456055727,associated
Argentina,Religion,Exploration & Invention,Religion + Exploration & Invention,24493,8143,3,6.414371337043855,-0.982243163713057,-3.767948081077424,0.07710683190915231,0.8558157066075286,0.22938530734632684,0.00036841458921773305,-0.9816977616617661,0.5386756112941788,-2.0375019597983566,0.07410643647482429,0.06839000039481785,0.2556007710430499,0.09041389882704733,not distinguishable
Argentina,Religion,Culture (core),Religion + Culture (core),24493,8143,52,64.05286965604265,-0.2981638082536136,-0.6720038006456444,0.02918337913723356,0.1810747468880154,0.10044977511244378,0.006385852879774039,-1.5379860580344251,0.1450164589070761,-1.8222183174922941,-1.2537537985765561,2.8066704334797046e-26,0.12498512648437685,1.368251836321356e-25,not distinguishable
Argentina,Religion,Culture (periphery),Religion + Culture (periphery),24493,8143,8,41.29394911594207,-2.297759339189051,-3.569444827785561,-1.5195888031993037,0.5227579124050091,0.005997001499250375,0.0009824389045806213,-2.007210217941391,0.34610628718835507,-2.6855785408305666,-1.328841895052215,6.6550987674382585e-09,0.009952470573224025,1.730325679533947e-08,dissociated
Argentina,Religion,Sport & Games,Religion + Sport & Games,24493,8143,33,23.335673917938013,0.4910386795472381,-0.06360595986205625,0.896156452715303,0.24162566178692776,0.04297851074462768,0.004052560481395063,-2.586385155508939,0.17817632436898698,-2.9356107512721534,-2.2371595597457246,9.612399225817866e-48,0.05681904810306711,5.767439535490719e-47,not distinguishable
Argentina,Nobility,Kinship,Nobility + Kinship,24493,8143,11,2.860630429317406,1.7748300587865558,0.7837539650077903,2.4354570485145612,0.4233542404426504,0.001999000499750125,0.0013508534937983544,1.7141560935851332,0.3133953466563501,1.099901214138687,2.3284109730315796,4.509800689329685e-08,0.003712429499535946,1.0992639180241107e-07,associated
Argentina,Nobility,Big business,Nobility + Big business,24493,8143,1,3.2736650288578955,-1.331003866400198,-3.077710227180894,0.02696387736253775,1.0266240421051918,0.39780109945027486,0.00012280486307257767,-0.6830185063208815,0.8225927567041397,-2.295300309460995,0.9292632968192324,0.4063556234985588,0.42504775009755397,0.4527962661841084,not distinguishable
Argentina,Nobility,Small business,Nobility + Small business,24493,8143,3,7.499727373071076,-1.1925959124148544,-3.9940963049628446,-0.1736999158155747,0.8921874865826057,0.14992503748125938,0.00036841458921773305,-0.505417197097706,0.5431497411997368,-1.56999068984919,0.559156295653778,0.35209667355306773,0.17991004497751126,0.4021560297762182,not distinguishable
Argentina,Nobility,Academia,Nobility + Academia,24493,8143,6,12.481268578897302,-0.9979197526145618,-2.4359098146024696,-0.15917669499711187,0.6141406744892212,0.09495252373813093,0.0007368291784354661,-0.6958203569608653,0.40358792537513866,-1.486852690696137,0.0952119767744064,0.08469228996655305,0.1234382808595702,0.10654836479663125,not distinguishable
Argentina,Nobility,Exploration & Invention,Nobility + Exploration & Invention,24493,8143,1,2.2335980390522847,-0.865838617241133,-2.6139164234788734,0.4826473118336092,1.0272365960317933,0.4862568715642179,0.00012280486307257767,-0.20126876462509863,0.8232237789394545,-1.8147873713464295,1.4122498420962324,0.8068524907575579,0.5057071464267866,0.8285118369955731,not distinguishable
Argentina,Nobility,Culture (core),Nobility + Culture (core),24493,8143,27,22.304346995498914,0.27012275955075615,-0.24056918009222494,0.6965664100470866,0.24240680593289193,0.24387806096951525,0.0033157313029595972,-0.39077494920364025,0.21686577458543457,-0.815831867391092,0.03428196898381153,0.07155786779422306,0.2679223768397492,0.09302522813248998,not distinguishable
Argentina,Nobility,Culture (periphery),Nobility + Culture (periphery),24493,8143,10,14.379286593127036,-0.5029160283105126,-1.5442285117910346,0.12753630565631194,0.4377095659289982,0.22138930534732634,0.0012280486307257768,-0.09106615706021447,0.32344178682823393,-0.7250120592435529,0.542879745123124,0.7782859236690458,0.25026617126219497,0.8203554330565618,not distinguishable
Argentina,Nobility,Sport & Games,Nobility + Sport & Games,24493,8143,28,8.12589617349644,1.7242156631379204,1.2000901259467396,2.1308187806243333,0.23535734134530317,0.0004997501249375312,0.003438536166032175,-0.8996713528863316,0.21409705473515886,-1.319301580167243,-0.4800411256054202,2.643732091540136e-05,0.0011137288498607838,5.728086198336962e-05,associated
Argentina,Kinship,Big business,Kinship + Big business,24493,8143,15,12.595086186005926,0.24324266060564548,-0.6323825073279049,0.8291266576706199,0.3651589384560319,0.4827586206896552,0.001842072946088665,0.37523102737245817,0.2618988277761263,-0.13809067506874928,0.8885527298136656,0.15193422683800226,0.5057071464267866,0.1823210722056027,not distinguishable
Argentina,Kinship,Small business,Kinship + Small business,24493,8143,4,28.854422124041438,-2.705580949279764,-4.37341533394256,-1.7315299885460498,0.7944464105962903,0.019490254872563718,0.0004912194522903107,-1.5968618005610424,0.474729002495449,-2.5273306454521225,-0.6663929556699624,0.0007689578576289135,0.029808625099215096,0.0014280645927394109,dissociated
Argentina,Kinship,Academia,Kinship + Academia,24493,8143,25,48.02038451586585,-0.9280937365345269,-1.5668341990727777,-0.43132053859079655,0.29000951151131016,0.0029985007496251873,0.003070121576814442,-0.6426515100876502,0.20492872398769857,-1.0443118091035393,-0.24099121107176102,0.0017128336263343997,0.005439140894668944,0.002842574954342195,dissociated
Argentina,Kinship,Exploration & Invention,Kinship + Exploration & Invention,24493,8143,0,8.593536467160193,-4.184841466192301,-4.371375015593322,-3.993970685648595,0.09779945787510361,0.0004997501249375312,0.0,-2.6381261570780814,1.4159762212250822,-5.413439550679243,0.13718723652307974,0.06244612606212033,0.0011137288498607838,0.08397927298009285,dissociated
Argentina,Kinship,Culture (core),Kinship + Culture (core),24493,8143,128,85.81365846978525,0.5741075814902286,0.36236783785666005,0.7709129715255127,0.10446745112131686,0.0004997501249375312,0.01571902247328994,-0.08108007340582547,0.10504379592955713,-0.28696591342775746,0.1248057666161065,0.44019188595342884,0.0011137288498607838,0.48359108597700634,associated
Argentina,Kinship,Culture (periphery),Kinship + Culture (periphery),24493,8143,18,55.32281169185442,-1.5933295213753296,-2.353680704434318,-1.0590066885826022,0.33873803331291125,0.0014992503748125937,0.0022104875353063983,-0.8940561722981696,0.23838963796498194,-1.3612998627095343,-0.426812481886805,0.00017655366800798525,0.002852232420375178,0.0003531073360159705,dissociated
Argentina,Kinship,Sport & Games,Kinship + Sport & Games,24493,8143,105,31.263541547935844,1.7317993158228016,1.4716276091025056,1.9529460476492424,0.12109329183045418,0.0004997501249375312,0.012894510622620656,-0.9126400807762124,0.11181060257791642,-1.1317888618289285,-0.6934912997234962,3.2850013465018297e-16,0.0011137288498607838,1.0676254376130946e-15,associated
Argentina,Big business,Small business,Big business + Small business,24493,8143,45,33.02059282712646,0.44081888132202623,0.006809310204050217,0.7874162659448898,0.20248766888296713,0.030984507746126936,0.005526218838265995,0.5757003772868815,0.15748867993296006,0.2670225646182798,0.8843781899554832,0.00025667798215467315,0.04166882076203277,0.0004883142099527928,associated
Argentina,Big business,Academia,Big business + Academia,24493,8143,39,54.95384928119162,-0.48943495400692116,-0.9613562173968543,-0.1173891635982718,0.22003324640132288,0.025487256371814093,0.004789389659830529,-0.43758590483896204,0.16618128201612528,-0.7633012175905676,-0.1118705920873565,0.008458849012095971,0.03550010708931249,0.012448872131009165,dissociated
Argentina,Big business,Exploration & Invention,Big business + Exploration & Invention,24493,8143,18,9.834321665056958,0.8400815759865354,0.10266389563477955,1.383112795573219,0.32348194317749535,0.014492753623188406,0.0022104875353063983,0.8044191963425996,0.2424094106254234,0.32929675151676974,1.2795416411684295,0.0009052429251204708,0.02260869565217391,0.0015690877368754828,associated
Argentina,Big business,Culture (core),Big business + Culture (core),24493,8143,57,98.20393779350398,-0.7795456860900734,-1.1581575067676892,-0.4580411981177994,0.17947208185087915,0.0004997501249375312,0.006999877195136927,-1.379743121884213,0.13961466890694665,-1.6533878729418285,-1.1060983708265977,4.9576161542257926e-23,0.0011137288498607838,2.274670941350658e-22,dissociated
Argentina,Big business,Culture (periphery),Big business + Culture (periphery),24493,8143,52,63.31064372300968,-0.2814796652499047,-0.6775509657898391,0.05067486285934743,0.1852740679364608,0.13343328335832083,0.006385852879774039,-0.03282540378819792,0.14638813120252528,-0.3197461409451475,0.2540953333687516,0.8225741255075497,0.1626218140929535,0.8332569063582972,not distinguishable
Argentina,Big business,Sport & Games,Big business + Sport & Games,24493,8143,63,35.77755504339823,0.8076793643983429,0.4391381391873827,1.1051550898428595,0.16976487112509378,0.0004997501249375312,0.007736706373572394,-1.8302638968099054,0.13357897445241923,-2.092078686736647,-1.5684491068831639,9.912508171487843e-43,0.0011137288498607838,5.5226831241146555e-42,associated
Argentina,Small business,Academia,Small business + Academia,24493,8143,139,125.8952532029707,0.1423228382002462,-0.07921818534825553,0.3410323450020887,0.10986702756410346,0.19740129935032483,0.017069875967088297,0.2430776673352132,0.09303044376244056,0.060737997560829704,0.42541733710959667,0.008978202550513615,0.22643090219596085,0.012968514795186334,not distinguishable
Argentina,Small business,Exploration & Invention,Small business + Exploration & Invention,24493,8143,20,22.529712336739866,-0.16787248086374681,-0.8879372582021033,0.36786972453181016,0.3195487912448616,0.5892053973013494,0.0024560972614515535,0.21186900287442623,0.22942280291323305,-0.23779969083551056,0.661537696584363,0.3557534109558853,0.5968574154481201,0.4021560297762182,not distinguishable
Argentina,Small business,Culture (core),Small business + Culture (core),24493,8143,188,224.9780456830244,-0.25842244468222997,-0.45425995781813916,-0.08080662824266192,0.09457801960098096,0.004497751124437781,0.0230873142576446,-0.7848348102757502,0.0810370865259576,-0.9436674998666271,-0.6260021206848733,3.4960400946227425e-22,0.007973286084230612,1.514950707669855e-21,dissociated
Argentina,Small business,Culture (periphery),Small business + Culture (periphery),24493,8143,94,145.04005863478864,-0.6230300626019726,-0.9043131220217124,-0.3696068597454736,0.13641890735161297,0.0009995002498750624,0.0115436571288223,-0.12032331322866413,0.1097839656879339,-0.3354998859770146,0.09485325951968632,0.2730784283328188,0.001999000499750125,0.31791220014865473,dissociated
Argentina,Small business,Sport & Games,Small business + Sport & Games,24493,8143,417,81.96376432384777,2.3399439732879355,2.2420591531119456,2.4422267061434497,0.050624448329978707,0.0004997501249375312,0.05120962790126489,-0.24538297540992993,0.06300534889556128,-0.36887345924523,-0.12189249157462982,9.83458159141867e-05,0.0011137288498607838,0.00020186772740280427,associated
Argentina,Academia,Exploration & Invention,Academia + Exploration & Invention,24493,8143,65,37.49461502958572,0.7856999465314001,0.4358085218261997,1.0789729550646685,0.1616301932556368,0.0004997501249375312,0.007982316099717548,0.6895623596385242,0.1381342136414414,0.41881930090129904,0.9603054183757493,5.976539909385872e-07,0.0011137288498607838,1.3710885674473473e-06,associated
Argentina,Academia,Culture (core),Academia + Culture (core),24493,8143,546,374.41513175636896,0.5436574412252374,0.4528446895588347,0.6325636328783536,0.04629271066867763,0.0004997501249375312,0.06705145523762741,-0.43683864587220417,0.05065705436248917,-0.536126472422683,-0.33755081932172537,6.496575957879911e-18,0.0011137288498607838,2.4130139272125383e-17,associated
Argentina,Academia,Culture (periphery),Academia + Culture (periphery),24493,8143,125,241.3799644264287,-0.9466039077472117,-1.183183719512374,-0.7172278104313298,0.1206359329097871,0.0004997501249375312,0.01535060788407221,-0.6959492014571217,0.0944088734477518,-0.8809905934147152,-0.5109078094995282,1.6852860073719624e-13,0.0011137288498607838,5.055858022115887e-13,dissociated
Argentina,Academia,Sport & Games,Academia + Sport & Games,24493,8143,70,136.406525914084,-0.9574960544574479,-1.2964424001963017,-0.6669372676573533,0.16149650157960915,0.0004997501249375312,0.008596340415080438,-3.3987611183356177,0.12159477912237486,-3.6370868854154725,-3.160435351255763,6.314518911104543e-172,0.0011137288498607838,8.208874584435905e-171,dissociated
Argentina,Exploration & Invention,Culture (core),Exploration & Invention + Culture (core),24493,8143,16,67.00383849575117,-2.0325035165269454,-2.8849506808568615,-1.4601087282808742,0.3570052010110145,0.0004997501249375312,0.0019648778091612426,-2.2096000100763566,0.25234965781728125,-2.7042053393982277,-1.7149946807544854,2.0211408833465353e-18,0.0011137288498607838,7.882449445051487e-18,dissociated
Argentina,Exploration & Invention,Culture (periphery),Exploration & Invention + Culture (periphery),24493,8143,15,43.19639560684896,-1.4952460652655626,-2.350554838880403,-0.9157355179505867,0.36293361481466313,0.0009995002498750624,0.001842072946088665,-0.8408025950163764,0.2605276250344999,-1.3514367400839962,-0.3301684499487567,0.0012496136430617682,0.001999000499750125,0.002118910090409085,dissociated
Argentina,Exploration & Invention,Sport & Games,Exploration & Invention + Sport & Games,24493,8143,70,24.410767773298762,1.5008537700289937,1.1794879984668767,1.7569064934456073,0.15091815351000168,0.0004997501249375312,0.008596340415080438,-1.137507048678357,0.13326962707393808,-1.3987155177432755,-0.8762985796134384,1.396942672434008e-17,0.0011137288498607838,4.7374577586892445e-17,associated
Argentina,Culture (core),Culture (periphery),Culture (core) + Culture (periphery),24493,8143,1383,431.3521859012748,1.6797131467212412,1.628549847384707,1.7338389883781364,0.02692220119580202,0.0004997501249375312,0.16983912562937492,1.4569221817777496,0.04560489251082373,1.367536592456535,1.5463077710989641,6.019194898739386e-224,0.0011137288498607838,1.1737430052541803e-222,associated
Argentina,Culture (core),Sport & Games,Culture (core) + Sport & Games,24493,8143,110,243.76195954810868,-1.1443828315057,-1.4025837090770945,-0.9126432349358086,0.1274818930064167,0.0004997501249375312,0.013508534937983544,-4.576755480153089,0.09711302731103764,-4.767097013682723,-4.386413946623455,0.0,0.0011137288498607838,0.0,dissociated
Argentina,Culture (periphery),Sport & Games,Culture (periphery) + Sport & Games,24493,8143,62,157.1497734298986,-1.3347950017320673,-1.7068048268829579,-1.0229210150521462,0.17470400053571947,0.0004997501249375312,0.007613901510499816,-3.4263621768042616,0.12897149541976835,-3.6791463078270077,-3.1735780457815155,1.6420215967520578e-155,0.0011137288498607838,1.6009710568332562e-154,dissociated
Norway,Politics,Administration & Law,Politics + Administration & Law,20697,6801,535,210.76539656447113,1.3418300892598174,1.2601783793191932,1.4213850857800592,0.041556416368107904,0.0004997501249375312,0.07866490222026172,0.787512967568211,0.05692867536461859,0.6759327638535586,0.8990931712828634,1.6042612835857378e-43,0.001082791937364651,9.625567701514426e-43,associated
Norway,Politics,Military,Politics + Military,20697,6801,168,126.08528901819922,0.4126388382496816,0.23027599960979422,0.5757845438770735,0.0900823042716024,0.0004997501249375312,0.024702249669166298,0.07392031776460156,0.08933865213502117,-0.10118344042003993,0.24902407594924306,0.40800075953066073,0.001082791937364651,0.46121824990422516,associated
Norway,Politics,Religion,Politics + Religion,20697,6801,127,91.71232457161173,0.46746575606671026,0.23814709191371827,0.6652559636279172,0.10643077207464548,0.0004997501249375312,0.01867372445228643,0.06600237556666412,0.10214444933515414,-0.134200745130238,0.2662054962635662,0.5181711883920165,0.001082791937364651,0.569258488656018,associated
Norway,Politics,Nobility,Politics + Nobility,20697,6801,15,44.22187224036045,-1.5287123710568948,-2.3645901174924435,-0.9620088361039032,0.3630651893781772,0.0009995002498750624,0.0022055580061755625,-1.4522891727540632,0.26267193057785043,-1.96712615668665,-0.9374521888214764,3.222286262936931e-08,0.0019490254872563718,6.444572525873862e-08,dissociated
Norway,Politics,Kinship,Politics + Kinship,20697,6801,33,169.72559024091646,-2.3452149349218585,-2.8773004520720122,-1.9166841761015347,0.2476628073086442,0.0004997501249375312,0.004852227613586237,-1.8853688013767875,0.17730632596184803,-2.2328892002620098,-1.5378484024915653,2.0837807553409976e-26,0.001082791937364651,8.126744945829891e-26,dissociated
Norway,Politics,Big business,Politics + Big business,20697,6801,278,175.67823507817704,0.6606416217194332,0.5253125646532708,0.7856871572974149,0.06754918067993548,0.0004997501249375312,0.04087634171445376,0.16473476257992653,0.07103756785763227,0.025501129578967302,0.30396839558088573,0.02039607234182962,0.001082791937364651,0.02565957488165662,associated
Norway,Politics,Small business,Politics + Small business,20697,6801,392,202.55233275581097,0.9508410523223852,0.8494390869310817,1.0454727390829723,0.05088117244747937,0.0004997501249375312,0.057638582561388034,0.9252549720464248,0.06729382350357753,0.7933590779794129,1.0571508661134368,5.129803184588833e-43,0.001082791937364651,2.667497655986193e-42,associated
Norway,Politics,Academia,Politics + Academia,20697,6801,448,419.599785191003,0.09437593701102243,-0.007820094224978496,0.19223188388290927,0.051993754000482756,0.06996501749125437,0.06587266578444347,-0.477493177431412,0.05435826945840695,-0.5840353855698897,-0.37095096929293436,1.5750017308569268e-18,0.09160419790104948,5.3413102176887075e-18,not distinguishable
Norway,Politics,Exploration & Invention,Politics + Exploration & Invention,20697,6801,58,96.2634709229401,-0.726025895278082,-1.100203078140627,-0.42621461432569624,0.17507652245295555,0.0004997501249375312,0.00852815762387884,-0.9322457497487834,0.13881618740294538,-1.2043254770585563,-0.6601660224390105,1.8718512051997473e-11,0.001082791937364651,4.4243755759266755e-11,dissociated
Norway,Politics,Culture (core),Politics + Culture (core),20697,6801,120,503.6219615445706,-2.0647396587575355,-2.3117919890868657,-1.8385387112279992,0.12229702181682374,0.0004997501249375312,0.0176444640494045,-2.855692410906692,0.0938597401636562,-3.0396575016274583,-2.671727320185926,2.5577872607501204e-203,0.001082791937364651,9.975370316925469e-202,dissociated
Norway,Politics,Culture (periphery),Politics + Culture (periphery),20697,6801,271,330.6884527511267,-0.2867001745385737,-0.4329792357113183,-0.15450830998168158,0.07080667350127855,0.0004997501249375312,0.03984708131157183,-0.4844861307773969,0.06809350872050803,-0.6179494078695926,-0.35102285368520114,1.1190311007615994e-12,0.001082791937364651,2.9094808619801585e-12,dissociated
Norway,Politics,Sport & Games,Politics + Sport & Games,20697,6801,52,126.08528901819922,-1.269720425266054,-1.6792563526557298,-0.9297515860481816,0.18929161237827682,0.0004997501249375312,0.007645934421408616,-3.9660887064229833,0.13976535605016072,-4.240028804281298,-3.6921486085646684,3.9139879744344564e-177,0.001082791937364651,1.0176368733529587e-175,dissociated
Norway,Administration & Law,Military,Administration & Law + Military,20697,6801,47,41.595857145982556,0.1742492556636201,-0.2642009603220826,0.5171137073604686,0.197879985687835,0.36881559220389803,0.006910748419350096,-0.12355180125151291,0.15246743383935982,-0.4223879715766582,0.17528436907363235,0.41773973853318624,0.4358729726046068,0.465481422936979,not distinguishable
Norway,Administration & Law,Religion,Administration & Law + Religion,20697,6801,2,30.256128856207084,-3.6208739288065512,-6.005362192881512,-2.4267510043524143,1.00375850252472,0.0004997501249375312,0.00029407440082340834,-2.8802345664850106,0.6344385445563715,-4.123734113815499,-1.6367350191545225,5.630320934045774e-06,0.001082791937364651,9.343936869267454e-06,dissociated
Norway,Administration & Law,Nobility,Administration & Law + Nobility,20697,6801,3,14.58890799046682,-2.1080615722168696,-4.874717802324053,-0.996014312197781,0.8723388777841136,0.047976011994003,0.0004411116012351125,-1.7212349611143682,0.5389193131875526,-2.777516814961971,-0.6649531072667652,0.0014038226382735708,0.06874744445958839,0.001955324389023902,not distinguishable
Norway,Administration & Law,Kinship,Administration & Law + Kinship,20697,6801,20,55.99290338034365,-1.4624457383099954,-2.189296504986142,-0.928231734181115,0.3175789610969972,0.0004997501249375312,0.002940744008234083,-1.1121829316805303,0.22537141078556858,-1.5539108968202446,-0.6704549665408159,8.01962910247204e-07,0.001082791937364651,1.4547234185879512e-06,dissociated
Norway,Administration & Law,Big business,Administration & Law + Big business,20697,6801,77,57.95669603386821,0.4068280199061896,0.11623941052599443,0.6841437535543003,0.1452747053784299,0.005497251374312844,0.01132186443170122,-0.06811618870999775,0.12084632746851828,-0.3049749905482936,0.16874261312829808,0.5729858389113496,0.009321426243400039,0.6122314443162366,associated
Norway,Administration & Law,Small business,Administration & Law + Small business,20697,6801,16,66.82252912693184,-2.0286233513997485,-2.8878611480048484,-1.4507758213779705,0.3666292870408724,0.0009995002498750624,0.0023525952065872667,-1.559216037707858,0.24973590232230852,-2.0486984062595828,-1.0697336691561334,4.279966660490741e-10,0.0019490254872563718,9.022632419412914e-10,dissociated
Norway,Administration & Law,Academia,Administration & Law + Academia,20697,6801,119,138.42703505855204,-0.21731675540882897,-0.45626445785373737,0.005255071868549326,0.12051838154158262,0.0704647676161919,0.017497426848992796,-0.671410413676373,0.09755730325705392,-0.8626227280601987,-0.4801980992925473,5.892865131750746e-12,0.09160419790104948,1.4827209041179297e-11,not distinguishable
Norway,Administration & Law,Exploration & Invention,Administration & Law + Exploration & Invention,20697,6801,20,31.757563598946895,-0.6540135666904147,-1.3996821675810964,-0.13023848469601568,0.31672410686185765,0.044977511244377814,0.002940744008234083,-0.7784854842196842,0.22644196144617287,-1.2223117286541831,-0.3346592397851854,0.0005862377963948422,0.06692879975106786,0.0008467879281258832,not distinguishable
Norway,Administration & Law,Culture (core),Administration & Law + Culture (core),20697,6801,48,166.14616448207332,-1.7807314604370739,-2.208904849967927,-1.4434077322150494,0.19868486706205415,0.0004997501249375312,0.0070577856197618,-2.4389204265006716,0.14687895298701834,-2.7268031743552275,-2.151037678646116,6.415353577965118e-62,0.001082791937364651,6.25496973851599e-61,dissociated
Norway,Administration & Law,Culture (periphery),Administration & Law + Culture (periphery),20697,6801,32,109.09496062206294,-1.7536698387973837,-2.2955028924581415,-1.3503531116980525,0.24863074895220927,0.0004997501249375312,0.004705190413174533,-1.5213930901338515,0.1790953472873501,-1.8724199708170577,-1.1703662094506453,1.9814126398172747e-17,0.001082791937364651,5.944237919451824e-17,dissociated
Norway,Administration & Law,Sport & Games,Administration & Law + Sport & Games,20697,6801,46,41.595857145982556,0.1435524584407037,-0.29497114340727487,0.4903594477348318,0.19878043050216657,0.46926536731634183,0.006763711218938391,-2.708349670792158,0.1497904652741665,-3.0019389827295244,-2.4147603588547915,4.504887531752076e-73,0.5228956950096381,5.01973182109517e-72,not distinguishable
Norway,Military,Religion,Military + Religion,20697,6801,9,18.099995604543274,-0.9693028618467409,-2.1394409319271586,-0.2493766156296661,0.4894160692600371,0.04847576211894053,0.0013233348037053375,-0.7853873747068842,0.3293786571774856,-1.430969542774756,-0.13980520663901252,0.017104610718753112,0.06874744445958839,0.021871469443651523,not distinguishable
Norway,Military,Nobility,Military + Nobility,20697,6801,19,8.72746053394612,1.0794685568169378,0.3664041811944451,1.604533741407477,0.31555466296281715,0.0024987506246876563,0.0027937068078223793,0.8226302590941267,0.2387154520097928,0.3547479731549328,1.2905125450333206,0.0005688021050190103,0.004532617412224121,0.0008371049847449585,associated
Norway,Military,Kinship,Military + Kinship,20697,6801,63,33.49639704029491,0.9013747351551062,0.5493040773587011,1.189805330015037,0.164165321545156,0.0004997501249375312,0.009263343625937363,0.8890088979331036,0.13648033436314752,0.6215074425813345,1.1565103532848726,7.326125938718254e-11,0.001082791937364651,1.6326794949143536e-10,associated
Norway,Military,Big business,Military + Big business,20697,6801,34,34.6711883880564,-0.02779772065814704,-0.5610168906578132,0.3875250918834248,0.2380816179776192,0.904047976011994,0.004999264813997942,-0.18822996205236142,0.17707308757810133,-0.53529321370544,0.1588332896007172,0.2877786989282608,0.9157888588173447,0.3300990958294756,not distinguishable
Norway,Military,Small business,Military + Small business,20697,6801,20,39.974958106175684,-0.9814056775285871,-1.7624738551344372,-0.4796952391604763,0.3268705805373809,0.011494252873563218,0.002940744008234083,-0.5843542310471324,0.22639214214969497,-1.0280828296605344,-0.14062563243373022,0.009846907216141891,0.018296973961998593,0.013242392463087371,dissociated
Norway,Military,Academia,Military + Academia,20697,6801,59,82.81061790876585,-0.4856107098607223,-0.8459936350427032,-0.17153856465135758,0.1725122533274493,0.006496751624187906,0.008675194824290546,-0.6525250682820738,0.13668664395425473,-0.920430890432413,-0.38461924613173454,1.8071381141327224e-06,0.010781843120992694,3.1323727311633856e-06,dissociated
Norway,Military,Exploration & Invention,Military + Exploration & Invention,20697,6801,59,18.99819254088148,1.6095492743515636,1.258476085537688,1.9188859109946121,0.168051865030663,0.0004997501249375312,0.008675194824290546,1.1657631340570227,0.14218393952513453,0.887082612587759,1.4444436555262863,2.424372734704615e-16,0.001082791937364651,7.003743455813333e-16,associated
Norway,Military,Culture (core),Military + Culture (core),20697,6801,50,99.39291510586987,-0.9840989707929813,-1.4082561315680042,-0.6327483655720914,0.19616677288133863,0.0004997501249375312,0.007351860020585208,-1.6116216714197245,0.14665407159812024,-1.89906365175204,-1.3241796910874088,4.303773185378038e-28,0.001082791937364651,1.7668121497867733e-27,dissociated
Norway,Military,Culture (periphery),Military + Culture (periphery),20697,6801,25,65.26341545944551,-1.366787981048097,-1.9927054747045498,-0.9056932053385127,0.2789549532584304,0.0004997501249375312,0.003675930010292604,-1.0169366000501021,0.20304726748427884,-1.4149092443192886,-0.6189639557809156,5.489186953380273e-07,0.001082791937364651,1.0194204341991937e-06,dissociated
Norway,Military,Sport & Games,Military + Sport & Games,20697,6801,41,24.883713150733723,0.7092082132095673,0.23179414567958978,1.0789210412544445,0.21386631348300772,0.0014992503748125937,0.006028525216879871,-2.0448660895458417,0.16050032770139103,-2.3594467318405683,-1.7302854472511153,3.5180292753141593e-37,0.002852232420375178,1.7150392717156526e-36,associated
Norway,Religion,Nobility,Religion + Nobility,20697,6801,7,6.348208418348202,0.1311639862260847,-1.3704980049297015,0.9127502571467008,0.5670410920789517,0.7981009495252374,0.0010292604028819291,0.0856196512514494,0.37314954946769235,-0.6457534657052275,0.8169927682081264,0.8185181636381424,0.8300249875062469,0.8400581153128304,not distinguishable
Norway,Religion,Kinship,Religion + Kinship,20697,6801,34,24.3647174167613,0.4724963266380755,-0.06068741445172753,0.8806892906384208,0.23698141860139074,0.04997501249375312,0.004999264813997942,0.495125275360329,0.1795192234550965,0.14326759738833988,0.8469829533323181,0.005814504283465061,0.06960805311629899,0.007956690072110084,not distinguishable
Norway,Religion,Big business,Religion + Big business,20697,6801,4,25.219240939916105,-2.514851158024654,-4.197968119206995,-1.4968449783922961,0.7774850344655108,0.018490754622688656,0.0005881488016468167,-2.0102992501472765,0.47427909044283384,-2.939886267415231,-1.0807122328793222,2.248759733153661e-05,0.028845577211394306,3.654234566374699e-05,dissociated
Norway,Religion,Small business,Religion + Small business,20697,6801,19,29.077114079827226,-0.6010071676156699,-1.3460369460512087,-0.05790055867944802,0.32485585820403334,0.06446776611694154,0.0027937068078223793,-0.3456416215598821,0.23281643751001685,-0.8019618390795151,0.11067859595975094,0.13764715323601778,0.08669803029519724,0.16775746800639668,not distinguishable
Norway,Religion,Academia,Religion + Academia,20697,6801,135,60.235054594895885,1.1576915058881383,0.9543348926053352,1.350874940306892,0.10125240429972904,0.0004997501249375312,0.019850022055580063,0.6768821983031935,0.10067219461529281,0.4795646968572196,0.8741996997491674,1.772569034495868e-11,0.001082791937364651,4.3206370215836784e-11,associated
Norway,Religion,Exploration & Invention,Religion + Exploration & Invention,20697,6801,5,13.818966622916657,-1.380423855598863,-3.246949170409573,-0.43705915292853204,0.6856922816943659,0.04547726136931534,0.0007351860020585208,-1.1069004283466928,0.43055411298057167,-1.9507864897886131,-0.2630143669047723,0.010144219063342105,0.06692879975106786,0.013411001473570919,not distinguishable
Norway,Religion,Culture (core),Religion + Culture (core),20697,6801,77,72.29673946333617,0.09032247624612096,-0.23150018372399608,0.3537587500136744,0.14813299950877504,0.5282358820589705,0.01132186443170122,-0.8136027872391183,0.12336153997972318,-1.0553914055993756,-0.5718141688788608,4.2447976727433055e-11,0.5803154760647845,9.738065249234642e-11,not distinguishable
Norway,Religion,Culture (periphery),Religion + Culture (periphery),20697,6801,13,47.471513829061095,-1.8292185598684414,-2.8060378348536323,-1.2061305045804853,0.3978268333034399,0.0009995002498750624,0.001911483605352154,-1.3879817419359706,0.27659109047234537,-1.9301002792617674,-0.8458632046101736,5.216538864483509e-07,0.0019490254872563718,9.924147108041797e-07,dissociated
Norway,Religion,Sport & Games,Religion + Sport & Games,20697,6801,5,18.099995604543274,-1.7577987566530295,-3.5784001052040413,-0.8961382944429412,0.6636026558682636,0.03548225887056472,0.0007351860020585208,-3.835799030148844,0.4287686798639304,-4.676185642682148,-2.9954124176155403,3.683292354506258e-19,0.05426698415498134,1.3058945620522188e-18,not distinguishable
Norway,Nobility,Kinship,Nobility + Kinship,20697,6801,118,11.748185707965515,3.2742470916378132,3.086502115197944,3.440008083906322,0.08985086183493061,0.0004997501249375312,0.017350389648581092,3.2256741525367087,0.13162890159239019,2.967681505415624,3.4836667996577937,1.280522441158499e-132,0.001082791937364651,2.497018760259073e-131,associated
Norway,Nobility,Big business,Nobility + Big business,20697,6801,9,12.160220080050674,-0.41430306564431024,-1.5457355212052162,0.3096420987498358,0.4791099369650214,0.3618190904547726,0.0013233348037053375,-0.4162627606901181,0.33209042694500424,-1.0671599975023263,0.23463447612209015,0.21003758725123856,0.43418290854572716,0.24822623947873645,not distinguishable
Norway,Nobility,Small business,Nobility + Small business,20697,6801,3,14.020410342477795,-2.0526553968722956,-4.849498400612436,-1.0102284457078214,0.8951194023102329,0.05697151424287856,0.0004411116012351125,-1.2898845699712853,0.5392312620519913,-2.3467778435931885,-0.23299129634938232,0.016753168871243174,0.07796101949025487,0.021779119532616124,not distinguishable
Norway,Nobility,Academia,Nobility + Academia,20697,6801,5,29.044154110462223,-2.4253691694213835,-4.226779949483993,-1.518395935293445,0.6493835366001115,0.0034982508745627187,0.0007351860020585208,-2.020047583650123,0.4315570126665668,-2.8658993284765937,-1.174195838823652,2.857074878885035e-06,0.006201444732179365,4.844605229413755e-06,dissociated
Norway,Nobility,Exploration & Invention,Nobility + Exploration & Invention,20697,6801,7,6.663232878971027,0.06627975032294198,-1.4292803423749918,0.853120284685722,0.565325505255877,0.895552223888056,0.0010292604028819291,0.038569210808089796,0.37304177047072523,-0.6925926593145316,0.7697310809307113,0.9176525503312825,0.9157888588173447,0.9176525503312823,not distinguishable
Norway,Nobility,Culture (core),Nobility + Culture (core),20697,6801,18,34.86006042127836,-0.9345954691858391,-1.6936983129200784,-0.39371042397523254,0.3328926121532364,0.009495252373813094,0.002646669607410675,-1.5169013765446697,0.24197577445798574,-1.9911738944823218,-1.0426288586070176,3.6380593051098526e-10,0.015429785107446277,7.882461827738014e-10,dissociated
Norway,Nobility,Culture (periphery),Nobility + Culture (periphery),20697,6801,2,22.88982674259951,-3.2258811751354775,-5.6318147542738455,-2.086207826829505,1.0040738710191297,0.0004997501249375312,0.00029407440082340834,-2.282766823717188,0.6360665326012894,-3.529457227615715,-1.0360764198186607,0.0003321009201122434,0.001082791937364651,0.0004981513801683651,dissociated
Norway,Nobility,Sport & Games,Nobility + Sport & Games,20697,6801,8,8.72746053394612,-0.1184708207949713,-1.3692604878883046,0.6432000647665794,0.5135294550173152,0.7951024487756122,0.0011762976032936333,-2.5575146334602072,0.3492127334811412,-3.241971591083244,-1.8730576758371704,2.413011619723256e-13,0.8300249875062469,6.490169184083241e-13,not distinguishable
Norway,Kinship,Big business,Kinship + Big business,20697,6801,41,46.67148689065143,-0.18480374026040722,-0.6465276037550108,0.20375066358097554,0.2170695060237677,0.39030484757621187,0.006028525216879871,-0.07927243819523153,0.1623697488831173,-0.3975171460061414,0.23897226961567838,0.6253928009716814,0.45438474792454514,0.6591978172404209,not distinguishable
Norway,Kinship,Small business,Kinship + Small business,20697,6801,14,53.81098312307678,-1.9051910785429886,-2.79186281214127,-1.3315978507218387,0.382445158870602,0.0004997501249375312,0.0020585208057638583,-1.0346490589710549,0.2670345783356558,-1.5580368325089402,-0.5112612854331695,0.00010680510173202136,0.001082791937364651,0.00016334897911956205,dissociated
Norway,Kinship,Academia,Kinship + Academia,20697,6801,119,111.47280632200933,0.0938622158155782,-0.14716586240464544,0.3132033531735203,0.11683131664000933,0.4142928535732134,0.017497426848992796,0.058332960500575924,0.10120008818962731,-0.14001921235109357,0.2566851333522454,0.5643366333222783,0.47521827321633303,0.6113646860991349,not distinguishable
Norway,Kinship,Exploration & Invention,Kinship + Exploration & Invention,20697,6801,41,25.573795861674732,0.670510708623573,0.2047374715282153,1.044849827260113,0.21221903435959438,0.00399800099950025,0.006028525216879871,0.6526846444317675,0.1651796482356202,0.328932533889952,0.9764367549735831,7.77075605485538e-05,0.0069298683991337665,0.00012122379445574392,associated
Norway,Kinship,Culture (core),Kinship + Culture (core),20697,6801,196,133.79452363926544,0.5491288377971738,0.37786296251529267,0.7013364562961726,0.08397026550860086,0.0004997501249375312,0.028819291280694017,-0.09480587044030794,0.08362059167492761,-0.25870223012316607,0.06909048924255015,0.25689428844957773,0.001082791937364651,0.2990709626726427,associated
Norway,Kinship,Culture (periphery),Kinship + Culture (periphery),20697,6801,38,87.8522133410322,-1.1984078308610786,-1.6833063528374923,-0.8181877330751742,0.2247208882745629,0.0004997501249375312,0.0055874136156447585,-0.6707961604554012,0.16702041017618377,-0.9981561644007214,-0.3434361565100811,5.9130870410044385e-05,0.001082791937364651,9.412669167313188e-05,dissociated
Norway,Kinship,Sport & Games,Kinship + Sport & Games,20697,6801,71,33.49639704029491,1.0725613851613298,0.7237013641478793,1.3474401138866547,0.15738500002277364,0.0004997501249375312,0.010439641229230995,-1.5475283906914679,0.12483037562776167,-1.7921959269218808,-1.302860854461055,2.711227855759127e-35,0.001082791937364651,1.2439751338188937e-34,associated
Norway,Big business,Small business,Big business + Small business,20697,6801,53,55.69825109734526,-0.0709863426255338,-0.4676891265038928,0.2638484667654602,0.18642110538496012,0.6996501749125438,0.00779297162182032,-0.028977818172440245,0.14396691201285522,-0.3111529657176365,0.25319732937275596,0.8404787814610104,0.7579543561552557,0.8513940903111534,not distinguishable
Norway,Big business,Academia,Big business + Academia,20697,6801,70,115.38239959021224,-0.7169663014587802,-1.0560826149016698,-0.44084268916660424,0.15885959937261762,0.0004997501249375312,0.010292604028819291,-0.9611351966086312,0.12459161655258605,-1.2053347650517,-0.7169356281655626,1.2166265841557196e-14,0.001082791937364651,3.389174055862362e-14,dissociated
Norway,Big business,Exploration & Invention,Big business + Exploration & Invention,20697,6801,81,26.470724390184007,1.5954057887864572,1.3074312428490014,1.8512126165571523,0.13949006601939262,0.0004997501249375312,0.011910013233348038,1.0544404827504037,0.12341562750202023,0.812545852846444,1.2963351126543634,1.2986011661190992e-17,0.001082791937364651,4.0516356382915895e-17,associated
Norway,Big business,Culture (core),Big business + Culture (core),20697,6801,47,138.48698798282444,-1.5489504050302414,-1.9895405125471897,-1.2012643746341733,0.19904170868838394,0.0004997501249375312,0.006910748419350096,-2.168552158999361,0.14906079480312406,-2.4607113168134838,-1.8763930011852377,6.004301782834737e-48,0.001082791937364651,3.902796158842579e-47,dissociated
Norway,Big business,Culture (periphery),Big business + Culture (periphery),20697,6801,50,90.93338114515711,-0.8564375828940489,-1.267045561709708,-0.5213914850890796,0.18989010166368006,0.0004997501249375312,0.007351860020585208,-0.7691440589388536,0.14606838296971383,-1.0554380895594928,-0.4828500283182145,1.39699003168904e-07,0.001082791937364651,2.724130561793628e-07,dissociated
Norway,Big business,Sport & Games,Big business + Sport & Games,20697,6801,70,34.6711883880564,1.0032291749624775,0.6669438652486008,1.2904973434190734,0.15675387982454916,0.0004997501249375312,0.010292604028819291,-1.9708774134330778,0.12388898370560968,-2.2136998214960726,-1.7280550053700827,5.539796359651721e-57,0.001082791937364651,4.801156845031492e-56,associated
Norway,Small business,Academia,Small business + Academia,20697,6801,116,133.0328380494061,-0.19686461448906936,-0.4471249261398796,0.0071179680019260545,0.11735364546016325,0.08995502248875563,0.01705631524775768,-0.22278747470049493,0.10070722157687242,-0.42017362899116484,-0.025401320409824985,0.026950819551836088,0.11502445498562196,0.0333676813498923,not distinguishable
Norway,Small business,Exploration & Invention,Small business + Exploration & Invention,20697,6801,29,30.520041213881427,-0.07248564869587718,-0.6509178502502322,0.358715729864158,0.2600959850684491,0.7896051974012993,0.00426407881193942,0.0488318331241538,0.1917755985428474,-0.3270483400198271,0.42471200626813466,0.7990088358808691,0.8300249875062469,0.8309691893161039,not distinguishable
Norway,Small business,Culture (core),Small business + Culture (core),20697,6801,177,159.6718139829011,0.14819873083300603,-0.036637669597607295,0.31238467761275,0.08964120002188694,0.09745127436281859,0.026025584472871635,-0.5045467165494235,0.08439956370186115,-0.6699698614050713,-0.33912357169377566,2.25793154047531e-09,0.12259999032741693,4.6347015830809e-09,not distinguishable
Norway,Small business,Culture (periphery),Small business + Culture (periphery),20697,6801,58,104.84377002153099,-0.8485964665980003,-1.2459833089772159,-0.5457222209781618,0.17982426838159088,0.0004997501249375312,0.00852815762387884,-0.44636552907677235,0.13707830387990713,-0.7150390046813904,-0.1776920534721544,0.0011288182157263575,0.001082791937364651,0.0016008694695755616,dissociated
Norway,Small business,Sport & Games,Small business + Sport & Games,20697,6801,33,39.974958106175684,-0.2728684916888983,-0.8205923637553811,0.1283087999121509,0.24348316986692753,0.24687656171914044,0.004852227613586237,-2.5947939777035507,0.17643319288172365,-2.940603035751729,-2.2489849196553724,5.817158475409173e-49,0.3056566954617929,4.1248941916537774e-48,not distinguishable
Norway,Academia,Exploration & Invention,Academia + Exploration & Invention,20697,6801,71,63.22416811068699,0.16610260723194054,-0.1412006202245616,0.45525310409349845,0.15368781870877732,0.28235882058970513,0.010439641229230995,-0.18130213161377107,0.12777441060460581,-0.43173997639879846,0.06913571317125633,0.1559212798134162,0.34412481259370314,0.18710553577609942,not distinguishable
Norway,Academia,Culture (core),Academia + Culture (core),20697,6801,456,330.7701172173293,0.46260679167373453,0.3590737423616919,0.563612776574375,0.05141652777221745,0.0004997501249375312,0.0670489633877371,-0.7384774383766944,0.05361870941735965,-0.8435701088347194,-0.6333847679186695,3.717523800698691e-43,0.001082791937364651,2.071191831817842e-42,associated
Norway,Academia,Culture (periphery),Academia + Culture (periphery),20697,6801,131,217.19040596133166,-0.7272150270392711,-0.9554151362959924,-0.5208677357070229,0.11413608693268576,0.0004997501249375312,0.019261873253933245,-0.8023360623303356,0.09282857451019767,-0.984280068370323,-0.6203920562903482,5.4659461305770505e-18,0.001082791937364651,1.7764324924375414e-17,dissociated
Norway,Academia,Sport & Games,Academia + Sport & Games,20697,6801,55,82.81061790876585,-0.5860126068185598,-0.9710940422643567,-0.252687777362479,0.1819776472073939,0.0024987506246876563,0.00808704602264373,-3.339469705373961,0.1364277627579854,-3.606868120379612,-3.0720712903683096,2.5380407204376297e-132,0.004532617412224121,3.959343523882702e-131,dissociated
Norway,Exploration & Invention,Culture (core),Exploration & Invention + Culture (core),20697,6801,30,75.88440386458663,-1.324468856787993,-1.8967339452143566,-0.890459824082298,0.2580456900233683,0.0009995002498750624,0.004411116012351125,-1.899949401502011,0.186631194432293,-2.2657465425893055,-1.5341522604147169,2.4297410377736912e-24,0.0019490254872563718,9.024752426016567e-24,dissociated
Norway,Exploration & Invention,Culture (periphery),Exploration & Invention + Culture (periphery),20697,6801,16,49.82724745553207,-1.6088736703069626,-2.4675708809464654,-1.0332877214512848,0.36408446090032437,0.0004997501249375312,0.0023525952065872667,-1.2279065728440286,0.2509232908958881,-1.7197162229999692,-0.7360969226880879,9.903132796336483e-07,0.001082791937364651,1.7555553593505583e-06,dissociated
Norway,Exploration & Invention,Sport & Games,Exploration & Invention + Sport & Games,20697,6801,41,18.99819254088148,1.089770942390545,0.6714240726962606,1.435623922582041,0.20029754796789373,0.0004997501249375312,0.006028525216879871,-1.7903146378660024,0.1617232257480278,-2.107292160332137,-1.473337115399868,1.7493492236478767e-28,0.001082791937364651,7.580513302474132e-28,associated
Norway,Culture (core),Culture (periphery),Culture (core) + Culture (periphery),20697,6801,750,260.6813972250165,1.5227999279745312,1.4524605755170694,1.5933426646848676,0.03596462561374319,0.0004997501249375312,0.11027790030877813,0.7637966157050599,0.050538952155215026,0.6647402694808384,0.8628529619292813,1.3288943258954829e-51,0.001082791937364651,1.0365375741984766e-50,associated
Norway,Culture (core),Sport & Games,Culture (core) + Sport & Games,20697,6801,106,99.39291510586987,0.09239916668106214,-0.16308715775025986,0.3145635491386332,0.12284856885164638,0.45327336331834084,0.01558594324364064,-3.5293665913246723,0.09924388475094155,-3.723884605436518,-3.334848577212827,5.314108571327073e-277,0.5123959759250809,4.145004685635117e-275,not distinguishable
Norway,Culture (periphery),Sport & Games,Culture (periphery) + Sport & Games,20697,6801,66,65.26341545944551,0.016069112481597213,-0.331185541231239,0.30490944706741957,0.16112187674951783,0.928535732133933,0.009704455227172474,-2.5687683934134475,0.12588724036891966,-2.81550738453653,-2.322029402290365,1.5000214001310462e-92,0.928535732133933,1.95002782017036e-91,not distinguishable
Mexico,Politics,Administration & Law,Politics + Administration & Law,19797,6828,677,223.2348705595219,1.5984308189800418,1.5274189747490106,1.6658375373329033,0.03613625576257401,0.0004997501249375312,0.09915055653192736,1.0809695838055402,0.056875079213943726,0.9694944285462105,1.1924447390648698,1.520259889965471e-80,0.001082791937364651,2.3716054283461346e-79,associated
Mexico,Politics,Military,Politics + Military,19797,6828,520,211.20135202779488,1.2978676803975833,1.2104398879914957,1.379868710594088,0.04323498934387234,0.0004997501249375312,0.07615700058582309,0.6315395386184443,0.05894884513689576,0.5159998021501285,0.74707927508676,8.811555354429084e-27,0.001082791937364651,4.2956332352841785e-26,associated
Mexico,Politics,Religion,Politics + Religion,19797,6828,53,74.39622985999237,-0.4853542063533002,-0.8972818696850056,-0.17143652664636413,0.18314680117668208,0.013493253373313344,0.007762155828939661,-1.6594679970045672,0.1425571706450592,-1.938880051468883,-1.3800559425402512,2.558489314877401e-31,0.020239880059970017,1.4254440468602663e-30,dissociated
Mexico,Politics,Nobility,Politics + Nobility,19797,6828,47,39.625107335822904,0.2434222619525127,-0.14516342367325058,0.5642436947254382,0.18293418296686634,0.17841079460269865,0.0068834212067955475,-0.3309956563190216,0.16405448930630212,-0.6525424553593737,-0.009448857278669454,0.04363336974765998,0.217438155922039,0.05579348918553244,not distinguishable
Mexico,Politics,Kinship,Politics + Kinship,19797,6828,100,130.947883691734,-0.38729541337778495,-0.6576866644496332,-0.16315587552995447,0.1274456550515549,0.006496751624187906,0.014645577035735208,-0.7260191449738314,0.1096643889461331,-0.9409613473082522,-0.5110769426394105,3.582939499682862e-11,0.010134932533733132,9.636871757767698e-11,dissociated
Mexico,Politics,Big business,Politics + Big business,19797,6828,171,104.373153082896,0.7095631727566771,0.5283469801871884,0.8738974092600788,0.08740057924268294,0.0004997501249375312,0.025043936731107205,0.127405133097629,0.09236693925927227,-0.05363406785054464,0.3084443340458026,0.16779088633429418,0.001082791937364651,0.201349063601153,associated
Mexico,Politics,Small business,Politics + Small business,19797,6828,95,151.9743796009909,-0.6749942075106593,-0.9450135128393928,-0.42609831224955474,0.13205387630742915,0.0004997501249375312,0.013913298183948448,-0.9804141826308805,0.11058065909103908,-1.197152274449317,-0.7636760908124439,7.5783192750599e-19,0.001082791937364651,2.9555445172733606e-18,dissociated
Mexico,Politics,Academia,Politics + Academia,19797,6828,411,356.7090511228664,0.20412379407175843,0.09560803444487821,0.3137861021619241,0.05484974304091126,0.0009995002498750624,0.06019332161687171,-0.44388800647790355,0.05754698257962492,-0.5566800923339684,-0.3310959206218387,1.2242408899017742e-14,0.0020516057760593385,4.340490427833563e-14,associated
Mexico,Politics,Exploration & Invention,Politics + Exploration & Invention,19797,6828,49,51.258163112737044,-0.06435789207693703,-0.4644241243389039,0.262798009078897,0.18565251931437782,0.7246376811594203,0.007176332747510252,-0.5960765933836061,0.15685085796457,-0.9035042749941633,-0.2886489117730489,0.00014453486039719068,0.7340485601355167,0.00026217951420885754,not distinguishable
Mexico,Politics,Culture (core),Politics + Culture (core),19797,6828,182,634.5884004157657,-1.7990609561834736,-1.99639589054284,-1.6180028622496772,0.09748970061589704,0.0004997501249375312,0.026654950205038077,-2.857200396600394,0.07724332071004664,-3.0085973051920853,-2.7058034880087027,1.6822269754945495e-299,0.001082791937364651,6.560685204428743e-298,dissociated
Mexico,Politics,Culture (periphery),Politics + Culture (periphery),19797,6828,100,303.9915536928531,-1.5992067082891788,-1.8847884712885448,-1.3489070839950295,0.13611659449218616,0.0004997501249375312,0.014645577035735208,-1.8189847721063526,0.10427026450642786,-2.023354490538951,-1.614615053673754,3.763491961579257e-68,0.001082791937364651,3.669404662539775e-67,dissociated
Mexico,Politics,Sport & Games,Politics + Sport & Games,19797,6828,41,163.69985554060906,-1.984269616292978,-2.469556859752063,-1.5982273580622666,0.21938261002136006,0.0004997501249375312,0.006004686584651435,-4.474714808958293,0.15675329799058185,-4.781951273019834,-4.167478344896752,3.12905309395512e-179,0.001082791937364651,8.135538044283312e-178,dissociated
Mexico,Administration & Law,Military,Administration & Law + Military,19797,6828,48,79.79229490937324,-0.7272768017206974,-1.1703824941992382,-0.3700514755782291,0.20385558231391104,0.0034982508745627187,0.007029876977152899,-0.6801907322811064,0.14911811144239973,-0.9724622307082098,-0.3879192338540029,5.080819108991532e-06,0.0060636348492420465,1.0429049750035249e-05,dissociated
Mexico,Administration & Law,Religion,Administration & Law + Religion,19797,6828,11,28.107045036116997,-1.3147366210453975,-2.3127973815681444,-0.651767537172177,0.4295657371675731,0.00849575212393803,0.001611013473930873,-1.6322106752040906,0.29841386186403407,-2.2171018444575976,-1.0473195059505838,4.509993682346133e-08,0.012993503248375813,1.034645609479407e-07,dissociated
Mexico,Administration & Law,Nobility,Administration & Law + Nobility,19797,6828,5,14.970445122621415,-1.4920111835063041,-3.300052689594051,-0.6377540810009694,0.6853958713640704,0.04397801099450275,0.0007322788517867604,-1.0897624738266567,0.43260620435141284,-1.9376706343554257,-0.24185431329788754,0.011766745361267695,0.060180436097740604,0.01638939532462286,not distinguishable
Mexico,Administration & Law,Kinship,Administration & Law + Kinship,19797,6828,4,49.472373415081485,-3.4731338332889803,-5.107222112104214,-2.521944069486791,0.7289769247173875,0.0004997501249375312,0.0005858230814294083,-2.3921067077487876,0.4738799346252015,-3.3209113796141825,-1.4633020358833928,4.4665246051283766e-07,0.001082791937364651,9.415916735135497e-07,dissociated
Mexico,Administration & Law,Big business,Administration & Law + Big business,19797,6828,11,39.432386826366425,-1.7959254457036258,-2.796238268778425,-1.143929259779435,0.4293179870361268,0.0009995002498750624,0.001611013473930873,-1.3177245599056264,0.2991797841840895,-1.904116936906442,-0.731332182904811,1.0604906615419562e-05,0.0020516057760593385,2.1209813230839125e-05,dissociated
Mexico,Administration & Law,Small business,Administration & Law + Small business,19797,6828,13,57.41622579288897,-2.1010081825881106,-3.0479917365801166,-1.4642873732537336,0.4068218053998504,0.0014992503748125937,0.001903925014645577,-1.441631900493549,0.276053614545598,-1.982696985002921,-0.9005668159841769,1.7672436881329766e-07,0.0029235382308845574,3.8290279909547825e-07,dissociated
Mexico,Administration & Law,Academia,Administration & Law + Academia,19797,6828,103,134.76539582138975,-0.3861620423058519,-0.6659011842329641,-0.14546383320059678,0.12992863644403185,0.005997001499250375,0.015084944346807265,-0.37248245565292937,0.10500970406416614,-0.578301475618695,-0.16666343568716374,0.0003894610378830339,0.009546247284521005,0.0006603904555407967,dissociated
Mexico,Administration & Law,Exploration & Invention,Administration & Law + Exploration & Invention,19797,6828,3,19.36543695546992,-2.5048336997849168,-5.260867315278876,-1.4421286668657007,0.8431409792177766,0.04097951024487756,0.0004393673110720562,-1.8122352579496248,0.5385039039909782,-2.867702909771942,-0.7567676061273074,0.0007645632297217479,0.05707860355536517,0.0012424152482978404,not distinguishable
Mexico,Administration & Law,Culture (core),Administration & Law + Culture (core),19797,6828,136,239.74877199355439,-0.8156281056880832,-1.0355717149757422,-0.6181919064124137,0.10949970269488409,0.0004997501249375312,0.01991798476859988,-1.3503296501489248,0.09166700954485882,-1.529996988856848,-1.1706623114410015,4.087536773093514e-49,0.001082791937364651,2.898435166375401e-48,dissociated
Mexico,Administration & Law,Culture (periphery),Administration & Law + Culture (periphery),19797,6828,36,114.84861943036472,-1.6600323678771496,-2.1792198259533935,-1.264104308904717,0.23320348635050867,0.0004997501249375312,0.005272407732864675,-1.230124693959722,0.16982770994104,-1.5629870054441604,-0.8972623824752834,4.3767541936004443e-13,0.001082791937364651,1.4224451129201444e-12,dissociated
Mexico,Administration & Law,Sport & Games,Administration & Law + Sport & Games,19797,6828,16,61.846134148795926,-1.917834082219469,-2.774101209523476,-1.3434645272086356,0.36531845375857047,0.0004997501249375312,0.0023432923257176333,-3.647416068278135,0.2481952998870812,-4.133878856056814,-3.160953280499456,6.863437918970263e-49,0.001082791937364651,4.461234647330671e-48,dissociated
Mexico,Military,Religion,Military + Religion,19797,6828,42,26.591929380276767,0.6495997010053649,0.1806447346367063,1.0146062146794037,0.20928450315946448,0.004497751124437781,0.006151142355008787,-0.21658671410056815,0.1603926900273405,-0.5309563865541556,0.09778295835301923,0.17690285129707894,0.007308845577211394,0.209067006078366,associated
Mexico,Military,Nobility,Military + Nobility,19797,6828,21,14.163460405763598,0.5521110569484169,-0.11453230804398501,1.0434021784249563,0.29464302144909277,0.05997001499250375,0.0030755711775043936,0.4033878690941327,0.22854932873925185,-0.044568815234800885,0.8513445534230664,0.07756501298100775,0.08064933050716021,0.0945323595706032,not distinguishable
Mexico,Military,Kinship,Military + Kinship,19797,6828,80,46.80555563340267,0.7669791575042547,0.47470546825811816,1.0431683054765977,0.1483293257539436,0.0004997501249375312,0.011716461628588167,0.7226448866044515,0.12265371538849287,0.48224360444300546,0.9630461687658975,3.821296524665743e-09,0.001082791937364651,9.314410278872748e-09,associated
Mexico,Military,Big business,Military + Big business,19797,6828,35,37.30677644822083,-0.09082582020043871,-0.6022401372553637,0.3292469929809132,0.2333730110463433,0.6811594202898551,0.005125951962507323,-0.086017025063696,0.17561791798806536,-0.43022814432030415,0.2581940941929121,0.6242779741558662,0.7057523869644126,0.6956240283451081,not distinguishable
Mexico,Military,Small business,Military + Small business,19797,6828,31,54.32119312452129,-0.7993818986043737,-1.3654497622705148,-0.3686936275868928,0.2533143128881465,0.00399800099950025,0.004540128881077915,-0.5134734125709187,0.1842560380949516,-0.8746152472370239,-0.15233157790481355,0.005324140799529543,0.006779219086109119,0.007690425599320451,dissociated
Mexico,Military,Academia,Military + Academia,19797,6828,70,127.5008413009085,-0.8604581299188618,-1.2086304086752413,-0.5665286566539258,0.16294425592577289,0.0004997501249375312,0.010251903925014646,-0.7574683621403485,0.12471095391592979,-1.0019018318155708,-0.5130348924651261,1.24924721126591e-09,0.001082791937364651,3.14326717673358e-09,dissociated
Mexico,Military,Exploration & Invention,Military + Exploration & Invention,19797,6828,20,18.321539360553167,0.12323928288552029,-0.5943555515229317,0.621517015951711,0.3105008175007759,0.6876561719140429,0.0029291154071470417,0.07166213440825006,0.23088986577394705,-0.3808820025086861,0.5242062713251863,0.7562768164248308,0.7057523869644126,0.7761788379096948,not distinguishable
Mexico,Military,Culture (core),Military + Culture (core),19797,6828,56,226.82506843634516,-2.0084340145271886,-2.3778580407468013,-1.6912405660722785,0.1791333822253312,0.0004997501249375312,0.008201523140011716,-2.2724373734253,0.13694727334933418,-2.540854029189995,-2.0040207176606053,7.7633439658353434e-62,0.001082791937364651,6.055408293351568e-61,dissociated
Mexico,Military,Culture (periphery),Military + Culture (periphery),19797,6828,21,108.65768256286462,-2.3440051064485403,-3.0442447152200534,-1.8471978801311366,0.30558814596891637,0.0004997501249375312,0.0030755711775043936,-1.7389779077959098,0.2190229761869263,-2.1682629411222853,-1.3096928744695342,2.026620158897476e-15,0.001082791937364651,7.527446304476339e-15,dissociated
Mexico,Military,Sport & Games,Military + Sport & Games,19797,6828,66,58.51230642049407,0.17233849528447456,-0.17894114638268704,0.4672475197852242,0.16465565235026514,0.28735632183908044,0.009666080843585237,-2.158721827709939,0.1268622434385468,-2.407371824849491,-1.9100718305703874,6.221254020381835e-65,0.3396029258098223,5.391753484330924e-64,not distinguishable
Mexico,Religion,Nobility,Religion + Nobility,19797,6828,7,4.989116053676671,0.45031675378304853,-1.0468433305956901,1.2638242989553408,0.5765456683292427,0.3888055972013993,0.0010251903925014645,-0.1852536753086724,0.3731635348912734,-0.9166542036955683,0.5461468530782234,0.6195833100786508,0.4395193707494079,0.6956240283451081,not distinguishable
Mexico,Religion,Kinship,Religion + Kinship,19797,6828,22,16.487379660188072,0.4054616705682528,-0.282534857444955,0.8883436878422268,0.30098423541466973,0.16591704147926037,0.003222026947861746,-0.14738312715991445,0.21771677730500041,-0.5741080106777152,0.2793417563578864,0.49843839340206075,0.20542109897432234,0.5802715624680708,not distinguishable
Mexico,Religion,Big business,Religion + Big business,19797,6828,6,13.14140979368315,-1.0694811264788295,-2.5809856223291785,-0.240355191850519,0.6384642170398991,0.07796101949025487,0.0008787346221441124,-1.3172703135382295,0.39613656527306235,-2.093697981473432,-0.5408426456030273,0.0008832552751928521,0.10134932533733133,0.001405998193164132,not distinguishable
Mexico,Religion,Small business,Religion + Small business,19797,6828,18,19.134782666680437,-0.08588635846019471,-0.8390216608012177,0.4547936111173978,0.32475800452638126,0.769615192403798,0.0026362038664323375,-0.5252205557974295,0.2382324779343422,-0.9921562125487402,-0.05828489904611883,0.027478274175750734,0.769615192403798,0.03632720992726368,not distinguishable
Mexico,Religion,Academia,Religion + Academia,19797,6828,78,44.912505557807506,0.7896030167993242,0.48936568352543985,1.025204821459318,0.13912874871046912,0.0004997501249375312,0.011423550087873463,-0.05402158409844168,0.12130717093251094,-0.2917836391261631,0.18374047092927975,0.6560821148162446,0.001082791937364651,0.7010192459680422,associated
Mexico,Religion,Exploration & Invention,Religion + Exploration & Invention,19797,6828,5,6.4538102647999525,-0.33837208493003706,-2.1643666537515576,0.5528112612976629,0.6765062218085726,0.5507246376811594,0.0007322788517867604,-0.7690078281913644,0.4320401856452853,-1.6158065920561235,0.07779093567339479,0.07508493948077598,0.5884455032757594,0.09296230602381787,not distinguishable
Mexico,Religion,Culture (core),Religion + Culture (core),19797,6828,86,79.8997249183236,0.10550956741044806,-0.16089422828690558,0.3494702008242475,0.12968243471883042,0.4097951024487756,0.012595196250732278,-1.2161546182531502,0.11509670131516629,-1.441744152830876,-0.9905650836754243,4.266809043214629e-26,0.45662882844292135,1.957712384533771e-25,not distinguishable
Mexico,Religion,Culture (periphery),Religion + Culture (periphery),19797,6828,6,38.27495349999991,-2.5766134278887516,-3.9597099714646675,-1.6897257209445746,0.5935657222983912,0.001999000499750125,0.0008787346221441124,-2.41288419859701,0.3947224088144533,-3.1865401198733383,-1.6392282773206817,9.785908238345938e-10,0.003712429499535946,2.544336141969944e-09,dissociated
Mexico,Religion,Sport & Games,Religion + Sport & Games,19797,6828,39,20.611113311076252,0.9038499909468479,0.4420285323097309,1.2901702364413064,0.21695175002448341,0.0004997501249375312,0.0057117750439367315,-2.1360101226523316,0.1640290471200722,-2.457507055007673,-1.81451319029699,9.15615405492734e-39,0.001082791937364651,5.493692432956405e-38,associated
Mexico,Nobility,Kinship,Nobility + Kinship,19797,6828,27,8.781549682704346,1.5669940102299997,1.0057129916940328,1.989930873411967,0.2493169738966361,0.0004997501249375312,0.003954305799648506,1.4359256266844218,0.207498133460836,1.0292292851011833,1.8426219682676603,4.510518192991961e-12,0.001082791937364651,1.407281676213492e-11,associated
Mexico,Nobility,Big business,Nobility + Big business,19797,6828,5,6.999410784641912,-0.44734563144215067,-2.295519077133166,0.46752472353902336,0.6991762691221478,0.447776111944028,0.0007322788517867604,-0.1961149117041704,0.4337517445080461,-1.0462683309399408,0.6540385075316,0.6511707897342539,0.491923052558228,0.7010192459680422,not distinguishable
Mexico,Nobility,Small business,Nobility + Small business,19797,6828,2,10.191616140250117,-2.0964799467247914,-4.5028021173922355,-0.8579210071239258,0.9964376778285595,0.1329335332333833,0.00029291154071470416,-1.2875526871137146,0.6370548721565646,-2.5361802365405812,-0.03892513768684802,0.04326923809060933,0.167238961164579,0.05579348918553244,not distinguishable
Mexico,Nobility,Academia,Nobility + Academia,19797,6828,10,23.92141183495515,-1.2177572790027456,-2.34617351614786,-0.5071781800634229,0.4682308848968041,0.02048975512243878,0.0014645577035735209,-0.8848697668115937,0.3168903565921003,-1.5059748657321101,-0.2637646678910771,0.005232622235231957,0.030154733953777827,0.007690425599320451,dissociated
Mexico,Nobility,Exploration & Invention,Nobility + Exploration & Invention,19797,6828,2,3.4374446789709943,-0.6553315589148082,-3.0533058141547538,0.545027428748446,0.9770829445969476,0.47876061969015493,0.00029291154071470416,-0.290758824707583,0.6387427749521073,-1.5426946636137133,0.9611770141985474,0.6489618539979705,0.5186573379976678,0.7010192459680422,not distinguishable
Mexico,Nobility,Culture (core),Nobility + Culture (core),19797,6828,40,42.55639273588885,-0.08830554759610074,-0.5279977461846954,0.27065379501169456,0.20547957906658906,0.6541729135432284,0.005858230814294083,-0.6212343898487693,0.1741575855793954,-0.9625832575843842,-0.2798855221131544,0.0003609785384727279,0.6895336115725921,0.0006256961333527284,not distinguishable
Mexico,Nobility,Culture (periphery),Nobility + Culture (periphery),19797,6828,6,20.38610213938713,-1.684031651876122,-3.1589602769065124,-0.8621123754457231,0.6426443424042917,0.022488755622188907,0.0008787346221441124,-1.1165721087812757,0.3988403534598989,-1.8982992015626774,-0.33484501599987393,0.005117444805767135,0.031893144336922453,0.007676167208650702,dissociated
Mexico,Nobility,Sport & Games,Nobility + Sport & Games,19797,6828,29,10.977943086621465,1.3618508285420003,0.8605903446249548,1.7847745895767373,0.2391376936796793,0.0004997501249375312,0.00424721734036321,-1.056650489706415,0.19806541902473143,-1.4448587109948887,-0.6684422684179414,9.562040921481693e-08,0.001082791937364651,2.1309691196444914e-07,associated
Mexico,Kinship,Big business,Kinship + Big business,19797,6828,17,23.130739345893137,-0.43330984622863555,-1.1799538294566891,0.12291611949675035,0.34070305359434605,0.19790104947526238,0.002489748096074985,-0.0966012332152422,0.24605729928126957,-0.5788735398065306,0.3856710733760461,0.6946175288685168,0.23748125937031486,0.732164422320869,not distinguishable
Mexico,Kinship,Small business,Kinship + Small business,19797,6828,10,33.679923025918434,-1.7027598201393075,-2.7726465917200542,-1.0265682811934376,0.4543832916510658,0.004497751124437781,0.0014645577035735209,-0.9187909532936975,0.31333160186380393,-1.5329208929467533,-0.3046610136406418,0.003364314837589696,0.007308845577211394,0.005145422692784242,dissociated
Mexico,Kinship,Academia,Kinship + Academia,19797,6828,22,79.0523601149691,-1.8219797308192731,-2.5022122831190283,-1.3199843965870652,0.3024015541286539,0.0004997501249375312,0.003222026947861746,-1.2128032828095427,0.2158199444446099,-1.6358103739209782,-0.7897961916981073,1.9149493335773737e-08,0.001082791937364651,4.5262438793647014e-08,dissociated
Mexico,Kinship,Exploration & Invention,Kinship + Exploration & Invention,19797,6828,8,11.359618592420293,-0.48052286692128904,-1.747312328837986,0.2656755367660112,0.528039456554822,0.32233883058470764,0.0011716461628588166,-0.12549728618737224,0.35041959563875247,-0.812319693639327,0.5613251212645826,0.7202427909453666,0.37526013112846557,0.7490525025831812,not distinguishable
Mexico,Kinship,Culture (core),Kinship + Culture (core),19797,6828,160,140.63481315244232,0.18549940177591975,-0.010321792330611763,0.3740590964605124,0.097816275025139,0.06196901549225387,0.023432923257176334,-0.21943486966555684,0.0922997130760061,-0.4003423072945288,-0.0385274320365849,0.017434385228470378,0.08192513912535257,0.02344624220380499,not distinguishable
Mexico,Kinship,Culture (periphery),Kinship + Culture (periphery),19797,6828,22,67.36932998697294,-1.5928347693183442,-2.27627357417864,-1.0914305359857583,0.302451740602709,0.0004997501249375312,0.003222026947861746,-0.941635241137319,0.21612983353733226,-1.3652497148704903,-0.5180207674041477,1.3197557746055918e-05,0.001082791937364651,2.573523760480904e-05,dissociated
Mexico,Kinship,Sport & Games,Kinship + Sport & Games,19797,6828,172,36.278473703509256,2.229662847231371,2.05869651387489,2.3908113064026257,0.08538238334048286,0.0004997501249375312,0.025190392501464556,-0.17912419790939316,0.09017153293419072,-0.35586040246040695,-0.002387993358379331,0.04697974242880633,0.001082791937364651,0.0591035469265628,associated
Mexico,Big business,Small business,Big business + Small business,19797,6828,22,26.844876470701134,-0.28134554335805173,-0.918948002166484,0.21389899206471258,0.29830252773543087,0.3363318340829585,0.003222026947861746,0.0005955926322579202,0.21824913414119604,-0.4271727102844863,0.42836389554900217,0.9978226095702942,0.38579239791868775,0.9978226095702942,not distinguishable
Mexico,Big business,Academia,Big business + Academia,19797,6828,38,63.00937328065217,-0.7221110876136095,-1.2108948737307712,-0.33200284990840623,0.22755461909312452,0.0029985007496251873,0.005565319273579379,-0.515927106626942,0.16841235542315894,-0.8460153232563334,-0.18583888999755044,0.002187821974632053,0.005315524056153741,0.0034130022804260023,dissociated
Mexico,Big business,Exploration & Invention,Big business + Exploration & Invention,19797,6828,19,9.054283100146334,1.0292545933482198,0.35181832517499306,1.5347945255494417,0.3065663867837942,0.0029985007496251873,0.0027826596367896894,0.8833829074094816,0.23831880600342356,0.4162780476427714,1.3504877671761917,0.0002099545143665695,0.005315524056153741,0.0003721920936498278,associated
Mexico,Big business,Culture (core),Big business + Culture (core),19797,6828,39,112.09420471810886,-1.5112080146675477,-2.0082254169233336,-1.1124578760627226,0.22351747891495047,0.0004997501249375312,0.0057117750439367315,-1.7455315849031292,0.16556057812282685,-2.07003031802387,-1.4210328517823885,5.463202723170375e-26,0.001082791937364651,2.3673878467071623e-25,dissociated
Mexico,Big business,Culture (periphery),Big business + Culture (periphery),19797,6828,25,53.697312194640105,-1.087724058745661,-1.713898770512341,-0.6202567439737887,0.28100021890164517,0.0014992503748125937,0.003661394258933802,-0.687192022894195,0.20418779699531361,-1.0874001050050097,-0.28698394078338035,0.0007640779065454098,0.0029235382308845574,0.0012424152482978404,dissociated
Mexico,Big business,Sport & Games,Big business + Sport & Games,19797,6828,130,28.916073957972706,2.1493731927963418,1.9267524523908635,2.329228799818351,0.10134700266388513,0.0004997501249375312,0.019039250146455772,-0.4031547937885386,0.1006208744844913,-0.6003717077781415,-0.20593787979893566,6.158040641265023e-05,0.001082791937364651,0.00011436361190920758,associated
Mexico,Small business,Academia,Small business + Academia,19797,6828,158,91.74591483088562,0.7809259133334575,0.5732095831091314,0.9594673443825308,0.09598341909613278,0.0004997501249375312,0.023140011716461628,0.846490719923428,0.09239924245662012,0.6653882047084525,1.0275932351384034,5.1309067972575316e-20,0.001082791937364651,2.1063722641373027e-19,associated
Mexico,Small business,Exploration & Invention,Small business + Exploration & Invention,19797,6828,25,13.183649398649514,0.8980442020069823,0.3087476835561323,1.3682874041432045,0.27634812879321685,0.001999000499750125,0.003661394258933802,0.8910245409611407,0.21068391116596558,0.47808407507584816,1.3039650068464332,2.345230750983398e-05,0.003712429499535946,4.461658501870855e-05,associated
Mexico,Small business,Culture (core),Small business + Culture (core),19797,6828,226,163.2167536930789,0.468309085007055,0.31690480759732714,0.6107481041498176,0.07569667696772477,0.0004997501249375312,0.03309900410076157,0.04222632961544438,0.08079959880654188,-0.11614088404537769,0.20059354327626644,0.6012486841225715,0.001082791937364651,0.6896676082582438,associated
Mexico,Small business,Culture (periphery),Small business + Culture (periphery),19797,6828,64,78.1869232267015,-0.2868247374137655,-0.6678100477492089,0.008998943484765697,0.17219261743077133,0.09545227386306847,0.009373169302870533,0.027064855223181916,0.1327683967376288,-0.23316120238257054,0.2872909128289344,0.8384706154717765,0.1220537272347433,0.8493598442441372,not distinguishable
Mexico,Small business,Sport & Games,Small business + Sport & Games,19797,6828,78,42.103762035137876,0.8817118237926018,0.560019700654818,1.1510346782711662,0.14859499101078857,0.0004997501249375312,0.011423550087873463,-1.3570556046386137,0.12017571274688357,-1.5926000016225055,-1.121511207654722,1.4330095587241354e-29,0.001082791937364651,7.451649705365504e-29,associated
Mexico,Academia,Exploration & Invention,Academia + Exploration & Invention,19797,6828,67,30.94420967320833,1.10209312718445,0.791947612590046,1.3682962762777566,0.14999746314376605,0.0004997501249375312,0.00981253661394259,0.9669454118878167,0.14086827793688286,0.6908435871315263,1.2430472366441072,6.687361431660395e-12,0.001082791937364651,2.0062084294981186e-11,associated
Mexico,Academia,Culture (core),Academia + Culture (core),19797,6828,545,383.0967659816865,0.5079886391799366,0.4177742799027775,0.5922770933216119,0.04499760461889525,0.0004997501249375312,0.07981839484475689,-0.1399615711163819,0.05253414220979152,-0.24292848984757331,-0.03699465238519052,0.007717118789524384,0.001082791937364651,0.010944277556052762,associated
Mexico,Academia,Culture (periphery),Academia + Culture (periphery),19797,6828,89,183.5176644092137,-1.0398846740773962,-1.3467582775542108,-0.776246272617992,0.14569047237712962,0.0004997501249375312,0.013034563561804335,-0.7486326459232143,0.11129810361921448,-0.9667769290168747,-0.5304883628295539,1.7394339650940818e-11,0.001082791937364651,4.8486363085993244e-11,dissociated
Mexico,Academia,Sport & Games,Academia + Sport & Games,19797,6828,27,98.82450610220538,-1.8527180957956784,-2.4555309986030283,-1.3959591568782501,0.27532550330967753,0.0004997501249375312,0.003954305799648506,-3.6175523955034277,0.1926279350127091,-3.9951031481283374,-3.240001642878518,1.100824879617223e-78,0.001082791937364651,1.2266334372877627e-77,dissociated
Mexico,Exploration & Invention,Culture (core),Exploration & Invention + Culture (core),19797,6828,18,55.05000912322671,-1.586261877813065,-2.325045124152013,-1.036049927272728,0.32923636436770565,0.0004997501249375312,0.0026362038664323375,-1.7995025787034942,0.2407742026303975,-2.271420015859073,-1.3275851415479152,7.790084265145254e-14,0.001082791937364651,2.641854663831869e-13,dissociated
Mexico,Exploration & Invention,Culture (periphery),Exploration & Invention + Culture (periphery),19797,6828,12,26.37101118332964,-1.1041225175588467,-2.0914194343063492,-0.453109562664835,0.42552512501407874,0.02148925537231384,0.0017574692442882249,-0.7003013167473054,0.29028399522118375,-1.2692579473808256,-0.13134468611378525,0.01584485829858183,0.031040035537786663,0.021682437671743555,dissociated
Mexico,Exploration & Invention,Sport & Games,Exploration & Invention + Sport & Games,19797,6828,31,14.200824558213178,1.0994547515996929,0.6048340988034336,1.5305604759369662,0.24156099906706616,0.0004997501249375312,0.004540128881077915,-1.2734280929203712,0.1893212587755736,-1.6444977601204953,-0.9023584257202469,1.7405361107792447e-11,0.001082791937364651,4.8486363085993244e-11,associated
Mexico,Culture (core),Culture (periphery),Culture (core) + Culture (periphery),19797,6828,975,326.47946761902284,1.5769418270015743,1.5129877964817064,1.6377094502841012,0.031873507465718535,0.0004997501249375312,0.14279437609841827,1.4460314241877745,0.053284133729056785,1.3415945220788232,1.5504683262967258,3.496687045878799e-162,0.001082791937364651,6.818539739463658e-161,associated
Mexico,Culture (core),Sport & Games,Culture (core) + Sport & Games,19797,6828,117,175.80962706683744,-0.5854504957599814,-0.8411765048958524,-0.37000284705156405,0.12013800146104603,0.0004997501249375312,0.017135325131810195,-3.506015279733996,0.09477613552856334,-3.69177650536998,-3.320254054098012,1.5062598331125614e-299,0.001082791937364651,6.560685204428743e-298,dissociated
Mexico,Culture (periphery),Sport & Games,Culture (periphery) + Sport & Games,19797,6828,50,84.21938007564188,-0.7464086447487563,-1.1668912437611008,-0.3946443250347147,0.19709284102970193,0.0004997501249375312,0.007322788517867604,-2.706371026938577,0.14382794525405176,-2.9882737996365183,-2.4244682542406357,5.508502679595571e-79,0.001082791937364651,7.161053483474241e-78,dissociated
China,Politics,Administration & Law,Politics + Administration & Law,18263,6125,417,164.99788461451183,1.3349634208904966,1.245619433283593,1.4155032641670597,0.04339076677890024,0.0004997501249375312,0.06808163265306122,1.482156369677581,0.07394031423728774,1.337233353772497,1.627079385582665,2.218048508252375e-89,0.0015592203898050973,2.1625972955460656e-88,associated
China,Politics,Military,Politics + Military,18263,6125,612,271.6911249121276,1.1700898171484058,1.095487315618336,1.2438397016751357,0.037005485711980736,0.0004997501249375312,0.09991836734693878,1.3265284783759301,0.059444427368749976,1.21001740073318,1.4430395560186802,2.616633399726718e-110,0.0015592203898050973,2.915677216838343e-109,associated
China,Politics,Religion,Politics + Religion,18263,6125,84,85.72209630075014,-0.029106297506775663,-0.2823548029866348,0.20422678903291946,0.12814043639550252,0.8300849575212393,0.013714285714285714,-0.5122866422296343,0.11908116054284368,-0.7456857168936079,-0.2788875675656607,1.692665869212394e-05,0.8300849575212393,3.0006349499674255e-05,not distinguishable
China,Politics,Nobility,Politics + Nobility,18263,6125,274,258.6165338196437,0.08320507466742154,-0.06303318740272036,0.21690864072915145,0.07108038684542375,0.23788105947026486,0.04473469387755102,0.07306589611270112,0.07127971068664461,-0.06664233683312232,0.21277412905852455,0.30533543464605273,0.26890902374899506,0.3175488520318948,not distinguishable
China,Politics,Kinship,Politics + Kinship,18263,6125,143,207.72460195606817,-0.5370897977457731,-0.7649306195320663,-0.33214321905736083,0.10860015956266723,0.0004997501249375312,0.023346938775510206,-0.28278171158174104,0.09376962056761533,-0.4665701678942671,-0.09899325526921499,0.002563807783004089,0.0015592203898050973,0.0035710179834699813,dissociated
China,Politics,Big business,Politics + Big business,18263,6125,246,151.73228910301373,0.69531325367379,0.5628716023101719,0.8260256844636719,0.0660558746917611,0.0004997501249375312,0.04016326530612245,0.4800043620647149,0.07869503782393922,0.32576208792979405,0.6342466361996357,1.0636711211539982e-09,0.0015592203898050973,2.5926983578128704e-09,associated
China,Politics,Small business,Politics + Small business,18263,6125,86,110.48777702565664,-0.35962876488055884,-0.6436592764992973,-0.10666227795147945,0.13882299246129337,0.01249375312343828,0.014040816326530613,-0.22405272462013295,0.12039783835921605,-0.4600324878041964,0.011927038563930514,0.06275315312195273,0.023202684372099665,0.07198155799282813,dissociated
China,Politics,Academia,Politics + Academia,18263,6125,374,413.4470216125854,-0.14448041969858363,-0.259693978937376,-0.03388630875293297,0.057695044357954,0.014992503748125937,0.061061224489795916,-0.43327791513824865,0.05947852951943875,-0.5498558329963485,-0.3166999972801487,3.2260119088244925e-13,0.025987006496751622,8.9867474602968e-13,dissociated
China,Politics,Exploration & Invention,Politics + Exploration & Invention,18263,6125,48,70.78440293554881,-0.55560170147234,-0.9266031279428695,-0.23159690254151802,0.18225650584891792,0.0024987506246876563,0.00783673469387755,-0.3969912750953753,0.15766015006742187,-0.7060051692275222,-0.08797738096322844,0.011801690850453952,0.005906137840170824,0.015090686661236202,dissociated
China,Politics,Culture (core),Politics + Culture (core),18263,6125,214,547.04069826004,-1.3519885553373965,-1.5278136782121312,-1.194105902212883,0.08588159859037156,0.0004997501249375312,0.03493877551020408,-1.93845114535828,0.07260864416690814,-2.08076408792542,-1.7961382027911401,5.065857601418755e-157,0.0015592203898050973,1.3171229763688763e-155,dissociated
China,Politics,Culture (periphery),Politics + Culture (periphery),18263,6125,82,208.84317683649982,-1.34340387232906,-1.6484565875471697,-1.0722513455255815,0.14833786964103854,0.0004997501249375312,0.013387755102040816,-1.0854915401258347,0.11681705359943151,-1.3144529651807204,-0.856530115070949,1.510815986873106e-20,0.0015592203898050973,5.356529408004648e-20,dissociated
China,Politics,Sport & Games,Politics + Sport & Games,18263,6125,20,108.91239250117165,-2.4160803381631997,-3.1754505518781766,-1.9114959891342405,0.32520213880651044,0.0004997501249375312,0.0032653061224489797,-5.141313911504695,0.22206575819584698,-5.576562797568555,-4.706065025440835,1.3809895717119306e-118,0.0015592203898050973,2.1543437318706115e-117,dissociated
China,Administration & Law,Military,Administration & Law + Military,18263,6125,23,52.88790803672666,-1.1838522624468442,-1.8437389787410026,-0.7002995445050845,0.29172739095734657,0.0009995002498750624,0.0037551020408163266,-0.9072251112155414,0.2115028331099849,-1.3217706641111118,-0.49267955831997096,1.7913792692045155e-05,0.00278432212465196,3.105057399954493e-05,dissociated
China,Administration & Law,Religion,Administration & Law + Religion,18263,6125,7,16.686825332759074,-1.1963405810544618,-2.7078681124307384,-0.3956400911916737,0.5834400738586006,0.037481259370314844,0.001142857142857143,-1.2556807694904242,0.36935806097512,-1.9796225690016593,-0.531738969979189,0.0006747707825790716,0.05413959686823255,0.0009930588875691998,not distinguishable
China,Administration & Law,Nobility,Administration & Law + Nobility,18263,6125,27,50.34278341574119,-0.8866113949897189,-1.501999300122543,-0.42175998396332776,0.2773281480937066,0.004997501249375313,0.004408163265306122,-0.6723277676316246,0.1964859850171098,-1.0574402982651598,-0.28721523699808943,0.0006221734225979192,0.010535272904088497,0.0009332601338968787,dissociated
China,Administration & Law,Kinship,Administration & Law + Kinship,18263,6125,4,40.4360637424995,-3.1853754783614834,-4.861193807518273,-2.2064226887878875,0.7795972227869296,0.004997501249375313,0.0006530612244897959,-2.130878147000674,0.4741294853276609,-3.060171938242889,-1.2015843557584587,6.980055178494421e-06,0.010535272904088497,1.2962959617203924e-05,dissociated
China,Administration & Law,Big business,Administration & Law + Big business,18263,6125,34,29.53649426302628,0.19987992468751525,-0.31865989115083165,0.60293680608041,0.23699255636915487,0.39980009995002497,0.005551020408163266,-0.0003685058473722595,0.17798603172829583,-0.3492211280348321,0.3484841163400876,0.9983480449939487,0.4271836684397527,0.9983480449939487,not distinguishable
China,Administration & Law,Small business,Administration & Law + Small business,18263,6125,8,21.507759564855967,-1.3724775370222524,-2.624241314177609,-0.5863263292106137,0.5337325012964776,0.014992503748125937,0.0013061224489795918,-0.907156266401702,0.34808116244978793,-1.5893953448032865,-0.22491718800011762,0.009156286138717485,0.025987006496751622,0.01190317198033273,dissociated
China,Administration & Law,Academia,Administration & Law + Academia,18263,6125,65,80.48237889322715,-0.3061131167921981,-0.6638613213102703,-0.00793894155058726,0.16604202669639417,0.06196901549225387,0.010612244897959184,-0.4930668283797254,0.1310106079131108,-0.7498476198894226,-0.2362860368700282,0.00016750872523321037,0.08055972013993003,0.00026664654220796754,not distinguishable
China,Administration & Law,Exploration & Invention,Administration & Law + Exploration & Invention,18263,6125,5,13.779025700970932,-1.3763940197395486,-3.224569043811384,-0.49354018454879633,0.6865386277602208,0.04097951024487756,0.0008163265306122449,-0.9010860265386422,0.4318672728318746,-1.7475458812891165,-0.05462617178816809,0.03693441086830185,0.056077224545621925,0.04613402113365026,not distinguishable
China,Administration & Law,Culture (core),Administration & Law + Culture (core),18263,6125,31,106.48797656265397,-1.7640249402088208,-2.3135117741569777,-1.3521123748449406,0.25356641632164734,0.0004997501249375312,0.005061224489795919,-2.026541821421131,0.1827185944971196,-2.3846702666354855,-1.6684133762067765,1.3864426374750002e-28,0.0015592203898050973,5.691711880160528e-28,dissociated
China,Administration & Law,Culture (periphery),Administration & Law + Culture (periphery),18263,6125,11,40.6538076435106,-1.8393920570660125,-2.8711553793769276,-1.179954657840572,0.4293283403016673,0.0009995002498750624,0.0017959183673469388,-1.3037722266673757,0.29901775175105555,-1.8898470200994446,-0.7176974332353068,1.2995350138118198e-05,0.00278432212465196,2.3572960715656264e-05,dissociated
China,Administration & Law,Sport & Games,Administration & Law + Sport & Games,18263,6125,7,21.20109223488561,-1.5328051558747533,-3.068191408923799,-0.7670509052893485,0.5645533369423816,0.025987006496751622,0.001142857142857143,-4.162811470047741,0.36723518737201327,-4.8825924372968865,-3.443030502798595,8.748449256384236e-30,0.03973013493253374,3.7909946777665024e-29,dissociated
China,Military,Religion,Military + Religion,18263,6125,8,27.477093760696356,-1.7187113578553148,-2.9953517676891326,-0.9545290245672763,0.5199482707469217,0.008995502248875561,0.0013061224489795918,-1.6375107662677064,0.34677596723365084,-2.317191662045662,-0.9578298704897508,2.3342195030861595e-06,0.017991004497751123,4.551728031018011e-06,dissociated
China,Military,Nobility,Military + Nobility,18263,6125,111,82.89613827101968,0.418991225034934,0.17008063332476314,0.6451257395297337,0.12052904122686507,0.0004997501249375312,0.018122448979591838,0.3575494809632485,0.10405418416277568,0.1536032800042082,0.5614956819222888,0.0005899668319821776,0.0015592203898050973,0.000902302213619801,associated
China,Military,Kinship,Military + Kinship,18263,6125,70,66.58339693799891,0.07166751223585216,-0.2608879071821002,0.3604757531152219,0.1577071846853898,0.6466766616691654,0.011428571428571429,0.2550090849313595,0.1281720378860436,0.0037918906747140824,0.5062262791880049,0.046636737880135753,0.6816321568945257,0.054293515741053566,not distinguishable
China,Military,Big business,Military + Big business,18263,6125,18,48.63579536810873,-1.409249138421457,-2.1450914309983395,-0.8983257934746193,0.3334048262944885,0.0024987506246876563,0.0029387755102040815,-1.1816478891404043,0.23704992510748435,-1.6462657423510736,-0.717030035929735,6.202401320584688e-07,0.005906137840170824,1.3075332513665018e-06,dissociated
China,Military,Small business,Military + Small business,18263,6125,21,35.41540792578953,-0.7402662418734498,-1.426157534344333,-0.24393871425738697,0.30404241297029144,0.018490754622688656,0.0034285714285714284,-0.44930899846944927,0.22272377856986597,-0.8858476044663866,-0.012770392472511993,0.043660319820160096,0.03068678426744075,0.05159855978746193,dissociated
China,Military,Academia,Military + Academia,18263,6125,51,132.52502059763847,-1.3690532894997747,-1.7940397798691101,-1.0228051478418478,0.1929755935097572,0.0004997501249375312,0.008326530612244898,-1.2954101329478478,0.14404092541200636,-1.5777303467553803,-1.0130899191403153,2.398120018860386e-19,0.0015592203898050973,7.482134458844405e-19,dissociated
China,Military,Exploration & Invention,Military + Exploration & Invention,18263,6125,8,22.689012053919694,-1.4479066102629325,-2.677313185750749,-0.672115476906148,0.5074436793779598,0.010994502748625687,0.0013061224489795918,-0.9612546071489539,0.34912301443295285,-1.6455357154375414,-0.2769734988603664,0.005899046975734412,0.02143928035982009,0.008072380072057617,dissociated
China,Military,Culture (core),Military + Culture (core),18263,6125,63,175.3467216232367,-1.4694899415086444,-1.8555016783897749,-1.1707755388111938,0.17366502920311858,0.0004997501249375312,0.010285714285714285,-1.8187976904840029,0.12999111505504435,-2.0735802759918895,-1.564015104976116,1.7515493182816515e-44,0.0015592203898050973,9.75863191614063e-44,dissociated
China,Military,Culture (periphery),Military + Culture (periphery),18263,6125,8,66.94194144629171,-2.9881113212726222,-4.239590761860767,-2.224557480150256,0.5107896555373789,0.0004997501249375312,0.0013061224489795918,-2.124090928353443,0.34583720204405277,-2.8019318443597863,-1.4462500123470994,8.154996243726691e-10,0.0015592203898050973,2.0519022806796188e-09,dissociated
China,Military,Sport & Games,Military + Sport & Games,18263,6125,25,34.9104390769579,-0.47367748566537965,-1.0948074568343218,0.003373913151432395,0.2770242584478243,0.08895552223888056,0.004081632653061225,-3.446475839698042,0.2006718393478022,-3.8397926448197346,-3.0531590345763497,4.1086966873492253e-66,0.11013540848623307,3.560870462369329e-65,not distinguishable
China,Religion,Nobility,Religion + Nobility,18263,6125,25,26.15481366985004,-0.06389884989677114,-0.6889800078229875,0.38956622858633255,0.27352019453235427,0.8185907046476761,0.004081632653061225,-0.4252381247429448,0.20479221510390638,-0.8266308663466013,-0.0238453831392883,0.037853555801969446,0.8292217527599837,0.04613402113365026,not distinguishable
China,Religion,Kinship,Religion + Kinship,18263,6125,12,21.00793084866586,-0.7829406433577554,-1.7497418314184285,-0.1151848700287546,0.41774888061130006,0.063968015992004,0.0019591836734693877,-0.7679049844686029,0.2882169401664834,-1.3328101871949105,-0.20299978174229538,0.007714189033141553,0.08110460898582968,0.01019841939974646,not distinguishable
China,Religion,Big business,Religion + Big business,18263,6125,2,15.345228282878276,-2.664048444838731,-5.04474499703509,-1.52381572808175,0.9998667429631294,0.0004997501249375312,0.00032653061224489796,-2.3935029226590707,0.6348543509237685,-3.637817450469657,-1.1491883948484845,0.0001631424658886964,0.0015592203898050973,0.0002651065070691316,dissociated
China,Religion,Small business,Religion + Small business,18263,6125,19,11.17402347878227,0.7401722490926114,0.008610362451640026,1.2448451758901493,0.3162189515567433,0.026486756621689155,0.0031020408163265306,0.28589561380526857,0.23525295233088456,-0.17520017276326516,0.7469914003738023,0.22426352151137885,0.03973013493253374,0.23638587402550745,associated
China,Religion,Academia,Religion + Academia,18263,6125,103,41.81337385092687,1.2904451392447263,1.0457990529074368,1.5017045016022177,0.11307530123949645,0.0004997501249375312,0.016816326530612245,0.4092914715761853,0.11078675273832098,0.19214943620907618,0.6264335069432944,0.00022039962575239898,0.0015592203898050973,0.0003438234161737424,associated
China,Religion,Exploration & Invention,Religion + Exploration & Invention,18263,6125,4,7.1586794632472275,-0.7671706575408311,-2.4598235604925116,0.21901542353679224,0.7757400614254936,0.27886056971514245,0.0006530612244897959,-0.7898844444871244,0.4768188954353615,-1.7244494795404328,0.1446805905661841,0.09760620128846642,0.30635386532086073,0.10722934789437155,not distinguishable
China,Religion,Culture (core),Religion + Culture (core),18263,6125,57,55.32417947722581,0.04267181507575568,-0.3454046718499795,0.3574398267677279,0.18025859969860686,0.7996001999000499,0.009306122448979591,-1.035187462406065,0.14006527082710496,-1.3097153932271908,-0.7606595315849394,1.460024197490509e-13,0.8206423104237355,4.2178476816392484e-13,not distinguishable
China,Religion,Culture (periphery),Religion + Culture (periphery),18263,6125,7,21.121056321122573,-1.5274745085686774,-2.9233437851212187,-0.7391462555775885,0.549108146101654,0.02048975512243878,0.001142857142857143,-1.4226457699410058,0.3691026534422107,-2.1460869706877386,-0.6992045691942728,0.00011604397774058562,0.03329585207396302,0.00019677022312534085,dissociated
China,Religion,Sport & Games,Religion + Sport & Games,18263,6125,12,11.014699215605015,0.11845136902126878,-0.8165303831987167,0.7515654341658713,0.40642668081508565,0.7566216891554223,0.0019591836734693877,-3.3171222803386344,0.2863610194095647,-3.8783898783813813,-2.7558546822958876,4.984280184453269e-31,0.7868865567216392,2.4298365899209686e-30,not distinguishable
China,Nobility,Kinship,Nobility + Kinship,18263,6125,322,63.37920435057287,2.3358809120953907,2.225977766460174,2.4480392484691564,0.056191051353488286,0.0004997501249375312,0.052571428571428575,2.531617920682908,0.0796935274770117,2.375418606827965,2.687817234537851,1.8542745550712198e-221,0.0015592203898050973,7.231670764777757e-220,associated
China,Nobility,Big business,Nobility + Big business,18263,6125,6,46.29529515080715,-2.847851863738568,-4.280516952728499,-2.0014864580315757,0.6438699088253552,0.004997501249375313,0.0009795918367346938,-2.1852416974598508,0.39498031788962495,-2.9594031205235156,-1.4110802743961859,3.1563878614393996e-08,0.010535272904088497,6.838840366452032e-08,dissociated
China,Nobility,Small business,Nobility + Small business,18263,6125,19,33.711112369013534,-0.8109908898990974,-1.6044852503721065,-0.2816576691398586,0.32991351369450317,0.0239880059970015,0.0031020408163265306,-0.4846666784397208,0.23327612413168805,-0.9418878817378293,-0.02744547514161222,0.037741394363795644,0.03818498913808402,0.04613402113365026,dissociated
China,Nobility,Academia,Nobility + Academia,18263,6125,28,126.1475194761074,-2.1517849962485207,-2.7593700345705994,-1.7036641291127825,0.26503835006283444,0.0004997501249375312,0.004571428571428572,-1.8479364583617148,0.19092351076473896,-2.2221465394606033,-1.4737263772628264,3.7055188180067823e-22,0.0015592203898050973,1.3763355609739476e-21,dissociated
China,Nobility,Exploration & Invention,Nobility + Exploration & Invention,18263,6125,3,21.597148802982133,-2.6584334033892913,-5.435705650493521,-1.5953328859167493,0.8844332231941577,0.047476261869065464,0.0004897959183673469,-1.8020264324585291,0.5384662644954468,-2.857420310869605,-0.7466325540474534,0.0008181177911177761,0.06384738665150183,0.001181725698281232,not distinguishable
China,Nobility,Culture (core),Nobility + Culture (core),18263,6125,142,166.90851192693944,-0.2324109646597778,-0.45020651071800477,-0.04253153480305479,0.10524668202469901,0.02948525737131434,0.023183673469387756,-0.8402354300765345,0.09107725415039193,-1.0187468482113027,-0.6617240119417662,2.8217675085852566e-20,0.04339339764080224,9.569472420419565e-20,dissociated
China,Nobility,Culture (periphery),Nobility + Culture (periphery),18263,6125,9,63.720494622696194,-2.7570343581076293,-3.891802264677763,-2.0308131107336598,0.5057814197680202,0.0009995002498750624,0.0014693877551020407,-1.9428425884071197,0.3275256507117316,-2.5847928638021136,-1.3008923130121257,2.9948697888634564e-09,0.00278432212465196,6.870583633274988e-09,dissociated
China,Nobility,Sport & Games,Nobility + Sport & Games,18263,6125,7,33.2304441343998,-2.1690888139668614,-3.6025658134909153,-1.4098254225871931,0.5502757119887208,0.005497251374312844,0.001142857142857143,-4.618480544634103,0.36664179066459485,-5.337098454336709,-3.8998626349314973,2.2013505598188843e-36,0.011283831768326364,1.1447022911058197e-35,dissociated
China,Kinship,Big business,Kinship + Big business,18263,6125,30,37.185061664876656,-0.3051835107141613,-0.8533120784265303,0.1294413552784062,0.25020257086157055,0.20739630184907545,0.004897959183673469,-0.17380064314319651,0.18819581622434262,-0.542664442942908,0.195063156656515,0.3557416993686122,0.23789575800335125,0.36036172143833445,not distinguishable
China,Kinship,Small business,Kinship + Small business,18263,6125,6,27.077261051040065,-2.08496755352915,-3.5236539312911432,-1.2389978718108667,0.6140111333826852,0.012993503248375811,0.0009795918367346938,-1.2207142047417308,0.3966117850694747,-1.9980733034779012,-0.4433551060055604,0.0020849521025520803,0.023569610543565423,0.002956841163619314,dissociated
China,Kinship,Academia,Kinship + Academia,18263,6125,42,101.3235421722654,-1.2605364127767886,-1.7407285439686664,-0.9114146017620693,0.21413289652417683,0.0004997501249375312,0.006857142857142857,-1.0089093690168143,0.15914815370638305,-1.320839750281325,-0.6969789877523035,2.3060934356207314e-10,0.0015592203898050973,5.995842932613901e-10,dissociated
China,Kinship,Exploration & Invention,Kinship + Exploration & Invention,18263,6125,2,17.3471474241245,-2.8356935013725026,-5.225703316206745,-1.6995206263543647,0.9929098276548797,0.0004997501249375312,0.00032653061224489796,-1.7416393735975968,0.636087530308255,-2.988370933001777,-0.4949078141934169,0.006180470481157732,0.0015592203898050973,0.00831166719879833,dissociated
China,Kinship,Culture (core),Kinship + Culture (core),18263,6125,117,134.06337054723008,-0.1956249910354647,-0.44028617695495215,0.01912386514637245,0.11779683161443938,0.09395302348825588,0.01910204081632653,-0.6065022072121407,0.10131107408849656,-0.8050719124255938,-0.4079325019986874,2.143595667579146e-09,0.11450524737631185,5.066680668823436e-09,not distinguishable
China,Kinship,Culture (periphery),Kinship + Culture (periphery),18263,6125,6,51.18123805330331,-2.9911290077681807,-4.449165869957763,-2.1546711511380305,0.6376197477786067,0.004497751124437781,0.0009795918367346938,-1.9248826884249124,0.3952731958097524,-2.699618152212027,-1.1501472246377977,1.1173803779666617e-06,0.010318370226651379,2.293570249510516e-06,dissociated
China,Kinship,Sport & Games,Kinship + Sport & Games,18263,6125,40,26.69118125856362,0.5747830806929283,0.0733136155420203,0.9456669166535958,0.2196086439374766,0.01649175412293853,0.006530612244897959,-2.4659378957717326,0.16194772523070244,-2.7833554372239093,-2.148520354319556,2.3497746793928e-52,0.027964278730200118,1.832824249926384e-51,associated
China,Big business,Small business,Big business + Small business,18263,6125,27,19.778566251787034,0.43947596504150005,-0.18138806574511718,0.881777583495789,0.26666535717865264,0.09745127436281859,0.004408163265306122,0.31035258210050426,0.19992941292653815,-0.08150906723551049,0.702214231436519,0.12058788076000879,0.1169415292353823,0.13063687082334285,not distinguishable
China,Big business,Academia,Big business + Academia,18263,6125,57,74.01170997104641,-0.37390521568687163,-0.7522776635238732,-0.047657420039315654,0.18075586582909187,0.03948025987006497,0.009306122448979591,-0.6640631195644663,0.13870110951994213,-0.9359172942235529,-0.3922089449053797,1.6868045299151817e-06,0.05499036196187621,3.373609059830364e-06,not distinguishable
China,Big business,Exploration & Invention,Big business + Exploration & Invention,18263,6125,30,12.67121161039234,1.2114211784854902,0.6573163823558993,1.6269581601385121,0.248604523960076,0.0004997501249375312,0.004897959183673469,0.9087888875140421,0.19441159736711275,0.5277421566745011,1.289835618353583,2.9458294818103953e-06,0.0015592203898050973,5.604260965395386e-06,associated
China,Big business,Culture (core),Big business + Culture (core),18263,6125,62,97.92649453384854,-0.6551905240378549,-1.0214454256896122,-0.35860290800448924,0.17049435701067728,0.001999000499750125,0.010122448979591837,-1.3155887438840077,0.13290989649759147,-1.576092141019287,-1.0550853467487284,4.231970996716637e-23,0.005029743192919669,1.6504686887194886e-22,dissociated
China,Big business,Culture (periphery),Big business + Culture (periphery),18263,6125,31,37.38529926559393,-0.26628631553782856,-0.7988025753852908,0.15763388913870735,0.25073005866519615,0.2753623188405797,0.005061224489795919,-0.27113699863465496,0.1850116272952683,-0.6337597881333807,0.09148579086407088,0.14278092909236517,0.30635386532086073,0.15256044478362307,not distinguishable
China,Big business,Sport & Games,Big business + Sport & Games,18263,6125,47,19.496554539465848,1.248176072295503,0.812711881469878,1.5882304657591442,0.1967614793695183,0.0004997501249375312,0.007673469387755102,-2.2802459824562162,0.15039662622360211,-2.575023369854476,-1.985468595057956,6.355155183928523e-52,0.0015592203898050973,4.50638276678568e-51,associated
China,Small business,Academia,Small business + Academia,18263,6125,101,53.89353417726909,0.8999726554691624,0.6459809338781953,1.1256920449525791,0.12304481731669185,0.0004997501249375312,0.016489795918367346,0.6528725109539076,0.11436040798979205,0.42872611129391525,0.8770189106139,1.1370646563787764e-08,0.0015592203898050973,2.5340298056441306e-08,associated
China,Small business,Exploration & Invention,Small business + Exploration & Invention,18263,6125,13,9.226869319182592,0.47291196688668374,-0.45195462048941215,1.081980283148836,0.3878819663851773,0.20389805097451275,0.0021224489795918368,0.577710678830585,0.28242543004603665,0.024156835940353227,1.1312645217208168,0.04080228984594939,0.23737385038823874,0.048962747815139276,not distinguishable
China,Small business,Culture (core),Small business + Culture (core),18263,6125,100,71.30770093117337,0.48498502383866704,0.22963608610806727,0.7028000562984625,0.1218592394291992,0.0014992503748125937,0.0163265306122449,-0.10874042874942763,0.1138918845075098,-0.33196852238414687,0.11448766488529158,0.33969458044218015,0.004032466525358011,0.34863391150644807,associated
China,Small business,Culture (periphery),Small business + Culture (periphery),18263,6125,15,27.223069220883083,-0.8388187715798427,-1.6749163775289393,-0.2548959394790661,0.3621035577828675,0.026486756621689155,0.0024489795918367346,-0.45006818391942577,0.26054242896298996,-0.9607313446868861,0.060594976848034554,0.0840908965857583,0.03973013493253374,0.09370128476698782,dissociated
China,Small business,Sport & Games,Small business + Sport & Games,18263,6125,20,14.196918687904187,0.4801101941011551,-0.21676607269610607,1.00033760443307,0.3168244006760122,0.11444277861069466,0.0032653061224489797,-2.577454751832578,0.2263733984453507,-3.0211466127854654,-2.1337628908796904,4.91833017663001e-30,0.13525055653991186,2.2566456104537695e-29,not distinguishable
China,Academia,Exploration & Invention,Academia + Exploration & Invention,18263,6125,132,34.52709196908484,1.9194492373604557,1.7291904400057907,2.0875797646743273,0.0909329874067244,0.0004997501249375312,0.021551020408163264,1.7108215813660759,0.11788115005076694,1.4797745272665728,1.941868635465579,1.0008463386267664e-47,0.0015592203898050973,6.505501201073982e-47,associated
China,Academia,Culture (core),Academia + Culture (core),18263,6125,388,266.8345527595196,0.5392682819154697,0.4199354432948716,0.6450101709332652,0.056557362924380225,0.0004997501249375312,0.0633469387755102,-0.4676794710786613,0.05857158171839649,-0.5824797712467185,-0.35287917091060417,1.4080671756983383e-15,0.0015592203898050973,4.224201527095015e-15,associated
China,Academia,Culture (periphery),Academia + Culture (periphery),18263,6125,79,101.86915866642639,-0.3647543664210222,-0.6500585483664097,-0.08527797152660194,0.1466502052758329,0.011494252873563218,0.01289795918367347,-0.45533608631743105,0.11949817495218319,-0.6895525092237101,-0.221119663411152,0.00013874099594217516,0.021867115222876366,0.00023025101454233324,dissociated
China,Academia,Sport & Games,Academia + Sport & Games,18263,6125,60,53.125095875782065,0.17402682039245354,-0.1832630639083394,0.49281409921823915,0.1707771071536763,0.2933533233383308,0.009795918367346938,-3.2887884986720244,0.13125258676322873,-3.546043568727953,-3.031533428616096,1.4667284275753997e-138,0.3177994336165251,2.8601204337720293e-137,not distinguishable
China,Exploration & Invention,Culture (core),Exploration & Invention + Culture (core),18263,6125,14,45.683542297603644,-1.6713259324472638,-2.5791692709641554,-1.0908319969931437,0.3780537642030215,0.001999000499750125,0.002285714285714286,-1.8154699594378554,0.2696834448261329,-2.344049511297076,-1.286890407578635,1.6751305572436572e-11,0.005029743192919669,4.505523567758802e-11,dissociated
China,Exploration & Invention,Culture (periphery),Exploration & Invention + Culture (periphery),18263,6125,8,17.44055996733339,-1.077690174523359,-2.310021612575644,-0.31980133197564814,0.5114121265074507,0.038980509745127435,0.0013061224489795918,-0.6186617647226699,0.3495541453384791,-1.303787889586089,0.06646436014074919,0.07675053003457614,0.05499036196187621,0.08676146873473825,not distinguishable
China,Exploration & Invention,Sport & Games,Exploration & Invention + Sport & Games,18263,6125,15,9.095308457644848,0.6918671253146659,-0.1431173467884049,1.258996902910254,0.3628919774950742,0.05647176411794103,0.0024489795918367346,-2.3999723257410963,0.2611908717502254,-2.911906434371538,-1.8880382171106547,3.980738602210718e-20,0.07465758646100679,1.2937400457184833e-19,not distinguishable
China,Culture (core),Culture (periphery),Culture (core) + Culture (periphery),18263,6125,525,134.78528753379794,1.9576858114668265,1.8758880174816197,2.0372825220436432,0.04125261795028377,0.0004997501249375312,0.08571428571428572,1.5890657926655354,0.06918636638315533,1.453460514554551,1.7246710707765198,9.760878749538285e-117,0.0015592203898050973,1.268914237439977e-115,associated
China,Culture (core),Sport & Games,Culture (core) + Sport & Games,18263,6125,159,70.290963591101,1.171919305664403,0.9877343420746083,1.3311977663669359,0.08882789552255592,0.0004997501249375312,0.025959183673469388,-3.1063428152447212,0.08246904533450368,-3.2679821441003485,-2.944703486389094,1.7388241046149e-310,0.0015592203898050973,1.356282801599612e-308,associated
China,Culture (periphery),Sport & Games,Culture (periphery) + Sport & Games,18263,6125,17,26.834910429801564,-0.6433897261086535,-1.451717816818945,-0.11512225855083115,0.3482979968793244,0.06446776611694154,0.002775510204081633,-3.4735508370689088,0.24185862891679194,-3.947593749745821,-2.9995079243919966,8.97254533260753e-47,0.08110460898582968,5.383527199564518e-46,not distinguishable
Poland,Politics,Administration & Law,Politics + Administration & Law,18496,6003,376,112.4367853853885,1.7371343925220417,1.6364566569809011,1.8314305042874715,0.049914565326101,0.0004997501249375312,0.06263534899217058,1.9693052303208884,0.07572834779159812,1.8208776686493562,2.1177327919924207,4.363210122871333e-149,0.0012181409295352324,1.1344346319465466e-147,associated
Poland,Politics,Military,Politics + Military,18496,6003,256,136.40658666399517,0.9057669685798964,0.7615392656507862,1.0388460077447994,0.0699521685214732,0.0004997501249375312,0.042645343994669335,0.5787246885073309,0.0737339240403813,0.43420619738818356,0.7232431796264783,4.199521180091477e-15,0.0012181409295352324,1.3648443835297299e-14,associated
Poland,Politics,Religion,Politics + Religion,18496,6003,61,101.85164508724421,-0.734875975269066,-1.112687470140002,-0.4385684226455195,0.17560234290708626,0.0004997501249375312,0.010161585873729801,-1.1181228289809515,0.13267101372948892,-1.3781580158907498,-0.8580876420711532,3.522684051892823e-17,0.0012181409295352324,1.2489516183983645e-16,dissociated
Poland,Politics,Nobility,Politics + Nobility,18496,6003,92,86.11363296838577,0.0948592428950222,-0.17707475032824468,0.33526301504459205,0.13361522646058854,0.4802598700649675,0.01532567049808429,0.009613742126605209,0.11389294185278456,-0.21361642390485253,0.23284390815806294,0.9327301852319316,0.5276094347192601,0.9327301852319315,not distinguishable
Poland,Politics,Kinship,Politics + Kinship,18496,6003,36,81.68823362474902,-1.1710354030738048,-1.65365890991152,-0.7687408913318601,0.2276589486755316,0.0004997501249375312,0.005997001499250375,-0.7967432456431649,0.1726353440490752,-1.1351085199793522,-0.4583779713069775,3.9275412511203845e-06,0.0012181409295352324,7.471907746033901e-06,dissociated
Poland,Politics,Big business,Politics + Big business,18496,6003,62,35.08127416537391,0.8127380153373789,0.4830786605163834,1.0848588643511818,0.1574784368871333,0.0004997501249375312,0.010328169248708979,0.6875471482872206,0.14594364478852995,0.40149760450170197,0.9735966920727392,2.464492235178831e-06,0.0012181409295352324,4.805759858598721e-06,associated
Poland,Politics,Small business,Politics + Small business,18496,6003,117,83.48868451154229,0.48439387972343056,0.24896099543962738,0.6932278787387767,0.11340016428733814,0.0004997501249375312,0.019490254872563718,0.5885189018134662,0.10631611730705447,0.38013931189163946,0.796898491735293,3.10241240945936e-08,0.0012181409295352324,6.368109682574476e-08,associated
Poland,Politics,Academia,Politics + Academia,18496,6003,421,377.08154901828306,0.15874436379334572,0.05300440088466502,0.26117732314538084,0.052613166766523264,0.0034982508745627187,0.07013160086623355,0.0054880081492457485,0.05747846331058648,-0.10716977993950376,0.11814579623799525,0.9239340662967542,0.0064967516241879065,0.9327301852319315,associated
Poland,Politics,Exploration & Invention,Politics + Exploration & Invention,18496,6003,24,45.58085792445837,-0.9113858276183437,-1.537195759726993,-0.40422100262022054,0.28390627105895155,0.0034982508745627187,0.00399800099950025,-0.6543578467760994,0.21112685934355666,-1.0681664910894706,-0.24054920246272837,0.0019394012837058148,0.0064967516241879065,0.003025466002581071,dissociated
Poland,Politics,Culture (core),Politics + Culture (core),18496,6003,132,423.55002257309815,-1.6782421010121813,-1.9051401240511863,-1.4666523009013215,0.11246490944146333,0.0004997501249375312,0.021989005497251374,-2.077401168707614,0.09092330294433806,-2.2556108424785166,-1.8991914949367115,1.535432409282042e-115,0.0012181409295352324,1.9960621320666547e-114,dissociated
Poland,Politics,Culture (periphery),Politics + Culture (periphery),18496,6003,137,213.45493152526143,-0.6378753139115951,-0.8716691302918542,-0.43807427212471256,0.11146912168168507,0.0004997501249375312,0.02282192237214726,-0.386510741355988,0.09246075020693628,-0.5677338117615831,-0.2052876709503929,2.911653768259214e-05,0.0012181409295352324,5.2816045098655507e-05,dissociated
Poland,Politics,Sport & Games,Politics + Sport & Games,18496,6003,41,58.265796593225865,-0.5018653722978519,-0.964477241118229,-0.1393672010334083,0.2153243667501216,0.020989505247376312,0.00682991837414626,-3.7210361437717014,0.157374495182689,-4.029490154329772,-3.412582133213631,1.3456032131285072e-123,0.031484257871064465,2.0991410124804712e-122,dissociated
Poland,Administration & Law,Military,Administration & Law + Military,18496,6003,61,49.292429876153506,0.3046599896504633,-0.07104882845435354,0.6117316452909684,0.17344274644914007,0.07746126936531735,0.010161585873729801,0.19743902119027254,0.13630586032153583,-0.0697204650399377,0.4645985074204828,0.14747730183419577,0.0974512743628186,0.17697276220103492,not distinguishable
Poland,Administration & Law,Religion,Administration & Law + Religion,18496,6003,43,36.805517944677355,0.2216263623669292,-0.25249071715884186,0.5892529552767256,0.20976203698019627,0.28785607196401797,0.007163085124104614,-0.18024097866363478,0.1589583738723596,-0.4917993914534595,0.13131743412618999,0.2568415682140567,0.3207539087599057,0.299009586876066,not distinguishable
Poland,Administration & Law,Nobility,Administration & Law + Nobility,18496,6003,25,31.11836692263914,-0.31026560785272694,-0.9207633868298365,0.15249068044653338,0.2772271068656755,0.25737131434282856,0.004164584374479427,-0.12977320826639718,0.20523295751803536,-0.5320298050017465,0.27248338846895215,0.5271768277983373,0.2952200370403033,0.5482639009102709,not distinguishable
Poland,Administration & Law,Kinship,Administration & Law + Kinship,18496,6003,7,29.51918691121108,-2.0009224004529784,-3.432581271889219,-1.2027128386030332,0.5933907749354546,0.009995002498750625,0.0011660836248542396,-1.1769004743011975,0.3694966629865675,-1.90111393375487,-0.45268701484752516,0.00144681460261498,0.016587450955373378,0.00230309263273405,dissociated
Poland,Administration & Law,Big business,Administration & Law + Big business,18496,6003,8,12.677109581389786,-0.632499201379903,-1.8845662344354819,0.08865424603608163,0.5024348936669414,0.18140929535232383,0.0013326669998334167,-0.2949878429731908,0.35048520902357405,-0.981938852659396,0.39196316671301434,0.39998075117642273,0.2143928035982009,0.4300206636273443,not distinguishable
Poland,Administration & Law,Small business,Administration & Law + Small business,18496,6003,8,30.16980504669252,-1.8512842497475368,-3.1399358833774538,-1.092352830276685,0.5150314052677553,0.0034982508745627187,0.0013326669998334167,-1.0428611514955544,0.3476444390438872,-1.7242442520215733,-0.36147805096953545,0.0027016366033581767,0.0064967516241879065,0.004052454905037265,dissociated
Poland,Administration & Law,Academia,Administration & Law + Academia,18496,6003,115,136.26369713627042,-0.2437924771790504,-0.4851973704333436,-0.03683813158002253,0.11683386051707838,0.03698150924537731,0.019157088122605363,-0.16161797560092264,0.10286127156853841,-0.3632260678752579,0.03999011667341265,0.11613090479597911,0.0497337538127488,0.14378112022359318,dissociated
Poland,Administration & Law,Exploration & Invention,Administration & Law + Exploration & Invention,18496,6003,1,16.471281174058774,-3.5000610732302224,-5.213257995412827,-2.152952685789372,1.017981610864316,0.0004997501249375312,0.0001665833749791771,-2.267567151088516,0.819192968632088,-3.8731853696074086,-0.6619489325696235,0.005639279181753154,0.0012181409295352324,0.008145625484754556,dissociated
Poland,Administration & Law,Culture (core),Administration & Law + Culture (core),18496,6003,41,153.05573064558197,-1.8875791126151713,-2.35516805744215,-1.5005607814226747,0.2172321484600418,0.0004997501249375312,0.00682991837414626,-1.9607571860112807,0.16044432330482278,-2.2752280596887333,-1.646286312333828,2.40719026338672e-34,0.0012181409295352324,1.341148861029744e-33,dissociated
Poland,Administration & Law,Culture (periphery),Administration & Law + Culture (periphery),18496,6003,15,77.13492802107722,-2.3244376527084443,-3.233286790879335,-1.7190723770731737,0.38373590694204524,0.0009995002498750624,0.0024987506246876563,-1.4359941270075731,0.2580920605721428,-1.941854565728973,-0.9301336882861733,2.638362962099655e-08,0.002165583874729302,5.561954352534408e-08,dissociated
Poland,Administration & Law,Sport & Games,Administration & Law + Sport & Games,18496,6003,6,21.05516135979889,-1.7295217391750082,-3.2088870375451437,-0.8884766208001321,0.639192965109418,0.01999000499750125,0.0009995002498750624,-4.26618021072139,0.39420085596383353,-5.038813888410504,-3.4935465330322764,2.6976579403542875e-27,0.031184407796101953,1.237748937339026e-26,dissociated
Poland,Military,Religion,Military + Religion,18496,6003,29,44.65189089162888,-0.6140714523424685,-1.208645352187012,-0.1668600811388702,0.26610279077423954,0.02498750624687656,0.004830917874396135,-1.1182800003123123,0.1887372085188277,-1.4882049290092145,-0.7483550716154102,3.1217618192547235e-09,0.0360930645788217,6.95706919719624e-09,dissociated
Poland,Military,Nobility,Military + Nobility,18496,6003,92,37.75232633986879,1.2739058767273113,0.9942403811869246,1.518251368370691,0.13391078028591538,0.0004997501249375312,0.01532567049808429,0.8108412060969955,0.11583043375267169,0.583813555941759,1.037868856252232,2.555185760626633e-12,0.0012181409295352324,6.872568597547496e-12,associated
Poland,Military,Kinship,Military + Kinship,18496,6003,33,35.812225632858194,-0.11629426230344463,-0.6501400158953659,0.27657831507645697,0.24065349129824004,0.6331834082958521,0.005497251374312844,-0.1144065432316042,0.1807140536990248,-0.46860608848169283,0.2397930020184844,0.5266810764727554,0.6674095384740062,0.5482639009102709,not distinguishable
Poland,Military,Big business,Military + Big business,18496,6003,5,15.379675262287686,-1.5296778860686264,-3.3555557827009928,-0.6332529219934979,0.6654850347396162,0.033483258370814596,0.0008329168748958854,-1.2500590537496827,0.4318199207748126,-2.0964260984683154,-0.40369200903104996,0.003793253253385398,0.04581919566532524,0.00558252365592568,dissociated
Poland,Military,Small business,Military + Small business,18496,6003,27,36.60154559410149,-0.4320476699473076,-1.0234693948630733,0.008212176166173866,0.26722984572443526,0.10144927536231885,0.004497751124437781,-0.32264622772356194,0.1978772191937342,-0.710485577343281,0.06519312189615706,0.10298794476339954,0.1236413043478261,0.12956547889588974,not distinguishable
Poland,Military,Academia,Military + Academia,18496,6003,105,165.31303121896732,-0.6523143935237249,-0.9264182417493717,-0.41761004765002435,0.1286241993771852,0.0004997501249375312,0.017491254372813594,-0.8362177958447357,0.10372554763819074,-1.0395198692155896,-0.6329157224738818,7.516029733734776e-16,0.0012181409295352324,2.548914431440489e-15,dissociated
Poland,Military,Exploration & Invention,Military + Exploration & Invention,18496,6003,53,19.982706151151287,1.3851325564039683,1.0355626438927787,1.6885573889558796,0.16987491120762957,0.0004997501249375312,0.008828918873896386,1.023171683280829,0.1523934364305448,0.7244805478769614,1.3218628186846968,1.8934198120262302e-11,0.0012181409295352324,4.764088559291805e-11,associated
Poland,Military,Culture (core),Military + Culture (core),18496,6003,91,185.68486919264777,-1.0248921847111847,-1.315384548877484,-0.7899651655764516,0.136504573377289,0.0004997501249375312,0.015159087123105115,-1.6469165432049468,0.1099102671719858,-1.862340666862039,-1.4314924195478547,9.315156141338176e-51,0.0012181409295352324,7.265821790243777e-50,dissociated
Poland,Military,Culture (periphery),Military + Culture (periphery),18496,6003,22,93.57891376797957,-2.063946401518998,-2.784653905024632,-1.5719320275263386,0.30540807777811363,0.0004997501249375312,0.003664834249541896,-1.56334153455086,0.21457763916383696,-1.9839137073119804,-1.1427693617897394,3.20079273154552e-13,0.0012181409295352324,8.916494037876805e-13,dissociated
Poland,Military,Sport & Games,Military + Sport & Games,18496,6003,72,25.543799414982587,1.4770410628565203,1.1780492005206518,1.7479279792124216,0.1470094120519914,0.0004997501249375312,0.01199400299850075,-2.304112966086245,0.12204670829023108,-2.543324514335098,-2.064901417837392,1.6995015008283093e-79,0.0012181409295352324,1.6570139633076015e-78,associated
Poland,Religion,Nobility,Religion + Nobility,18496,6003,38,28.188789395175665,0.42437135502497686,-0.07545020088708577,0.7959023582830703,0.2221793011989403,0.05547226386806597,0.006330168249208729,-0.19163567338533638,0.16855209479153493,-0.5219977791767448,0.13872643240607208,0.2555582725385557,0.07211394302848577,0.299009586876066,not distinguishable
Poland,Religion,Kinship,Religion + Kinship,18496,6003,42,26.740161044620272,0.6417276086203174,0.23141428143678233,1.0239493910440982,0.20558933775879906,0.0034982508745627187,0.0069965017491254375,0.15888465764446044,0.16243100685464443,-0.1594801157906426,0.4772494310795635,0.32799171369813396,0.0064967516241879065,0.3762257892419772,associated
Poland,Religion,Big business,Religion + Big business,18496,6003,4,11.483648001765165,-1.4130702463892342,-3.083094529112376,-0.4952860146332852,0.7533767350573075,0.0864567716141929,0.0006663334999167084,-1.4457750328961605,0.47630330238952723,-2.379329505579634,-0.5122205602126871,0.002402101970240423,0.10704171723661979,0.0036738030133088824,not distinguishable
Poland,Religion,Small business,Religion + Small business,18496,6003,20,27.32952801375982,-0.44099253117083925,-1.119842136964949,0.09258440825352172,0.31916301154475724,0.15242378810594703,0.0033316674995835416,-0.6261189628705024,0.22704593193722328,-1.07112898946746,-0.1811089362735448,0.0058213987085854605,0.18290854572713644,0.008255801804903018,not distinguishable
Poland,Religion,Academia,Religion + Academia,18496,6003,252,123.43541903504763,1.0266948390958075,0.8837123101194486,1.148114998030165,0.06883764585626628,0.0004997501249375312,0.041979010494752625,0.24702932884944503,0.07348071804446978,0.10300712148228428,0.3910515362166058,0.0007742912526864379,0.0012181409295352324,0.001284993993820046,associated
Poland,Religion,Exploration & Invention,Religion + Exploration & Invention,18496,6003,3,14.920624762814093,-2.139434389701029,-4.842844788131882,-1.104810802605926,0.8255369342132114,0.03798100949525238,0.0004997501249375312,-1.9051887931689446,0.5382027112491947,-2.960066107217366,-0.8503114791205231,0.00040026453836469045,0.05021218204457094,0.0006787094346183882,not distinguishable
Poland,Religion,Culture (core),Religion + Culture (core),18496,6003,116,138.64659953457274,-0.2562756976307658,-0.5065858532835001,-0.0430368214314131,0.11590064634068643,0.031984007996002,0.01932367149758454,-1.3655837984688306,0.09881277638593963,-1.5592568401852722,-1.171910756752389,1.9330806848115363e-43,0.04454915399443136,1.3707299401390894e-42,dissociated
Poland,Religion,Culture (periphery),Religion + Culture (periphery),18496,6003,28,69.87321174030858,-1.3040644379344213,-1.8746600086976688,-0.8551681991718378,0.26077006680487924,0.0004997501249375312,0.004664334499416958,-1.307514882744794,0.19157633738237856,-1.683004504014256,-0.932025261475332,8.790492047725254e-12,0.0012181409295352324,2.2855279324085662e-11,dissociated
Poland,Religion,Sport & Games,Religion + Sport & Games,18496,6003,7,19.072964552680812,-1.3838997847038668,-2.8672669075796042,-0.6004288321813761,0.5679051809383794,0.02948525737131434,0.0011660836248542396,-4.632907253043376,0.36660157043519687,-5.351446331096362,-3.91436817499039,1.3124962433039764e-36,0.041815455908409425,8.531225581475847e-36,dissociated
Poland,Nobility,Kinship,Nobility + Kinship,18496,6003,222,22.608298685205465,3.267322383569705,3.1311696567527494,3.3963479202991342,0.06806611363491276,0.0004997501249375312,0.03698150924537731,3.2194430717776217,0.09847924259415966,3.026423756293069,3.4124623872621744,2.0565385949497854e-234,0.0012181409295352324,8.020500520304163e-233,associated
Poland,Nobility,Big business,Nobility + Big business,18496,6003,0,9.709206447427237,-4.351798826053663,-4.547524536966514,-4.132689544987333,0.10450482671964574,0.0004997501249375312,0.0,-3.053528524687261,1.4160571735920096,-5.8290005849276,-0.27805646444692256,0.031055594291192916,0.0012181409295352324,0.041056548384966904,dissociated
Poland,Nobility,Small business,Nobility + Small business,18496,6003,4,23.106597272535097,-2.391193195501722,-4.110217530676194,-1.462616998064239,0.7845228332862615,0.022488755622188907,0.0006663334999167084,-1.575257630985128,0.47493729185514694,-2.506134723021216,-0.6443805389490401,0.0009106463913243985,0.03309665921756103,0.0014798003859021476,dissociated
Poland,Nobility,Academia,Nobility + Academia,18496,6003,18,104.36230422177259,-2.5028989769322547,-3.2732371033405046,-1.9744024869284271,0.3348308845683387,0.0004997501249375312,0.0029985007496251873,-2.049717754243334,0.23649534778895662,-2.513248635909689,-1.5861868725769788,4.434479017945721e-18,0.0012181409295352324,1.6470922066655538e-17,dissociated
Poland,Nobility,Exploration & Invention,Nobility + Exploration & Invention,18496,6003,4,12.615105071532088,-1.5432324592310251,-3.2119015892068794,-0.5812205106104384,0.7580880093743572,0.05747126436781609,0.0006663334999167084,-1.0393437803708787,0.4762560995004011,-1.9728057353916648,-0.1058818253500926,0.029085835790948145,0.07348784624081402,0.03911543433955095,not distinguishable
Poland,Nobility,Culture (core),Nobility + Culture (core),18496,6003,42,117.22306865449181,-1.469862307848531,-1.9219217689839663,-1.115225355111786,0.20697067895623436,0.0004997501249375312,0.0069965017491254375,-1.8110356582189662,0.15921222932088197,-2.123091627687895,-1.4989796887500375,5.5716695513702774e-30,0.0012181409295352324,2.71618890629301e-29,dissociated
Poland,Nobility,Culture (periphery),Nobility + Culture (periphery),18496,6003,7,59.076474464140034,-2.9897802515404566,-4.209991965920578,-2.198966807131552,0.5391681275274379,0.0009995002498750624,0.0011660836248542396,-2.06151841893103,0.36819288756463103,-2.7831764785577064,-1.339860359304353,2.155700446644261e-08,0.002165583874729302,4.670684301062566e-08,dissociated
Poland,Nobility,Sport & Games,Nobility + Sport & Games,18496,6003,4,16.12582956025602,-1.885429420381237,-3.5895775943513106,-0.9055567128210229,0.774719653354218,0.020989505247376312,0.0006663334999167084,-4.517999847520282,0.47320232419182345,-5.445476402936256,-3.590523292104308,1.325912359353192e-21,0.031484257871064465,5.745620223863832e-21,dissociated
Poland,Kinship,Big business,Kinship + Big business,18496,6003,10,9.210248101825298,0.11280926506423727,-0.9898632335451928,0.7774726994707073,0.4635976724337849,0.7786106946526736,0.0016658337497917708,0.2731378925848111,0.31778098899640866,-0.34971284584814993,0.895988631017772,0.3900558131119176,0.8097551224387806,0.4300206636273443,not distinguishable
Poland,Kinship,Small business,Kinship + Small business,18496,6003,5,21.919143940481437,-2.027227667131974,-3.8642838589620294,-1.1204496754355482,0.6881249355559145,0.009995002498750625,0.0008329168748958854,-1.14377067367777,0.43072651070771356,-1.9879946346648887,-0.29954671269065136,0.007920378574047315,0.016587450955373378,0.011031955870994476,dissociated
Poland,Kinship,Academia,Kinship + Academia,18496,6003,33,98.99910147810243,-1.5705224019558384,-2.0761066733523705,-1.133870210204046,0.24205515998420846,0.0004997501249375312,0.005497251374312844,-1.1881741224541316,0.1793207298222951,-1.5396427529058299,-0.8367054920024332,3.4497072384347585e-11,0.0012181409295352324,8.408661393684724e-11,dissociated
Poland,Kinship,Exploration & Invention,Kinship + Exploration & Invention,18496,6003,1,11.966811929330527,-3.0550581738657554,-4.778531531296512,-1.7321333909207743,1.0347495496956665,0.0004997501249375312,0.0001665833749791771,-1.9257502238441058,0.8195020162890342,-3.5319741757706127,-0.31952627191759886,0.018778305361808814,0.0012181409295352324,0.025696628389843643,dissociated
Poland,Kinship,Culture (core),Kinship + Culture (core),18496,6003,86,111.19894827772032,-0.3688435640589545,-0.6465840916317476,-0.11960541542175204,0.13609060126047773,0.009995002498750625,0.014326170248209228,-0.7541613296371689,0.1181968617232912,-0.9858271786148196,-0.5224954806595181,1.7644975260694148e-10,0.016587450955373378,4.170630516164071e-10,dissociated
Poland,Kinship,Culture (periphery),Kinship + Culture (periphery),18496,6003,19,56.04052089551104,-1.5358110504907871,-2.2632614301900036,-0.998536612479901,0.3223447300068219,0.0009995002498750624,0.0031650841246043645,-0.8460040817453554,0.23221203820472838,-1.301139676626623,-0.3908684868640877,0.0002692280601167357,0.002165583874729302,0.0004666619708690085,dissociated
Poland,Kinship,Sport & Games,Kinship + Sport & Games,18496,6003,27,15.297119481588753,0.7997701038102062,0.21233458505150593,1.250882384763208,0.2690190559886572,0.0079960019990005,0.004497751124437781,-2.428336931017046,0.1962092115806822,-2.812906985715183,-2.0437668763189087,3.513210575939666e-35,0.014174730816409976,2.1079263455637997e-34,associated
Poland,Big business,Small business,Big business + Small business,18496,6003,9,9.413246729983827,-0.06143012460569496,-1.1982814279723186,0.6736957563021164,0.4796302082731853,0.8915542228885557,0.0014992503748125937,0.17300122578573554,0.33316931274692996,-0.48001062719824716,0.8260130787697182,0.6035800115119685,0.9150161761224651,0.6194636960254414,not distinguishable
Poland,Big business,Academia,Big business + Academia,18496,6003,36,42.51548193627201,-0.23695953751316684,-0.7164490763441452,0.1408983007904598,0.22424831527546682,0.2843578210894553,0.005997001499250375,-0.27867175265889027,0.17907140830778248,-0.629651712942144,0.07230820762436341,0.11965944347878653,0.3207539087599057,0.14583494673977107,not distinguishable
Poland,Big business,Exploration & Invention,Big business + Exploration & Invention,18496,6003,14,5.13918579886053,1.3624941177413186,0.5184647155240516,1.937015447709849,0.37247719866050333,0.0034982508745627187,0.002332167249708479,1.173252061156933,0.2758892633371772,0.6325091050160657,1.7139950172978002,2.112844032799547e-05,0.0064967516241879065,3.923853203770587e-05,associated
Poland,Big business,Culture (core),Big business + Culture (core),18496,6003,26,47.754745308265015,-0.8646784624162898,-1.4697572860924337,-0.40688472620810445,0.27011997107703317,0.0034982508745627187,0.004331167749458604,-1.2772248122101093,0.2052177085266809,-1.679451520922404,-0.8749981034978147,4.853937716297039e-10,0.0064967516241879065,1.1135504172681442e-09,dissociated
Poland,Big business,Culture (periphery),Big business + Culture (periphery),18496,6003,24,24.06678159962268,-0.003927118875459771,-0.6185709325989505,0.45425486555416766,0.27861182333247875,0.991504247876062,0.00399800099950025,0.18310923556438835,0.21369164138831553,-0.2357263815567101,0.6019448526854868,0.39150825349287477,0.991504247876062,0.4300206636273443,not distinguishable
Poland,Big business,Sport & Games,Big business + Sport & Games,18496,6003,31,6.569397068117181,2.155692747210625,1.6634030628770566,2.562512586783804,0.23017995028632435,0.0004997501249375312,0.005164084624354489,-1.472850025344553,0.190198479816829,-1.8456390457855378,-1.100061004903568,9.65245291908714e-15,0.0012181409295352324,2.895735875726142e-14,associated
Poland,Small business,Academia,Small business + Academia,18496,6003,101,101.18109283889964,-0.0025717137963206307,-0.26976584860170244,0.2227995905712793,0.12546950967170445,0.9800099950024987,0.016824920872896883,0.09348090179636553,0.11165307056031572,-0.12535911650185327,0.31232092009458434,0.4024552364717453,0.991504247876062,0.4300206636273443,not distinguishable
Poland,Small business,Exploration & Invention,Small business + Exploration & Invention,18496,6003,21,12.230566648880783,0.7560400235027154,0.1273712475387948,1.2447595524617123,0.29697521670336924,0.014492753623188406,0.0034982508745627187,0.843597181764587,0.22738814553147635,0.39791641652289333,1.2892779470062807,0.00020730547310979436,0.023550724637681156,0.00036749606596736274,associated
Poland,Small business,Culture (core),Small business + Culture (core),18496,6003,171,113.64983056704483,0.5872798582307038,0.4072913053809288,0.7472275589114938,0.08635390571878021,0.0004997501249375312,0.02848575712143928,0.16208317299080308,0.09347304942633315,-0.021124003884809894,0.34529034986641605,0.08291636475819204,0.0012181409295352324,0.10602420411703245,associated
Poland,Small business,Culture (periphery),Small business + Culture (periphery),18496,6003,36,57.27568293862945,-0.6625659442069705,-1.1523985729690769,-0.2527441555540151,0.23024866079355097,0.004997501249375313,0.005997001499250375,-0.16764767367769073,0.17354755346574038,-0.5078008784705419,0.17250553111516043,0.33404205596414516,0.009065234824448242,0.3776127589159902,dissociated
Poland,Small business,Sport & Games,Small business + Sport & Games,18496,6003,13,15.634275900743651,-0.25716942447823693,-1.1297324275465273,0.3569661595139078,0.38528661782155144,0.4912543728135932,0.002165583874729302,-3.1635456880355677,0.2759882973431896,-3.704482750828219,-2.622608625242916,2.0329906533947208e-30,0.5321922372147259,1.0571551397652549e-29,not distinguishable
Poland,Academia,Exploration & Invention,Academia + Exploration & Invention,18496,6003,110,55.24007288309495,0.9872595756610033,0.768225403775246,1.1785660708305363,0.10521483606421281,0.0004997501249375312,0.018324171247709478,0.9204198167146829,0.11840948000356069,0.6883372359077039,1.1525023975216617,7.653161063202322e-15,0.0012181409295352324,2.3877862517191246e-14,associated
Poland,Academia,Culture (core),Academia + Culture (core),18496,6003,658,513.3061373120803,0.3579593174349221,0.2843682123204631,0.43300494288303326,0.038851217931886985,0.0004997501249375312,0.10961186073629851,-0.44965941762597017,0.0472641811313111,-0.54229721264334,-0.3570216226086004,1.8391750209720352e-21,0.0012181409295352324,7.550297454516776e-21,associated
Poland,Academia,Culture (periphery),Academia + Culture (periphery),18496,6003,167,258.68898725542357,-0.6298433249302237,-0.8389861276804562,-0.44618381202163365,0.09830069560591928,0.0004997501249375312,0.027819423621522572,-0.46426607721552715,0.08468851023846585,-0.6302555572829203,-0.2982765971481341,4.204413720853896e-08,0.0012181409295352324,8.408827441707792e-08,dissociated
Poland,Academia,Sport & Games,Academia + Sport & Games,18496,6003,31,70.61312570587444,-1.1747640412612987,-1.7330372536374508,-0.7600211410508283,0.25300624738009475,0.0004997501249375312,0.005164084624354489,-4.333008090353443,0.17980906998445356,-4.685433867522972,-3.9805823131839144,2.634254989065646e-128,0.0012181409295352324,5.136797228678009e-127,dissociated
Poland,Exploration & Invention,Culture (core),Exploration & Invention + Culture (core),18496,6003,21,62.04741170043311,-1.5406135250686037,-2.265028648520312,-1.0572708285020807,0.3070528182874981,0.0009995002498750624,0.0034982508745627187,-1.7255448546807337,0.2236862233488754,-2.1639698524445294,-1.287119856916938,1.2180920538297971e-14,0.002165583874729302,3.5189325999527473e-14,dissociated
Poland,Exploration & Invention,Culture (periphery),Exploration & Invention + Culture (periphery),18496,6003,16,31.26980358866558,-0.945190146394477,-1.741919977898404,-0.3815563933932527,0.34977668910877624,0.014992503748125937,0.0026653339996668335,-0.4632041886098988,0.2541194646072943,-0.9612783392401956,0.03486996202039799,0.06833653265674974,0.023865618211302512,0.08883749245377467,dissociated
Poland,Exploration & Invention,Sport & Games,Exploration & Invention + Sport & Games,18496,6003,28,8.535572368313694,1.657274021068994,1.106548114524079,2.0789414802980803,0.25149125708149506,0.0004997501249375312,0.004664334499416958,-1.8098372993813656,0.19660229561028444,-2.195177798777523,-1.424496799985208,3.398448071952977e-20,0.0012181409295352324,1.3253947480616611e-19,associated
Poland,Culture (core),Culture (periphery),Culture (core) + Culture (periphery),18496,6003,768,290.56772116456455,1.40069040361542,1.3319831504532589,1.4671930794852903,0.03413835614586898,0.0004997501249375312,0.127936031984008,1.2261108012457307,0.05600364829104263,1.116343650595287,1.3358779518961743,3.002001546396744e-106,0.0012181409295352324,3.3450874374135148e-105,associated
Poland,Culture (core),Sport & Games,Culture (core) + Sport & Games,18496,6003,84,79.31491494225834,0.08229297461376708,-0.21874385711617486,0.33086512889547626,0.14018245447390948,0.5592203898050975,0.013993003498250875,-4.072052058916406,0.11104743963929435,-4.289705040609423,-3.8543990772233894,2.2391440869006866e-294,0.5975231562301041,1.7465323877825356e-292,not distinguishable
Poland,Culture (periphery),Sport & Games,Culture (periphery) + Sport & Games,18496,6003,32,39.97204305427656,-0.3164859608607064,-0.8829688278972493,0.10450256035950832,0.24645433973004346,0.18490754622688654,0.005330667999333667,-3.3094202274595235,0.17814191553359499,-3.65857838190537,-2.960262073013677,4.893226595804783e-77,0.2152655015775694,4.240796383030812e-76,not distinguishable
Netherlands,Politics,Administration & Law,Politics + Administration & Law,23591,7260,481,100.64404642838731,2.2511243960274663,2.1625225229405793,2.3379188006413374,0.04532897366113849,0.0004997501249375312,0.0662534435261708,2.3212284672172925,0.06958949353253212,2.1848330598935295,2.4576238745410555,5.958597734703386e-244,0.0010258028880296693,2.3238531165343202e-242,associated
Netherlands,Politics,Military,Politics + Military,23591,7260,149,61.46920285466002,1.2705221690942587,1.0730317396319724,1.4458956033471804,0.0950870005364043,0.0004997501249375312,0.020523415977961434,0.7663191234418911,0.09442415550049602,0.5812477786609189,0.9513904682228633,4.829502153732758e-16,0.0010258028880296693,1.3951895110783523e-15,associated
Netherlands,Politics,Religion,Politics + Religion,23591,7260,44,54.42895431714228,-0.3037614914439881,-0.7414526667637705,0.039589560168705726,0.20324394358883824,0.12993503248375812,0.006060606060606061,-0.6088793539911467,0.15647122565003696,-0.9155629562652191,-0.30219575171707425,9.970101076455593e-05,0.1583583208395802,0.00016546125190713536,not distinguishable
Netherlands,Politics,Nobility,Politics + Nobility,23591,7260,110,55.18076930757454,0.9887953203333146,0.7431142248470802,1.2056091823080721,0.11799303064761646,0.0004997501249375312,0.015151515151515152,0.7326811364169159,0.10880987129976268,0.519413788669381,0.9459484841644508,1.65526406896457e-11,0.0010258028880296693,3.5864054827565685e-11,associated
Netherlands,Politics,Kinship,Politics + Kinship,23591,7260,39,82.78347108879791,-1.076177545249581,-1.5502177796257686,-0.6801022833255402,0.22093995533384225,0.0009995002498750624,0.005371900826446281,-0.7605051508685101,0.16516962026214804,-1.0842376065823203,-0.43677269515469996,4.1367896907910504e-06,0.0018130469648896482,7.333399906402316e-06,dissociated
Netherlands,Politics,Big business,Politics + Big business,23591,7260,114,68.30815348284177,0.7346961647313163,0.4961783873252904,0.9598448015330805,0.11474171439652099,0.0004997501249375312,0.015702479338842976,0.437509513710664,0.10427608031789985,0.23312839628758028,0.6418906311337477,2.7204895744573823e-05,0.0010258028880296693,4.613004061036431e-05,associated
Netherlands,Politics,Small business,Politics + Small business,23591,7260,86,77.50523617206915,0.14912916331382897,-0.14545572578595783,0.39101848375542203,0.13716475458781313,0.28585707146426786,0.011845730027548209,0.11516434718729504,0.11681583196020806,-0.11379468345471275,0.3441233778293028,0.3242005948924861,0.32314277643786804,0.341724951373161,not distinguishable
Netherlands,Politics,Academia,Politics + Academia,23591,7260,359,294.2439193203254,0.28652972050245906,0.1682576366156894,0.40269791028929075,0.06137632368361424,0.0004997501249375312,0.049449035812672175,-0.2880741910742369,0.0595845718007433,-0.4048599518036937,-0.17128843034478,1.3333913518896843e-06,0.0010258028880296693,2.4762982249379855e-06,associated
Netherlands,Politics,Exploration & Invention,Politics + Exploration & Invention,23591,7260,42,47.6892023305625,-0.18124707928665879,-0.6635597230693272,0.18282452161968354,0.21007456337434383,0.3638180909545227,0.005785123966942148,-0.22233286662174867,0.16239288688490036,-0.5406229249161534,0.09595719167265604,0.1709665456411159,0.39413626520073297,0.1878224022536203,not distinguishable
Netherlands,Politics,Culture (core),Politics + Culture (core),23591,7260,184,567.1698371926503,-1.6214312705998795,-1.822447793380976,-1.4421509709682885,0.09637751271881623,0.0004997501249375312,0.02534435261707989,-2.0524740054269524,0.07764287664125075,-2.204654043643804,-1.900293967210101,5.456728849311527e-154,0.0010258028880296693,7.093747504104986e-153,dissociated
Netherlands,Politics,Culture (periphery),Politics + Culture (periphery),23591,7260,120,252.73321654127565,-1.0714335086914322,-1.3280069646360606,-0.8522626173641082,0.12066023423733294,0.0004997501249375312,0.01652892561983471,-0.840019064065736,0.09606411206831061,-1.0283047237196248,-0.6517334044118472,2.2428566069013773e-18,0.0010258028880296693,7.289283972429477e-18,dissociated
Netherlands,Politics,Sport & Games,Politics + Sport & Games,23591,7260,43,108.84399099138552,-1.3297866330579393,-1.7846507754662466,-0.9591819709382581,0.21131264478112807,0.0004997501249375312,0.0059228650137741045,-3.7730607431290903,0.15351129010772877,-4.073942871740239,-3.472178614517942,2.1507584208577954e-133,0.0010258028880296693,2.3965593832415434e-132,dissociated
Netherlands,Administration & Law,Military,Administration & Law + Military,23591,7260,18,25.99394297043449,-0.5181372985444455,-1.2697615201442287,0.02730939582672756,0.33531808384964756,0.11694152923538231,0.0024793388429752068,-0.43329580369120513,0.23800832497469204,-0.8997921206416015,0.03320051325919127,0.06868184272254298,0.14953179148130855,0.08241821126705157,not distinguishable
Netherlands,Administration & Law,Religion,Administration & Law + Religion,23591,7260,8,23.0167802534456,-1.4681558040170848,-2.7558508915174063,-0.7259127428714565,0.5202367012287974,0.014492753623188406,0.0011019283746556473,-1.1856201378053728,0.3468150774383883,-1.865377689584614,-0.5058625860261318,0.0006294544152649045,0.02260869565217391,0.0009626949880522068,dissociated
Netherlands,Administration & Law,Nobility,Administration & Law + Nobility,23591,7260,25,23.334705898777642,0.0974334232705352,-0.5321910613151152,0.558604683102385,0.2752457935288527,0.712143928035982,0.003443526170798898,0.20853755737554108,0.2057489868664875,-0.1947304568827744,0.6118055716338566,0.3107959677225739,0.7213925504780078,0.3330310400764472,not distinguishable
Netherlands,Administration & Law,Kinship,Administration & Law + Kinship,23591,7260,8,35.007267484251926,-2.062579593477645,-3.3685662818857707,-1.293416923280566,0.555869200946308,0.005997001499250375,0.0011019283746556473,-1.2069828200524433,0.34677087829556746,-1.8866537415117555,-0.5273118985931311,0.0005002268575871388,0.009952470573224025,0.0007803538978359365,dissociated
Netherlands,Administration & Law,Big business,Administration & Law + Big business,23591,7260,18,28.885981330308827,-0.6676028064766952,-1.4798952807647046,-0.10610955428845632,0.33508887059644205,0.050474762618690654,0.0024793388429752068,-0.42131225139057066,0.23804374231962458,-0.8878779863370349,0.04525348355589354,0.07674475845599404,0.07158239062287038,0.09069835090253842,not distinguishable
Netherlands,Administration & Law,Small business,Administration & Law + Small business,23591,7260,13,32.77522068620886,-1.3014888270607103,-2.2711877063153154,-0.656443254778629,0.40258387842098853,0.004497751124437781,0.001790633608815427,-0.7343411016321774,0.2769287242389368,-1.2771214011404934,-0.19156080212386128,0.008007978371435982,0.007626621471872758,0.011153969874500116,dissociated
Netherlands,Administration & Law,Academia,Administration & Law + Academia,23591,7260,160,124.42913366379899,0.3614633424909068,0.16335746181929392,0.550419150137589,0.09972836171008499,0.001999000499750125,0.02203856749311295,0.044007064271874854,0.08863788660002539,-0.12972319346417488,0.21773732200792462,0.6195547892867954,0.003543682704102494,0.6358588626890795,associated
Netherlands,Administration & Law,Exploration & Invention,Administration & Law + Exploration & Invention,23591,7260,5,20.16669076736166,-1.9098038734445288,-3.6983699152359346,-0.975360529333343,0.6674708757868831,0.01249375312343828,0.0006887052341597796,-1.221933639661165,0.43031007707757646,-2.0653413907332148,-0.3785258885891153,0.00451618622294599,0.020302348825587204,0.006646462743203532,dissociated
Netherlands,Administration & Law,Culture (core),Administration & Law + Culture (core),23591,7260,46,239.84336412162682,-2.369794349893771,-2.8424337322373368,-1.9825266586294508,0.2095418058202667,0.0004997501249375312,0.006336088154269973,-2.293349313336539,0.1511303512488322,-2.5895648017842503,-1.997133824888828,5.205923935912479e-52,0.0010258028880296693,4.060620670011734e-51,dissociated
Netherlands,Administration & Law,Culture (periphery),Administration & Law + Culture (periphery),23591,7260,12,106.87519135463052,-3.102660702410356,-4.072044434667791,-2.417542346151072,0.4273893002762484,0.0004997501249375312,0.001652892561983471,-2.0454963714042598,0.2856675888493662,-2.6054048455490175,-1.485587897259502,8.043753844283658e-13,0.0010258028880296693,1.9012509086488647e-12,dissociated
Netherlands,Administration & Law,Sport & Games,Administration & Law + Sport & Games,23591,7260,13,46.0276750488244,-1.7851296912883594,-2.7150143170022987,-1.1488490388222006,0.4171087798081761,0.0034982508745627187,0.001790633608815427,-3.7555638950998147,0.2745143822827773,-4.293612084374058,-3.217515705825571,1.3231245767918234e-42,0.0060636348492420465,7.938747460750941e-42,dissociated
Netherlands,Military,Religion,Military + Religion,23591,7260,8,14.057693273162359,-0.7762470262742182,-2.06336100337819,-0.003372718104850051,0.5490757171299564,0.1294352823588206,0.0011019283746556473,-0.9111601431079602,0.347291592685583,-1.591851664771703,-0.23046862144421754,0.008700154544715453,0.1583583208395802,0.011905474640136936,not distinguishable
Netherlands,Military,Nobility,Military + Nobility,23591,7260,52,14.251869050857461,1.8314196683330533,1.454847243429955,2.1433560490543844,0.17774873498935448,0.0004997501249375312,0.007162534435261708,1.3065466048361023,0.15059588343168115,1.0113786733100072,1.6017145363621974,4.1048945283476396e-18,0.0010258028880296693,1.2807270928444635e-17,associated
Netherlands,Military,Kinship,Military + Kinship,23591,7260,32,21.38098479484303,0.5707620473477388,0.031034813766744804,0.9713497049498356,0.2418267722948791,0.022988505747126436,0.004407713498622589,0.48029665541832495,0.18386590336094324,0.11991948483087617,0.8406738260057738,0.008995854215202222,0.034482758620689655,0.01209787291009954,associated
Netherlands,Military,Big business,Military + Big business,23591,7260,17,17.642357487207075,-0.05200701529255749,-0.9014753433038114,0.5013123797333547,0.3534071641220419,0.8770614692653673,0.0023415977961432507,-0.2020089600543488,0.24512988304719066,-0.6824635308268425,0.2784456107181449,0.4098887120719753,0.8770614692653672,0.4262842605548543,not distinguishable
Netherlands,Military,Small business,Military + Small business,23591,7260,11,20.017743328715884,-0.8352382017682716,-1.8476019750235768,-0.19528883954920653,0.42314232845711913,0.05247376311844078,0.0015151515151515152,-0.6244449197436538,0.2998308018974311,-1.2121132914626187,-0.03677654802468888,0.0372824383267225,0.07308845577211394,0.04543797171069305,not distinguishable
Netherlands,Military,Academia,Military + Academia,23591,7260,43,75.99614611731609,-0.8143716655695447,-1.2716172933969356,-0.47894847616604214,0.2040072144584878,0.0004997501249375312,0.0059228650137741045,-1.1524308578412654,0.1574638936824516,-1.4610600894588706,-0.8438016262236603,2.503863115997772e-13,0.0010258028880296693,6.300042678962136e-13,dissociated
Netherlands,Military,Exploration & Invention,Military + Exploration & Invention,23591,7260,40,12.31697700636674,1.6598658778817084,1.218306362181094,2.0114133921217325,0.20547902248674205,0.0004997501249375312,0.005509641873278237,1.181127887884423,0.16919886351955252,0.8494981153861,1.512757660382746,2.9369583607861907e-12,0.0010258028880296693,6.737728004156555e-12,associated
Netherlands,Military,Culture (core),Military + Culture (core),23591,7260,87,146.48636383103542,-0.7483273979982233,-1.027604154069276,-0.4830948861392582,0.13918335914158395,0.0004997501249375312,0.011983471074380166,-1.2972240757147044,0.11501031552795825,-1.5226442941495026,-1.0718038572799062,1.6625545590512223e-29,0.0010258028880296693,6.825223979262913e-29,dissociated
Netherlands,Military,Culture (periphery),Military + Culture (periphery),23591,7260,10,65.27492733693794,-2.6471484217225383,-3.8273301544683784,-1.9689009546864618,0.4649684908908888,0.0009995002498750624,0.0013774104683195593,-1.947229971149738,0.3117268122022202,-2.5582145230660895,-1.3362454192333866,4.195070366395268e-10,0.0018130469648896482,8.843661853481916e-10,dissociated
Netherlands,Military,Sport & Games,Military + Sport & Games,23591,7260,36,28.11179195301653,0.35128660768870396,-0.14055060282299245,0.7496586336790654,0.23046970731099348,0.11394302848575712,0.0049586776859504135,-2.4414329141588316,0.17048374346777123,-2.775581051355663,-2.107284776962,1.6266539884242244e-46,0.14812593703148424,1.1534455554280863e-45,not distinguishable
Netherlands,Religion,Nobility,Religion + Nobility,23591,7260,11,12.619560584462782,-0.19008553918019627,-1.2458697226711573,0.46784202075816866,0.44792807067902474,0.6466766616691654,0.0015151515151515152,-0.3042003287596876,0.30068320345160293,-0.8935394075248293,0.2851387500054541,0.31168289648180314,0.6636944685551961,0.3330310400764472,not distinguishable
Netherlands,Religion,Kinship,Religion + Kinship,23591,7260,13,18.93215774093613,-0.5254866989642121,-1.469983613923561,0.10052790180298475,0.40350116809454517,0.1679160419790105,0.001790633608815427,-0.4036684210349678,0.2776728558954297,-0.94790721859001,0.14057037652007442,0.1460141253394624,0.19548434737854953,0.1627014539496867,not distinguishable
Netherlands,Religion,Big business,Religion + Big business,23591,7260,1,15.621726411327446,-3.425971838757714,-5.134656903639468,-2.1203945120444536,1.0247385788603836,0.0004997501249375312,0.0001377410468319559,-2.6547084410327666,0.818301646069161,-4.258579667328322,-1.0508372147372111,0.0011779403239097254,0.0010258028880296693,0.0017669104858645882,dissociated
Netherlands,Religion,Small business,Religion + Small business,23591,7260,12,17.725052328189697,-0.5439948619700021,-1.4795051277866484,0.11487915185673954,0.4119689686788613,0.15742128935532235,0.001652892561983471,-0.48668866617466405,0.28813082399993456,-1.0514250812145358,0.07804774886520766,0.09119568525888817,0.18604334196538094,0.1046365709477441,not distinguishable
Netherlands,Religion,Academia,Religion + Academia,23591,7260,196,67.29208405514053,1.5353405847637418,1.3753635399516597,1.6768437853817093,0.07649994368017334,0.0004997501249375312,0.02699724517906336,0.7338731562717971,0.08653525518188773,0.5642640561152971,0.903482256428297,2.2398504996723826e-17,0.0010258028880296693,6.719551499017148e-17,associated
Netherlands,Religion,Exploration & Invention,Religion + Exploration & Invention,23591,7260,1,10.906277414886041,-2.926793620555055,-4.649980621216872,-1.617745458219332,1.029355222254242,0.0004997501249375312,0.0001377410468319559,-2.211870276148705,0.8187716188625267,-3.816662649119257,-0.6070779031781528,0.00690379393779918,0.0010258028880296693,0.009790835039060655,dissociated
Netherlands,Religion,Culture (core),Religion + Culture (core),23591,7260,135,129.70884987553185,0.057465344414740153,-0.1525460030789955,0.241071919134474,0.10102563771226714,0.5787106446776612,0.01859504132231405,-0.7072743966023592,0.09706797827745123,-0.8975276340261636,-0.5170211591785548,3.1838874431229677e-13,0.6018590704647676,7.760725642612233e-13,not distinguishable
Netherlands,Religion,Culture (periphery),Religion + Culture (periphery),23591,7260,16,57.798797984698986,-1.8210001135105787,-2.67316744473667,-1.236606686887786,0.3658331659943397,0.0009995002498750624,0.0022038567493112946,-1.4317559115613783,0.2502582700909223,-1.9222621209395858,-0.9412497021831706,1.0582830727745615e-08,0.0018130469648896482,2.172265254642521e-08,dissociated
Netherlands,Religion,Sport & Games,Religion + Sport & Games,23591,7260,2,24.892065765055666,-3.3443777698483035,-5.728094723366954,-2.19320918222604,1.0067288187571246,0.0004997501249375312,0.0002754820936639118,-5.126322699588102,0.6337720460954152,-6.368515909935116,-3.8841294892410883,6.035901492994397e-16,0.0010258028880296693,1.6814297016198677e-15,dissociated
Netherlands,Nobility,Kinship,Nobility + Kinship,23591,7260,165,19.193663407716528,3.0710278061379146,2.8993094017395786,3.223385578414468,0.08435101141683578,0.0004997501249375312,0.022727272727272728,2.952437168870189,0.10338608844612376,2.7498004355157866,3.1550739022245917,2.273798143298919e-179,0.0010258028880296693,4.433906379432892e-178,associated
Netherlands,Nobility,Big business,Nobility + Big business,23591,7260,9,15.837505829466455,-0.7821883322397474,-1.881746642970338,-0.07041793905848652,0.47224889351837934,0.09095452273863068,0.0012396694214876034,-0.5415253281858577,0.32961973532279265,-1.1875800094185314,0.10452935304681588,0.10040797888306927,0.1202449622646304,0.1135046717808609,not distinguishable
Netherlands,Nobility,Small business,Nobility + Small business,23591,7260,4,17.969884517485173,-2.0371779393770795,-3.730041634872126,-1.038571271453889,0.7746299100176139,0.01999000499750125,0.0005509641873278236,-1.2907321210287883,0.47497455544108563,-2.221682249693316,-0.35978199236426045,0.00657818565449924,0.030572948819707797,0.009501823723165569,dissociated
Netherlands,Nobility,Academia,Nobility + Academia,23591,7260,10,68.22157458393707,-2.710373764731846,-3.900199716818589,-2.04730744024712,0.4623661460255707,0.0009995002498750624,0.0013774104683195593,-2.3355661210980676,0.31216463788121945,-2.947408811345258,-1.7237234308508775,7.32887012929303e-14,0.0018130469648896482,1.905506233616188e-13,dissociated
Netherlands,Nobility,Exploration & Invention,Nobility + Exploration & Invention,23591,7260,1,11.056923389132542,-2.945722977991106,-4.662559083587093,-1.5368726519589195,1.0361132936240167,0.0004997501249375312,0.0001377410468319559,-1.971490784317658,0.819009895293961,-3.576750179093821,-0.36623138954149437,0.01607696731461088,0.0010258028880296693,0.02055743361540408,dissociated
Netherlands,Nobility,Culture (core),Nobility + Culture (core),23591,7260,44,131.50048925114706,-1.5686660356564157,-2.0063611090373032,-1.2080106519012155,0.20522218853191865,0.0004997501249375312,0.006060606060606061,-1.7323171810132763,0.15716287127832856,-2.0403564087188,-1.4242779533077523,2.978973415880932e-28,0.0010258028880296693,1.1617996321935635e-27,dissociated
Netherlands,Nobility,Culture (periphery),Nobility + Culture (periphery),23591,7260,9,58.597159873128234,-2.6370893796061385,-3.752530802139651,-1.9187855260807496,0.4872798951584331,0.0009995002498750624,0.0012396694214876034,-1.7538619058898686,0.3281308244458524,-2.396998321803739,-1.110725489975998,9.041302349339642e-08,0.0018130469648896482,1.7630539581212303e-07,dissociated
Netherlands,Nobility,Sport & Games,Nobility + Sport & Games,23591,7260,13,25.235894310354407,-0.9308225091209091,-1.8495606563724782,-0.33879930915691825,0.38795517564761656,0.02448775612193903,0.001790633608815427,-3.1726119266564528,0.275992324216606,-3.7135568821210008,-2.6316669711919047,1.3931164712146826e-30,0.036038584481344234,6.391946162043837e-30,dissociated
Netherlands,Kinship,Big business,Kinship + Big business,23591,7260,31,23.759793899291196,0.37678453461470585,-0.14492390662281437,0.8039927406414403,0.2443383628203061,0.12643678160919541,0.004269972451790634,0.45821205654397923,0.18653824941138933,0.09259708769765618,0.8238270253903023,0.0140337899454854,0.1583583208395802,0.01824392692913102,not distinguishable
Netherlands,Kinship,Small business,Kinship + Small business,23591,7260,10,26.95883790837382,-1.3868812422657808,-2.5477348749536746,-0.6771926489101867,0.4621838323243564,0.013493253373313344,0.0013774104683195593,-0.6884895312969412,0.3133972079189404,-1.3027480588180644,-0.07423100377581815,0.02803050537656366,0.021479056390172262,0.035204967744617024,dissociated
Netherlands,Kinship,Academia,Kinship + Academia,23591,7260,31,102.34758989535125,-1.7070842527797108,-2.2288581710769866,-1.2664460638829809,0.2474295714596517,0.0004997501249375312,0.004269972451790634,-1.4657867864412581,0.1832205592953786,-1.8248990826602003,-1.106674490222316,1.2429622116655047e-15,0.0010258028880296693,3.3431397417210123e-15,dissociated
Netherlands,Kinship,Exploration & Invention,Kinship + Exploration & Invention,23591,7260,12,16.58785314523808,-0.4510430586349209,-1.3923495371052323,0.18458856228527065,0.40681546319390277,0.25087456271864067,0.001652892561983471,-0.07172597681726592,0.28942716992465956,-0.6390032298695986,0.4955512762350668,0.8042733173471971,0.2877678807654996,0.8042733173471971,not distinguishable
Netherlands,Kinship,Culture (core),Kinship + Culture (core),23591,7260,186,197.28008664407668,-0.08472154614196797,-0.26256880419261797,0.07423855995493493,0.08565409257995389,0.32533733133433285,0.0256198347107438,-0.30797638452642845,0.0868342678239459,-0.4781715494613624,-0.13778121959149447,0.0003900665838850128,0.3574128428743375,0.0006209223172047143,not distinguishable
Netherlands,Kinship,Culture (periphery),Kinship + Culture (periphery),23591,7260,22,87.90881952377765,-1.974265296325285,-2.6477857609715207,-1.4761776577926935,0.29941731057121856,0.0004997501249375312,0.0030303030303030303,-1.1312564918401238,0.21552439364793705,-1.5536843033900805,-0.7088286802901671,1.5304670403595329e-07,0.0010258028880296693,2.9116202231230136e-07,dissociated
Netherlands,Kinship,Sport & Games,Kinship + Sport & Games,23591,7260,121,37.8594744737351,1.6633014532041297,1.4343798478444811,1.863762955383109,0.11016590223586027,0.0004997501249375312,0.016666666666666666,-1.0524671606250582,0.10085552804826475,-1.2501439955996572,-0.8547903256504592,1.709034883562588e-25,0.0010258028880296693,6.34784385323247e-25,associated
Netherlands,Big business,Small business,Big business + Small business,23591,7260,46,22.2448806910857,1.0316888492688525,0.6041248332557143,1.3596544564306448,0.19442462571542998,0.0004997501249375312,0.006336088154269973,0.8907615307217809,0.15690874084544754,0.5832203986647038,1.198302662778858,1.3712542270920811e-08,0.0010258028880296693,2.7425084541841626e-08,associated
Netherlands,Big business,Academia,Big business + Academia,23591,7260,76,84.45133777576802,-0.15117691870096767,-0.47976048333678084,0.1110213101569465,0.14928793093426548,0.30134932533733133,0.01046831955922865,-0.5138831906075978,0.12238614564255806,-0.7537600360670116,-0.274006345148184,2.682534024330129e-05,0.3357892482330263,4.613004061036431e-05,not distinguishable
Netherlands,Big business,Exploration & Invention,Big business + Exploration & Invention,23591,7260,39,13.687341249322042,1.477248403976739,1.0031387099221072,1.8645778613584099,0.21309512867795743,0.0004997501249375312,0.005371900826446281,1.1645348922914582,0.17106525981104864,0.8292469830618029,1.4998228015211135,9.927649554552537e-12,0.0010258028880296693,2.2124476150145653e-11,associated
Netherlands,Big business,Culture (core),Big business + Culture (core),23591,7260,77,162.78416766478685,-1.075116695799201,-1.39900855005077,-0.7966511561544019,0.15299869206706881,0.0004997501249375312,0.010606060606060607,-1.423207044481391,0.12123011956897733,-1.6608180788365865,-1.1855960101261953,7.975482367665101e-32,0.0010258028880296693,3.8880476542367365e-31,dissociated
Netherlands,Big business,Culture (periphery),Big business + Culture (periphery),23591,7260,27,72.53729588222366,-1.409201733630019,-2.0511159893771,-0.945065106355263,0.2815708084768991,0.0004997501249375312,0.00371900826446281,-0.939026406011069,0.1958457089870157,-1.3228839956256198,-0.5551688163965183,1.628977696567807e-06,0.0010258028880296693,2.9548897751695105e-06,dissociated
Netherlands,Big business,Sport & Games,Big business + Sport & Games,23591,7260,102,31.23945830149631,1.691274498764267,1.4284992099340381,1.9149426942886698,0.12149356461212732,0.0004997501249375312,0.014049586776859505,-1.2798903989153272,0.10773457045373427,-1.4910501570046464,-1.068730640826008,1.5030556359000195e-32,0.0010258028880296693,7.815889306680102e-32,associated
Netherlands,Small business,Academia,Small business + Academia,23591,7260,137,95.82195602758051,0.5134950240574733,0.29798050146680327,0.7141917350063954,0.10506351471440394,0.0004997501249375312,0.01887052341597796,0.21230265515518126,0.09688720861078817,0.02240372627803644,0.4022015840323261,0.02843478163988298,0.0010258028880296693,0.035204967744617024,associated
Netherlands,Small business,Exploration & Invention,Small business + Exploration & Invention,23591,7260,19,15.530219483430772,0.2826799451767873,-0.5021098852226549,0.8076077657912919,0.33575704024748043,0.38580709645177413,0.0026170798898071624,0.3964522950134277,0.23472764047881162,-0.06361388032504306,0.8565184703518984,0.09122162595444358,0.4122322400443614,0.1046365709477441,not distinguishable
Netherlands,Small business,Culture (core),Small business + Culture (core),23591,7260,200,184.70160173634554,0.1145056607219501,-0.050481242393275845,0.2604766660153346,0.08102275232050107,0.15542228885557222,0.027548209366391185,-0.20890450341457778,0.08493688454651449,-0.3753807971257462,-0.04242820970340938,0.013912049474632713,0.18604334196538094,0.01824392692913102,not distinguishable
Netherlands,Small business,Culture (periphery),Small business + Culture (periphery),23591,7260,67,82.30379481780591,-0.2948093843941774,-0.6451565476835256,-0.007094376533001062,0.16502680356376254,0.07296351824087956,0.009228650137741047,0.05693114474599625,0.13012950341120555,-0.19812268193996663,0.31198497143195913,0.6617516344333431,0.09984481443488781,0.6703458115039059,not distinguishable
Netherlands,Small business,Sport & Games,Small business + Sport & Games,23591,7260,24,35.44557230862873,-0.5530323245859512,-1.1563950925029491,-0.07429279554264034,0.2806566770022022,0.038980509745127435,0.003305785123966942,-2.8320785994276894,0.20614774755635,-3.2361281846381353,-2.4280290142172434,6.002965009630914e-43,0.05630518074296185,3.9019272562600943e-42,not distinguishable
Netherlands,Academia,Exploration & Invention,Academia + Exploration & Invention,23591,7260,155,58.95953453473044,1.3869345057592795,1.200843477308682,1.548366118801101,0.0889926970870863,0.0004997501249375312,0.02134986225895317,0.9643710546509143,0.10031147903930489,0.7677605557338767,1.160981553567952,6.994316604306697e-22,0.0010258028880296693,2.3719856310257495e-21,associated
Netherlands,Academia,Culture (core),Academia + Culture (core),23591,7260,733,701.2084071195886,0.06392531855474654,-0.008971697422707347,0.13450489213484246,0.03631814952343118,0.07496251874062969,0.1009641873278237,-0.9157443971500392,0.04351929308826938,-1.001042211603047,-0.8304465826970312,2.6922020465773278e-98,0.10081166313395028,2.3332417737003508e-97,not distinguishable
Netherlands,Academia,Culture (periphery),Academia + Culture (periphery),23591,7260,160,312.4613556219884,-0.9634112272400354,-1.1779728148332775,-0.769678563199961,0.10312099877641505,0.0004997501249375312,0.02203856749311295,-1.0008621946802374,0.08393104108883478,-1.1653670352143535,-0.8363573541461212,8.787830904547086e-33,0.0010258028880296693,4.896077218247662e-32,dissociated
Netherlands,Academia,Sport & Games,Academia + Sport & Games,23591,7260,60,134.56696132746555,-1.1586677732912452,-1.5574811697099467,-0.8505038545720995,0.17625438435496188,0.0004997501249375312,0.008264462809917356,-3.946457543170736,0.13035229171076598,-4.201948034923838,-3.6909670514176347,2.4226080082958984e-201,0.0010258028880296693,6.298780821569336e-200,dissociated
Netherlands,Exploration & Invention,Culture (core),Exploration & Invention + Culture (core),23591,7260,35,113.64744488267009,-1.6850076363910658,-2.212172876337826,-1.2807339295404987,0.23565035339000814,0.0004997501249375312,0.0048209366391184574,-1.8012042214583435,0.1753131946355691,-2.144818082944059,-1.457590359972628,9.209778361781783e-25,0.0010258028880296693,3.2652850555408138e-24,dissociated
Netherlands,Exploration & Invention,Culture (periphery),Exploration & Invention + Culture (periphery),23591,7260,19,50.641769737022166,-1.3910279612556156,-2.113549478887872,-0.873123162562111,0.31367888101226155,0.0004997501249375312,0.0026170798898071624,-0.8407062013823047,0.23254467924294636,-1.2964937726984795,-0.3849186300661298,0.00030006265063724463,0.0010258028880296693,0.00048760180728552255,dissociated
Netherlands,Exploration & Invention,Sport & Games,Exploration & Invention + Sport & Games,23591,7260,25,21.809766062721117,0.19282186133361748,-0.43407897744336804,0.6357604587474883,0.27430143080816066,0.47926036981509246,0.003443526170798898,-2.337539876770748,0.20424668291672377,-2.7378633752875268,-1.9372163782539695,2.4999782251759165e-30,0.5051663357510434,1.0833238975762305e-29,not distinguishable
Netherlands,Culture (core),Culture (periphery),Culture (core) + Culture (periphery),23591,7260,1341,602.2848547099144,1.1541319805749333,1.1052127293558907,1.203682902824208,0.02554249989133467,0.0004997501249375312,0.1847107438016529,1.2907296989015062,0.04637147641398965,1.1998416051300866,1.3816177926729258,1.65650570696371e-170,0.0010258028880296693,2.5841489028633875e-169,associated
Netherlands,Culture (core),Sport & Games,Culture (core) + Sport & Games,23591,7260,368,259.3845328185723,0.5037938458024869,0.39632834725857224,0.6087404422462861,0.053784595217324066,0.0004997501249375312,0.05068870523415978,-3.15584327015838,0.05570263845789172,-3.2650204415358477,-3.0466660987809124,0.0,0.0010258028880296693,0.0,associated
Netherlands,Culture (periphery),Sport & Games,Culture (periphery) + Sport & Games,23591,7260,62,115.58281664761168,-0.8932263357829436,-1.2614514529227465,-0.5771365351778076,0.17302049314447382,0.0004997501249375312,0.008539944903581268,-3.155821102952235,0.12909003803074776,-3.4088375774925006,-2.9028046284119697,5.4604448700763944e-132,0.0010258028880296693,5.323933748324485e-131,dissociated
Ireland,Politics,Administration & Law,Politics + Administration & Law,18921,6346,398,171.66245933194472,1.2108091322363461,1.1158825365912084,1.3008366298990464,0.04776778020896118,0.0004997501249375312,0.06271667191931926,0.8705855338938914,0.06658216983089642,0.7400844810253344,1.0010865867624483,4.554303739803279e-39,0.00139216106232598,2.368237944697705e-38,associated
Ireland,Politics,Military,Politics + Military,18921,6346,250,146.8107239043315,0.7659481441231316,0.6157337724209884,0.897876054141398,0.0706154827482958,0.0004997501249375312,0.03939489442168295,0.23949455598139446,0.0756539151616618,0.09121288226453733,0.3877762296982516,0.0015473165838666575,0.00139216106232598,0.00211738058844911,associated
Ireland,Politics,Religion,Politics + Religion,18921,6346,76,147.7142795782828,-0.9541527966444846,-1.275180006234183,-0.6924095374869385,0.15126045517661402,0.0004997501249375312,0.011976047904191617,-1.724215474977509,0.11875004297374099,-1.9569655592060413,-1.4914653907489765,9.09019056231225e-48,0.00139216106232598,5.064534741859682e-47,dissociated
Ireland,Politics,Nobility,Politics + Nobility,18921,6346,270,152.92201562998912,0.8181230736543295,0.6870578172507232,0.9470306266143063,0.06633113225129,0.0004997501249375312,0.04254648597541759,0.45618497396817076,0.07497940973110909,0.309225330895197,0.6031446170411445,1.1712069146790741e-09,0.00139216106232598,2.9469077208054124e-09,associated
Ireland,Politics,Kinship,Politics + Kinship,18921,6346,136,159.51843350754373,-0.22933715645564456,-0.4499215430209358,-0.030440126766081398,0.10572814503911969,0.03248375812093953,0.021430822565395524,-0.28323702810769347,0.09596896503464433,-0.47133619957559636,-0.09513785663979057,0.003163986057562939,0.041536608744807926,0.00418728095818769,dissociated
Ireland,Politics,Big business,Politics + Big business,18921,6346,168,129.7613736527957,0.37133924580462907,0.1914322920841955,0.5449231950479011,0.09058158261315945,0.0004997501249375312,0.026473369051370942,0.13189562453832318,0.09025003700361722,-0.04499444798876656,0.3087856970654129,0.14389287508483845,0.00139216106232598,0.15807949657207604,associated
Ireland,Politics,Small business,Politics + Small business,18921,6346,349,162.4864879525243,1.1005400897450188,0.9905058618159945,1.205665113009065,0.054059589810604894,0.0004997501249375312,0.0549952726126694,1.0751767582255154,0.07358247798233614,0.9309551013801366,1.2193984150708943,2.3599131493900412e-48,0.00139216106232598,1.4159478896340246e-47,associated
Ireland,Politics,Academia,Politics + Academia,18921,6346,248,285.4239557307506,-0.20238564739131348,-0.357884951106835,-0.0645171853686022,0.07625307360343611,0.009995002498750625,0.039079735266309486,-0.6194825319976063,0.07067505358809534,-0.7580056370302731,-0.48095942696493943,1.8640902794513135e-18,0.014992503748125939,6.058293408216768e-18,dissociated
Ireland,Politics,Exploration & Invention,Politics + Exploration & Invention,18921,6346,37,51.83955754372851,-0.4810111329011058,-0.9471114006975017,-0.09141337367234907,0.22078277011203262,0.030984507746126936,0.005830444374409076,-0.6633071544095815,0.17567753462246827,-1.0076351222696194,-0.31897918654954377,0.0001595535198020273,0.040279860069965014,0.0002539831539705741,dissociated
Ireland,Politics,Culture (core),Politics + Culture (core),18921,6346,158,454.87193519393196,-1.5225625398138716,-1.747316738625551,-1.3279324039712839,0.10595890970989987,0.0004997501249375312,0.024897573274503624,-2.1421520618825296,0.08317480708809809,-2.305174683775202,-1.9791294399898574,2.8467274552759585e-146,0.00139216106232598,7.401491383717493e-145,dissociated
Ireland,Politics,Culture (periphery),Politics + Culture (periphery),18921,6346,93,211.4234600475328,-1.1805050335990428,-1.472031232422245,-0.9395825791983927,0.13488990425789713,0.0004997501249375312,0.014654900724866058,-1.2783018200031402,0.10908337154273114,-1.4921052282268932,-1.0644984117793872,1.0237795412860503e-31,0.00139216106232598,4.697341424724231e-31,dissociated
Ireland,Politics,Sport & Games,Politics + Sport & Games,18921,6346,116,224.56531783310317,-0.9500138022892138,-1.2151302760854208,-0.7312924396203354,0.12179585545907785,0.0004997501249375312,0.018279231011660887,-3.474128364858579,0.09540964555877478,-3.6611312701537773,-3.2871254595633803,2.6744118117048005e-290,0.00139216106232598,1.0430206065648722e-288,dissociated
Ireland,Administration & Law,Military,Administration & Law + Military,18921,6346,46,43.086461155632136,0.0933506421565301,-0.33853754278279685,0.4355924493764489,0.19765185210091749,0.6306846576711644,0.007248660573589662,-0.13156588144191889,0.15386096649335523,-0.43313337576889516,0.17000161288505738,0.3924980598420216,0.6647757202479841,0.4028269561536537,not distinguishable
Ireland,Administration & Law,Religion,Administration & Law + Religion,18921,6346,32,43.3516394437865,-0.43219106234435234,-0.983126701122962,-0.021944585755986363,0.24246565841014886,0.07296351824087956,0.005042546485975417,-0.9979842737300507,0.18033605753687895,-1.3514429465023334,-0.644525600957768,3.129641095701139e-08,0.08892428785607195,6.259282191402278e-08,not distinguishable
Ireland,Administration & Law,Nobility,Administration & Law + Nobility,18921,6346,85,44.88002177944509,0.9138671185887727,0.6354527814491854,1.157458780093679,0.13632749176972303,0.0004997501249375312,0.013394264103372203,0.6458454508343972,0.1185184170365434,0.4135493534427721,0.8781415482260222,5.056115888085961e-08,0.00139216106232598,9.859425981767623e-08,associated
Ireland,Administration & Law,Kinship,Administration & Law + Kinship,18921,6346,25,46.81595871299486,-0.8918296103277014,-1.5664091207070931,-0.4248611333899561,0.2820721111108946,0.0069965017491254375,0.003939489442168295,-0.5439359951397666,0.20396807265928152,-0.9437134175519584,-0.14415857272757487,0.007658399808318959,0.010914542728635684,0.009333674766388732,dissociated
Ireland,Administration & Law,Big business,Administration & Law + Big business,18921,6346,15,38.082765595761046,-1.315688343343403,-2.226592105723116,-0.7506819355740837,0.37027301731874707,0.0069965017491254375,0.002363693665300977,-0.9527544249897719,0.2588940150106802,-1.4601866944107051,-0.4453221555688387,0.00023314759172426308,0.010914542728635684,0.00034823188990752707,dissociated
Ireland,Administration & Law,Small business,Administration & Law + Small business,18921,6346,19,47.687032427165704,-1.3051708322298123,-2.0473731264862574,-0.7784072117907554,0.32521020812632956,0.001999000499750125,0.0029940119760479044,-0.8591078074341442,0.23154330926212915,-1.3129326935879173,-0.405282921280371,0.0002069690536664368,0.004103211552118677,0.00032287172371964136,dissociated
Ireland,Administration & Law,Academia,Administration & Law + Academia,18921,6346,58,83.76709721487188,-0.5265328042055957,-0.9000521475171107,-0.19975388509119002,0.17728179512070927,0.006496751624187906,0.009139615505830444,-0.5909620849222379,0.13695143387524483,-0.8593868953177177,-0.322537274526758,1.5951510182183223e-05,0.010557221389305345,2.8935297539774218e-05,dissociated
Ireland,Administration & Law,Exploration & Invention,Administration & Law + Exploration & Invention,18921,6346,4,15.214032211219932,-1.804056516261462,-3.4840727163713106,-0.8263123245156527,0.7690671371258431,0.018490754622688656,0.0006303183107469272,-1.3236331223027913,0.4761275625234417,-2.256843144848737,-0.39042309975684564,0.0054359426348141344,0.02575497965303063,0.00683876654057262,dissociated
Ireland,Administration & Law,Culture (core),Administration & Law + Culture (core),18921,6346,55,133.49720950420522,-1.2716432802542073,-1.6803875694229722,-0.9577850818115189,0.18636883974092006,0.0004997501249375312,0.00866687677277025,-1.5682402315317574,0.13919982310517587,-1.841071884817902,-1.2954085782456128,1.929101290643658e-29,0.00139216106232598,8.359438926122517e-29,dissociated
Ireland,Administration & Law,Culture (periphery),Administration & Law + Culture (periphery),18921,6346,13,62.0492049658683,-2.2120321397994243,-3.119758772304146,-1.5732893611896146,0.3971500942760039,0.0004997501249375312,0.0020485345099275133,-1.6979456910548745,0.27557971032069695,-2.2380819232834406,-1.1578094588263084,7.212300462701981e-10,0.00139216106232598,1.875198120302515e-09,dissociated
Ireland,Administration & Law,Sport & Games,Administration & Law + Sport & Games,18921,6346,46,65.90611766224465,-0.5140854397254137,-0.9732710050134112,-0.13132887527748702,0.20958325207769987,0.017491254372813594,0.007248660573589662,-2.6565565934282476,0.150849325210829,-2.9522212708414726,-2.3608919160150226,2.0404192964532988e-69,0.02480577892871746,1.9894088140419662e-68,dissociated
Ireland,Military,Religion,Military + Religion,18921,6346,18,37.07558189455287,-1.022270175113572,-1.7796542578903618,-0.48255837404012547,0.3361699780435734,0.006496751624187906,0.0028364323983611725,-1.5142813298585693,0.23633539636393053,-1.9774987067318732,-1.0510639529852654,1.4807997711388302e-10,0.010557221389305345,3.9828407637527157e-10,dissociated
Ireland,Military,Nobility,Military + Nobility,18921,6346,85,38.382698884335355,1.1367960587731571,0.8392796192827425,1.4009250160075926,0.14187269901198737,0.0004997501249375312,0.013394264103372203,0.7222210188601225,0.11885330286087574,0.48926854525280605,0.9551734924674389,1.2277652943891453e-09,0.00139216106232598,2.992677905073542e-09,associated
Ireland,Military,Kinship,Military + Kinship,18921,6346,34,40.038368410180745,-0.23269166243669814,-0.7734776834593632,0.19832795345043008,0.24166443837171522,0.31984007996002,0.005357705641348881,-0.14754655215977203,0.17739562538312612,-0.4952419779106992,0.20014887359115513,0.4055572618843092,0.35137360897016284,0.4108242393113781,not distinguishable
Ireland,Military,Big business,Military + Big business,18921,6346,18,32.569487860950304,-0.837975432296104,-1.6485613326729525,-0.29033664267836123,0.3389961324998393,0.021989005497251374,0.0028364323983611725,-0.6969082113238662,0.23799654271682982,-1.1633814350488527,-0.2304349875988797,0.0034089963345578646,0.029571421185958745,0.004431695234925224,dissociated
Ireland,Military,Small business,Military + Small business,18921,6346,17,40.78333596481753,-1.2382046326532112,-2.0378635932383244,-0.7112769742068628,0.3464858481573295,0.00399800099950025,0.0026788528206744405,-0.9006512626781211,0.2440013720516671,-1.3788939518993886,-0.4224085734568536,0.00022322229128220696,0.007424858999071892,0.0003413987984316106,dissociated
Ireland,Military,Academia,Military + Academia,18921,6346,42,71.64005589422038,-0.763337699677796,-1.2575034771535905,-0.40510804618162216,0.21690327570580967,0.0024987506246876563,0.006618342262842736,-0.8635645647071504,0.15887645774650397,-1.174962421890298,-0.5521667075240027,5.4659232713717705e-08,0.00487256371814093,1.0398585735780441e-07,dissociated
Ireland,Military,Exploration & Invention,Military + Exploration & Invention,18921,6346,44,13.011482482107066,1.7196193599908114,1.2816848090287198,2.0791379804250902,0.2037461850467916,0.0004997501249375312,0.006933501418216199,1.2311448617334972,0.1661599367360928,0.9054713857307554,1.5568183377362392,1.2687540210615583e-13,0.00139216106232598,3.806262063184675e-13,associated
Ireland,Military,Culture (core),Military + Culture (core),18921,6346,51,114.1706931311185,-1.1548523854457753,-1.586911497628641,-0.8164868512508501,0.19353671000316958,0.0004997501249375312,0.008036558462023322,-1.573872443704144,0.14437914195524398,-1.8568555619364222,-1.2908893254718659,1.1403723711864086e-27,0.00139216106232598,4.235668807263803e-27,dissociated
Ireland,Military,Culture (periphery),Military + Culture (periphery),18921,6346,9,53.06628329908925,-2.4953257794615347,-3.640694705983729,-1.8028582053496292,0.49007296690283103,0.0014992503748125937,0.0014182161991805862,-1.9859332950672601,0.3274054877368474,-2.627648051031481,-1.3442185391030392,1.3140556691544467e-09,0.0034394567422171263,3.105949763455965e-09,dissociated
Ireland,Military,Sport & Games,Military + Sport & Games,18921,6346,73,56.364827122790885,0.3702076787119273,0.04912742072828669,0.6616524959021277,0.1558993793054364,0.02148925537231384,0.011503309171131421,-2.0868648970449235,0.12231808865563851,-2.326608350809975,-1.847121443279872,2.897184088659735e-65,0.02940634945685052,2.5108928768384374e-64,associated
Ireland,Religion,Nobility,Religion + Nobility,18921,6346,22,38.618927576873546,-0.7979418187268321,-1.4333667129429628,-0.29905272970508534,0.29215684762863703,0.011494252873563218,0.0034667507091080997,-1.234570147968769,0.21524674894045062,-1.6564537758920521,-0.8126865200454858,9.716535691687228e-09,0.016602809706257982,2.165399382718868e-08,dissociated
Ireland,Religion,Kinship,Religion + Kinship,18921,6346,43,40.284787023144915,0.0929842825652873,-0.3783390955333495,0.4538812395433996,0.20749405004621538,0.63968015992004,0.006775921840529467,-0.37515484461539983,0.15844974535805295,-0.6857163455171836,-0.06459334371361602,0.01790106332798685,0.6652673663168417,0.02115580211489355,not distinguishable
Ireland,Religion,Big business,Religion + Big business,18921,6346,8,32.76993878695777,-1.968684465459434,-3.2254529886688017,-1.2040222613872051,0.543478223044309,0.004997501249375313,0.0012606366214938543,-1.9687393128344703,0.34616969869401326,-2.6472319222747362,-1.2902467033942044,1.2913263015991804e-08,0.008859206760256236,2.797873653464891e-08,dissociated
Ireland,Religion,Small business,Religion + Small business,18921,6346,17,41.03433952663966,-1.246949691012486,-2.06787024530479,-0.6890986663795557,0.34805144038341235,0.0024987506246876563,0.0026788528206744405,-1.3725948438160822,0.24323109057960085,-1.8493277813520999,-0.8958619062800646,1.669455580769741e-08,0.00487256371814093,3.519392845947022e-08,dissociated
Ireland,Religion,Academia,Religion + Academia,18921,6346,266,72.08096904595712,1.8764723091578466,1.7434904310466415,2.0004115466945493,0.06535951695903483,0.0004997501249375312,0.041916167664670656,0.8066042698573364,0.07266643216086041,0.6641780628220499,0.9490304768926228,1.253112080192307e-28,0.00139216106232598,5.144354855526312e-28,associated
Ireland,Religion,Exploration & Invention,Religion + Exploration & Invention,18921,6346,2,13.091562455221885,-2.442711314591653,-4.838831123061552,-1.2434326719209543,0.9903323428515196,0.011494252873563218,0.0003151591553734636,-2.3156328569958085,0.6357285285786065,-3.5616607730098773,-1.0696049409817396,0.00027001669074490543,0.016602809706257982,0.0003900241088537523,dissociated
Ireland,Religion,Culture (core),Religion + Culture (core),18921,6346,154,114.8733637183489,0.4212966511224222,0.23358290200025217,0.6018674324548428,0.09590942935703411,0.0004997501249375312,0.024267254963756698,-0.8581309540828863,0.08696583996647493,-1.0285840004171771,-0.6876779077485955,5.761135001391246e-23,0.00139216106232598,2.042584227765987e-22,associated
Ireland,Religion,Culture (periphery),Religion + Culture (periphery),18921,6346,26,53.39288301943151,-1.0241024066135693,-1.6370461696209286,-0.5503786661570133,0.27936733661727703,0.0014992503748125937,0.0040970690198550265,-1.4031367817312033,0.19828390811445742,-1.7917732416355399,-1.0145003218268667,1.4794454873961425e-12,0.0034394567422171263,4.121312429174968e-12,dissociated
Ireland,Religion,Sport & Games,Religion + Sport & Games,18921,6346,27,56.71172793496363,-1.0568792993327982,-1.6784720496442933,-0.5964726846954739,0.27239950929303325,0.001999000499750125,0.004254648597541759,-3.6258630188039134,0.19309360331173214,-4.004326481294909,-3.2473995563129185,1.1484895100378466e-78,0.004103211552118677,1.2797454540421718e-77,dissociated
Ireland,Nobility,Kinship,Nobility + Kinship,18921,6346,134,41.70504604153292,1.6721187695925974,1.4440325742604756,1.8683904053797982,0.10387520647577461,0.0004997501249375312,0.02111566341002206,1.5644867901073545,0.10179778291819006,1.3649631355877019,1.764010444627007,2.65957381893424e-53,0.00139216106232598,1.728722982307256e-52,associated
Ireland,Nobility,Big business,Nobility + Big business,18921,6346,8,33.92525831408994,-2.0179327334746295,-3.314115568179649,-1.2695714079648925,0.5324885866758127,0.005497251374312844,0.0012606366214938543,-1.4248657968148521,0.3468148775925784,-2.1046229568963057,-0.7451086367333986,3.9835218944692014e-05,0.009321426243400039,6.754667560186907e-05,dissociated
Ireland,Nobility,Small business,Nobility + Small business,18921,6346,12,42.48102436930302,-1.7817717721245532,-2.7741415368755336,-1.1569713501280772,0.41407688136431964,0.001999000499750125,0.0018909549322407816,-1.1732567065195705,0.2871557647119726,-1.736082005355037,-0.6104314076841041,4.392804835478791e-05,0.004103211552118677,7.290186748241397e-05,dissociated
Ireland,Nobility,Academia,Nobility + Academia,18921,6346,12,74.62221734107285,-2.587311551966925,-3.5960976593698497,-1.9319313743225297,0.4230981586796803,0.0004997501249375312,0.0018909549322407816,-2.0620076510751137,0.2859143337630249,-2.6223997452506427,-1.5016155568995848,5.514521675701258e-13,0.00139216106232598,1.59308403964703e-12,dissociated
Ireland,Nobility,Exploration & Invention,Nobility + Exploration & Invention,18921,6346,5,13.553111615979175,-1.353386081138954,-3.152232184234705,-0.45603851055384015,0.6551595969944601,0.04097951024487756,0.000787897888433659,-0.9729326999296021,0.43179914213983694,-1.8192590185236823,-0.1266063813355217,0.024246122105476577,0.05155486772742661,0.028226828719808552,not distinguishable
Ireland,Nobility,Culture (core),Nobility + Culture (core),18921,6346,36,118.92327791300048,-1.7101157041511375,-2.207111702312992,-1.2976824210197984,0.23275794623744311,0.0004997501249375312,0.005672864796722345,-1.860847764422938,0.16996728807951983,-2.1939836490587967,-1.5277118797870792,6.772877795910376e-28,0.00139216106232598,2.6414223404050464e-27,dissociated
Ireland,Nobility,Culture (periphery),Nobility + Culture (periphery),18921,6346,7,55.275274096304166,-2.8946631975986783,-4.418378063397647,-2.0945971523020885,0.5747688293343209,0.0014992503748125937,0.0011030570438071226,-2.1506713516988167,0.36788369000526006,-2.8717233841091265,-1.429619319288507,5.033424665231199e-09,0.0034394567422171263,1.1547268349648046e-08,dissociated
Ireland,Nobility,Sport & Games,Nobility + Sport & Games,18921,6346,38,58.711126442438015,-0.6210098542874155,-1.1079977375651833,-0.23807109766946224,0.2215831395074571,0.008995502248875561,0.005988023952095809,-2.7000109463671524,0.16543866593508694,-3.024270731599923,-2.375751161134382,7.077085744992846e-60,0.013757826968868505,5.52012688109442e-59,dissociated
Ireland,Kinship,Big business,Kinship + Big business,18921,6346,17,35.38865244685623,-1.0361728315579006,-1.813595964799892,-0.49912734468667747,0.3388483584318993,0.004997501249375313,0.0026788528206744405,-0.5239297003398733,0.24492449627337326,-1.003981713035685,-0.04387768764406169,0.03242369922708954,0.008859206760256236,0.03719189028989683,dissociated
Ireland,Kinship,Small business,Kinship + Small business,18921,6346,40,44.31347856140923,-0.1460108093102407,-0.638190131292564,0.22151000352248942,0.21893762617935747,0.48425787106446777,0.006303183107469272,0.2315979482668721,0.16560539123681467,-0.09298861855728466,0.5561845150910288,0.161965131506409,0.5246126936531734,0.17546222579860976,not distinguishable
Ireland,Kinship,Academia,Kinship + Academia,18921,6346,44,77.84110852886914,-0.8159642065290941,-1.2501928646628342,-0.4620509301862622,0.20496747571968307,0.0009995002498750624,0.006933501418216199,-0.5750226434783586,0.15641240174506266,-0.8815909508986814,-0.2684543360580358,0.00023661910468075558,0.0025987006496751624,0.00034823188990752707,dissociated
Ireland,Kinship,Exploration & Invention,Kinship + Exploration & Invention,18921,6346,6,14.13773631760785,-1.1711808391201604,-2.6101888622503493,-0.3221635561817906,0.6125001477495559,0.06646676661669165,0.0009454774661203908,-0.6483989979842256,0.3983313937611966,-1.4291285297561709,0.13233053378771964,0.10356988038095852,0.08229218723971347,0.11540643813878233,not distinguishable
Ireland,Kinship,Culture (core),Kinship + Culture (core),18921,6346,129,124.05313206284907,0.056190797290717416,-0.16368856283008168,0.2627733837671973,0.10963026283123264,0.6071964017991005,0.020327765521588402,-0.2691701991361671,0.09799815521972167,-0.46124658336682156,-0.07709381490551259,0.006020066824227022,0.6487851964428746,0.007453416068090598,not distinguishable
Ireland,Kinship,Culture (periphery),Kinship + Culture (periphery),18921,6346,23,57.65961885355499,-1.3073570578611824,-1.9377501044094958,-0.8035459356458734,0.2973259185829389,0.0009995002498750624,0.003624330286794831,-0.819969039814348,0.21159726091849992,-1.2346996712146079,-0.40523840841408815,0.00010656335293591968,0.0025987006496751624,0.00017316544852086948,dissociated
Ireland,Kinship,Sport & Games,Kinship + Sport & Games,18921,6346,112,61.24367953808475,0.865561635191195,0.6201279739964697,1.0774447143269477,0.11488287769028584,0.0004997501249375312,0.01764891270091396,-1.3418724266673894,0.10308709673397592,-1.5439231362659822,-1.1398217170687965,9.809714469416964e-39,0.00139216106232598,4.78223580384077e-38,associated
Ireland,Big business,Small business,Big business + Small business,18921,6346,35,36.04710579852982,-0.04193813763609719,-0.567603348981624,0.3735865614273604,0.24102391672932272,0.8760619690154923,0.005515285219035613,0.20198657911974835,0.17619240803395006,-0.14335054062679378,0.5473236988662905,0.2516306156517565,0.8760619690154923,0.26886558932653437,not distinguishable
Ireland,Big business,Academia,Big business + Academia,18921,6346,21,63.32038841695833,-1.5696807292085433,-2.2893546576546258,-1.0218976726075961,0.31614323445098474,0.0004997501249375312,0.003309171131421368,-1.2338483061765049,0.2204727924773891,-1.6659749794321874,-0.8017216329208223,2.1888067521358032e-08,0.00139216106232598,4.492813859647175e-08,dissociated
Ireland,Big business,Exploration & Invention,Big business + Exploration & Invention,18921,6346,16,11.500439444994022,0.4593787875118387,-0.3638322972761079,1.0360569461882432,0.35479211844109876,0.17341329335332334,0.0025212732429877086,0.4447964592343548,0.2563587281152677,-0.05766664787156989,0.9472595663402794,0.08273108717588767,0.19891524825822385,0.09352209854665564,not distinguishable
Ireland,Big business,Culture (core),Big business + Culture (core),18921,6346,48,100.91187876193453,-1.064169998224799,-1.5047946112045032,-0.7183766666729513,0.202404191888694,0.0004997501249375312,0.007563819728963126,-1.277386244694595,0.1499582500272415,-1.5713044147479882,-0.9834680746412017,1.6194139814956665e-17,0.00139216106232598,5.052571622266479e-17,dissociated
Ireland,Big business,Culture (periphery),Big business + Culture (periphery),18921,6346,23,46.90361597852641,-1.012336356242843,-1.6871358378912213,-0.5188861712320045,0.29382268050474,0.0034982508745627187,0.003624330286794831,-0.7059472882649176,0.21195944534728325,-1.1213878011455929,-0.2905067753842424,0.0008666613940007497,0.006655208980875417,0.0012290834314919723,dissociated
Ireland,Big business,Sport & Games,Big business + Sport & Games,18921,6346,234,49.81909494514733,2.2204100439380405,2.083411794214905,2.3592638577139993,0.07027466465556968,0.0004997501249375312,0.03687362117869524,-0.21340635000999086,0.08156962756431559,-0.3732828200360494,-0.05352987998393233,0.008890204014549822,0.00139216106232598,0.010668244817459786,associated
Ireland,Small business,Academia,Small business + Academia,18921,6346,52,79.2894467747459,-0.603880520503998,-1.0327982067075616,-0.25541160332159946,0.1945958396734175,0.005497251374312844,0.008194138039710053,-0.4277844983167799,0.14496175496524533,-0.7119095380486608,-0.14365945858489904,0.003167302263244534,0.009321426243400039,0.00418728095818769,dissociated
Ireland,Small business,Exploration & Invention,Small business + Exploration & Invention,18921,6346,15,14.400787867179734,0.056879601454843075,-0.7598067557113245,0.6474585696940632,0.3633790891731342,0.8735632183908046,0.002363693665300977,0.23218573438935147,0.2634856478817714,-0.28424613545892047,0.7486176042376234,0.3782050989218635,0.8760619690154923,0.393333302878738,not distinguishable
Ireland,Small business,Culture (core),Small business + Culture (core),18921,6346,116,126.36130699872874,-0.122922155961102,-0.36534024340742444,0.08570457080253523,0.11647361611344334,0.2938530734632684,0.018279231011660887,-0.43663284777151906,0.1018864896174486,-0.6363303674217183,-0.23693532812131982,1.8234236190498795e-05,0.33218173521934685,3.2324327792247865e-05,not distinguishable
Ireland,Small business,Culture (periphery),Small business + Culture (periphery),18921,6346,32,58.73245341111153,-0.8659481257284262,-1.4079880684309591,-0.42858528599886536,0.24688517873048485,0.001999000499750125,0.005042546485975417,-0.5088336048243661,0.1815758843840109,-0.8647223382170275,-0.15294487143170477,0.005073663076432471,0.004103211552118677,0.0064876347534710286,dissociated
Ireland,Small business,Sport & Games,Small business + Sport & Games,18921,6346,52,62.38320035259538,-0.2603572206339995,-0.6456917787745658,0.06432456607182181,0.18554405634023133,0.1519240379810095,0.008194138039710053,-2.23924672187911,0.14358218923542224,-2.5206678127805375,-1.9578256309776823,7.801845628523104e-55,0.17686679048535434,5.532217809316383e-54,not distinguishable
Ireland,Academia,Exploration & Invention,Academia + Exploration & Invention,18921,6346,44,25.29644089477031,0.7866333036732637,0.3849708456917275,1.1202214869078797,0.194122832435299,0.0014992503748125937,0.006933501418216199,0.5255639377040536,0.16458450430544525,0.20297830926538096,0.8481495661427263,0.0014066786350995547,0.0034394567422171263,0.001959302384602951,associated
Ireland,Academia,Culture (core),Academia + Culture (core),18921,6346,358,221.9664204042797,0.6883855301391365,0.5667090962697042,0.8066831996717688,0.05940912892874494,0.0004997501249375312,0.05641348881184998,-0.05845364951408298,0.0619041938732058,-0.17978586950556635,0.06287857047740039,0.34503683898464965,0.00139216106232598,0.3636874789297659,associated
Ireland,Academia,Culture (periphery),Academia + Culture (periphery),18921,6346,62,103.16949669851633,-0.7300633688359721,-1.1065788495272146,-0.4134580157885116,0.17610956364097466,0.0004997501249375312,0.009769933816577371,-0.7150282628829766,0.13226315466312139,-0.9742640460226946,-0.4557924797432587,6.441069548309714e-08,0.00139216106232598,1.1961986304003754e-07,dissociated
Ireland,Academia,Sport & Games,Academia + Sport & Games,18921,6346,61,109.582403067166,-0.8399255535492742,-1.2188215515218603,-0.535180941633,0.17554207772963956,0.0004997501249375312,0.00961235423889064,-3.029031631369962,0.1306535329670052,-3.2851125559852923,-2.7729507067546315,6.650430034814503e-119,0.00139216106232598,1.0374670854310624e-117,dissociated
Ireland,Exploration & Invention,Culture (core),Exploration & Invention + Culture (core),18921,6346,30,40.31420906441949,-0.4202622570221484,-0.9660745219690023,-0.0009993744716652964,0.24691498580629312,0.08595702148925537,0.004727387330601954,-0.8210944594325694,0.19207773083034857,-1.1975668118600526,-0.44462210700508625,1.9130637542807207e-05,0.10314842578710645,3.3159771740865825e-05,not distinguishable
Ireland,Exploration & Invention,Culture (periphery),Exploration & Invention + Culture (periphery),18921,6346,18,18.737954377961984,-0.05643013098231893,-0.8150990733270678,0.4801026795326664,0.33506056044364196,0.8655672163918041,0.0028364323983611725,-0.03445861932184843,0.24198540179873593,-0.5087500068473708,0.439832768203674,0.8867643949672175,0.8760619690154923,0.8867643949672175,not distinguishable
Ireland,Exploration & Invention,Sport & Games,Exploration & Invention + Sport & Games,18921,6346,30,19.902685725998378,0.5800501675109042,0.014275061932645591,0.9901077328770161,0.247821820757924,0.025487256371814093,0.004727387330601954,-1.7032200258469852,0.1918169356275606,-2.079181219677004,-1.3272588320169665,6.72196742731953e-19,0.033695016898330495,2.2796237362214062e-18,associated
Ireland,Culture (core),Culture (periphery),Culture (core) + Culture (periphery),18921,6346,591,164.41825457883996,1.842627070985708,1.7609940595442382,1.9204499174689507,0.04058467379142101,0.0004997501249375312,0.0931295304128585,1.401777333297543,0.060340554262642655,1.2835098469427633,1.5200448196523226,2.208999822586706e-119,0.00139216106232598,4.307549654044077e-118,associated
Ireland,Culture (core),Sport & Games,Culture (core) + Sport & Games,18921,6346,163,174.63831870294914,-0.09920413139848604,-0.302961990730644,0.08021536837020934,0.09776352978690725,0.30134932533733133,0.025685471162937283,-3.0162184432532633,0.08155363442714332,-3.176063566730464,-2.8563733197760626,2.0343722482359679e-299,0.3357892482330263,1.586810353624055e-297,not distinguishable
Ireland,Culture (periphery),Sport & Games,Culture (periphery) + Sport & Games,18921,6346,69,81.17150068033878,-0.23281975904147117,-0.5678194833726523,0.06026780896327369,0.1610942140845125,0.14942528735632185,0.010872990860384494,-2.429993149705704,0.12445171792864837,-2.6739185168458546,-2.1860677825655532,6.654465595350598e-85,0.17659352142110765,8.650805273955777e-84,not distinguishable
Portugal,Politics,Administration & Law,Politics + Administration & Law,13041,5319,389,147.9835367668328,1.3913203483823036,1.2940321608190766,1.4898207331670619,0.04951767030515365,0.0004997501249375312,0.0731340477533371,1.519980670575493,0.073222136341633,1.3764652833458924,1.6634960578050937,1.0275379931376068e-95,0.0014992503748125937,2.003699086618333e-94,associated
Portugal,Politics,Military,Politics + Military,13041,5319,260,110.9485042001084,1.2249061188273145,1.0860485423194586,1.34145551387931,0.06448388809576257,0.0004997501249375312,0.048881368678322996,1.1345910622645556,0.08232745451556518,0.9732292514140479,1.2959528731150634,3.2962040440610943e-43,0.0014992503748125937,2.5710391543676532e-42,associated
Portugal,Politics,Religion,Politics + Religion,13041,5319,50,75.82501979498052,-0.595872670732268,-1.0147769686616765,-0.24222513101855622,0.19350933906862883,0.005997001499250375,0.009400263207369806,-0.9972657881787957,0.1482006343482998,-1.2877390315014634,-0.7067925448561281,1.7064527107060225e-11,0.01199400299850075,4.5897693598299915e-11,dissociated
Portugal,Politics,Nobility,Politics + Nobility,13041,5319,122,142.03116753014834,-0.2184956810987329,-0.45506556775422785,-0.005179834165675387,0.11324091737287371,0.05547226386806597,0.022936642225982327,-0.35321025688250773,0.099876262659278,-0.5489677316946926,-0.15745278207032284,0.0004054994851162274,0.07333621324930756,0.000620175683118936,not distinguishable
Portugal,Politics,Kinship,Politics + Kinship,13041,5319,27,84.7940427510841,-1.6330133633095882,-2.2313896648204627,-1.1777374993656837,0.2699360636534716,0.0004997501249375312,0.005076142131979695,-1.258454125581132,0.197919644051375,-1.6463766279218268,-0.870531623240437,2.038535584774501e-10,0.0014992503748125937,4.81835683673973e-10,dissociated
Portugal,Politics,Big business,Politics + Big business,13041,5319,71,56.555052405506046,0.3255885945072535,0.014027131473599649,0.5927483910209214,0.1481883224402363,0.029985007496251874,0.013348373754465124,0.20934783809112556,0.13486259354858013,-0.05498284526409147,0.4736785214463426,0.12058933338733747,0.04497751124437781,0.13437097148874746,associated
Portugal,Politics,Small business,Politics + Small business,13041,5319,122,119.81916025536883,0.025915346079400874,-0.20394992729514114,0.2301130594708605,0.11370262995478263,0.8305847076461769,0.022936642225982327,0.10162214143312354,0.10314698361715814,-0.10054594645650641,0.30379022932275346,0.3245175887209344,0.863808095952024,0.346744820825108,not distinguishable
Portugal,Politics,Academia,Politics + Academia,13041,5319,346,297.73918501026816,0.21638552966394503,0.09927831506904859,0.3289547855139607,0.05862145245607114,0.0009995002498750624,0.06504982139499906,0.11787635159005067,0.06471826388028878,-0.008971445615315349,0.24472414879541668,0.06854958235901669,0.0025987006496751624,0.07863040329416619,associated
Portugal,Politics,Exploration & Invention,Politics + Exploration & Invention,13041,5319,161,81.19710976642261,0.9831772193720214,0.8034717663636033,1.149131779705901,0.08684289047023734,0.0004997501249375312,0.030268847527730777,0.908886785015157,0.09948208159628781,0.7139019050864328,1.1038716649438811,6.46938188086918e-20,0.0014992503748125937,2.4029132700371237e-19,associated
Portugal,Politics,Culture (core),Politics + Culture (core),13041,5319,150,442.44745295032493,-1.5573720744037791,-1.7779013922495204,-1.3540560964535922,0.10731517745572584,0.0004997501249375312,0.02820078962210942,-2.033862872492586,0.08672086446868932,-2.203835766851217,-1.8638899781339546,1.2324638537414627e-121,0.0014992503748125937,3.204406019727803e-120,dissociated
Portugal,Politics,Culture (periphery),Politics + Culture (periphery),13041,5319,109,207.60614248045974,-0.9263886785976637,-1.1808197383665624,-0.6948604075397019,0.1254522661336354,0.0004997501249375312,0.020492573792066177,-0.9477554888838093,0.10250598437514213,-1.1486672182590878,-0.7468437595085308,2.333669542914287e-20,0.0014992503748125937,9.101311217365719e-20,dissociated
Portugal,Politics,Sport & Games,Politics + Sport & Games,13041,5319,13,53.05362610471246,-1.9880248555831812,-2.9984948813810717,-1.3635583420846884,0.40424885890524165,0.0009995002498750624,0.0024440684339161497,-4.582010636993805,0.2737031153126146,-5.118468743006529,-4.04555253098108,6.608772110986902e-63,0.0025987006496751624,1.0309684493139566e-61,dissociated
Portugal,Administration & Law,Military,Administration & Law + Military,13041,5319,27,39.74840083733854,-0.5494998440961941,-1.1544527435122622,-0.11231994005135329,0.2711026587323994,0.0384807596201899,0.005076142131979695,-0.5350291758191973,0.19795136057261206,-0.9230138425415169,-0.14704450909687766,0.006875158625412583,0.055583319451385414,0.008649393109390023,not distinguishable
Portugal,Administration & Law,Religion,Administration & Law + Religion,13041,5319,15,27.16506456791934,-0.8357970754132805,-1.6945617933059929,-0.24563078596011106,0.37045780264858746,0.027486256871564217,0.0028200789622109417,-1.1148040406738664,0.259482816638234,-1.623390361284805,-0.6062177200629277,1.7370868254848543e-05,0.04203780462709821,3.1509947066934566e-05,dissociated
Portugal,Administration & Law,Nobility,Administration & Law + Nobility,13041,5319,30,50.88407292270644,-0.7525120063118709,-1.3179529417490348,-0.31202836933537065,0.25625992100681466,0.005997001499250375,0.0056401579244218835,-0.7511824126200703,0.18766281016994893,-1.1190015205531703,-0.38336330468697044,6.258915524714521e-05,0.01199400299850075,0.00010387136402717716,dissociated
Portugal,Administration & Law,Kinship,Administration & Law + Kinship,13041,5319,10,30.37830590135363,-1.556204275272886,-2.6772345579632617,-0.8488608304513896,0.4632372768786994,0.004997501249375313,0.0018800526414739613,-1.1368343891080972,0.3141660140033727,-1.7525997765547077,-0.5210690016614867,0.0002962256293229807,0.010827919373646511,0.0004621119817438499,dissociated
Portugal,Administration & Law,Big business,Administration & Law + Big business,13041,5319,11,20.26140783598365,-0.8522704153357048,-1.950761462203736,-0.1696070210392063,0.450806340630099,0.05747126436781609,0.0020680579056213573,-0.7180258981027365,0.30204626950087554,-1.3100365863244527,-0.12601520988102044,0.01744439084053299,0.07471264367816091,0.02126035133689958,not distinguishable
Portugal,Administration & Law,Small business,Administration & Law + Small business,13041,5319,27,42.92640125398869,-0.6591407829653745,-1.2516906641581744,-0.20528178445524664,0.2703638265664773,0.01999000499750125,0.005076142131979695,-0.46548834038014736,0.19821171445032335,-0.8539833007027811,-0.0769933800575136,0.018852230741117186,0.033174901910746755,0.022622676889340623,dissociated
Portugal,Administration & Law,Academia,Administration & Law + Academia,13041,5319,84,106.66801284157441,-0.3428511126356397,-0.6511876665759988,-0.08768855027428414,0.1412671880793137,0.022488755622188907,0.015792442188381276,-0.4043906290122784,0.11753340960608394,-0.634756111840203,-0.17402514618435388,0.0005803313852983596,0.03579842731695377,0.000854072604778718,dissociated
Portugal,Administration & Law,Exploration & Invention,Administration & Law + Exploration & Invention,13041,5319,14,29.089669023460242,-1.029040659053264,-1.9388907105473947,-0.43842774595285644,0.3817297715567153,0.017991004497751123,0.0026320736980635457,-0.8273020051234283,0.26906486710419264,-1.3546691446476458,-0.2999348655992108,0.002106927077657717,0.031184407796101946,0.002934648429594677,dissociated
Portugal,Administration & Law,Culture (core),Administration & Law + Culture (core),13041,5319,93,158.51118350914925,-0.7660899659992173,-1.0472479529560004,-0.5145365300572703,0.13304783000107268,0.0004997501249375312,0.01748448956570784,-1.3031186602821232,0.11134937779714536,-1.521363440764528,-1.0848738797997184,1.2306631194956852e-31,0.0014992503748125937,5.999482707541465e-31,dissociated
Portugal,Administration & Law,Culture (periphery),Administration & Law + Culture (periphery),13041,5319,32,74.37695737405774,-1.2040820940432821,-1.7509431635819732,-0.8104934796418716,0.24244672502305517,0.0004997501249375312,0.006016168452716676,-1.1065524975649264,0.18124177217311385,-1.4617863710242296,-0.7513186241056232,1.0254714909923971e-09,0.0014992503748125937,2.2218548971501937e-09,dissociated
Portugal,Administration & Law,Sport & Games,Administration & Law + Sport & Games,13041,5319,15,19.00698717380579,-0.331722757472828,-1.2102576005593189,0.27046340834555044,0.3685322573819513,0.3468265867066467,0.0028200789622109417,-3.2460341531521446,0.2570787840195957,-3.749908569830552,-2.742159736473737,1.5062431220154073e-36,0.3920648371466441,1.0680633047018342e-35,not distinguishable
Portugal,Military,Religion,Military + Religion,13041,5319,7,20.366612031031806,-1.476233878271684,-2.9280899437180263,-0.6900123550993241,0.5569526141469978,0.0239880059970015,0.0013160368490317729,-1.632532010869905,0.3693296514680379,-2.3564181277472596,-0.9086458939925508,9.85835453101092e-06,0.03742128935532234,1.8308372700448853e-05,dissociated
Portugal,Military,Nobility,Military + Nobility,13041,5319,68,38.14959354079198,0.825650745973938,0.49004770847699863,1.0942342662197593,0.15553026553862434,0.0004997501249375312,0.012784357962022937,0.40221575040457563,0.132198901553635,0.143105903359451,0.6613255974497003,0.002346183238727349,0.0014992503748125937,0.00315521194173678,associated
Portugal,Military,Kinship,Military + Kinship,13041,5319,19,22.7756929826529,-0.25534999752577786,-0.9997545055732311,0.2792738559238164,0.32807374041189136,0.4172913543228386,0.0035721000188005266,-0.25252664571463523,0.23472548734995022,-0.7125886009205377,0.2075353094912672,0.2819996248971436,0.45843275545325934,0.3098024048165803,not distinguishable
Portugal,Military,Big business,Military + Big business,13041,5319,4,15.190695813228963,-1.8019124243384665,-3.4800764329936515,-0.8213528279518403,0.769538154035646,0.01899050474762619,0.0007520210565895845,-1.456597995626599,0.47614036808764054,-2.3898331170783744,-0.5233628741748236,0.002219454590823152,0.03220129065901832,0.003037148387442208,dissociated
Portugal,Military,Small business,Military + Small business,13041,5319,20,32.18344495528463,-0.672936147130073,-1.3652091125597299,-0.1787599958651884,0.315888058884158,0.031484257871064465,0.0037601052829479226,-0.5452592394482452,0.2279741053430907,-0.9920884859207029,-0.09842999297578742,0.016767824319099265,0.04633532290458544,0.020760163442694327,dissociated
Portugal,Military,Academia,Military + Academia,13041,5319,32,79.97279109106351,-1.3080613533667043,-1.875138251635622,-0.8892713447972524,0.2512980346155345,0.0004997501249375312,0.006016168452716676,-1.2206738745442314,0.18153520206309356,-1.5764828705878948,-0.8648648785005679,1.7659405540004813e-11,0.0014992503748125937,4.5914454404012516e-11,dissociated
Portugal,Military,Exploration & Invention,Military + Exploration & Invention,13041,5319,54,21.809556227287736,1.2885944135311236,0.8992223105035047,1.607677682996341,0.17864791638274988,0.0004997501249375312,0.01015228426395939,0.8837750524984948,0.14955314490161412,0.5906508884913311,1.1768992165056584,3.432766371853988e-09,0.0014992503748125937,7.236642621746246e-09,associated
Portugal,Military,Culture (core),Military + Culture (core),13041,5319,51,118.84145421553835,-1.212450924425708,-1.635125389008438,-0.8838143285038087,0.18560386431843126,0.0004997501249375312,0.009588268471517203,-1.7201365385027183,0.14618676186979257,-2.006662591767512,-1.4336104852379248,5.794359154460589e-32,0.0014992503748125937,3.461465716504856e-31,dissociated
Portugal,Military,Culture (periphery),Military + Culture (periphery),13041,5319,12,55.763041943030736,-2.1702594612754718,-3.1383419497534626,-1.5212221781933564,0.4162924962058361,0.0009995002498750624,0.0022560631697687537,-1.8703270064893889,0.2869288828238201,-2.4327076168240764,-1.3079463961547013,7.10451497580284e-11,0.0025987006496751624,1.7875876390729727e-10,dissociated
Portugal,Military,Sport & Games,Military + Sport & Games,13041,5319,16,14.250212167905408,0.1617303180384072,-0.6840664757639601,0.7023672860959465,0.35698439293298084,0.6521739130434783,0.003008084226358338,-2.943166344308217,0.24994489940322154,-3.433058347138531,-2.4532743414779032,5.235500612902945e-32,0.6968433591423466,3.403075398386914e-31,not distinguishable
Portugal,Religion,Nobility,Religion + Nobility,13041,5319,36,26.072399139187194,0.4579679738401331,-0.02300586574979262,0.8376201441377392,0.22594686010052664,0.044977511244377814,0.00676818950930626,-0.2894186032183598,0.17376604094124026,-0.6300000434631907,0.051162837026471064,0.09580012472071718,0.06154817328178017,0.10829579316254985,not distinguishable
Portugal,Religion,Kinship,Religion + Kinship,13041,5319,21,15.565485841424868,0.42037204934989725,-0.24340755168044442,0.9273355545168677,0.3072874664023402,0.1519240379810095,0.003948110547095319,-0.1199033213663673,0.224453805881231,-0.5598327808935801,0.32002613816084546,0.5932028662791371,0.18230884557721141,0.6088134680233249,not distinguishable
Portugal,Religion,Big business,Religion + Big business,13041,5319,1,10.381706531709046,-2.8588704202186865,-4.576632579645027,-1.3931999998893858,1.0353815087602949,0.0004997501249375312,0.00018800526414739614,-2.54206102296386,0.8192430190264824,-4.147777340255765,-0.9363447056719545,0.0019160920229703447,0.0014992503748125937,0.0027173668689397614,dissociated
Portugal,Religion,Small business,Religion + Small business,13041,5319,15,21.994981981944907,-0.5373349958464685,-1.3786216467024979,0.07603927142167557,0.3662664199015963,0.1329335332333833,0.0028200789622109417,-0.8136130696755579,0.2602356236190778,-1.3236748919689503,-0.30355124738216543,0.0017693196560962191,0.16458437447942695,0.0025556839476945387,not distinguishable
Portugal,Religion,Academia,Religion + Academia,13041,5319,128,54.65543236709817,1.220193467617562,1.008331800393543,1.4036973269544086,0.10018486692791471,0.0004997501249375312,0.024064673810866705,0.4098537259993222,0.1015812539102532,0.2107544683352259,0.6089529836634184,5.466330207545528e-05,0.0014992503748125937,9.268994699751114e-05,associated
Portugal,Religion,Exploration & Invention,Religion + Exploration & Invention,13041,5319,13,14.905203495769323,-0.19045833257588637,-1.115776151050868,0.4259504789737687,0.4043118357714165,0.6166916541729135,0.0024440684339161497,-0.6430429053717539,0.2789753223743719,-1.1898345372255228,-0.09625127351798501,0.021165612361558988,0.6680826253539895,0.025013905518206078,not distinguishable
Portugal,Religion,Culture (core),Religion + Culture (core),13041,5319,91,81.2192618848183,0.16309557016158227,-0.10155794330454938,0.4026507515650002,0.132040901157395,0.2143928035982009,0.017108479037413048,-1.034137287429924,0.11419085029446271,-1.2579513540070708,-0.8103232208527771,1.3505142931934344e-19,0.24959162209939806,4.788187039503994e-19,not distinguishable
Portugal,Religion,Culture (periphery),Religion + Culture (periphery),13041,5319,16,38.10987619564955,-1.2265039037478458,-2.0208386802603884,-0.659844970893952,0.3543945637063383,0.005497251374312844,0.003008084226358338,-1.5561006099490784,0.25096639491381284,-2.0479947439801514,-1.0642064759180052,5.630760961945421e-10,0.011588800194497345,1.2548553000906938e-09,dissociated
Portugal,Religion,Sport & Games,Religion + Sport & Games,13041,5319,3,9.738956171642052,-1.5486418175861207,-4.295250793955603,-0.4309636769870066,0.8392949186303632,0.04247876061969016,0.0005640157924421884,-4.490592403676327,0.5362730305816886,-5.541687543616437,-3.439497263736218,5.583420776890034e-17,0.06024260596974241,1.8146117524892612e-16,not distinguishable
Portugal,Nobility,Kinship,Nobility + Kinship,13041,5319,241,29.156393670706528,3.0256081126466547,2.898966794649039,3.1538099902965087,0.06391558319248578,0.0004997501249375312,0.045309268659522464,2.925128093463339,0.10054540254230943,2.7280591044804123,3.1221970824462653,4.4523029777989115e-186,0.0014992503748125937,3.472796322683151e-184,associated
Portugal,Nobility,Big business,Nobility + Big business,13041,5319,19,19.446429471972436,-0.03265639469843796,-0.7712023954518409,0.4945467057637408,0.327090056982987,0.912543728135932,0.0035721000188005266,-0.24464330449907196,0.23568423629291144,-0.7065844076331784,0.21729779863503446,0.2992639962598086,0.9243949453844507,0.3242026626147927,not distinguishable
Portugal,Nobility,Small business,Nobility + Small business,13041,5319,89,41.19976465745693,1.1018484408766887,0.8196507995371833,1.3424585288220878,0.13238134273852564,0.0004997501249375312,0.016732468509118255,0.807606864576914,0.11943311369254722,0.5735179617395214,1.0416957674143066,1.3609852546404746e-11,0.0014992503748125937,3.791316066498465e-11,associated
Portugal,Nobility,Academia,Nobility + Academia,13041,5319,22,102.37748558395884,-2.192930380921419,-2.8937908908422196,-1.67698927108302,0.30324758310926975,0.0004997501249375312,0.004136115811242715,-1.9370279732156812,0.21496714334637218,-2.3583635741745708,-1.5156923722567917,2.0454108683965694e-19,0.0014992503748125937,6.936610771084018e-19,dissociated
Portugal,Nobility,Exploration & Invention,Nobility + Exploration & Invention,13041,5319,17,27.919589872876063,-0.6995308129369812,-1.468226729375171,-0.12295019134538954,0.3426351207992921,0.04447776111944028,0.003196089490505734,-0.7180371741693137,0.24596011227005576,-1.200118994218623,-0.2359553541200044,0.003507918037358007,0.06154817328178017,0.00456029344856541,not distinguishable
Portugal,Nobility,Culture (core),Nobility + Culture (core),13041,5319,65,152.13535878564002,-1.2205223970391113,-1.5709519546365414,-0.9244061530350955,0.1697891314763952,0.0004997501249375312,0.012220342169580749,-1.8025033885321593,0.12967600515452868,-2.0566683586350356,-1.548338418429283,6.329417953989115e-44,0.0014992503748125937,5.485495560123899e-43,dissociated
Portugal,Nobility,Culture (periphery),Nobility + Culture (periphery),13041,5319,1,71.38527922752786,-5.582661957879082,-7.249227969434433,-4.284969048181491,1.022593910180267,0.0004997501249375312,0.00018800526414739614,-4.333916600198911,0.817674954651043,-5.936559511314956,-2.731273689082867,1.1561716845478744e-07,0.0014992503748125937,2.373194510387742e-07,dissociated
Portugal,Nobility,Sport & Games,Nobility + Sport & Games,13041,5319,9,18.242465604668816,-0.9803113360228292,-2.0939399370724527,-0.28545161801494934,0.48254305119869567,0.04697651174412794,0.001692047377326565,-3.8359543042128506,0.3267030265854996,-4.47629223632043,-3.1956163721052713,7.817183395206181e-32,0.0631753088972755,4.064935365507214e-31,not distinguishable
Portugal,Kinship,Big business,Kinship + Big business,13041,5319,11,11.60971497085215,-0.07453104721705453,-1.0842269505340525,0.5887495654674806,0.4307035288341625,0.8455772113943029,0.0020680579056213573,-0.07829743244408999,0.3036894669362874,-0.6735287876392133,0.5169339227510332,0.7965452843399923,0.8678292432731002,0.7965452843399923,not distinguishable
Portugal,Kinship,Small business,Kinship + Small business,13041,5319,3,24.596675972247137,-2.842069466251858,-5.62197089117201,-1.7704424144821338,0.8559909436248486,0.013493253373313344,0.0005640157924421884,-1.9632590667902254,0.5380633877012507,-3.017863306684677,-0.9086548268957739,0.00026351885117189644,0.02391985825269184,0.00041947898757975353,dissociated
Portugal,Kinship,Academia,Kinship + Academia,13041,5319,13,61.12039378618798,-2.190448494698128,-3.172012526493601,-1.5418314900125376,0.40667191520333795,0.0004997501249375312,0.0024440684339161497,-1.7280384642170097,0.2773485305898879,-2.27164158417319,-1.1844353442608293,4.6475148690465654e-10,0.0014992503748125937,1.0661945876048003e-09,dissociated
Portugal,Kinship,Exploration & Invention,Kinship + Exploration & Invention,13041,5319,13,16.6682773819406,-0.34678588324581694,-1.3010467449934144,0.25697423627010807,0.40433627350697415,0.36031984007996004,0.0024440684339161497,-0.260103284159992,0.28017941293247656,-0.809254933507646,0.289048365187662,0.35322840332605154,0.40149925037481266,0.37232183053286516,not distinguishable
Portugal,Kinship,Culture (core),Kinship + Culture (core),13041,5319,59,90.82634706979238,-0.6181414601730238,-0.9730196548941635,-0.3006615879568554,0.1750233872374237,0.0009995002498750624,0.011092310584696372,-1.1070857118826287,0.1401044143831871,-1.3816903640736755,-0.8324810596915819,2.747680996735198e-15,0.0025987006496751624,8.572764709813819e-15,dissociated
Portugal,Kinship,Culture (periphery),Kinship + Culture (periphery),13041,5319,10,42.617733303728706,-2.037892009813489,-3.1456959771662216,-1.3492278421716062,0.4590374915774148,0.001999000499750125,0.0018800526414739613,-1.6400773187713023,0.31347155708084234,-2.2544815706497534,-1.0256730668928513,1.6770273689311958e-07,0.004724910272136659,3.3540547378623917e-07,dissociated
Portugal,Kinship,Sport & Games,Kinship + Sport & Games,13041,5319,14,10.890936371688456,0.3481665541366148,-0.48843484666915915,0.9592015094257955,0.36922491705253646,0.3258370814592704,0.0026320736980635457,-2.658018818030431,0.26747005305212884,-3.182260122012604,-2.1337775140482584,2.85535411386679e-23,0.3737542993209278,1.1721980046400508e-22,not distinguishable
Portugal,Big business,Small business,Big business + Small business,13041,5319,28,16.405236187348827,0.7534917466464124,0.1949475134993904,1.1778579865579322,0.25230114560113825,0.0069965017491254375,0.0052641473961270915,0.569659303785105,0.1998868096157561,0.17788115693822304,0.9614374506319869,0.004373167994628775,0.013310417961750833,0.005591919730836795,associated
Portugal,Big business,Academia,Big business + Academia,13041,5319,22,40.76544721154758,-0.8750092741295215,-1.5501280981611443,-0.3985333657138823,0.29813145064644664,0.00849575212393803,0.004136115811242715,-0.856931871387321,0.21953313313539732,-1.2872168123326997,-0.42664693044194224,9.483960730830853e-05,0.01577782537302777,0.00015411436187600137,dissociated
Portugal,Big business,Exploration & Invention,Big business + Exploration & Invention,13041,5319,11,11.117235011572905,-0.014632876267778107,-1.0296624081767942,0.6173125538132965,0.4187838187253357,0.9630184907546226,0.0020680579056213573,-0.10522558689387575,0.30359720634223225,-0.700276111324651,0.4898249375368995,0.7288948277229341,0.9630184907546226,0.7383609943167385,not distinguishable
Portugal,Big business,Culture (core),Big business + Culture (core),13041,5319,47,60.57841626223342,-0.3627351406976577,-0.7978462887543598,-0.03202338361080394,0.1951234910052081,0.062468765617191405,0.008836247414927619,-1.005732706896669,0.1574365674101056,-1.314308379020476,-0.6971570347728622,1.6787463011324672e-10,0.07987809374001524,4.0919441090103886e-10,not distinguishable
Portugal,Big business,Culture (periphery),Big business + Culture (periphery),13041,5319,11,28.42473435865802,-1.3306698486831998,-2.433116930134234,-0.6347758300325261,0.4470710958694952,0.010994502748625687,0.0020680579056213573,-1.221252388749355,0.30132233124672625,-1.8118441579929385,-0.6306606195057715,5.0570039954767026e-05,0.01994351661378613,8.765473592159619e-05,dissociated
Portugal,Big business,Sport & Games,Big business + Sport & Games,13041,5319,62,7.263923941614374,3.0089982997368927,2.6813609280090454,3.2765708232511477,0.15190870703453818,0.0004997501249375312,0.01165632637713856,-0.6918165960712324,0.14110402481295828,-0.9683804847046306,-0.41525270743783416,9.443999510080384e-07,0.0014992503748125937,1.7966633214299265e-06,associated
Portugal,Small business,Academia,Small business + Academia,13041,5319,84,86.36684866455288,-0.03985435932331993,-0.33781721182691365,0.2079113248924806,0.14171173128895329,0.7781109445277361,0.015792442188381276,-0.07140690311931239,0.1195543022342608,-0.3057333354984636,0.1629195292598388,0.5503231939370745,0.8201709955832893,0.5723361216945575,not distinguishable
Portugal,Small business,Exploration & Invention,Small business + Exploration & Invention,13041,5319,37,23.553293769356767,0.6406561307463474,0.17484270450395384,1.0063520523924565,0.21641848469431377,0.006496751624187906,0.006956194773453657,0.5132260826803637,0.17509710107443832,0.17003576457446462,0.8564164007862629,0.0033777043253432255,0.012668665667166415,0.004465439616555451,associated
Portugal,Small business,Culture (core),Small business + Culture (core),13041,5319,114,128.3431746132433,-0.1702685150302261,-0.40846351254613844,0.04274329572821856,0.11595052565897286,0.13993003498250875,0.02143260011280316,-0.7114861449754782,0.10489101100519577,-0.917072526545662,-0.5058997634052945,1.1762471527827362e-11,0.17053973013493254,3.398047330261238e-11,not distinguishable
Portugal,Small business,Culture (periphery),Small business + Culture (periphery),13041,5319,33,60.22145955972542,-0.8580453736129793,-1.359521352628287,-0.4365216985510225,0.23792609092380496,0.001999000499750125,0.006204173716864072,-0.7646707224725278,0.1798436137124832,-1.1171642053489947,-0.41217723959606073,2.119978791818195e-05,0.004724910272136659,3.758144221859528e-05,dissociated
Portugal,Small business,Sport & Games,Small business + Sport & Games,13041,5319,41,15.38955813536418,1.385032330387503,0.9360495644123049,1.7322256394801694,0.2069998790226976,0.0004997501249375312,0.007708215830043242,-1.90109412837498,0.16164640992331547,-2.217921091824678,-1.5842671649252817,6.212887183470254e-32,0.0014992503748125937,3.461465716504856e-31,associated
Portugal,Academia,Exploration & Invention,Academia + Exploration & Invention,13041,5319,40,58.52768852869243,-0.5434699402512934,-1.053547172416241,-0.19315329927001093,0.21776176845573517,0.020989505247376312,0.007520210565895845,-0.5793736841198497,0.16620138746995955,-0.9051284035609704,-0.25361896467872896,0.0004903490067145108,0.0341079460269865,0.0007355235100717663,dissociated
Portugal,Academia,Culture (core),Academia + Culture (core),13041,5319,510,318.9205476781445,0.676453839713136,0.5901996823283364,0.7613558364415081,0.04441859625655015,0.0004997501249375312,0.09588268471517203,-0.10235374869956215,0.05610366908366653,-0.21231694010354854,0.007609442704424235,0.0680964290963185,0.0014992503748125937,0.07863040329416619,associated
Portugal,Academia,Culture (periphery),Academia + Culture (periphery),13041,5319,98,149.64458314702676,-0.6081567972088106,-0.8850939379250614,-0.3684335813161479,0.13594086490565704,0.0004997501249375312,0.01842451588644482,-0.7739775029816194,0.1078880868374648,-0.9854381531830504,-0.5625168527801884,7.289502560383174e-13,0.0014992503748125937,2.1868507681149522e-12,dissociated
Portugal,Academia,Sport & Games,Academia + Sport & Games,13041,5319,16,38.24158412666024,-1.231416921853955,-2.032056405796841,-0.6562560250920879,0.3492113158828193,0.0024987506246876563,0.003008084226358338,-4.0753217556066925,0.24809919904784666,-4.561596185740472,-3.589047325472913,1.2424604552910491e-60,0.00556864424930392,1.615198591878364e-59,dissociated
Portugal,Exploration & Invention,Culture (core),Exploration & Invention + Culture (core),13041,5319,26,86.9735258921222,-1.7228540876310203,-2.3265796819583717,-1.2718598391755103,0.27349119724868337,0.0004997501249375312,0.0048881368678322995,-2.0341321427098498,0.20078308403540285,-2.427666987419239,-1.6405972980004602,4.025379605265471e-24,0.0014992503748125937,1.7443311622817044e-23,dissociated
Portugal,Exploration & Invention,Culture (periphery),Exploration & Invention + Culture (periphery),13041,5319,13,40.809904290295705,-1.61352831038402,-2.4774105218313927,-0.9850590949249648,0.3930820668992317,0.0024987506246876563,0.0024440684339161497,-1.4067874005471215,0.2775968228738773,-1.950877173379921,-0.8626976277143219,4.025753124753122e-07,0.00556864424930392,7.850218593268587e-07,dissociated
Portugal,Exploration & Invention,Sport & Games,Exploration & Invention + Sport & Games,13041,5319,24,10.428946743665033,1.1646273784933876,0.5618411440952353,1.6152948081193919,0.2758465870573047,0.001999000499750125,0.0045121263395375075,-2.1355848056030764,0.20828353126333612,-2.543820526879215,-1.7273490843269377,1.144203319301586e-24,0.004724910272136659,5.249874053266101e-24,associated
Portugal,Culture (core),Culture (periphery),Culture (core) + Culture (periphery),13041,5319,664,222.3753808519753,1.576031936355446,1.5017182285647115,1.651224445699902,0.03754796888410669,0.0004997501249375312,0.12483549539387102,0.9414745184360882,0.058393346977884016,0.8270235583594355,1.0559254785127408,1.7592970206035297e-58,0.0014992503748125937,1.960359537243933e-57,associated
Portugal,Culture (core),Sport & Games,Culture (core) + Sport & Games,13041,5319,48,56.82789617712859,-0.24125258859154264,-0.6376035841481182,0.0813190162330538,0.18923221948838512,0.19790104947526238,0.009024252679075015,-4.083898558523129,0.14603078745355816,-4.370118901932103,-3.797678215114155,4.2110167356829046e-172,0.23388305847076463,1.6422965269163327e-170,not distinguishable
Portugal,Culture (periphery),Sport & Games,Culture (periphery) + Sport & Games,13041,5319,19,26.66490728321203,-0.47826999896740907,-1.2318946830155788,0.03668093095101803,0.3212231597487373,0.12643678160919541,0.0035721000188005266,-3.535943715182478,0.22895779215330303,-3.984700987802952,-3.0871864425620044,8.325417191919911e-54,0.15906562847608455,8.117281762121913e-53,not distinguishable
Japan,Politics,Administration & Law,Politics + Administration & Law,33023,9836,269,29.117011283745786,3.185787305350066,3.0762424520462983,3.2994046232163887,0.05715855468603548,0.0004997501249375312,0.027348515656771044,2.5636636957816163,0.08716085405723019,2.3928284218294453,2.7344989697337874,3.7434111497038126e-190,0.0010535272904088496,4.866434494614956e-189,associated
Japan,Politics,Military,Politics + Military,33023,9836,139,132.93808014119148,0.0640946849840943,-0.15713449222505144,0.2684289863202458,0.10915806554178939,0.5637181409295352,0.014131760878405857,-0.187879541950867,0.09009476093589676,-0.36446527338522466,-0.01129381051650935,0.03703710674299659,0.6023289725000514,0.04735892337629072,not distinguishable
Japan,Politics,Religion,Politics + Religion,33023,9836,26,19.78409743984404,0.38564324978781017,-0.1855110891313562,0.8460505580201981,0.27079844911879514,0.15342328835582209,0.0026433509556730377,-0.24686176711348268,0.20126545803626103,-0.6413420648645543,0.14761853063758895,0.21999248253584613,0.1930163950282923,0.2589885091338903,not distinguishable
Japan,Politics,Nobility,Politics + Nobility,33023,9836,180,128.34907644004392,0.48631664077749664,0.2844063468692223,0.6640125064417716,0.09616523272388576,0.0004997501249375312,0.018300122000813338,0.23991540289163232,0.08104625732562212,0.08106473853341298,0.39876606724985164,0.003074114101893847,0.0010535272904088496,0.004359652726322183,associated
Japan,Politics,Kinship,Politics + Kinship,33023,9836,50,68.17153157182639,-0.4434287523403688,-0.8841016774582768,-0.0920054913583558,0.19947798853966855,0.031484257871064465,0.005083367222448149,-0.4425426731063742,0.1458421102845753,-0.7283932092641417,-0.15669213694860662,0.002410180732657479,0.04465040207169142,0.0034813721693941362,dissociated
Japan,Politics,Big business,Politics + Big business,33023,9836,114,45.08775141176504,1.3286294423113365,1.0867595257105755,1.5379723949535902,0.11614443623005513,0.0004997501249375312,0.011590077267181781,0.7081642487751006,0.1027645682171469,0.5067456950694927,0.9095828024807086,5.534998001568371e-12,0.0010535272904088496,1.1992495670064805e-11,associated
Japan,Politics,Small business,Politics + Small business,33023,9836,36,37.42754339681936,-0.055349465931033015,-0.5454855598248818,0.36463055203841643,0.23517598826738692,0.8210894552723638,0.0036600244001626678,-0.20989819389483064,0.17204755621477597,-0.5471114040757915,0.12731501628613026,0.22246448861500834,0.8654726690708698,0.2589885091338903,not distinguishable
Japan,Politics,Academia,Politics + Academia,33023,9836,188,104.1877611269698,0.8484717344583566,0.6632517003084588,1.0166770453597267,0.09279699373065285,0.0004997501249375312,0.01911346075640504,-0.019315585385060525,0.07874722501477935,-0.17366014641402805,0.13502897564390698,0.806235054500261,0.0010535272904088496,0.806235054500261,associated
Japan,Politics,Exploration & Invention,Politics + Exploration & Invention,33023,9836,15,30.985034469165427,-1.0223980312853076,-1.8962684500323839,-0.39411086785867533,0.37908863409210064,0.01249375312343828,0.0015250101667344449,-0.9465112715650905,0.2587486515875933,-1.4536586286767734,-0.4393639144534076,0.00025415769520750937,0.02073431369421672,0.00040457755563644347,dissociated
Japan,Politics,Culture (core),Politics + Culture (core),33023,9836,128,430.0707301746901,-1.7444818902599788,-1.998183585548703,-1.5301444817424121,0.11956933745591515,0.0004997501249375312,0.013013420089467263,-2.4503798236025536,0.09142674515913565,-2.6295762441144594,-2.2711834030906477,3.098354556025128e-158,0.0010535272904088496,2.4167165536996e-157,dissociated
Japan,Politics,Culture (periphery),Politics + Culture (periphery),33023,9836,111,231.08601045979228,-1.0545043961614422,-1.3228667048598852,-0.8198749851197951,0.12834640800859856,0.0004997501249375312,0.011285075233834893,-0.8773297941224328,0.09875948897933987,-1.070898392521939,-0.6837611957229267,6.478972428000715e-19,0.0010535272904088496,1.5792495293251742e-18,dissociated
Japan,Politics,Sport & Games,Politics + Sport & Games,33023,9836,124,122.79537210769132,0.014027093100744684,-0.23287097898365508,0.22575086161450014,0.11872092068784455,0.9075462268865567,0.012606750711671411,-2.707386138403394,0.09275501258518046,-2.889185963070348,-2.5255863137364405,2.7084501657267053e-187,0.919332541521447,3.017987327524043e-186,not distinguishable
Japan,Administration & Law,Military,Administration & Law + Military,33023,9836,24,41.02474057799255,-0.761189405883039,-1.420914246209443,-0.2516373207526275,0.2931873175419885,0.013493253373313344,0.0024400162667751117,-0.49059401060144503,0.20771730933289612,-0.8977199368939215,-0.08346808430896863,0.018184733969394424,0.021926536731634184,0.02404083473919941,dissociated
Japan,Administration & Law,Religion,Administration & Law + Religion,33023,9836,4,6.105379769117326,-0.5537165085947792,-2.2926770063230326,0.39528672697565764,0.7822005511002142,0.3873063468265867,0.00040666937779585197,-0.5680528291363579,0.47564972286435103,-1.5003262859504858,0.3642206276777701,0.2323734913159481,0.4378245659778806,0.26654606356829336,not distinguishable
Japan,Administration & Law,Nobility,Administration & Law + Nobility,33023,9836,15,39.60857234274291,-1.371642399102141,-2.2256144028708174,-0.7499772194483133,0.3736992189821466,0.001999000499750125,0.0015250101667344449,-0.8483597305640541,0.25858689537421325,-1.355190045497512,-0.34152941563059613,0.0010353036888993505,0.003543682704102494,0.001615073754682987,dissociated
Japan,Administration & Law,Kinship,Administration & Law + Kinship,33023,9836,10,21.037759794396415,-1.0364788708491033,-2.149080061854739,-0.3482287995528647,0.4671819142864748,0.034482758620689655,0.0010166734444896298,-0.5499904785889207,0.3131178722960666,-1.1637015082892113,0.06372055111136976,0.0790036511902814,0.04802955665024631,0.09781404433082459,dissociated
Japan,Administration & Law,Big business,Administration & Law + Big business,33023,9836,17,13.914096720428986,0.2798744908986565,-0.4960015685577354,0.8328982177917519,0.3456151960315525,0.39430284857571213,0.0017283448556323709,0.19172471231844274,0.24535542293430498,-0.289171916632795,0.6726213412696804,0.4345577219659109,0.4393660312700792,0.47077086546307023,not distinguishable
Japan,Administration & Law,Small business,Administration & Law + Small business,33023,9836,2,11.550153700845454,-2.2690515482837292,-4.651963047170298,-1.1030413403716588,0.9633012475160991,0.08695652173913043,0.00020333468889792598,-1.4549025855158013,0.6351834192725949,-2.6998620872900876,-0.20994308374151527,0.02199098453335931,0.11495946941783346,0.028588279893367104,not distinguishable
Japan,Administration & Law,Academia,Administration & Law + Academia,33023,9836,49,32.15238152300793,0.6002403056675957,0.2099277768724186,0.9350580582199023,0.18992604279626069,0.0024987506246876563,0.004981699877999186,0.10308153226791437,0.150205970074862,-0.1913221690788151,0.3974852336146439,0.49254420137155885,0.0042370119288182,0.5105571435388482,associated
Japan,Administration & Law,Exploration & Invention,Administration & Law + Exploration & Invention,33023,9836,3,9.561993068860305,-1.5234892737748842,-4.285608316910321,-0.4497357247353943,0.860629713735945,0.04447776111944028,0.00030500203334688896,-0.9532000980139513,0.5380173262172863,-2.0077140573998324,0.10131386137192966,0.0764459745660084,0.06086430468976038,0.09617396800239768,not distinguishable
Japan,Administration & Law,Culture (core),Administration & Law + Culture (core),33023,9836,23,132.719986002999,-2.503077873542692,-3.185457973368726,-2.015055999517248,0.2992314239927294,0.0004997501249375312,0.0023383489223261487,-2.6346582904656968,0.2110239137333018,-3.048265161382968,-2.2210514195484254,9.001072256657703e-36,0.0010535272904088496,3.510418180096504e-35,dissociated
Japan,Administration & Law,Culture (periphery),Administration & Law + Culture (periphery),33023,9836,8,71.31322808519147,-3.078714868369772,-4.353067931572675,-2.333524930811829,0.5263028956458071,0.0009995002498750624,0.0008133387555917039,-2.007607262966977,0.34609250101938865,-2.6859485649649786,-1.329265960968975,6.600623885504694e-09,0.001901488280250119,1.3906399739587829e-08,dissociated
Japan,Administration & Law,Sport & Games,Administration & Law + Sport & Games,33023,9836,22,37.89469713678496,-0.770982066203208,-1.45729074199492,-0.2642846444957761,0.3058453223762337,0.015992003998001,0.0022366815778771857,-2.8937416190611813,0.21543811353906053,-3.31600032159774,-2.471482916524623,3.932310439736928e-41,0.024947526236881557,1.6143169173656865e-40,dissociated
Japan,Military,Religion,Military + Religion,33023,9836,14,27.875026634083664,-0.9685688463428104,-1.815295724232626,-0.35419140307203095,0.3841067443369224,0.01649175412293853,0.0014233428222854819,-0.8185765698137185,0.2677652508603882,-1.3433964615000793,-0.2937566781273576,0.002235135923439877,0.02522268277625893,0.003289445321288876,dissociated
Japan,Military,Nobility,Military + Nobility,33023,9836,1008,180.838875015896,2.4754509389158303,2.40966236832462,2.5409082249449453,0.033050158737341725,0.0004997501249375312,0.1024806832045547,3.161927078013716,0.053005959365486764,3.058035397657362,3.2658187583700697,0.0,0.0010535272904088496,0.0,associated
Japan,Military,Kinship,Military + Kinship,33023,9836,224,96.0510462521214,1.21735164717637,1.0506007424991863,1.3689131064649822,0.08081649786473168,0.0004997501249375312,0.02277348515656771,1.395280301133391,0.07875135630409484,1.240927642777365,1.549632959489417,3.070494258343174e-70,0.0010535272904088496,1.4968659509422972e-69,associated
Japan,Military,Big business,Military + Big business,33023,9836,22,63.52689453210667,-1.5087530358241958,-2.226732101931506,-0.9973060219455604,0.31466647304329864,0.0009995002498750624,0.0022366815778771857,-1.0145821725320685,0.21477878289782704,-1.4355485870118094,-0.5936157580523276,2.3142421768847063e-06,0.001901488280250119,4.1979276696978395e-06,dissociated
Japan,Military,Small business,Military + Small business,33023,9836,37,52.73395828174238,-0.5054562481511331,-1.009196978351837,-0.10402772674107948,0.22938843300458656,0.028985507246376812,0.0037616917446116308,-0.11589529371172014,0.1699973796017931,-0.4490901577312346,0.21729957030779434,0.49539860721674955,0.04186795491143317,0.5105571435388482,dissociated
Japan,Military,Academia,Military + Academia,33023,9836,59,146.7965180211286,-1.3077617530182428,-1.6900076546699867,-0.9885111393063228,0.17895640743513463,0.0004997501249375312,0.0059983733224888165,-1.2193843208589525,0.1329819697503095,-1.480028981569559,-0.958739660148346,4.750142858754664e-20,0.0010535272904088496,1.2776246309753925e-19,dissociated
Japan,Military,Exploration & Invention,Military + Exploration & Invention,33023,9836,20,43.656712858001136,-1.1070088683642476,-1.7543522002201781,-0.6093334026123933,0.3060365307019545,0.0024987506246876563,0.0020333468889792597,-0.5903856306427605,0.22641038566149943,-1.0341499865392993,-0.1466212747462216,0.009118189317110023,0.0042370119288182,0.012477522223413714,dissociated
Japan,Military,Culture (core),Military + Culture (core),33023,9836,101,605.9529930344803,-2.5789160970874265,-2.890285686512619,-2.327735163248244,0.1395102932912853,0.0004997501249375312,0.010268401789345263,-2.6323891810131,0.10223051280008719,-2.832760986101271,-2.432017375924929,3.261479895746216e-146,0.0010535272904088496,2.312685744256408e-145,dissociated
Japan,Military,Culture (periphery),Military + Culture (periphery),33023,9836,11,325.5912338643246,-4.82556989212867,-5.887511164880589,-4.148116757325226,0.4548716023656108,0.0004997501249375312,0.0011183407889385928,-3.1615411050353703,0.2962081586951916,-3.7421090960779457,-2.580973113992795,1.356076853068164e-26,0.0010535272904088496,4.068230559204492e-26,dissociated
Japan,Military,Sport & Games,Military + Sport & Games,33023,9836,231,173.01392082463852,0.41596078025539823,0.2529509468339838,0.5707353138414816,0.08225099883776724,0.0004997501249375312,0.02348515656771045,-1.9509538837443599,0.0703118570130118,-2.088765123489863,-1.8131426439988567,1.8858902601548525e-169,0.0010535272904088496,1.634438225467539e-168,associated
Japan,Religion,Nobility,Religion + Nobility,33023,9836,22,26.912784662050242,-0.2849238868845873,-0.9651930505864674,0.1954974137740484,0.3003724414002128,0.32533733133433285,0.0022366815778771857,-0.23593928335071102,0.2174246885969377,-0.6620916730007089,0.1902131062992869,0.27785342774782174,0.38448957339512063,0.3140951791931898,not distinguishable
Japan,Religion,Kinship,Religion + Kinship,33023,9836,11,14.294499034683476,-0.36342698423584135,-1.369296712043657,0.24971868572699887,0.41945130067243647,0.3728135932033983,0.0011183407889385928,-0.23799088111505726,0.30033027719966754,-0.8266382244264057,0.3506564621962911,0.4281096829777825,0.42763912161566275,0.470317679891085,not distinguishable
Japan,Religion,Big business,Religion + Big business,33023,9836,9,9.454193035878374,-0.06737685118879813,-1.176354513491823,0.6455611167017037,0.48066033477168807,0.881559220389805,0.0009150061000406669,-0.22614601310177343,0.3297139325200831,-0.8723853208411362,0.4200932946375894,0.4927852999099438,0.9047581472421684,0.5105571435388482,not distinguishable
Japan,Religion,Small business,Religion + Small business,33023,9836,6,7.847967775122038,-0.36098531326689054,-1.8960514303817129,0.4809382399073653,0.6435780854813865,0.5207396301849075,0.0006100040666937779,-0.2694796703503268,0.39718009644758284,-1.0479526593875892,0.5089933186869355,0.49746593473015976,0.5641345993669832,0.5105571435388482,not distinguishable
Japan,Religion,Academia,Religion + Academia,33023,9836,70,21.84653647228307,1.6575720145356598,1.3266634184971637,1.9251203844999791,0.15297907124998758,0.0004997501249375312,0.0071167141114274095,0.7545678061965352,0.13110305409420173,0.4976058201718998,1.0115297922211706,8.636942454869533e-09,0.0010535272904088496,1.7273884909739067e-08,associated
Japan,Religion,Exploration & Invention,Religion + Exploration & Invention,33023,9836,4,6.497074880039301,-0.6368269294676543,-2.3776929620008627,0.31790544186129166,0.7910992517584885,0.34382808595702147,0.00040666937779585197,-0.48295591311021424,0.4758133645500073,-1.4155501076282286,0.44963828140780004,0.3101004696703591,0.40027747320369667,0.34554052334697155,not distinguishable
Japan,Religion,Culture (core),Religion + Culture (core),33023,9836,109,90.179074689711,0.2720892951544794,0.04481351266575734,0.4756529000671788,0.11234410890140567,0.019490254872563718,0.011081740544936967,-0.6384780336753585,0.11015058072273219,-0.8543731718919136,-0.4225828954588034,6.774912693645353e-09,0.028683771321886226,1.3906399739587829e-08,associated
Japan,Religion,Culture (periphery),Religion + Culture (periphery),33023,9836,10,48.4551054858728,-2.221069997209432,-3.3542001034329374,-1.5492698652410695,0.4584613708928454,0.0004997501249375312,0.0010166734444896298,-1.5739710638651672,0.31274398743597925,-2.1869492792396867,-0.9609928484906478,4.8342279748361e-07,0.0010535272904088496,8.977851953267042e-07,dissociated
Japan,Religion,Sport & Games,Religion + Sport & Games,33023,9836,20,25.74826012538074,-0.3565978866985218,-1.045831751629404,0.15175363113370618,0.30553629143737654,0.2283858070964518,0.0020333468889792597,-2.766222681836247,0.22625584400035925,-3.2096841360769512,-2.3227612275955427,2.255560077077513e-34,0.2783452023988006,8.377794572002192e-34,not distinguishable
Japan,Nobility,Kinship,Nobility + Kinship,33023,9836,318,92.73537773726142,1.7723439845755606,1.6493801870527387,1.8944171563586005,0.0637474669848132,0.0004997501249375312,0.03233021553477023,2.057307886705172,0.07170732031299691,1.9167615388916983,2.1978542345186463,5.034626190378426e-181,0.0010535272904088496,4.908760535618966e-180,associated
Japan,Nobility,Big business,Nobility + Big business,33023,9836,11,61.33395512888507,-2.426765427500562,-3.4304186678711446,-1.7580897650463116,0.4253483976032716,0.0004997501249375312,0.0011183407889385928,-1.5834339338835075,0.2977865547572047,-2.167095581207629,-0.9997722865593862,1.0529214451040269e-07,0.0010535272904088496,2.0031188467832704e-07,dissociated
Japan,Nobility,Small business,Nobility + Small business,33023,9836,14,50.91358950949852,-1.8260968390756933,-2.762536610990817,-1.207382821176101,0.38762114732441183,0.0009995002498750624,0.0014233428222854819,-0.9957400589500204,0.2667932168826772,-1.5186547640400678,-0.47282535385997304,0.000189773974151973,0.001901488280250119,0.0003083827079969561,dissociated
Japan,Nobility,Academia,Nobility + Academia,33023,9836,48,141.72912300685533,-1.5521602507705796,-1.994865156613948,-1.182545263190892,0.2014394264530165,0.0004997501249375312,0.004880032533550223,-1.3101790762649772,0.14678824232934334,-1.5978840312304903,-1.0224741212994641,4.431276360648634e-19,0.0010535272904088496,1.1149663100986885e-18,dissociated
Japan,Nobility,Exploration & Invention,Nobility + Exploration & Invention,33023,9836,6,42.1496893123585,-2.714023608813816,-4.130288518621762,-1.8937466189814645,0.6085699453235668,0.001999000499750125,0.0006100040666937779,-1.6529327939956886,0.3953764364397701,-2.427870609417638,-0.8779949785737392,2.9066956643480435e-05,0.003543682704102494,5.038272484869942e-05,dissociated
Japan,Nobility,Culture (core),Nobility + Culture (core),33023,9836,166,585.0355815237732,-1.8142346650408254,-2.0265516473880685,-1.6224113860488965,0.10523417649587403,0.0004997501249375312,0.016876779178527857,-1.9636466948558615,0.08173447804424963,-2.1238462718225906,-1.8034471178891323,1.534939396662978e-127,0.0010535272904088496,9.977106078309356e-127,dissociated
Japan,Nobility,Culture (periphery),Nobility + Culture (periphery),33023,9836,18,314.3518705782166,-4.089076062771891,-4.886606089757221,-3.5261720150830036,0.34014662603954776,0.0004997501249375312,0.0018300122000813339,-2.5587871138177984,0.23429020735683398,-3.017995920237193,-2.099578307398404,9.103792558715248e-28,0.0010535272904088496,2.8403832783191572e-27,dissociated
Japan,Nobility,Sport & Games,Nobility + Sport & Games,33023,9836,25,167.04150477822756,-2.715949384091726,-3.399793857572116,-2.230956272074283,0.2969241826752783,0.0004997501249375312,0.0025416836112240747,-4.152911808199992,0.19961707633807407,-4.544161277822617,-3.7616623385773664,3.949398196253021e-96,0.0010535272904088496,2.369638917751813e-95,dissociated
Japan,Kinship,Big business,Kinship + Big business,33023,9836,24,32.57701398768508,-0.43304725252438875,-1.0450355075608173,0.07903303334912032,0.28746850680629055,0.12843578210894552,0.0024400162667751117,-0.09809383337942836,0.2074600775798292,-0.5047155854358936,0.3085279186770369,0.6363328013245895,0.1642293607294713,0.6445968636794542,not distinguishable
Japan,Kinship,Small business,Kinship + Small business,33023,9836,12,27.042324502452804,-1.1397222295325635,-2.095582388741065,-0.4902763284040593,0.41918296664632304,0.015492253873063468,0.0012200081333875558,-0.44804598055605993,0.2875406963888134,-1.0116257454781343,0.11553378436601436,0.11918578941160896,0.02466113881834593,0.14525768084539842,dissociated
Japan,Kinship,Academia,Kinship + Academia,33023,9836,31,75.27823067914706,-1.2664316266178117,-1.8447021793507423,-0.8114281700223303,0.2657915238864024,0.0009995002498750624,0.0031516876779178527,-1.0456085111532616,0.18208098198122383,-1.4024872358364604,-0.6887297864700629,9.326324031152723e-09,0.001901488280250119,1.8186331860747808e-08,dissociated
Japan,Kinship,Exploration & Invention,Kinship + Exploration & Invention,33023,9836,6,22.387452682936797,-1.8160452801730116,-3.2505264870906085,-0.9643653877626733,0.6210372490982186,0.01699150424787606,0.0006100040666937779,-0.9553134315178679,0.39596851814223416,-1.731411727076647,-0.1792151359590889,0.015839215403581467,0.025487256371814093,0.02130101381860956,dissociated
Japan,Kinship,Culture (core),Kinship + Culture (core),33023,9836,228,310.7367245850053,-0.4458181368489136,-0.6120454973085336,-0.29897002471059153,0.08216121023617678,0.0004997501249375312,0.023180154534363562,-0.7637671161430851,0.07575532595358166,-0.9122475550121052,-0.615286677274065,6.634426525453135e-24,0.0010535272904088496,1.848161674947659e-23,dissociated
Japan,Kinship,Culture (periphery),Kinship + Culture (periphery),33023,9836,15,166.96534999841754,-3.433522499992844,-4.321914383025496,-2.8314227819529663,0.3845079501517848,0.0004997501249375312,0.0015250101667344449,-2.0332197298857153,0.2565687613247778,-2.53609450208228,-1.5303449576891508,2.2877478702910583e-15,0.0010535272904088496,5.2483627612559575e-15,dissociated
Japan,Kinship,Sport & Games,Kinship + Sport & Games,33023,9836,87,88.7226891898501,-0.028127614941381062,-0.32481621910250663,0.2338584978963377,0.14330243590338781,0.84007996001999,0.00884505896705978,-2.1183811731864743,0.1122658453088774,-2.338422229991874,-1.8983401163810747,2.0387057558818175e-79,0.8736831584207895,1.060126993058545e-78,not distinguishable
Japan,Big business,Small business,Big business + Small business,33023,9836,21,17.885436584012027,0.22577322436078973,-0.48524979175329,0.7216674110186915,0.3088482089218553,0.4492753623188406,0.0021350142334282227,0.33060219356864906,0.222372456889502,-0.10524782193477483,0.7664522090720729,0.1370928009116199,0.49357011635027553,0.1645113610939439,not distinguishable
Japan,Big business,Academia,Big business + Academia,33023,9836,43,49.7880284236066,-0.20919959172272518,-0.6507657006013229,0.1552805068394405,0.20609602105601585,0.303848075962019,0.004371695811305408,-0.48834650190509926,0.15698646647829892,-0.7960399762025652,-0.1806530276076334,0.0018660942938134775,0.36461769115442283,0.002799141440720216,not distinguishable
Japan,Big business,Exploration & Invention,Big business + Exploration & Invention,33023,9836,53,14.806765786791658,1.805369407909726,1.421705343533698,2.1258085629027943,0.17713058281691907,0.0004997501249375312,0.005388369255795038,1.515965652124151,0.14872491026897733,1.2244648279969552,1.8074664762513466,2.1289884641725628e-24,0.0010535272904088496,6.1504111187207364e-24,associated
Japan,Big business,Culture (core),Big business + Culture (core),33023,9836,140,205.5171692575699,-0.5521944446835058,-0.7657345981620105,-0.3542194408984863,0.10511708165693762,0.0004997501249375312,0.014233428222854819,-1.1183151871437236,0.09303389708661242,-1.300661625433484,-0.9359687488539632,2.7724419067796873e-33,0.0010535272904088496,9.402194292557201e-33,dissociated
Japan,Big business,Culture (periphery),Big business + Culture (periphery),33023,9836,50,110.42867926731702,-1.1352771120871554,-1.5497972718834876,-0.7900603653557828,0.19414066062728128,0.0004997501249375312,0.005083367222448149,-0.5862069585634239,0.14625258660268142,-0.8728620283046795,-0.29955188882216827,6.118800599210128e-05,0.0010535272904088496,0.00010375357537791085,dissociated
Japan,Big business,Sport & Games,Big business + Sport & Games,33023,9836,179,58.68001587378861,1.6008018554313463,1.4216608434662392,1.7723790776413104,0.08843518254170674,0.0004997501249375312,0.018198454656364375,-1.0275672683090462,0.08476461313393542,-1.1937059100515597,-0.8614286265665327,8.017731683896552e-34,0.0010535272904088496,2.8426503242905955e-33,associated
Japan,Small business,Academia,Small business + Academia,33023,9836,100,41.329264292837884,1.2646109726918418,0.982716604421471,1.503061331331788,0.12688059966481816,0.0004997501249375312,0.010166734444896299,0.8450799605094454,0.11110593545668783,0.6273123270143373,1.0628475940045536,2.8254767594720885e-14,0.0010535272904088496,6.296776778252084e-14,associated
Japan,Small business,Exploration & Invention,Small business + Exploration & Invention,33023,9836,19,12.29116227133649,0.6083267630462273,-0.152078652132595,1.1366516943254816,0.3321987290009498,0.06696651674162919,0.0019316795445302969,0.7463792110188824,0.23453728671461943,0.2866861290582283,1.2060722929795364,0.0014608629009348775,0.09005841906632892,0.0022342609073121656,not distinguishable
Japan,Small business,Culture (core),Small business + Culture (core),33023,9836,260,170.60071816249507,0.6064375572276214,0.4757036790554821,0.7303693366150102,0.06407657387169215,0.0004997501249375312,0.026433509556730378,0.24070768888626137,0.08270754466387566,0.07860090134506509,0.40281447642745766,0.003610272005918147,0.0010535272904088496,0.005028593151100276,associated
Japan,Small business,Culture (periphery),Small business + Culture (periphery),33023,9836,25,91.667338825251,-1.8537583488764526,-2.4767119167921794,-1.3837799513301725,0.2739637094387845,0.0004997501249375312,0.0025416836112240747,-0.9521568941588252,0.20314301564814133,-1.3503172048291823,-0.5539965834884681,2.770685066238569e-06,0.0010535272904088496,4.911668981059282e-06,dissociated
Japan,Small business,Sport & Games,Small business + Sport & Games,33023,9836,38,48.710542705600325,-0.35410898113319994,-0.8540489323936623,0.034009470605045986,0.22393973658554067,0.11594202898550725,0.0038633590890605938,-2.4072820349980315,0.16689175237116763,-2.73438986964552,-2.080174200350543,3.6440746206997846e-47,0.1507246376811594,1.57909900230324e-46,not distinguishable
Japan,Academia,Exploration & Invention,Academia + Exploration & Invention,33023,9836,151,34.21514110935894,2.1256808528993347,1.9329807563669632,2.305351383121464,0.09446084668710783,0.0004997501249375312,0.015351769011793411,1.6025182372710947,0.0987421363324142,1.4089836500595627,1.7960528244826266,3.128803125865609e-59,0.0010535272904088496,1.4355684930442206e-58,associated
Japan,Academia,Culture (core),Academia + Culture (core),33023,9836,476,474.90444893890725,0.003320809735673253,-0.09756614998768166,0.09962023877473311,0.050847117974853404,0.9475262368815592,0.04839365595770639,-1.0546467548230254,0.05196263274385239,-1.156493515000976,-0.9527999946450747,1.3877092790401077e-91,0.9475262368815592,7.731523126080599e-91,not distinguishable
Japan,Academia,Culture (periphery),Academia + Culture (periphery),33023,9836,126,255.17610652164464,-1.0151799590257287,-1.2697322906431183,-0.7822690230778437,0.1222822577924773,0.0004997501249375312,0.012810085400569337,-0.847146944068178,0.093021952978739,-1.0294699719065066,-0.6648239162298496,8.472480263786291e-20,0.0010535272904088496,2.2028448685844356e-19,dissociated
Japan,Academia,Sport & Games,Academia + Sport & Games,33023,9836,172,135.59645991105663,0.34196682139119505,0.14269656718478746,0.5299095365026932,0.09839336491587726,0.0014992503748125937,0.017486783245221633,-2.46889582201494,0.07959705650160144,-2.624906052758079,-2.312885591271801,3.138405257825223e-211,0.0027843221246519594,4.8959122022073475e-210,associated
Japan,Exploration & Invention,Culture (core),Exploration & Invention + Culture (core),33023,9836,51,141.23473391466305,-1.4605490151017044,-1.8812416362829674,-1.1185076576226638,0.19179058216050182,0.0004997501249375312,0.005185034566897112,-1.699375899060698,0.1472519464581471,-1.9879897141186662,-1.4107620840027297,8.234823888065045e-31,0.0010535272904088496,2.6763177636211396e-30,dissociated
Japan,Exploration & Invention,Culture (periphery),Exploration & Invention + Culture (periphery),33023,9836,24,75.88838046577328,-1.6405714555345372,-2.308907241146928,-1.1423645773819615,0.29003922669064625,0.0004997501249375312,0.0024400162667751117,-0.8259707686585015,0.20777848074867175,-1.233216590925898,-0.41872494639110486,7.030626894276323e-05,0.0010535272904088496,0.00011667848888373472,dissociated
Japan,Exploration & Invention,Sport & Games,Exploration & Invention + Sport & Games,33023,9836,122,40.32585918724879,1.5852265962427583,1.3570777292168394,1.7914246839817938,0.11076530419948047,0.0004997501249375312,0.012403416022773485,-0.87315051389538,0.10394667093214195,-1.0768859889223783,-0.6694150388683818,4.465343122309146e-17,0.0010535272904088496,1.0554447380003437e-16,associated
Japan,Culture (core),Culture (periphery),Culture (core) + Culture (periphery),33023,9836,2493,1053.3269288813829,1.2425342519166662,1.2013464044434403,1.2812878778128556,0.02043486457532899,0.0004997501249375312,0.2534566897112647,1.8144685361600414,0.041942302726993036,1.732261622815135,1.8966754495049478,0.0,0.0010535272904088496,0.0,associated
Japan,Culture (core),Sport & Games,Culture (core) + Sport & Games,33023,9836,585,559.7209105202247,0.06367333700915291,-0.02556084531669841,0.1503401144908513,0.04566595529306695,0.16591704147926037,0.05947539650264335,-3.5778553800991406,0.04475713359597057,-3.665579361947243,-3.4901313982510382,0.0,0.20542109897432234,0.0,not distinguishable
Japan,Culture (periphery),Sport & Games,Culture (periphery) + Sport & Games,33023,9836,154,300.749767673106,-0.9633532905922456,-1.1973020694666938,-0.7676826110300157,0.10854049219673484,0.0004997501249375312,0.0156567710451403,-2.8749144254801444,0.08320749804326098,-3.038001121644936,-2.711827729315353,1.3699732408089523e-261,0.0010535272904088496,2.671447819577457e-260,dissociated
Belgium,Politics,Administration & Law,Politics + Administration & Law,19496,6003,733,188.17322042109748,1.9589072992262735,1.8901168524936316,2.0303820835226887,0.03653750841422186,0.0004997501249375312,0.1221056138597368,1.9726611691379465,0.062372953540430306,1.8504101801987032,2.09491215807719,1.5776708645632723e-219,0.0011464855807390422,4.1019442478645077e-218,associated
Belgium,Politics,Military,Politics + Military,19496,6003,117,72.58049067532032,0.6851025311704345,0.4571130644805845,0.882729072364128,0.10940411237302919,0.0004997501249375312,0.019490254872563718,0.058266771623543205,0.10574771777200842,-0.1489987552095933,0.2655322984566797,0.5816351063498654,0.0011464855807390422,0.60490051060386,associated
Belgium,Politics,Religion,Politics + Religion,19496,6003,29,96.17126352030552,-1.7123721437278223,-2.2929418887460495,-1.262605658076801,0.2655424250562953,0.0004997501249375312,0.004830917874396135,-2.0279760005126546,0.18824587046044172,-2.39693790661512,-1.6590140944101888,4.616207716964768e-27,0.0011464855807390422,2.0003566773513996e-26,dissociated
Belgium,Politics,Nobility,Politics + Nobility,19496,6003,53,49.83661357719376,0.08793072983660638,-0.27897323649346395,0.38855261629715626,0.1724284692424155,0.616191904047976,0.008828918873896386,-0.3000918863056036,0.1504604868205794,-0.5949944404739391,-0.005189332137267966,0.04609856804921215,0.6324074804702912,0.05734644157292271,not distinguishable
Belgium,Politics,Kinship,Politics + Kinship,19496,6003,71,77.69806533695998,-0.1291896730162761,-0.4355826585055344,0.1475428536550815,0.1515375477266078,0.39280359820089955,0.011827419623521573,-0.32454776664116836,0.13023303408610712,-0.5798045134499383,-0.06929101983239838,0.012700669033555748,0.4315307135164812,0.01679071499351438,not distinguishable
Belgium,Politics,Big business,Politics + Big business,19496,6003,146,79.53150658564536,0.8722606914535062,0.6739269185951595,1.0471010569893935,0.09588529162387469,0.0004997501249375312,0.024321172746959854,0.29599521945348883,0.09758108993278562,0.10473628318522901,0.4872541557217487,0.0024187446170088373,0.0011464855807390422,0.003628116925513256,associated
Belgium,Politics,Small business,Politics + Small business,19496,6003,108,81.91953174383737,0.3966368704051293,0.13944702955030663,0.6082471664016414,0.12007062341361605,0.0024987506246876563,0.017991004497751123,0.07500710127101255,0.11011321499007327,-0.14081480010953107,0.29082900265155615,0.49575655874588653,0.004640536874419933,0.5297124874271116,associated
Belgium,Politics,Academia,Politics + Academia,19496,6003,325,339.1826613706677,-0.06153003634238157,-0.19235595281652543,0.06070505651129666,0.06415247936712078,0.3353323338330835,0.05413959686823255,-0.7158563376170358,0.061991566984610405,-0.8373598089068722,-0.5943528663271994,7.587482196536306e-31,0.3886586118705353,4.2273115094987995e-30,not distinguishable
Belgium,Politics,Exploration & Invention,Politics + Exploration & Invention,19496,6003,28,50.01532795002205,-0.8257592943725509,-1.4240357058195299,-0.3987772298360414,0.26198136913868186,0.005497251374312844,0.004664334499416958,-1.0314018712315896,0.19674618094512755,-1.4170243858840395,-0.6457793565791395,1.585900147996111e-07,0.009528569048808928,3.255268724834123e-07,dissociated
Belgium,Politics,Culture (core),Politics + Culture (core),19496,6003,160,547.1811749126122,-1.7707629950565378,-1.9794120241584008,-1.5720167142743489,0.10285064670407287,0.0004997501249375312,0.026653339996668333,-2.7408940812244627,0.08222048964444545,-2.9020462409275756,-2.5797419215213497,1.1661579638122318e-243,0.0011464855807390422,4.548016058867704e-242,dissociated
Belgium,Politics,Culture (periphery),Politics + Culture (periphery),19496,6003,159,302.3421531402762,-0.9250096066103312,-1.1241477637081516,-0.7324323022224468,0.1023196190836611,0.0004997501249375312,0.026486756621689155,-1.1441617966089397,0.08465094470859644,-1.3100776482377887,-0.9782459449800907,1.2543823870691667e-41,0.0011464855807390422,8.153485515949584e-41,dissociated
Belgium,Politics,Sport & Games,Politics + Sport & Games,19496,6003,37,81.36799082130076,-1.1264088939873758,-1.6053184999264645,-0.7361981343963928,0.22730422443596332,0.0014992503748125937,0.006163584874229552,-4.176393902445679,0.16489852479725556,-4.4995950110483,-3.8531927938430584,1.6087206625342605e-141,0.002852232420375178,3.1370052919418083e-140,dissociated
Belgium,Administration & Law,Military,Administration & Law + Military,19496,6003,21,33.633058394094135,-0.6668330289352494,-1.3839016499457277,-0.14818784544334881,0.3110150474989786,0.0384807596201899,0.0034982508745627187,-0.47230382009966937,0.22211735598327606,-0.9076538378268905,-0.036953802372448274,0.033472412034348684,0.056632061327826645,0.04280078915867536,not distinguishable
Belgium,Administration & Law,Religion,Administration & Law + Religion,19496,6003,12,44.564781688808495,-1.85007230685126,-2.8123587685264866,-1.1770255170137627,0.42294361911929446,0.0014992503748125937,0.001999000499750125,-1.512648371572283,0.2865256608903938,-2.074238666917455,-0.9510580762271111,1.2969451566909648e-07,0.002852232420375178,2.734100600591764e-07,dissociated
Belgium,Administration & Law,Nobility,Administration & Law + Nobility,19496,6003,19,23.093777942391473,-0.27493232395207856,-0.9715478025114448,0.23614640218820607,0.30856537151217484,0.3638180909545227,0.0031650841246043645,-0.03803774932146986,0.2354100842261843,-0.4994415144047911,0.4233660157618514,0.8716359793815117,0.40539730134932533,0.8716359793815116,not distinguishable
Belgium,Administration & Law,Kinship,Administration & Law + Kinship,19496,6003,6,36.00449024622943,-2.489562310808338,-3.940179617214781,-1.6812433197532752,0.6001754512382063,0.0014992503748125937,0.0009995002498750624,-1.5102136505514494,0.39624125897990436,-2.286846518152062,-0.7335807829508368,0.00013821057911118795,0.002852232420375178,0.0002343570689276665,dissociated
Belgium,Administration & Law,Big business,Administration & Law + Big business,19496,6003,18,36.85408820300025,-1.0137408760862872,-1.7992783365148888,-0.4708505234499224,0.3359944021205965,0.008995502248875561,0.0029985007496251873,-0.6790104657602862,0.23828294066368175,-1.1460450294611024,-0.21197590205947003,0.004377459022166064,0.014928705859836038,0.006322996365350981,dissociated
Belgium,Administration & Law,Small business,Administration & Law + Small business,19496,6003,9,37.96067468160818,-2.017384652267007,-3.176877660581678,-1.2889859140812312,0.4874045146220027,0.0014992503748125937,0.0014992503748125937,-1.225668881151276,0.3289697954067464,-1.8704496801484989,-0.580888082154053,0.00019471265317854558,0.002852232420375178,0.0003164080614151366,dissociated
Belgium,Administration & Law,Academia,Administration & Law + Academia,19496,6003,99,157.1737825137482,-0.6641743626389003,-0.9454808590418564,-0.4234945578745804,0.1323351377210506,0.0004997501249375312,0.01649175412293853,-0.5931988801911422,0.1068302025605036,-0.8025860772097293,-0.38381168317255515,2.812481869810055e-08,0.0011464855807390422,6.267816738433838e-08,dissociated
Belgium,Administration & Law,Exploration & Invention,Administration & Law + Exploration & Invention,19496,6003,3,23.17659235823892,-2.7580346295722626,-5.531554790197468,-1.7117061486546878,0.8553429182562212,0.02848575712143928,0.0004997501249375312,-1.8267168024867058,0.5382018488454616,-2.8815924262238104,-0.7718411787496009,0.0006885178531987174,0.044437781109445275,0.0010530273048921562,dissociated
Belgium,Administration & Law,Culture (core),Administration & Law + Culture (core),19496,6003,69,253.5581702018261,-1.870073977251106,-2.225388771373467,-1.5895198089666733,0.16513570016866613,0.0004997501249375312,0.011494252873563218,-2.1024091478561413,0.12458151202212299,-2.346588911419502,-1.8582293842927802,6.78327702916336e-64,0.0011464855807390422,5.878840091941579e-63,dissociated
Belgium,Administration & Law,Culture (periphery),Administration & Law + Culture (periphery),19496,6003,6,140.1022671099238,-4.43503632864632,-5.853644497167648,-3.5995903616080245,0.6083956753633201,0.0004997501249375312,0.0009995002498750624,-3.0679834122828944,0.39403978066374323,-3.840301382383831,-2.295665442181958,6.917828053835828e-15,0.0011464855807390422,2.0753484161507482e-14,dissociated
Belgium,Administration & Law,Sport & Games,Administration & Law + Sport & Games,19496,6003,17,37.705096248866695,-1.126410172815321,-1.911499986719133,-0.5760514865121811,0.3442564349190886,0.00399800099950025,0.00283191737464601,-3.4639405600052613,0.2413320326455886,-3.936951343990615,-2.9909297760199074,1.0140715438832683e-46,0.007087365408204988,7.190689129354085e-46,dissociated
Belgium,Military,Religion,Military + Religion,19496,6003,10,17.18912879619083,-0.7524736679964535,-1.8712673748365012,-0.04060779956319966,0.45924666704063927,0.08895552223888056,0.0016658337497917708,-0.8532438174764518,0.31363009047930446,-1.4679587948158885,-0.23852884013701514,0.006517500199392704,0.1175912043978011,0.009077946706296981,not distinguishable
Belgium,Military,Nobility,Military + Nobility,19496,6003,28,8.907525368672152,1.5990747394428675,1.0672001238392113,2.025596417761301,0.25093451038726444,0.0004997501249375312,0.004664334499416958,1.2351034608554772,0.20102921997811318,0.8410861896983753,1.629120732012579,8.05194542277351e-10,0.0011464855807390422,1.9031870999282845e-09,associated
Belgium,Military,Kinship,Military + Kinship,19496,6003,7,13.887329784430522,-0.9398363593054636,-2.4542335225620344,-0.1374358128626399,0.5747675031748912,0.09045477261369315,0.0011660836248542396,-0.5298988268696798,0.37084350640881875,-1.2567520994309644,0.19695444569160492,0.1530325584387569,0.1175912043978011,0.1729933269307687,not distinguishable
Belgium,Military,Big business,Military + Big business,19496,6003,13,14.215029105519795,-0.12433098857661846,-1.0540539260028674,0.5021954820315971,0.40387309979227404,0.7416291854072964,0.002165583874729302,-0.16717716924658274,0.27896311774186605,-0.7139448800206403,0.37959054152747473,0.5489858191492416,0.7476261869065467,0.5786607282924439,not distinguishable
Belgium,Military,Small business,Military + Small business,19496,6003,12,14.641851739539154,-0.2766135524502294,-1.279772476314672,0.3789306554796016,0.42318179635296305,0.47926036981509246,0.001999000499750125,-0.1030338158620203,0.28984769711350566,-0.6711353022044914,0.4650676704804507,0.7222332390022541,0.5051663357510434,0.7316128914568288,not distinguishable
Belgium,Military,Academia,Military + Academia,19496,6003,54,60.623664890335895,-0.16547481807506062,-0.5498594613299763,0.15268038461791522,0.1836923976756336,0.35782108945527236,0.008995502248875561,-0.36499464651664904,0.14435361730631058,-0.6479277364370177,-0.08206155659628028,0.01145589418871277,0.40449340547117746,0.01540620252964821,not distinguishable
Belgium,Military,Exploration & Invention,Military + Exploration & Invention,19496,6003,34,8.939467804071551,1.8698189338510607,1.3754775322139179,2.2449397312769546,0.22311827799470021,0.0004997501249375312,0.00566383474929202,1.4515039754290482,0.18541400093459845,1.0880925335972353,1.814915417260861,4.93926813817848e-15,0.0011464855807390422,1.5410516591116857e-14,associated
Belgium,Military,Culture (core),Military + Culture (core),19496,6003,40,97.80018839450965,-1.2792722735285564,-1.7688231895524673,-0.9059299483121177,0.22104742046380038,0.0004997501249375312,0.006663334999167083,-1.788878752255942,0.1640785469661558,-2.110472704309607,-1.4672848002022767,1.1204020838397243e-27,0.0011464855807390422,5.140668384676382e-27,dissociated
Belgium,Military,Culture (periphery),Military + Culture (periphery),19496,6003,19,54.03899273662521,-1.4838139318467776,-2.2500299992131407,-0.9536260583968422,0.32496808360759555,0.0004997501249375312,0.0031650841246043645,-1.1010777531491183,0.23189358501367704,-1.5555891797759251,-0.6465663265223113,2.0523226423937505e-06,0.0011464855807390422,3.9044186855295745e-06,dissociated
Belgium,Military,Sport & Games,Military + Sport & Games,19496,6003,56,14.54327231355657,1.9091324416667539,1.5228933804530336,2.2111805991991584,0.17356680821020662,0.0004997501249375312,0.009328668998833917,-1.3453312397154202,0.1414283063149966,-1.6225307200928136,-1.0681317593380268,1.8620442948284383e-21,0.0011464855807390422,6.60179340893719e-21,associated
Belgium,Religion,Nobility,Religion + Nobility,19496,6003,18,11.802730479964415,0.588546726499748,-0.23711901317419384,1.1269159232117136,0.34343826686619583,0.079960019990005,0.0029985007496251873,0.274316855682428,0.24193654121818667,-0.1998787651052179,0.7485124764700739,0.2568624877552418,0.10887659618466629,0.2862182006415551,not distinguishable
Belgium,Religion,Kinship,Religion + Kinship,19496,6003,16,18.401116331195993,-0.19600542044718092,-1.0374361713914486,0.36719907571937715,0.3609315574293638,0.5762118940529735,0.0026653339996668335,-0.1782024019271094,0.2533370308192288,-0.674742982332798,0.3183381784785791,0.4817938797225999,0.5992603698150925,0.5219433696994833,not distinguishable
Belgium,Religion,Big business,Religion + Big business,19496,6003,2,18.83532747348327,-2.9512391988851387,-5.328132212211511,-1.7356798495267152,1.0073244282305422,0.0004997501249375312,0.0003331667499583542,-2.3597745659732245,0.6348267326868657,-3.6040349620394814,-1.1155141699069677,0.00020144719659745609,0.0011464855807390422,0.00032067104764493007,dissociated
Belgium,Religion,Small business,Religion + Small business,19496,6003,12,19.400879891643818,-0.6709041241854745,-1.6455026607381051,-0.04943605933938071,0.41765239936683174,0.09895052473763119,0.001999000499750125,-0.575144279268449,0.28865730979671855,-1.1409126064700175,-0.009375952066880688,0.04631827973197603,0.12652690048418413,0.05734644157292271,not distinguishable
Belgium,Religion,Academia,Religion + Academia,19496,6003,278,80.32812120017341,1.7847481089590935,1.665232950862528,1.8974195579897675,0.05928971843778499,0.0004997501249375312,0.04631017824421123,1.195228437899172,0.07629965054463751,1.0456811228316825,1.3447757529666615,2.6273213033778187e-55,0.0011464855807390422,2.0493106166346985e-54,associated
Belgium,Religion,Exploration & Invention,Religion + Exploration & Invention,19496,6003,4,11.845055136958232,-1.4559363734768644,-3.156656024380175,-0.49405424108194,0.7745958475866404,0.08095952023988005,0.0006663334999167084,-1.2072121963880613,0.47594508053595586,-2.140064554238535,-0.27435983853758783,0.011198186129160825,0.10887659618466629,0.015323833650430602,not distinguishable
Belgium,Religion,Culture (core),Religion + Culture (core),19496,6003,137,129.58809733732076,0.07994265272290678,-0.12802269214368014,0.26535503201875654,0.102072312283301,0.4407796101949025,0.02282192237214726,-0.9149592249245673,0.09445878086727787,-1.1000984354244319,-0.7298200144247027,3.446817368114889e-22,0.4775112443778111,1.2802464510141016e-21,not distinguishable
Belgium,Religion,Culture (periphery),Religion + Culture (periphery),19496,6003,19,71.60323886612969,-1.8865899425807187,-2.645786444091944,-1.3520172025469899,0.3285098346458539,0.0004997501249375312,0.0031650841246043645,-1.5794788757072333,0.23037151090180774,-2.0310070370747764,-1.1279507143396903,7.070406731433883e-12,0.0011464855807390422,1.7790055646833642e-11,dissociated
Belgium,Religion,Sport & Games,Religion + Sport & Games,19496,6003,2,19.27025928181271,-2.9833317917617337,-5.365239120737672,-1.8158257321079356,0.9931484430327333,0.0004997501249375312,0.0003331667499583542,-5.054195016107666,0.6335844657558974,-6.296020568989225,-3.8123694632261076,1.49757121680564e-15,0.0011464855807390422,4.86710645461833e-15,dissociated
Belgium,Nobility,Kinship,Nobility + Kinship,19496,6003,100,9.53558568764337,3.323998779889843,3.109810742151483,3.526625663182436,0.10539387096146491,0.0004997501249375312,0.01665833749791771,3.170611964567532,0.1313675947141524,2.9131314789277933,3.428092450207271,1.0623477690638217e-128,0.0011464855807390422,1.6572625197395619e-127,associated
Belgium,Nobility,Big business,Nobility + Big business,19496,6003,6,9.760596903228718,-0.6586030379328639,-2.1044059719276476,0.19661059112521986,0.6248172557314988,0.2273863068465767,0.0009995002498750624,-0.40359272927866796,0.3984741079555995,-1.184601980871643,0.3774165223143071,0.3111339371375347,0.26872927172777245,0.3418091140384184,not distinguishable
Belgium,Nobility,Small business,Nobility + Small business,19496,6003,3,10.05367007591885,-1.5923179612957115,-4.404266382415452,-0.5297237526105377,0.894802149586232,0.0559720139930035,0.0004997501249375312,-0.8949865628905208,0.5393279250018894,-1.952069295894224,0.16209617011318234,0.09702558198271954,0.07796101949025488,0.11295515514406156,not distinguishable
Belgium,Nobility,Academia,Nobility + Academia,19496,6003,13,41.626587705066164,-1.641771653642964,-2.5710738131448307,-1.060160909129552,0.39669018288167324,0.0009995002498750624,0.002165583874729302,-1.3282881741934298,0.27871025012304396,-1.874560264434596,-0.7820160839522636,1.880694133093562e-06,0.002165583874729302,3.6673535595324458e-06,dissociated
Belgium,Nobility,Exploration & Invention,Nobility + Exploration & Invention,19496,6003,0,6.138189455486381,-3.7307898048591523,-3.9426946828078213,-3.501507705476374,0.11347683300274498,0.0004997501249375312,0.0,-2.4446327506500602,1.4163766947465672,-5.220731072353332,0.3314655710532115,0.08435165831677975,0.0011464855807390422,0.1012219899801357,dissociated
Belgium,Nobility,Culture (core),Nobility + Culture (core),19496,6003,34,67.15344786793034,-0.9715670992172922,-1.4643477402283391,-0.5890266894308405,0.2237084018312086,0.0004997501249375312,0.00566383474929202,-1.3997435308483288,0.1806102037205161,-1.7537395301405403,-1.0457475315561173,9.183466114169666e-15,0.0011464855807390422,2.6530013218712367e-14,dissociated
Belgium,Nobility,Culture (periphery),Nobility + Culture (periphery),19496,6003,9,37.10529336544865,-1.9849363330961807,-3.1350763469673537,-1.2419985061955472,0.5006050547431025,0.0029985007496251873,0.0014992503748125937,-1.3197470531197752,0.33010905780631955,-1.9667608064201616,-0.6727332998193889,6.390362538869052e-05,0.005439140894668944,0.0001159182041934386,dissociated
Belgium,Nobility,Sport & Games,Nobility + Sport & Games,19496,6003,2,9.985981572938996,-2.0684619157148663,-4.468093405488046,-0.9135086200707199,0.9516752687667371,0.12243878060969515,0.0003331667499583542,-4.0615386497410535,0.6350650784103979,-5.306266203425434,-2.8168110960566732,1.6005592711209124e-10,0.15403588528316486,3.901363223357224e-10,not distinguishable
Belgium,Kinship,Big business,Kinship + Big business,19496,6003,26,15.217315974732358,0.7536374881704256,0.16500624834711364,1.2026464759123447,0.2690722562338526,0.009495252373813094,0.004331167749458604,0.7649672541159191,0.2049611660670198,0.36324336862456036,1.1666911396072779,0.00018977354757041687,0.015429785107446277,0.0003149433342657982,associated
Belgium,Kinship,Small business,Kinship + Small business,19496,6003,5,15.67423342729797,-1.5561938140107905,-3.4070734526701245,-0.6259386713181757,0.707224940827961,0.04847576211894053,0.0008329168748958854,-0.7522858885476261,0.4314798345253586,-1.5979863642173289,0.09341458712207673,0.08124599190115901,0.0700205452829141,0.09901855262953754,not distinguishable
Belgium,Kinship,Academia,Kinship + Academia,19496,6003,30,64.8981762425168,-1.1004411612043548,-1.6866969447846167,-0.6663858701491521,0.2564670880872832,0.0004997501249375312,0.004997501249375313,-0.7931785086177247,0.18873430284570406,-1.1630977421953046,-0.4232592750401447,2.638435901184604e-05,0.0011464855807390422,4.8999523879142645e-05,dissociated
Belgium,Kinship,Exploration & Invention,Kinship + Exploration & Invention,19496,6003,3,9.56978035083167,-1.524605387433449,-4.312274343885598,-0.4910912599494637,0.8670114836762045,0.050974512743628186,0.0004997501249375312,-0.7981938534103757,0.5395098250119189,-1.855633110433737,0.2592454036129853,0.1390121433315405,0.07229112716369089,0.1594551055861788,not distinguishable
Belgium,Kinship,Culture (core),Kinship + Culture (core),19496,6003,92,104.69597762622276,-0.18555427067907218,-0.45806063372211664,0.05220030333826076,0.131762613092368,0.15992003998001,0.01532567049808429,-0.597004134668765,0.11774804728535519,-0.8277903073480612,-0.3662179619894688,3.9743359924749796e-07,0.19799623997525048,7.948671984949959e-07,not distinguishable
Belgium,Kinship,Culture (periphery),Kinship + Culture (periphery),19496,6003,20,57.84922572618418,-1.509089602270356,-2.1928429908415814,-0.9882886770047989,0.3073950214127005,0.0009995002498750624,0.0033316674995835416,-0.8423445715093798,0.22738069123984597,-1.2880107263394778,-0.3966784166792817,0.0002117610755733987,0.002165583874729302,0.000330347277894502,dissociated
Belgium,Kinship,Sport & Games,Kinship + Sport & Games,19496,6003,63,15.56870326885445,1.9825030824783016,1.6511177806967456,2.2852183630375027,0.15965681269378001,0.0004997501249375312,0.010494752623688156,-0.9842901351521521,0.13636634567033795,-1.2515681726660146,-0.7170120976382898,5.276382590064352e-13,0.0011464855807390422,1.3718594734167313e-12,associated
Belgium,Big business,Small business,Big business + Small business,19496,6003,25,16.044098313669355,0.6241805830460541,0.0003479004723269857,1.1050289628582401,0.282189446068598,0.030484757621189407,0.004164584374479427,0.6142106613819492,0.20794975213541914,0.20662914719652775,1.0217921755673707,0.003140405556070404,0.04662374695005439,0.004621728931575312,associated
Belgium,Big business,Academia,Big business + Academia,19496,6003,64,66.42957850808753,-0.053344768361571475,-0.384432542003379,0.23183700201008514,0.1629740397103971,0.7476261869065467,0.010661335998667334,-0.22387578678306078,0.13391694070565868,-0.4863529905661518,0.03860141700003025,0.09457342214364833,0.7476261869065467,0.11176858980612984,not distinguishable
Belgium,Big business,Exploration & Invention,Big business + Exploration & Invention,19496,6003,34,9.795598457884681,1.7445686691592517,1.2594069648990538,2.12199406910195,0.22516925695834247,0.0004997501249375312,0.00566383474929202,1.4021693498366328,0.18516551935090036,1.0392449319088681,1.7650937677643974,3.6605662467843205e-14,0.0011464855807390422,1.0197291687470607e-13,associated
Belgium,Big business,Culture (core),Big business + Culture (core),19496,6003,35,107.1664886115207,-1.6006783485904845,-2.1078437096863576,-1.2092423899774631,0.2358617006288354,0.0004997501249375312,0.005830418124271198,-1.9817944051564607,0.17403264819636594,-2.322898395621338,-1.6406904146915835,4.8271461837877146e-30,0.0011464855807390422,2.5101160155696114e-29,dissociated
Belgium,Big business,Culture (periphery),Big business + Culture (periphery),19496,6003,27,59.21429390633672,-1.1186446944182695,-1.716830509918553,-0.6670653551563205,0.26874501339589846,0.0014992503748125937,0.004497751124437781,-0.7860632698566485,0.19697309665884294,-1.1721305393079806,-0.3999960004053164,6.587471407416107e-05,0.002852232420375178,0.00011677790222237645,dissociated
Belgium,Big business,Sport & Games,Big business + Sport & Games,19496,6003,53,15.936077960075783,1.7026728128469053,1.3376326357579968,2.0211843366485227,0.17314854527595258,0.0004997501249375312,0.008828918873896386,-1.4585001011277552,0.14450830850726581,-1.741736385801996,-1.1752638164535143,5.942126990137326e-24,0.0011464855807390422,2.4393995012142706e-23,associated
Belgium,Small business,Academia,Small business + Academia,19496,6003,84,68.42420317365418,0.29394065792704,0.01251977465491946,0.5539133541079586,0.14087962124065395,0.0384807596201899,0.013993003498250875,0.26378127889080616,0.12131260388578556,0.026008575274666462,0.5015539825069458,0.029675631993416596,0.056632061327826645,0.038578321591441575,not distinguishable
Belgium,Small business,Exploration & Invention,Small business + Exploration & Invention,19496,6003,25,10.089722592598326,1.2678324499658424,0.6812575996093352,1.715927305548461,0.2689272913742576,0.0004997501249375312,0.004164584374479427,1.2012054789702356,0.21135850405259687,0.7869428110271457,1.6154681469133254,1.3215059027509205e-08,0.0011464855807390422,3.031690012193288e-08,associated
Belgium,Small business,Culture (core),Small business + Culture (core),19496,6003,117,110.38428595883765,0.08360582930299515,-0.14595077059451356,0.28539945066303934,0.11159417858503434,0.46326836581709147,0.019490254872563718,-0.415424935865912,0.10677687181740474,-0.6247076046280253,-0.20614226710379874,0.00010000113975246274,0.4949990758045635,0.00017333530890426875,not distinguishable
Belgium,Small business,Culture (periphery),Small business + Culture (periphery),19496,6003,51,60.99227133495028,-0.2558326642143637,-0.6582606960141101,0.07795635731920555,0.18939467864775972,0.1774112943528236,0.00849575212393803,0.05751148206625797,0.14920885625441432,-0.23493787619239412,0.34996084032491004,0.6999093641171392,0.21622001499250376,0.7183280315939061,not distinguishable
Belgium,Small business,Sport & Games,Small business + Sport & Games,19496,6003,11,16.41457706974107,-0.5566332434221788,-1.6375406700115374,0.1037675345032364,0.4458829642480873,0.18140929535232383,0.001832417124770948,-2.938479189505766,0.29878219834736336,-3.524092298266598,-2.3528660807449335,7.968338951858839e-23,0.2176911544227886,3.1076521912249472e-22,not distinguishable
Belgium,Academia,Exploration & Invention,Academia + Exploration & Invention,19496,6003,79,41.77586087956005,0.9111207273104873,0.6164476466070966,1.1603662373830437,0.13728486992779487,0.0004997501249375312,0.013160086623354989,0.7004378582591039,0.13038331179087984,0.4448865671489794,0.9559891493692283,7.780615859588177e-08,0.0011464855807390422,1.6858001029107716e-07,associated
Belgium,Academia,Culture (core),Academia + Culture (core),19496,6003,552,457.0391833060733,0.27207916451566405,0.18339712399713592,0.35492940390394245,0.04391711859175583,0.0004997501249375312,0.09195402298850575,-0.6674918681450869,0.050464155150155066,-0.7664016122393909,-0.5685821240507829,6.124490252339277e-40,0.0011464855807390422,3.6746941514035664e-39,associated
Belgium,Academia,Culture (periphery),Academia + Culture (periphery),19496,6003,94,252.53465778003059,-1.4209487677972203,-1.718056121304143,-1.1612820297672508,0.14168139718528375,0.0004997501249375312,0.015658837248042644,-1.2084431414376842,0.10761401350566509,-1.4193666079087877,-0.9975196749665806,2.9238583005977694e-29,0.0011464855807390422,1.4253809215414125e-28,dissociated
Belgium,Academia,Sport & Games,Academia + Sport & Games,19496,6003,26,67.96352246248705,-1.369343161541746,-2.026400918570035,-0.8963539478107956,0.27793638399015125,0.0004997501249375312,0.004331167749458604,-3.9841586275858174,0.1958939218274713,-4.368110714367662,-3.6002065408039736,5.888135252458491e-92,0.0011464855807390422,6.561064995596605e-91,dissociated
Belgium,Exploration & Invention,Culture (core),Exploration & Invention + Culture (core),19496,6003,27,67.39426050461532,-1.3038580016131007,-1.8929823394165441,-0.8607314098361561,0.26594874106820904,0.0004997501249375312,0.004497751124437781,-1.6584456114493347,0.19974321460972994,-2.049942312084405,-1.266948910814264,1.016103475842186e-16,0.0011464855807390422,3.445916135464805e-16,dissociated
Belgium,Exploration & Invention,Culture (periphery),Exploration & Invention + Culture (periphery),19496,6003,17,37.23835315335227,-1.1086765451486031,-1.9477106967569437,-0.5458916693152028,0.3529165571056393,0.0079960019990005,0.00283191737464601,-0.6853558200596145,0.2468071143673706,-1.1690977642196607,-0.20161387589956814,0.005488201452671236,0.013558438172218239,0.00778326751469739,dissociated
Belgium,Exploration & Invention,Sport & Games,Exploration & Invention + Sport & Games,19496,6003,32,10.021791358271187,1.627059370575203,1.1191388603409915,2.0302046042307387,0.23615099440748744,0.0004997501249375312,0.005330667999333667,-1.399723247199069,0.18537769253709857,-1.7630635245717823,-1.0363829698263558,4.330702300060935e-14,0.0011464855807390422,1.1648095841543204e-13,associated
Belgium,Culture (core),Culture (periphery),Culture (core) + Culture (periphery),19496,6003,1078,407.3976251964791,1.4027471636846538,1.342489326939263,1.4626415432567834,0.030363815081888172,0.0004997501249375312,0.1795768782275529,1.1236461146573304,0.04876847430196878,1.0280599050254717,1.2192323242891892,1.8350472204175292e-117,0.0011464855807390422,2.385561386542788e-116,associated
Belgium,Culture (core),Sport & Games,Culture (core) + Sport & Games,19496,6003,118,109.6410999369539,0.10553413780769737,-0.12450378951538742,0.30246242455582184,0.1110489524499221,0.33883058470764615,0.019656838247542895,-3.678350579249847,0.09438839147498834,-3.8633518265408244,-3.49334933195887,0.0,0.3886586118705353,0.0,not distinguishable
Belgium,Culture (periphery),Sport & Games,Culture (periphery) + Sport & Games,19496,6003,42,60.5816277084111,-0.5232756664568506,-0.9901389128663162,-0.17429824467712834,0.20735852692185597,0.017491254372813594,0.0069965017491254375,-3.1006382610407464,0.15593446603071118,-3.4062698144609405,-2.7950067076205523,5.572070750448515e-88,0.027843221246519598,5.432768981687302e-87,dissociated
