cohort,sector_a,sector_b,pair,n_elites_period,n_diversified_period,n_pair,expected_qi,assoc_log2,assoc_ci_low,assoc_ci_high,assoc_boot_se,p_value,share_of_diversified,log_or_uncond,se_uncond,ci_low_uncond,ci_high_uncond,p_value_uncond,q_value,q_value_uncond,direction,bloc
1350,Politics,Administration & Law,Politics + Administration & Law,837,511,2,1.5961117869550323,0.25421243612977107,-2.122234845353631,1.3827731742182503,0.9771948752869664,0.7691154422788605,0.003913894324853229,-0.5599152339625143,0.6633553637455506,-1.8600917469037936,0.7402612789787649,0.398632925357556,0.8675947740415506,0.6615610250614758,not distinguishable,high pressure
1350,Politics,Military,Politics + Military,837,511,6,2.918789857496127,0.9269539706741247,-0.5197126236954763,1.672096589979652,0.5741373782127336,0.08595702148925537,0.011741682974559686,-0.10170542865170384,0.42880414657696486,-0.9421615559425549,0.7387506986391472,0.8125141461413341,0.13409295352323838,0.9015925759182429,not distinguishable,high pressure
1350,Politics,Religion,Politics + Religion,837,511,6,6.483829012960901,-0.10357851935244447,-1.5673303192666026,0.7165110157408133,0.5876943414285012,0.8435782108945528,0.011741682974559686,-1.5704021960439034,0.4159095951185826,-2.385585002476325,-0.7552193896114815,0.0001594783964668509,0.9138763951357655,0.0013821461027127078,not distinguishable,high pressure
1350,Politics,Nobility,Politics + Nobility,837,511,24,21.953961898923218,0.1258117248567499,-0.31468480348098593,0.4760309200718157,0.20282708303550165,0.5232383808095952,0.046966731898238745,-0.9150519597769009,0.2497771238530344,-1.4046151225288483,-0.42548879702495346,0.0002488176358615685,0.6450056221889056,0.0017643432361093038,not distinguishable,high pressure
1350,Politics,Kinship,Politics + Kinship,837,511,4,14.098164846783023,-1.6977901109850793,-3.4385180919740015,-0.750542033498793,0.7388706847283281,0.030484757621189407,0.007827788649706457,-2.096840890040213,0.49061160191539355,-3.058439629794384,-1.1352421502860417,1.920551649134643e-05,0.06096951524237882,0.00018725378579062768,not distinguishable,high pressure
1350,Politics,Big business,Politics + Big business,837,511,2,0.33149626578682756,1.5881464053276313,-0.7054373840185494,2.55593836518126,0.9036821657842923,0.14792603698150925,0.003913894324853229,0.8515210673110598,0.7201279023281241,-0.5599296212520632,2.262971755874183,0.23702398363265098,0.21367094230662448,0.5437609036278463,not distinguishable,high pressure
1350,Politics,Small business,Politics + Small business,837,511,5,1.6956948420990654,1.324754056271385,-0.31951608243569574,2.1509875812394106,0.6291996758042451,0.038980509745127435,0.009784735812133072,0.44783574019624567,0.47683600451167923,-0.4867628286466456,1.3824343090391369,0.3476373652122291,0.07332048261583494,0.6344972052398987,not distinguishable,high pressure
1350,Politics,Academia,Politics + Academia,837,511,3,3.180509580249525,-0.07255060455162446,-2.7441186715184105,0.9483653759456796,0.842556446555607,0.9175412293853074,0.005870841487279843,-1.1567450963538146,0.5572394828063736,-2.248934482654307,-0.0645557100533225,0.03790790667453919,0.9385696762008606,0.13061468016417285,not distinguishable,high pressure
1350,Politics,Exploration & Invention,Politics + Exploration & Invention,837,511,1,0.4268821260655009,0.6945047162545058,-1.1336101235150633,2.0178191831948284,0.9800838568515282,0.5292353823088456,0.0019569471624266144,0.3287905410387508,0.886063843072612,-1.4078945913835685,2.06547567346107,0.7105863777497679,0.6450056221889056,0.8306084288983623,not distinguishable,high pressure
1350,Politics,Culture (core),Politics + Culture (core),837,511,5,4.363271496113137,0.17750448518062437,-1.4383733921573447,1.0336803216639439,0.6209954612480894,0.7371314342828585,0.009784735812133072,-1.0353254131761498,0.4517239489071493,-1.9207043530341625,-0.14994647331813715,0.021908949077663428,0.8581530130457159,0.08544490140288738,not distinguishable,high pressure
1350,Politics,Culture (periphery),Politics + Culture (periphery),837,511,0,0.7148765793994835,-1.2808097563556917,-1.746703153516469,-0.791813521727274,0.24445413579735306,0.0004997501249375312,0.0,-1.5656251017558,1.4359114115957632,-4.380011468483495,1.2487612649718955,0.2755654089378806,0.0029985007496251873,0.5656342604514392,dissociated,high pressure
1350,Politics,Sport & Games,Politics + Sport & Games,837,511,0,0.23641170791902028,-0.5585844688216922,-0.9796193496546022,-0.13324820351946287,0.21428621482637403,0.014492753623188406,0.0,-0.5425114428401315,1.465049699289807,-3.414008853448153,2.32898596776789,0.7111571740498702,0.035326086956521736,0.8306084288983623,dissociated,high pressure
1350,Administration & Law,Military,Administration & Law + Military,837,511,2,1.6250892146990599,0.2344046856830696,-2.16349008172477,1.3931404400913607,0.9612049902752939,0.7776111944027986,0.003913894324853229,-0.3087888078727961,0.6656346207679853,-1.6134326645780472,0.9958550488324551,0.6427184162131901,0.8675947740415506,0.808581233300465,not distinguishable,high pressure
1350,Administration & Law,Religion,Administration & Law + Religion,837,511,8,3.6099894522569587,1.0483281498241852,0.00388412444751396,1.7077970581273325,0.4495429000204469,0.025487256371814093,0.015655577299412915,-0.2818301087574213,0.3947694513736902,-1.055578233449854,0.4919180159350114,0.4752824421792451,0.05372989181085133,0.7393892749015057,not distinguishable,high pressure
1350,Administration & Law,Nobility,Administration & Law + Nobility,837,511,8,12.223266642587186,-0.5819343774053426,-1.716080723385749,0.09030044381262084,0.4595648221367644,0.18340829585207397,0.015655577299412915,-1.269865965085257,0.3929393804595944,-2.040027150786062,-0.499704779384452,0.001230520445585893,0.2554615549368173,0.006855756768264261,not distinguishable,high pressure
1350,Administration & Law,Kinship,Administration & Law + Kinship,837,511,1,7.8494090901119,-2.4767115971132694,-4.320113894795276,-1.0797836057304002,1.006941003363885,0.0004997501249375312,0.0019569471624266144,-2.3787502070389865,0.8358509437861488,-4.017018056859838,-0.7404823572181349,0.004428576609702185,0.0029985007496251873,0.02158931097229815,dissociated,high pressure
1350,Administration & Law,Big business,Administration & Law + Big business,837,511,0,0.18456656098747637,-0.4532627278784921,-0.763327368534738,-0.1638802426724278,0.1583746162445066,0.004497751124437781,0.0,-0.14293151713643776,1.4538028816538968,-2.9923851651780753,2.7065221309052,0.9216816832411602,0.014032983508245875,0.9459364643790855,dissociated,high pressure
1350,Administration & Law,Small business,Administration & Law + Small business,837,511,2,0.9441088717774102,0.7917485833738546,-1.6250991083815949,1.886863164403627,0.9524916121935397,0.2978510744627686,0.003913894324853229,0.39021250022959286,0.6759883271082096,-0.9347246209024977,1.7151496213616835,0.5637723450399432,0.4005583415188957,0.7714779458441329,not distinguishable,high pressure
1350,Administration & Law,Academia,Administration & Law + Academia,837,511,5,1.7708064192550033,1.2762268936071883,-0.34301747288016976,2.07354523879249,0.6243181806850043,0.04547726136931534,0.009784735812133072,0.2595253923674495,0.4729035227934994,-0.6673655123078093,1.1864162970427083,0.5831486040911247,0.07796101949025487,0.7842343296397883,not distinguishable,high pressure
1350,Administration & Law,Exploration & Invention,Administration & Law + Exploration & Invention,837,511,0,0.23767436947720397,-0.5610560151469272,-0.920948410299676,-0.2452482010983211,0.1741338169081961,0.0024987506246876563,0.0,-0.05069070322740609,1.456647789190066,-2.905720370039935,2.8043389635851232,0.9722395708935876,0.008120939530234883,0.9824297525262188,dissociated,high pressure
1350,Administration & Law,Culture (core),Administration & Law + Culture (core),837,511,4,2.4293305771659854,0.619353989813807,-1.2673150970079075,1.5442024602171633,0.7422424389307626,0.3263368315842079,0.007827788649706457,-0.356633882079035,0.5099340135870518,-1.3561045487096566,0.6428367845515865,0.4843192003753273,0.4314283536198003,0.7393892749015057,not distinguishable,high pressure
1350,Administration & Law,Culture (periphery),Administration & Law + Culture (periphery),837,511,1,0.39802050703973924,0.7401422051334895,-1.0459317186152377,2.015096244804858,0.9875652197737969,0.5287356321839081,0.0019569471624266144,0.4430450897425559,0.8632529279184002,-1.2489306489775085,2.13502082846262,0.6077922339519373,0.6450056221889056,0.7984640307564489,not distinguishable,high pressure
1350,Administration & Law,Sport & Games,Administration & Law + Sport & Games,837,511,0,0.1316265080821407,-0.3371436245630746,-0.6509945881995026,-0.07346372983573975,0.14561315643099196,0.027486256871564217,0.0,0.2895790063117805,1.4696643198051205,-2.5909630605062555,3.170121073129817,0.8437981800260479,0.05641915884163181,0.9015925759182429,not distinguishable,high pressure
1350,Military,Religion,Military + Religion,837,511,1,6.601543002835093,-2.2431700225838176,-4.081116151401573,-0.8813914574093381,1.007614098467996,0.0004997501249375312,0.0019569471624266144,-2.874407906907151,0.829390823063553,-4.500013920111715,-1.2488018937025869,0.000528881169647825,0.0029985007496251873,0.0032969592495451605,dissociated,high pressure
1350,Military,Nobility,Military + Nobility,837,511,29,22.352536328246135,0.36836066030199555,-0.01172270962339923,0.6824506628043154,0.1785688631746576,0.04147926036981509,0.05675146771037182,-0.21655008809111423,0.25380493498496337,-0.7140077606616424,0.280907584479414,0.39354028213811676,0.07524144904292039,0.6615610250614758,not distinguishable,high pressure
1350,Military,Kinship,Military + Kinship,837,511,12,14.354117190791717,-0.2489347706485981,-1.1491160261371673,0.3152539503393282,0.37655088260537384,0.47426286856571714,0.023483365949119372,-0.6269642104138577,0.3224441845277784,-1.2589548120883034,0.0050263912605879035,0.05184583700328837,0.6064344876741956,0.16175901145025973,not distinguishable,high pressure
1350,Military,Big business,Military + Big business,837,511,0,0.3375145842829138,-0.7441862185428696,-1.2034859957859072,-0.28505230210224924,0.23269379728627115,0.0014992503748125937,0.0,-0.7309851624087423,1.4501287713328805,-3.5732375542211883,2.1112672294037034,0.6142031005818838,0.005315524056153741,0.7984640307564489,dissociated,high pressure
1350,Military,Small business,Military + Small business,837,511,2,1.7264802013479852,0.16716331200574902,-2.2329153867830485,1.3329758378679735,0.9405581108560266,0.8195902048975512,0.003913894324853229,-0.22131999978347522,0.6673700027255746,-1.5293652051256013,1.086725205558651,0.7401685665779832,0.9003948729860421,0.8490168851923925,not distinguishable,high pressure
1350,Military,Academia,Military + Academia,837,511,3,3.2382517680487215,-0.09500881457058212,-2.7441270225706504,0.9288309710102218,0.8186539490542328,0.8920539730134932,0.005870841487279843,-0.9006979773351271,0.5600215650841155,-1.9983402448999934,0.19694429022973914,0.10776351242886556,0.927736131934033,0.28984668860177637,not distinguishable,high pressure
1350,Military,Exploration & Invention,Military + Exploration & Invention,837,511,2,0.43463217594570297,1.4194574850369637,-0.9202182942875988,2.464848979026841,0.9231827903355232,0.14442778610694654,0.003913894324853229,1.2143127930512925,0.730751565475392,-0.2179602752804759,2.646585861383061,0.09656665022779538,0.21255410030833644,0.27897032288029777,not distinguishable,high pressure
1350,Military,Culture (core),Military + Culture (core),837,511,2,4.442486740019958,-0.9833090005293141,-3.43236833669275,0.1971396766583865,0.970348645664797,0.2158920539730135,0.003913894324853229,-1.6351917214057186,0.6516278916498381,-2.9123823890394016,-0.3580010537720357,0.012093819143928732,0.2954312317525448,0.04964831016981269,not distinguishable,high pressure
1350,Military,Culture (periphery),Military + Culture (periphery),837,511,0,0.7278551718732384,-1.2961404017973428,-1.7672059602500623,-0.789690859437468,0.2451733751211647,0.0004997501249375312,0.0,-1.320999494429835,1.4369110100371818,-4.137345074102711,1.4953460852430414,0.35792150039173776,0.0029985007496251873,0.6344972052398987,dissociated,high pressure
1350,Military,Sport & Games,Military + Sport & Games,837,511,0,0.2407037651797055,-0.5669685759074182,-0.9924024529668876,-0.1340509626397632,0.21714143003053538,0.01249375312343828,0.0,-0.298281437888823,1.4660297912693163,-3.171699828776683,2.5751369529990367,0.838773899016638,0.03143589495574793,0.9015925759182429,dissociated,high pressure
1350,Religion,Nobility,Religion + Nobility,837,511,24,49.6541479977159,-1.0335872746058614,-1.6076744857158058,-0.6186638309682874,0.24634909165377686,0.0009995002498750624,0.046966731898238745,-2.5008022077970824,0.22958834922761426,-2.9507953722832063,-2.0508090433109585,1.2509010473472035e-27,0.004103211552118677,9.757028169308187e-26,dissociated,high pressure
1350,Religion,Kinship,Religion + Kinship,837,511,15,31.8863796439719,-1.0631189879960092,-1.922048395245235,-0.5203061869973665,0.3494520680836708,0.0079960019990005,0.029354207436399216,-1.994558148469357,0.276478279868736,-2.5364555770120796,-1.4526607199266346,5.426849351673532e-13,0.023099561330445887,1.0582356235763387e-11,dissociated,high pressure
1350,Religion,Big business,Religion + Big business,837,511,0,0.7497582767908798,-1.3216490816088464,-1.9202128777689194,-0.5433953647885197,0.34170197706186123,0.0009995002498750624,0.0,-2.111283318037213,1.4467814507215326,-4.946974961451417,0.7244083253769911,0.14448347824134633,0.004103211552118677,0.3516447473833304,dissociated,high pressure
1350,Religion,Small business,Religion + Small business,837,511,4,3.8352204051461065,0.053819658669236936,-1.635634861020609,0.9741208612384307,0.7243614572168956,0.9265367316341829,0.007827788649706457,-0.9695961849091753,0.5092696587398783,-1.9677647160393368,0.028572346220986145,0.05692380212123881,0.9385696762008606,0.17077140636371643,not distinguishable,high pressure
1350,Religion,Academia,Religion + Academia,837,511,30,7.193484899580199,1.9871000971794717,1.5731876853094438,2.3536613403781343,0.19431185655138736,0.0004997501249375312,0.05870841487279843,0.3669246233172185,0.2364014530555898,-0.0964222246717375,0.8302714713061745,0.12063229897339246,0.0029985007496251873,0.3136439773308204,associated,high pressure
1350,Religion,Exploration & Invention,Religion + Exploration & Invention,837,511,1,0.9654962672717233,0.0335732073408748,-1.8922675687926058,1.3504385939018788,0.9873427602794274,0.9675162418790605,0.0019569471624266144,-0.8137472474763102,0.8821369096397851,-2.542735590370289,0.9152410954176685,0.35628204579012424,0.9675162418790604,0.6344972052398987,not distinguishable,high pressure
1350,Religion,Culture (core),Religion + Culture (core),837,511,32,9.868584523363108,1.6482207613581148,1.2517278957803373,1.9907970675829432,0.19411379269262807,0.0004997501249375312,0.06262230919765166,-0.03144079393086966,0.22049063748373504,-0.46360244339899037,0.400720855537251,0.8866102919967952,0.0029985007496251873,0.9244502293922733,associated,high pressure
1350,Religion,Culture (periphery),Religion + Culture (periphery),837,511,2,1.6168647662335547,0.23999898771285536,-2.210796037586913,1.3834818806458298,0.9502300947384519,0.7786106946526736,0.003913894324853229,-0.9796440122379351,0.6784802886518413,-2.309465377995544,0.35017735351967394,0.14877277773910133,0.8675947740415506,0.3516447473833304,not distinguishable,high pressure
1350,Religion,Sport & Games,Religion + Sport & Games,837,511,0,0.5347017539453585,-1.0492149801782509,-1.6543466787189107,-0.28003269373923345,0.34810044125645073,0.00849575212393803,0.0,-1.6772872732189728,1.4627175549071187,-4.544213680836926,1.1896391343989798,0.25150872465719365,0.02366673805954166,0.5449355700905862,dissociated,high pressure
1350,Nobility,Kinship,Nobility + Kinship,837,511,188,107.96588904473342,0.7973231162470177,0.666920569187273,0.9330437468702497,0.06961307789583503,0.0004997501249375312,0.3679060665362035,1.947764204137891,0.18111484332466804,1.5927791112215417,2.3027492970542403,5.655896566838683e-27,0.0029985007496251873,2.2057996610670865e-25,associated,high pressure
1350,Nobility,Big business,Nobility + Big business,837,511,0,2.5386487844090473,-2.603429933737155,-3.330443248916454,-1.3695178695154042,0.48684864672422723,0.0009995002498750624,0.0,-3.067753692758664,1.4463052347055996,-5.902511952781639,-0.2329954327356889,0.03391364046363168,0.004103211552118677,0.1259649502934891,dissociated,high pressure
1350,Nobility,Small business,Nobility + Small business,837,511,5,12.985888813576311,-1.2939470845630765,-2.9220268439776422,-0.49759879557059244,0.6239217800906679,0.04397801099450275,0.009784735812133072,-1.7128176611981736,0.467496583452923,-2.6291109647659026,-0.7965243576304445,0.00024849321189464763,0.07796101949025487,0.0017643432361093038,not distinguishable,high pressure
1350,Nobility,Academia,Nobility + Academia,837,511,2,24.356825741421748,-3.313642073562521,-5.702472415266829,-2.126578493437834,0.9583651726345134,0.0004997501249375312,0.003913894324853229,-3.7206158227255335,0.645317664012428,-4.985438444189892,-2.4557932012611747,8.138855240474377e-09,0.0029985007496251873,1.269661417514003e-07,dissociated,high pressure
1350,Nobility,Exploration & Invention,Nobility + Exploration & Invention,837,511,3,3.2691281992269006,-0.10687594411565786,-2.3813052257063716,0.7937145746354997,0.7385896921888203,0.8590704647676162,0.005870841487279843,-0.6775485825983169,0.6510661903728271,-1.9536383157290578,0.5985411505324242,0.2980262137266605,0.9179109075599187,0.5811511167669879,not distinguishable,high pressure
1350,Nobility,Culture (core),Nobility + Culture (core),837,511,9,33.41459625001427,-1.8359068992117866,-3.0577655151352237,-1.1659338368437253,0.4818141862226522,0.004997501249375313,0.01761252446183953,-2.709576960579785,0.34560821107364403,-3.386969054284127,-2.0321848668754425,4.504573038360845e-15,0.014992503748125939,1.1711889899738198e-13,dissociated,high pressure
1350,Nobility,Culture (periphery),Nobility + Culture (periphery),837,511,2,5.474633492438908,-1.256922120321744,-3.688862652092542,-0.13695386733987483,0.950154768013536,0.1629185407296352,0.003913894324853229,-1.945230454891508,0.6774569348738559,-3.2730460472442657,-0.6174148625387503,0.004086950598355329,0.23104811230748265,0.021252143111447706,not distinguishable,high pressure
1350,Nobility,Sport & Games,Nobility + Sport & Games,837,511,4,1.8104767892457387,0.9617344049948943,-0.050450657610165914,1.3354535742895661,0.37559350648603657,0.037481259370314844,0.007827788649706457,0.3476584373657551,0.7160734349173024,-1.0558454950721576,1.7511623698036676,0.6273169740475537,0.07308845577211395,0.8021430159952326,not distinguishable,high pressure
1350,Kinship,Big business,Kinship + Big business,837,511,2,1.6302428334103787,0.2309101974934032,-2.0746424582811733,1.247652331915437,0.8465221461551019,0.7301349325337332,0.003913894324853229,-0.41405029677037103,0.7149825588579283,-1.8154161121319103,0.9873155185911684,0.562518022610681,0.8581530130457159,0.7714779458441329,not distinguishable,high pressure
1350,Kinship,Small business,Kinship + Small business,837,511,1,8.339141792205346,-2.558943801900792,-4.408785652505851,-1.1224775407400247,1.0144455486111412,0.0004997501249375312,0.0019569471624266144,-2.292305500749018,0.8371573072946515,-3.933133823046535,-0.651477178451501,0.006177618868413191,0.0029985007496251873,0.028344368925660526,dissociated,high pressure
1350,Kinship,Academia,Kinship + Academia,837,511,2,15.641210731251842,-2.6907487973555817,-5.1106282046815155,-1.5191440269226106,0.9878123474420729,0.0004997501249375312,0.003913894324853229,-2.8153793946834775,0.6459526856643059,-4.0814466585855165,-1.5493121307814381,1.3096191078597351e-05,0.0029985007496251873,0.00014592898630437048,dissociated,high pressure
1350,Kinship,Exploration & Invention,Kinship + Exploration & Invention,837,511,0,2.0993344376819887,-2.3781422669553995,-3.0471296464407067,-1.4751431783398514,0.40377152789495074,0.0004997501249375312,0.0,-2.133720425560702,1.4495316835638652,-4.974802525345877,0.7073616742244737,0.14101905424972763,0.0029985007496251873,0.3516447473833304,dissociated,high pressure
1350,Kinship,Culture (core),Kinship + Culture (core),837,511,4,21.4578347357205,-2.286738890499769,-4.037343561380646,-1.317184229591953,0.7635082021345992,0.02148925537231384,0.007827788649706457,-2.5865594994244505,0.486577852900671,-3.5402520911097657,-1.6328669077391353,1.0617900997358674e-07,0.04764284524404464,1.3803271296566276e-06,dissociated,high pressure
1350,Kinship,Culture (periphery),Kinship + Culture (periphery),837,511,0,3.515642680235715,-3.0056309011645514,-3.571311579386258,-2.2491443101823867,0.34020359952280116,0.0004997501249375312,0.0,-2.8198498890410577,1.4334272451038843,-5.629367289444671,-0.010332488637444737,0.0491592083709287,0.0029985007496251873,0.15976742720551826,dissociated,high pressure
1350,Kinship,Sport & Games,Kinship + Sport & Games,837,511,1,1.162632983676298,-0.14850723671520938,-2.108872545159395,1.0579580958633152,0.9245455635600763,0.8915542228885557,0.0019569471624266144,-0.5445645605945783,0.9090782343170035,-2.326357899855905,1.2372287786667484,0.5491533004096787,0.927736131934033,0.7714779458441329,not distinguishable,high pressure
1350,Big business,Small business,Big business + Small business,837,511,3,0.1960818584564739,2.330026041553561,-0.2321081125326577,3.147391203759874,0.7608609927262173,0.046476761619190406,0.005870841487279843,2.2776049061345405,0.6591451511252787,0.9856804099289942,3.5695294023400868,0.0005494932082575267,0.07796101949025487,0.0032969592495451605,not distinguishable,high pressure
1350,Big business,Academia,Big business + Academia,837,511,0,0.36777857303732514,-0.7953988690566086,-1.248813014599156,-0.3108021446772691,0.24006348335847555,0.001999000499750125,0.0,-1.0635128648335972,1.4488370518929863,-3.90323348654385,1.7762077568766557,0.4629207778174186,0.006779219086109119,0.7368942993828297,dissociated,high pressure
1350,Big business,Exploration & Invention,Big business + Exploration & Invention,837,511,0,0.049362561318614946,-0.13583050019988568,-0.2938207147113936,-0.033029182172191945,0.06739677676484787,0.03948025987006497,0.0,1.2181574393178924,1.477639792615247,-1.6780165542079915,4.114331432843777,0.4097156998412046,0.07332048261583494,0.6657880122419575,not distinguishable,high pressure
1350,Big business,Culture (core),Big business + Culture (core),837,511,0,0.5045473764895961,-1.0065456060969007,-1.5422174437728358,-0.4119516964494563,0.2847561130749434,0.0009995002498750624,0.0,-1.423942158319663,1.4478567649556369,-4.261741417632711,1.4138571009933854,0.3253698992203158,0.004103211552118677,0.6189963936386496,dissociated,high pressure
1350,Big business,Culture (periphery),Big business + Culture (periphery),837,511,0,0.08266483141632894,-0.220738139991387,-0.4181972768243544,-0.06588889104791155,0.09317534702052857,0.017991004497751123,0.0,0.5367847954917513,1.4618402563715613,-2.328422106996509,3.4019916979800113,0.7134713427716702,0.042524192449229926,0.8306084288983623,dissociated,high pressure
1350,Big business,Sport & Games,Big business + Sport & Games,837,511,0,0.027337493692112313,-0.07679848108443285,-0.1899102467836112,-0.011231593200952147,0.045241763209181524,0.07596201899050475,0.0,1.55829716171247,1.4904731166063603,-1.3630301468359962,4.479624470260936,0.29578961047252716,0.1209191322705994,0.5811511167669879,not distinguishable,high pressure
1350,Small business,Academia,Small business + Academia,837,511,4,1.8812888520891684,0.9181823702498493,-0.7237991302632716,1.8105743825300442,0.695708132861952,0.13393303348325838,0.007827788649706457,0.11001719234358945,0.5154536154840385,-0.9002718940051259,1.1203062786923048,0.8309856408046499,0.20483875709204225,0.9015925759182429,not distinguishable,high pressure
1350,Small business,Exploration & Invention,Small business + Exploration & Invention,837,511,0,0.2525031177111386,-0.5897694642568454,-0.9615278109778568,-0.2677835515100381,0.1796875001851585,0.0014992503748125937,0.0,0.03209518100919813,1.4573602092107427,-2.8243308290438573,2.888521191062254,0.9824297525262188,0.005315524056153741,0.9824297525262188,dissociated,high pressure
1350,Small business,Culture (core),Small business + Culture (core),837,511,7,2.5808990091556563,1.2835392035195587,0.11602726160225642,2.011212484783777,0.4853015759274833,0.021989005497251374,0.0136986301369863,0.37295891288404,0.4207909703405013,-0.45179138898334253,1.1977092147514226,0.3754406850291301,0.04764284524404464,0.6507638540504922,associated,high pressure
1350,Small business,Culture (periphery),Small business + Culture (periphery),837,511,2,0.4228534156273074,1.4377546787855202,-0.9433224764728558,2.506606053188846,0.9482442598085683,0.14342828585707146,0.003913894324853229,1.1213317375486374,0.6959280749379021,-0.24268728932965078,2.4853507644269257,0.10711972564448359,0.21255410030833644,0.28984668860177637,not distinguishable,high pressure
1350,Small business,Sport & Games,Small business + Sport & Games,837,511,0,0.1398388212295591,-0.35578043350910793,-0.672462693014772,-0.08115875375934091,0.14935557914985903,0.02148925537231384,0.0,0.37235052428611476,1.470370445448472,-2.50957554879289,3.25427659736512,0.8000859571133642,0.04764284524404464,0.9015925759182429,dissociated,high pressure
1350,Academia,Exploration & Invention,Academia + Exploration & Invention,837,511,0,0.47360442750950593,-0.9614076338991638,-1.4361101973959471,-0.47249338560921106,0.24959280528478522,0.0009995002498750624,0.0,-0.9711805422003104,1.451691608212812,-3.8164960942974218,1.874135009896801,0.5034959805241526,0.004103211552118677,0.7393892749015057,dissociated,high pressure
1350,Academia,Culture (core),Academia + Culture (core),837,511,15,4.840832100494479,1.5371317793849488,0.8666992934619724,2.0517417718602036,0.3037404140961146,0.0009995002498750624,0.029354207436399216,0.1293747838201686,0.29658727018099773,-0.45193626573458695,0.7106858333749242,0.6626832707590802,0.004103211552118677,0.8126639211318923,associated,high pressure
1350,Academia,Culture (periphery),Academia + Culture (periphery),837,511,0,0.7931199093458791,-1.3708560606065712,-1.8347265741783678,-0.8450839427918325,0.254604131689583,0.0004997501249375312,0.0,-1.6539196388984447,1.4356077661978512,-4.467710860646233,1.1598715828493436,0.24929259600596032,0.0029985007496251873,0.5449355700905862,dissociated,high pressure
1350,Academia,Sport & Games,Academia + Sport & Games,837,511,0,0.26228699856210913,-0.608406175072723,-1.0497700011428182,-0.14722947823004676,0.22951504703408132,0.01249375312343828,0.0,-0.630637743649155,1.4647519381400285,-3.501551542403611,2.2402760551053005,0.6668011660569373,0.03143589495574793,0.8126639211318923,dissociated,high pressure
1350,Exploration & Invention,Culture (core),Exploration & Invention + Culture (core),837,511,1,0.649727550521349,0.38367047266429544,-1.4813246599372831,1.6855847493510872,0.9669461305946608,0.6466766616691654,0.0019569471624266144,-0.12348704786226858,0.8839238878975538,-1.855977868141474,1.609003772416937,0.8888944513387242,0.7760119940029985,0.9244502293922733,not distinguishable,high pressure
1350,Exploration & Invention,Culture (periphery),Exploration & Invention + Culture (periphery),837,511,1,0.10645109048842544,1.3064992970971476,-0.39099274943038415,2.558337220082624,0.9835601006667279,0.38130934532733635,0.0019569471624266144,1.8789395229491297,0.907991593696313,0.09927599930435616,3.6586030465939032,0.038514585176615074,0.49570214892553727,0.13061468016417285,not distinguishable,high pressure
1350,Exploration & Invention,Sport & Games,Exploration & Invention + Sport & Games,837,511,0,0.0352036768827302,-0.09815993253121037,-0.22669743272707757,-0.01772707683337776,0.053858719876842584,0.06296851574212893,0.0,1.6504884522644578,1.4932482036201131,-1.276278026830964,4.57725493135988,0.26902926611907263,0.10232383808095952,0.5656342604514392,not distinguishable,high pressure
1350,Culture (core),Culture (periphery),Culture (core) + Culture (periphery),837,511,7,1.0880638483023246,2.239621678230048,1.1802127528760111,2.8132849111055296,0.42492433167097804,0.0014992503748125937,0.0136986301369863,1.177832142423332,0.4660549833132806,0.264364375129302,2.091299909717362,0.01149633702325371,0.005315524056153741,0.04964831016981269,associated,high pressure
1350,Culture (core),Sport & Games,Culture (core) + Sport & Games,837,511,0,0.3598257938708465,-0.7821162954191736,-1.2902985021167765,-0.19746646894936484,0.28060737752672915,0.009995002498750625,0.0,-0.9908041779310501,1.4637820596281237,-3.8598170148021724,1.8782086589400722,0.49848236445989447,0.026883110169053405,0.7393892749015057,dissociated,high pressure
1350,Culture (periphery),Sport & Games,Culture (periphery) + Sport & Games,837,511,0,0.058953707769786805,-0.16080070994057433,-0.3445989151856817,-0.0332335687868878,0.08049954095782162,0.04697651174412794,0.0,0.9691762539291582,1.4776155208411366,-1.9269501669194695,3.865302674777786,0.5118848826241194,0.07796101949025487,0.7393892749015057,not distinguishable,high pressure
1400,Politics,Administration & Law,Politics + Administration & Law,1139,667,7,4.623137470623007,0.5498629910451736,-0.7397581320112017,1.2982150102953536,0.520309899085878,0.2538730634682659,0.010494752623688156,-0.09558170409543788,0.3975210761707117,-0.8747230133900328,0.683559605199157,0.8099857858152787,0.37362450850046675,0.8774846012998853,not distinguishable,high pressure
1400,Politics,Military,Politics + Military,1139,667,11,5.905235480261411,0.8443103456836133,-0.09719387050386628,1.436853122761708,0.3906361663833973,0.03948025987006497,0.01649175412293853,0.11707440210836396,0.3298625165485957,-0.5294561303268837,0.7636049345436116,0.7226504384350815,0.07698650674662669,0.8289225617343581,not distinguishable,high pressure
1400,Politics,Religion,Politics + Religion,1139,667,14,11.762674585613697,0.24177922377481106,-0.5373732272585264,0.8019796576765374,0.33845608633728386,0.42828585707146427,0.020989505247376312,-0.9711217590933262,0.2882009339702635,-1.5359955896750426,-0.40624792851160985,0.0007527747364512869,0.5388112395415195,0.002935821472160019,not distinguishable,high pressure
1400,Politics,Nobility,Politics + Nobility,1139,667,34,33.69447609936788,0.01283307618632673,-0.3988969845339059,0.33382767183482737,0.18672972724077005,0.9440279860069966,0.050974512743628186,-0.7224018292878742,0.20930873077779866,-1.1326469416123595,-0.31215671696338887,0.0005577488193040829,0.956288089721373,0.0024169115503176923,not distinguishable,high pressure
1400,Politics,Kinship,Politics + Kinship,1139,667,9,18.36407933207932,-0.9896422720791769,-2.1153021230867304,-0.31325198391414605,0.46597949399965855,0.0384807596201899,0.013493253373313344,-1.2345906898981556,0.3457877716611651,-1.9123347223540392,-0.556846657442272,0.000356475750075307,0.07698650674662669,0.0017378192816171218,not distinguishable,high pressure
1400,Politics,Big business,Politics + Big business,1139,667,1,0.7542524710074175,0.25813472035732743,-1.6110388194151348,1.5580208046033284,0.9787175665528306,0.7581209395302348,0.0014992503748125937,-0.12127518188426988,0.8658570138773812,-1.8183549290839371,1.5758045653153974,0.8886096200954512,0.810047031278881,0.9257161984853229,not distinguishable,high pressure
1400,Politics,Small business,Politics + Small business,1139,667,5,4.996756338452697,0.000851089979682267,-1.6809579200201574,0.8964691748743284,0.6412089777921899,0.999000499750125,0.0074962518740629685,-0.5750159707705934,0.45206105528665824,-1.4610556391324434,0.3110236975912567,0.20337759265711297,0.9990004997501248,0.3382723363255156,not distinguishable,high pressure
1400,Politics,Academia,Politics + Academia,1139,667,9,8.014619040278873,0.15798553092620551,-0.9325215233228147,0.8580304718590819,0.4533333677262407,0.7016491754122939,0.013493253373313344,-0.728555035908106,0.34899578637015305,-1.412586777193606,-0.04452329462260607,0.03683614843212909,0.7708258546782947,0.08450645816782555,not distinguishable,high pressure
1400,Politics,Exploration & Invention,Politics + Exploration & Invention,1139,667,2,0.6852446962599253,1.0767431575890305,-1.2931180593350828,2.127181957750143,0.916904788484699,0.17191404297851073,0.0029985007496251873,0.25739914490006166,0.6881495184912174,-1.0913739113427245,1.6061722011428479,0.7083705577617312,0.26818590704647677,0.8246702015733587,not distinguishable,high pressure
1400,Politics,Culture (core),Politics + Culture (core),1139,667,6,9.065402252599002,-0.5573859211702189,-1.9194113193269116,0.291164441014627,0.5862290160493481,0.29535232383808097,0.008995502248875561,-1.6334868225675736,0.40982846525094424,-2.436750614459424,-0.8302230306757229,6.725831035277149e-05,0.4041663378836898,0.0004769225643196524,not distinguishable,high pressure
1400,Politics,Culture (periphery),Politics + Culture (periphery),1139,667,3,2.7240231680097153,0.11849281086770741,-2.5931503234058213,1.1316786196985724,0.8461127266654759,0.8755622188905547,0.004497751124437781,-0.43414099468554024,0.5642430323443294,-1.5400573380804259,0.6717753487093453,0.4416428406596675,0.8986033299139904,0.6043533609027029,not distinguishable,high pressure
1400,Politics,Sport & Games,Politics + Sport & Games,1139,667,0,0.4100990668811281,-0.8640955004448873,-1.3632123393087585,-0.33014832876389294,0.2654898549459285,0.0024987506246876563,0.0,-0.48996437180827357,1.4706270254613643,-3.3723933417125473,2.392464598096,0.7390082381522771,0.00721861291576434,0.8354006170417045,dissociated,high pressure
1400,Administration & Law,Military,Administration & Law + Military,1139,667,1,3.699431392946306,-1.4852314980962946,-3.322911886189855,-0.1515218928387388,1.0036069337870128,0.24987506246876562,0.0014992503748125937,-1.5084908260470111,0.8321590033094429,-3.1395224725335193,0.12254082043949688,0.06987139153754737,0.37362450850046675,0.1513880149980193,not distinguishable,high pressure
1400,Administration & Law,Religion,Administration & Law + Religion,1139,667,16,7.3689199647470565,1.068228484696838,0.32865261025448056,1.583538443210171,0.3187991398113871,0.005997001499250375,0.0239880059970015,-0.07398675268572685,0.2888768582042024,-0.6401853947659635,0.49221188939450977,0.7978592168753358,0.015089229578759007,0.8765213931869886,associated,high pressure
1400,Administration & Law,Nobility,Administration & Law + Nobility,1139,667,14,21.108455889275145,-0.5755430826246352,-1.324273645080405,-0.040192746919296585,0.32341945298643165,0.08095952023988005,0.020989505247376312,-1.11783878529194,0.29979522599689246,-1.7054374282458493,-0.5302401423380309,0.00019248966908292077,0.14032983508245878,0.001000946279231188,not distinguishable,high pressure
1400,Administration & Law,Kinship,Administration & Law + Kinship,1139,667,2,11.504477985803076,-2.2635726694019525,-4.6624024185961925,-1.071513506966877,0.9693667772425029,0.063968015992004,0.0029985007496251873,-2.0324752634864027,0.6478964188463816,-3.3023522444253106,-0.7625982825474948,0.0017066438593433932,0.11339784653127981,0.006121516699782611,not distinguishable,high pressure
1400,Administration & Law,Big business,Administration & Law + Big business,1139,667,1,0.4725138021640152,0.6251718702682728,-1.2086850361025658,1.8445747491734967,0.9699429421987121,0.5697151424287856,0.0014992503748125937,0.49389997288264786,0.8692957330302186,-1.2099196638565806,2.1977196096218763,0.5699256193994333,0.6552165093923626,0.7056221954469175,not distinguishable,high pressure
1400,Administration & Law,Small business,Administration & Law + Small business,1139,667,1,3.1302997692747465,-1.2751261818772583,-3.1281610177871797,0.14485917691354272,1.0246558616362276,0.3728135932033983,0.0014992503748125937,-1.3438007206414122,0.8332124163701897,-2.976897056726984,0.2892956154441597,0.10678907843914584,0.4872563718140929,0.2191986346908783,not distinguishable,high pressure
1400,Administration & Law,Academia,Administration & Law + Academia,1139,667,16,5.020889239593937,1.5794934613714082,0.9355322662521316,2.061154795437414,0.2944359947217345,0.0004997501249375312,0.0239880059970015,0.6728962242882451,0.2942808853570003,0.09610568898852456,1.2496867595879657,0.022220461402277115,0.0025987006496751624,0.05590954804443919,associated,high pressure
1400,Administration & Law,Exploration & Invention,Administration & Law + Exploration & Invention,1139,667,0,0.42928275251128584,-0.8941895367903666,-1.3231027945390406,-0.44010973524663577,0.2246640714911148,0.0009995002498750624,0.0,-0.8819131030649877,1.439405393989001,-3.7031476752834296,1.9393214691534544,0.540079584382211,0.003712429499535946,0.6901004576494395,dissociated,high pressure
1400,Administration & Law,Culture (core),Administration & Law + Culture (core),1139,667,7,5.679169576734018,0.2794776293279499,-0.9521045928744662,1.0241181811061328,0.5232232802643316,0.5712143928035982,0.010494752623688156,-0.8092851955225996,0.3928795374944267,-1.5793290890116758,-0.03924130203352327,0.03940989394216824,0.6552165093923626,0.08782776364254637,not distinguishable,high pressure
1400,Administration & Law,Culture (periphery),Administration & Law + Culture (periphery),1139,667,0,1.7065088863149092,-2.141765557518583,-2.549216302719094,-1.698902005592079,0.2199655602801431,0.0004997501249375312,0.0,-1.8644401804605222,1.4271471965204998,-4.661648685640701,0.9327683247196572,0.1914129737182303,0.0025987006496751624,0.33402186061309674,dissociated,high pressure
1400,Administration & Law,Sport & Games,Administration & Law + Sport & Games,1139,667,0,0.25691327082707155,-0.5981999068878198,-0.9916095718057399,-0.2159282035140478,0.20175943436043312,0.004497751124437781,0.0,0.11890236182114501,1.4726103763089062,-2.7674139757443115,3.0052186993866012,0.9356466730193898,0.01169415292353823,0.960268953888321,dissociated,high pressure
1400,Military,Religion,Military + Religion,1139,667,2,9.41248403352517,-1.9873185421186499,-4.41882638982157,-0.8296352770435258,1.0023925841710404,0.1409295352323838,0.0029985007496251873,-2.540532986702983,0.6449230268188763,-3.8045821192679803,-1.2764838541379857,8.172618530007746e-05,0.2330875378637212,0.0004903571118004648,not distinguishable,high pressure
1400,Military,Nobility,Military + Nobility,1139,667,52,26.96229637187986,0.9348651554217241,0.6930634255957026,1.1576477760998214,0.11848571530619165,0.0004997501249375312,0.07796101949025487,0.6258816251293293,0.21705333335365534,0.20045709175616488,1.0513061585024936,0.003932346796183599,0.0025987006496751624,0.012268922004092828,associated,high pressure
1400,Military,Kinship,Military + Kinship,1139,667,6,14.694923526575476,-1.2250777907898962,-2.668076826932056,-0.42579255199622296,0.5965817215590905,0.047976011994003,0.008995502248875561,-1.2956844808979058,0.4134771182164203,-2.1060996326020893,-0.485269329193722,0.0017265816332720182,0.0890983079888627,0.006121516699782611,not distinguishable,high pressure
1400,Military,Big business,Military + Big business,1139,667,0,0.6035523034265616,-1.1421550085082486,-1.6102007701695165,-0.6184661793384596,0.2522491324963415,0.0004997501249375312,0.0,-0.9655189414459274,1.4424386390448558,-3.792698673973845,1.8616607910819902,0.5032622295164213,0.0025987006496751624,0.6653297271573027,dissociated,high pressure
1400,Military,Small business,Military + Small business,1139,667,3,3.9984009514829144,-0.3620573350865907,-3.0166358156637436,0.6653807607978005,0.8205313548968176,0.6051974012993503,0.004497751124437781,-0.7260843438871072,0.5574035295841402,-1.818595261872022,0.36642657409780766,0.19270491958447888,0.6743628185907046,0.33402186061309674,not distinguishable,high pressure
1400,Military,Academia,Military + Academia,1139,667,1,6.413292589397591,-2.204410485004975,-4.0048415199525875,-0.852922327545232,1.0157854862700875,0.0004997501249375312,0.0014992503748125937,-2.3602977688379845,0.8277145218238736,-3.9826182316127765,-0.7379773060631922,0.004350194406725267,0.0025987006496751624,0.0130505832201758,dissociated,high pressure
1400,Military,Exploration & Invention,Military + Exploration & Invention,1139,667,2,0.5483323300036563,1.253831959266538,-1.0564780610191553,2.283662732676286,0.8769970731743524,0.13393303348325838,0.0029985007496251873,0.5978810681787851,0.6902278991242751,-0.7549656141047941,1.9507277504623644,0.38637599571421166,0.22710383938465553,0.5580986604760836,not distinguishable,high pressure
1400,Military,Culture (core),Military + Culture (core),1139,667,3,7.254128586064201,-1.147609737320758,-3.816306452344715,-0.06481802176756857,0.8418432964490915,0.14642678660669664,0.004497751124437781,-1.9427368418171538,0.5499738609881336,-3.0206856093538956,-0.8647880742804119,0.0004117799598713667,0.2330875378637212,0.001889343345292153,not distinguishable,high pressure
1400,Military,Culture (periphery),Military + Culture (periphery),1139,667,0,2.1797614470439233,-2.422104577367813,-2.807582005097337,-1.975484127947049,0.2178804714194821,0.0004997501249375312,0.0,-2.1395667877056184,1.4260686208561029,-4.93466128458358,0.6555277091723433,0.13353016688054772,0.0025987006496751624,0.24798459563530292,dissociated,high pressure
1400,Military,Sport & Games,Military + Sport & Games,1139,667,1,0.328160988479883,0.8569793511864052,-0.9392670629369275,2.1160570478594543,0.9641997374331642,0.4662668665667166,0.0014992503748125937,1.1219256320523863,0.9274997643774575,-0.6959739061274304,2.939825170232203,0.2264233464874138,0.5772827871778395,0.3679379380420474,not distinguishable,high pressure
1400,Religion,Nobility,Religion + Nobility,1139,667,36,53.706362661300034,-0.5705657388992675,-0.9880834072814849,-0.24927386070329705,0.1917458281368728,0.009995002498750625,0.053973013493253376,-1.882811140812479,0.19038625700683154,-2.255968204545869,-1.5096540770790892,4.626648303419754e-23,0.021655838747293023,1.804392838333704e-21,dissociated,high pressure
1400,Religion,Kinship,Religion + Kinship,1139,667,14,29.27090783785889,-1.0378503157330239,-1.8330845667346003,-0.4925756790105028,0.3486771279405937,0.0069965017491254375,0.020989505247376312,-1.767489447156788,0.281104260904885,-2.3184537985303626,-1.2165250957832132,3.2227622762482196e-10,0.017053973013493255,4.1895909591226856e-09,dissociated,high pressure
1400,Religion,Big business,Religion + Big business,1139,667,0,1.2022195159421398,-1.767417097035621,-2.321680577682094,-1.0619587577088336,0.32495547063515745,0.0004997501249375312,0.0,-2.2207414668048187,1.440076051293233,-5.043290527339555,0.6018075937299177,0.12304926323407328,0.0025987006496751624,0.23994606330644289,dissociated,high pressure
1400,Religion,Small business,Religion + Small business,1139,667,5,7.964439252644284,-0.6219828778090346,-2.3844472583826186,0.2297252639161961,0.6656009845029036,0.2768615692153923,0.0074962518740629685,-1.5283052676559892,0.44729833399200036,-2.40501000228031,-0.6516005330316684,0.0006337413117674343,0.39050117798243733,0.0026016748588347303,not distinguishable,high pressure
1400,Religion,Academia,Religion + Academia,1139,667,41,12.774676641357622,1.6444346176969198,1.2891395475471221,1.9521484476744604,0.16346238270076816,0.0004997501249375312,0.06146926536731634,0.18101950959128638,0.19638986674617326,-0.20390462923121322,0.565943648413786,0.3566665650246883,0.0025987006496751624,0.5249055107910506,associated,high pressure
1400,Religion,Exploration & Invention,Religion + Exploration & Invention,1139,667,0,1.0922265139406144,-1.6710455917186935,-2.245111179129685,-0.9354137329789259,0.3269956115437176,0.0009995002498750624,0.0,-2.412310700760661,1.4359667463127836,-5.2268055235337165,0.40218412201239495,0.09297268621745532,0.003712429499535946,0.1959964736476085,dissociated,high pressure
1400,Religion,Culture (core),Religion + Culture (core),1139,667,26,14.449542993718843,0.8258909776453037,0.3153156842519275,1.2341079143482814,0.23636142017682094,0.00399800099950025,0.038980509745127435,-1.0154352854410897,0.2198075342648979,-1.4462580526002897,-0.5846125182818899,3.84376023455925e-06,0.010753244067621362,3.3312588699513504e-05,associated,high pressure
1400,Religion,Culture (periphery),Religion + Culture (periphery),1139,667,0,4.341880126803864,-3.2755673621525503,-3.680412714693549,-2.798331825662621,0.22177691540520306,0.0004997501249375312,0.0,-3.401258096273145,1.4236838105118375,-6.1916783648763465,-0.6108378276699433,0.01689180017725384,0.0025987006496751624,0.04705572906520712,dissociated,high pressure
1400,Religion,Sport & Games,Religion + Sport & Games,1139,667,0,0.6536658753210827,-1.2062254511802906,-1.811738217835679,-0.5217852307764034,0.33428349883746533,0.001999000499750125,0.0,-1.4090763479300121,1.4692477038907739,-4.288801847555929,1.4706491516959046,0.3375354986498129,0.005997001499250375,0.5063032479747194,dissociated,high pressure
1400,Nobility,Kinship,Nobility + Kinship,1139,667,177,83.84724897140217,1.0734061044599916,0.9397424646755732,1.2198252395191826,0.07342914112802532,0.0004997501249375312,0.2653673163418291,1.941923478483174,0.1722578249380165,1.6042981416046618,2.2795488153616863,1.7766991982559967e-29,0.0025987006496751624,1.3858253746396774e-27,associated,high pressure
1400,Nobility,Big business,Nobility + Big business,1139,667,1,3.4437879286101674,-1.3946194742785425,-3.3701147924307158,-0.043675227324512525,0.99217447157383,0.21489255372313842,0.0014992503748125937,-1.8765653507655038,0.8627776307999134,-3.567609507133334,-0.18552119439767356,0.02962803158022952,0.32865919981185876,0.07002989282599704,not distinguishable,high pressure
1400,Nobility,Small business,Nobility + Small business,1139,667,7,22.814335811967812,-1.6362548294743775,-2.9090812689352195,-0.8699469437123531,0.5275245373317917,0.00849575212393803,0.010494752623688156,-2.0454308613959817,0.38828543193949383,-2.8064703079973894,-1.2843914147945739,1.3802801482352632e-07,0.019490254872563718,1.3457731445293817e-06,dissociated,high pressure
1400,Nobility,Academia,Nobility + Academia,1139,667,3,36.59338134677474,-3.4057349594054234,-6.169582610797628,-2.279773782538349,0.858817285598817,0.0004997501249375312,0.004497751124437781,-3.6805462032534635,0.5444074495734912,-4.747584804417507,-2.613507602089421,1.3737753978991493e-11,0.0025987006496751624,2.1430896207226727e-10,dissociated,high pressure
1400,Nobility,Exploration & Invention,Nobility + Exploration & Invention,1139,667,1,3.128710218174233,-1.2744943498421544,-3.2556781291314536,0.057439396502180884,0.9769396170813643,0.27136431784107945,0.0014992503748125937,-2.081844349313849,0.8549411123418602,-3.757528929503895,-0.40615976912380325,0.014888769749520884,0.39050117798243733,0.04301200149861589,not distinguishable,high pressure
1400,Nobility,Culture (core),Nobility + Culture (core),1139,667,11,41.391077981882866,-1.8650091483416957,-2.8098976120408508,-1.2503287005203751,0.4025647249440117,0.0009995002498750624,0.01649175412293853,-2.952193715147737,0.30982392278261084,-3.559448603801654,-2.3449388264938196,1.5939135978588069e-21,0.003712429499535946,4.144175354432898e-20,dissociated,high pressure
1400,Nobility,Culture (periphery),Nobility + Culture (periphery),1139,667,2,12.437424421979824,-2.371550434681266,-4.804572563813224,-1.2120897897579923,0.9989899976686465,0.03948025987006497,0.0029985007496251873,-2.5807643248154184,0.653231454820066,-3.8610979762627475,-1.3004306733680893,7.790161041143506e-05,0.07698650674662669,0.0004903571118004648,not distinguishable,high pressure
1400,Nobility,Sport & Games,Nobility + Sport & Games,1139,667,3,1.8724422794043905,0.5609819345920569,-1.4938590959555396,1.3137488885196476,0.6488120063126154,0.280359820089955,0.004497751124437781,0.3401014557868651,0.7583263783918904,-1.14621824586124,1.8264211574349702,0.6537999266749721,0.39050117798243733,0.7968186606351223,not distinguishable,high pressure
1400,Kinship,Big business,Kinship + Big business,1139,667,1,1.8769247082918932,-0.6641337043285379,-2.5919751078901467,0.6538922639225728,0.985113907941529,0.5567216391804098,0.0014992503748125937,-0.8291476673080448,0.8638468119312325,-2.5222874186932605,0.8639920840771708,0.33713985925681,0.6552165093923626,0.5063032479747194,not distinguishable,high pressure
1400,Kinship,Small business,Kinship + Small business,1139,667,4,12.434212406927289,-1.5231953012199932,-3.1912425258037445,-0.5802668218508729,0.7349303069366316,0.050974512743628186,0.005997001499250375,-1.5247007598970594,0.49084318248928965,-2.4867533975760674,-0.5626481222180517,0.0018945148394107917,0.09246539520937207,0.0064248764119148585,not distinguishable,high pressure
1400,Kinship,Academia,Kinship + Academia,1139,667,1,19.944033440359973,-3.7686454504390188,-5.5285899556067255,-2.408765069462714,1.0197504399068946,0.0004997501249375312,0.0014992503748125937,-3.4297481318698226,0.8239404251978438,-5.044671365257597,-1.8148248984820488,3.1462132372663406e-05,0.0025987006496751624,0.00024540463250677456,dissociated,high pressure
1400,Kinship,Exploration & Invention,Kinship + Exploration & Invention,1139,667,0,1.7052018403312317,-2.14091071053025,-2.753987833704938,-1.271239218492884,0.3693146682847507,0.0009995002498750624,0.0,-2.1961047563905307,1.4361822132995494,-5.011021894457647,0.618812381676586,0.12623300502696974,0.003712429499535946,0.24015059492935706,dissociated,high pressure
1400,Kinship,Culture (core),Kinship + Culture (core),1139,667,8,22.558862095316517,-1.439786574521369,-2.6939310299756483,-0.7273784576385512,0.49791273377268974,0.01249375312343828,0.01199400299850075,-2.100804036762772,0.3580522220657709,-2.802586392011683,-1.3990216815138612,4.429172247608083e-09,0.02633818226022124,4.935363361620435e-08,dissociated,high pressure
1400,Kinship,Culture (periphery),Kinship + Culture (periphery),1139,667,2,6.7786140404261435,-1.5417356704595047,-3.9758097149413594,-0.34801912993605955,0.9743153779890881,0.14442778610694654,0.0029985007496251873,-1.5180049327904743,0.6546272587472143,-2.801074359935014,-0.23493550564593435,0.020401305652218153,0.2330875378637212,0.0530433946957672,not distinguishable,high pressure
1400,Kinship,Sport & Games,Kinship + Sport & Games,1139,667,0,1.020513821384709,-1.6045589304447059,-2.279137032675536,-0.7281893996541562,0.3990448401753502,0.001999000499750125,0.0,-1.1934700821267867,1.4694587559765788,-4.073609243840881,1.6866690795873076,0.4166863745379661,0.005997001499250375,0.5909370402538429,dissociated,high pressure
1400,Big business,Small business,Big business + Small business,1139,667,5,0.510700006429023,2.4440767751669066,0.9342019988494662,3.098140670854519,0.5639708315756325,0.0079960019990005,0.0074962518740629685,2.0863451576620062,0.5488882404269559,1.0105242064251727,3.1621661088988398,0.00014409109599705785,0.018899641088546637,0.0008027932491264652,associated,high pressure
1400,Big business,Academia,Big business + Academia,1139,667,1,0.8191446046504751,0.18535977921189117,-1.690324630065862,1.5096251806653322,0.9758598369449882,0.8060969515242379,0.0014992503748125937,-0.3510550688708699,0.8650339163039552,-2.0465215448266223,1.3444114070848823,0.6848689118630316,0.8496697597147372,0.8093905322017646,not distinguishable,high pressure
1400,Big business,Exploration & Invention,Big business + Exploration & Invention,1139,667,1,0.07003632898652913,1.3958367290003548,-0.2703618970707448,2.6694887506418223,0.9955234754091071,0.3748125937031484,0.0014992503748125937,2.0110797841298944,0.8956830400547947,0.2555410256224968,3.766618542637292,0.0247486899320802,0.4872563718140929,0.06032493170944549,not distinguishable,high pressure
1400,Big business,Culture (core),Big business + Culture (core),1139,667,0,0.9265412749979379,-1.5125214899083261,-2.0266247599713854,-0.8826920032290958,0.2991579327425474,0.0004997501249375312,0.0,-1.9826658243131963,1.4403161462719665,-4.80568547100625,0.8403538223798579,0.16865171216350017,0.0025987006496751624,0.3059263615989073,dissociated,high pressure
1400,Big business,Culture (periphery),Big business + Culture (periphery),1139,667,0,0.27841234496660633,-0.63860649534584,-0.9793020428813717,-0.3037767865030304,0.17435772846576325,0.0014992503748125937,0.0,-0.19982897999643812,1.4463295048758023,-3.034634809553011,2.6349768495601342,0.8901117293128106,0.005315524056153741,0.9257161984853229,dissociated,high pressure
1400,Big business,Sport & Games,Big business + Sport & Games,1139,667,0,0.04191471064558317,-0.11613771571207789,-0.2540994028826705,-0.028926820118581616,0.057442275079786574,0.041979010494752625,0.0,1.781539429150744,1.4912092163762112,-1.14123063494663,4.704309493248118,0.23220641736082415,0.07986250777050499,0.36963470518661806,not distinguishable,high pressure
1400,Small business,Academia,Small business + Academia,1139,667,3,5.426652417763624,-0.7598625277420102,-3.4923034023680946,0.27329716322017994,0.8800782111758036,0.31134432783608196,0.004497751124437781,-1.3063057049771312,0.5534608270255413,-2.391088925947192,-0.2215224840070702,0.01826264191851047,0.41870444088300673,0.04912020929806264,not distinguishable,high pressure
1400,Small business,Exploration & Invention,Small business + Exploration & Invention,1139,667,1,0.4639752393757239,0.6378945056767522,-1.1875241285311229,1.9056686026513954,0.9829930989596264,0.5552223888055972,0.0014992503748125937,0.1766834320585987,0.860703001617515,-1.5102944511117307,1.8636613152289283,0.8373548940243769,0.6552165093923626,0.8947079689575534,not distinguishable,high pressure
1400,Small business,Culture (core),Small business + Culture (core),1139,667,18,6.1381316822208465,1.4786761168390306,0.8130767914935961,1.9408669082295273,0.283391708516779,0.0009995002498750624,0.026986506746626688,0.1956460448288422,0.27576502985394474,-0.34485341368488953,0.7361455033425739,0.47803504603030944,0.003712429499535946,0.6428747170752437,associated,high pressure
1400,Small business,Culture (periphery),Small business + Culture (periphery),1139,667,18,1.8444204068132088,2.980222065305584,2.449116737975352,3.380785337640845,0.23596155954837386,0.0004997501249375312,0.026986506746626688,2.4081564955045853,0.3276983573655988,1.7658677150680115,3.050445275941159,2.001457590171592e-13,0.0025987006496751624,3.902842300834604e-12,associated,high pressure
1400,Small business,Sport & Games,Small business + Sport & Games,1139,667,0,0.27767571753923864,-0.6372405973077585,-1.0405418790073677,-0.23892673924883528,0.2103557456379347,0.0034982508745627187,0.0,0.006666691358189297,1.4721473197308281,-2.8787420553142335,2.8920754380306124,0.9963867529736191,0.00974512743628186,0.9963867529736191,dissociated,high pressure
1400,Academia,Exploration & Invention,Academia + Exploration & Invention,1139,667,1,0.7441997439623255,0.26974438624036945,-1.6132954280703764,1.4998799097475985,0.9728022211678937,0.7471264367816092,0.0014992503748125937,-0.554815365142916,0.857215751586727,-2.2349582382529007,1.125327507967069,0.5174833891527664,0.8093869731800766,0.6727284058985963,not distinguishable,high pressure
1400,Academia,Culture (core),Academia + Culture (core),1139,667,30,9.845344403425505,1.5598275683965577,1.114770367703785,1.9386187949649876,0.20963552965699792,0.0004997501249375312,0.044977511244377814,-0.009473755067290155,0.21725359700569233,-0.4352908051984471,0.4163432950638668,0.9652177545060271,0.0025987006496751624,0.9777530500190923,associated,high pressure
1400,Academia,Culture (periphery),Academia + Culture (periphery),1139,667,2,2.9583845818068375,-0.46817021464079484,-2.88199143844344,0.7317948087386392,0.9799434364976445,0.6016991504247876,0.0029985007496251873,-1.035098882945784,0.6562064391286224,-2.321263503637884,0.25106573774631613,0.11470391988248063,0.6743628185907046,0.22940783976496126,not distinguishable,high pressure
1400,Academia,Sport & Games,Academia + Sport & Games,1139,667,1,0.4453819522250751,0.6659932723588726,-1.1674922419540483,1.8495787102297845,0.9401217202850956,0.5232383808095952,0.0014992503748125937,0.5550790944788884,0.9252131615350297,-1.2583387021297698,2.3684968910875464,0.548541389413657,0.6376967766116941,0.6901004576494395,not distinguishable,high pressure
1400,Exploration & Invention,Culture (core),Exploration & Invention + Culture (core),1139,667,1,0.8417705197706963,0.160824549226496,-1.7404617940627056,1.4044118904587422,0.9569710593102755,0.8285857071464268,0.0014992503748125937,-1.0110442737570657,0.8560607667167516,-2.688923376521899,0.6668348290077672,0.23758578198518288,0.8617291354322839,0.3706338198968853,not distinguishable,high pressure
1400,Exploration & Invention,Culture (periphery),Exploration & Invention + Culture (periphery),1139,667,0,0.25293995060677704,-0.5906067150080504,-0.9271484168577142,-0.27078067644841075,0.16825084734810436,0.001999000499750125,0.0,-0.3906615654684156,1.4422374816121022,-3.2174470294281354,2.4361238984913047,0.7864895799814928,0.005997001499250375,0.8763741034079491,dissociated,high pressure
1400,Exploration & Invention,Sport & Games,Exploration & Invention + Sport & Games,1139,667,1,0.03807986618432019,1.4790702704167729,-0.15799099260674146,2.7111703402518765,1.0056780668825427,0.3938030984507746,0.0014992503748125937,2.9162059614509284,0.953931739527016,1.0464997519779768,4.78591217092388,0.002235356353077151,0.5035515029370561,0.00726490814750074,not distinguishable,high pressure
1400,Culture (core),Culture (periphery),Culture (core) + Culture (periphery),1139,667,12,3.3462534048321633,1.700402374093434,0.9233936786866047,2.2667852423991572,0.34393584859615917,0.0009995002498750624,0.017991004497751123,0.43217137464648037,0.3401014803952225,-0.23442752692815572,1.0987702762211164,0.20383076676024658,0.003712429499535946,0.3382723363255156,associated,high pressure
1400,Culture (core),Sport & Games,Culture (core) + Sport & Games,1139,667,0,0.5037752303230681,-1.0054362509600305,-1.5480585218589888,-0.4064108370443868,0.29635967705723015,0.001999000499750125,0.0,-1.171474628568044,1.469483398719308,-4.051662090057888,1.7087128329218,0.4253339127218564,0.005997001499250375,0.5924293784340142,dissociated,high pressure
1400,Culture (periphery),Sport & Games,Culture (periphery) + Sport & Games,1139,667,0,0.15137722084820213,-0.3815651735969052,-0.6789734224857584,-0.12652525074853677,0.140407201287485,0.009495252373813094,0.0,0.6098941972561607,1.4753788907520105,-2.2818484286177796,3.5016368231301014,0.6793271969629839,0.021160848147354895,0.8093905322017646,dissociated,high pressure
1450,Politics,Administration & Law,Politics + Administration & Law,2323,1328,22,13.113069294388541,0.724932618173792,0.1069145268611341,1.1992532001481901,0.2775772677138326,0.012993503248375811,0.016566265060240965,0.06315943564205155,0.23461787951382604,-0.39669160820504745,0.5230104794891506,0.7877747882180691,0.030711916768888278,0.8534226872362416,associated,high pressure
1450,Politics,Military,Politics + Military,2323,1328,15,12.365713333437792,0.26873676666075247,-0.5333027376764371,0.8249147147874332,0.35317791790311287,0.43278360819590206,0.011295180722891566,-0.2757692121631047,0.27446070995928556,-0.8137122036833043,0.26217377935709496,0.315008797852006,0.5626186906546727,0.4095114372076078,not distinguishable,high pressure
1450,Politics,Religion,Politics + Religion,2323,1328,28,28.81266021034351,-0.0405619835203214,-0.5724680127842124,0.38286045169055083,0.24351268482708716,0.8715642178910544,0.02108433734939759,-0.999660709457397,0.2051816236977456,-1.4018166919049784,-0.5975047270098157,1.1043100201712558e-06,0.8980904284699754,4.101722932064664e-06,not distinguishable,high pressure
1450,Politics,Nobility,Politics + Nobility,2323,1328,56,35.785212345775655,0.6388691546253591,0.30542073480353327,0.9140400681019726,0.15785609841559745,0.0009995002498750624,0.04216867469879518,-0.007292363004511786,0.159980235620361,-0.3208536248204194,0.3062688988113958,0.963642699214584,0.0031184407796101946,0.963642699214584,associated,high pressure
1450,Politics,Kinship,Politics + Kinship,2323,1328,7,17.90013317270155,-1.2947537072405253,-2.6757306107776837,-0.50114032337772,0.5375967161785179,0.028985507246376812,0.005271084337349397,-1.4059151714431768,0.3772300422592633,-2.145286054271333,-0.6665442886150207,0.00019381564466829164,0.06110458284371327,0.00045810970557959844,not distinguishable,high pressure
1450,Politics,Big business,Politics + Big business,2323,1328,3,2.749643890015539,0.1070732919957362,-2.527112280034745,1.1182937219978226,0.8168190236503315,0.8750624687656172,0.002259036144578313,-0.41537120448166287,0.5596746242562848,-1.512333468023981,0.6815910590606553,0.4579870608900398,0.8980904284699754,0.558171730459736,not distinguishable,high pressure
1450,Politics,Small business,Politics + Small business,2323,1328,19,13.196466715425466,0.5096703555754617,-0.15174525936905128,0.991120021692513,0.30096008597867796,0.08695652173913043,0.01430722891566265,-0.16546571396268805,0.24792160294287713,-0.6513920557307272,0.3204606278053511,0.504509360701844,0.1541501976284585,0.6054112328422128,not distinguishable,high pressure
1450,Politics,Academia,Politics + Academia,2323,1328,34,34.48876066210648,-0.020295201849609062,-0.46268072264316623,0.3519782394789772,0.212505485422291,0.9170414792603698,0.025602409638554216,-0.9389980627475193,0.18960058039347902,-1.3106152003187381,-0.5673809251763005,7.32636958739472e-07,0.9289511088611537,2.857284139083941e-06,not distinguishable,high pressure
1450,Politics,Exploration & Invention,Politics + Exploration & Invention,2323,1328,15,6.9730913648333015,1.0524911498177125,0.3116947509187485,1.6131694741425584,0.3429435101656243,0.009495252373813094,0.011295180722891566,0.03872898334740785,0.2781587111332506,-0.5064620904737633,0.583920057168579,0.8892657154325332,0.02389128016636843,0.9126674447860209,associated,high pressure
1450,Politics,Culture (core),Politics + Culture (core),2323,1328,3,27.921417842300393,-3.021551700071712,-5.7683369155690025,-1.9566035689715717,0.8483340019571805,0.0004997501249375312,0.002259036144578313,-3.180502940528656,0.5406479709954324,-4.240172963679703,-2.1208329173776086,4.034777169366904e-09,0.0016948047715272798,2.6226051600884877e-08,dissociated,high pressure
1450,Politics,Culture (periphery),Politics + Culture (periphery),2323,1328,1,9.031390360239065,-2.667724177161731,-4.4448545930532495,-1.3730093563701262,1.0168643841801701,0.0004997501249375312,0.0007530120481927711,-2.4532956902921805,0.8237539798264827,-4.0678534907520865,-0.8387378898322746,0.0028995637963186434,0.0016948047715272798,0.005951736213496163,dissociated,high pressure
1450,Politics,Sport & Games,Politics + Sport & Games,2323,1328,0,0.6624408113458071,-1.21715725957396,-1.7100123279589656,-0.5664451198493734,0.28318149295571426,0.0004997501249375312,0.0,-0.8352545543652151,1.4524942521906963,-3.6821432886589798,2.0116341799285498,0.5652585367496974,0.0016948047715272798,0.6518585989480344,dissociated,high pressure
1450,Administration & Law,Military,Administration & Law + Military,2323,1328,11,10.086462386221614,0.11941328793907376,-0.8233382478062854,0.7785083148102296,0.4106561734443385,0.7666166916541729,0.008283132530120483,-0.33951370267021264,0.3142117323271926,-0.9553686980315101,0.27634129269108487,0.2799083602852044,0.8330081534575178,0.3700483407160329,not distinguishable,high pressure
1450,Administration & Law,Religion,Administration & Law + Religion,2323,1328,25,23.501904469414,0.08734836376820967,-0.4904163355594361,0.5212675129745421,0.2579059943546505,0.7376311844077961,0.01882530120481928,-0.8299608271939064,0.21794339321527084,-1.2571298778958373,-0.40279177649197556,0.00014001113252723745,0.8330081534575178,0.0003522860753911136,not distinguishable,high pressure
1450,Administration & Law,Nobility,Administration & Law + Nobility,2323,1328,25,29.18927429221528,-0.21944458225195834,-0.7896566854396458,0.21109047355144286,0.25768854168566535,0.3793103448275862,0.01882530120481928,-0.7331406371489031,0.21823291872149425,-1.1608771578430317,-0.3054041164547744,0.0007810029696559362,0.5014611338398597,0.0017405209038046578,not distinguishable,high pressure
1450,Administration & Law,Kinship,Administration & Law + Kinship,2323,1328,4,14.60077676769315,-1.7466258555832257,-3.3924826769032763,-0.7280033955191817,0.7445207785257119,0.01699150424787606,0.0030120481927710845,-1.6730017182682926,0.4818536860789295,-2.617434942982994,-0.7285684935535908,0.0005165734932174695,0.038980509745127435,0.0011850803667930183,dissociated,high pressure
1450,Administration & Law,Big business,Administration & Law + Big business,2323,1328,2,2.2428289354849076,-0.1337365522264813,-2.5589131769206017,1.0104351420215605,0.9864564559785712,0.8575712143928036,0.0015060240963855422,-0.5134344626824623,0.6542684400941687,-1.795800605267033,0.7689316799021084,0.4326025770504007,0.8980904284699754,0.5356031906338294,not distinguishable,high pressure
1450,Administration & Law,Small business,Administration & Law + Small business,2323,1328,5,10.764091125761182,-1.0342273866937344,-2.8190376272650086,-0.16063082544475132,0.6539350658723766,0.10194902548725637,0.0037650602409638554,-1.2981964896211877,0.438742648706309,-2.1581320810855535,-0.438260898156822,0.003087372918801637,0.17287008669578255,0.006174745837603274,not distinguishable,high pressure
1450,Administration & Law,Academia,Administration & Law + Academia,2323,1328,57,28.13178486234772,1.0059443474803174,0.7079714976804592,1.2699215037887004,0.14421625231615767,0.0004997501249375312,0.04292168674698795,0.0935565938613586,0.1639686350369229,-0.22782193081101026,0.4149351185337275,0.5682869836982865,0.0016948047715272798,0.6518585989480344,associated,high pressure
1450,Administration & Law,Exploration & Invention,Administration & Law + Exploration & Invention,2323,1328,3,5.687809661322977,-0.8220738977272789,-3.5764977639222413,0.20680221217011102,0.8873673322114274,0.2733633183408296,0.002259036144578313,-1.3299974322611898,0.5465691921062031,-2.401273048789348,-0.25872181573303177,0.014959583804014591,0.3740761198348195,0.023873572945651803,not distinguishable,high pressure
1450,Administration & Law,Culture (core),Administration & Law + Culture (core),2323,1328,12,22.77493608676795,-0.8968491112455994,-1.8813495727136254,-0.29785193330973725,0.4089237103481855,0.03948025987006497,0.009036144578313253,-1.5626569121398957,0.29655440258983146,-2.1439035412159653,-0.981410283063826,1.3688765162604343e-07,0.07698650674662669,5.619598329911257e-07,not distinguishable,high pressure
1450,Administration & Law,Culture (periphery),Administration & Law + Culture (periphery),2323,1328,2,7.366722542201336,-1.6538346060359381,-4.102954311444223,-0.5080930201842822,1.0006866776893497,0.14792603698150925,0.0015060240963855422,-1.6636884359287891,0.6426911511836002,-2.9233630922486453,-0.4040137796089327,0.009635907239362999,0.217702469519957,0.016339147058050302,not distinguishable,high pressure
1450,Administration & Law,Sport & Games,Administration & Law + Sport & Games,2323,1328,0,0.5403395782004625,-1.0570545166562468,-1.5183793121253175,-0.4864764848727761,0.25651310090720103,0.0004997501249375312,0.0,-0.5721861369814076,1.4528588038937875,-3.4197893926132314,2.2754171186504157,0.6937031213761493,0.0016948047715272798,0.7620963868639387,dissociated,high pressure
1450,Military,Religion,Military + Religion,2323,1328,6,22.162455404927787,-1.8017925577900407,-3.264470846966808,-0.9801276184690159,0.6251148853271677,0.019490254872563718,0.004518072289156626,-2.244299457051914,0.40249329578985893,-3.0331863168000375,-1.4554125973037904,2.4612302786903222e-08,0.04222888555722139,1.2798397449189676e-07,dissociated,high pressure
1450,Military,Nobility,Military + Nobility,2323,1328,79,27.52568374385688,1.5042052894416371,1.274861952409268,1.724839167085048,0.11253317689003195,0.0004997501249375312,0.05948795180722891,1.0911706822947416,0.15893261584185298,0.7796627552447097,1.4026786093447734,6.620385592471384e-12,0.0016948047715272798,8.6065012702128e-11,associated,high pressure
1450,Military,Kinship,Military + Kinship,2323,1328,7,13.768631576748707,-0.9278844800558396,-2.412767264797257,-0.1402466125679756,0.5897335362021244,0.0944527736131934,0.005271084337349397,-1.029687886670247,0.3793936640730568,-1.7732994682534384,-0.2860763050870557,0.006646903549262962,0.16371814092953524,0.012057173880058399,not distinguishable,high pressure
1450,Military,Big business,Military + Big business,2323,1328,1,2.1150029066050973,-0.8018500493236911,-2.646325936664279,0.5206515596115922,1.004347541227222,0.496751624187906,0.0007530120481927711,-0.9534443430034284,0.8334820034894156,-2.587069069842683,0.6801803838358261,0.2526530292309642,0.6249455917202689,0.3397747634485381,not distinguishable,high pressure
1450,Military,Small business,Military + Small business,2323,1328,2,10.150610979622002,-2.090936194018021,-4.491790981306322,-0.899063007543848,0.9633817789862533,0.11644177911044477,0.0015060240963855422,-2.0186803579483734,0.6410989106602667,-3.275234222842496,-0.7621264930542506,0.0016395275936305883,0.18242878560719641,0.0034563014135996187,not distinguishable,high pressure
1450,Military,Academia,Military + Academia,2323,1328,6,26.528464035082923,-2.055967905935537,-3.495678949808855,-1.2764207419173947,0.5862282442076212,0.0069965017491254375,0.004518072289156626,-2.4099578962733346,0.4022782010045125,-3.198423170242179,-1.62149262230449,2.088443444621367e-09,0.01949025487256372,1.628985886804666e-08,dissociated,high pressure
1450,Military,Exploration & Invention,Military + Exploration & Invention,2323,1328,24,5.363643109639915,2.062912547536647,1.5625812402733197,2.4792962264218925,0.23495323830862033,0.0004997501249375312,0.018072289156626505,1.0205870208551315,0.23755517157628342,0.5549788845656161,1.486195157144647,1.737426151838305e-05,0.0016948047715272798,4.673077235978889e-05,associated,high pressure
1450,Military,Culture (core),Military + Culture (core),2323,1328,5,21.4769192866888,-1.9984856404572333,-3.8037707721919833,-1.1205756675439922,0.6640247073332931,0.00849575212393803,0.0037650602409638554,-2.3354636398924633,0.4359360500559734,-3.1898982980021713,-1.4810289817827553,8.444966783559968e-08,0.022850643643695392,3.874749465398103e-07,dissociated,high pressure
1450,Military,Culture (periphery),Military + Culture (periphery),2323,1328,2,6.946869349864404,-1.5747059518052973,-4.010932706776031,-0.3537074020179016,0.9730860511551039,0.12593703148425786,0.0015060240963855422,-1.5642208544981768,0.6430667316555835,-2.8246316485431207,-0.3038100604532332,0.01499750095303767,0.19260957756415908,0.023873572945651803,not distinguishable,high pressure
1450,Military,Sport & Games,Military + Sport & Games,2323,1328,1,0.5095438891333317,0.5712588686464976,-1.2606754874347064,1.855732403570683,0.9783975579898582,0.5912043978010995,0.0007530120481927711,0.7416798269650812,0.8890180147441716,-1.000795481933495,2.4841551358636575,0.40412963400968704,0.7118440779610195,0.5167559254550096,not distinguishable,high pressure
1450,Religion,Nobility,Religion + Nobility,2323,1328,45,64.13606327299824,-0.5064727866045325,-0.9256712279287076,-0.17593131466229078,0.1829341266248899,0.009495252373813094,0.0338855421686747,-1.4530490244834444,0.16361165203810946,-1.773727862478139,-1.1323701864887499,6.621120374990169e-19,0.02389128016636843,1.291118473123083e-17,dissociated,high pressure
1450,Religion,Kinship,Religion + Kinship,2323,1328,21,32.08152190537455,-0.5997173349036893,-1.2783749842562013,-0.12198971774496896,0.2939900755784349,0.04447776111944028,0.01581325301204819,-1.2685261568675221,0.2315178723719853,-1.7223011867166134,-0.8147511270184309,4.273217179517161e-08,0.08461622847113029,2.083193375014616e-07,not distinguishable,high pressure
1450,Religion,Big business,Religion + Big business,2323,1328,1,4.928050525570443,-1.8554716490427337,-3.7221532763621674,-0.4300408967840209,1.0351140624461792,0.03298350824587706,0.0007530120481927711,-2.297178489628811,0.8312673377763784,-3.9264624716705123,-0.6678945075871094,0.0057191163185766475,0.06770299060995817,0.010621216020213774,not distinguishable,high pressure
1450,Religion,Small business,Religion + Small business,2323,1328,10,23.651373535595482,-1.201715912376379,-2.2677471142374865,-0.5265367641184341,0.44757908234634963,0.017491254372813594,0.007530120481927711,-1.890227363185593,0.32058231445764096,-2.5185686995225693,-1.2618860268486167,3.718983703930364e-09,0.038980509745127435,2.6226051600884877e-08,dissociated,high pressure
1450,Religion,Academia,Religion + Academia,2323,1328,129,61.81249714711477,1.0553586593400084,0.873231641471395,1.230101413623264,0.08904705716345848,0.0004997501249375312,0.09713855421686747,-0.30077392342874065,0.11312929983653441,-0.5225073511083481,-0.07904049574913322,0.007844883980980726,0.0016948047715272798,0.013597798900366592,associated,high pressure
1450,Religion,Exploration & Invention,Religion + Exploration & Invention,2323,1328,7,12.497526203338017,-0.7932745630103123,-2.202396447642729,-0.020575599091801223,0.564440678586666,0.11394302848575712,0.005271084337349397,-1.7897425035135377,0.3786139543699498,-2.5318258540786394,-1.047659152948436,2.2775954359571282e-06,0.18242878560719641,7.72401930455026e-06,not distinguishable,high pressure
1450,Religion,Culture (core),Religion + Culture (core),2323,1328,59,50.042173960076994,0.23540194845982892,-0.08073174540585851,0.5123515318500209,0.1527805486265654,0.11544227886056972,0.04442771084337349,-1.1286024671088453,0.14727245230677716,-1.4172564736301285,-0.839948460587562,1.8112449957377626e-14,0.18242878560719641,2.8255421933509094e-13,not distinguishable,high pressure
1450,Religion,Culture (periphery),Religion + Culture (periphery),2323,1328,10,16.186513523813602,-0.6682932219353542,-1.7108486387730328,0.005628589587241267,0.44836973272931574,0.11694152923538231,0.007530120481927711,-1.4060365769885235,0.32490264111553785,-2.0428457535749778,-0.7692274004020693,1.5076837842963988e-05,0.18242878560719641,4.199976256254254e-05,not distinguishable,high pressure
1450,Religion,Sport & Games,Religion + Sport & Games,2323,1328,0,1.18725984858118,-1.7546821748055978,-2.334673809671814,-0.8889562771818366,0.35426792870378543,0.0004997501249375312,0.0,-1.81037847000873,1.4517605587638576,-4.6558291651858905,1.0350722251684308,0.21238914948502763,0.0016948047715272798,0.30120643017876647,dissociated,high pressure
1450,Nobility,Kinship,Nobility + Kinship,2323,1328,151,39.84512590570665,1.9088514965300296,1.750459277388694,2.077270597269984,0.08072904003992656,0.0004997501249375312,0.11370481927710843,2.068480486598821,0.14588948302308213,1.7825370998735799,2.3544238733240617,1.2464371391731084e-45,0.0016948047715272798,9.722209685550247e-44,associated,high pressure
1450,Nobility,Big business,Nobility + Big business,2323,1328,3,6.12061965888665,-0.9196113307702664,-3.588717838234513,0.12506424921655895,0.8546417312474031,0.21489255372313842,0.002259036144578313,-1.3081139578297496,0.5578407526697836,-2.401481833062525,-0.2147460825969738,0.01902914782875604,0.29931462840008566,0.02968547061285942,not distinguishable,high pressure
1450,Nobility,Small business,Nobility + Small business,2323,1328,7,29.374914293290534,-1.9939720734995243,-3.4857440278745506,-1.2436360185293835,0.5628009214977076,0.0069965017491254375,0.005271084337349397,-2.1544048840676626,0.3753660884307356,-2.8901224173919045,-1.4186873507434208,9.496959926089397e-09,0.01949025487256372,5.698175955653638e-08,dissociated,high pressure
1450,Nobility,Academia,Nobility + Academia,2323,1328,13,76.77088196243932,-2.5169654575540825,-3.438785506594023,-1.8675033796293448,0.3903158988545736,0.0004997501249375312,0.009789156626506024,-2.9975981106283727,0.2801491762348222,-3.5466904960486243,-2.448505725208121,1.0177067036968065e-26,0.0016948047715272798,3.9690561444175456e-25,dissociated,high pressure
1450,Nobility,Exploration & Invention,Nobility + Exploration & Invention,2323,1328,6,15.5218791225253,-1.3015317405829492,-2.8123968963066064,-0.4818843031792576,0.610841779420196,0.046476761619190406,0.004518072289156626,-1.8491663813161732,0.4048682643511123,-2.6427081794443534,-1.0556245831879931,4.939794336093682e-06,0.08631398586421075,1.541215832861229e-05,not distinguishable,high pressure
1450,Nobility,Culture (core),Nobility + Culture (core),2323,1328,19,62.15218616859017,-1.6838907274646038,-2.3999882524647456,-1.1542005996053313,0.3177637616921003,0.0009995002498750624,0.01430722891566265,-2.3312664656313373,0.23662490367527947,-2.795051276834885,-1.8674816544277895,6.70863052984801e-23,0.0031184407796101946,1.7442439377604827e-21,dissociated,high pressure
1450,Nobility,Culture (periphery),Nobility + Culture (periphery),2323,1328,2,20.103587081469744,-3.042895532269296,-5.462497945520582,-1.8872391571906257,1.0052593133878092,0.0004997501249375312,0.0015060240963855422,-2.8285304404632505,0.6402702124326111,-4.083460056831168,-1.573600824095333,9.975046368909931e-06,0.0016948047715272798,2.8816800621295358e-05,dissociated,high pressure
1450,Nobility,Sport & Games,Nobility + Sport & Games,2323,1328,2,1.4745721318657945,0.3403880239316964,-2.012284107385484,1.4161422769011065,0.9048116280828473,0.6541729135432284,0.0015060240963855422,0.13165921776630718,0.7319847979762057,-1.3030309862670562,1.5663494217996705,0.85725772490222,0.7731134432783607,0.9071708479768635,not distinguishable,high pressure
1450,Kinship,Big business,Kinship + Big business,2323,1328,4,3.0615972300206122,0.3374006256840229,-1.3744476045985297,1.2591928352017296,0.7324002290720889,0.5932033983008496,0.0030120481927710845,-0.08046296403609907,0.5005051276532833,-1.0614530142365342,0.9005270861643361,0.8722796615162149,0.7118440779610195,0.9071708479768635,not distinguishable,high pressure
1450,Kinship,Small business,Kinship + Small business,2323,1328,6,14.693635815428264,-1.2249555227701205,-2.6647313796402203,-0.4368460566152334,0.5950051995410673,0.05347326336831584,0.004518072289156626,-1.3359539781740317,0.4045554641651755,-2.1288826879377756,-0.5430252684102878,0.0009590350245954272,0.09699801262159619,0.0020779092199567587,not distinguishable,high pressure
1450,Kinship,Academia,Kinship + Academia,2323,1328,3,38.40158883605554,-3.47440225243937,-6.256254496053975,-2.4327954771352776,0.8994984933547743,0.0004997501249375312,0.002259036144578313,-3.374628408816394,0.5405845197331648,-4.434174067493397,-2.315082750139391,4.3048128778772195e-10,0.0016948047715272798,4.197192555930289e-09,dissociated,high pressure
1450,Kinship,Exploration & Invention,Kinship + Exploration & Invention,2323,1328,7,7.764204406532673,-0.13998534260268308,-1.4285924346154166,0.6177610848039321,0.521699760315177,0.7711144427786107,0.005271084337349397,-0.7307940193688338,0.38179731573728826,-1.4791167582139186,0.01752871947625112,0.05560879246834185,0.8330081534575178,0.08504874142216988,not distinguishable,high pressure
1450,Kinship,Culture (core),Kinship + Culture (core),2323,1328,12,31.089166067883756,-1.3375017565497809,-2.3470703552084107,-0.7306643952999549,0.4193547206586898,0.009995002498750625,0.009036144578313253,-1.7881507981236247,0.2949320769064801,-2.3662176688603256,-1.2100839273869237,1.3366875127386589e-09,0.02436281859070465,1.1584625110401709e-08,dissociated,high pressure
1450,Kinship,Culture (periphery),Kinship + Culture (periphery),2323,1328,1,10.056022094550768,-2.815031869615767,-4.599707304745528,-1.4288035029063508,1.0236404591969965,0.0004997501249375312,0.0007530120481927711,-2.397833126739576,0.8238749637155403,-4.012628055622034,-0.7830381978571173,0.003609279990365569,0.0016948047715272798,0.0068664351036223014,dissociated,high pressure
1450,Kinship,Sport & Games,Kinship + Sport & Games,2323,1328,1,0.7375962248905871,0.2774217995487317,-1.5777211098721384,1.5661593418426285,0.9596314445414689,0.7336331834082959,0.0007530120481927711,0.43415184786680094,0.8882598716477921,-1.3068375005628714,2.1751411962964733,0.625006874634976,0.8330081534575178,0.7065295104569294,not distinguishable,high pressure
1450,Big business,Small business,Big business + Small business,2323,1328,16,2.257093036806059,2.581246168124228,1.9446111029657944,3.0319676853099287,0.2718146596520286,0.0004997501249375312,0.012048192771084338,1.779703959451424,0.3148354039814311,1.162626567647819,2.396781351255029,1.5784797985617017e-08,0.0016948047715272798,8.794387449129481e-08,associated,high pressure
1450,Big business,Academia,Big business + Academia,2323,1328,2,5.898877572094227,-1.3558907691021855,-3.769581939516083,-0.2149122381630751,0.9582498558414396,0.13993003498250875,0.0015060240963855422,-1.92307910951632,0.6516599234256952,-3.2003325594306826,-0.6458256596019574,0.0031669864729199308,0.2098950524737631,0.006175623622193865,not distinguishable,high pressure
1450,Big business,Exploration & Invention,Big business + Exploration & Invention,2323,1328,1,1.1926613618613795,-0.17433087214003037,-2.0038153117758237,1.1604793178386859,1.0038978864045849,0.768615692153923,0.0007530120481927711,-0.6670764093703656,0.834496612625063,-2.302689770115489,0.9685369513747579,0.4240725300153173,0.8330081534575178,0.5335106022773347,not distinguishable,high pressure
1450,Big business,Culture (core),Big business + Culture (core),2323,1328,2,4.775614499595001,-1.0774110527494911,-3.4882667512435486,0.07431138310256905,0.9419183618614669,0.17541229385307347,0.0015060240963855422,-1.6796905822535406,0.6518733849930309,-2.9573624168398815,-0.4020187476671999,0.009974474932745699,0.2487665258279951,0.01655338393093967,not distinguishable,high pressure
1450,Big business,Culture (periphery),Big business + Culture (periphery),2323,1328,2,1.5447080445362784,0.29003323351453963,-2.129924274532346,1.4612730808920704,0.9676601789350321,0.7461269365317341,0.0015060240963855422,-0.11056737030190153,0.6560284910420674,-1.3963832127443536,1.1752484721405507,0.8661580844632764,0.8330081534575178,0.9071708479768635,not distinguishable,high pressure
1450,Big business,Sport & Games,Big business + Sport & Games,2323,1328,0,0.11330233878717216,-0.29467035772212613,-0.5028677253645188,-0.1132840769474826,0.09870413625986112,0.004997501249375313,0.0,0.9429828073442674,1.4584955790690224,-1.9156685276310166,3.8016341423195517,0.5179265602540828,0.014992503748125939,0.6120950257548251,dissociated,high pressure
1450,Small business,Academia,Small business + Academia,2323,1328,27,28.310699367717515,-0.06717306310628623,-0.5972152993684967,0.35264328952125795,0.24787164413003693,0.7796101949025487,0.02033132530120482,-0.9651453776437847,0.21033970138533964,-1.3774111923590504,-0.552879562928519,4.4642545536351845e-06,0.8330081534575178,1.450882729931435e-05,not distinguishable,high pressure
1450,Small business,Exploration & Invention,Small business + Exploration & Invention,2323,1328,2,5.723983393532738,-1.3159101161276283,-3.723554743759906,-0.09630321465276195,0.9838063047230932,0.1549225387306347,0.0015060240963855422,-1.7289924456032262,0.6424333825828176,-2.988161875465549,-0.4698230157409038,0.007117034605869405,0.22377700038869455,0.01261656134676849,not distinguishable,high pressure
1450,Small business,Culture (core),Small business + Culture (core),2323,1328,40,22.919781728263192,0.790194277974517,0.401686010143747,1.1382614232919954,0.18652840118566477,0.0004997501249375312,0.030120481927710843,-0.211663172562282,0.1826316702279942,-0.5696212462091507,0.14629490108458665,0.2464716596476526,0.0016948047715272798,0.33962253561968875,associated,high pressure
1450,Small business,Culture (periphery),Small business + Culture (periphery),2323,1328,35,7.413573942718,2.165417725065201,1.753346186447116,2.4897790501642536,0.18852730987028798,0.0004997501249375312,0.02635542168674699,1.4140092457069564,0.2105897513559301,1.0012533330493334,1.8267651583645794,1.8868538604899906e-11,0.0016948047715272798,2.1024943016888468e-10,associated,high pressure
1450,Small business,Sport & Games,Small business + Sport & Games,2323,1328,0,0.5437760678806766,-1.0618122287556022,-1.5046542281582167,-0.4820712310452682,0.2570961046104893,0.0004997501249375312,0.0,-0.6210073183809134,1.4527835501944104,-3.4684630767619575,2.226448440000131,0.6690440820810748,0.0016948047715272798,0.7455062628903405,dissociated,high pressure
1450,Academia,Exploration & Invention,Academia + Exploration & Invention,2323,1328,13,14.959541637206929,-0.19553813789017505,-1.0778128377797154,0.3722511887328238,0.3592317344530273,0.567216391804098,0.009789156626506024,-1.3064304209692839,0.2903280797131366,-1.8754734572070317,-0.7373873847315361,6.800406169282981e-06,0.7022679136622166,2.040121850784894e-05,not distinguishable,high pressure
1450,Academia,Culture (core),Academia + Culture (core),2323,1328,110,59.900493329005805,0.8714141315033235,0.6725080076793498,1.0558348491324445,0.09820564132607544,0.0004997501249375312,0.08283132530120482,-0.4493276300255864,0.11885803873251391,-0.6822893859413137,-0.21636587410985914,0.00015659406001754074,0.0016948047715272798,0.00038169802129275557,associated,high pressure
1450,Academia,Culture (periphery),Academia + Culture (periphery),2323,1328,2,19.375260277992272,-2.9909737534440364,-5.400145287451611,-1.8182329660240208,0.9770552250802657,0.0004997501249375312,0.0015060240963855422,-3.0854013714317223,0.6400459764804114,-4.339891485333329,-1.830911257530116,1.4313186660965936e-06,0.0016948047715272798,5.074675270706105e-06,dissociated,high pressure
1450,Academia,Sport & Games,Academia + Sport & Games,2323,1328,0,1.4211503020726082,-1.941970393325291,-2.5435222036053253,-0.9939782966313844,0.3721875160129119,0.0004997501249375312,0.0,-1.9704296191557225,1.4517004728998761,-4.81576254603948,0.8749033077280348,0.17467790705213593,0.0016948047715272798,0.25702762000721213,dissociated,high pressure
1450,Exploration & Invention,Culture (core),Exploration & Invention + Culture (core),2323,1328,9,12.110948748607013,-0.4086773982218778,-1.6407623870986803,0.27566324319518937,0.47864616223220924,0.36031984007996004,0.00677710843373494,-1.4492983129543866,0.339862936340352,-2.1154296681814766,-0.7831669577272967,2.0047493416530693e-05,0.48456806079718767,5.21234828829798e-05,not distinguishable,high pressure
1450,Exploration & Invention,Culture (periphery),Exploration & Invention + Culture (periphery),2323,1328,4,3.9173764885181503,0.026735204388896153,-1.6985431388663648,0.9897445282461835,0.7693561360887845,0.9610194902548725,0.0030120481927710845,-0.6567685142952833,0.4875359573727948,-1.612338990745961,0.29880196215539456,0.17794219846653148,0.9610194902548727,0.25702762000721213,not distinguishable,high pressure
1450,Exploration & Invention,Sport & Games,Exploration & Invention + Sport & Games,2323,1328,1,0.2873345028718547,0.9299138936680741,-0.8715686990827781,2.17493175459513,0.9765860782035767,0.44227886056971516,0.0007530120481927711,1.0277077362319254,0.8899694910575364,-0.7166324662408461,2.772047938704697,0.24818569910669563,0.565536903679308,0.33962253561968875,not distinguishable,high pressure
1450,Culture (core),Culture (periphery),Culture (core) + Culture (periphery),2323,1328,57,15.685827140188854,1.8288308629500054,1.5496381681238292,2.0865961375240536,0.1350145795779149,0.0004997501249375312,0.04292168674698795,0.9654500415077255,0.18074635057945315,0.6111871943719973,1.3197128886434537,9.219916186176773e-08,0.0016948047715272798,3.9952970140099345e-07,associated,high pressure
1450,Culture (core),Sport & Games,Culture (core) + Sport & Games,2323,1328,4,1.1505351493966134,1.4469911392706984,-0.2273181553560463,2.1797710638278796,0.6224552639137496,0.03648175912043978,0.0030120481927710845,1.0246706444269236,0.6375752260900512,-0.22497679870957676,2.274318087563424,0.10802434988373662,0.07296351824087956,0.16203652482560493,not distinguishable,high pressure
1450,Culture (periphery),Sport & Games,Culture (periphery) + Sport & Games,2323,1328,0,0.3721491550344815,-0.8026467910632585,-1.1944829477490488,-0.35184569908242563,0.21185711884846126,0.0004997501249375312,0.0,-0.17437174823395815,1.4536327585275444,-3.023491954947945,2.6747484584800287,0.9045181246061149,0.0016948047715272798,0.9162651132373633,dissociated,high pressure
1500,Politics,Administration & Law,Politics + Administration & Law,3660,2121,77,30.674770183003776,1.3138173856827833,1.04591895762651,1.5520634854470488,0.13029507975348525,0.0004997501249375312,0.036303630363036306,0.6177944121625307,0.13786186530386557,0.34758515616695423,0.8880036681581072,7.420478197482459e-06,0.001856214749767973,1.753931210314036e-05,associated,high pressure
1500,Politics,Military,Politics + Military,3660,2121,51,21.36394663937294,1.236018588324933,0.8909493387955948,1.5438353399818228,0.1700029265562482,0.0004997501249375312,0.024045261669024046,0.4820886228304281,0.16244045452322226,0.1637053319649125,0.8004719136959437,0.002999523882184002,0.001856214749767973,0.005086149191529395,associated,high pressure
1500,Politics,Religion,Politics + Religion,3660,2121,23,40.58069657475285,-0.8057998877777476,-1.4397967738593085,-0.32955770523965733,0.2851459669020257,0.010494752623688156,0.010843941537010843,-1.6754150363386393,0.2161703767188135,-2.099108974707514,-1.2517210979697648,9.157634320704127e-15,0.024076197195519886,7.142954770149219e-14,dissociated,high pressure
1500,Politics,Nobility,Politics + Nobility,3660,2121,65,47.40401870644224,0.45134821677091824,0.1471987288267392,0.7303114250639086,0.1521326387957162,0.004997501249375313,0.030645921735030647,-0.24912353140663726,0.14157302807658056,-0.5266066664367351,0.028359603623460655,0.07846171281093302,0.013441555084526702,0.10736865963601361,associated,high pressure
1500,Politics,Kinship,Politics + Kinship,3660,2121,17,28.27258327884207,-0.7173398338219918,-1.5076376590931695,-0.19113409320232067,0.33706332014333656,0.03798100949525238,0.008015087223008015,-0.9876588605063452,0.2508734093015571,-1.4793707427373972,-0.4959469782752933,8.254737562442484e-05,0.0673299713779474,0.00018396272282014678,not distinguishable,high pressure
1500,Politics,Big business,Politics + Big business,3660,2121,5,3.532207576436301,0.44786170852296986,-1.282121324168735,1.338096219371717,0.6582411103064485,0.44127936031984005,0.0023573785950023575,-0.2616809010384742,0.4507550299418047,-1.1451607597244116,0.6217989576474631,0.5615511546958285,0.537809220389805,0.6347969574822409,not distinguishable,high pressure
1500,Politics,Small business,Politics + Small business,3660,2121,19,16.687056966559368,0.1821515985453867,-0.5473484340197095,0.6650871623117646,0.30653550556463693,0.5542228885557221,0.008958038661008957,-0.43266558572590663,0.24204403050379025,-0.9070718855133355,0.041740714061522244,0.07384878587127872,0.6650674662668665,0.10286080889213821,not distinguishable,high pressure
1500,Politics,Academia,Politics + Academia,3660,2121,43,66.57368952540017,-0.6247315616638187,-1.0509561311920823,-0.2691199979716658,0.20033362796087179,0.004997501249375313,0.020273455917020275,-1.5164128338842797,0.16418498193569084,-1.8382153984782337,-1.1946102692903258,2.558795414262583e-20,0.013441555084526702,4.352605378698222e-19,dissociated,high pressure
1500,Politics,Exploration & Invention,Politics + Exploration & Invention,3660,2121,25,11.96968618784174,1.032072088327233,0.45304126001276224,1.4665304016585679,0.2574908980530825,0.0014992503748125937,0.011786892975011787,0.04621699351907981,0.21786577432038184,-0.3807999241488686,0.47323391118702823,0.832001580756641,0.004677661169415292,0.8538963591976053,associated,high pressure
1500,Politics,Culture (core),Politics + Culture (core),3660,2121,17,60.54940142746513,-1.802622227997644,-2.5924570096356008,-1.2595432050634607,0.3459915579029711,0.0004997501249375312,0.008015087223008015,-2.2799598007985225,0.24710370511890462,-2.7642830628315753,-1.7956365387654694,2.7901316530116805e-20,0.001856214749767973,4.352605378698222e-19,dissociated,high pressure
1500,Politics,Culture (periphery),Politics + Culture (periphery),3660,2121,0,14.14378573075246,-4.87221666414762,-5.100583802348749,-4.628177483886487,0.12133399672230091,0.0004997501249375312,0.0,-4.050355940145805,1.4168968373829895,-6.8274737414164655,-1.2732381388751457,0.004255011086195508,0.001856214749767973,0.006914393015067699,dissociated,high pressure
1500,Politics,Sport & Games,Politics + Sport & Games,3660,2121,1,1.2481572063523705,-0.2208724270389274,-2.0908585629638825,1.0787998909650325,0.9709176237620298,0.7591204397801099,0.0004714757190004715,-0.6007571193761855,0.8474032438769721,-2.2616674773750507,1.06015323862268,0.47836239699296623,0.8111149904499805,0.5653373782644147,not distinguishable,high pressure
1500,Administration & Law,Military,Administration & Law + Military,3660,2121,23,22.663601445966677,0.0208011777162303,-0.5656233365955063,0.4816233338823456,0.2732677921275734,0.9380309845077461,0.010843941537010843,-0.4609673980642353,0.22136703164044363,-0.8948467800795048,-0.027088016048965824,0.0373089617550374,0.9593255320391753,0.052910891216234865,not distinguishable,high pressure
1500,Administration & Law,Religion,Administration & Law + Religion,3660,2121,34,43.04938357573515,-0.33605593630132663,-0.8172462762742858,0.05203108380272084,0.22625105198097445,0.12993503248375812,0.01603017444601603,-1.2154143056457614,0.18251503706873676,-1.5731437783004854,-0.8576848329910374,2.7521770930745858e-11,0.1912251421459082,1.3416863328738606e-10,not distinguishable,high pressure
1500,Administration & Law,Nobility,Administration & Law + Nobility,3660,2121,48,50.287795838245415,-0.06649711586078702,-0.4627937462996766,0.27042276652968666,0.1850736125396134,0.7231384307846077,0.02263083451202263,-0.5989899557049647,0.1590550995316197,-0.9107379507869393,-0.2872419606229901,0.00016593201423209332,0.783399966683325,0.0003498026245973859,not distinguishable,high pressure
1500,Administration & Law,Kinship,Administration & Law + Kinship,3660,2121,8,29.99251824092674,-1.8429205546463372,-3.0381496692064323,-1.0825379447895622,0.4964015228831265,0.0029985007496251873,0.003771805752003772,-1.733889090047558,0.3512367166998868,-2.422313054779336,-1.04546512531578,7.952654879561743e-07,0.008662335498917208,2.215382430735057e-06,dissociated,high pressure
1500,Administration & Law,Big business,Administration & Law + Big business,3660,2121,3,3.747085970962051,-0.2791183904481192,-2.9189763153930883,0.7502370594195318,0.8173316844873302,0.6931534232883558,0.0014144271570014145,-0.7288280991095694,0.5535766325101018,-1.8138382988293689,0.35618210061023026,0.18797933958585944,0.7752180247904217,0.2485150591135091,not distinguishable,high pressure
1500,Administration & Law,Small business,Administration & Law + Small business,3660,2121,10,17.702197762432885,-0.7937233263533164,-1.9316241618113523,-0.10231208478718398,0.46477702290968254,0.08195902048975512,0.004714757190004715,-1.0889390978313358,0.31995210010642544,-1.7160452140399296,-0.461832981622742,0.0006654201986613442,0.1304653795551204,0.0012070412905949965,not distinguishable,high pressure
1500,Administration & Law,Academia,Administration & Law + Academia,3660,2121,106,70.62363483957294,0.5824524690135211,0.3470764062491359,0.7878276735787568,0.11156152565585224,0.0004997501249375312,0.04997642621404998,-0.31887117518788866,0.11832403860313498,-0.5507862908500332,-0.08695605952574409,0.007041025245403687,0.001856214749767973,0.010983999382829752,associated,high pressure
1500,Administration & Law,Exploration & Invention,Administration & Law + Exploration & Invention,3660,2121,5,12.697850344495137,-1.2627994399329445,-3.104933404731179,-0.3466357802676003,0.686678811751887,0.04997501249375312,0.0023573785950023575,-1.6188716356441641,0.43528593099882545,-2.4720320604018617,-0.7657112108864663,0.0001999343836710203,0.08293725477686688,0.0003998687673420406,not distinguishable,high pressure
1500,Administration & Law,Culture (core),Administration & Law + Culture (core),3660,2121,44,64.23286506505679,-0.5406930226326819,-0.9485645622030384,-0.1962608138425435,0.1931497140885536,0.0079960019990005,0.020744931636020744,-1.2077174752451512,0.16325485609933788,-1.5276969931998534,-0.8877379572904489,1.3851856106682258e-13,0.020118972771678675,8.311113664009355e-13,dissociated,high pressure
1500,Administration & Law,Culture (periphery),Administration & Law + Culture (periphery),3660,2121,4,15.00420910751408,-1.7846630272788948,-3.5062791494097456,-0.827228983626288,0.7755135052016272,0.022488755622188907,0.001885902876001886,-1.7954308697124948,0.47957826634243883,-2.7354042717436746,-0.8554574676813147,0.00018127938937458537,0.043853073463268374,0.00037209979924257,dissociated,high pressure
1500,Administration & Law,Sport & Games,Administration & Law + Sport & Games,3660,2121,0,1.3240876296961015,-1.867175038653562,-2.331260725128145,-1.3160297059577888,0.2645387819742683,0.0004997501249375312,0.0,-1.7229717356138778,1.4315047778207681,-4.528721100142583,1.0827776289148277,0.22874081989235995,0.001856214749767973,0.29736306586006794,dissociated,high pressure
1500,Military,Religion,Military + Religion,3660,2121,9,29.982449031663553,-1.6819793984449314,-2.7946799236959445,-1.0044823427204883,0.48361844351916145,0.009995002498750625,0.004243281471004243,-2.2250691629269186,0.3322000348010196,-2.876181231136917,-1.5739570947169201,2.1132029259092785e-11,0.023624551360683296,1.0988655214728249e-10,dissociated,high pressure
1500,Military,Nobility,Military + Nobility,3660,2121,80,35.02375993334181,1.1802044946105357,0.9250857288573445,1.4039367694601455,0.12374129403142468,0.0004997501249375312,0.03771805752003772,0.533287036775069,0.13780997439512724,0.26317948696061955,0.8033945865895183,0.00010895710337614131,0.001856214749767973,0.00023607372398163953,associated,high pressure
1500,Military,Kinship,Military + Kinship,3660,2121,17,20.88878108806855,-0.2894993459383228,-1.0689041545559506,0.2729624807569247,0.3389111491705439,0.3728135932033983,0.008015087223008015,-0.5729861635436144,0.2530090941305933,-1.0688839880395773,-0.07708833904765156,0.023531952732112674,0.46902355273975915,0.03529792909816901,not distinguishable,high pressure
1500,Military,Big business,Military + Big business,3660,2121,2,2.609719461928734,-0.31485634105060467,-2.754117702429813,0.8542008996693651,0.9828812432822249,0.7056471764117941,0.000942951438000943,-0.7173265323638038,0.6491076354932372,-1.9895774979305487,0.554924433202941,0.2691178062233689,0.7752180247904217,0.3441178505807012,not distinguishable,high pressure
1500,Military,Small business,Military + Small business,3660,2121,2,12.328985877970469,-2.3594071309382265,-4.762577049752932,-1.1734523845326117,0.9994611323162773,0.04297851074462768,0.000942951438000943,-2.2096020671563124,0.6386467573583691,-3.4613497115787157,-0.957854422733909,0.0005405389669913295,0.07287660517567303,0.0010038580815553261,not distinguishable,high pressure
1500,Military,Academia,Military + Academia,3660,2121,2,49.1869884334843,-4.31286810168386,-6.717214355451166,-3.087199337838028,1.0010280177642448,0.0004997501249375312,0.000942951438000943,-4.114694519023196,0.6361356254565312,-5.361520344917997,-2.8678686931283948,9.91337964758773e-11,0.001856214749767973,4.5484918383049583e-10,dissociated,high pressure
1500,Military,Exploration & Invention,Military + Exploration & Invention,3660,2121,53,8.843626067159441,2.517484447826346,2.2023842170650942,2.796999546838093,0.1497204782269697,0.0004997501249375312,0.02498821310702499,1.4899044276902702,0.17163526148624803,1.1534993151772241,1.8263095402033163,3.935376585022227e-18,0.001856214749767973,3.836992170396671e-17,associated,high pressure
1500,Military,Culture (core),Military + Culture (core),3660,2121,17,44.73603204056795,-1.3701174642449847,-2.183286991153911,-0.8313705114834734,0.3417830678787368,0.001999000499750125,0.008015087223008015,-1.8539404763803577,0.2492543126496121,-2.3424789291735975,-1.365402023587118,1.022617300446459e-13,0.005997001499250375,6.647012452901984e-13,dissociated,high pressure
1500,Military,Culture (periphery),Military + Culture (periphery),3660,2121,2,10.44992744286422,-2.1309213101765145,-4.531660558671413,-0.9441817549861619,0.9820948902836745,0.11144427786106946,0.000942951438000943,-2.028468866214463,0.6392518557750977,-3.2814025035336547,-0.7755352288952715,0.001507727875518637,0.17044418966987096,0.002613394984232304,not distinguishable,high pressure
1500,Military,Sport & Games,Military + Sport & Games,3660,2121,1,0.9221825395241243,0.07685585154099957,-1.7635214143897713,1.3817085338347148,0.9896360411517008,0.9020489755122438,0.0004714757190004715,-0.20683115784576978,0.8479825396304038,-1.8688769355213612,1.4552146198298217,0.8073007647393605,0.9381309345327337,0.8395927953289349,not distinguishable,high pressure
1500,Religion,Nobility,Religion + Nobility,3660,2121,58,66.52743515762903,-0.19631510467055568,-0.5466990285059421,0.08755195163745522,0.16587096630614512,0.22988505747126436,0.027345591702027345,-1.2134686203507055,0.14332841408571895,-1.4943923119587146,-0.9325449287426963,2.5320100695101133e-17,0.3091557669441141,2.194408726908765e-16,not distinguishable,high pressure
1500,Religion,Kinship,Religion + Kinship,3660,2121,29,39.67812228051072,-0.4456951870010012,-1.0086406825702605,-0.02967624769166914,0.248424342511291,0.07296351824087956,0.013672795851013672,-1.161149247069073,0.1968524991414387,-1.5469801453862928,-0.7753183487518531,3.6665410763276464e-09,0.11856571714142927,1.3618581140645544e-08,not distinguishable,high pressure
1500,Religion,Big business,Religion + Big business,3660,2121,1,4.957147451144619,-1.863184524877097,-3.7058764163335,-0.5241404927765791,1.0060331887799427,0.02048975512243878,0.0004714757190004715,-2.367406304346598,0.8280624776704103,-3.9904087605806025,-0.7444038481125939,0.004250181316386279,0.04097951024487756,0.006914393015067699,dissociated,high pressure
1500,Religion,Small business,Religion + Small business,3660,2121,5,23.41883938552177,-2.120643863554676,-3.9525495883100175,-1.2358829167347805,0.6864259520731408,0.0074962518740629685,0.0023573785950023575,-2.533540018999025,0.4332924842455432,-3.38279328812029,-1.6842867498777603,4.999703594223827e-09,0.019490254872563718,1.7726221834066296e-08,dissociated,high pressure
1500,Religion,Academia,Religion + Academia,3660,2121,192,93.43040809540662,1.0351942634684135,0.8948834396627643,1.1710293902466393,0.07015452749937548,0.0004997501249375312,0.09052333804809053,-0.41369584999358794,0.09194845392191249,-0.5939148196805364,-0.23347688030663946,6.820489672845382e-06,0.001856214749767973,1.6624943577560618e-05,associated,high pressure
1500,Religion,Exploration & Invention,Religion + Exploration & Invention,3660,2121,4,16.798418012829572,-1.9426431989715154,-3.6245150802924995,-0.9838592543930973,0.7562738304918879,0.01649175412293853,0.001885902876001886,-2.5873103371702877,0.478295002948577,-3.5247685429494986,-1.6498521313910768,6.32204913632448e-08,0.03573213393303348,2.1439992723187367e-07,dissociated,high pressure
1500,Religion,Culture (core),Religion + Culture (core),3660,2121,103,84.97584144171942,0.2760421426974214,0.04308433775248643,0.4866705420965042,0.11344587319389834,0.015492253873063468,0.04856199905704856,-1.0367396656902734,0.11306725614299594,-1.2583514877305455,-0.8151278436500013,4.764102064231938e-20,0.0345255943456843,6.19333268350152e-19,associated,high pressure
1500,Religion,Culture (periphery),Religion + Culture (periphery),3660,2121,4,19.849578448465117,-2.177002002108165,-3.8694307406755737,-1.2514613464849615,0.7407720811883911,0.017491254372813594,0.001885902876001886,-2.5552880508905984,0.4784486167343271,-3.4930473396898796,-1.6175287620913172,9.254831667202977e-08,0.03687345516430974,3.0078202918409676e-07,dissociated,high pressure
1500,Religion,Sport & Games,Religion + Sport & Games,3660,2121,3,1.7516805511016724,0.6363527571757932,-1.9156547167454234,1.5825186536952849,0.8017566549783218,0.3453273363318341,0.0014144271570014145,-0.36979929033425374,0.5842912384208524,-1.5150101176391244,0.7754115369706169,0.526797421538214,0.44156610219480424,0.6042676305879513,not distinguishable,high pressure
1500,Nobility,Kinship,Nobility + Kinship,3660,2121,195,46.34968370631741,2.0610573944900143,1.9338641686376505,2.199645339987223,0.07052061694287506,0.0004997501249375312,0.09193776520509193,2.0350599240032903,0.11886048432615305,1.8020933747240302,2.2680264732825504,1.0274354105990845e-65,0.001856214749767973,8.013996202672858e-64,associated,high pressure
1500,Nobility,Big business,Nobility + Big business,3660,2121,9,5.790652461368775,0.5947178534194923,-0.4387789598256381,1.258004761392329,0.44277432186091453,0.15592203898050974,0.004243281471004243,-0.15851592021864924,0.3568148770697498,-0.8578730792753588,0.5408412388380603,0.6568600004920095,0.21717712572285283,0.7216208456109401,not distinguishable,high pressure
1500,Nobility,Small business,Nobility + Small business,3660,2121,15,27.35653140575006,-0.8457474144691584,-1.6917833703190208,-0.28634983773234784,0.35870154973366647,0.026486756621689155,0.007072135785007072,-1.2330957241226983,0.2661907071779962,-1.7548295101915707,-0.7113619380538257,3.6149101155545125e-06,0.048952268052020506,9.095580290750063e-06,dissociated,high pressure
1500,Nobility,Academia,Nobility + Academia,3660,2121,26,109.13998987047111,-2.048709835198707,-2.6849703092609762,-1.5826912565615818,0.2826424490456735,0.0004997501249375312,0.012258368694012258,-2.667466238413437,0.2017886405968469,-3.062971973983257,-2.2719605028436174,6.806453293911772e-40,0.001856214749767973,2.654516784625591e-38,dissociated,high pressure
1500,Nobility,Exploration & Invention,Nobility + Exploration & Invention,3660,2121,10,19.622938710574832,-0.9384516807104027,-2.0103088077468,-0.23642188551333812,0.45811400686009984,0.03948025987006497,0.004714757190004715,-1.4977184359827918,0.319605984322119,-2.124146165254145,-0.8712907067114385,2.7840565095578236e-06,0.06843245044144596,7.238546924850341e-06,not distinguishable,high pressure
1500,Nobility,Culture (core),Nobility + Culture (core),3660,2121,21,99.26385491877107,-2.2141805527941445,-2.876384270453782,-1.698642393381907,0.3031248724518495,0.0004997501249375312,0.009900990099009901,-2.6333714500584176,0.222709581494935,-3.0698822297884902,-2.196860670328345,2.925397156707236e-32,0.001856214749767973,7.606032607438814e-31,dissociated,high pressure
1500,Nobility,Culture (periphery),Nobility + Culture (periphery),3660,2121,3,23.187127563291803,-2.7586764325539703,-5.527855836592833,-1.697671977242816,0.8710076957633901,0.026986506746626688,0.0014144271570014145,-2.6122562933585396,0.5409095809149072,-3.6724390719517577,-1.5520735147653215,1.3696087925489482e-06,0.048952268052020506,3.683775373062688e-06,dissociated,high pressure
1500,Nobility,Sport & Games,Nobility + Sport & Games,3660,2121,2,2.046211736636274,-0.026424300272432658,-2.465398143169223,1.1226554077843205,0.9444775817042675,0.9635182408795602,0.000942951438000943,-0.5623379754308286,0.6731377778483076,-1.8816880200135115,0.7570120691518543,0.40349363705887153,0.9635182408795603,0.48419236447064584,not distinguishable,high pressure
1500,Kinship,Big business,Kinship + Big business,3660,2121,5,3.4536460920481264,0.4762478836598539,-1.2218333176540142,1.34533254725228,0.6316138588111112,0.39280359820089955,0.0023573785950023575,-0.021569382532558593,0.45137144355684183,-0.9062574119039686,0.8631186468388514,0.9618865351130755,0.48632826443920896,0.9618865351130754,not distinguishable,high pressure
1500,Kinship,Small business,Kinship + Small business,3660,2121,4,16.315912310704917,-1.9018301447107164,-3.597654648754871,-0.9418399014758424,0.7558879134249056,0.01899050474762619,0.001885902876001886,-1.7646228839913376,0.4792750237572225,-2.704001930555494,-0.8252438374271815,0.000231539793873573,0.038980509745127435,0.0004515025980534673,dissociated,high pressure
1500,Kinship,Academia,Kinship + Academia,3660,2121,16,65.09299289103373,-1.9910756796816975,-2.810568053446285,-1.404897119574293,0.3589847556918357,0.0009995002498750624,0.007543611504007544,-2.3312395284769276,0.2548917984544618,-2.8308274534476725,-1.8316516035061825,5.908253536211219e-20,0.003248375812093953,6.583482511778216e-19,dissociated,high pressure
1500,Kinship,Exploration & Invention,Kinship + Exploration & Invention,3660,2121,10,11.70346278668868,-0.21690124910446368,-1.2944746931425704,0.46581613798108723,0.458060890398416,0.5957021489255372,0.004714757190004715,-0.7168344212920752,0.3218071120138626,-1.3475763608392457,-0.08609248174490458,0.025911992373298044,0.7004855781064692,0.038134630285231085,not distinguishable,high pressure
1500,Kinship,Culture (core),Kinship + Culture (core),3660,2121,27,59.202693808498864,-1.1183644092763079,-1.6948080934761103,-0.6985805714172355,0.25537543415098934,0.0009995002498750624,0.01272984441301273,-1.525528933478701,0.20241347461753836,-1.9222593437290763,-1.1287985232283257,4.820262682308444e-14,0.003248375812093953,3.4180044474550785e-13,dissociated,high pressure
1500,Kinship,Culture (periphery),Kinship + Culture (periphery),3660,2121,8,13.829207162581996,-0.7534240408885435,-2.0794257969085717,-0.004359246996109925,0.5219442785906637,0.12193903048475763,0.003771805752003772,-0.91241193501014,0.35504157403248365,-1.608293420113808,-0.21653044990647197,0.010173565491461095,0.18290854572713647,0.01555957075164638,not distinguishable,high pressure
1500,Kinship,Sport & Games,Kinship + Sport & Games,3660,2121,0,1.2203963568669134,-1.7827409813291675,-2.2407511433047698,-1.2271175382560395,0.26002896793207636,0.0004997501249375312,0.0,-1.5125623470809733,1.4316749094420047,-4.3186451695873025,1.293520475425356,0.29074054085057444,0.001856214749767973,0.3657703578442711,dissociated,high pressure
1500,Big business,Small business,Big business + Small business,3660,2121,14,2.0384125678204588,2.514054425879079,1.7471432407298906,3.013669043364415,0.32032819873583196,0.0004997501249375312,0.006600660066006601,1.5852303711459552,0.31010980980000796,0.9774151439379396,2.193045598353971,3.1904339411192403e-07,0.001856214749767973,9.216809163233361e-07,associated,high pressure
1500,Big business,Academia,Big business + Academia,3660,2121,2,8.13232948666162,-1.787821837095758,-4.249586216079118,-0.6063142827912821,0.9873048235079234,0.13793103448275862,0.000942951438000943,-2.343103128897045,0.6472900758210587,-3.61179167750632,-1.0744145802877703,0.00029475598708897377,0.19915496797056018,0.0005607552925107306,not distinguishable,high pressure
1500,Big business,Exploration & Invention,Big business + Exploration & Invention,3660,2121,2,1.4621606917899983,0.34948489851093606,-2.0817200091759513,1.4974906131029107,0.992180771820878,0.6981509245377311,0.000942951438000943,-0.317749550047971,0.6502585261137093,-1.592256261230841,0.9567571611348991,0.6250887225665971,0.7752180247904217,0.6965274337170653,not distinguishable,high pressure
1500,Big business,Culture (core),Big business + Culture (core),3660,2121,1,7.3964307241889475,-2.3962381854641523,-4.243618278512601,-1.0710611852868797,1.0172064929087243,0.0004997501249375312,0.0004714757190004715,-2.6385475432858905,0.8279340030257555,-4.2612981892163715,-1.0157968973554097,0.001438036819372773,0.001856214749767973,0.0025492470888880975,dissociated,high pressure
1500,Big business,Culture (periphery),Big business + Culture (periphery),3660,2121,1,1.7277384890518532,-0.5706173860450438,-2.393078478291485,0.7578247680445944,1.0128759524926165,0.6016991504247876,0.0004714757190004715,-0.8201374312967626,0.8302498046475618,-2.4474270484059835,0.8071521858124584,0.3232407698919988,0.7004855781064692,0.4002028579615223,not distinguishable,high pressure
1500,Big business,Sport & Games,Big business + Sport & Games,3660,2121,0,0.15246902681179827,-0.38398132261797324,-0.5842893679505041,-0.2051872391546177,0.09675256906276529,0.0009995002498750624,0.0,0.3533101161231327,1.4366227262651126,-2.4624704273564877,3.1690906596027535,0.8057356178629631,0.003248375812093953,0.8395927953289349,dissociated,high pressure
1500,Small business,Academia,Small business + Academia,3660,2121,37,38.41921588075734,-0.05359204831475645,-0.511751735594781,0.3071134416974452,0.21032232204979195,0.792103948025987,0.017444601603017446,-0.941289161131396,0.18150408482136932,-1.29703716738128,-0.5855411548815121,2.1480178472009228e-07,0.8349203776490134,6.444053541602768e-07,not distinguishable,high pressure
1500,Small business,Exploration & Invention,Small business + Exploration & Invention,3660,2121,2,6.907623130909041,-1.5670826072476205,-3.996515030562267,-0.38381582344256404,0.9979891942831743,0.14042978510744628,0.000942951438000943,-1.8084391584267103,0.6398157038964633,-3.062477938063778,-0.5544003787896423,0.004705972766666108,0.19915496797056018,0.00749114032244809,not distinguishable,high pressure
1500,Small business,Culture (core),Small business + Culture (core),3660,2121,60,34.942640876240915,0.7714490374471888,0.4434567731524294,1.0405374216925247,0.15096689780569883,0.0004997501249375312,0.028288543140028287,-0.06389252313417025,0.15363189421273302,-0.365011035791127,0.23722598952278645,0.6774973818376052,0.001856214749767973,0.7339554969907389,associated,high pressure
1500,Small business,Culture (periphery),Small business + Culture (periphery),3660,2121,35,8.162280943639614,2.03500015543183,1.5930399864265155,2.4001236604101037,0.20475950307812676,0.0004997501249375312,0.0165016501650165,1.2157753027458345,0.1983340761181236,0.8270405135543122,1.6045100919373567,8.791412559177398e-10,0.001856214749767973,3.609106208504405e-09,associated,high pressure
1500,Small business,Sport & Games,Small business + Sport & Games,3660,2121,2,0.7203028930172015,1.0346888093800424,-1.3425116956352647,2.1052895240531,0.9267554597198153,0.175912043978011,0.000942951438000943,0.6079743773553792,0.6751196035820792,-0.7152600456654961,1.9312088003762544,0.3678312391230427,0.24072174439096242,0.44829432268120833,not distinguishable,high pressure
1500,Academia,Exploration & Invention,Academia + Exploration & Invention,3660,2121,12,27.558242211144613,-1.166496535143188,-2.1213600445921945,-0.5238113567065237,0.40797292940582697,0.009995002498750625,0.005657708628005658,-2.0296842755886564,0.29394998558102314,-2.6058262473274616,-1.4535423038498512,5.025202536860391e-12,0.023624551360683296,2.7997556991079318e-11,dissociated,high pressure
1500,Academia,Culture (core),Academia + Culture (core),3660,2121,246,139.4050808092891,0.8171392900671834,0.6905090861647055,0.933434945560086,0.06207972646623725,0.0004997501249375312,0.11598302687411598,-0.3657914016072856,0.08439906332124433,-0.5312135657169246,-0.20036923749764673,1.463779652642893e-05,0.001856214749767973,3.3580827325336955e-05,associated,high pressure
1500,Academia,Culture (periphery),Academia + Culture (periphery),3660,2121,20,32.56375036352464,-0.6896264665627758,-1.3781105639109539,-0.19982133574824476,0.3016249953416051,0.026486756621689155,0.00942951438000943,-1.4479492070682427,0.23575676772823154,-1.9100324718155766,-0.9858659423209089,8.163887341492191e-10,0.048952268052020506,3.5376845146466157e-09,dissociated,high pressure
1500,Academia,Sport & Games,Academia + Sport & Games,3660,2121,1,2.8736775610026566,-1.1693595940152959,-3.081706931083102,0.2516880671078025,1.0064755001345906,0.3448275862068966,0.0004714757190004715,-1.826502417671928,0.8465966428886108,-3.4858318377336053,-0.16717299761025095,0.030969470543661753,0.44156610219480424,0.04473367967417809,not distinguishable,high pressure
1500,Exploration & Invention,Culture (core),Exploration & Invention + Culture (core),3660,2121,20,25.064482412999915,-0.3185169073069505,-1.0552364238714889,0.17395927145256754,0.30836006268321337,0.27886056971514245,0.00942951438000943,-1.2418885637609596,0.23567548334594843,-1.7038125111190185,-0.7799646164029006,1.368066085808922e-07,0.36866312606408663,4.2683661877238366e-07,not distinguishable,high pressure
1500,Exploration & Invention,Culture (periphery),Exploration & Invention + Culture (periphery),3660,2121,6,5.854833579591432,0.03258537371996986,-1.36544220188908,0.8858806015226163,0.5982623903334102,0.9470264867566217,0.002828854314002829,-0.631191862967862,0.4051920064940258,-1.4253681956961526,0.16298446976042857,0.11929017307132297,0.9593255320391753,0.16042471550971021,not distinguishable,high pressure
1500,Exploration & Invention,Sport & Games,Exploration & Invention + Sport & Games,3660,2121,0,0.5166758648267583,-1.023859794491994,-1.3823631266994865,-0.6509914797382137,0.18969647856948615,0.0004997501249375312,0.0,-0.9603863945837291,1.4323404653656413,-3.767773706700386,1.8470009175329278,0.5025381665539046,0.001856214749767973,0.5850444327045456,dissociated,high pressure
1500,Culture (core),Culture (periphery),Culture (core) + Culture (periphery),3660,2121,91,29.617039506163152,1.6031917828056104,1.3903280305732222,1.7959894455408199,0.10378873648529294,0.0004997501249375312,0.0429042904290429,0.8874804436434671,0.14638703388434088,0.600561857230159,1.1743990300567753,1.3397028193110942e-09,0.001856214749767973,5.224840995313267e-09,associated,high pressure
1500,Culture (core),Sport & Games,Culture (core) + Sport & Games,3660,2121,5,2.613636970621283,0.8208308730692642,-0.6335407273709116,1.5941117183751248,0.5739149836222903,0.10594702648675662,0.0023573785950023575,-0.07126598084827183,0.49380109015177237,-1.0391161175457457,0.896584155849202,0.8852468144589675,0.16527736131934034,0.8967435263350578,not distinguishable,high pressure
1500,Culture (periphery),Sport & Games,Culture (periphery) + Sport & Games,3660,2121,1,0.6105216636158576,0.43372496403948774,-1.378691273315443,1.744668515702154,0.9992424999022858,0.6266866566716641,0.0004714757190004715,0.22204144933695497,0.8489409626795577,-1.4418828375149781,1.885965736188888,0.7936675422577808,0.7188464591233794,0.8395927953289349,not distinguishable,high pressure
1550,Politics,Administration & Law,Politics + Administration & Law,4627,2549,93,37.70947717511745,1.2910358477399646,1.0509212100159615,1.5020609101541578,0.11594454492750565,0.0004997501249375312,0.03648489603766183,0.5531120170621473,0.12453625086931053,0.3090209653582987,0.7972030687659959,8.938644666714537e-06,0.0014992503748125937,2.2490783354959157e-05,associated,high pressure
1550,Politics,Military,Politics + Military,4627,2549,78,26.780676087449773,1.5248132553927458,1.255391025264918,1.7821125036646648,0.1294080411872848,0.0004997501249375312,0.03060023538642605,0.8273321314930064,0.13629739122005236,0.5601892447017038,1.094475018284309,1.2786954487572816e-09,0.0014992503748125937,4.749440238241332e-09,associated,high pressure
1550,Politics,Religion,Politics + Religion,4627,2549,36,54.885898878756265,-0.6016222522242551,-1.115697826421794,-0.1958525056775744,0.22841697211021367,0.013493253373313344,0.014123185562965868,-1.5141825798177369,0.17555988744451817,-1.8582799592089925,-1.1700852004264812,6.416111496856531e-18,0.026986506746626688,4.170472472956745e-17,dissociated,high pressure
1550,Politics,Nobility,Politics + Nobility,4627,2549,89,63.24322609263332,0.48961564553185966,0.21691861824956563,0.7123688211113597,0.12700255228840443,0.0004997501249375312,0.03491565319733229,-0.08312000120922965,0.12325996057470627,-0.32470952393565394,0.15846952151719462,0.5000906442284958,0.0014992503748125937,0.5572438607117525,associated,high pressure
1550,Politics,Kinship,Politics + Kinship,4627,2549,11,31.285072464233423,-1.4667155163498697,-2.4641213369946633,-0.7990072318341619,0.42602059814084914,0.005497251374312844,0.004315417810906237,-1.4589332309458438,0.3031443087856929,-2.0530960761658017,-0.8647703857258858,1.4892780597723236e-06,0.011588800194497345,4.0056444366290084e-06,dissociated,high pressure
1550,Politics,Big business,Politics + Big business,4627,2549,7,3.3251917109577507,0.9713585410013766,-0.28581633558978337,1.6773762383391773,0.5203031080683003,0.06146926536731634,0.002746174970576697,0.1622043119056548,0.3928427529425928,-0.6077674838618271,0.9321761076731366,0.6796807404866112,0.09401181762060146,0.7363208021938288,not distinguishable,high pressure
1550,Politics,Small business,Politics + Small business,4627,2549,25,21.21333944515947,0.23191562198458246,-0.3776473944236711,0.6917536747536142,0.2642601379408372,0.3488255872063968,0.009807767752059632,-0.31690164403846727,0.21234012313777068,-0.7330882853884978,0.09928499731156326,0.13558784448372138,0.4318792984460151,0.17925172660559777,not distinguishable,high pressure
1550,Politics,Academia,Politics + Academia,4627,2549,25,67.65258412684632,-1.4182711133404293,-2.0608184546999118,-0.9238121979580376,0.28505783941892915,0.0004997501249375312,0.009807767752059632,-2.028767621009129,0.20619942216466042,-2.4329184884518638,-1.6246167535663947,7.65721786116264e-23,0.0014992503748125937,6.6362554796742885e-22,dissociated,high pressure
1550,Politics,Exploration & Invention,Politics + Exploration & Invention,4627,2549,11,7.012943444028312,0.6141837140774827,-0.33569316064056776,1.2540027263585174,0.4157881862171075,0.12593703148425786,0.004315417810906237,-0.013105295882725729,0.3154887460341813,-0.631463238109721,0.6052526463442697,0.9668656744039207,0.1786016082867657,0.9668656744039206,not distinguishable,high pressure
1550,Politics,Culture (core),Politics + Culture (core),4627,2549,21,72.19687962837213,-1.7575567807911219,-2.4206897809778907,-1.2592669731904083,0.2988548116191005,0.0014992503748125937,0.00823852491173009,-2.337657438070175,0.2230220627782602,-2.7747806811155646,-1.900534195024785,1.0480676940622777e-25,0.0037723073946897517,1.362488002280961e-24,dissociated,high pressure
1550,Politics,Culture (periphery),Politics + Culture (periphery),4627,2549,4,13.868225721980044,-1.6748850132681008,-3.321595608464649,-0.6703866152627502,0.739940242310342,0.020989505247376312,0.001569242840329541,-1.763798484749859,0.4788220196436585,-2.7022896432514294,-0.8253073262482883,0.00022994473750983515,0.038980509745127435,0.00047199182962545113,dissociated,high pressure
1550,Politics,Sport & Games,Politics + Sport & Games,4627,2549,0,0.8264852303209491,-1.407608612045049,-1.8949548694353908,-0.7987627841749618,0.28504998269495074,0.0004997501249375312,0.0,-1.1733872711245832,1.4409521319725875,-3.997653449790855,1.6508789075416885,0.415465180237375,0.0014992503748125937,0.48906705757058644,dissociated,high pressure
1550,Administration & Law,Military,Administration & Law + Military,4627,2549,34,31.141982248234534,0.12475637996509523,-0.3624224226309313,0.5240225549700417,0.22615868717069385,0.5787106446776612,0.013338564142801098,-0.43850935540936703,0.18401511479738963,-0.7991789804122507,-0.07783973040648334,0.017171855445203055,0.6737228400725012,0.026788094494516766,not distinguishable,high pressure
1550,Administration & Law,Religion,Administration & Law + Religion,4627,2549,19,63.82421724452401,-1.7218878720679132,-2.443753966577187,-1.1883934432388281,0.323325487048801,0.0014992503748125937,0.00745390349156532,-2.4003565688680166,0.23300858461445065,-2.8570533947123398,-1.9436597430236935,6.931338631413416e-25,0.0037723073946897517,7.723491617860664e-24,dissociated,high pressure
1550,Administration & Law,Nobility,Administration & Law + Nobility,4627,2549,74,73.5425579946746,0.008885687815211013,-0.2812754628885,0.26193822075547757,0.14317339496661288,0.9480259870064968,0.029030992546096507,-0.5456103970410933,0.1300913999038893,-0.8005895408527163,-0.29063125322947025,2.7401232588575082e-05,0.960338012811776,6.679050443465177e-05,not distinguishable,high pressure
1550,Administration & Law,Kinship,Administration & Law + Kinship,4627,2549,6,36.379931863350706,-2.504324367098748,-3.9284750889025672,-1.6257793985379951,0.617036247561543,0.0024987506246876563,0.0023538642604943117,-2.2457753434073195,0.3980221587952863,-3.025898774646081,-1.4656519121685583,1.6775686561069307e-08,0.00556864424930392,5.4520981323475245e-08,dissociated,high pressure
1550,Administration & Law,Big business,Administration & Law + Big business,4627,2549,4,3.866708252490719,0.04337885611419357,-1.6067932644953478,0.9820367677890107,0.7071219803072217,0.9395302348825587,0.001569242840329541,-0.5991805992615168,0.49183391883220257,-1.5631750801726338,0.36481388164960027,0.22312595056971973,0.960338012811776,0.2836111103887098,not distinguishable,high pressure
1550,Administration & Law,Small business,Administration & Law + Small business,4627,2549,16,24.667989645583237,-0.6091239578529979,-1.4244297148208491,-0.05083163159286837,0.34481965105058715,0.0769615192403798,0.006276971361318164,-0.9987861412578621,0.2569254155992338,-1.5023599558323604,-0.4952123266833639,0.0001013005168925057,0.11544227886056971,0.0002135524410166336,not distinguishable,high pressure
1550,Administration & Law,Academia,Administration & Law + Academia,4627,2549,147,78.66999201385987,0.8976893435059384,0.714723521209197,1.065264643512144,0.08827909202754919,0.0004997501249375312,0.05766967438211063,-0.08312290533474324,0.10164984572486219,-0.2823566029554731,0.11611079228598663,0.41350701064992657,0.0014992503748125937,0.48906705757058644,associated,high pressure
1550,Administration & Law,Exploration & Invention,Administration & Law + Exploration & Invention,4627,2549,5,8.155020415789645,-0.6541056040422815,-2.432100716772179,0.24627272364580197,0.6712547642030076,0.26486756621689156,0.001961553550411926,-1.0139616440257537,0.43984686592287725,-1.8760615012345931,-0.1518617868169143,0.021151983508165304,0.33868311745766466,0.03172797526224796,not distinguishable,high pressure
1550,Administration & Law,Culture (core),Administration & Law + Culture (core),4627,2549,58,83.95433843503064,-0.5297349117460975,-0.9015579520656948,-0.2324857564476578,0.17088543443933815,0.00399800099950025,0.022754021184778345,-1.4314339734239467,0.14191479724205358,-1.7095869760183717,-1.1532809708295217,6.334234627805234e-24,0.008662335498917208,6.175878762110103e-23,dissociated,high pressure
1550,Administration & Law,Culture (periphery),Administration & Law + Culture (periphery),4627,2549,2,16.126704114494178,-2.733502213788901,-5.132254904058106,-1.572224652449842,0.9688166289906451,0.0004997501249375312,0.0007846214201647705,-2.5550075546293134,0.637722034637302,-3.8049427425184255,-1.3050723667402013,6.163566727865752e-05,0.0014992503748125937,0.00013354394577042461,dissociated,high pressure
1550,Administration & Law,Sport & Games,Administration & Law + Sport & Games,4627,2549,1,0.9610806048001458,0.037926729877695096,-1.8350952090028838,1.3795605241809548,0.9911583228044257,0.9650174912543729,0.00039231071008238524,-0.18348474378178106,0.8652365461316943,-1.879348374199902,1.51237888663634,0.8320578072877616,0.9650174912543728,0.8428637528369534,not distinguishable,high pressure
1550,Military,Religion,Military + Religion,4627,2549,15,45.32695270801776,-1.5639281404899226,-2.3964431250453235,-0.9687212177139836,0.3618074899641962,0.0014992503748125937,0.005884660651235779,-2.174295628600059,0.2614784539101848,-2.686793398264021,-1.6617978589360969,9.145012491440168e-17,0.0037723073946897517,5.095078388088093e-16,dissociated,high pressure
1550,Military,Nobility,Military + Nobility,4627,2549,122,52.22876507016266,1.2161196355259523,1.0165677674728655,1.392938248809631,0.09763943210884451,0.0004997501249375312,0.047861906630051,0.7106090460146862,0.11591470200221211,0.4834162300903505,0.9378018619390219,8.763198994839848e-10,0.0014992503748125937,3.4176476079875407e-09,associated,high pressure
1550,Military,Kinship,Military + Kinship,4627,2549,25,25.836453971278214,-0.046563862274791624,-0.6511859501294521,0.40015794848708963,0.272393491079236,0.8585707146426786,0.009807767752059632,-0.3260281176542267,0.21186602252144024,-0.7412855217962495,0.08922928648779616,0.12384312272956478,0.8929135432283857,0.16946953636677287,not distinguishable,high pressure
1550,Military,Big business,Military + Big business,4627,2549,2,2.7460752307367513,-0.3767683411516722,-2.8013052835237535,0.8445417792499019,0.9863261036732348,0.6766616691654173,0.0007846214201647705,-0.7854926835985526,0.6479874462085831,-2.0555480781673756,0.48456271097027026,0.2254344723602565,0.7230083588342815,0.2836111103887098,not distinguishable,high pressure
1550,Military,Small business,Military + Small business,4627,2549,4,17.518817281901818,-2.001507412169595,-3.7117493071711083,-1.0530010277653783,0.7617416664192992,0.017991004497751123,0.001569242840329541,-1.917004589065042,0.4777926193897746,-2.8534781230690003,-0.9805310550610838,6.015281148034515e-05,0.03422678904450213,0.00013354394577042461,dissociated,high pressure
1550,Military,Academia,Military + Academia,4627,2549,8,55.87018786130597,-2.7293976291012974,-4.014155082004736,-1.9669400838920024,0.5190149004160566,0.0004997501249375312,0.003138485680659082,-2.918345441326955,0.3484081781118606,-3.6012254704262014,-2.2354654122277084,5.46521847086894e-17,0.0014992503748125937,3.279131082521364e-16,dissociated,high pressure
1550,Military,Exploration & Invention,Military + Exploration & Invention,4627,2549,17,5.791566911087046,1.475863652728479,0.6928515870286365,2.0005194489019384,0.3316080230548623,0.0024987506246876563,0.006669282071400549,0.7442399816971417,0.2664004565478759,0.22209508686330492,1.2663848765309784,0.00521105939804811,0.00556864424930392,0.008648141128675586,associated,high pressure
1550,Military,Culture (core),Military + Culture (core),4627,2549,27,59.623047366147624,-1.128486516176024,-1.7207893348782513,-0.6807186436197498,0.2639058970253493,0.0004997501249375312,0.010592389172224402,-1.7959229762538296,0.20048307579043245,-2.188869804803077,-1.402976147704582,3.306865420143182e-19,0.0014992503748125937,2.5655869525608975e-18,dissociated,high pressure
1550,Military,Culture (periphery),Military + Culture (periphery),4627,2549,2,11.452930976550114,-2.257364424637474,-4.655650316628042,-1.0546360178649952,0.9708428835118065,0.08045977011494253,0.0007846214201647705,-2.112977893054636,0.638364129933065,-3.364171587723443,-0.8617841983858285,0.0009329982311429522,0.1184124918672739,0.0017327110006940542,not distinguishable,high pressure
1550,Military,Sport & Games,Military + Sport & Games,4627,2549,1,0.6825442912283726,0.34306828118280647,-1.5248277549912082,1.6217665508166537,0.9795267056191753,0.6756621689155422,0.00039231071008238524,0.25538257525940095,0.8657085328745896,-1.4414061491747945,1.9521712996935965,0.7679951520904855,0.7230083588342815,0.798714958174105,not distinguishable,high pressure
1550,Religion,Nobility,Religion + Nobility,4627,2549,89,107.04071506046296,-0.2649233820461774,-0.5397233414694275,-0.026778155606302423,0.12977003014900845,0.047476261869065464,0.03491565319733229,-1.2489256696356164,0.11724835631486934,-1.4787324480127602,-1.0191188912584725,1.70718287492685e-26,0.07557445766912461,2.663205284885886e-25,not distinguishable,high pressure
1550,Religion,Kinship,Religion + Kinship,4627,2549,37,52.95075432086499,-0.5113197124362586,-1.003388721497499,-0.12205311052431014,0.2249736434693359,0.022988505747126436,0.014515496273048253,-1.2102926673933956,0.17517049759254016,-1.5536268426747744,-0.8669584921120168,4.873029245092776e-12,0.04170008019246191,2.1116460062068698e-11,dissociated,high pressure
1550,Religion,Big business,Religion + Big business,4627,2549,0,5.627968723997483,-3.6154089340368785,-3.962973364983639,-3.144532296984185,0.20757411902514822,0.0004997501249375312,0.0,-3.6907464265406498,1.4204577564221492,-6.4748436291280616,-0.9066492239532375,0.009369216692284073,0.0014992503748125937,0.01522497712496162,dissociated,high pressure
1550,Religion,Small business,Religion + Small business,4627,2549,10,35.904098562338966,-1.793711557771364,-2.9475310678744826,-1.1036530795832655,0.4470626459868062,0.0009995002498750624,0.003923107100823852,-2.3199573364977075,0.31582449938244644,-2.9389733552873025,-1.7009413177081125,2.046592731938888e-13,0.00278432212465196,9.977139568202078e-13,dissociated,high pressure
1550,Religion,Academia,Religion + Academia,4627,2549,232,114.50366194189557,1.0155509160831897,0.8887312423237158,1.137370640126046,0.06483006322201172,0.0004997501249375312,0.09101608473911338,-0.4503058497457228,0.08249254011328239,-0.6119912283677562,-0.2886204711236893,4.795082897974414e-08,0.0014992503748125937,1.438524869392324e-07,associated,high pressure
1550,Religion,Exploration & Invention,Religion + Exploration & Invention,4627,2549,10,11.869579199325754,-0.23640709421980732,-1.2816698176185595,0.455864789656575,0.445480629874663,0.5572213893053474,0.003923107100823852,-1.1359349347430516,0.3264548449505844,-1.775786430846197,-0.4960834386399062,0.0005021476724261676,0.6585343691790468,0.0010042953448523352,not distinguishable,high pressure
1550,Religion,Culture (core),Religion + Culture (core),4627,2549,179,122.19499380432926,0.5489074586254239,0.38584846803204886,0.6989469030357607,0.08102352609703538,0.0004997501249375312,0.07022361710474696,-0.9842232559238004,0.08889711715117343,-1.1584616055401002,-0.8099849063075005,1.7251441152955412e-28,0.0014992503748125937,3.364031024826305e-27,associated,high pressure
1550,Religion,Culture (periphery),Religion + Culture (periphery),4627,2549,12,23.472312998807663,-0.9394410210633556,-1.8999398234999791,-0.343923575759629,0.40955416348387685,0.028985507246376812,0.004707728520988623,-1.711614157111656,0.29348177677538356,-2.286838439591408,-1.1363898746319043,5.47351189747537e-09,0.050241545893719805,1.9406087636503586e-08,not distinguishable,high pressure
1550,Religion,Sport & Games,Religion + Sport & Games,4627,2549,0,1.398846572293545,-1.9251233397509362,-2.4999023875320665,-1.172958234790562,0.34051540955348064,0.0004997501249375312,0.0,-2.177189063933231,1.4405698347259943,-5.00070593999618,0.646327812129718,0.13070215702471366,0.0014992503748125937,0.17577186634358044,dissociated,high pressure
1550,Nobility,Kinship,Nobility + Kinship,4627,2549,237,61.01342231248577,1.9489543655075565,1.8291382235150728,2.0660836046059363,0.06075928592270509,0.0004997501249375312,0.09297763828952531,2.1050489019293237,0.11103722389293517,1.8874159430991708,2.322681860759477,3.789570071566628e-80,0.0014992503748125937,2.95586465582197e-78,associated,high pressure
1550,Nobility,Big business,Nobility + Big business,4627,2549,3,6.484924283381025,-0.9968895548394443,-3.7263914696461895,0.006369368049451221,0.8601693484117158,0.19540229885057472,0.0011769321302471558,-1.3766266091587471,0.5518188587207447,-2.4581915722514065,-0.29506164606608754,0.012606102051521094,0.2627824019024971,0.02006685632691113,not distinguishable,high pressure
1550,Nobility,Small business,Nobility + Small business,4627,2549,20,41.371118436926444,-1.03033154529177,-1.707287519359635,-0.507457218142157,0.309547940882567,0.001999000499750125,0.007846214201647704,-1.2822832289385298,0.23159941696667063,-1.7362180861932042,-0.8283483716838553,3.083245842314713e-08,0.004872563718140929,9.619727028021904e-08,dissociated,high pressure
1550,Nobility,Academia,Nobility + Academia,4627,2549,28,131.93882451706787,-2.2162922866332897,-2.7942572701754096,-1.7825621065040176,0.2557513533073752,0.0004997501249375312,0.010984699882306787,-2.670066256503505,0.19357292103084175,-3.0494691817239548,-2.290663331283055,2.785309329885554e-43,0.0014992503748125937,7.241804257702441e-42,dissociated,high pressure
1550,Nobility,Exploration & Invention,Nobility + Exploration & Invention,4627,2549,6,13.676927886079046,-1.1250333138582136,-2.6605908649683703,-0.30901893229554267,0.6191364859935594,0.06096951524237881,0.0023538642604943117,-1.3445812031865998,0.4062116430938478,-2.1407560236505416,-0.5484063827226582,0.0009327901652144724,0.09401181762060146,0.0017327110006940542,not distinguishable,high pressure
1550,Nobility,Culture (core),Nobility + Culture (core),4627,2549,47,140.8012946572379,-1.5727752657074197,-2.0224578190920384,-1.2227778474178481,0.20369245560408086,0.0004997501249375312,0.018438603373872108,-2.2462468427923388,0.15303008680740757,-2.5461858129348576,-1.94630787264982,8.857229617607775e-49,0.0014992503748125937,3.4543195508670323e-47,dissociated,high pressure
1550,Nobility,Culture (periphery),Nobility + Culture (periphery),4627,2549,4,27.04637854578738,-2.613865757161466,-4.425106514855425,-1.6114494993195,0.8036221162890845,0.025487256371814093,0.001569242840329541,-2.4643446981334556,0.47789573603461455,-3.4010203407613,-1.5276690555056112,2.5139684507394495e-07,0.0451819544773068,7.262575524358409e-07,dissociated,high pressure
1550,Nobility,Sport & Games,Nobility + Sport & Games,4627,2549,1,1.6118451523567454,-0.4935415545637695,-2.4485580918938097,0.8187401994396956,0.9900178469160812,0.6456771614192903,0.00039231071008238524,-0.6879666933121987,0.8649042225048978,-2.3831789694217984,1.0072455827974012,0.4263661527538446,0.7181198133327703,0.48906705757058644,not distinguishable,high pressure
1550,Kinship,Big business,Kinship + Big business,4627,2549,1,3.2079534626124064,-1.305660636532574,-3.116889204246872,0.023651955376828116,1.0002822615088418,0.3488255872063968,0.00039231071008238524,-1.3216200534385574,0.8284007789989519,-2.9452855802765034,0.3020454733993885,0.11062566196456551,0.4318792984460151,0.15688730242247473,not distinguishable,high pressure
1550,Kinship,Small business,Kinship + Small business,4627,2549,10,20.465408205613176,-0.9976215924660757,-2.077697898420155,-0.31445432580157684,0.4582976926058093,0.03498250874562719,0.003923107100823852,-1.0387252900769914,0.3184216302980713,-1.662831685461211,-0.4146188946927717,0.0011058756346148744,0.0593181670034548,0.002006006965115354,not distinguishable,high pressure
1550,Kinship,Academia,Kinship + Academia,4627,2549,5,65.26731700587692,-3.5798672926183603,-5.408628865992573,-2.6759941553197106,0.6666711417590034,0.0009995002498750624,0.001961553550411926,-3.3706551929182873,0.43072582328032866,-4.214877806547731,-2.5264325792888433,5.055474285263353e-15,0.00278432212465196,2.6288466283369432e-14,dissociated,high pressure
1550,Kinship,Exploration & Invention,Kinship + Exploration & Invention,4627,2549,1,6.765683954473638,-2.276136111491072,-4.059863410595159,-0.9192483820787002,1.0209819957506208,0.0004997501249375312,0.00039231071008238524,-1.9247023762010842,0.8238605715502907,-3.539469096439654,-0.3099356559625144,0.019480864008519005,0.0014992503748125937,0.02979426260126436,dissociated,high pressure
1550,Kinship,Culture (core),Kinship + Culture (core),4627,2549,50,69.65139159658823,-0.4741883350767322,-0.8624221159863003,-0.15138552046958975,0.1793640832169816,0.013993003498250875,0.019615535504119264,-1.1043571484761607,0.1543005653780249,-1.4067862566170894,-0.801928040335232,8.23526478353921e-13,0.027286356821589208,3.778533253623873e-12,dissociated,high pressure
1550,Kinship,Culture (periphery),Kinship + Culture (periphery),4627,2549,4,13.379265495733575,-1.6249343145527615,-3.314916462630101,-0.6497918252396231,0.7449101115917598,0.03798100949525238,0.001569242840329541,-1.5157348929104815,0.47934924228448317,-2.4552594077880685,-0.5762103780328944,0.001566529864479735,0.06303231363041883,0.0027153184317648743,not distinguishable,high pressure
1550,Kinship,Sport & Games,Kinship + Sport & Games,4627,2549,0,0.7973453523503591,-1.3755625750422198,-1.8744811590518837,-0.7756312124363434,0.28038011242806393,0.0004997501249375312,0.0,-0.9285157366140164,1.441124392266332,-3.753119545456027,1.896088072227994,0.5193812347520688,0.0014992503748125937,0.5705878353614277,dissociated,high pressure
1550,Big business,Small business,Big business + Small business,4627,2549,19,2.175203711114023,2.8657534649843424,2.33321162848173,3.2749545064446375,0.23826459503751488,0.0004997501249375312,0.00745390349156532,1.9232658145311858,0.28110413967153575,1.3723017007749758,2.4742299282873956,7.818963286895877e-12,0.0014992503748125937,3.209890191462518e-11,associated,high pressure
1550,Big business,Academia,Big business + Academia,4627,2549,1,6.937057337888815,-2.309769394292588,-4.114044501026316,-0.9572316650014208,1.0089305338579666,0.0004997501249375312,0.00039231071008238524,-2.6871544311705393,0.8273955637474392,-4.30884973611552,-1.0654591262255586,0.0011633106596026367,0.0014992503748125937,0.002062232532931947,dissociated,high pressure
1550,Big business,Exploration & Invention,Big business + Exploration & Invention,4627,2549,2,0.7191032154422995,1.0361078179014263,-1.3784540557805862,2.2046682093701837,0.9859005934113568,0.19390304847576212,0.0007846214201647705,0.5823593038270706,0.65322877180877,-0.6979690889181186,1.8626876965722596,0.3726561862044854,0.2627824019024971,0.45417472693671657,not distinguishable,high pressure
1550,Big business,Culture (core),Big business + Culture (core),4627,2549,4,7.4030268032279105,-0.8124802996552722,-2.603009746717706,0.08748899211912747,0.75266105391907,0.2143928035982009,0.001569242840329541,-1.6525536738659057,0.49089378163328484,-2.6147054858671437,-0.6904018618646675,0.0007615121261441447,0.28000999500249873,0.0014849486459810823,not distinguishable,high pressure
1550,Big business,Culture (periphery),Big business + Culture (periphery),4627,2549,1,1.4220399449602628,-0.35767581863569026,-2.1406584542115152,0.9868697434037497,1.016150505416856,0.6536731634182908,0.00039231071008238524,-0.6651829649793045,0.8296908325371916,-2.2913769967522,0.9610110667935908,0.42271269108059517,0.7181198133327703,0.48906705757058644,not distinguishable,high pressure
1550,Big business,Sport & Games,Big business + Sport & Games,4627,2549,0,0.08474732348589645,-0.2258852581803596,-0.3763850360623453,-0.09975844634174331,0.07165581011548774,0.0024987506246876563,0.0,1.0253908031437395,1.4459676907743826,-1.8087058707740502,3.8594874770615295,0.4782387720574053,0.00556864424930392,0.5406177423257624,dissociated,high pressure
1550,Small business,Academia,Small business + Academia,4627,2549,47,44.255539184170516,0.0858612643854243,-0.3021819807418515,0.4102585901154353,0.18324335095116392,0.6371814092953523,0.018438603373872108,-0.7533431741005805,0.16118390380210423,-1.0692636255527048,-0.4374227226484562,2.956607953645794e-06,0.7181198133327703,7.687180679479065e-06,not distinguishable,high pressure
1550,Small business,Exploration & Invention,Small business + Exploration & Invention,4627,2549,6,4.587579283027077,0.35346034614034044,-1.0934934554373068,1.1623184675661227,0.611722720026166,0.52023988005997,0.0023538642604943117,-0.13722944184072955,0.40878139210555214,-0.9384409703676118,0.6639820866861526,0.7370942858429599,0.624287856071964,0.7875801958322037,not distinguishable,high pressure
1550,Small business,Culture (core),Small business + Culture (core),4627,2549,77,47.228230474944425,0.699353460951419,0.4352553167114382,0.9415870031891925,0.13055581342975453,0.0004997501249375312,0.030207924676343666,-0.23494649478108107,0.13515169551946485,-0.49984381799923217,0.029950828437070004,0.08214193668848477,0.0014992503748125937,0.1186494641055891,associated,high pressure
1550,Small business,Culture (periphery),Small business + Culture (periphery),4627,2549,33,9.072023113016002,1.8072653099840654,1.3268461724490697,2.1952101479280244,0.21615936158073787,0.0004997501249375312,0.012946253432718713,1.0044091736931828,0.19793956877830132,0.6164476188877123,1.3923707284986535,3.8887938599048117e-07,0.0014992503748125937,1.0833068609734833e-06,associated,high pressure
1550,Small business,Sport & Games,Small business + Sport & Games,4627,2549,2,0.5406526589882681,1.264439477521559,-1.1152071233932397,2.3207375946623117,0.926332651693087,0.14942528735632185,0.0007846214201647705,1.1031760612294266,0.7002924022681958,-0.26939704721623703,2.4757491696750904,0.11518542179665935,0.208128078817734,0.1604368375024898,not distinguishable,high pressure
1550,Academia,Exploration & Invention,Academia + Exploration & Invention,4627,2549,14,14.630492015927555,-0.061406001881355476,-0.878939394266888,0.4905125745090348,0.3515830736549387,0.856071964017991,0.005492349941153394,-0.8810629771080379,0.2840235228026327,-1.437749081801198,-0.3243768724148778,0.0019216764740585767,0.8929135432283857,0.0032584948907949775,not distinguishable,high pressure
1550,Academia,Culture (core),Academia + Culture (core),4627,2549,235,150.61805066704554,0.6400510627868885,0.5055422896714317,0.7677406795215589,0.06756849244866615,0.0004997501249375312,0.09219301686936053,-0.7260832714326743,0.08114429199951871,-0.885126083751731,-0.5670404591136176,3.618135445919214e-19,0.0014992503748125937,2.5655869525608975e-18,associated,high pressure
1550,Academia,Culture (periphery),Academia + Culture (periphery),4627,2549,18,28.932069297276808,-0.6698637074854135,-1.4537676565992412,-0.12570124792821102,0.33290468423489317,0.04547726136931534,0.007061592781482934,-1.3976348139750001,0.24551437836813425,-1.878842995576543,-0.916426632373457,1.250605751035618e-08,0.07390054972513743,4.2411847209034004e-08,not distinguishable,high pressure
1550,Academia,Sport & Games,Academia + Sport & Games,4627,2549,1,1.7242240237641187,-0.5683396028513903,-2.511758964894646,0.812715658043424,0.9947416510619336,0.6046976511744128,0.00039231071008238524,-1.1129059384545927,0.8647384144628834,-2.807793230801844,0.5819813538926586,0.19809928662704057,0.6936237763471206,0.25752907261515273,not distinguishable,high pressure
1550,Exploration & Invention,Culture (core),Exploration & Invention + Culture (core),4627,2549,11,15.613237611105873,-0.48661254077042265,-1.4826573305620223,0.164449604392158,0.4206770924684548,0.21539230384807595,0.004315417810906237,-1.267452769922633,0.31349034878351445,-1.8818938535383212,-0.6530116863069447,5.2763512643692764e-05,0.28000999500249873,0.00012104570547670692,not distinguishable,high pressure
1550,Exploration & Invention,Culture (periphery),Exploration & Invention + Culture (periphery),4627,2549,9,2.9991310504870214,1.440930815614262,0.3327506437621711,2.1445642586236566,0.4622188262385865,0.0074962518740629685,0.003530796390741467,0.6954248424540208,0.34700340886952263,0.015298161069756455,1.3755515238382852,0.04506079674285163,0.01538704332044504,0.06631588954608353,associated,high pressure
1550,Exploration & Invention,Sport & Games,Exploration & Invention + Sport & Games,4627,2549,0,0.17873501388832116,-0.44092034443452394,-0.6943918874076193,-0.21253259103507074,0.12321943544838102,0.0004997501249375312,0.0,0.4306890390116211,1.4434377595287486,-2.398448969664726,3.2598270476879683,0.76541522425993,0.0014992503748125937,0.798714958174105,dissociated,high pressure
1550,Culture (core),Culture (periphery),Culture (core) + Culture (periphery),4627,2549,89,30.87546693765275,1.5122507526003914,1.2892515921375578,1.7081656504049418,0.10747789875965749,0.0004997501249375312,0.03491565319733229,0.5833833639499705,0.14231612565913176,0.30444375765807224,0.8623229702418687,4.145668049993561e-05,0.0014992503748125937,9.798851754530235e-05,associated,high pressure
1550,Culture (core),Sport & Games,Culture (core) + Sport & Games,4627,2549,4,1.8400419718283485,0.9433905947081768,-0.6175291948448351,1.7223207929491748,0.6155051753735031,0.09295352323838081,0.001569242840329541,0.14485695618524608,0.5731808595547426,-0.9785775285420494,1.2682914409125416,0.8004809656870233,0.13426620023321673,0.8215462542577344,not distinguishable,high pressure
1550,Culture (periphery),Sport & Games,Culture (periphery) + Sport & Games,4627,2549,1,0.3534518047675374,0.8135809104118292,-0.9694577938171732,2.079131641108035,0.9928590533879678,0.5077461269365318,0.00039231071008238524,0.9058003020321905,0.8669358123243147,-0.7933938901234663,2.6049944941878476,0.2961016763079962,0.618815592203898,0.3666020754289477,not distinguishable,high pressure
1600,Politics,Administration & Law,Politics + Administration & Law,5754,3043,142,42.50693174486716,1.7283208057922719,1.5346981639233113,1.9083120857641322,0.09312064416146666,0.0004997501249375312,0.0466644758462044,1.0817519589670639,0.10699952353418593,0.8720328928400595,1.2914710250940682,4.994724376826532e-24,0.0012574357982299172,3.5417136490224506e-23,associated,high pressure
1600,Politics,Military,Politics + Military,5754,3043,93,35.46906696048546,1.3782096286278784,1.1256929820772983,1.6084880757276725,0.12254289802589205,0.0004997501249375312,0.03056194544857049,0.5741979075209589,0.12224170658765375,0.33460416260915754,0.8137916524327602,2.637082029178627e-06,0.0012574357982299172,6.427887446122903e-06,associated,high pressure
1600,Politics,Religion,Politics + Religion,5754,3043,33,64.15042148419252,-0.9484986800516967,-1.4383006542354677,-0.5531315924861242,0.22821517892141366,0.0014992503748125937,0.010844561288202431,-1.6497590099813695,0.18081899813335453,-2.0041642463227443,-1.2953537736399947,7.25256014001562e-20,0.0033411865495823513,3.5356230682576145e-19,dissociated,high pressure
1600,Politics,Nobility,Politics + Nobility,5754,3043,118,73.39327219983252,0.6813721374850109,0.4494372118367382,0.8802927505673019,0.10877636036104943,0.0004997501249375312,0.038777522182057184,0.14930707454849454,0.10891231053339637,-0.06416105409696235,0.3627752031939514,0.1704084557104627,0.0012574357982299172,0.2013918112941832,associated,high pressure
1600,Politics,Kinship,Politics + Kinship,5754,3043,12,35.649177527381795,-1.5320347282042157,-2.507728070965986,-0.893470879323948,0.42732316739315745,0.005497251374312844,0.003943476832073612,-1.4448235445088644,0.2902682379556658,-2.0137492909019694,-0.8758977981157594,6.439543792257179e-07,0.009971758306893065,1.6742813859868664e-06,dissociated,high pressure
1600,Politics,Big business,Politics + Big business,5754,3043,14,5.845070484316528,1.1923448047713383,0.38669073917827884,1.748433943791449,0.34839441317941267,0.00399800099950025,0.004600722970752547,0.4730644651055987,0.28915764431683655,-0.09368451775540093,1.0398134479665984,0.1018377352324496,0.007796101949025487,0.1281184410988882,associated,high pressure
1600,Politics,Small business,Politics + Small business,5754,3043,26,27.24239081547949,-0.06609976356629732,-0.671430088021273,0.3782171008859576,0.26652752711258376,0.8010994502748626,0.008544199802826159,-0.5457248936859377,0.20570174545517553,-0.9489003147780817,-0.14254947259379364,0.007978198165955224,0.8115033392394713,0.01244598913889015,not distinguishable,high pressure
1600,Politics,Academia,Politics + Academia,5754,3043,22,80.7353119280187,-1.8521819829806032,-2.5277061719439593,-1.341729928003291,0.29990263831746705,0.0004997501249375312,0.007229707525468288,-2.3186701823609925,0.21710065857400412,-2.7441874731660407,-1.8931528915559444,1.2605163140179499e-26,0.0012574357982299172,9.83202724934001e-26,dissociated,high pressure
1600,Politics,Exploration & Invention,Politics + Exploration & Invention,5754,3043,7,9.463992316505516,-0.4098333134708671,-1.9056221556166946,0.40273459720438676,0.5570411217134278,0.4052973513243378,0.0023003614853762734,-0.7322600828134402,0.37784936813295256,-1.4728448443540272,0.008324678727146706,0.05262709492199578,0.4330574438807993,0.0707743690330288,not distinguishable,high pressure
1600,Politics,Culture (core),Politics + Culture (core),5754,3043,22,97.82505434810511,-2.1276340771600974,-2.8011481016861737,-1.6499520251640725,0.2947916200910294,0.0004997501249375312,0.007229707525468288,-2.6180646877337366,0.2168710248007749,-3.0431318963432554,-2.1929974791242177,1.4850051978302048e-33,0.0012574357982299172,2.895760135768899e-32,dissociated,high pressure
1600,Politics,Culture (periphery),Politics + Culture (periphery),5754,3043,6,21.23075904614515,-1.7412269448680424,-3.218657642048968,-0.9075245133190623,0.606353053219685,0.02048975512243878,0.001971738416036806,-1.75439289752067,0.39873820597605786,-2.5359197812337433,-0.9728660138075965,1.083199692409199e-05,0.0326163448887801,2.223409894945198e-05,dissociated,high pressure
1600,Politics,Sport & Games,Politics + Sport & Games,5754,3043,0,1.4885511476244566,-1.991717670252335,-2.4594015467904082,-1.4489826264701924,0.25648855523813496,0.0004997501249375312,0.0,-1.611694152085731,1.431215285933464,-4.41687611251532,1.1934878083438583,0.2601224196928785,0.0012574357982299172,0.29405143095716707,dissociated,high pressure
1600,Administration & Law,Military,Administration & Law + Military,5754,3043,46,35.93938223533546,0.3517322151919203,-0.06077271180733848,0.6914672075333578,0.19168549272765678,0.06796601699150424,0.01511666118961551,-0.3884089931762127,0.15904142419345918,-0.7001301845953927,-0.07668780175703271,0.014598558531273164,0.08690736598913658,0.022278688502121096,not distinguishable,high pressure
1600,Administration & Law,Religion,Administration & Law + Religion,5754,3043,28,65.00104783829688,-1.2005560667471038,-1.7879562849909212,-0.7522722307840493,0.2649711916175676,0.0014992503748125937,0.009201445941505093,-1.8978603590025607,0.19444688041860353,-2.2789762446230237,-1.5167444733820978,1.6665748928092196e-22,0.0033411865495823513,9.999449356855318e-22,dissociated,high pressure
1600,Administration & Law,Nobility,Administration & Law + Nobility,5754,3043,61,74.3664575679523,-0.2837330820748435,-0.6492036080157607,0.015070261588014083,0.16789710694274634,0.08895552223888056,0.020046007229707525,-0.7687667509610071,0.13886088205656422,-1.040934079791873,-0.49659942213014124,3.090393499053812e-08,0.11191178604246264,9.271180497161436e-08,not distinguishable,high pressure
1600,Administration & Law,Kinship,Administration & Law + Kinship,5754,3043,9,36.12188104522865,-1.946706477028146,-3.145373620803664,-1.1889658152989364,0.5021406941127161,0.0029985007496251873,0.0029576076240552087,-1.8007230536484202,0.3307498296451004,-2.448992719752817,-1.1524533875440235,5.199028886189814e-08,0.006321163742453098,1.501941678232613e-07,dissociated,high pressure
1600,Administration & Law,Big business,Administration & Law + Big business,5754,3043,8,5.922575368626327,0.40431092606501107,-0.8725684922395025,1.1613810865989167,0.5272778136331044,0.4007996001999001,0.0026289845547157412,-0.21416093678459708,0.362316979810617,-0.9243022172134063,0.49598034364421223,0.5544619815970188,0.4330574438807993,0.5766404608608995,not distinguishable,high pressure
1600,Administration & Law,Small business,Administration & Law + Small business,5754,3043,16,27.603621420677737,-0.7682900230220162,-1.5521907539452535,-0.1711121826382558,0.3521262369763692,0.030484757621189407,0.0052579691094314825,-1.1341745291379532,0.25492357204385185,-1.6338247303439029,-0.6345243279320036,8.62402102524432e-06,0.046476761619190406,1.818036864781235e-05,dissociated,high pressure
1600,Administration & Law,Academia,Administration & Law + Academia,5754,3043,117,81.80585180046104,0.5135938443189533,0.2796448368698901,0.7183770075295395,0.10971226580486565,0.0004997501249375312,0.03844889911271771,-0.4770582393788102,0.1069397177085476,-0.6866600860875635,-0.26745639267005694,8.157752540708863e-06,0.0012574357982299172,1.7675130504869202e-05,associated,high pressure
1600,Administration & Law,Exploration & Invention,Administration & Law + Exploration & Invention,5754,3043,3,9.589483639761195,-1.5274255148242692,-4.265569244746463,-0.43737617526222294,0.8587077784595486,0.04997501249375312,0.000985869208018403,-1.5993541323238107,0.5429751217997822,-2.6635853710513837,-0.5351228935962375,0.003223930104291365,0.06606866058496175,0.005238886419473468,not distinguishable,high pressure
1600,Administration & Law,Culture (core),Administration & Law + Culture (core),5754,3043,67,99.12220201128446,-0.5615797979822463,-0.8887785532234058,-0.27499395712184754,0.15735870633483634,0.0014992503748125937,0.02201774564574433,-1.4777464259363327,0.13206589027760984,-1.736595570880448,-1.2188972809922174,4.592049507523321e-29,0.0033411865495823513,4.477248269835238e-28,dissociated,high pressure
1600,Administration & Law,Culture (periphery),Administration & Law + Culture (periphery),5754,3043,4,21.51227618577518,-2.290311428685462,-3.940344823858641,-1.3438245476612802,0.7442217909570188,0.01649175412293853,0.0013144922773578706,-2.200422329337603,0.4767018458811135,-3.1347579472645855,-1.2660867114106207,3.913389347127937e-06,0.027369294076366072,9.24982936593876e-06,dissociated,high pressure
1600,Administration & Law,Sport & Games,Administration & Law + Sport & Games,5754,3043,0,1.508289144761602,-2.0059669972182976,-2.4654313424281247,-1.4463780632447947,0.2555292635177999,0.0004997501249375312,0.0,-1.6789105485187907,1.4311817942344645,-4.484026865218341,1.1262057681807593,0.24075817599545157,0.0012574357982299172,0.2802856377260481,dissociated,high pressure
1600,Military,Religion,Military + Religion,5754,3043,11,54.2388364353461,-2.250930906985954,-3.265003216877756,-1.575593761679809,0.42743760421437904,0.0004997501249375312,0.003614853762734144,-2.7429475531208527,0.299628972680062,-3.330220339573774,-2.1556747666679312,5.462003270682056e-20,0.0012574357982299172,2.840241700754669e-19,dissociated,high pressure
1600,Military,Nobility,Military + Nobility,5754,3043,191,62.053617017659995,1.6141791797436815,1.4648984853338076,1.7631758001026747,0.07550601644826148,0.0004997501249375312,0.06276700624383831,0.9474628156371637,0.09607367862259557,0.7591584055368764,1.135767225737451,6.092529087781206e-23,0.0012574357982299172,3.960143907057784e-22,associated,high pressure
1600,Military,Kinship,Military + Kinship,5754,3043,22,30.141187917818026,-0.44554722825932064,-1.1134761409238243,0.04536000458123247,0.2988608305556281,0.1294352823588206,0.007229707525468288,-0.7765439669024113,0.22100571543697917,-1.2097151691588905,-0.3433727646459322,0.00044194031737779027,0.15532233883058472,0.0007660298834548365,not distinguishable,high pressure
1600,Military,Big business,Military + Big business,5754,3043,2,4.941975666208734,-1.122202410704552,-3.5757360830244918,0.08800331390722092,0.9603598900676065,0.16091954022988506,0.0006572461386789353,-1.4136189291620231,0.6426336148905369,-2.6731808143474756,-0.15405704397657072,0.02782622408515379,0.19017763845350052,0.03807799085336835,not distinguishable,high pressure
1600,Military,Small business,Military + Small business,5754,3043,5,23.03329495524305,-2.0971998062806474,-3.8183806951188224,-1.220246308618428,0.6449531800597577,0.005997001499250375,0.001643115346697338,-2.175612034470915,0.43157014238507985,-3.0214895135456716,-1.3297345553961586,4.627301728627492e-07,0.010631048112307482,1.2445846028722222e-06,dissociated,high pressure
1600,Military,Academia,Military + Academia,5754,3043,8,68.26127213052673,-3.016061489544112,-4.300405919381946,-2.2398700049684024,0.5188339654944394,0.0004997501249375312,0.0026289845547157412,-3.2915694644461717,0.34690582913310625,-3.97150488954706,-2.6116340393452835,2.346840657828871e-21,0.0012574357982299172,1.3075255093617993e-20,dissociated,high pressure
1600,Military,Exploration & Invention,Military + Exploration & Invention,5754,3043,22,8.001754616792386,1.4040924767604406,0.7749003201814174,1.8511278444214316,0.2714872375121476,0.0009995002498750624,0.007229707525468288,0.5524397479378321,0.2344066803160541,0.09300265451836609,1.011876841357298,0.01843527153572882,0.0024362818590704647,0.026144566905215414,associated,high pressure
1600,Military,Culture (core),Military + Culture (core),5754,3043,21,82.71055745710356,-1.9524299241372975,-2.691756906041622,-1.477675101358492,0.312964433586489,0.0004997501249375312,0.0069010844561288205,-2.627018876676963,0.22170754179113641,-3.0615656585875906,-2.1924720947663356,2.1770118552765877e-32,0.0012574357982299172,2.830115411859564e-31,dissociated,high pressure
1600,Military,Culture (periphery),Military + Culture (periphery),5754,3043,3,17.950492618132888,-2.3982325088037584,-5.125294402094083,-1.3849015608870565,0.8550901612199964,0.04597701149425287,0.000985869208018403,-2.352471508325235,0.5393283153427655,-3.4095550063970554,-1.295388010253415,1.2896477035140276e-05,0.06250323114304916,2.5792954070280552e-05,not distinguishable,high pressure
1600,Military,Sport & Games,Military + Sport & Games,5754,3043,0,1.2585619915458284,-1.814396192693887,-2.2658419012689937,-1.2895245819206067,0.24511594751755858,0.0004997501249375312,0.0,-1.5757403799369294,1.4312341732520142,-4.380959359510877,1.2294785996370183,0.27091138905675394,0.0012574357982299172,0.30187269066324013,dissociated,high pressure
1600,Religion,Nobility,Religion + Nobility,5754,3043,64,112.23203843327335,-0.8055265219119994,-1.1647478651046286,-0.512185099371017,0.16668653422978613,0.0004997501249375312,0.02103187643772593,-1.600174493372474,0.13294446317243716,-1.8607456411904508,-1.3396033455544971,2.2868411153540286e-33,0.0012574357982299172,3.5674721399522846e-32,dissociated,high pressure
1600,Religion,Kinship,Religion + Kinship,5754,3043,33,54.51425917451912,-0.7156445044150408,-1.239781242390328,-0.3060210181898938,0.23478553376023248,0.005497251374312844,0.010844561288202431,-1.2800850874365566,0.18269469141826145,-1.638166682616349,-0.9220034922567641,2.4402191843444673e-12,0.009971758306893065,9.063671256136593e-12,dissociated,high pressure
1600,Religion,Big business,Religion + Big business,5754,3043,4,8.938205854275854,-1.0685876366253833,-2.7887588467757394,-0.13655473847384197,0.751286168878124,0.11144427786106946,0.0013144922773578706,-1.7118587260871974,0.4843051867950937,-2.661096892205581,-0.7626205599688137,0.0004082856285691465,0.13797862973275268,0.0007237790688271233,not distinguishable,high pressure
1600,Religion,Small business,Religion + Small business,5754,3043,19,41.65871014297308,-1.1123566040343302,-1.8567829899360815,-0.590097000158049,0.3204361987178671,0.0034982508745627187,0.006243838317449885,-1.7829972675129449,0.2343335218418369,-2.242290970322945,-1.3237035647029445,2.7664911739788912e-14,0.007180620216207687,1.1988128420575195e-13,dissociated,high pressure
1600,Religion,Academia,Religion + Academia,5754,3043,279,123.4593902089078,1.1729807200367695,1.0545217948196037,1.2862196855338879,0.059980891678648236,0.0004997501249375312,0.09168583634571147,-0.23855934679080412,0.07576615748529593,-0.3870610154619841,-0.09005767811962409,0.0016403959294883665,0.0012574357982299172,0.0027223592021296296,associated,high pressure
1600,Religion,Exploration & Invention,Religion + Exploration & Invention,5754,3043,18,14.472214108484382,0.3052376861434146,-0.3914189730362474,0.8113077449711077,0.31080834572445376,0.31784107946026985,0.005915215248110417,-0.6112604771359983,0.2516450052609353,-1.1044846874474314,-0.11803626682456508,0.015138083212979719,0.36438302587836513,0.022278688502121096,not distinguishable,high pressure
1600,Religion,Culture (core),Religion + Culture (core),5754,3043,226,149.59280231354288,0.5936562559613904,0.45489387067107834,0.7283235337203359,0.0699268912821725,0.0004997501249375312,0.07426881367071969,-0.9038386902681304,0.07977333739674432,-1.0601944315657492,-0.7474829489705115,9.311437740141152e-30,0.0012574357982299172,1.037560205330014e-28,associated,high pressure
1600,Religion,Culture (periphery),Religion + Culture (periphery),5754,3043,7,32.46580093536101,-2.1360076327070465,-3.6196799492076868,-1.3605824239719344,0.5562012213480155,0.006496751624187906,0.0023003614853762734,-2.491431494977321,0.3709980056766061,-3.2185875861034687,-1.764275403851173,1.8744187317601436e-11,0.01126103614859237,6.645666412604145e-11,dissociated,high pressure
1600,Religion,Sport & Games,Religion + Sport & Games,5754,3043,1,2.276273077935642,-0.8881869795895684,-2.800256187224932,0.3998304949717817,1.002232517597729,0.4832583708145927,0.00032862306933946765,-1.3350284389237594,0.846446482993972,-2.9940635455919447,0.32400666774442555,0.11474596777682043,0.5025887056471764,0.14206643629511104,not distinguishable,high pressure
1600,Nobility,Kinship,Nobility + Kinship,5754,3043,240,62.36872291405897,1.9356225317034335,1.8127726976402097,2.0606230805524963,0.06376401348589787,0.0004997501249375312,0.07886953664147223,1.945160806241989,0.1032988746222529,1.7426950119823732,2.1476266005016047,4.254039809589499e-79,0.0012574357982299172,3.3181510514798093e-77,associated,high pressure
1600,Nobility,Big business,Nobility + Big business,5754,3043,9,10.22603063337085,-0.17511686023762726,-1.336379033654253,0.5254430257482247,0.4886335299566444,0.6946526736631684,0.0029576076240552087,-0.6490026125484872,0.34415387657526475,-1.323544210636006,0.025538985539031667,0.059322995155083186,0.7129330071806202,0.07711989370160814,not distinguishable,high pressure
1600,Nobility,Small business,Nobility + Small business,5754,3043,23,47.66093475738965,-1.0352026369012597,-1.654724225829137,-0.5619519985688415,0.2835878724076539,0.0024987506246876563,0.007558330594807755,-1.32338134570386,0.21537266646650086,-1.7455117719782016,-0.9012509194295182,8.01595065612767e-10,0.005413959686823256,2.718452831208514e-09,dissociated,high pressure
1600,Nobility,Academia,Nobility + Academia,5754,3043,27,141.24753075021457,-2.365820079809468,-2.9955241007710556,-1.9329574807173928,0.2695269696798315,0.0004997501249375312,0.008872822872165627,-2.779982819257562,0.1958563837857274,-3.163861331477588,-2.3961043070375365,9.981947972017994e-46,0.0012574357982299172,2.5953064727246787e-44,dissociated,high pressure
1600,Nobility,Exploration & Invention,Nobility + Exploration & Invention,5754,3043,6,16.55738379926282,-1.391884764946133,-2.8359960329973117,-0.5623951512897293,0.597688752107849,0.030984507746126936,0.001971738416036806,-1.5115154097367363,0.4031611276036718,-2.301711219839933,-0.7213195996335395,0.00017742815179288827,0.046476761619190406,0.0003218464148801229,dissociated,high pressure
1600,Nobility,Culture (core),Nobility + Culture (core),5754,3043,55,171.1462684939487,-1.6288788175750673,-2.0128195582345345,-1.320971166284586,0.17525830095290548,0.0004997501249375312,0.01807426881367072,-2.3367720535554066,0.1412663051891233,-2.6136540117260885,-2.059890095384725,1.8403878668179353e-61,0.0012574357982299172,7.177512680589948e-60,dissociated,high pressure
1600,Nobility,Culture (periphery),Nobility + Culture (periphery),5754,3043,13,37.143502881297096,-1.4794414756878012,-2.442628771783913,-0.8610418982751574,0.4049018552798307,0.005497251374312844,0.004272099901413079,-1.6220328071050834,0.28039077760690123,-2.1715987312146097,-1.072466882995557,7.255517431787131e-09,0.009971758306893065,2.2637214387175847e-08,dissociated,high pressure
1600,Nobility,Sport & Games,Nobility + Sport & Games,5754,3043,4,2.6042405606212213,0.53568463909526,-1.2485538178447642,1.410670283628454,0.710505150093332,0.3503248375812094,0.0013144922773578706,0.17559487661996356,0.5296790556309416,-0.862576072416682,1.213765825656609,0.7402579015744521,0.3903619618762048,0.7597383726685166,not distinguishable,high pressure
1600,Kinship,Big business,Kinship + Big business,5754,3043,3,4.967070829828921,-0.643413144751336,-3.3717098041618825,0.3947955075874457,0.8735264210788886,0.37231384307846077,0.000985869208018403,-0.7587669150923367,0.5471469212635368,-1.8311748807688688,0.31364105058419545,0.16551191937925436,0.4090208416918301,0.19861430325510523,not distinguishable,high pressure
1600,Kinship,Small business,Kinship + Small business,5754,3043,10,23.150257147017115,-1.1714665420457682,-2.2072489967722055,-0.47113320600823183,0.45884179722471286,0.01999000499750125,0.003286230693394676,-1.1956825334024064,0.3166787350531084,-1.8163728541064987,-0.5749922126983139,0.00015956170085981673,0.03248375812093953,0.00029632887302537394,dissociated,high pressure
1600,Kinship,Academia,Kinship + Academia,5754,3043,17,68.60790026241955,-1.9814957236921291,-2.8007154161721792,-1.444963012242567,0.3534983407296869,0.0004997501249375312,0.00558659217877095,-2.221747128827743,0.2458662262754528,-2.7036449323276304,-1.7398493253278553,1.6190695581854436e-19,0.0012574357982299172,7.428672090497918e-19,dissociated,high pressure
1600,Kinship,Exploration & Invention,Kinship + Exploration & Invention,5754,3043,2,8.04238722102191,-1.7727112010306934,-4.181707291214251,-0.6090832926340588,0.9684899957047289,0.12893553223388307,0.0006572461386789353,-1.5361391730012066,0.640118385668034,-2.790771208910553,-0.28150713709186004,0.016405216934030884,0.15532233883058472,0.023696424460266832,not distinguishable,high pressure
1600,Kinship,Culture (core),Kinship + Culture (core),5754,3043,65,83.13055850783623,-0.3525352910643683,-0.6968787631776074,-0.056314578039057754,0.16250079837847217,0.031984007996002,0.021360499507065395,-1.0355437719209293,0.1370698583358286,-1.3042006942591533,-0.7668868495827053,4.193063547692078e-14,0.04707080422053124,1.721362930105169e-13,dissociated,high pressure
1600,Kinship,Culture (periphery),Kinship + Culture (periphery),5754,3043,13,18.041644533832343,-0.45780980085051726,-1.4192804120003124,0.14273781090420234,0.39082422052372945,0.21639180409795103,0.004272099901413079,-0.6380820391390726,0.2827470758414245,-1.1922663077882647,-0.08389777048988056,0.024025342330796687,0.2519188167110475,0.03346386967503824,not distinguishable,high pressure
1600,Kinship,Sport & Games,Kinship + Sport & Games,5754,3043,0,1.2649529212543555,-1.8196297012422207,-2.260504395540416,-1.3031873507915055,0.2450065575484874,0.0004997501249375312,0.0,-1.272414007948285,1.4314244010811026,-4.0780058340672465,1.5331778181706759,0.3740489936767414,0.0012574357982299172,0.40521974314980314,dissociated,high pressure
1600,Big business,Small business,Big business + Small business,5754,3043,19,3.7957365117451416,2.1824967136340163,1.526990738775372,2.6484069796318983,0.2857649250515927,0.0004997501249375312,0.006243838317449885,1.2814750566650714,0.26009822656717974,0.7716825325933991,1.7912675807367437,8.35492427841875e-07,0.0012574357982299172,2.102206753924718e-06,associated,high pressure
1600,Big business,Academia,Big business + Academia,5754,3043,3,11.249011635872455,-1.7471125706413375,-4.4938690738081455,-0.6726599995304344,0.8779133443315404,0.05547226386806597,0.000985869208018403,-2.2056881953771073,0.5457112924481607,-3.2752823285755026,-1.1360940621787121,5.302907733205088e-05,0.07211394302848577,0.00010088458614390168,not distinguishable,high pressure
1600,Big business,Exploration & Invention,Big business + Exploration & Invention,5754,3043,6,1.3186368783103886,1.8375822049249257,0.42885438329795567,2.6673959801932976,0.6001568377745112,0.014992503748125937,0.001971738416036806,1.1354089596388681,0.4160268409247735,0.3199963514263121,1.950821567851424,0.006349350610500599,0.025422071572909197,0.01010712954324585,associated,high pressure
1600,Big business,Culture (core),Big business + Culture (core),5754,3043,5,13.630159447737146,-1.3612742216927438,-3.1273134647146614,-0.4097775883165746,0.6597571892634266,0.046476761619190406,0.001643115346697338,-2.0150171868038966,0.44051981879747515,-2.878436031646948,-1.1515983419608453,4.780874392767147e-06,0.06250323114304916,1.096788831281875e-05,not distinguishable,high pressure
1600,Big business,Culture (periphery),Big business + Culture (periphery),5754,3043,1,2.958123897030592,-1.2050270577991036,-2.9981725618083614,0.1390921700665363,1.013030047814155,0.41579210394802596,0.00032862306933946765,-1.2705330398827115,0.8252166544829357,-2.8879576826692652,0.34689160290384247,0.12364917286923183,0.4382673528100814,0.15069742943437628,not distinguishable,high pressure
1600,Big business,Sport & Games,Big business + Sport & Games,5754,3043,0,0.20740279290860894,-0.500603820090748,-0.715240302438136,-0.29006775750951,0.10823541973540209,0.0004997501249375312,0.0,0.3494965063665589,1.434398722998347,-2.461924990710201,3.1609180034433186,0.8074990616387104,0.0012574357982299172,0.8179860624392131,dissociated,high pressure
1600,Small business,Academia,Small business + Academia,5754,3043,66,52.42878971170307,0.3293016754354293,0.0013028829455460518,0.5998581116842668,0.15275859549128015,0.034482758620689655,0.021689122576404863,-0.6191515625135027,0.13756614423371422,-0.8887812052115825,-0.3495219198154228,6.771239939956216e-06,0.04890282131661442,1.5090191866188139e-05,associated,high pressure
1600,Small business,Exploration & Invention,Small business + Exploration & Invention,5754,3043,6,6.1458319927917815,-0.03201010389429347,-1.4553348187263095,0.7942156227983547,0.6018781441653396,0.9440279860069966,0.001971738416036806,-0.4583083487642615,0.4049928684755058,-1.2520943709762529,0.33547767344772983,0.25778351157084023,0.9440279860069964,0.29405143095716707,not distinguishable,high pressure
1600,Small business,Culture (core),Small business + Culture (core),5754,3043,98,63.526715639935375,0.621449718221244,0.36965220632393475,0.8364677146043494,0.11898182506840223,0.0004997501249375312,0.032205060795267824,-0.39982955192171904,0.11933121452796151,-0.6337187323965237,-0.16594037144691448,0.0008064063023526594,0.0012574357982299172,0.001367384599641466,associated,high pressure
1600,Small business,Culture (periphery),Small business + Culture (periphery),5754,3043,41,13.787065100368874,1.5384017531267549,1.1105158146285619,1.8734193247924644,0.19638800164903086,0.0004997501249375312,0.013473545842918173,0.7462366130311335,0.1751903199292138,0.4028635859698745,1.0896096400923927,2.0481436703873194e-05,0.0012574357982299172,3.993880157255273e-05,associated,high pressure
1600,Small business,Sport & Games,Small business + Sport & Games,5754,3043,2,0.9666518061328325,0.7694016895815935,-1.6320491510061528,1.9388764652110009,0.9509571053410731,0.32233883058470764,0.0006572461386789353,0.5215804444099972,0.6737475881986026,-0.7989648284592639,1.8421257172792582,0.4388431902149047,0.36438302587836513,0.46890094296935025,not distinguishable,high pressure
1600,Academia,Exploration & Invention,Academia + Exploration & Invention,5754,3043,27,18.21373411592429,0.555334157706191,0.028572423372194414,0.9813839470147815,0.23879520622054806,0.02498750624687656,0.008872822872165627,-0.3621877542949758,0.21489131773451495,-0.7833747370546251,0.05899922846467348,0.09190251695876045,0.038980509745127435,0.11751469381611993,associated,high pressure
1600,Academia,Culture (core),Academia + Culture (core),5754,3043,295,188.26722065959228,0.6465498672793611,0.5284080657526308,0.7613259422356642,0.05965945158598358,0.0004997501249375312,0.09694380545514295,-0.8063670381310095,0.07241333330684187,-0.9482971714124195,-0.6644369048495995,8.416157348117391e-29,0.0012574357982299172,7.294003035035071e-28,associated,high pressure
1600,Academia,Culture (periphery),Academia + Culture (periphery),5754,3043,17,40.859225939072196,-1.24085426300743,-2.0405729328348587,-0.7138180182691575,0.33897032124813387,0.00399800099950025,0.00558659217877095,-1.8353729249564128,0.24788661247700772,-2.321230685411348,-1.3495151645014776,1.3206032701572347e-13,0.007796101949025487,5.150352753613215e-13,dissociated,high pressure
1600,Academia,Sport & Games,Academia + Sport & Games,5754,3043,0,2.8647608656128623,-2.750503975785463,-3.2496951740781475,-2.1209227045380343,0.2904759276670102,0.0004997501249375312,0.0,-2.7112939045856277,1.4308807712983893,-5.515820216330471,0.09323240715921521,0.05811325165312662,0.0012574357982299172,0.0768276886261674,dissociated,high pressure
1600,Exploration & Invention,Culture (core),Exploration & Invention + Culture (core),5754,3043,12,22.069147777131224,-0.8524238477487464,-1.8806068251366523,-0.23593851797282364,0.4162745320482581,0.043478260869565216,0.003943476832073612,-1.5770969845103024,0.2977565417694849,-2.160699806378493,-0.993494162642112,1.1797942390509725e-07,0.06055900621118012,3.286569665927709e-07,not distinguishable,high pressure
1600,Exploration & Invention,Culture (periphery),Exploration & Invention + Culture (periphery),5754,3043,10,4.789619202691694,0.9891535556686485,-0.1183130356912594,1.6626967714365701,0.4480940725485081,0.03398300849575212,0.003286230693394676,0.3501305787570046,0.3262563887040387,-0.2893319431029113,0.9895931006169205,0.283192084478615,0.04890282131661442,0.31111243083566154,associated,high pressure
1600,Exploration & Invention,Sport & Games,Exploration & Invention + Sport & Games,5754,3043,0,0.335814331713466,-0.7412544018857564,-1.0244017200561337,-0.45138073294714315,0.1443764977267771,0.0004997501249375312,0.0,-0.06972546570720686,1.4331290359461646,-2.8786583761616895,2.7392074447472754,0.9611961441693849,0.0012574357982299172,0.9611961441693848,dissociated,high pressure
1600,Culture (core),Culture (periphery),Culture (core) + Culture (periphery),5754,3043,146,49.50815080363973,1.5506655013348962,1.386806359298658,1.6994596704316496,0.07951226933040362,0.0004997501249375312,0.047978968123562275,0.6778018798241441,0.11687170502061293,0.4487333379837427,0.9068704216645455,6.64979183264767e-09,0.0012574357982299172,2.1611823456104926e-08,associated,high pressure
1600,Culture (core),Sport & Games,Culture (core) + Sport & Games,5754,3043,12,3.4711625022612367,1.6542947917908075,1.0617521781198505,2.0404945249522792,0.25907746346204685,0.0004997501249375312,0.003943476832073612,1.05024061448377,0.4313595808380115,0.20477583604126737,1.8957053929262724,0.014903239210026228,0.0012574357982299172,0.022278688502121096,associated,high pressure
1600,Culture (periphery),Sport & Games,Culture (periphery) + Sport & Games,5754,3043,0,0.7533388576844687,-1.325776520173583,-1.7120096366229092,-0.8940599209531689,0.20733171498959896,0.0004997501249375312,0.0,-0.9110561346651914,1.4317422622094302,-3.7172709685956744,1.8951586992652918,0.5245633666063101,0.0012574357982299172,0.5529181431796242,dissociated,high pressure
1650,Politics,Administration & Law,Politics + Administration & Law,7166,3715,135,40.67144961670737,1.71857670067308,1.5202168243096643,1.905797835775108,0.09946877710450211,0.0004997501249375312,0.03633916554508748,1.0091207764014112,0.10602587460112577,0.8013100621832047,1.2169314906196176,1.7708137807495265e-21,0.0013441555084526702,9.208231659897537e-21,associated,high pressure
1650,Politics,Military,Politics + Military,7166,3715,113,47.45316740504008,1.2429942810470127,1.0205217291994004,1.4447726940163788,0.11000540371380631,0.0004997501249375312,0.03041722745625841,0.40263527324610277,0.10991618942687577,0.18719954196942626,0.6180710045227793,0.00024916987249226164,0.0013441555084526702,0.0004225054359651393,associated,high pressure
1650,Politics,Religion,Politics + Religion,7166,3715,24,50.159755409926554,-1.0480583623717616,-1.6830755515401112,-0.5813016858325669,0.28515113480038773,0.001999000499750125,0.006460296096904442,-1.7696801089588499,0.20836917240963096,-2.1780836868817266,-1.3612765310359731,2.013642465508403e-17,0.004214109161635398,8.72578401720308e-17,dissociated,high pressure
1650,Politics,Nobility,Politics + Nobility,7166,3715,112,76.37449824016551,0.5493480074299448,0.3121014360855329,0.7468442007100848,0.11275910576175861,0.0004997501249375312,0.030148048452220726,-0.07669266282783765,0.10844077656804887,-0.28923658490121346,0.13585125924553815,0.4794230286810436,0.0013441555084526702,0.5193749477377971,associated,high pressure
1650,Politics,Kinship,Politics + Kinship,7166,3715,16,38.302467059654376,-1.2336823573634552,-2.020613736648748,-0.6703707658864951,0.3488979756081801,0.0024987506246876563,0.004306864064602961,-1.265379832372942,0.25331731076296027,-1.7618817614683442,-0.7688779032775398,5.876376225640783e-07,0.004753720700625298,1.2732148488888362e-06,dissociated,high pressure
1650,Politics,Big business,Politics + Big business,7166,3715,19,8.968143327375975,1.0423206733168173,0.32234564709772323,1.5360824330464775,0.30562614034489416,0.004497751124437781,0.0051144010767160165,0.16906564824461184,0.24308879094733452,-0.3073883820121638,0.6455196785013875,0.48674872685749826,0.007796101949025486,0.5200876807518474,associated,high pressure
1650,Politics,Small business,Politics + Small business,7166,3715,36,35.055620197650576,0.03781884253276009,-0.47460409818823496,0.407222108496749,0.22358394331325962,0.8705647176411794,0.009690444145356662,-0.5169685008180718,0.17574936313005202,-0.8614372525529737,-0.17249974908316984,0.003266163466821689,0.893474315473842,0.005199198988001872,not distinguishable,high pressure
1650,Politics,Academia,Politics + Academia,7166,3715,25,86.15328918926926,-1.7647572652209316,-2.4300774394386284,-1.2914536625000703,0.28997247992004604,0.0004997501249375312,0.006729475100942127,-2.2926957350429844,0.20385217340787098,-2.6922459949224113,-1.8931454751635572,2.399989917392499e-29,0.0013441555084526702,1.7018110323328629e-28,dissociated,high pressure
1650,Politics,Exploration & Invention,Politics + Exploration & Invention,7166,3715,7,9.712376254440693,-0.44535609630964434,-1.6913045724880142,0.3393681177321629,0.5592523831184905,0.3843078460769615,0.0018842530282637954,-0.7605653725623922,0.3760110174711225,-1.4975469668057921,-0.023583778318992166,0.04310192292678948,0.4834840644194032,0.05603249980482632,not distinguishable,high pressure
1650,Politics,Culture (core),Politics + Culture (core),7166,3715,16,87.39997405924522,-2.4133967151341778,-3.2357448181564155,-1.853572922219555,0.35824875539481804,0.0004997501249375312,0.004306864064602961,-2.882403098665766,0.250764602217862,-3.3739017190127756,-2.390904478318756,1.4066171129174371e-30,0.0013441555084526702,1.2798004915602667e-29,dissociated,high pressure
1650,Politics,Culture (periphery),Politics + Culture (periphery),7166,3715,6,27.308037399812424,-2.096990304333705,-3.5470259317351855,-1.2917985274576202,0.621254529968254,0.011494252873563218,0.0016150740242261105,-2.2224242593022776,0.396697811359593,-2.9999519695670798,-1.4448965490374754,2.115133903123467e-08,0.018296973961998593,5.1556388888634514e-08,dissociated,high pressure
1650,Politics,Sport & Games,Politics + Sport & Games,7166,3715,0,1.4412218474064569,-1.9569650020618459,-2.3683802863093133,-1.4624221609758197,0.24025367286370775,0.0004997501249375312,0.0,-1.7843932622667351,1.4267376866985173,-4.580799128195829,1.0120126036623587,0.21105100141305266,0.0013441555084526702,0.24570116582415089,dissociated,high pressure
1650,Administration & Law,Military,Administration & Law + Military,7166,3715,82,54.24191050767191,0.5917483333248236,0.30419383205632416,0.8432126082423144,0.13546974335862494,0.0004997501249375312,0.022072678331090174,-0.10088904344275643,0.12295576180457463,-0.34188233657972267,0.14010424969420984,0.41191332889432,0.0013441555084526702,0.4525245021655909,associated,high pressure
1650,Administration & Law,Religion,Administration & Law + Religion,7166,3715,32,57.335708295479805,-0.8315207827899255,-1.3677657610433287,-0.4251215213177148,0.24342802248627013,0.0024987506246876563,0.008613728129205921,-1.5461909755621779,0.18244814478805602,-1.9037893393467678,-1.188592611777588,2.3571181351397136e-17,0.004753720700625298,9.676590238994613e-17,dissociated,high pressure
1650,Administration & Law,Nobility,Administration & Law + Nobility,7166,3715,88,87.3007835968269,0.01144363973783113,-0.2814050851670298,0.2622014017353664,0.13691665511738826,0.9305347326336831,0.023687752355316286,-0.4711881550983461,0.11808986653724714,-0.7026442935113505,-0.23973201668534172,6.605068206677591e-05,0.935032483758121,0.00011448784891574491,not distinguishable,high pressure
1650,Administration & Law,Kinship,Administration & Law + Kinship,7166,3715,13,43.78209304216348,-1.7137640070336397,-2.6707662168587083,-1.1046689703241408,0.40235378171948377,0.0009995002498750624,0.0034993270524899056,-1.5537115765518796,0.27841955036674226,-2.099413895270694,-1.0080092578330648,2.398713652607197e-08,0.0024362818590704647,5.6696868152533745e-08,dissociated,high pressure
1650,Administration & Law,Big business,Administration & Law + Big business,7166,3715,11,10.251143482823363,0.09714374933023734,-0.8977679395668627,0.7463271011001857,0.4259370157048576,0.8125937031484258,0.0029609690444145358,-0.49658538312925266,0.3071853159993,-1.0986686024878807,0.10549783622937531,0.10597196397594894,0.8682508061037975,0.12716635677113874,not distinguishable,high pressure
1650,Administration & Law,Small business,Administration & Law + Small business,7166,3715,10,40.070745906624964,-1.9500504993236374,-3.02932666990899,-1.261434652606965,0.46407770546203103,0.0024987506246876563,0.0026917900403768506,-1.9286237828159718,0.31383081907635363,-2.5437321882056247,-1.3135153774263189,7.974965481308675e-10,0.004753720700625298,2.3924896443926024e-09,dissociated,high pressure
1650,Administration & Law,Academia,Administration & Law + Academia,7166,3715,135,98.4785475384217,0.4531050749474991,0.23612234982587008,0.6404985131189105,0.1035034736643728,0.0004997501249375312,0.03633916554508748,-0.44070401850342317,0.09965232029707508,-0.6360225662856903,-0.24538547072115602,9.760328780892483e-06,0.0013441555084526702,1.9520657561784966e-05,associated,high pressure
1650,Administration & Law,Exploration & Invention,Administration & Law + Exploration & Invention,7166,3715,4,11.101847830588769,-1.3663576956702776,-3.0531095144894307,-0.4241076100930652,0.7563684919276454,0.08495752123938032,0.0010767160161507402,-1.370948212486409,0.47963222218176643,-2.311027367962671,-0.43086905701014677,0.004258743188147237,0.112316722994435,0.00664363937350969,not distinguishable,high pressure
1650,Administration & Law,Culture (core),Administration & Law + Culture (core),7166,3715,60,99.9035855884913,-0.7308037438841049,-1.0897110624122288,-0.4191447955264116,0.16887502424362402,0.0004997501249375312,0.016150740242261104,-1.5650686654320132,0.13715535850352834,-1.8338931680989288,-1.2962441627650976,3.688125993725216e-30,0.0013441555084526702,2.8767382751056683e-29,dissociated,high pressure
1650,Administration & Law,Culture (periphery),Administration & Law + Culture (periphery),7166,3715,5,31.214778734105288,-2.527651753141877,-4.367166135207376,-1.6144685738517002,0.6889431353593607,0.0069965017491254375,0.0013458950201884253,-2.469174110531189,0.4303893900770575,-3.3127373150822215,-1.6256109059801562,9.632838190311749e-09,0.01186363340069096,2.5045379294810547e-08,dissociated,high pressure
1650,Administration & Law,Sport & Games,Administration & Law + Sport & Games,7166,3715,1,1.6474058686421758,-0.5176323916113674,-2.375023959853969,0.7887485568114442,0.9984366087023354,0.6051974012993503,0.00026917900403768504,-0.7247539005581378,0.8386532622068245,-2.368514294483514,0.9190064933672382,0.38748474421966916,0.6841361927731786,0.43802623259614776,not distinguishable,high pressure
1650,Military,Religion,Military + Religion,7166,3715,19,66.89609024691094,-1.7891907768536275,-2.57158470515875,-1.2664248980390027,0.3336962548149947,0.0004997501249375312,0.0051144010767160165,-2.4028760360263672,0.23113158754227178,-2.85589394760922,-1.9498581244435145,2.58184501901292e-25,0.0013441555084526702,1.5491070114077518e-24,dissociated,high pressure
1650,Military,Nobility,Military + Nobility,7166,3715,294,101.85766029125328,1.524648558556599,1.408844441591033,1.6355900761592026,0.0595969948880456,0.0004997501249375312,0.07913862718707941,0.9040910516712106,0.07868326435461487,0.7498718535361655,1.0583102498062558,1.4766928748772309e-30,0.0013441555084526702,1.2798004915602667e-29,associated,high pressure
1650,Military,Kinship,Military + Kinship,7166,3715,26,51.08249177377168,-0.9608891067982094,-1.5874884509380103,-0.5027147002956847,0.2757654727699924,0.001999000499750125,0.006998654104979811,-1.1450434245312113,0.20224105452711544,-1.5414358914043575,-0.7486509576580651,1.4981484160795367e-08,0.004214109161635398,3.769534724329157e-08,dissociated,high pressure
1650,Military,Big business,Military + Big business,7166,3715,6,11.96045954515658,-0.9388456530771099,-2.392433582635194,-0.10049010379088458,0.605728418786864,0.0944527736131934,0.0016150740242261105,-1.40567784684203,0.4009319810853597,-2.191504529769335,-0.6198511639147248,0.0004548512256171913,0.12278860569715143,0.000754859480811509,not distinguishable,high pressure
1650,Military,Small business,Military + Small business,7166,3715,9,46.7522999910677,-2.31438513522088,-3.46584793386668,-1.5839268328688478,0.49497607813521005,0.0004997501249375312,0.0024226110363391655,-2.337542777334846,0.32890123470020627,-2.98218919734725,-1.6928963573224416,1.1848357881210574e-12,0.0013441555084526702,4.01813875971489e-12,dissociated,high pressure
1650,Military,Academia,Military + Academia,7166,3715,28,114.89924864212995,-2.017600006319532,-2.561265604612464,-1.563916477191801,0.260695148452483,0.0004997501249375312,0.007537012113055182,-2.5777324431998028,0.1923067516824344,-2.954653676497374,-2.2008112099022314,5.707889127137754e-41,0.0013441555084526702,8.904307038334896e-40,dissociated,high pressure
1650,Military,Exploration & Invention,Military + Exploration & Invention,7166,3715,40,12.953013688349062,1.5899925124489824,1.1975454941293662,1.9158574688051764,0.1859306254623076,0.0004997501249375312,0.010767160161507403,0.8253565881686687,0.18447615475667778,0.4637833248455803,1.1869298514917572,7.674974168226924e-06,0.0013441555084526702,1.5753894345307894e-05,associated,high pressure
1650,Military,Culture (core),Military + Culture (core),7166,3715,25,116.56190315249995,-2.1987024866185987,-2.8517868741378734,-1.72600503374887,0.28597510584550623,0.0004997501249375312,0.006729475100942127,-2.8308447841666817,0.2026507006960321,-3.228040157530905,-2.4336494108024587,2.4070046398159687e-44,0.0013441555084526702,4.693659047641139e-43,dissociated,high pressure
1650,Military,Culture (periphery),Military + Culture (periphery),7166,3715,13,36.41965395234662,-1.4514296234006165,-2.3443055121875043,-0.826776355972014,0.3809067869086461,0.0014992503748125937,0.0034993270524899056,-1.8502416884029396,0.277842153426044,-2.394812309117986,-1.3056710676878933,2.7508472999910908e-11,0.0034394567422171263,8.582643575972204e-11,dissociated,high pressure
1650,Military,Sport & Games,Military + Sport & Games,7166,3715,8,1.922100815324993,1.8112039255399726,0.7497107112766025,2.413110424908651,0.4279590862453576,0.0024987506246876563,0.0021534320323014803,1.0010587664368986,0.40672287643952365,0.2038819286154323,1.798235604258365,0.013844238355942973,0.004753720700625298,0.02037453946723683,associated,high pressure
1650,Religion,Nobility,Religion + Nobility,7166,3715,71,107.66731930088194,-0.5972495351156677,-0.9278737850347143,-0.3260897002822356,0.15440604423501478,0.0014992503748125937,0.01911170928667564,-1.449793707961263,0.12597732391676295,-1.6967092628381184,-1.2028781530844077,1.1971922229042896e-30,0.0034394567422171263,1.2798004915602667e-29,dissociated,high pressure
1650,Religion,Kinship,Religion + Kinship,7166,3715,32,53.996085682361176,-0.7457128902906356,-1.27229908913444,-0.3352877302667629,0.23897142601001262,0.0029985007496251873,0.008613728129205921,-1.2891037531516492,0.18349823734700219,-1.6487602983517735,-0.9294472079515248,2.1382712193554486e-12,0.005439140894668944,6.949381462905208e-12,dissociated,high pressure
1650,Religion,Big business,Religion + Big business,7166,3715,6,12.64264870360699,-1.0157444352430998,-2.441779268192079,-0.1822654992502788,0.6092498143040088,0.07896051974012994,0.0016150740242261105,-1.7618183615688354,0.40058499383063484,-2.54696494947688,-0.9766717736607912,1.0919575772000818e-05,0.10618828516776095,2.12931727554016e-05,not distinguishable,high pressure
1650,Religion,Small business,Religion + Small business,7166,3715,25,49.41891259621991,-0.9690892606511307,-1.5767431036627901,-0.49481233305506694,0.2771006421722446,0.0029985007496251873,0.006729475100942127,-1.6688857454308033,0.20470512268291727,-2.070107785889321,-1.2676637049722854,3.560848884571175e-16,0.005439140894668944,1.3226010142692936e-15,dissociated,high pressure
1650,Religion,Academia,Religion + Academia,7166,3715,295,121.45276119253197,1.2768357071299197,1.160006988952306,1.390398955216406,0.05910797766580504,0.0004997501249375312,0.07940780619111709,-0.1544150925462235,0.07285068290130747,-0.2972024310327861,-0.01162775405966085,0.03403888292793117,0.0013441555084526702,0.04605459854278033,associated,high pressure
1650,Religion,Exploration & Invention,Religion + Exploration & Invention,7166,3715,6,13.691815192930868,-1.1265475047181406,-2.535513923555041,-0.2810331081054392,0.5920761425813078,0.05897051474262868,0.0016150740242261105,-1.6453071643556845,0.40142634597705906,-2.43210280247072,-0.8585115262406487,4.155620931895697e-05,0.08069649385833398,7.538103085764287e-05,not distinguishable,high pressure
1650,Religion,Culture (core),Religion + Culture (core),7166,3715,165,123.21024858762021,0.4198661938881849,0.23249879850963684,0.5972869551601555,0.09190432274243082,0.0004997501249375312,0.04441453566621804,-1.1179358518650973,0.08803856288779234,-1.2904914351251702,-0.9453802686050243,6.046521897015588e-37,0.0013441555084526702,7.860478466120265e-36,associated,high pressure
1650,Religion,Culture (periphery),Religion + Culture (periphery),7166,3715,21,38.49692305618031,-0.8590236368085543,-1.562342683359145,-0.3544257038751533,0.30701352465885845,0.009495252373813094,0.005652759084791386,-1.7237620873598118,0.22222865259054886,-2.1593302464372877,-1.288193928282336,8.716440397909203e-15,0.015429785107446277,3.090374322895081e-14,dissociated,high pressure
1650,Religion,Sport & Games,Religion + Sport & Games,7166,3715,1,2.0317317482095407,-0.7551620501628584,-2.6178353753924033,0.5885686463076497,1.0054306900224526,0.5247376311844077,0.00026917900403768504,-1.3775994860313838,0.8382929551554648,-3.0206536781360946,0.265454706073327,0.1003128185037565,0.6201444732179364,0.12225624755145324,not distinguishable,high pressure
1650,Nobility,Kinship,Nobility + Kinship,7166,3715,281,82.21579067164272,1.7669002470581874,1.6470529635922126,1.885252780214115,0.05912812838711918,0.0004997501249375312,0.0756393001345895,1.697386095797356,0.0908951157145475,1.519231668996843,1.8755405225978692,8.040753409460989e-78,0.0013441555084526702,6.271787659379571e-76,associated,high pressure
1650,Nobility,Big business,Nobility + Big business,7166,3715,17,19.25001314846078,-0.17449869169860976,-0.9178547804583872,0.35883929944642584,0.33291129593740654,0.6031984007996002,0.004576043068640646,-0.7646922990929896,0.2531830987354713,-1.2609311726145134,-0.2684534255714659,0.0025251327243572927,0.6841361927731786,0.0041033406770806,not distinguishable,high pressure
1650,Nobility,Small business,Nobility + Small business,7166,3715,19,75.24647244121037,-1.9577045789991678,-2.706005935592282,-1.4375615465831666,0.3194924445550624,0.0004997501249375312,0.0051144010767160165,-2.022475033269481,0.23218023419129447,-2.477548292284418,-1.5674017742545439,3.017439471942962e-18,0.0013441555084526702,1.3844722283032412e-17,dissociated,high pressure
1650,Nobility,Academia,Nobility + Academia,7166,3715,39,184.9270121067334,-2.230926865678613,-2.7299747262088543,-1.8497996356354796,0.21947772835237242,0.0004997501249375312,0.010497981157469718,-2.6919235884575228,0.1640025478029494,-3.0133685821513034,-2.370478594763742,1.5207951067499686e-60,0.0013441555084526702,3.9540672775499184e-59,dissociated,high pressure
1650,Nobility,Exploration & Invention,Nobility + Exploration & Invention,7166,3715,7,20.84750028805416,-1.5091046448546779,-2.884314542363156,-0.7212919199950703,0.56053921876442,0.018490754622688656,0.0018842530282637954,-1.5625848877084874,0.37500544770888244,-2.2975955652178968,-0.8275742101990777,3.088612660890312e-05,0.027736131934032984,5.87589725730352e-05,dissociated,high pressure
1650,Nobility,Culture (core),Nobility + Culture (core),7166,3715,58,187.603006374774,-1.6850143772518795,-2.0745652953906313,-1.3736965791994498,0.1776165719119452,0.0004997501249375312,0.015612382234185734,-2.410693336377722,0.13657628852836093,-2.678382861893309,-2.1430038108621345,1.0016141794083229e-69,0.0013441555084526702,3.906295299692459e-68,dissociated,high pressure
1650,Nobility,Culture (periphery),Nobility + Culture (periphery),7166,3715,15,58.61637797428676,-1.9312896636156032,-2.7845059629957154,-1.35568620494932,0.37797591023019483,0.0009995002498750624,0.004037685060565276,-2.1370715941007346,0.2594676476581497,-2.6456281835107083,-1.628515004690761,1.7751411809706572e-16,0.0024362818590704647,6.923050605785563e-16,dissociated,high pressure
1650,Nobility,Sport & Games,Nobility + Sport & Games,7166,3715,4,3.0935655798155968,0.3245089870648813,-1.5978740539195637,1.225046089063662,0.7372466599048114,0.5797101449275363,0.0010767160161507402,-0.23210671595388183,0.5122291597584474,-1.2360758690804388,0.771862437172675,0.6504546888349343,0.6748864373783258,0.6764728763883316,not distinguishable,high pressure
1650,Kinship,Big business,Kinship + Big business,7166,3715,9,9.654046985660887,-0.09605542239932138,-1.2699669951866515,0.6074998997529595,0.4960014752127259,0.8315842078960519,0.0024226110363391655,-0.4580871204785368,0.33608928955996725,-1.1168221280160726,0.200647887058999,0.17288493107520198,0.8765347056201628,0.2043185549070569,not distinguishable,high pressure
1650,Kinship,Small business,Kinship + Small business,7166,3715,13,37.73675242973884,-1.5020005885197547,-2.437191005198909,-0.8799904367893334,0.4025127086129592,0.0034982508745627187,0.0034993270524899056,-1.4201935705011306,0.27874969262533605,-1.9665429680467894,-0.8738441729554719,3.4897982081582473e-07,0.006201444732179365,7.777264578181236e-07,dissociated,high pressure
1650,Kinship,Academia,Kinship + Academia,7166,3715,23,92.74248542209621,-1.9883267039006887,-2.654875443918374,-1.528079400210475,0.28754184034940455,0.0004997501249375312,0.006191117092866756,-2.201986752992465,0.21249366808844528,-2.618474342445818,-1.7854991635391122,3.6685443549460415e-25,0.0013441555084526702,2.0439032834699374e-24,dissociated,high pressure
1650,Kinship,Exploration & Invention,Kinship + Exploration & Invention,7166,3715,3,10.455200511410903,-1.6461890628330045,-4.386798236215849,-0.5723130761576787,0.8390035444457448,0.04297851074462768,0.0008075370121130552,-1.3879585521908773,0.5420781691185277,-2.4504317636631914,-0.32548534071856294,0.01045397549681107,0.060951342510562896,0.015988433112769873,not distinguishable,high pressure
1650,Kinship,Culture (core),Kinship + Culture (core),7166,3715,100,94.08451953904893,0.08751951644562558,-0.17928567611917737,0.32058281732289845,0.12537466662892038,0.47476261869065467,0.026917900403768506,-0.672693924013864,0.11329275321279907,-0.8947477203109502,-0.4506401277167778,2.891176735092918e-09,0.5697151424287856,8.053992333473129e-09,not distinguishable,high pressure
1650,Kinship,Culture (periphery),Kinship + Culture (periphery),7166,3715,29,29.396617172610622,-0.019267297025876425,-0.6136096754341313,0.43512335835323335,0.26468649430762764,0.935032483758121,0.007806191117092867,-0.4529274613954714,0.1944979057396922,-0.8341433566452681,-0.0717115661456747,0.019874912802218783,0.935032483758121,0.02870820738098269,not distinguishable,high pressure
1650,Kinship,Sport & Games,Kinship + Sport & Games,7166,3715,0,1.5514497174850532,-2.03664379316587,-2.4531185557116846,-1.5326318732913842,0.2433745301498954,0.0004997501249375312,0.0,-1.6188226782022752,1.4268245030669613,-4.415398704213519,1.177753347808969,0.2565583487747153,0.0013441555084526702,0.29428751771217343,dissociated,high pressure
1650,Big business,Small business,Big business + Small business,7166,3715,34,8.835686849427065,1.885768287801853,1.4057370966976026,2.24883595341811,0.21138211576216231,0.0004997501249375312,0.009152086137281292,0.9194359015456894,0.19372678116811196,0.53973141045619,1.2991403926351888,2.0743321511100055e-06,0.0013441555084526702,4.372916426664336e-06,associated,high pressure
1650,Big business,Academia,Big business + Academia,7166,3715,8,21.71473447146516,-1.3859821508260453,-2.6316821600137708,-0.6331007024797961,0.4955760351659122,0.01249375312343828,0.0021534320323014803,-2.0299115947591417,0.3522393188088259,-2.7203006596244403,-1.339522529893843,8.269244211646663e-09,0.01910809301231737,2.2241415465808267e-08,dissociated,high pressure
1650,Big business,Exploration & Invention,Big business + Exploration & Invention,7166,3715,8,2.447981654987256,1.5277352945450566,0.3563115675244023,2.222101302723052,0.49117459196534696,0.01199400299850075,0.0021534320323014803,0.7480849639580025,0.3603904929033946,0.041719597867349134,1.454450330048656,0.03791594960625118,0.01871064467766117,0.05012617066589139,associated,high pressure
1650,Big business,Culture (core),Big business + Culture (core),7166,3715,10,22.028958468898946,-1.1013912903207652,-2.1247440192415725,-0.41682836539725493,0.4359193618407857,0.01899050474762619,0.0026917900403768506,-1.9351078193630062,0.31888841711180815,-2.56012911690215,-1.3100865218238624,1.292782362546114e-09,0.02794829000594043,3.734704602910996e-09,dissociated,high pressure
1650,Big business,Culture (periphery),Big business + Culture (periphery),7166,3715,6,6.882926776841221,-0.18375313193622014,-1.646661152233789,0.6754035752429838,0.6248161948634245,0.7316341829085458,0.0016150740242261105,-0.850691726551537,0.40180673692998237,-1.6382329309343024,-0.0631505221687716,0.0342457271215546,0.8037671305192474,0.04605459854278033,not distinguishable,high pressure
1650,Big business,Sport & Games,Big business + Sport & Games,7166,3715,1,0.3632565863173533,0.7971011592768769,-0.9466737795461998,2.088172468437798,0.9823558388297587,0.47426286856571714,0.00026917900403768504,0.6960988403106386,0.8410574350994642,-0.9523737324843112,2.3445714131055886,0.4078703231600238,0.5697151424287856,0.4525245021655909,not distinguishable,high pressure
1650,Small business,Academia,Small business + Academia,7166,3715,120,84.88083391807731,0.49704898782709545,0.28001086660002883,0.6859036809187166,0.10462509186677449,0.0009995002498750624,0.03230148048452221,-0.43514422731324687,0.10518240579040238,-0.6413017426624356,-0.2289867119640582,3.518088640713235e-05,0.0024362818590704647,6.533593189896008e-05,associated,high pressure
1650,Small business,Exploration & Invention,Small business + Exploration & Invention,7166,3715,7,9.568927705034621,-0.4249475503494659,-1.9671653668164988,0.3551373811618925,0.5707491210102359,0.39280359820089955,0.0018842530282637954,-0.7048591488359713,0.3761167250005668,-1.4420479298370823,0.03232963216513962,0.060924413195646177,0.48632826443920896,0.07543022586127622,not distinguishable,high pressure
1650,Small business,Culture (core),Small business + Culture (core),7166,3715,153,86.10910566942201,0.8256480394623456,0.6341825576596346,0.9946115882485865,0.09272980167874886,0.0004997501249375312,0.041184387617765814,-0.23844799385054494,0.09685940986515668,-0.428292437186252,-0.04860355051483786,0.01382437256459882,0.0013441555084526702,0.02037453946723683,associated,high pressure
1650,Small business,Culture (periphery),Small business + Culture (periphery),7166,3715,74,26.904706819375036,1.44281672502421,1.1615826393324298,1.704474162592686,0.1408913416582984,0.0004997501249375312,0.019919246298788693,0.532273103963518,0.1322089287504335,0.2731436036126684,0.7914026043143676,5.6733767370204286e-05,0.0013441555084526702,0.00010057349670172578,associated,high pressure
1650,Small business,Sport & Games,Small business + Sport & Games,7166,3715,2,1.419935482672773,0.3808702633117278,-2.0370771815226805,1.4967389099377248,0.9526522106656139,0.6461769115442278,0.0005383580080753701,-0.0461747316353756,0.6619128892641309,-1.3435239945930721,1.251174531322321,0.9443850595546416,0.7200257014349968,0.9443850595546416,not distinguishable,high pressure
1650,Academia,Exploration & Invention,Academia + Exploration & Invention,7166,3715,32,23.516759685179075,0.4363982007972698,-0.04373145633843101,0.81698968695045,0.22098663018271478,0.04897551224387806,0.008613728129205921,-0.3864515074063529,0.1976084592358199,-0.7737640875085599,0.0008610726958540593,0.050507278975408985,0.06821589205397302,0.06354141548519195,not distinguishable,high pressure
1650,Academia,Culture (core),Academia + Culture (core),7166,3715,359,211.62320451726745,0.7610893223049878,0.6539301483229977,0.8649930595027215,0.053527211318189445,0.0004997501249375312,0.09663526244952894,-0.7161498519813462,0.06556803709998477,-0.8446632046973164,-0.587636499265376,9.024207502425236e-28,0.0013441555084526702,5.865734876576403e-27,associated,high pressure
1650,Academia,Culture (periphery),Academia + Culture (periphery),7166,3715,45,66.12146566208718,-0.5501205481210029,-0.9694120693890264,-0.21938126696860624,0.19641061344338562,0.00849575212393803,0.012113055181695828,-1.4723941597147083,0.15710262698198568,-1.7803153085994001,-1.1644730108300165,7.104935984590613e-21,0.01409933331206737,3.463656292487924e-20,dissociated,high pressure
1650,Academia,Sport & Games,Academia + Sport & Games,7166,3715,1,3.489657623487452,-1.4113024447013134,-3.2954305017888466,-0.04035039469225946,1.0017416037689888,0.24537731134432783,0.00026917900403768504,-1.9220890083639561,0.8381374595383484,-3.564838429059119,-0.2793395876687934,0.02183153740910815,0.3137611522107799,0.03096108941655338,not distinguishable,high pressure
1650,Exploration & Invention,Culture (core),Exploration & Invention + Culture (core),7166,3715,12,23.857059965833074,-0.9624119074581468,-1.9115212258524832,-0.35806888761649996,0.40385394822280174,0.02498750624687656,0.003230148048452221,-1.6265133474733109,0.2953726847631658,-2.205443809609116,-1.0475828853375058,3.6573090190629915e-08,0.0360930645788217,8.390297161379804e-08,dissociated,high pressure
1650,Exploration & Invention,Culture (periphery),Exploration & Invention + Culture (periphery),7166,3715,20,7.454115322218706,1.365850525504009,0.6925900170231325,1.8444766063741322,0.30222306099624296,0.001999000499750125,0.005383580080753701,0.5344522463259641,0.24024161842857875,0.06357867420594976,1.0053258184459786,0.02610509846594176,0.004214109161635398,0.036360672863276024,associated,high pressure
1650,Exploration & Invention,Sport & Games,Exploration & Invention + Sport & Games,7166,3715,0,0.39340190209138254,-0.837381231317366,-1.115375079909397,-0.5508314924885243,0.1474182026015336,0.0004997501249375312,0.0,-0.3305754843123969,1.4283279498962096,-3.1300982661089676,2.4689472974841737,0.8169712181479041,0.0013441555084526702,0.8384704607307437,dissociated,high pressure
1650,Culture (core),Culture (periphery),Culture (core) + Culture (periphery),7166,3715,162,67.07827916969991,1.2658081992084371,1.100512917108912,1.4214312230356945,0.08288829733700162,0.0004997501249375312,0.04360699865410498,0.010618346735485184,0.09704897187680976,-0.17959763814306196,0.2008343316140323,0.9128755150246035,0.0013441555084526702,0.9247310411937542,associated,high pressure
1650,Culture (core),Sport & Games,Culture (core) + Sport & Games,7166,3715,3,3.5401548639473086,-0.20705567219836074,-2.8968964062009106,0.8229853040894274,0.8445440665318255,0.7621189405297352,0.0008075370121130552,-1.1286438808631412,0.5693247230764169,-2.244520338092918,-0.012767423633364139,0.04743163163095191,0.8256288522405464,0.060650283069086056,not distinguishable,high pressure
1650,Culture (periphery),Sport & Games,Culture (periphery) + Sport & Games,7166,3715,1,1.1061179647521264,-0.09861535783323709,-1.9150974540461325,1.265180085934081,0.9959071519587528,0.8660669665167416,0.00026917900403768504,-0.4740881880165776,0.8388702356174986,-2.118273849826875,1.1700974737937195,0.5719711953816319,0.893474315473842,0.6028885572941525,not distinguishable,high pressure
1700,Politics,Administration & Law,Politics + Administration & Law,13056,6742,416,170.29844545867098,1.2860216514244127,1.1873197289790531,1.3784140841110482,0.049593132163935294,0.0004997501249375312,0.0617027588252744,0.4820204573911205,0.06384534172975367,0.3568835876008033,0.6071573271814377,4.3588015330639744e-14,0.001082791937364651,1.0624578736843438e-13,associated,high pressure
1700,Politics,Military,Politics + Military,13056,6742,653,261.4093577142385,1.3191196296092225,1.2400075947441846,1.3965155737793344,0.03988686899433416,0.0004997501249375312,0.09685553248294275,0.3942841072357874,0.05226823205188401,0.2918383724140947,0.49672984205748005,4.5761022890104536e-14,0.001082791937364651,1.0816241774024708e-13,associated,high pressure
1700,Politics,Religion,Politics + Religion,13056,6742,291,178.06629342272433,0.7070361036451759,0.5676809043292983,0.8356754082863838,0.06761006031893727,0.0004997501249375312,0.04316226638979531,-0.4948232518533078,0.06792350303842684,-0.6279533178086244,-0.36169318589799115,3.216516078376529e-13,0.001082791937364651,6.969118169815813e-13,associated,high pressure
1700,Politics,Nobility,Politics + Nobility,13056,6742,163,209.77362867727098,-0.3629772910835404,-0.5682014421264551,-0.16585453156707283,0.10305343059608899,0.0009995002498750624,0.02417680213586473,-1.0644976506591037,0.08553867991881714,-1.2321534632999853,-0.8968418380182221,1.49566517322981e-35,0.001999000499750125,8.973991039378859e-35,dissociated,high pressure
1700,Politics,Kinship,Politics + Kinship,13056,6742,35,95.73874018019232,-1.4387987323222184,-1.9263429211536207,-1.018918334201431,0.23185604744575844,0.0004997501249375312,0.0051913378819341445,-1.7360379158903914,0.17405915941699268,-2.077193868347697,-1.3948819634330858,1.984095558733437e-23,0.001082791937364651,8.145234399010952e-23,dissociated,high pressure
1700,Politics,Big business,Politics + Big business,13056,6742,61,49.23986852446812,0.3061837163137956,-0.03735134738247627,0.5983534288555101,0.1638508165274363,0.062468765617191405,0.009047760308513795,-0.664636503027958,0.1395147234045635,-0.9380853609009024,-0.3911876451550135,1.898710316863961e-06,0.08468179703251823,2.961988094307779e-06,not distinguishable,high pressure
1700,Politics,Small business,Politics + Small business,13056,6742,129,159.91661949799973,-0.30887151785404976,-0.5462292049497078,-0.10158226787534258,0.11466312755242267,0.00849575212393803,0.01913378819341442,-1.0126818109527511,0.09560497367214035,-1.2000675593501462,-0.825296062555356,3.233531883021165e-26,0.01352385031973809,1.6814365791710058e-25,dissociated,high pressure
1700,Politics,Academia,Politics + Academia,13056,6742,107,312.20377673078667,-1.540459983937738,-1.8263901197938062,-1.2969760585670123,0.13208620340205202,0.0004997501249375312,0.015870661524770097,-2.434920125972678,0.10062163845525667,-2.6321385373449813,-2.237701714600375,2.2919220645424512e-129,0.001082791937364651,8.93849605171556e-128,dissociated,high pressure
1700,Politics,Exploration & Invention,Politics + Exploration & Invention,13056,6742,13,48.278508775950975,-1.8532862464212267,-2.7417524849503385,-1.2284777179947317,0.39242335537604933,0.0014992503748125937,0.001928211213289825,-2.207577489245954,0.27792615942210863,-2.752312761713287,-1.6628422167786212,1.97291655864389e-15,0.002852232420375178,5.306465226697359e-15,dissociated,high pressure
1700,Politics,Culture (core),Politics + Culture (core),13056,6742,71,347.61410809560823,-2.283545136656109,-2.6350138127012945,-1.9937042137527397,0.16592709413012827,0.0004997501249375312,0.01053099970335212,-3.182815114394042,0.12144245801225015,-3.420842332098052,-2.944787896690032,2.130486577676412e-151,0.001082791937364651,1.6617795305876015e-149,dissociated,high pressure
1700,Politics,Culture (periphery),Politics + Culture (periphery),13056,6742,19,121.99638488273311,-2.6511931439059335,-3.4395721876727863,-2.1105994310281684,0.3312928949590908,0.0004997501249375312,0.0028181548501928213,-2.9133212497034227,0.2295942840674316,-3.3633260464755885,-2.463316452931257,6.805141780470621e-37,0.001082791937364651,4.423342157305904e-36,dissociated,high pressure
1700,Politics,Sport & Games,Politics + Sport & Games,13056,6742,3,6.464267937543844,-0.9926167870672127,-3.6426866769786224,0.03871890512676655,0.8304227765296215,0.20339830084957522,0.0004449718184514981,-1.5933757910566755,0.552426850873447,-2.6761324187686313,-0.5106191633447195,0.003922599861235666,0.2478916791604198,0.005099379819606366,not distinguishable,high pressure
1700,Administration & Law,Military,Administration & Law + Military,13056,6742,78,125.20858762437983,-0.679318649908946,-0.9977333524931117,-0.39179167414590477,0.15392396729927876,0.0004997501249375312,0.01156926727973895,-1.1197955223817917,0.11913605432645898,-1.3533021888616512,-0.8862888559019321,5.492723889616172e-21,0.001082791937364651,1.862749840826354e-20,dissociated,high pressure
1700,Administration & Law,Religion,Administration & Law + Religion,13056,6742,25,85.28933048885003,-1.7503009856292677,-2.3751039446231896,-1.284329600697813,0.2830450148757727,0.0004997501249375312,0.003708098487095817,-2.049187106161214,0.20184233969427778,-2.4447980919619985,-1.6535761203604293,3.232647633166157e-24,0.001082791937364651,1.4008139743720015e-23,dissociated,high pressure
1700,Administration & Law,Nobility,Administration & Law + Nobility,13056,6742,92,100.47635630639694,-0.12649225359474622,-0.42782974751681135,0.1252177877792902,0.14194647867333557,0.35082458770614694,0.013645802432512608,-0.5114329864097129,0.11176571827191017,-0.7304937942226568,-0.292372178596769,4.740911678986273e-06,0.3948168772756479,6.977190772847723e-06,not distinguishable,high pressure
1700,Administration & Law,Kinship,Administration & Law + Kinship,13056,6742,12,45.85647791539031,-1.8908428621595883,-2.8750073217092877,-1.2328783194464281,0.41497758230695353,0.0014992503748125937,0.0017798872738059924,-1.679728702064685,0.28730002773582064,-2.242836756426893,-1.1166206477024765,5.0171822753361655e-09,0.002852232420375178,9.317624225624307e-09,dissociated,high pressure
1700,Administration & Law,Big business,Administration & Law + Big business,13056,6742,19,23.58467365769821,-0.3046412518657147,-1.0364119857557583,0.23157410992674668,0.31870216734790946,0.31784107946026985,0.0028181548501928213,-0.7935203729413506,0.23382971512976056,-1.2518266145956813,-0.3352141312870199,0.0006898483658364938,0.37002394325225446,0.0009440030269341494,not distinguishable,high pressure
1700,Administration & Law,Small business,Administration & Law + Small business,13056,6742,45,76.59608760791998,-0.7607911042989212,-1.2136289643292921,-0.39503734082828657,0.20995132896053884,0.001999000499750125,0.006674577276772471,-0.9993035050084386,0.15430905754584784,-1.3017492577983003,-0.6968577522185768,9.419393789800947e-11,0.0036260939297792965,1.9857100421742536e-10,dissociated,high pressure
1700,Administration & Law,Academia,Administration & Law + Academia,13056,6742,192,149.53785234494617,0.3595319284118014,0.18128299750871926,0.519687239322599,0.08586303780822353,0.0004997501249375312,0.028478196380895878,-0.48309723418670814,0.08139312069212061,-0.6426277507432645,-0.32356671763015177,2.932066660497276e-09,0.001082791937364651,5.578078037043598e-09,associated,high pressure
1700,Administration & Law,Exploration & Invention,Administration & Law + Exploration & Invention,13056,6742,6,23.124206223160748,-1.8617542321266083,-3.2452997410028837,-1.0309127480052434,0.5905782905091904,0.013493253373313344,0.0008899436369029962,-1.8196177442361674,0.39678713563661305,-2.597320530083929,-1.0419149583884058,4.520806437769568e-06,0.01985799553053662,6.781209656654352e-06,dissociated,high pressure
1700,Administration & Law,Culture (core),Administration & Law + Culture (core),13056,6742,120,166.49852129830208,-0.4708021818425857,-0.7165697532076195,-0.24088529190216554,0.12172136405935532,0.0004997501249375312,0.017798872738059923,-1.3428777040397462,0.0979711399386227,-1.5349011383194466,-1.1508542697600457,9.23564802295933e-43,0.001082791937364651,9.004756822385347e-42,dissociated,high pressure
1700,Administration & Law,Culture (periphery),Administration & Law + Culture (periphery),13056,6742,22,58.43323735619757,-1.389156517919575,-2.0236015162086676,-0.9010102097246369,0.2903360914603557,0.0009995002498750624,0.003263126668644319,-1.6050666851439193,0.21532167065769495,-2.0270971596330014,-1.183036210654837,9.036417492759622e-14,0.001999000499750125,2.0730604836330898e-13,dissociated,high pressure
1700,Administration & Law,Sport & Games,Administration & Law + Sport & Games,13056,6742,1,3.096223737216817,-1.2615202794560143,-3.0761399384344927,0.09918856102976427,1.0144689127933346,0.3828085957021489,0.0001483239394838327,-1.3460891945076068,0.8281935263729826,-2.969348506198653,0.2771701171834391,0.10409189978271431,0.4205502882361636,0.12301769974320782,not distinguishable,high pressure
1700,Military,Religion,Military + Religion,13056,6742,20,130.91974529138315,-2.6804862362648727,-3.3655681389634733,-2.1211719367905633,0.3159354645976254,0.0004997501249375312,0.0029664787896766538,-2.8913888657628894,0.2235480062892767,-3.329542958089872,-2.453234773435907,2.8904458185184774e-38,0.001082791937364651,2.2545477384444124e-37,dissociated,high pressure
1700,Military,Nobility,Military + Nobility,13056,6742,412,154.23194085407232,1.4146230805852615,1.30757927094512,1.5159629271915038,0.05347366935504679,0.0004997501249375312,0.06110946306733907,0.8116322710329902,0.06363459648696018,0.6869084619185483,0.9363560801474321,2.9397143702525374e-37,0.001082791937364651,2.084524735269981e-36,associated,high pressure
1700,Military,Kinship,Military + Kinship,13056,6742,50,70.39002855612382,-0.4892993233191385,-0.9000985195674926,-0.16477069787685109,0.19046758410420053,0.01199400299850075,0.007416196974191634,-0.802211258595935,0.14878313833085685,-1.0938262097244145,-0.5105963074674555,6.974929266072821e-08,0.017991004497751123,1.236464733531091e-07,dissociated,high pressure
1700,Military,Big business,Military + Big business,13056,6742,13,36.202646337456024,-1.4429246808682197,-2.329817456604935,-0.829672772607249,0.3929087834331719,0.0034982508745627187,0.001928211213289825,-1.7855174669007314,0.27767347267689785,-2.3297574733474513,-1.2412774604540115,1.2737124871843823e-10,0.0060636348492420465,2.614462473694258e-10,dissociated,high pressure
1700,Military,Small business,Military + Small business,13056,6742,16,117.57555396986399,-2.8391723745492614,-3.6866211737190793,-2.2736833616269716,0.365329709196397,0.0004997501249375312,0.002373183031741323,-2.676726685789669,0.2491410059868921,-3.1650430575239774,-2.1884103140553606,6.336544995786298e-27,0.001082791937364651,3.5303607833666516e-26,dissociated,high pressure
1700,Military,Academia,Military + Academia,13056,6742,70,229.54169564011522,-1.7062002143775408,-2.0542143621520927,-1.4240162838341048,0.16131034167371472,0.0004997501249375312,0.010382675763868289,-2.3005632141835672,0.12310438146647612,-2.5418478018578603,-2.059278626509274,6.210210668106725e-78,0.001082791937364651,9.687928642246491e-77,dissociated,high pressure
1700,Military,Exploration & Invention,Military + Exploration & Invention,13056,6742,104,35.49582546198319,1.5376014343749458,1.3115307936100538,1.7411137948886377,0.11070462727989087,0.0004997501249375312,0.0154256897063186,0.7207314037251729,0.1176193024592683,0.490197570905007,0.9512652365453387,8.917943059728525e-10,0.001082791937364651,1.7389988966470622e-09,associated,high pressure
1700,Military,Culture (core),Military + Culture (core),13056,6742,69,255.57644637174525,-1.8814896785950175,-2.231538618797853,-1.5859001901482164,0.16814788184223325,0.0004997501249375312,0.010234351824384456,-2.612101192273599,0.1237011010541489,-2.8545553503397305,-2.369647034207467,5.641929700591161e-99,0.001082791937364651,1.1001762916152764e-97,dissociated,high pressure
1700,Military,Culture (periphery),Military + Culture (periphery),13056,6742,18,89.69544616397735,-2.285529325017408,-3.0198423386255424,-1.759860103490584,0.3274559261261936,0.0004997501249375312,0.0026698309107089885,-2.4185730948295325,0.23588093498291562,-2.8808997273960473,-1.9562464622630178,1.1429496971468716e-24,0.001082791937364651,5.2441221398503514e-24,dissociated,high pressure
1700,Military,Sport & Games,Military + Sport & Games,13056,6742,8,4.752726052815632,0.6943964961542959,-0.5238791707321675,1.4031103486235759,0.49571105317893704,0.13793103448275862,0.0011865915158706616,-0.06767942928443724,0.37318884204302705,-0.7991295596887703,0.6637707011198958,0.8560894282980719,0.17077175697865354,0.8903330054299948,not distinguishable,high pressure
1700,Religion,Nobility,Religion + Nobility,13056,6742,69,105.05939907973544,-0.6029701599902826,-0.9612119326998743,-0.3170193517149539,0.16148856313809806,0.0004997501249375312,0.010234351824384456,-1.189629389557937,0.12576629794023428,-1.4361313335207964,-0.9431274455950779,3.1076091752203028e-21,0.001082791937364651,1.1017887075781074e-20,dissociated,high pressure
1700,Religion,Kinship,Religion + Kinship,13056,6742,26,47.948136166611214,-0.8704488055535983,-1.5020534358812254,-0.4110328141379773,0.2793299899114981,0.005997001499250375,0.00385642242657965,-1.2337343829232807,0.20028585106645477,-1.626294651013532,-0.8411741148330294,7.280565541050775e-10,0.009952470573224025,1.456113108210155e-09,dissociated,high pressure
1700,Religion,Big business,Religion + Big business,13056,6742,1,24.660444835534793,-4.068123023392425,-5.7754100322443795,-2.736605904794948,1.0459029045745072,0.0004997501249375312,0.0001483239394838327,-3.7539440858619217,0.8183759641424081,-5.357960975581042,-2.149927196142802,4.495198543324458e-06,0.001082791937364651,6.781209656654352e-06,dissociated,high pressure
1700,Religion,Small business,Religion + Small business,13056,6742,32,80.08987618348293,-1.3101588985621178,-1.8308615208227865,-0.8770948614229145,0.2480071996545533,0.0004997501249375312,0.004746366063482646,-1.704047285907733,0.17991975717532574,-2.0566900099713714,-1.3514045618440944,2.7677541822037267e-21,0.001082791937364651,1.0280229819613843e-20,dissociated,high pressure
1700,Religion,Academia,Religion + Academia,13056,6742,343,156.35874433111817,1.130844142373807,1.0204474713008718,1.2436079116305208,0.05778158036293329,0.0004997501249375312,0.050875111242954615,-0.11272561172126391,0.06455647940954878,-0.23925631136397954,0.013805087921451714,0.08078404225502475,0.001082791937364651,0.09845555149831142,associated,high pressure
1700,Religion,Exploration & Invention,Religion + Exploration & Invention,13056,6742,15,24.17897403238612,-0.6710142037384176,-1.505568613434578,-0.10945342736855392,0.3751159227604959,0.06296851574212893,0.0022248590922574903,-1.2560904592372553,0.26072150593046994,-1.7671046108609763,-0.7450763076135342,1.4518772845357687e-06,0.08468179703251823,2.3111515957916318e-06,not distinguishable,high pressure
1700,Religion,Culture (core),Religion + Culture (core),13056,6742,216,174.09304276443478,0.3103709537809108,0.13248845098411735,0.46628962762049403,0.0846358617164255,0.0009995002498750624,0.03203797092850786,-1.0293774168806542,0.07568484179096477,-1.177719706790945,-0.8810351269703632,3.9586107359153e-42,0.001999000499750125,3.430795971126593e-41,associated,high pressure
1700,Religion,Culture (periphery),Religion + Culture (periphery),13056,6742,31,61.09856117995814,-0.9675448242105128,-1.5605971228371378,-0.550702225771539,0.2536966940061597,0.0004997501249375312,0.004598042123998813,-1.5950870301192204,0.18294384448389228,-1.9536569653076492,-1.2365170949307915,2.806743093491477e-18,0.001082791937364651,8.420229280474431e-18,dissociated,high pressure
1700,Religion,Sport & Games,Religion + Sport & Games,13056,6742,2,3.2374522445506093,-0.5801270504460765,-2.9936748115197718,0.5765692422183674,0.9689747016719049,0.519240379810095,0.0002966478789676654,-1.1503004916085768,0.6475938242895137,-2.4195843872160236,0.11898340399886997,0.07568867745721856,0.5548047893861289,0.0937097911375087,not distinguishable,high pressure
1700,Nobility,Kinship,Nobility + Kinship,13056,6742,256,56.48601045512818,2.1702791264271526,2.0402090023470234,2.2930355348455254,0.06563047067634767,0.0004997501249375312,0.03797092850786117,1.8548465237655234,0.08681320897861156,1.6846926341674449,2.025000413363602,2.771684431159262e-101,0.001082791937364651,7.206379521014081e-100,associated,high pressure
1700,Nobility,Big business,Nobility + Big business,13056,6742,28,29.05160150475521,-0.05227439793966171,-0.5790551374305849,0.3846116180010605,0.25250033781642384,0.8350824587706147,0.004153070305547315,-0.5860486697053207,0.19598618157111936,-0.9701815855847146,-0.20191575382592675,0.0027874459166785594,0.8459276855078953,0.0036850979915411465,not distinguishable,high pressure
1700,Nobility,Small business,Nobility + Small business,13056,6742,48,94.35106231721277,-0.9676791843885644,-1.4103054954431518,-0.6102825143942291,0.20444425783338602,0.0004997501249375312,0.0071195490952239695,-1.1369952277984745,0.14939179889107668,-1.429803153624985,-0.8441873019719642,2.7234629181189795e-14,0.001082791937364651,6.852584116557433e-14,dissociated,high pressure
1700,Nobility,Academia,Nobility + Academia,13056,6742,39,184.2007296456394,-2.225265007182003,-2.722772221191381,-1.8276778622518168,0.2274364211280277,0.0004997501249375312,0.005784633639869475,-2.484971452761118,0.16270326050694087,-2.8038698433547222,-2.166073062167514,1.1567461756801241e-52,0.001082791937364651,1.2889457386149954e-51,dissociated,high pressure
1700,Nobility,Exploration & Invention,Nobility + Exploration & Invention,13056,6742,6,28.48439770926267,-2.156764883718437,-3.5861908146028685,-1.3225992589655602,0.6271060002546249,0.0074962518740629685,0.0008899436369029962,-2.01947271623233,0.39662316925419333,-2.7968541279705486,-1.2420913044941109,3.549308836465302e-07,0.012181409295352323,6.018393244441163e-07,dissociated,high pressure
1700,Nobility,Culture (core),Nobility + Culture (core),13056,6742,96,205.0928820170646,-1.0911894692930721,-1.3828381833416326,-0.8415609725080864,0.13970636575816955,0.0004997501249375312,0.014239098190447939,-1.8165414725194151,0.10721037417980474,-2.0266738059118325,-1.606409139126998,2.141813412079518e-64,0.001082791937364651,2.784357435703373e-63,dissociated,high pressure
1700,Nobility,Culture (periphery),Nobility + Culture (periphery),13056,6742,32,71.97806299731968,-1.157104681206869,-1.72400903944153,-0.751191208376223,0.24960343949887892,0.0004997501249375312,0.004746366063482646,-1.4226411791884241,0.1804716989452158,-1.7763657091210472,-1.068916649255801,3.1985736809238484e-15,0.001082791937364651,8.316291570402005e-15,dissociated,high pressure
1700,Nobility,Sport & Games,Nobility + Sport & Games,13056,6742,2,3.8139284642518883,-0.7870741583090262,-3.2415302644554185,0.39284515561185024,0.9848167105060978,0.3543228385807096,0.0002966478789676654,-1.0146013194215482,0.6476511720569212,-2.2839976166531137,0.25479497781001736,0.11721147052860925,0.3948168772756479,0.13444845148869886,not distinguishable,high pressure
1700,Kinship,Big business,Kinship + Big business,13056,6742,20,13.258881708917135,0.5752606939467135,-0.159620822715292,1.0771855152641159,0.3134942983435068,0.07096451774112944,0.0029664787896766538,0.02390047906771137,0.23026715925128574,-0.42742315306480866,0.4752241112002314,0.9173323816072971,0.0938174980306457,0.9376225810736504,not distinguishable,high pressure
1700,Kinship,Small business,Kinship + Small business,13056,6742,25,43.060950501122264,-0.7725381869590846,-1.3889813168896639,-0.3328448743865611,0.2729555768230643,0.009995002498750625,0.003708098487095817,-0.8429412929907927,0.20462308192287218,-1.244002533559622,-0.4418800524219632,3.797235531972414e-05,0.015286474409853899,5.385170390797242e-05,dissociated,high pressure
1700,Kinship,Academia,Kinship + Academia,13056,6742,33,84.06750604327269,-1.3359423375694717,-1.8947313776047467,-0.8917912564433849,0.24891886709252692,0.0004997501249375312,0.004894690002966479,-1.6578201695712798,0.17889662946593188,-2.008457563324506,-1.3071827758180532,1.9160449833177917e-20,0.001082791937364651,6.227146195782823e-20,dissociated,high pressure
1700,Kinship,Exploration & Invention,Kinship + Exploration & Invention,13056,6742,3,13.000015152866743,-1.9475341994357485,-4.704461395106518,-0.8351576479712348,0.8718768735882787,0.046476761619190406,0.0004449718184514981,-1.6995954822628052,0.538601316666362,-2.7552540629288744,-0.6439369015967358,0.0016018347209710935,0.0659124982963064,0.0021541915213059534,not distinguishable,high pressure
1700,Kinship,Culture (core),Kinship + Culture (core),13056,6742,108,93.60249078041561,0.20539022768517393,-0.041449687037559635,0.42536130023281327,0.11903259090603033,0.08245877061469266,0.01601898546425393,-0.5970056981821726,0.10754154846094337,-0.8077871331656217,-0.3862242631987236,2.8339765400482182e-08,0.10543908373682012,5.1407016307851395e-08,not distinguishable,high pressure
1700,Kinship,Culture (periphery),Kinship + Culture (periphery),13056,6742,29,32.85012093953712,-0.17697703867613374,-0.7472450862184983,0.25482736383453,0.25416464150569595,0.4802598700649675,0.004301394245031148,-0.5462185029738171,0.19154408796655795,-0.9216449153882706,-0.17079209055936356,0.004349167146851372,0.5202815259037148,0.005561230122203394,not distinguishable,high pressure
1700,Kinship,Sport & Games,Kinship + Sport & Games,13056,6742,1,1.7406416078477003,-0.5789494065252277,-2.394015822025961,0.7547658211509447,1.0220813421540997,0.6026986506746627,0.0001483239394838327,-0.599302496140375,0.8286782606801312,-2.223511887073432,1.024906894792682,0.46955525605817194,0.6352769561165363,0.5158494362329212,not distinguishable,high pressure
1700,Big business,Small business,Big business + Small business,13056,6742,94,22.14689202326237,2.0610012556753112,1.8086703767046783,2.2831891003679523,0.12192021870769487,0.0004997501249375312,0.013942450311480272,1.1565985031551855,0.12115878673316409,0.9191272811581839,1.3940697251521872,1.3462131644832137e-21,0.001082791937364651,5.250231341484534e-21,associated,high pressure
1700,Big business,Academia,Big business + Academia,13056,6742,26,43.2371779382063,-0.7228677764417413,-1.2875640664943033,-0.28222971416434456,0.2647168171384679,0.008995502248875561,0.00385642242657965,-1.4746496896427124,0.20179642840964243,-1.8701706893256116,-1.0791286899598131,2.7193477464511353e-13,0.014032983508245875,6.060260692091101e-13,dissociated,high pressure
1700,Big business,Exploration & Invention,Big business + Exploration & Invention,13056,6742,11,6.68610257183735,0.6783524280610815,-0.33408437050638484,1.327200152050365,0.41911491048106186,0.10844577711144428,0.0016315633343221595,-0.05882136749189037,0.303670861170038,-0.6540162553851648,0.5363735204013841,0.8464099623401081,0.136431784107946,0.8903330054299948,not distinguishable,high pressure
1700,Big business,Culture (core),Big business + Culture (core),13056,6742,25,48.14116345082185,-0.9316804900167878,-1.5780326055111265,-0.48123076625850086,0.27984178127201165,0.0029985007496251873,0.003708098487095817,-1.7947093738301128,0.20527311735763348,-2.1970446838510744,-1.392374063809151,2.2693696107368883e-18,0.005315524056153741,7.080433185499091e-18,dissociated,high pressure
1700,Big business,Culture (periphery),Big business + Culture (periphery),13056,6742,13,16.895309391279643,-0.36573893154346054,-1.279349785760168,0.2822973439611485,0.4060708509629655,0.33933033483258374,0.001928211213289825,-0.9537044124756021,0.2785919929699025,-1.4997447186966109,-0.40766410625459326,0.0006186539674255547,0.3892318546609049,0.0008616965974855941,not distinguishable,high pressure
1700,Big business,Sport & Games,Big business + Sport & Games,13056,6742,3,0.8952380588811232,1.3268436228950797,-1.4152994508610237,2.3241372823832225,0.8577364343774906,0.07496251874062969,0.0004449718184514981,0.6978864315499375,0.5542892540668669,-0.38852050642112157,1.7842933695209964,0.20800670394107212,0.0974512743628186,0.23513801315077718,not distinguishable,high pressure
1700,Small business,Academia,Small business + Academia,13056,6742,183,140.4216448928086,0.3808868433213278,0.18664943981508697,0.5459046187869756,0.08929916673169438,0.0004997501249375312,0.027143280925541382,-0.4385241268084991,0.08344443096763085,-0.6020752115050556,-0.2749730421119426,1.4779676324047747e-07,0.001082791937364651,2.561810562834943e-07,associated,high pressure
1700,Small business,Exploration & Invention,Small business + Exploration & Invention,13056,6742,24,21.714495853574384,0.14128034872175835,-0.4438860229226704,0.6128647254259244,0.27745851931999566,0.6121939030484758,0.0035597745476119848,-0.3364679478842687,0.21125581998793821,-0.7505293550606276,0.07759345929209022,0.11122665402594988,0.6366816591704147,0.1294877464779715,not distinguishable,high pressure
1700,Small business,Culture (core),Small business + Culture (core),13056,6742,240,156.34834836999084,0.6166665564680514,0.4565585377188675,0.7551103580052925,0.07639094818741242,0.0004997501249375312,0.035597745476119845,-0.3775129431099727,0.07534285324149506,-0.525184935463303,-0.22984095075664238,5.426043373686608e-07,0.001082791937364651,9.004923045692667e-07,associated,high pressure
1700,Small business,Culture (periphery),Small business + Culture (periphery),13056,6742,131,54.870998729081855,1.2478603503495431,1.0342014398565298,1.4539518927834685,0.10753371031644433,0.0004997501249375312,0.019430436072382082,0.47920089097586943,0.0990514957249596,0.28505995935494866,0.6733418225967902,1.3122039321305036e-06,0.001082791937364651,2.132331389712068e-06,associated,high pressure
1700,Small business,Sport & Games,Small business + Sport & Games,13056,6742,3,2.9074700707431846,0.03865393677473868,-2.6594476502117614,1.024277397339454,0.8698746268923503,0.9630184907546226,0.0004449718184514981,-0.371015183609596,0.5529188257917799,-1.4547360821614845,0.7127057149422924,0.5022128660085787,0.9630184907546226,0.5440639381759603,not distinguishable,high pressure
1700,Academia,Exploration & Invention,Academia + Exploration & Invention,13056,6742,70,42.393014788408074,0.7168805363752226,0.40377141534315225,0.986013352502687,0.14394554633303142,0.0004997501249375312,0.010382675763868289,-0.2193497089191522,0.1338008066473397,-0.481599289947938,0.04289987210963361,0.10113516700907488,0.001082791937364651,0.12136220041088985,associated,high pressure
1700,Academia,Culture (core),Academia + Culture (core),13056,6742,608,305.2374731279411,0.9929638740029576,0.9077627671162986,1.0776086626288026,0.04266786735807466,0.0004997501249375312,0.09018095520617028,-0.42888596005003665,0.05058237492395304,-0.5280274149009846,-0.3297445051990887,2.2721475416663676e-17,0.001082791937364651,6.563981787036173e-17,associated,high pressure
1700,Academia,Culture (periphery),Academia + Culture (periphery),13056,6742,86,107.12415688867051,-0.3152298979501465,-0.6155253475585908,-0.0548688330953546,0.14317262255579574,0.028985507246376812,0.012755858795609611,-1.1814797621576627,0.11446971501534031,-1.4058404035877297,-0.9571191207275958,5.643560832896017e-25,0.04186795491143317,2.7512359060368086e-24,dissociated,high pressure
1700,Academia,Sport & Games,Academia + Sport & Games,13056,6742,3,5.67622764705268,-0.8193710072357685,-3.4624634114921964,0.23314874219237072,0.8365060384733823,0.2593703148425787,0.0004449718184514981,-1.4558063086631376,0.5524552135363384,-2.5386185271943607,-0.3729940901319144,0.008409833600502518,0.3065285539048658,0.010580113239341877,not distinguishable,high pressure
1700,Exploration & Invention,Culture (core),Exploration & Invention + Culture (core),13056,6742,24,47.2012548325564,-0.9612454691390958,-1.6079920453738654,-0.5156855581640338,0.28292192776663583,0.00399800099950025,0.0035597745476119848,-1.7151857679391893,0.20987027175863276,-2.1265315005861094,-1.3038400352922692,3.0181352692606107e-16,0.006779219086109119,8.407662535797416e-16,dissociated,high pressure
1700,Exploration & Invention,Culture (periphery),Exploration & Invention + Culture (periphery),13056,6742,31,16.565445180138443,0.8842737786175707,0.3711366824898703,1.3060817168647727,0.23919304336356093,0.001999000499750125,0.004598042123998813,0.08211046631910883,0.18905999180480632,-0.28844711761831154,0.45266805025652923,0.664064029468283,0.0036260939297792965,0.7095478671030969,associated,high pressure
1700,Exploration & Invention,Sport & Games,Exploration & Invention + Sport & Games,13056,6742,1,0.8777594209208843,0.12263850857568982,-1.6479145526995727,1.4452125080562646,1.0150439987096078,0.791104447776112,0.0001483239394838327,-0.07744100579804734,0.8293115246253876,-1.702891594063807,1.5480095824677125,0.9256017787521933,0.8119229858754833,0.9376225810736504,not distinguishable,high pressure
1700,Culture (core),Culture (periphery),Culture (core) + Culture (periphery),13056,6742,337,119.27424018467089,1.4945698407306056,1.384344178875367,1.5996709443344657,0.05505244518160992,0.0004997501249375312,0.049985167606051616,0.31251505239808425,0.06974958110607629,0.17580587343017473,0.44922423136599376,7.445810402575221e-06,0.001082791937364651,1.075505947038643e-05,associated,high pressure
1700,Culture (core),Sport & Games,Culture (core) + Sport & Games,13056,6742,11,6.320028641355246,0.7537841580605837,-0.17485027426402072,1.3419687591728255,0.3852212814593666,0.049475262368815595,0.0016315633343221595,-0.3725067726778041,0.33138521171336754,-1.0220217876360045,0.27700824228039633,0.260974885516306,0.06891197258513601,0.29080058671816955,not distinguishable,high pressure
1700,Culture (periphery),Sport & Games,Culture (periphery) + Sport & Games,13056,6742,4,2.2180361171894925,0.727360374717443,-1.0916911578886614,1.6472933803228913,0.7720038528261559,0.24587706146926536,0.0005932957579353308,0.03732188472991036,0.49265979417881267,-0.9282913118605625,1.0029350813203832,0.9396133041698572,0.29505247376311844,0.9396133041698571,not distinguishable,high pressure
1750,Politics,Administration & Law,Politics + Administration & Law,25872,12606,1534,658.5380329401139,1.2193350154420501,1.172738710659211,1.2654208654384467,0.02327619102224036,0.0004997501249375312,0.12168808503887038,0.8160071433822542,0.039071414865279326,0.7394271702463068,0.8925871165182017,7.32793946078278e-97,0.0008474023857636399,9.526321299017613e-96,associated,high pressure
1750,Politics,Military,Politics + Military,25872,12606,1584,776.3849722849769,1.0282547495381291,0.9846583826642402,1.0724538699697688,0.023041081373716032,0.0004997501249375312,0.1256544502617801,-0.10239538734964299,0.03373494797639636,-0.16851588538337986,-0.036274889315906125,0.002403036280118504,0.0008474023857636399,0.003072734915561365,associated,high pressure
1750,Politics,Religion,Politics + Religion,25872,12606,170,229.357245307824,-0.4309664026717485,-0.6276111228280649,-0.25913461832079077,0.09629977179315985,0.0004997501249375312,0.013485641757893067,-1.4522124484654577,0.08236487475686352,-1.6136476029889102,-1.2907772939420052,1.412880267618684e-69,0.0008474023857636399,1.1020466087425735e-68,dissociated,high pressure
1750,Politics,Nobility,Politics + Nobility,25872,12606,391,410.3112776405,-0.0694634797208402,-0.19691947775218072,0.046259725497066,0.061763840639129326,0.25687156421789104,0.031016976043154055,-0.7315878203628835,0.05822354726070505,-0.8457059729938654,-0.6174696677319016,3.2823653837205815e-36,0.2862283144142214,1.113149999696545e-35,not distinguishable,high pressure
1750,Politics,Kinship,Politics + Kinship,25872,12606,104,229.84701565464997,-1.140305964391653,-1.417131577817503,-0.9005886992626775,0.1317483444005171,0.0004997501249375312,0.00825003966365223,-1.5269488278574082,0.10413088009998757,-1.7310453528533838,-1.3228523028614325,1.1003040420536236e-48,0.0008474023857636399,5.0484538400107434e-48,dissociated,high pressure
1750,Politics,Big business,Politics + Big business,25872,12606,238,182.21880901375553,0.3843641140707892,0.22999704370923083,0.5289357392903813,0.07441730021135161,0.0004997501249375312,0.018879898461050294,-0.5508362868813065,0.07495589252111834,-0.6977498362226984,-0.40392273753991453,1.9998570901378171e-13,0.0008474023857636399,3.804606171481701e-13,associated,high pressure
1750,Politics,Small business,Politics + Small business,25872,12606,309,424.4056289428132,-0.45720304645946186,-0.6045343052269919,-0.3176057035747223,0.07213689155678141,0.0004997501249375312,0.024512137077582104,-1.0607319636943322,0.06338854038014907,-1.1849735028394244,-0.93649042454924,7.432439332627e-63,0.0008474023857636399,4.140930485320757e-62,dissociated,high pressure
1750,Politics,Academia,Politics + Academia,25872,12606,356,818.8484792992025,-1.2005751022164282,-1.3408727046452025,-1.076120246144794,0.06690395699156693,0.0004997501249375312,0.028240520387117246,-2.3210727261703474,0.056570981417292165,-2.43195184974824,-2.210193602592455,0.0,0.0008474023857636399,0.0,dissociated,high pressure
1750,Politics,Exploration & Invention,Politics + Exploration & Invention,25872,12606,69,166.82508714587675,-1.2675688827358194,-1.6258843661936289,-0.9642841911799485,0.1645652175121562,0.0004997501249375312,0.005473584007615421,-1.793180288342818,0.12579427109204136,-2.039737059683219,-1.546623517002417,4.181130873872546e-46,0.0008474023857636399,1.8118233786781035e-45,dissociated,high pressure
1750,Politics,Culture (core),Politics + Culture (core),25872,12606,224,831.6401584443101,-1.8901110988599077,-2.075692733329513,-1.7231809766882704,0.09053451058754988,0.0004997501249375312,0.01776931619863557,-2.996451106939763,0.06949347677341369,-3.132658321415654,-2.860243892463872,0.0,0.0008474023857636399,0.0,dissociated,high pressure
1750,Politics,Culture (periphery),Politics + Culture (periphery),25872,12606,67,299.46250151478773,-2.1518227525784446,-2.510540180735748,-1.8611052041857132,0.16612090686916076,0.0004997501249375312,0.0053149293986990325,-2.4973507628829146,0.12515641814733874,-2.7426573424516985,-2.2520441833141307,1.38815364847397e-88,0.0008474023857636399,1.3534498072621206e-87,dissociated,high pressure
1750,Politics,Sport & Games,Politics + Sport & Games,25872,12606,4,22.160791555243684,-2.332201349699662,-4.0297289971942,-1.356213732321055,0.7581715070906357,0.019490254872563718,0.00031730921783277807,-2.628169076344819,0.48016588045346803,-3.5692942020336167,-1.6870439506560218,4.4133079087662534e-08,0.025766777628135083,6.619961863149381e-08,dissociated,high pressure
1750,Administration & Law,Military,Administration & Law + Military,25872,12606,150,343.4159949206794,-1.1922927276181046,-1.4249796654665767,-0.98452387104174,0.11275611354943922,0.0004997501249375312,0.011899095668729176,-1.6354416184886191,0.08517418861903289,-1.8023830281819235,-1.4685002087953147,3.620497766970341e-82,0.0008474023857636399,3.1377647313742955e-81,dissociated,high pressure
1750,Administration & Law,Religion,Administration & Law + Religion,25872,12606,20,101.45089021731033,-2.314178557926469,-3.068281906484401,-1.7895990016300631,0.32009628277444857,0.0004997501249375312,0.0015865460891638901,-2.334728340608622,0.2232150389939201,-2.7722298170367052,-1.8972268641805385,1.3248662138029167e-25,0.0008474023857636399,3.5634332647112933e-25,dissociated,high pressure
1750,Administration & Law,Nobility,Administration & Law + Nobility,25872,12606,129,181.49173498732597,-0.49092083512999535,-0.7297006266658248,-0.2762217864352636,0.11701890885182485,0.0004997501249375312,0.010233222275107092,-0.6462642750705214,0.0931199176587508,-0.828779313681673,-0.46374923645936983,3.917410439306038e-12,0.0008474023857636399,7.10600033176444e-12,dissociated,high pressure
1750,Administration & Law,Kinship,Administration & Law + Kinship,25872,12606,31,101.66752883982626,-1.6975130141616508,-2.2554448396904063,-1.2704935985316481,0.25078961306010283,0.0004997501249375312,0.0024591464382040296,-1.4544064222043778,0.18204573624186493,-1.811216065238433,-1.0975967791703225,1.3577711393159025e-15,0.0008474023857636399,2.941837468517789e-15,dissociated,high pressure
1750,Administration & Law,Big business,Administration & Law + Big business,25872,12606,23,80.60028957870001,-1.7870463089840685,-2.4457870315334374,-1.2842038699334601,0.30065688256028966,0.0004997501249375312,0.0018245280025384737,-1.7834827523083163,0.2095592363369659,-2.1942188555287694,-1.3727466490878633,1.7297923503267645e-17,0.0008474023857636399,3.9683471566319895e-17,dissociated,high pressure
1750,Administration & Law,Small business,Administration & Law + Small business,25872,12606,63,187.72604637668763,-1.5676377823891128,-1.955156049831715,-1.2520092417512616,0.17811506890199752,0.0004997501249375312,0.004997620180866254,-1.4437962749414117,0.1290693650409779,-1.6967722304217285,-1.190820319461095,4.763938965656173e-29,0.0008474023857636399,1.327097283289934e-28,dissociated,high pressure
1750,Administration & Law,Academia,Administration & Law + Academia,25872,12606,318,362.1987483608875,-0.18747839423092846,-0.33865815425359624,-0.056012154679020675,0.07066129004846546,0.010494752623688156,0.025226082817705855,-0.9313554324567881,0.06128959699134452,-1.0514830425598234,-0.8112278223537528,3.760034756732735e-52,0.014617691154422787,1.8330169439072083e-51,dissociated,high pressure
1750,Administration & Law,Exploration & Invention,Administration & Law + Exploration & Invention,25872,12606,21,73.79123157332509,-1.7888552829520135,-2.5105293001980153,-1.2775447188887923,0.3159348677468943,0.0004997501249375312,0.0016658733936220848,-1.6763826977119771,0.2192648315824194,-2.106141767613519,-1.246623627810435,2.081834447679757e-14,0.0008474023857636399,4.163668895359514e-14,dissociated,high pressure
1750,Administration & Law,Culture (core),Administration & Law + Culture (core),25872,12606,250,367.8568527512837,-0.5562934787272293,-0.7229758543515651,-0.3987128249533377,0.082240344977075,0.0004997501249375312,0.019831826114548628,-1.3571864472485606,0.06767695249366835,-1.4898332741361506,-1.2245396203609706,1.8664725647727435e-89,0.0008474023857636399,2.0797837150324858e-88,dissociated,high pressure
1750,Administration & Law,Culture (periphery),Administration & Law + Culture (periphery),25872,12606,57,132.46033420310482,-1.2093620523490485,-1.6193270311216885,-0.8565880502337009,0.19051074508770788,0.0004997501249375312,0.004521656354117087,-1.2902610695321526,0.1357952972567541,-1.5564198521553907,-1.0241022869089145,2.0685832780602737e-21,0.0008474023857636399,5.042171740271917e-21,dissociated,high pressure
1750,Administration & Law,Sport & Games,Administration & Law + Sport & Games,25872,12606,5,9.802315284098992,-0.9054650732241333,-2.724878131076157,-0.03800368808763974,0.6838916574304775,0.1409295352323838,0.00039663652229097253,-1.0763065461905932,0.43637589586642134,-1.9316033020887788,-0.22100979029240742,0.01364534763007726,0.16165446688420496,0.016374417156092714,not distinguishable,high pressure
1750,Military,Religion,Military + Religion,25872,12606,23,119.60576709290142,-2.353572764382703,-3.089368305195939,-1.8905574261008267,0.30282147879474064,0.0004997501249375312,0.0018245280025384737,-2.795817158868859,0.20849963130514887,-3.2044764362269507,-2.3871578815107672,5.339838867213819e-41,0.0008474023857636399,2.0825371582133894e-40,dissociated,high pressure
1750,Military,Nobility,Military + Nobility,25872,12606,520,213.97011044144395,1.2791215625251484,1.1803979873898929,1.3698393709463053,0.04825357518804653,0.0004997501249375312,0.04125019831826115,0.47763861154550985,0.053918891434215216,0.37195758433444803,0.5833196387565717,8.112371365942621e-19,0.0008474023857636399,1.9174695955864375e-18,associated,high pressure
1750,Military,Kinship,Military + Kinship,25872,12606,115,119.86117370956555,-0.05947722874269958,-0.32046518163417326,0.16195596135815507,0.12210620772456965,0.63968015992004,0.00912264001269237,-0.6442053304970703,0.10011205951267108,-0.8404249671419056,-0.44798569385223497,1.2360146721424595e-10,0.6652331728872407,2.095850965806779e-10,not distinguishable,high pressure
1750,Military,Big business,Military + Big business,25872,12606,31,95.02390212959914,-1.6005099429570444,-2.196606826094063,-1.1446757797673597,0.26156985172122965,0.0004997501249375312,0.0024591464382040296,-2.0791406351310657,0.1816275657462129,-2.435130663993643,-1.7231506062684885,2.4265489320493957e-30,0.0008474023857636399,7.279646796148188e-30,dissociated,high pressure
1750,Military,Small business,Military + Small business,25872,12606,54,221.32006660667219,-2.025061747559801,-2.4245690796720485,-1.6936686676557489,0.18752366609194615,0.0004997501249375312,0.004283674440742504,-2.211737301094856,0.13829962316154076,-2.482804562491476,-1.9406700396982361,1.444543251028275e-57,0.0008474023857636399,7.51162490534703e-57,dissociated,high pressure
1750,Military,Academia,Military + Academia,25872,12606,171,427.015071479392,-1.3177667048058355,-1.53879426991291,-1.1242297428247343,0.1032275441887205,0.0004997501249375312,0.013564969062351261,-2.2833725244807805,0.07929729502933854,-2.438795222738284,-2.127949826223277,2.471351455275636e-182,0.0008474023857636399,4.8191353377874906e-181,dissociated,high pressure
1750,Military,Exploration & Invention,Military + Exploration & Invention,25872,12606,165,86.99634708135403,0.9195365253477392,0.7326424325399498,1.098298085745428,0.09309137271297649,0.0004997501249375312,0.013089005235602094,-0.00896335711630902,0.0879244600592398,-0.18129529883241904,0.163368584599801,0.9188012516649658,0.0008474023857636399,0.9307337354528226,associated,high pressure
1750,Military,Culture (core),Military + Culture (core),25872,12606,156,433.6857070396661,-1.472149577495323,-1.696287610755888,-1.2670863590369177,0.10893990859547786,0.0004997501249375312,0.012375059495478343,-2.5289055407910856,0.08264259441828603,-2.6908850258509265,-2.366926055731245,1.204980492806246e-205,0.0008474023857636399,3.1329492812962398e-204,dissociated,high pressure
1750,Military,Culture (periphery),Military + Culture (periphery),25872,12606,18,156.16442446003475,-3.082080432277423,-3.8624708351740105,-2.53484807948007,0.3488567819051531,0.0004997501249375312,0.0014278914802475012,-3.0651104125962076,0.23442517639137225,-3.5245837583232973,-2.605637066869118,4.57532343300544e-39,0.0008474023857636399,1.6221601262473832e-38,dissociated,high pressure
1750,Military,Sport & Games,Military + Sport & Games,25872,12606,18,11.55646280017645,0.6177185682432687,-0.08118069329509851,1.131335827115908,0.3148571535156689,0.04997501249375312,0.0014278914802475012,-0.33917589957902594,0.25203151774162524,-0.8331576743526115,0.15480587519455952,0.17837741501988102,0.06287178991149586,0.20460938781692237,not distinguishable,high pressure
1750,Religion,Nobility,Religion + Nobility,25872,12606,45,63.21038770833776,-0.4856620716523888,-0.9363935123587723,-0.12488647329090163,0.20637787955783787,0.022988505747126436,0.003569728700618753,-1.001746656384323,0.15241366594329156,-1.3004774416331744,-0.7030158711354715,4.9460298553883195e-11,0.029885057471264367,8.57311841600642e-11,dissociated,high pressure
1750,Religion,Kinship,Religion + Kinship,25872,12606,45,35.409016921695105,0.34152038831570236,-0.10037372746296791,0.7102393547100632,0.2050906893787419,0.09945027486256872,0.003569728700618753,-0.3010591143912525,0.1540325882777788,-0.602962987415699,0.0008447586331939427,0.050640258229848446,0.11930398437145064,0.05984757790800271,not distinguishable,high pressure
1750,Religion,Big business,Religion + Big business,25872,12606,7,28.071667032273975,-1.9296227129781236,-3.463849719752831,-1.174064916729304,0.5794035540873969,0.0074962518740629685,0.0005552911312073616,-2.1937492270793375,0.3674272549944931,-2.913906646868544,-1.473591807290131,2.3642973961631556e-09,0.01082791937364651,3.841983268765128e-09,dissociated,high pressure
1750,Religion,Small business,Religion + Small business,25872,12606,30,65.38168900778027,-1.1110682992119563,-1.6797030011651446,-0.6801499414952116,0.25476337024808493,0.0004997501249375312,0.002379819133745835,-1.4430836791520452,0.18443703226490996,-1.8045802623912688,-1.0815870959128215,5.106432452164087e-15,0.0008474023857636399,1.076491165591348e-14,dissociated,high pressure
1750,Religion,Academia,Religion + Academia,25872,12606,401,126.14747064358146,1.6645817233759546,1.5564775898293552,1.7694008413807385,0.05434477753746152,0.0004997501249375312,0.031810249087736,0.281087422231217,0.06021775736397422,0.16306061779782755,0.3991142266646065,3.0436887083330333e-06,0.0008474023857636399,4.165047706139941e-06,associated,high pressure
1750,Religion,Exploration & Invention,Religion + Exploration & Invention,25872,12606,6,25.700191568234985,-2.0110657371170957,-3.445107846851412,-1.1434814713596813,0.61173900204283,0.01699150424787606,0.00047596382674916705,-2.1433033540497086,0.39460543307107104,-2.916730002869008,-1.3698767052304093,5.587918530799302e-08,0.022850643643695392,8.223729158534821e-08,dissociated,high pressure
1750,Religion,Culture (core),Religion + Culture (core),25872,12606,199,128.11808915266215,0.6332951854647128,0.44792378789304227,0.8006831399356672,0.08970380285848291,0.0004997501249375312,0.015786133587180708,-0.7729271820739275,0.07738517264866021,-0.9246021204653015,-0.6212522436825535,1.719259189294694e-23,0.0008474023857636399,4.3258779601608436e-23,associated,high pressure
1750,Religion,Culture (periphery),Religion + Culture (periphery),25872,12606,21,46.1336108861318,-1.1170334834771742,-1.813907738242003,-0.6039350196801462,0.3129079804817492,0.0034982508745627187,0.0016658733936220848,-1.5517786398317734,0.21879247145892589,-1.9806118838912683,-1.1229453957722786,1.317409475791948e-12,0.005457271364317842,2.4466175978993318e-12,dissociated,high pressure
1750,Religion,Sport & Games,Religion + Sport & Games,25872,12606,5,3.4139744688127593,0.49079727346393315,-1.2309859224128958,1.3228301267020492,0.6401101654840449,0.3938030984507746,0.00039663652229097253,-0.32605915229032056,0.4367470905730794,-1.1820834498135562,0.529965145232915,0.4553274807635669,0.4207759134131564,0.49327143749386415,not distinguishable,high pressure
1750,Nobility,Kinship,Nobility + Kinship,25872,12606,280,63.345367414208255,2.135346923178156,1.997629784696131,2.2630733150178695,0.06787061136118963,0.0004997501249375312,0.022211645248294463,1.6806174287186988,0.07465432681023368,1.5342949481706407,1.8269399092667569,3.167331999062326e-112,0.0008474023857636399,4.941037918537229e-111,associated,high pressure
1750,Nobility,Big business,Nobility + Big business,25872,12606,28,50.21913107672873,-0.8315681100715375,-1.438710904153769,-0.36732841179705455,0.2688559691533987,0.004997501249375313,0.0022211645248294463,-1.0786954853255388,0.1914306863658056,-1.4538996306025178,-0.7034913400485598,1.7514555552552393e-08,0.007496251874062969,2.6786967315668364e-08,dissociated,high pressure
1750,Nobility,Small business,Nobility + Small business,25872,12606,56,116.96532331067817,-1.0559121520535915,-1.4431701605309861,-0.7257871521642726,0.1861513314571083,0.0004997501249375312,0.0044423290496588925,-1.0543852340441688,0.1371223318856576,-1.3231450045400577,-0.78562546354828,1.4785379579203482e-14,0.0008474023857636399,3.034893703099662e-14,dissociated,high pressure
1750,Nobility,Academia,Nobility + Academia,25872,12606,72,225.6729661250414,-1.6413735977518527,-2.0162879352432292,-1.3466800439866282,0.1684887678523008,0.0004997501249375312,0.005711565920990005,-2.0322201464235157,0.12069914925073148,-2.2687904789549496,-1.795649813892082,1.305399959096098e-63,0.0008474023857636399,7.832399754576588e-63,dissociated,high pressure
1750,Nobility,Exploration & Invention,Nobility + Exploration & Invention,25872,12606,17,45.976652814326336,-1.409151249480534,-2.2238370732590353,-0.857376468428391,0.3507290673484438,0.001999000499750125,0.0013485641757893067,-1.3858964860120127,0.24267504704966883,-1.8615395782293636,-0.9102533937946617,1.1237058166537095e-08,0.003182082428173668,1.752981073979787e-08,dissociated,high pressure
1750,Nobility,Culture (core),Nobility + Culture (core),25872,12606,111,229.1983267349394,-1.0426966371231625,-1.2963154349640653,-0.7968219190274825,0.1257737862954345,0.0004997501249375312,0.008805330794859591,-1.710928062608007,0.09869142210900371,-1.9043632499416543,-1.5174928752743597,2.510507898567794e-67,0.0008474023857636399,1.780178328075345e-66,dissociated,high pressure
1750,Nobility,Culture (periphery),Nobility + Culture (periphery),25872,12606,37,82.53125293449229,-1.146763872982385,-1.6481678927569674,-0.7230427414435044,0.23882254398869365,0.0004997501249375312,0.002935110264953197,-1.2306273931812637,0.16702361092205387,-1.5579936705884894,-0.9032611157740381,1.732267918194436e-13,0.0008474023857636399,3.37792244047915e-13,dissociated,high pressure
1750,Nobility,Sport & Games,Nobility + Sport & Games,25872,12606,3,6.10746882772587,-0.9167427915752063,-3.687078722957008,0.10789654299989879,0.8752460201667698,0.2563718140929535,0.00023798191337458352,-1.046952142301217,0.5425618054118945,-2.1103732809085303,0.016468996306096217,0.05365073225698101,0.2862283144142214,0.06245906143350029,not distinguishable,high pressure
1750,Kinship,Big business,Kinship + Big business,25872,12606,33,28.131611378396233,0.2265522285093395,-0.3154553003619043,0.6269042598963989,0.23757025302442053,0.3308345827086457,0.002617801047120419,-0.21528096108278608,0.1786113336762593,-0.5653591750882543,0.13479725292268216,0.22808595270234155,0.36345207677851216,0.2578362943591687,not distinguishable,high pressure
1750,Kinship,Small business,Kinship + Small business,25872,12606,34,65.52130531882564,-0.9363353007287166,-1.4735608303284395,-0.5054629390964822,0.24362819331433527,0.0014992503748125937,0.0026971283515786135,-0.8757493135316785,0.17482678521486014,-1.2184098125528044,-0.5330888145105526,5.464541410300668e-07,0.0024362818590704647,7.749713272790038e-07,dissociated,high pressure
1750,Kinship,Academia,Kinship + Academia,25872,12606,109,126.41684643925515,-0.21295270968568394,-0.4815325213309626,0.01779218080269419,0.12935226199388672,0.10094952523738131,0.008646676185943203,-0.848389799908091,0.10231756119677299,-1.048932219853766,-0.647847379962416,1.116111483049961e-16,0.11930398437145064,2.4873341622256275e-16,not distinguishable,high pressure
1750,Kinship,Exploration & Invention,Kinship + Exploration & Invention,25872,12606,11,25.755071856498713,-1.1909622829586035,-2.250084658263489,-0.5203031828820439,0.43435100433475154,0.014992503748125937,0.0008726003490401396,-1.1330697912470196,0.2986063147476221,-1.7183381681523588,-0.5478014143416803,0.00014792504999088212,0.020516057760593388,0.00019230256498814675,dissociated,high pressure
1750,Kinship,Culture (core),Kinship + Culture (core),25872,12606,176,128.39167301470567,0.45350912141394445,0.26486382602246894,0.6326030441249267,0.09282920153838084,0.0004997501249375312,0.013961605584642234,-0.4176373477823055,0.08411272795753746,-0.5824982945790789,-0.25277640098553206,6.862681308032486e-07,0.0008474023857636399,9.558734679045247e-07,associated,high pressure
1750,Kinship,Culture (periphery),Kinship + Culture (periphery),25872,12606,32,46.23212477686897,-0.5239749157952641,-1.091011619954438,-0.07989702881805337,0.2561816043739159,0.04697651174412794,0.0025384737426622245,-0.685504882025179,0.18022784746881587,-1.0387514630640582,-0.3322583009862999,0.00014263957588075903,0.06006832649249146,0.00018857435455422382,not distinguishable,high pressure
1750,Kinship,Sport & Games,Kinship + Sport & Games,25872,12606,4,3.421264683069568,0.1986059752307526,-1.4980093450599965,1.156653439529455,0.7618512392373185,0.7491254372813593,0.00031730921783277807,-0.10825712300297947,0.4810546447225444,-1.0511242266591665,0.8346099806532075,0.8219472094901699,0.758854339064234,0.8548250978697767,not distinguishable,high pressure
1750,Big business,Small business,Big business + Small business,25872,12606,230,51.94417767930465,2.135912230974868,1.9719002703639916,2.2759861091415847,0.07526822341893676,0.0004997501249375312,0.01824528002538474,1.3304090189556335,0.0786852508073445,1.1761859273732382,1.4846321105380287,3.9291650348088044e-64,0.0008474023857636399,2.553957272625723e-63,associated,high pressure
1750,Big business,Academia,Big business + Academia,25872,12606,57,100.2211280917707,-0.8087324854916672,-1.2024555473393845,-0.47141882091328263,0.1831622009612925,0.0004997501249375312,0.004521656354117087,-1.5863496667747523,0.13653239382160706,-1.8539531586651021,-1.3187461748844025,3.3054824560681634e-31,0.0008474023857636399,1.031310526293267e-30,dissociated,high pressure
1750,Big business,Exploration & Invention,Big business + Exploration & Invention,25872,12606,34,20.41818340076388,0.7218387929304764,0.16461166860736778,1.1192688139090754,0.2434559734769031,0.005997001499250375,0.0026971283515786135,-0.008143098642262077,0.17670952244865615,-0.35449376264162813,0.33820756535710395,0.9632450260642464,0.008825775791349608,0.9632450260642466,associated,high pressure
1750,Big business,Culture (core),Big business + Culture (core),25872,12606,71,101.78673704937398,-0.5166039439880118,-0.8630874303950034,-0.21883770018734114,0.16251214667123842,0.004997501249375313,0.00563223861653181,-1.4882336849961504,0.12342788281207388,-1.7301523353078152,-1.2463150346844856,1.7704208370897354e-33,0.007496251874062969,5.75386772054164e-33,dissociated,high pressure
1750,Big business,Culture (periphery),Big business + Culture (periphery),25872,12606,20,36.65204306012912,-0.8578176397053014,-1.5725832922430625,-0.32376603752799227,0.31271474561725027,0.0079960019990005,0.0015865460891638901,-1.1915987148176796,0.2246162767405755,-1.6318466172292077,-0.7513508124061516,1.1264724141468922e-07,0.01133978465312798,1.6271268204343997e-07,dissociated,high pressure
1750,Big business,Sport & Games,Big business + Sport & Games,25872,12606,6,2.712320514991852,1.016823870640831,-0.4690735015317358,1.8807359792112641,0.6134270397868629,0.08595702148925537,0.00047596382674916705,0.25354339426415634,0.40392081518565326,-0.5381414034997241,1.0452281920280366,0.5301967567792207,0.10476011994002998,0.5653301666257406,not distinguishable,high pressure
1750,Small business,Academia,Small business + Academia,25872,12606,315,233.42491991556867,0.43159444568261535,0.28983891779293336,0.5658501464842334,0.06902810590631175,0.0004997501249375312,0.024988100904331272,-0.3896044391995869,0.06339432847964956,-0.5138573230197001,-0.2653515553794738,7.959648026594332e-10,0.0008474023857636399,1.3209628639879956e-09,associated,high pressure
1750,Small business,Exploration & Invention,Small business + Exploration & Invention,25872,12606,88,47.55596864545825,0.8809618275174462,0.5897312467555199,1.1360541813837148,0.1381418401896345,0.0004997501249375312,0.006980802792321117,0.3402163083490876,0.11473663932645162,0.11533249526924244,0.5651001214289328,0.003024928467917269,0.0008474023857636399,0.0037895538976480737,associated,high pressure
1750,Small business,Culture (core),Small business + Culture (core),25872,12606,364,237.07137802780431,0.6175577800325138,0.4862208687442345,0.733492787678164,0.06376291057170043,0.0004997501249375312,0.028875138822782802,-0.3472410855977077,0.05995480909474921,-0.46475251142341617,-0.22972965977199927,6.9671860870418735e-09,0.0008474023857636399,1.1090622750801349e-08,associated,high pressure
1750,Small business,Culture (periphery),Small business + Culture (periphery),25872,12606,189,85.36623343750927,1.1420350346145316,0.954589096789873,1.316720378155225,0.09205205344243654,0.0004997501249375312,0.014992860542598763,0.5606126750540421,0.08132118962427885,0.40122314339045556,0.7200022067176286,5.431829159287731e-12,0.0008474023857636399,9.629151691464614e-12,associated,high pressure
1750,Small business,Sport & Games,Small business + Sport & Games,25872,12606,11,6.317262747407786,0.7543693683376962,-0.2789354510964135,1.3778201744847147,0.422712234390677,0.07096451774112944,0.0008726003490401396,0.19175896422351157,0.3101095618960785,-0.4160557770928023,0.7995737055398254,0.5363388760295488,0.0878608314890174,0.5653301666257406,not distinguishable,high pressure
1750,Academia,Exploration & Invention,Academia + Exploration & Invention,25872,12606,218,91.75451490578884,1.2439418566889662,1.0846745761479317,1.3895819225501351,0.07725156258766172,0.0004997501249375312,0.017293352371886405,0.21670546703113014,0.07977102423578575,0.06035425952899007,0.3730566745332702,0.006595750933169451,0.0008474023857636399,0.008038571449800268,associated,high pressure
1750,Academia,Culture (core),Academia + Culture (core),25872,12606,952,457.405661341008,1.056668690647335,0.9905909775802306,1.1224649450162432,0.03387071945626558,0.0004997501249375312,0.07551959384420118,-0.5222737650296062,0.03903402948679439,-0.5987804628237232,-0.4457670672354892,7.91896551050782e-41,0.0008474023857636399,2.9413300467600476e-40,associated,high pressure
1750,Academia,Culture (periphery),Academia + Culture (periphery),25872,12606,170,164.70566285355318,0.04550859952164877,-0.16167322781044735,0.23033040095465201,0.10028323267584222,0.6481759120439781,0.013485641757893067,-0.8463037604099126,0.08259652333952933,-1.00819294615539,-0.6844145746644351,1.2303760091485955e-24,0.6652331728872407,3.1989776237863483e-24,not distinguishable,high pressure
1750,Academia,Sport & Games,Academia + Sport & Games,25872,12606,7,12.188530597329542,-0.7585625059922106,-2.151040268517847,0.01747853734091167,0.5336978910132644,0.12843578210894552,0.0005552911312073616,-1.480692233367116,0.37673691515714786,-2.219096587075126,-0.7422878796591061,8.48370021616048e-05,0.1495222537984739,0.00011409114083802024,not distinguishable,high pressure
1750,Exploration & Invention,Culture (core),Exploration & Invention + Culture (core),25872,12606,50,93.18786227647009,-0.8915787638853916,-1.3330866635257255,-0.5520507101276979,0.19754179604228683,0.0004997501249375312,0.003966365222909726,-1.6556523600942485,0.1457642066339078,-1.9413502050967077,-1.3699545150917893,6.734494769680228e-30,0.0008474023857636399,1.9455207112409548e-29,dissociated,high pressure
1750,Exploration & Invention,Culture (periphery),Exploration & Invention + Culture (periphery),25872,12606,31,33.55570322665697,-0.11254459452386824,-0.6551180463619765,0.32275600745145727,0.24737321662369202,0.6466766616691654,0.0024591464382040296,-0.5432162711797566,0.18342199953187288,-0.9027233902622274,-0.18370915209728572,0.0030607935327157517,0.6652331728872407,0.0037895538976480737,not distinguishable,high pressure
1750,Exploration & Invention,Sport & Games,Exploration & Invention + Sport & Games,25872,12606,4,2.483185510486502,0.593071306458679,-1.0845503577316322,1.5173095078571326,0.7451891001641444,0.35732133933033483,0.00031730921783277807,0.06173649034104016,0.4812370886310194,-0.8814882033757578,1.004961184057838,0.8979218066301425,0.3870981176078627,0.9215513278572516,not distinguishable,high pressure
1750,Culture (core),Culture (periphery),Culture (core) + Culture (periphery),25872,12606,609,167.27861993397428,1.8610673362979826,1.778885126466771,1.9391897427380325,0.041019563949329,0.0004997501249375312,0.04831032841504046,0.766511415824604,0.05407732379075545,0.6605198611947234,0.8725029704544847,1.3204280781222644e-45,0.0008474023857636399,5.420704741765085e-45,associated,high pressure
1750,Culture (core),Sport & Games,Culture (core) + Sport & Games,25872,12606,26,12.378934288113461,1.040979142066842,0.4781131065877697,1.4669171338939442,0.25483824302714175,0.0014992503748125937,0.0020625099159130573,-0.1761169922447064,0.21885954770226956,-0.6050817057411547,0.25284772125174193,0.4209909359935793,0.0024362818590704647,0.4624970846126646,associated,high pressure
1750,Culture (periphery),Sport & Games,Culture (periphery) + Sport & Games,25872,12606,4,4.457488723175785,-0.1396844893099699,-1.9364580073165145,0.7823778871609716,0.7735330975124922,0.8305847076461769,0.00031730921783277807,-0.5605133500014905,0.48069667477932143,-1.5026788325689604,0.3816521325659795,0.243596760045238,0.8305847076461769,0.2714363897646938,not distinguishable,high pressure
1800,Politics,Administration & Law,Politics + Administration & Law,44547,22203,2665,908.5676525955669,1.551946613543322,1.5142735100817715,1.5872956161559792,0.01871256170739394,0.0004997501249375312,0.12002882493356754,1.2301062344293827,0.030014045407249283,1.1712787054311742,1.2889337634275913,0.0,0.000721861291576434,0.0,associated,high pressure
1800,Politics,Military,Politics + Military,44547,22203,722,413.19552537577016,0.8044282344712514,0.725417115928606,0.884879504003655,0.041800900998096926,0.0004997501249375312,0.03251812818087646,-0.31165312360578146,0.04331401962431086,-0.39654860206943077,-0.22675764514213217,6.236832950949318e-13,0.000721861291576434,9.729459403480936e-13,associated,high pressure
1800,Politics,Religion,Politics + Religion,44547,22203,264,359.10696197436533,-0.4431532292935522,-0.6171797631939845,-0.29408946321218293,0.08225178914346604,0.0004997501249375312,0.011890285096608567,-1.2861540654318684,0.06552724013233908,-1.414587456091253,-1.1577206747724837,8.95475083349216e-86,0.000721861291576434,3.676160868486255e-85,dissociated,high pressure
1800,Politics,Nobility,Politics + Nobility,44547,22203,513,351.72640096189724,0.5438612268027588,0.43756156814202435,0.6395191627171154,0.05176307631234555,0.0004997501249375312,0.02310498581272801,0.007183180364779754,0.05257469452392991,-0.09586322090212286,0.11022958163168238,0.8913247680446724,0.000721861291576434,0.9037148103679966,associated,high pressure
1800,Politics,Kinship,Politics + Kinship,44547,22203,130,271.13378289431625,-1.0576131108699256,-1.2875606249953386,-0.8301882598079008,0.11791860193889109,0.0004997501249375312,0.005855064630905733,-1.2864324858236995,0.09248632002639938,-1.4677056730754423,-1.1051592985719567,5.551601274259381e-44,0.000721861291576434,1.443416331307439e-43,dissociated,high pressure
1800,Politics,Big business,Politics + Big business,44547,22203,729,431.9303064670052,0.7544403416166775,0.66747473393917,0.8336169900709549,0.04313562487955203,0.0004997501249375312,0.032833400891771385,-0.039149060022411836,0.04430912323207228,-0.12599494155727348,0.04769682151244982,0.3769424198570823,0.000721861291576434,0.397317685795303,associated,high pressure
1800,Politics,Small business,Politics + Small business,44547,22203,850,725.0729338279405,0.22919059611994896,0.15124006503906978,0.30382778980975467,0.0394706019229348,0.0004997501249375312,0.038283114894383644,-0.28335307261967646,0.04029098121429875,-0.362323395799702,-0.2043827494396509,2.026218867223937e-12,0.000721861291576434,3.0989229734013155e-12,associated,high pressure
1800,Politics,Academia,Politics + Academia,44547,22203,879,1539.9719356583819,-0.8086169167661672,-0.8992718097860636,-0.726929169583505,0.0428676489560505,0.0004997501249375312,0.03958924469666261,-1.8788517072883493,0.03692902216362803,-1.9512325907290602,-1.8064708238476384,0.0,0.000721861291576434,0.0,dissociated,high pressure
1800,Politics,Exploration & Invention,Politics + Exploration & Invention,44547,22203,127,295.1397660498448,-1.2133430901412692,-1.4748828266547471,-0.9892651876027219,0.12168722344730701,0.0004997501249375312,0.005719947754807908,-1.586965206542591,0.09249238565057145,-1.768250282417711,-1.4056801306674709,5.496291615875436e-66,0.000721861291576434,1.948685209264927e-65,dissociated,high pressure
1800,Politics,Culture (core),Politics + Culture (core),44547,22203,444,1645.7131714608327,-1.888895841176585,-2.015750616426373,-1.7702054419071631,0.06357841778721472,0.0004997501249375312,0.019997297662478042,-2.904095272909469,0.04963589726494821,-3.001381631548768,-2.8068089142701704,0.0,0.000721861291576434,0.0,dissociated,high pressure
1800,Politics,Culture (periphery),Politics + Culture (periphery),44547,22203,431,779.558118219659,-0.8542210565497644,-0.990055111753467,-0.737154927245489,0.06337512546718722,0.0004997501249375312,0.01941179119938747,-1.3354650081009316,0.051767990282158054,-1.4369302690539614,-1.2339997471479018,9.552299437735587e-147,0.000721861291576434,7.450793561433757e-146,dissociated,high pressure
1800,Politics,Sport & Games,Politics + Sport & Games,44547,22203,15,47.88344419995414,-1.6422452564502301,-2.5405373663180493,-1.054092344514259,0.37718856958112107,0.0014992503748125937,0.0006755843804891231,-2.0192625708094067,0.26018359632031296,-2.52922241959722,-1.5093027220215933,8.43193398496243e-15,0.0019820598175488524,1.3422262261776929e-14,dissociated,high pressure
1800,Administration & Law,Military,Administration & Law + Military,44547,22203,101,206.24940985184838,-1.0264034839448561,-1.31166366769433,-0.7796909454615505,0.1341473402503646,0.0004997501249375312,0.004548934828626762,-1.5590014560266172,0.10184340664403217,-1.7586145330489202,-1.3593883790043142,6.778911779648321e-53,0.000721861291576434,2.2031463283857044e-52,dissociated,high pressure
1800,Administration & Law,Religion,Administration & Law + Religion,44547,22203,48,179.25072860734863,-1.889940966130213,-2.351532625470341,-1.524011258460104,0.2097555807133379,0.0004997501249375312,0.002161870017565194,-2.101842700553435,0.1455973188038547,-2.38721344540899,-1.8164719556978794,3.0716410595758893e-47,0.000721861291576434,8.873629727663681e-47,dissociated,high pressure
1800,Administration & Law,Nobility,Administration & Law + Nobility,44547,22203,203,175.566670432196,0.20890696285282367,0.03719295288281669,0.38165690048459283,0.09145414164048898,0.018490754622688656,0.009142908615952799,-0.15214668416194654,0.07555988111072116,-0.30024405113896,-0.004049317184933066,0.044052509373387144,0.02289331524713834,0.05286301124806457,associated,high pressure
1800,Administration & Law,Kinship,Administration & Law + Kinship,44547,22203,27,135.33830663339302,-2.304386855662712,-2.943376472477649,-1.8473284433989177,0.27618573143349956,0.0004997501249375312,0.0012160518848804217,-1.954276167881868,0.1931210552311004,-2.332793436134825,-1.5757588996289114,4.530182825832962e-24,0.000721861291576434,9.060365651665923e-24,dissociated,high pressure
1800,Administration & Law,Big business,Administration & Law + Big business,44547,22203,77,215.6010056617419,-1.4794375705333167,-1.8076588818310113,-1.207946525643618,0.15936047292032465,0.0004997501249375312,0.003467999819844165,-1.6361067501863047,0.11610973950964178,-1.8636818396252026,-1.4085316607474068,4.311770529172452e-45,0.000721861291576434,1.2011360759837545e-44,dissociated,high pressure
1800,Administration & Law,Small business,Administration & Law + Small business,44547,22203,155,361.9251795274413,-1.2207686098998285,-1.4373489102343193,-1.0126891220296312,0.11040183602934332,0.0004997501249375312,0.006981038598387605,-1.2646483571808433,0.08316684491032068,-1.4276553732050719,-1.1016413411566148,3.218777723071446e-52,0.000721861291576434,1.0042586495982913e-51,dissociated,high pressure
1800,Administration & Law,Academia,Administration & Law + Academia,44547,22203,470,768.6876633746215,-0.7091409012281833,-0.8401949085991277,-0.5975308487246506,0.06092510969377267,0.0004997501249375312,0.02116831058865919,-1.4883810107324589,0.04953622451791326,-1.5854720107875688,-1.391290010677349,2.439240813420266e-198,0.000721861291576434,3.1710130574463455e-197,dissociated,high pressure
1800,Administration & Law,Exploration & Invention,Administration & Law + Exploration & Invention,44547,22203,47,147.32105948203147,-1.6378524006298487,-2.0848932970041196,-1.2789798319007797,0.20809974850918148,0.0004997501249375312,0.002116831058865919,-1.6480309039156746,0.14777093927075274,-1.93766194488635,-1.3583998629449994,6.954025653534472e-29,0.000721861291576434,1.4274052657254968e-28,dissociated,high pressure
1800,Administration & Law,Culture (core),Administration & Law + Culture (core),44547,22203,329,821.4691339905652,-1.3188057546166758,-1.4659122785056948,-1.184672881017914,0.07282580249776043,0.0004997501249375312,0.014817817412061432,-2.111777110028544,0.057861218543256515,-2.225185098373327,-1.9983691216837614,1.2247662809145595e-291,0.000721861291576434,1.9106353982267127e-290,dissociated,high pressure
1800,Administration & Law,Culture (periphery),Administration & Law + Culture (periphery),44547,22203,202,389.12183688775855,-0.9441526295020989,-1.138817721521143,-0.7601197587308606,0.096152534433361,0.0004997501249375312,0.009097869657253524,-1.1589105905166068,0.0734153771122395,-1.3028047296565963,-1.0150164513766173,3.9050841167351515e-56,0.000721861291576434,1.3243328743710513e-55,dissociated,high pressure
1800,Administration & Law,Sport & Games,Administration & Law + Sport & Games,44547,22203,9,23.901352994887926,-1.360961725334336,-2.4842546687844753,-0.641984497696057,0.4863687398657584,0.014992503748125937,0.00040535062829347385,-1.557048244255241,0.3293718989370981,-2.202617166171953,-0.9114793223385286,2.274961944570672e-06,0.018861536973448757,2.9574505279418742e-06,dissociated,high pressure
1800,Military,Religion,Military + Religion,44547,22203,38,81.5190798057963,-1.0911011119631566,-1.587217385414226,-0.6985688939252512,0.22846432481086698,0.0009995002498750624,0.0017114804305724451,-1.8567134362514948,0.16326108782445273,-2.1767051683874223,-1.5367217041155674,5.721449375277236e-30,0.00139216106232598,1.2061433818152013e-29,dissociated,high pressure
1800,Military,Nobility,Military + Nobility,44547,22203,296,79.8436554729484,1.8837760970912825,1.733785536638798,2.014295899765806,0.07225283243987089,0.0004997501249375312,0.013331531774985363,0.8086017474544486,0.06572510731254494,0.6797805371218605,0.9374229577870367,8.750604547288051e-35,0.000721861291576434,2.068324711177176e-34,associated,high pressure
1800,Military,Kinship,Military + Kinship,44547,22203,59,61.54872733262963,-0.06051195144780797,-0.463432327146201,0.25301928930528045,0.18157637009462063,0.7226386806596702,0.0026572985632572176,-0.6701601580657617,0.1336401274539202,-0.9320948078754453,-0.40822550825607806,5.31265900890732e-07,0.751544227886057,7.023515299911373e-07,not distinguishable,high pressure
1800,Military,Big business,Military + Big business,44547,22203,32,98.0503439137984,-1.6004211877483256,-2.1320149503024717,-1.1679732791658537,0.25128758268663864,0.0004997501249375312,0.001441246678376796,-2.049716122787561,0.17731794719263308,-2.397259299285122,-1.7021729462900002,6.605208853835843e-31,0.000721861291576434,1.431128584997766e-30,dissociated,high pressure
1800,Military,Small business,Military + Small business,44547,22203,54,164.5951892237669,-1.5989699465806826,-2.0182793332045614,-1.2584682525043773,0.1898160050282144,0.0004997501249375312,0.0024321037697608433,-1.8766103897710054,0.13757368585590157,-2.1462548140485724,-1.6069659654934383,2.291425058594699e-42,0.000721861291576434,5.765521115173759e-42,dissociated,high pressure
1800,Military,Academia,Military + Academia,44547,22203,267,349.581345990679,-0.3881512986053071,-0.5533824373959233,-0.24187883830177204,0.07972420395225314,0.0004997501249375312,0.012025401972706391,-1.5956395299344932,0.06457916998919691,-1.7222147031133193,-1.4690643567556672,8.715808239999998e-135,0.000721861291576434,5.665275355999999e-134,dissociated,high pressure
1800,Military,Exploration & Invention,Military + Exploration & Invention,44547,22203,151,66.99820579974948,1.1663967348399913,0.9562868971362551,1.3723748033859444,0.1072224494417045,0.0004997501249375312,0.006800882763590506,0.0877046129335874,0.0867827042962127,-0.08238948748698947,0.25779871335416427,0.31219681517258535,0.000721861291576434,0.33358015867755697,associated,high pressure
1800,Military,Culture (core),Military + Culture (core),44547,22203,305,373.5851363732192,-0.292194263987866,-0.4463436521518612,-0.15666691814074257,0.0732435775442978,0.0009995002498750624,0.013736882403278836,-1.6626548628449602,0.06083160839299859,-1.7818848152952373,-1.543424910394683,1.7634216493452858e-164,0.00139216106232598,1.9649555521276042e-163,dissociated,high pressure
1800,Military,Culture (periphery),Military + Culture (periphery),44547,22203,39,176.96359909875866,-2.1675985744670427,-2.6767673030197305,-1.762271351377785,0.23153372452239618,0.0004997501249375312,0.0017565193892717201,-2.3813599947625694,0.16079705457803833,-2.6965222217355245,-2.0661977677896144,1.2675976781034387e-49,0.000721861291576434,3.802793034310316e-49,dissociated,high pressure
1800,Military,Sport & Games,Military + Sport & Games,44547,22203,19,10.869781771011997,0.7782695602372681,0.04794685823556852,1.3099178629094603,0.32267780493728077,0.02498750624687656,0.0008557402152862226,-0.32839107849362825,0.23387894353635993,-0.7867938078248937,0.13001165083763722,0.16028696818189314,0.030453523238380808,0.17608990870686853,associated,high pressure
1800,Religion,Nobility,Religion + Nobility,44547,22203,27,69.39187573181731,-1.3456931470834432,-1.991034116772115,-0.8663391559048524,0.28095003460579054,0.0014992503748125937,0.0012160518848804217,-1.5885070432524855,0.19304759048744638,-1.9668803206078804,-1.2101337658970905,1.8944984761494098e-16,0.0019820598175488524,3.2124104595576946e-16,dissociated,high pressure
1800,Religion,Kinship,Religion + Kinship,44547,22203,74,53.49180987792301,0.4644998469032096,0.11210625739452584,0.7460674727423555,0.1610075131011355,0.005997001499250375,0.0033328829437463407,-0.20637056343670945,0.12063668620628583,-0.4428184684010297,0.030077341527610768,0.08714051240524175,0.007668296999041462,0.10298424193346752,associated,high pressure
1800,Religion,Big business,Religion + Big business,44547,22203,14,85.21525273393146,-2.563499049554111,-3.5210621813644454,-1.925439454033301,0.40132667682020134,0.0004997501249375312,0.0006305454217898482,-2.6491865825088032,0.26400664036003607,-3.166639597614474,-2.1317335674031326,1.074533716338761e-23,0.000721861291576434,2.095340746860584e-23,dissociated,high pressure
1800,Religion,Small business,Religion + Small business,44547,22203,61,143.04917340038742,-1.2228867075295495,-1.6194123453612945,-0.8989938975569256,0.1833280407619744,0.0004997501249375312,0.002747376480655767,-1.528438416284567,0.1300248951775035,-1.7832872108324738,-1.2735896217366602,6.658637068295138e-32,0.000721861291576434,1.5275696803735904e-31,dissociated,high pressure
1800,Religion,Academia,Religion + Academia,44547,22203,753,303.8200740616823,1.308018009406541,1.2301829337165697,1.383014589063383,0.03936109113073249,0.0004997501249375312,0.03391433590055398,-0.047847170141541086,0.043957252705400435,-0.13400338544412593,0.03830904516104377,0.2763774421044066,0.000721861291576434,0.29940889561310713,associated,high pressure
1800,Religion,Exploration & Invention,Religion + Exploration & Invention,44547,22203,26,58.22793487562824,-1.1480545477479156,-1.7609821959195446,-0.6727588464428731,0.2781142710730846,0.0014992503748125937,0.0011710129261811467,-1.5486237450297273,0.19667026969876447,-1.9340974736393057,-1.163150016420149,3.4289224791145274e-15,0.0019820598175488524,5.5719990285611075e-15,dissociated,high pressure
1800,Religion,Culture (core),Religion + Culture (core),44547,22203,403,324.68169455552555,0.311322627397852,0.1895145604473024,0.4296422200106796,0.061248817571484246,0.0004997501249375312,0.018150700355807774,-1.0865641073095784,0.05478524141199661,-1.1939431804770917,-0.979185034142065,1.5407046278906149e-87,0.000721861291576434,6.676386720859331e-87,associated,high pressure
1800,Religion,Culture (periphery),Religion + Culture (periphery),44547,22203,99,153.798520433182,-0.6329557972191462,-0.9256289665768176,-0.38524820340800975,0.1408734768435432,0.0004997501249375312,0.0044588569112282124,-1.198726169857774,0.1032795783197142,-1.401154143364414,-0.9962981963511341,3.8142357760506227e-31,0.000721861291576434,8.500296872341387e-31,dissociated,high pressure
1800,Religion,Sport & Games,Religion + Sport & Games,44547,22203,14,9.446893950660753,0.543734899777242,-0.40813328326663345,1.133515990087776,0.40771117239007676,0.15442278860569716,0.0006305454217898482,-0.42293679123116135,0.2690732916385836,-0.9503204428427853,0.10444686038046258,0.1159905689861429,0.17207110730349115,0.13304800560175217,not distinguishable,high pressure
1800,Nobility,Kinship,Nobility + Kinship,44547,22203,285,52.39241719474931,2.4323579321185047,2.2843505508490445,2.570489039208357,0.07155578934905904,0.0004997501249375312,0.01283610322929334,1.8298403677507853,0.07074168466418249,1.6911866658089876,1.968494069692583,1.5866986606824005e-147,0.000721861291576434,1.3751388392580806e-146,associated,high pressure
1800,Nobility,Big business,Nobility + Big business,44547,22203,49,83.46386265077133,-0.7623400123159728,-1.195846579003258,-0.40244640062456905,0.20247734017604627,0.0004997501249375312,0.0022069089762644686,-1.0003089289809386,0.14528621392669142,-1.2850699082772539,-0.7155479496846234,5.7750256929588216e-12,0.000721861291576434,8.662538539438232e-12,dissociated,high pressure
1800,Nobility,Small business,Nobility + Small business,44547,22203,58,140.10914921856704,-1.2651819415776493,-1.6530799264126501,-0.9491127872587035,0.18475154183220305,0.0004997501249375312,0.002612259604557943,-1.1830753954386442,0.13380668548590818,-1.4453364989910242,-0.9208142918862641,9.42931005477327e-19,0.000721861291576434,1.6715595097098069e-18,dissociated,high pressure
1800,Nobility,Academia,Nobility + Academia,44547,22203,89,297.57579914956045,-1.7357196598146172,-2.031432817499839,-1.4653544599622017,0.14598925156512121,0.0004997501249375312,0.004008467324235464,-2.1270611476036745,0.10874162304327084,-2.3401947287684854,-1.9139275664388635,3.3452179273219e-85,0.000721861291576434,1.304634991655541e-84,dissociated,high pressure
1800,Nobility,Exploration & Invention,Nobility + Exploration & Invention,44547,22203,19,57.03120278328226,-1.5608705084467676,-2.2817717371927846,-1.026706611279713,0.32251218557807143,0.0004997501249375312,0.0008557402152862226,-1.472138392454687,0.22886957486257653,-1.9207227591853369,-1.023554025724037,1.2575739366627222e-10,0.000721861291576434,1.783468491994406e-10,dissociated,high pressure
1800,Nobility,Culture (core),Nobility + Culture (core),44547,22203,173,318.0086603065554,-0.8763969373435307,-1.0818155214312315,-0.6819385797178033,0.10212207268463903,0.0004997501249375312,0.007791739854974553,-1.6210193919292857,0.0802001923916941,-1.778211769017006,-1.4638270148415653,7.651947942848766e-91,0.000721861291576434,3.7303246221387737e-90,dissociated,high pressure
1800,Nobility,Culture (periphery),Nobility + Culture (periphery),44547,22203,64,150.63756984218384,-1.2284912651896913,-1.6083086293807023,-0.9221021298331147,0.17668264861581598,0.0004997501249375312,0.002882493356753592,-1.2549837104899466,0.1275903187281618,-1.5050607351971437,-1.0049066857827496,7.874827862950737e-23,0.000721861291576434,1.498137983683311e-22,dissociated,high pressure
1800,Nobility,Sport & Games,Nobility + Sport & Games,44547,22203,9,9.252736263497495,-0.03787953002901171,-1.168893803360739,0.7000326169948637,0.4959218641492838,0.9415292353823088,0.00040535062829347385,-0.47537637455764875,0.32986230115823334,-1.121906484827786,0.17115373571248854,0.14954631850636618,0.9537568877898713,0.16663732633566516,not distinguishable,high pressure
1800,Kinship,Big business,Kinship + Big business,44547,22203,76,64.33942050863214,0.23858855073543897,-0.09761773191451893,0.5236614045854978,0.15697160147620665,0.12243878060969515,0.0034229608611448903,-0.1973457722901429,0.11915114755204781,-0.4308820214921566,0.0361904769118708,0.0976683402590663,0.13840905634139453,0.11370344089861449,not distinguishable,high pressure
1800,Kinship,Small business,Kinship + Small business,44547,22203,29,108.00532329061535,-1.8789789636962844,-2.48297241418226,-1.4435512718282626,0.26433354579831514,0.0004997501249375312,0.0013061298022789714,-1.5571534201194874,0.18680140537628057,-1.9232841746569973,-1.1910226655819776,7.692626919915914e-17,0.000721861291576434,1.3333886661187583e-16,dissociated,high pressure
1800,Kinship,Academia,Kinship + Academia,44547,22203,257,229.39094677160728,0.16362277922314014,0.009375795408654238,0.3127336839814288,0.07887564203533162,0.04047976011994003,0.011575012385713642,-0.5667682514531217,0.06967832853677036,-0.7033377753851916,-0.4301987275210518,4.151200410971518e-16,0.048575712143928036,6.889226213952733e-16,associated,high pressure
1800,Kinship,Exploration & Invention,Kinship + Exploration & Invention,44547,22203,16,43.963392316743665,-1.4301519979343558,-2.216288396310649,-0.8603507073623997,0.348310176624674,0.0004997501249375312,0.000720623339188398,-1.3118130763339593,0.24879019582647643,-1.799441860153853,-0.8241842925140654,1.343811204202668e-07,0.000721861291576434,1.807194378065657e-07,dissociated,high pressure
1800,Kinship,Culture (core),Kinship + Culture (core),44547,22203,340,245.1419365343875,0.47109791641600907,0.3353569413534413,0.5928632460043536,0.06590221558417689,0.0004997501249375312,0.015313245957753456,-0.4161538494683703,0.06296882050479247,-0.5395727376577635,-0.2927349612789771,3.872188799659278e-11,0.000721861291576434,5.698692950441956e-11,associated,high pressure
1800,Kinship,Culture (periphery),Kinship + Culture (periphery),44547,22203,85,116.12132056513613,-0.4478352392570102,-0.7534896391848789,-0.16840880389604101,0.14860720320414303,0.005497251374312844,0.003828311489438364,-0.6112553157973623,0.11264416202742414,-0.8320378733711136,-0.39047275822361094,5.74933418058275e-08,0.0071464267866066964,7.867509931323764e-08,dissociated,high pressure
1800,Kinship,Sport & Games,Kinship + Sport & Games,44547,22203,10,7.132616085641148,0.4601397960073391,-0.6384203188479856,1.1209490121669203,0.4544485217376985,0.2773613193403298,0.0004503895869927487,-0.042665810634242074,0.3146188466419305,-0.6593187500524258,0.5739871287839418,0.8921287230555864,0.304706801528813,0.9037148103679966,not distinguishable,high pressure
1800,Big business,Small business,Big business + Small business,44547,22203,572,172.05813267160153,1.730193223559614,1.6368524689959554,1.82191935445727,0.04773472775523748,0.0004997501249375312,0.02576228437598523,1.0380219940840203,0.050043462558020044,0.939936807470301,1.1361071806977396,1.4355167787545434e-95,0.000721861291576434,7.464687249523625e-95,associated,high pressure
1800,Big business,Academia,Big business + Academia,44547,22203,169,365.4317838306303,-1.1102894562901842,-1.3295664517640067,-0.9213984955688302,0.10502698220055473,0.0004997501249375312,0.007611584020177454,-1.8789714710835794,0.07991833729150072,-2.0356114121749207,-1.722331529992238,3.137378721870182e-122,0.000721861291576434,1.8824272331221092e-121,dissociated,high pressure
1800,Big business,Exploration & Invention,Big business + Exploration & Invention,44547,22203,217,70.0359848706199,1.624584040471702,1.454331153752618,1.7862366172669062,0.08581185850522892,0.0004997501249375312,0.009773454037742647,0.7244813361980058,0.07501249023674489,0.5774568553339858,0.8715058170620258,4.540202929355378e-22,0.000721861291576434,8.431805440231415e-22,associated,high pressure
1800,Big business,Culture (core),Big business + Culture (core),44547,22203,163,390.5239348815679,-1.2579662830064413,-1.4813857164320867,-1.056139676415103,0.10832968700489322,0.0004997501249375312,0.007341350267981804,-2.1316202431352926,0.08120185349010954,-2.2907758759759074,-1.972464610294678,6.983878514992539e-152,0.000721861291576434,6.809281552117725e-151,dissociated,high pressure
1800,Big business,Culture (periphery),Big business + Culture (periphery),44547,22203,64,184.9873410964902,-1.5239496653458224,-1.9026189266648976,-1.2090717715481056,0.17584826326501368,0.0004997501249375312,0.002882493356753592,-1.6734397883331655,0.1269146980113539,-1.9221925964354192,-1.424686980230912,1.062794947063806e-39,0.000721861291576434,2.590562683468027e-39,dissociated,high pressure
1800,Big business,Sport & Games,Big business + Sport & Games,44547,22203,11,11.362630723827277,-0.04479012437626595,-1.0918479464766178,0.653857802482659,0.4401204222588276,0.9115442278860569,0.0004954285456920236,-0.6842741840423152,0.3005943964685857,-1.2734392011207432,-0.09510916696388727,0.022821860876029353,0.9355322338830584,0.027814142942660772,not distinguishable,high pressure
1800,Small business,Academia,Small business + Academia,44547,22203,606,613.4431681428987,-0.01759746817607776,-0.12116125970664707,0.07293113769613711,0.04960763412414409,0.7186406796601699,0.027293608971760572,-0.8092162402212871,0.045462744142281505,-0.8983232187401589,-0.7201092617024154,7.124310966496891e-71,0.751544227886057,2.646172644698845e-70,not distinguishable,high pressure
1800,Small business,Exploration & Invention,Small business + Exploration & Invention,44547,22203,195,117.56803415587315,0.7275501864648753,0.5288803060282811,0.9023662127877007,0.09354173330456639,0.0004997501249375312,0.008782596946358601,0.22320394038581448,0.07761556305976704,0.0710774367886711,0.3753304439829579,0.004030526112404764,0.000721861291576434,0.00499017518678685,associated,high pressure
1800,Small business,Culture (core),Small business + Culture (core),44547,22203,619,655.5648699687625,-0.0827341894214407,-0.18023032512255233,0.009435903738672568,0.04891375945568739,0.0879560219890055,0.027879115434851148,-1.0030898342989119,0.04498822204820343,-1.0912667495133905,-0.9149129190844332,3.9758739825981293e-110,0.10089073110503571,2.215129790304672e-109,not distinguishable,high pressure
1800,Small business,Culture (periphery),Small business + Culture (periphery),44547,22203,310,310.5346212609606,-0.002481907220547682,-0.15127271158370997,0.13325724050605245,0.07450765790803264,0.9700149925037481,0.01396207719677521,-0.3350701465793655,0.061269444822760165,-0.45515825843197544,-0.2149820347267556,4.531007189787445e-08,0.9700149925037481,6.311045728632513e-08,not distinguishable,high pressure
1800,Small business,Sport & Games,Small business + Sport & Games,44547,22203,22,19.07422533583734,0.2009697884986927,-0.4500001347828345,0.6781356819894173,0.2926107916685073,0.4782608695652174,0.0009908570913840472,-0.32847237917097755,0.21875345020177428,-0.7572291415664552,0.1002843832245,0.133209659713115,0.5181159420289856,0.15058483271917347,not distinguishable,high pressure
1800,Academia,Exploration & Invention,Academia + Exploration & Invention,44547,22203,494,249.7010503132836,0.9828826752113282,0.8794022234491449,1.0821590898280855,0.05109584376531671,0.0004997501249375312,0.022249245597441788,-0.021707634380782166,0.05382349083552353,-0.12720167641840827,0.08378640765684395,0.6867190614916245,0.000721861291576434,0.7141878239512895,associated,high pressure
1800,Academia,Culture (core),Academia + Culture (core),44547,22203,2290,1392.3447623753073,0.7176280895768048,0.6751130992548214,0.7610691849285875,0.021892525392874965,0.0004997501249375312,0.10313921542133946,-0.9502443758773567,0.025868593849650668,-1.0009468198226719,-0.8995419319320413,2.1314997083736014e-295,0.000721861291576434,4.156424431328522e-294,associated,high pressure
1800,Academia,Culture (periphery),Academia + Culture (periphery),44547,22203,499,659.5399986419354,-0.4020687768985954,-0.523542152946666,-0.2941370794914122,0.05908841600475256,0.0004997501249375312,0.022474440390938162,-1.2460794717155939,0.04862697757347502,-1.341388347759605,-1.1507705956715828,7.978077993274532e-145,0.000721861291576434,5.657182577049214e-144,dissociated,high pressure
1800,Academia,Sport & Games,Academia + Sport & Games,44547,22203,37,40.51147179986167,-0.12913692372742566,-0.6326301960396307,0.24107814229481492,0.2200126621054237,0.5482258870564718,0.0016664414718731704,-1.1401463355517534,0.17338808693107235,-1.4799869859366552,-0.8003056851668515,4.842800955275269e-11,0.585775605348011,6.99515693539761e-11,not distinguishable,high pressure
1800,Exploration & Invention,Culture (core),Exploration & Invention + Culture (core),44547,22203,134,266.84662097591274,-0.9911052696845707,-1.2305745397659777,-0.7785587537552651,0.11668965145706786,0.0004997501249375312,0.006035220465702833,-1.8176608124868776,0.09020062337166154,-1.9944540342953343,-1.640867590678421,2.620808533972614e-90,0.000721861291576434,1.2024886214697878e-89,dissociated,high pressure
1800,Exploration & Invention,Culture (periphery),Exploration & Invention + Culture (periphery),44547,22203,68,126.4026157830432,-0.8895459138839233,-1.2558139940738036,-0.5806553575728992,0.17081681443233465,0.0004997501249375312,0.0030626491915506913,-1.111999153098545,0.12416581184807433,-1.3553641443207707,-0.8686341618763193,3.374046770215779e-19,0.000721861291576434,6.120363908763506e-19,dissociated,high pressure
1800,Exploration & Invention,Sport & Games,Exploration & Invention + Sport & Games,44547,22203,13,7.764132600399821,0.7080240993152292,-0.2510161666197728,1.3482607729983618,0.4040310867624627,0.06696651674162919,0.0005855064630905733,-0.03260990421190319,0.2787421688093541,-0.5789445550782373,0.5137247466544308,0.9068683819356259,0.07796101949025488,0.906868381935626,not distinguishable,high pressure
1800,Culture (core),Culture (periphery),Culture (core) + Culture (periphery),44547,22203,1901,704.8269112815017,1.430773948019162,1.3850678208495486,1.4745768937372046,0.022893311790659586,0.0004997501249375312,0.08561906048732153,0.4447563341115155,0.031787809094624475,0.3824522282860515,0.5070604399369795,1.7588483993948617e-44,0.000721861291576434,4.730695694924111e-44,associated,high pressure
1800,Culture (core),Sport & Games,Culture (core) + Sport & Games,44547,22203,81,43.293167357490184,0.8960942623119251,0.6246787783595023,1.1342156411851387,0.13051114399534064,0.0004997501249375312,0.0036481556546412645,-0.4103333922023282,0.12732866017967873,-0.6598975661544985,-0.16076921825015789,0.0012701870420697482,0.000721861291576434,0.0015979772464748446,associated,high pressure
1800,Culture (periphery),Sport & Games,Culture (periphery) + Sport & Games,44547,22203,11,20.50754691779961,-0.8692738450513338,-1.846296392813135,-0.21443054243005738,0.4318098427583369,0.04597701149425287,0.0004954285456920236,-1.208339413563591,0.30037359828779303,-1.7970716662076653,-0.6196071609195166,5.751317444256212e-05,0.05433646812957158,7.354143617245648e-05,not distinguishable,high pressure
1350,Politics,Administration & Law,Politics + Administration & Law,472,298,12,5.774709348239029,0.9943075564588472,0.21742097654300338,1.5326043762844188,0.345900574479989,0.010994502748625687,0.040268456375838924,-0.27946351851789863,0.34162834886477716,-0.9490550822928618,0.39012804525706457,0.41333791740031656,0.05044536555251786,0.6216797516115968,not distinguishable,low pressure
1350,Politics,Military,Politics + Military,472,298,11,5.511606700210272,0.9358113297396647,0.06499847302882078,1.496747129498654,0.3605514097707221,0.018490754622688656,0.03691275167785235,-0.5069832457029175,0.34758504392498424,-1.1882499317958866,0.1742834403900516,0.14467864007702125,0.07406296851574214,0.330180996283148,not distinguishable,low pressure
1350,Politics,Religion,Politics + Religion,472,298,2,4.732707948276927,-1.0656296455614527,-3.509253114170869,0.08893614602140233,0.9619147999739768,0.18440779610194902,0.006711409395973154,-2.6192562984869987,0.6525012484047451,-3.8981587453602993,-1.3403538516136984,5.965326273000948e-05,0.25685371599914325,0.0007250697464584966,not distinguishable,low pressure
1350,Politics,Nobility,Politics + Nobility,472,298,32,35.47013861753375,-0.146360001033151,-0.503940423445475,0.1459138392797069,0.16113317931384286,0.3523238380809595,0.10738255033557047,-1.491207644411302,0.2291742482979167,-1.9403891710752188,-1.0420261177473853,7.673141557562842e-11,0.46578405712398036,2.9925252074495083e-09,not distinguishable,low pressure
1350,Politics,Kinship,Politics + Kinship,472,298,12,19.784069686902694,-0.698419041086944,-1.5469824819813256,-0.14439206406425303,0.3580352400553794,0.04897551224387806,0.040268456375838924,-1.7766578316820127,0.31737735960809005,-2.3987174565138694,-1.1545982068501561,2.1692003819190313e-08,0.11235558691242614,4.229940744742111e-07,not distinguishable,low pressure
1350,Politics,Big business,Politics + Big business,472,298,3,0.4620600870804815,1.8631560141909442,-0.2645755039687305,2.4492490080967797,0.6074401581612886,0.051974012993503245,0.010067114093959731,1.255007638349192,0.8343826814119701,-0.3803824172182695,2.890397693916653,0.13255171811553174,0.11261036148592368,0.32309481290660863,not distinguishable,low pressure
1350,Politics,Small business,Politics + Small business,472,298,7,2.239619607866919,1.4529150045911674,0.41465964443223935,2.0850728920111155,0.4437816608069245,0.009995002498750625,0.02348993288590604,0.3277315678992438,0.46714088371454576,-0.5878645641812659,1.2433276999797536,0.48294798287996143,0.05044536555251786,0.666790917659437,not distinguishable,low pressure
1350,Politics,Academia,Politics + Academia,472,298,0,1.5197993366098497,-2.0142119709682405,-2.595972242039587,-1.309817918580431,0.32180917429222783,0.0004997501249375312,0.0,-2.763620052257021,1.4368436862809721,-5.579833677367726,0.05259357285368438,0.05443027923429164,0.003543682704102494,0.22345062001446045,dissociated,low pressure
1350,Politics,Exploration & Invention,Politics + Exploration & Invention,472,298,0,0.5783324033569429,-1.108801967286823,-1.7678588884154178,-0.30188776483814056,0.3653584682807113,0.008995502248875561,0.0,-1.5105920777974677,1.4805947387438854,-4.412557765735483,1.3913736101405474,0.3076050116791649,0.050117798243735266,0.510493423637763,not distinguishable,low pressure
1350,Politics,Culture (core),Politics + Culture (core),472,298,0,2.1188031130530196,-2.388907599016725,-2.9360866011853592,-1.7769969350022254,0.2968371594828444,0.0004997501249375312,0.0,-3.5903582421063516,1.4268860527596536,-6.3870549055152726,-0.7936615786974306,0.011862134392008996,0.003543682704102494,0.06648562832516976,dissociated,low pressure
1350,Politics,Culture (periphery),Politics + Culture (periphery),472,298,0,0.4620600870804815,-0.94419890786666,-1.5901021579914565,-0.25717594725989723,0.3543443990267388,0.020989505247376312,0.0,-1.3069093318653249,1.4941739351043513,-4.235490244669854,1.6216715809392037,0.3817534092292336,0.07796101949025487,0.5955353183976044,not distinguishable,low pressure
1350,Politics,Sport & Games,Politics + Sport & Games,472,298,0,0.3460930653911752,-0.7588882653773269,-1.375930200156397,0.0,0.3432396197628581,0.054972513743128434,0.0,-1.0525918983246494,1.5152685550059823,-4.022518266136375,1.9173344694870758,0.48727028598189626,0.11588800194497345,0.666790917659437,not distinguishable,low pressure
1350,Administration & Law,Military,Administration & Law + Military,472,298,2,3.1029933258196203,-0.5272678844333071,-2.9203523556220388,0.5871116588828397,0.9520461065577298,0.5422288855572214,0.006711409395973154,-1.0559228799730591,0.6645354115420099,-2.3584122865953985,0.24656652664928025,0.11206850889687836,0.5874146260203231,0.2994825934515702,not distinguishable,low pressure
1350,Administration & Law,Religion,Administration & Law + Religion,472,298,10,2.6644791574109425,1.7303493572025221,0.8438641107041305,2.286527770839252,0.3655494715147053,0.0004997501249375312,0.03355704697986577,0.4133005064888486,0.3723300392514764,-0.3164663704440452,1.1430673834217424,0.2669826353706094,0.003543682704102494,0.49582489425970316,associated,low pressure
1350,Administration & Law,Nobility,Administration & Law + Nobility,472,298,12,19.96942259902271,-0.7115423125411209,-1.504929401500031,-0.15555242378471884,0.3412856162372442,0.0399800099950025,0.040268456375838924,-1.1932325247415358,0.338820663387001,-1.8573210249800578,-0.5291440245030139,0.00042875188216958136,0.10059486385839339,0.004133199911328139,not distinguishable,low pressure
1350,Administration & Law,Kinship,Administration & Law + Kinship,472,298,4,11.138283178599671,-1.3708813482206614,-3.1144836835759455,-0.4892804838374211,0.7173502209605245,0.06296851574212893,0.013422818791946308,-1.5860587061564715,0.504213937740078,-2.5743180241270247,-0.5977993881859185,0.0016574276389241865,0.12278860569715142,0.012927935583608654,not distinguishable,low pressure
1350,Administration & Law,Big business,Administration & Law + Big business,472,298,0,0.2601363711753357,-0.6043301715230867,-1.112842069329551,-0.1329816556766488,0.256569700377113,0.03498250874562719,0.0,-0.30759061886116357,1.4844650948845146,-3.217142204834812,2.6019609671124853,0.8358486952769718,0.09543504110013959,0.9055027532167195,not distinguishable,low pressure
1350,Administration & Law,Small business,Administration & Law + Small business,472,298,1,1.2608890789178906,-0.23134153375455133,-2.122391319743459,1.120916087747268,0.9932814621828062,0.7706146926536732,0.003355704697986577,-0.4892275968842328,0.8603692057462466,-2.175551240146876,1.1970960463784106,0.5696105311407962,0.8122695409052231,0.7267511969561027,not distinguishable,low pressure
1350,Administration & Law,Academia,Administration & Law + Academia,472,298,4,0.8556356530130378,1.7309555163470185,0.09178866710206116,2.502957405466754,0.6596606100788516,0.0239880059970015,0.013422818791946308,0.9792399689900672,0.5609762550880476,-0.12027349098250617,2.0787534289626404,0.0808805386431649,0.08135062903330943,0.2994825934515702,not distinguishable,low pressure
1350,Administration & Law,Exploration & Invention,Administration & Law + Exploration & Invention,472,298,1,0.32559681510898636,0.861453190297126,-0.9475093929345454,2.082915094435253,0.9466600171652201,0.4622688655672164,0.003355704697986577,1.0136989193414863,0.9545082915657396,-0.8571373321273632,2.8845351708103357,0.28823039942591877,0.5225648045542447,0.510493423637763,not distinguishable,low pressure
1350,Administration & Law,Culture (core),Administration & Law + Culture (core),472,298,1,1.1928702964742617,-0.1745089410288654,-2.0641120723442805,1.1367460713987645,0.98684704040621,0.8115942028985508,0.003355704697986577,-1.2178268486595774,0.84560643018387,-2.8752154518199626,0.4395617545008079,0.14981601847315323,0.8221343873517787,0.330180996283148,not distinguishable,low pressure
1350,Administration & Law,Culture (periphery),Administration & Law + Culture (periphery),472,298,0,0.2601363711753357,-0.6043301715230867,-1.1003641018456887,-0.142821019379977,0.25594318249550774,0.030484757621189407,0.0,-0.10452184071499968,1.4980103162299037,-3.0406220605256107,2.8315783790956117,0.9443737176424738,0.09528569048808928,0.9785196080276306,not distinguishable,low pressure
1350,Administration & Law,Sport & Games,Administration & Law + Sport & Games,472,298,0,0.1948478058095653,-0.4747689205768566,-0.9365419171427352,0.0,0.23758098387405555,0.06946526736631684,0.0,0.1491849332045262,1.5190527468468284,-2.8281584506152577,3.12652831702431,0.9217661886452821,0.13215343547738323,0.9715913880315136,not distinguishable,low pressure
1350,Military,Religion,Military + Religion,472,298,1,2.5430823078628304,-1.0205708549978119,-2.9057716018427104,0.2866216780638026,0.9860154070085029,0.4122938530734633,0.003355704697986577,-1.980424115931202,0.8380174342981304,-3.622938287155537,-0.3379099447068665,0.018116645423533015,0.4872563718140929,0.08831864643972345,not distinguishable,low pressure
1350,Military,Nobility,Military + Nobility,472,298,21,19.05959187879601,0.1364603918037191,-0.30517607785086914,0.5000904014956576,0.20778753387960677,0.49825087456271866,0.07046979865771812,-0.4489818028184518,0.2916639891264723,-1.0206432215063375,0.12267961586943388,0.1237114774082903,0.5473742002238318,0.31127403993053687,not distinguishable,low pressure
1350,Military,Kinship,Military + Kinship,472,298,7,10.63080970728507,-0.5695960441774917,-1.8183088766599278,0.1038415258710568,0.5080183170377547,0.19890054972513743,0.02348993288590604,-1.0768111439265158,0.4063163621526601,-1.8731912137457294,-0.28043107410730206,0.008044910372660702,0.2721796996238723,0.05229191742229456,not distinguishable,low pressure
1350,Military,Big business,Military + Big business,472,298,0,0.24828424772159105,-0.5816583100921445,-1.0837771597363917,-0.12699733233247132,0.24799369403858487,0.03548225887056472,0.0,-0.39204208777602373,1.4840014967177229,-3.3006850213427605,2.516600845790713,0.7916419627203299,0.09543504110013959,0.8696911703124751,not distinguishable,low pressure
1350,Military,Small business,Military + Small business,472,298,1,1.203441468046358,-0.18348987511931275,-2.062020608859149,1.1340785552894963,0.9801366957502184,0.7891054472763618,0.003355704697986577,-0.5754425609004654,0.8595386856276518,-2.260138384730663,1.109253262929732,0.503190371997863,0.8206696651674162,0.6767042933764364,not distinguishable,low pressure
1350,Military,Academia,Military + Academia,472,298,1,0.8166518717558574,0.18808855929007273,-1.7047455880773055,1.4893701476478494,0.9928124053227876,0.8075962018990505,0.003355704697986577,-0.4622227079820885,0.8629339641966285,-2.1535732778074803,1.2291278618433035,0.5922067699418812,0.8221343873517787,0.7267511969561027,not distinguishable,low pressure
1350,Military,Exploration & Invention,Military + Exploration & Invention,472,298,1,0.3107622357251725,0.8876117041407265,-0.9511088700012186,2.061161447813892,0.9437030414802965,0.46026986506746626,0.003355704697986577,0.9278445241264379,0.9537588229881339,-0.9415227689303045,2.7972118171831806,0.3306381499316544,0.5225648045542447,0.5372869936389384,not distinguishable,low pressure
1350,Military,Culture (core),Military + Culture (core),472,298,0,1.1385217024878072,-1.7123947817388845,-2.234726931717563,-1.1596430062472527,0.27151194854122407,0.0004997501249375312,0.0,-2.449614800341907,1.4303763426595968,-5.2531524319547165,0.3539228312709026,0.08679229583262495,0.003543682704102494,0.2994825934515702,dissociated,low pressure
1350,Military,Culture (periphery),Military + Culture (periphery),472,298,0,0.24828424772159105,-0.5816583100921445,-1.0745828936030917,-0.1365796444126885,0.24896833282293943,0.031984007996002,0.0,-0.1889500836248622,1.4975508739024028,-3.1241497964735716,2.746249629223847,0.8995951963175874,0.09528569048808928,0.9612113056544085,not distinguishable,low pressure
1350,Military,Sport & Games,Military + Sport & Games,472,298,0,0.18597030729325942,-0.45621803479370227,-0.9067692052544734,0.0,0.228625338502514,0.07146426786606697,0.0,0.06477980476764755,1.518599634191819,-2.911675478248318,3.0412350877836127,0.9659744848477892,0.13271935460841008,0.9785196080276306,not distinguishable,low pressure
1350,Religion,Nobility,Religion + Nobility,472,298,7,16.366095565609008,-1.1691635333618786,-2.4144710658051745,-0.48901611388297533,0.5068569061842867,0.03248375812093953,0.02348993288590604,-2.3252844072207357,0.39886835456887415,-3.107066382175729,-1.5435024322657425,5.552580851319279e-09,0.09528569048808928,1.4436710213430127e-07,not distinguishable,low pressure
1350,Religion,Kinship,Religion + Kinship,472,298,4,9.128466586044338,-1.097381053650339,-2.8115713579221535,-0.19228032063802322,0.7182810901476085,0.1024487756121939,0.013422818791946308,-1.9906576383767867,0.4984586522977117,-2.9676365968803013,-1.0136786798732718,6.507036186165995e-05,0.1737174890815462,0.0007250697464584966,not distinguishable,low pressure
1350,Religion,Big business,Religion + Big business,472,298,0,0.21319678571751174,-0.5123721060566793,-0.9745588167001945,-0.10109227931820979,0.22667150059694655,0.03948025987006497,0.0,-0.668313048522207,1.4827401330819039,-3.5744837093627386,2.2378576123183245,0.6521853301059084,0.10059486385839339,0.7592605335561321,not distinguishable,low pressure
1350,Religion,Small business,Religion + Small business,472,298,0,1.033371448817595,-1.6167072224071988,-2.1113153618989,-1.0861765380795017,0.2664406321227043,0.0004997501249375312,0.0,-2.02245612325594,1.4372123239288501,-4.839392278156486,0.7944800316446061,0.15936583493344558,0.003543682704102494,0.33596040877861505,dissociated,low pressure
1350,Religion,Academia,Religion + Academia,472,298,5,0.7012428525218832,2.1949037717480833,0.7397300578473375,2.846963263572397,0.5670819159582265,0.010494752623688156,0.016778523489932886,0.8848721294636381,0.5231890915909548,-0.1405784900546334,1.9103227489819097,0.09077863749515656,0.05044536555251786,0.2994825934515702,not distinguishable,low pressure
1350,Religion,Exploration & Invention,Religion + Exploration & Invention,472,298,0,0.2668454015386696,-0.6170076602663914,-1.1134026398556767,-0.14965484481335686,0.24020693191185774,0.014492753623188406,0.0,-0.668313048522207,1.4827401330819039,-3.5744837093627386,2.2378576123183245,0.6521853301059084,0.06280193236714976,0.7592605335561321,not distinguishable,low pressure
1350,Religion,Culture (core),Religion + Culture (core),472,298,9,0.977626126777924,2.6846462326442544,1.8447463161533524,3.1984086154579976,0.34121727973267724,0.0004997501249375312,0.030201342281879196,0.6347649780002712,0.3962256547734558,-0.14183730535570216,1.4113672613562445,0.10914920321226841,0.003543682704102494,0.2994825934515702,associated,low pressure
1350,Religion,Culture (periphery),Religion + Culture (periphery),472,298,0,0.21319678571751174,-0.5123721060566793,-0.9679838808880704,-0.12056965994793338,0.22465023646127769,0.03298350824587706,0.0,-0.4651297889241726,1.4963007818195928,-3.3978793212905747,2.467619743442229,0.7559122733990662,0.09528569048808928,0.8545095264511182,not distinguishable,low pressure
1350,Religion,Sport & Games,Religion + Sport & Games,472,298,1,0.159689034313122,1.185104471706401,-0.549756254306698,2.3659937207225106,0.9265754435566939,0.392303848075962,0.003355704697986577,1.2405613901716768,1.0409380552062997,-0.7996771980326707,3.280799978376024,0.23335044571521024,0.4731634182908545,0.44393499428747313,not distinguishable,low pressure
1350,Nobility,Kinship,Nobility + Kinship,472,298,102,68.41494947737093,0.5727350289829608,0.4275101223135128,0.7461478102971589,0.07993761532542282,0.0004997501249375312,0.3422818791946309,1.5775099966476902,0.22504184713015163,1.136427976272593,2.0185920170227876,2.3857069588797057e-12,0.003543682704102494,1.8608514279261705e-10,associated,low pressure
1350,Nobility,Big business,Nobility + Big business,472,298,1,1.5978420018429365,-0.4839435252678208,-2.52234952731226,0.7376251995655912,0.9081730953583477,0.6036981509245377,0.003355704697986577,-1.0344877604985712,0.9473355723691045,-2.891265482342016,0.8222899613448735,0.27483434673958196,0.6450473393440266,0.4985367219927301,not distinguishable,low pressure
1350,Nobility,Small business,Nobility + Small business,472,298,6,7.744789861015322,-0.3430430053173403,-1.6000697396341912,0.3847844895172668,0.5361756327318773,0.43928035982008995,0.020134228187919462,-0.7581891884838388,0.4812961647482859,-1.701529671390479,0.18515129442280165,0.11518561286598854,0.5114010159099555,0.2994825934515702,not distinguishable,low pressure
1350,Nobility,Academia,Nobility + Academia,472,298,0,5.255591820864786,-3.524964281637817,-4.103896687358028,-2.652682197492538,0.3656996966088163,0.0004997501249375312,0.0,-3.6109179126442243,1.4362608616979238,-6.425989201572155,-0.7958466237162938,0.011933317904517649,0.003543682704102494,0.06648562832516976,dissociated,low pressure
1350,Nobility,Exploration & Invention,Nobility + Exploration & Invention,472,298,0,1.9999212893485376,-2.3218826719856933,-3.166427732299468,-0.8583864952875826,0.5684599429692906,0.0079960019990005,0.0,-2.34232542164356,1.4799904696895145,-5.243106742235009,0.5584558989478885,0.11349840908719337,0.047976011994003,0.2994825934515702,dissociated,low pressure
1350,Nobility,Culture (core),Nobility + Culture (core),472,298,3,7.326996428241583,-1.161103864462033,-3.7960244678909487,-0.21422936741651777,0.8269264618647302,0.11344327836081959,0.010067114093959731,-2.413701259913194,0.5677492040174126,-3.526489699787323,-1.3009128200390656,2.124846628666792e-05,0.18434532733633183,0.0003314760740720195,not distinguishable,low pressure
1350,Nobility,Culture (periphery),Nobility + Culture (periphery),472,298,0,1.5978420018429365,-2.0689060259889773,-2.9565358969160314,-0.7911677453232837,0.597396897322744,0.01899050474762619,0.0,-2.137505342634597,1.4935724332509988,-5.064907311806555,0.7898966265373604,0.15239122905376062,0.07406296851574214,0.330180996283148,not distinguishable,low pressure
1350,Nobility,Sport & Games,Nobility + Sport & Games,472,298,2,1.1968184482730964,0.5590958834469071,-1.347307273450903,1.1371552838523273,0.6158256031749259,0.2448775612193903,0.006711409395973154,0.5917207737381843,1.0369142857619487,-1.4406312263552352,2.6240727738316036,0.5682332326528048,0.32931809957090424,0.7267511969561027,not distinguishable,low pressure
1350,Kinship,Big business,Kinship + Big business,472,298,0,0.89122339932143,-1.4763541029965663,-2.289225319134086,-0.47103506521844213,0.4892849045155787,0.0239880059970015,0.0,-1.5209125306132556,1.4805798282088942,-4.422848993902688,1.381023932676177,0.3043069242105886,0.08135062903330943,0.510493423637763,not distinguishable,low pressure
1350,Kinship,Small business,Kinship + Small business,472,298,3,4.319787525301705,-0.46161462627520755,-3.0424273276496443,0.5304005535855898,0.8057845035270939,0.47976011994003,0.010067114093959731,-0.7473796364637761,0.5945013074169752,-1.9126021990010473,0.41784292607349505,0.20869791315627284,0.5345898479331762,0.40696093065473204,not distinguishable,low pressure
1350,Kinship,Academia,Kinship + Academia,472,298,0,2.9313952209509093,-2.7787953020740606,-3.343962728045226,-1.9741581634431555,0.3521782402251002,0.0004997501249375312,0.0,-2.7740640114181043,1.43682858672355,-5.590248041396262,0.04212001856005365,0.053521966359157805,0.003543682704102494,0.22345062001446045,dissociated,low pressure
1350,Kinship,Exploration & Invention,Kinship + Exploration & Invention,472,298,0,1.1154899219151355,-1.6919717505114118,-2.4646218644019733,-0.5330663560736274,0.48235985144389665,0.0079960019990005,0.0,-1.5209125306132556,1.4805798282088942,-4.422848993902688,1.381023932676177,0.3043069242105886,0.047976011994003,0.510493423637763,dissociated,low pressure
1350,Kinship,Culture (core),Kinship + Culture (core),472,298,1,4.086756172426189,-1.6125117164477365,-3.555323677639715,-0.24044145483169047,1.0087622679993076,0.1424287856071964,0.003355704697986577,-2.466103522824904,0.8386465551735814,-4.1098507709651235,-0.8223562746846846,0.0032760314110888925,0.21364317841079464,0.023230040914993966,not distinguishable,low pressure
1350,Kinship,Culture (periphery),Kinship + Culture (periphery),472,298,1,0.89122339932143,0.10860839772458994,-1.8446263761448254,1.2953972609250342,0.8909105613672604,0.9000499750124937,0.003355704697986577,0.04301738508369086,0.9811801457958432,-1.8800957006761618,1.9661304708435434,0.9650299539695156,0.9000499750124938,0.9785196080276306,not distinguishable,low pressure
1350,Kinship,Sport & Games,Kinship + Sport & Games,472,298,0,0.6675457301850268,-1.22347905821682,-2.017599314528016,0.0,0.48769485196120566,0.04697651174412794,0.0,-1.0628942060660305,1.51525394960185,-4.032791947285657,1.9070035351535957,0.48301427191263724,0.11103539139521149,0.666790917659437,not distinguishable,low pressure
1350,Big business,Small business,Big business + Small business,472,298,0,0.10088932316243619,-0.26517119283987806,-0.5622476594723612,-0.04282938795046323,0.1311919332160199,0.05897051474262868,0.0,0.6853563787721769,1.4942668123513176,-2.2434065734364057,3.6141193309807593,0.646480283265261,0.1199400299850075,0.7592605335561321,not distinguishable,low pressure
1350,Big business,Academia,Big business + Academia,472,298,0,0.06846320056972748,-0.1851388644783136,-0.4286666810667429,-0.024339624240373052,0.10096924729354348,0.0734632683658171,0.0,0.7924698490290253,1.4960270485445095,-2.139743166118213,3.724682864176264,0.5963086744255202,0.13325895191938916,0.7267511969561027,not distinguishable,low pressure
1350,Big business,Exploration & Invention,Big business + Exploration & Invention,472,298,0,0.02605244414392272,-0.07327853948720324,-0.20043813817351375,0.0,0.05024458987935755,0.1184407796101949,0.0,2.034003191915684,1.5381152511429452,-0.9807027003244886,5.048709084155856,0.18603507892681848,0.18710644677661167,0.37207015785363695,not distinguishable,low pressure
1350,Big business,Culture (core),Big business + Culture (core),472,298,0,0.09544683893617889,-0.2520446161798819,-0.528946855778226,-0.04124528140791704,0.12843234499031617,0.05997001499250375,0.0,-0.013905206667612262,1.4864280540279882,-2.927304192562469,2.8994937792272446,0.9925360747420745,0.1199400299850075,0.9925360747420745,not distinguishable,low pressure
1350,Big business,Culture (periphery),Big business + Culture (periphery),472,298,0,0.02081466391979193,-0.05884197432766029,-0.15682616342102365,0.0,0.04091006682282452,0.12543728135932034,0.0,2.236833715431265,1.551192412740448,-0.8035034135400125,5.2771708444025425,0.14929978093172172,0.19184525384366638,0.330180996283148,not distinguishable,low pressure
1350,Big business,Sport & Games,Big business + Sport & Games,472,298,0,0.015590636461601855,-0.04429796855410201,-0.13068115464540608,0.0,0.03423863216904633,0.16841579210394803,0.0,2.4903033169601545,1.5715232483364887,-0.5898822497793632,5.570488883699673,0.11304746899117987,0.24326725526125828,0.2994825934515702,not distinguishable,low pressure
1350,Small business,Academia,Small business + Academia,472,298,0,0.3318432617327106,-0.7343836223934233,-1.1382127425197095,-0.3622032374512289,0.20095795179446838,0.0004997501249375312,0.0,-0.5571468540831401,1.450908693829944,-3.4009278939898304,2.28663418582355,0.7009795122555456,0.003543682704102494,0.804064734646067,dissociated,low pressure
1350,Small business,Exploration & Invention,Small business + Exploration & Invention,472,298,1,0.12627700675523623,1.2600896830543595,-0.4631229451532889,2.477215675038024,0.9702345921050255,0.39430284857571213,0.003355704697986577,2.03688192726104,0.9707731941985768,0.13416646663182963,3.9395973878902506,0.035886971243878824,0.4731634182908545,0.1646578680601499,not distinguishable,low pressure
1350,Small business,Culture (core),Small business + Culture (core),472,298,0,0.46263379583605646,-0.9450589789755698,-1.3831797167669648,-0.5251974306498244,0.21585474736183102,0.0004997501249375312,0.0,-1.365215224147638,1.4410119094534546,-4.189598566676409,1.4591681183811327,0.3434347998501647,0.003543682704102494,0.5466921303737315,dissociated,low pressure
1350,Small business,Culture (periphery),Small business + Culture (periphery),472,298,0,0.10088932316243619,-0.26517119283987806,-0.545922882799873,-0.0494305919848127,0.13118228394984083,0.050974512743628186,0.0,0.8882592180182688,1.5077242335489165,-2.0668802797376076,3.8433987157741454,0.5557680017119538,0.11261036148592368,0.7267511969561027,not distinguishable,low pressure
1350,Small business,Sport & Games,Small business + Sport & Games,472,298,0,0.07556829965373439,-0.2030590406380972,-0.4621400094822817,0.0,0.11622772041234661,0.09945027486256872,0.0,1.141800818711999,1.5286332024471156,-1.8543202580843476,4.137921895508345,0.45509838361386445,0.17238047642845244,0.6573643318866931,not distinguishable,low pressure
1350,Academia,Exploration & Invention,Academia + Exploration & Invention,472,298,0,0.08569120864166387,-0.22821214454169186,-0.48363384777676827,-0.04775900052726269,0.11176481247979966,0.04547726136931534,0.0,0.7924698490290253,1.4960270485445095,-2.139743166118213,3.724682864176264,0.5963086744255202,0.11085082458770615,0.7267511969561027,not distinguishable,low pressure
1350,Academia,Culture (core),Academia + Culture (core),472,298,2,0.3139419451120982,1.6189302926858553,-0.6997568773039708,2.6962803144707697,0.8982807190896944,0.1199400299850075,0.006711409395973154,0.5228739622821652,0.6997627718402614,-0.848661070524747,1.8944089950890775,0.4549331677336116,0.18710644677661167,0.6573643318866931,not distinguishable,low pressure
1350,Academia,Culture (periphery),Academia + Culture (periphery),472,298,1,0.06846320056972748,1.3998236362428425,-0.2530650864268365,2.627783435110179,0.9801492711727389,0.38330834582708645,0.003355704697986577,2.403076631540368,1.0058522003495103,0.43160631885532785,4.374546944225408,0.01688992661275039,0.4731634182908545,0.08782761838630204,not distinguishable,low pressure
1350,Academia,Sport & Games,Academia + Sport & Games,472,298,0,0.051280427836522285,-0.1408582873063504,-0.33532721167879126,0.0,0.08665427661575181,0.11344327836081959,0.0,1.2488944917174476,1.5303539391893894,-1.7505992290937558,4.248388212528651,0.41445316774106455,0.18434532733633183,0.6216797516115968,not distinguishable,low pressure
1350,Exploration & Invention,Culture (core),Exploration & Invention + Culture (core),472,298,1,0.11946498149962181,1.2758678668258387,-0.42423419928669875,2.499355556587769,0.9570349984622152,0.3823088455772114,0.003355704697986577,1.3133512114624617,0.957700999044438,-0.5637427466646368,3.19044516958956,0.1702632907507653,0.4731634182908545,0.34948780733051826,not distinguishable,low pressure
1350,Exploration & Invention,Culture (periphery),Exploration & Invention + Culture (periphery),472,298,1,0.02605244414392272,1.511683961233953,-0.10426101410108463,2.7291218355488405,0.9984866738469319,0.3683158420789605,0.003355704697986577,3.7895863010904156,1.0847838619433716,1.6634099316814073,5.915762670499424,0.0004769076820763238,0.4731634182908545,0.004133199911328139,not distinguishable,low pressure
1350,Exploration & Invention,Sport & Games,Exploration & Invention + Sport & Games,472,298,0,0.019513847888645013,-0.055234110476979854,-0.151441744094908,0.0,0.040879372560057435,0.1489255372313843,0.0,2.4903033169601545,1.5715232483364887,-0.5898822497793632,5.570488883699673,0.11304746899117987,0.2191734321518486,0.2994825934515702,not distinguishable,low pressure
1350,Culture (core),Culture (periphery),Culture (core) + Culture (periphery),472,298,1,0.09544683893617889,1.3329178845412741,-0.33667057735082095,2.5646105769652614,0.9693360740053579,0.38630684657671166,0.003355704697986577,1.5669912221868434,0.9902918048366548,-0.3739807152929999,3.5079631596666867,0.1135690046021208,0.4731634182908545,0.2994825934515702,not distinguishable,low pressure
1350,Culture (core),Sport & Games,Culture (core) + Sport & Games,472,298,0,0.07149176047219626,-0.19280460353210593,-0.43510979221597923,0.0,0.10888220087231161,0.09645177411294353,0.0,0.44273650290539607,1.5209712757912783,-2.5383671976455093,3.4238402034563014,0.7709840092239674,0.17098269047294534,0.8590964674209922,not distinguishable,low pressure
1350,Culture (periphery),Sport & Games,Culture (periphery) + Sport & Games,472,298,0,0.015590636461601855,-0.04429796855410201,-0.1329202454276507,0.0,0.03591617762500357,0.175912043978011,0.0,2.6931245508855346,1.5843246938833737,-0.41215184912587777,5.798400950896947,0.08915793017216102,0.2494752623688156,0.2994825934515702,not distinguishable,low pressure
1400,Politics,Administration & Law,Politics + Administration & Law,584,385,12,7.719365313944699,0.6048291941374043,-0.22944171067503652,1.1689718522760046,0.35377307032161986,0.0879560219890055,0.03116883116883117,-0.33553502942983854,0.32871705729282824,-0.9798204617237818,0.30875040286410477,0.30737708953469045,0.18542080311195752,0.5336306466342811,not distinguishable,low pressure
1400,Politics,Military,Politics + Military,584,385,5,7.993421264694466,-0.6269141892473727,-2.230143636003035,0.25232629833968584,0.6198769758346748,0.2543728135932034,0.012987012987012988,-1.290187685853306,0.45643628252896223,-2.184802799610072,-0.39557257209653995,0.004703704291594575,0.45093362409704246,0.028222225749567453,not distinguishable,low pressure
1400,Politics,Religion,Politics + Religion,584,385,5,6.772155499682072,-0.40295143021013324,-2.127235014312024,0.45348295833127517,0.6457851144722302,0.4607696151924038,0.012987012987012988,-1.5442650340036352,0.4531429594920237,-2.4324252346080018,-0.6561048333992687,0.0006546533517107024,0.5982660843491298,0.004642087403039526,not distinguishable,low pressure
1400,Politics,Nobility,Politics + Nobility,584,385,50,39.81560345454495,0.32494507095536884,0.058671933116355705,0.5520060816841701,0.12521099906059419,0.01199400299850075,0.12987012987012986,-0.5542526210891607,0.20256497207484261,-0.9512799663558522,-0.1572252758224692,0.006215851193532866,0.03341186549582351,0.0323224262063709,associated,low pressure
1400,Politics,Kinship,Politics + Kinship,584,385,13,20.465894086432797,-0.635084947666541,-1.4730329346445517,-0.06526301829626292,0.3622119678808551,0.07146426786606697,0.033766233766233764,-1.28485258230246,0.30526344193622934,-1.8831689284974695,-0.6865362361074504,2.5650801746748462e-05,0.1592632255300921,0.000500190634061595,not distinguishable,low pressure
1400,Politics,Big business,Politics + Big business,584,385,5,1.3115959950303626,1.6021703635582631,0.19217591889460067,2.240608807926632,0.527267479243848,0.015492253873063468,0.012987012987012988,0.8338155704868696,0.556482712929239,-0.2568905468544388,1.924521687828178,0.13403781455463093,0.04166882076203277,0.29871284386460606,associated,low pressure
1400,Politics,Small business,Politics + Small business,584,385,4,3.906975541927599,0.030136111552100175,-1.695329273952059,0.9374406629559516,0.7189111337051606,0.9655172413793104,0.01038961038961039,-0.8038905727804114,0.5122017044794038,-1.8078059135600428,0.2000247679992201,0.11653602625505584,0.974512743628186,0.28879674126457056,not distinguishable,low pressure
1400,Politics,Academia,Politics + Academia,584,385,2,3.6542639715714955,-0.7326647963980991,-3.1168565552119785,0.4706397087062251,0.9598860073968403,0.3873063468265867,0.005194805194805195,-1.5002735431200351,0.661489869689432,-2.7967936877113218,-0.2037533985287483,0.023327868955520817,0.5923508833818385,0.07581557410544265,not distinguishable,low pressure
1400,Politics,Exploration & Invention,Politics + Exploration & Invention,584,385,2,0.7115664945377329,1.0450545083339429,-1.2007907945134082,1.9607448677373391,0.8394255046813172,0.15792103948025987,0.005194805194805195,0.6666425078109991,0.7951251971962632,-0.8918028786936768,2.225087894315675,0.4017993515046715,0.3004351482795188,0.6026990272570072,not distinguishable,low pressure
1400,Politics,Culture (core),Politics + Culture (core),584,385,1,5.580396856058648,-2.0192029880106936,-3.860101623765462,-0.6168286616196618,1.0077839856935562,0.006496751624187906,0.0025974025974025974,-2.9208811544986717,0.8303500837637183,-4.5483673186755595,-1.2933949903217838,0.0004353858424617594,0.02111444277861069,0.0033960095712017233,dissociated,low pressure
1400,Politics,Culture (periphery),Politics + Culture (periphery),584,385,0,0.9507950591097786,-1.5368437371247468,-2.124743646089931,-0.7636942423552477,0.3473393373821383,0.0004997501249375312,0.0,-1.8189456095322118,1.4509137290935976,-4.662736518555663,1.0248452994912396,0.20996734101536185,0.0024362818590704647,0.39945006339507866,dissociated,low pressure
1400,Politics,Sport & Games,Politics + Sport & Games,584,385,0,0.11796646460291978,-0.3056004541422848,-0.8310153718218124,0.0,0.2577874572121504,0.46326836581709147,0.0,-0.3660233760568677,1.5523764942823708,-3.4086813048503144,2.676634552736579,0.813601365700627,0.5982660843491298,0.8790023869639441,not distinguishable,low pressure
1400,Administration & Law,Military,Administration & Law + Military,584,385,4,4.665771220357129,-0.19905874991819136,-2.262068783589808,0.7414390735574793,0.7940887518157211,0.7416291854072964,0.01038961038961039,-0.7315890839271402,0.5051956919129352,-1.7217726400764932,0.2585944722222129,0.14758067106523176,0.8034316175245712,0.30916055245827845,not distinguishable,low pressure
1400,Administration & Law,Religion,Administration & Law + Religion,584,385,12,3.952916677838525,1.4891055731867688,0.737171612268844,2.0658059341434325,0.33926475960941305,0.0009995002498750624,0.03116883116883117,0.2980392352061809,0.3369393610759798,-0.3623619125027395,0.9584403829151014,0.37640014722114723,0.004585942322956169,0.5871842296649897,associated,low pressure
1400,Administration & Law,Nobility,Administration & Law + Nobility,584,385,17,23.24042366438052,-0.4399907590488766,-1.0958894870332323,0.012165498910833229,0.2830372082559823,0.10994502748625687,0.04415584415584416,-1.2185375623441022,0.28917344820883156,-1.785317520833412,-0.6517576038547923,2.5103856284701768e-05,0.2198900549725137,0.000500190634061595,not distinguishable,low pressure
1400,Administration & Law,Kinship,Administration & Law + Kinship,584,385,2,11.945971126170242,-2.315678804384741,-4.717872000292774,-1.1729523819865681,0.9591412091242284,0.049475262368815595,0.005194805194805195,-2.36896907621037,0.6513202059674897,-3.6455566799066497,-1.0923814725140901,0.0002756389033767957,0.11350207249316518,0.002687479307923758,not distinguishable,low pressure
1400,Administration & Law,Big business,Administration & Law + Big business,584,385,0,0.7655804246646631,-1.3397991902444364,-1.8944647644054784,-0.7292474747275907,0.28774845822697065,0.0004997501249375312,0.0,-1.3338459684205617,1.445770552052903,-4.167556250444251,1.499864313603128,0.35622360801174724,0.0024362818590704647,0.5751178276678126,dissociated,low pressure
1400,Administration & Law,Small business,Administration & Law + Small business,584,385,4,2.2805071118520313,0.6945769742365714,-0.9343568381988787,1.5836364020290177,0.7047783449374365,0.239880059970015,0.01038961038961039,-0.02776375847837494,0.5188327338113699,-1.04467591674866,0.9891483997919099,0.9573239985611213,0.43513127157351555,0.9573239985611213,not distinguishable,low pressure
1400,Administration & Law,Academia,Administration & Law + Academia,584,385,9,2.132999013257677,1.8512205327236897,0.9063393746680215,2.4418905563122055,0.40467581115865553,0.004497751124437781,0.023376623376623377,0.9330436481796284,0.39683920902037656,0.15523879849969036,1.7108484978595664,0.018713568297542532,0.016705932747911757,0.07165443406907741,associated,low pressure
1400,Administration & Law,Exploration & Invention,Administration & Law + Exploration & Invention,584,385,0,0.41534236238098027,-0.8723833557522237,-1.4087420553985956,-0.31205082520539656,0.281485889518766,0.0034982508745627187,0.0,-0.5890968517911451,1.4730910085081383,-3.476355228467096,2.2981615248848057,0.6892262934124798,0.013643178410794604,0.8069147096497974,dissociated,low pressure
1400,Administration & Law,Culture (core),Administration & Law + Culture (core),584,385,1,3.2572854835225624,-1.3247282373013307,-3.189437130493971,-0.005294573337982273,1.0173710384737804,0.3328335832083958,0.0025974025974025974,-2.149922884181653,0.834133689582269,-3.7848249157629,-0.5150208526004056,0.009953745698109001,0.5408545727136431,0.045670127320735415,not distinguishable,low pressure
1400,Administration & Law,Culture (periphery),Administration & Law + Culture (periphery),584,385,0,0.5549804115599463,-1.077216211816172,-1.6186330725105342,-0.4869423278234189,0.2807413396809446,0.0004997501249375312,0.0,-1.0765673077479825,1.4530673256791031,-3.9245792660790246,1.7714446505830597,0.4587583628576264,0.0024362818590704647,0.6626509685721269,dissociated,low pressure
1400,Administration & Law,Sport & Games,Administration & Law + Sport & Games,584,385,0,0.06885719109320823,-0.18613842133368563,-0.5551611350604182,0.0,0.16910371100301588,0.49525237381309345,0.0,0.3742500887602399,1.5543923625247633,-2.672358941788296,3.420859119308776,0.809733861110014,0.5982660843491298,0.8790023869639441,not distinguishable,low pressure
1400,Military,Religion,Military + Religion,584,385,0,4.093254684179885,-3.1995167795128205,-3.597735924874951,-2.7278919395634738,0.22256977426428096,0.0004997501249375312,0.0,-3.2415782754865075,1.4245112278207785,-6.033620282015233,-0.44953626895778154,0.022871621460391983,0.0024362818590704647,0.07581557410544265,dissociated,low pressure
1400,Military,Nobility,Military + Nobility,584,385,39,24.06551434789352,0.6852182070203984,0.4058489483109839,0.9361509800823586,0.1374099288073047,0.0004997501249375312,0.1012987012987013,0.40752212944483984,0.26103427936347745,-0.10410505810757592,0.9191493169972555,0.11848071436495201,0.0024362818590704647,0.28879674126457056,associated,low pressure
1400,Military,Kinship,Military + Kinship,584,385,11,12.370081702812826,-0.1623873510423244,-1.0845744946724292,0.433840286619997,0.39422362186555393,0.671664167916042,0.02857142857142857,-0.5541365898363558,0.3386001914782145,-1.2177929651336563,0.10951978546094465,0.10172425452415765,0.7378845788373418,0.2644830617628099,not distinguishable,low pressure
1400,Military,Big business,Military + Big business,584,385,1,0.7927603627326114,0.2145076312485081,-1.6742705449975541,1.4401307464370001,0.9725031958948822,0.7956021989005497,0.0025974025974025974,-0.09191744540137342,0.8738892950589293,-1.8047404637168747,1.620905572914128,0.9162313738225456,0.8500955001951079,0.9403427257652442,not distinguishable,low pressure
1400,Military,Small business,Military + Small business,584,385,1,2.3614705744311637,-0.9317942704709816,-2.8259695283470334,0.46133735930927805,1.023664010708936,0.46976511744127936,0.0025974025974025974,-1.2121428689039098,0.8433139179000547,-2.8650381479880167,0.4407524101801974,0.15061667940275106,0.5982660843491298,0.30916055245827845,not distinguishable,low pressure
1400,Military,Academia,Military + Academia,584,385,0,2.208725585165171,-2.437614244786001,-2.908386164166887,-1.8963027415923623,0.25857911808913087,0.0004997501249375312,0.0,-2.3831891254086752,1.429291554065853,-5.1846005713777465,0.41822232056039654,0.09543650825897534,0.0024362818590704647,0.2566912980758647,dissociated,low pressure
1400,Military,Exploration & Invention,Military + Exploration & Invention,584,385,1,0.4300880106797271,0.6895233562012547,-1.1370216579331867,1.9448509414801685,0.9416377607664701,0.5252373813093453,0.0025974025974025974,0.7428157792204939,0.930308369295905,-1.0805886245994798,2.5662201830404676,0.4246025000232344,0.5982660843491298,0.6248866981474016,not distinguishable,low pressure
1400,Military,Culture (core),Military + Culture (core),584,385,1,3.372926916949428,-1.368461776903964,-3.205431351070135,0.05740585953662794,1.022839261941213,0.30934532733633185,0.0025974025974025974,-2.0989173181804928,0.8345132324809419,-3.734563253843139,-0.4632713825178467,0.011898524322344468,0.5245420767876932,0.051560272063492694,not distinguishable,low pressure
1400,Military,Culture (periphery),Military + Culture (periphery),584,385,0,0.5746835449332047,-1.1039119013335128,-1.6336854855110836,-0.5038535886070075,0.287175689332431,0.0004997501249375312,0.0,-1.0271533246859648,1.453280204710249,-3.8755825259180527,1.8212758765461234,0.47970151949056417,0.0024362818590704647,0.6803039730957092,dissociated,low pressure
1400,Military,Sport & Games,Military + Sport & Games,584,385,0,0.0713017862384747,-0.19232494578779963,-0.5630801914801621,0.0,0.1704287672150146,0.48875562218890556,0.0,0.42357179314443005,1.554591483002631,-2.623427513540727,3.470571099829587,0.7852644873043161,0.5982660843491298,0.875009000139095,not distinguishable,low pressure
1400,Religion,Nobility,Religion + Nobility,584,385,5,20.38869214407585,-1.9252186433165106,-3.596826988490975,-1.076252183469585,0.6368582607369321,0.01199400299850075,0.012987012987012988,-2.893310699820471,0.4503291885118854,-3.7759559093037662,-2.0106654903371757,1.3197415659855325e-10,0.03341186549582351,5.248477689062294e-09,dissociated,low pressure
1400,Religion,Kinship,Religion + Kinship,584,385,10,10.480132856906609,-0.06450618281243456,-1.0911856344712283,0.5446107152854976,0.40229788683683587,0.8755622188905547,0.025974025974025976,-0.9445373979954597,0.3450879872913791,-1.6209098530865627,-0.26816494290435666,0.006198504907896181,0.9228899063981523,0.0323224262063709,not distinguishable,low pressure
1400,Religion,Big business,Religion + Big business,584,385,0,0.671639373508587,-1.2285285816101392,-1.7296058248289516,-0.6669762848800089,0.27350447177987125,0.0004997501249375312,0.0,-1.5152506973743993,1.44507376528487,-4.347595277332744,1.3170938825839456,0.29437935148554495,0.0024362818590704647,0.5336306466342811,dissociated,low pressure
1400,Religion,Small business,Religion + Small business,584,385,4,2.0006759819611064,0.8476068649555836,-0.8529331949390022,1.745401295160811,0.6986628412773872,0.17041479260369816,0.01038961038961039,-0.21889836819479183,0.5166640566622307,-1.231559919252764,0.7937631828631804,0.6718018278445954,0.31648461483543944,0.8061621934135145,not distinguishable,low pressure
1400,Religion,Academia,Religion + Academia,584,385,6,1.8712679619340131,1.4547810163040336,0.09613276946518318,2.2074021613312174,0.5438946492667206,0.02048975512243878,0.015584415584415584,0.20706730575884386,0.44700411469296597,-0.6690607590393693,1.0831953705570572,0.6431969658732297,0.05327336331834083,0.7866458761870536,not distinguishable,low pressure
1400,Religion,Exploration & Invention,Religion + Exploration & Invention,584,385,0,0.3643775037525644,-0.7897334302867476,-1.2988318780573662,-0.27840589746316813,0.2633182213878852,0.005497251374312844,0.0,-0.7701641673169447,1.4724066913248532,-3.656081282313657,2.1157529476797676,0.6009291336148894,0.019490254872563718,0.7770238449335781,dissociated,low pressure
1400,Religion,Culture (core),Religion + Culture (core),584,385,12,2.857598119034936,1.8964266296523848,1.0926245424075351,2.4274724039510196,0.33551639754291485,0.0004997501249375312,0.03116883116883117,0.10068097813988258,0.3329860228999482,-0.551971626744016,0.7533335830237811,0.7623791907431208,0.0024362818590704647,0.861819954753093,associated,low pressure
1400,Religion,Culture (periphery),Religion + Culture (periphery),584,385,0,0.486881173970624,-0.9809482916753185,-1.472718156908908,-0.4406319150901972,0.2675662204979161,0.0004997501249375312,0.0,-1.2578262704519148,1.4523738376231168,-4.104478992193224,1.588826451289394,0.38646353262760236,0.0024362818590704647,0.5910618734304507,dissociated,low pressure
1400,Religion,Sport & Games,Religion + Sport & Games,584,385,0,0.060408024026555374,-0.16454951780578664,-0.49954225193170193,0.0,0.1510810984067021,0.5077461269365318,0.0,0.19337139298053962,1.5537436127364175,-2.851966087982839,3.238708873943918,0.9009549100503341,0.5982660843491298,0.9369931064523475,not distinguishable,low pressure
1400,Nobility,Kinship,Nobility + Kinship,584,385,92,61.61595285299196,0.5744895312212944,0.41437198165535694,0.73473559281057,0.08408511085866395,0.0004997501249375312,0.23896103896103896,0.748564505946405,0.1959114605090434,0.36457804334867994,1.13255096854413,0.00013294793043496991,0.0024362818590704647,0.001728323095654609,associated,low pressure
1400,Nobility,Big business,Nobility + Big business,584,385,1,3.9487762738661756,-1.5684460473992947,-3.5423867668753948,-0.20677179315466843,0.9933872462639564,0.1424287856071964,0.0025974025974025974,-2.1237600432588204,0.8681357584116984,-3.8253061297457496,-0.42221395677189144,0.014431261682703513,0.277736131934033,0.05924412690794073,not distinguishable,low pressure
1400,Nobility,Small business,Nobility + Small business,584,385,6,11.762594869910382,-0.915752674684753,-2.2826077197032157,-0.16600702205895002,0.5779591763010984,0.079960019990005,0.015584415584415584,-1.6329435729038417,0.43920032863888747,-2.493776217036061,-0.7721109287716224,0.0002008121490992059,0.17324670997834418,0.0022376210899625803,not distinguishable,low pressure
1400,Nobility,Academia,Nobility + Academia,584,385,1,11.001764967307224,-2.938820856570943,-4.813675401159643,-1.614163320516883,0.9987424521702495,0.0004997501249375312,0.0025974025974025974,-3.3140114998295735,0.8370558561545245,-4.954640977892442,-1.6733820217667055,7.522383113176975e-05,0.0024362818590704647,0.0011734917656556082,dissociated,low pressure
1400,Nobility,Exploration & Invention,Nobility + Exploration & Invention,584,385,0,2.142288404017031,-2.4017879443807066,-3.170208770915682,-1.2216411566489842,0.5127599758196665,0.0034982508745627187,0.0,-2.551132211908395,1.4699506612291915,-5.432235507917611,0.32997108410082054,0.08264832796977765,0.013643178410794604,0.23023462791580918,dissociated,low pressure
1400,Nobility,Culture (core),Nobility + Culture (core),584,385,6,16.80070600051785,-1.4123192887506701,-2.7884935330647678,-0.6158219482112495,0.5758468111024692,0.02448775612193903,0.015584415584415584,-2.6875358253268375,0.4184948827044004,-3.5077857954274623,-1.8672858552262128,1.345763510015973e-10,0.05968890554722639,5.248477689062294e-09,not distinguishable,low pressure
1400,Nobility,Culture (periphery),Nobility + Culture (periphery),584,385,1,2.8625254918035705,-1.1645827042742585,-3.195294301830388,0.16744875202889767,0.9699178869938745,0.3008495752123938,0.0025974025974025974,-1.8388701407049708,0.8825454268555414,-3.568659177341832,-0.10908110406810967,0.03719672285065302,0.521472597034816,0.11605377529403743,not distinguishable,low pressure
1400,Nobility,Sport & Games,Nobility + Sport & Games,584,385,0,0.3551575167207644,-0.7742620884579111,-1.7093429339741495,0.0,0.5667377127540006,0.44177911044477763,0.0,-1.5819919358253527,1.5514065732825224,-4.622748819459097,1.4587649478083913,0.30786383459670064,0.5982660843491298,0.5336306466342811,not distinguishable,low pressure
1400,Kinship,Big business,Kinship + Big business,584,385,2,2.0297378409503635,-0.01705978996994231,-2.4083097514332366,1.0435555106602183,0.8979483104402167,0.974512743628186,0.005194805194805195,-0.4413815226707212,0.7044260914039128,-1.8220566618223901,0.9392936164809478,0.5309325132006852,0.974512743628186,0.7019107801636179,not distinguishable,low pressure
1400,Kinship,Small business,Kinship + Small business,584,385,5,6.046172854419567,-0.2512200792115317,-1.8680409877762305,0.5703283527654711,0.6265423885327465,0.6416791604197901,0.012987012987012988,-0.7212077851926936,0.47129032983591534,-1.6449368316710875,0.20252126128570047,0.12594658653250332,0.7150139216106233,0.29769193180409875,not distinguishable,low pressure
1400,Kinship,Academia,Kinship + Academia,584,385,0,5.655093406829535,-3.6217807505435653,-4.056741378295149,-3.0782993602480815,0.2537355687161323,0.0004997501249375312,0.0,-3.338117083802392,1.4266383015473656,-6.134328154835229,-0.5419060127695556,0.01929157840321315,0.0024362818590704647,0.07165443406907741,dissociated,low pressure
1400,Kinship,Exploration & Invention,Kinship + Exploration & Invention,584,385,1,1.1011724996020609,-0.09416624180789153,-2.0618204586861704,1.2371263793823646,0.9752360132050701,0.9225387306346826,0.0025974025974025974,-0.2075672745212115,0.9261017793922526,-2.0227267621300267,1.6075922130876035,0.822656080107281,0.9468160656513848,0.8790023869639441,not distinguishable,low pressure
1400,Kinship,Culture (core),Kinship + Culture (core),584,385,6,8.635847249594926,-0.4910988110519815,-1.8241297591173944,0.2680293093914008,0.5373085042838412,0.32033983008495753,0.015584415584415584,-1.501758671153614,0.4206657299067995,-2.326263501770941,-0.6772538405362869,0.0003570394940925707,0.5316278031197168,0.0030943422821356125,not distinguishable,low pressure
1400,Kinship,Culture (periphery),Kinship + Culture (periphery),584,385,0,1.471386553310633,-1.979210690569815,-2.650738841110157,-1.0547137227274705,0.4000400683592059,0.0004997501249375312,0.0,-1.9712571281427105,1.4506542510507787,-4.814539460202237,0.8720252039168159,0.1741863478600627,0.0024362818590704647,0.34183931128316813,dissociated,low pressure
1400,Kinship,Sport & Games,Kinship + Sport & Games,584,385,0,0.18255697491828263,-0.4490213819163255,-1.1298469614459052,0.0,0.3603065464620663,0.4452773613193403,0.0,-0.5176749656115656,1.5521330127637618,-3.5598556706285382,2.5245057394054076,0.7387381174340921,0.5982660843491298,0.8473760758802822,not distinguishable,low pressure
1400,Big business,Small business,Big business + Small business,584,385,1,0.3874805599807647,0.7571750775984996,-1.0284740382151274,2.05030876851195,0.9716343138835648,0.5027486256871564,0.0025974025974025974,0.5656250930992667,0.8808696501598626,-1.160879421214064,2.292129607412597,0.5207944799091551,0.5982660843491298,0.700378783326105,not distinguishable,low pressure
1400,Big business,Academia,Big business + Academia,584,385,0,0.3624174850409892,-0.7864583333493983,-1.2119392194399083,-0.3782198511276505,0.21445089664338643,0.0004997501249375312,0.0,-0.6670360365562595,1.4498008533221547,-3.5086457090676824,2.1745736359551637,0.6454530266150184,0.0024362818590704647,0.7866458761870536,dissociated,low pressure
1400,Big business,Exploration & Invention,Big business + Exploration & Invention,584,385,1,0.0705707473231323,1.3944848125404095,-0.2589358700446271,2.6060468253882014,0.9708691584306367,0.3658170914542729,0.0025974025974025974,2.514465452029545,0.9644947244806704,0.6240557920474308,4.404875112011659,0.009133169803960312,0.5815892053973013,0.04452420279430652,not distinguishable,low pressure
1400,Big business,Culture (core),Big business + Culture (core),584,385,0,0.5534448003310725,-1.0751147200640723,-1.5596561238671565,-0.5610007467322176,0.2555283073138011,0.0004997501249375312,0.0,-1.5010146072457282,1.445123783178476,-4.333457222275541,1.3314280077840845,0.29895569883801865,0.0024362818590704647,0.5336306466342811,dissociated,low pressure
1400,Big business,Culture (periphery),Big business + Culture (periphery),584,385,0,0.09429662355885525,-0.2492550895464147,-0.4864206978030751,-0.07269415462370779,0.10670720169626521,0.02148925537231384,0.0,0.6833996510106911,1.4734629663525434,-2.2045877630402937,3.571387065061676,0.6427873829866411,0.054069739323886444,0.7866458761870536,not distinguishable,low pressure
1400,Big business,Sport & Games,Big business + Sport & Games,584,385,0,0.011699513158646098,-0.033368765851756785,-0.12472622253063012,0.0,0.03569548160098565,0.5112443778110944,0.0,2.1326311850087527,1.5734770415627841,-0.951383816454304,5.216646186471809,0.1753022109144452,0.5982660843491298,0.34183931128316813,not distinguishable,low pressure
1400,Small business,Academia,Small business + Academia,584,385,1,1.0795673785122208,-0.07456697771986645,-1.9685430659191592,1.241861081329091,0.9991769201046364,0.912543728135932,0.0025974025974025974,-0.5807974478519263,0.8501114382634006,-2.2470158668481917,1.0854209711443388,0.49447949665417457,0.9468160656513848,0.6887392989111717,not distinguishable,low pressure
1400,Small business,Exploration & Invention,Small business + Exploration & Invention,584,385,0,0.21021578657736584,-0.5063293338519139,-0.8878182533359463,-0.15945642905102667,0.18679328610831789,0.008995502248875561,0.0,0.1050527760031434,1.4772811318706909,-2.790418242463411,3.0005237944696974,0.9433084237031015,0.026986506746626684,0.9555591824524924,dissociated,low pressure
1400,Small business,Culture (core),Small business + Culture (core),584,385,4,1.6485985828665541,1.0665290284962363,-0.5709745713737846,1.9246208448203406,0.6715582298884208,0.09395302348825588,0.01038961038961039,-0.20395001938861365,0.5168187233542836,-1.2169147171630095,0.8090146783857821,0.6931190454684157,0.19285094294957786,0.8069147096497974,not distinguishable,low pressure
1400,Small business,Culture (periphery),Small business + Culture (periphery),584,385,1,0.2808903071728827,0.9417706905347609,-0.8557232367150144,2.2429947883810755,0.9664110815401014,0.4362818590704648,0.0025974025974025974,0.8456485455096667,0.8950888755028364,-0.9087256504758927,2.600022741495226,0.34477891888201295,0.5982660843491298,0.5721862909105746,not distinguishable,low pressure
1400,Small business,Sport & Games,Small business + Sport & Games,584,385,1,0.03485045085261355,1.4877550386253442,0.0,2.5578412528564543,0.9282496277300526,0.3728135932033983,0.0025974025974025974,2.7062220470281475,1.1672876336935212,0.4183382849888462,4.994105809067449,0.020428410890370986,0.5815892053973013,0.07242800224767895,not distinguishable,low pressure
1400,Academia,Exploration & Invention,Academia + Exploration & Invention,584,385,1,0.19661857795153462,1.1065216472874526,-0.6393707349671137,2.3827300588529954,0.9663725003358342,0.4062968515742129,0.0025974025974025974,1.3707191493344193,0.9364818403043615,-0.4647852576621292,3.2062235563309676,0.14327865604868495,0.5982660843491298,0.30916055245827845,not distinguishable,low pressure
1400,Academia,Culture (core),Academia + Culture (core),584,385,9,1.5419636852860323,2.217970304193403,1.3074360843506145,2.772227238423739,0.3846565245823902,0.0014992503748125937,0.023376623376623377,0.7455765914500744,0.3937791868386327,-0.026230614753645742,1.5173837976537945,0.05830635606841045,0.006496751624187906,0.17491906820523134,associated,low pressure
1400,Academia,Culture (periphery),Academia + Culture (periphery),584,385,1,0.26272171874387873,0.975733814065012,-0.8114888556145543,2.2335000374886964,0.9724132138249075,0.4367816091954023,0.0025974025974025974,0.8167611365271219,0.8946826008950599,-0.9368167612271956,2.5703390342814396,0.3612919686631131,0.5982660843491298,0.5751178276678126,not distinguishable,low pressure
1400,Academia,Sport & Games,Academia + Sport & Games,584,385,0,0.032596248831620864,-0.0911141725438606,-0.29665342834087066,0.0,0.08872587899332059,0.5292353823088456,0.0,1.0397717886451763,1.558143309604453,-2.0141890981795516,4.093732675469904,0.504571198701677,0.5982660843491298,0.6904658508549264,not distinguishable,low pressure
1400,Exploration & Invention,Culture (core),Exploration & Invention + Culture (core),584,385,0,0.30025463479903375,-0.6785310325001369,-1.1285353710403518,-0.2304013086399677,0.23580667655948653,0.0069965017491254375,0.0,-0.7559568211097063,1.4724558203042009,-3.64197022890594,2.1300565866865275,0.6076724941147214,0.021829085457271368,0.7770238449335781,dissociated,low pressure
1400,Exploration & Invention,Culture (periphery),Exploration & Invention + Culture (periphery),584,385,0,0.05115776361528578,-0.14053724061951578,-0.31131917326718794,-0.02957749862329839,0.07314098439005022,0.047476261869065464,0.0,1.4266766985655763,1.5002810616800693,-1.5138741823273592,4.367227579458512,0.34163502916705213,0.11221661896324564,0.5721862909105746,not distinguishable,low pressure
1400,Exploration & Invention,Sport & Games,Exploration & Invention + Sport & Games,584,385,0,0.006347214841795216,-0.018198921144314335,-0.07116896897004621,0.0,0.020597275673491726,0.5182408795602199,0.0,2.875735250373422,1.598618390743529,-0.25755679548389443,6.009027296230739,0.0720364179212025,0.5982660843491298,0.20810520732791832,not distinguishable,low pressure
1400,Culture (core),Culture (periphery),Culture (core) + Culture (periphery),584,385,5,0.40120020466561446,2.609512072310358,1.1541659004439304,3.1987698774189517,0.5190578378341039,0.006496751624187906,0.012987012987012988,1.874312848569403,0.6153976577103318,0.6681334394571525,3.0804922576816534,0.002321440945658332,0.02111444277861069,0.015089366146779158,associated,low pressure
1400,Culture (core),Sport & Games,Culture (core) + Sport & Games,584,385,0,0.04977746706707052,-0.13691968352267603,-0.4304466825003761,0.0,0.12707181985921023,0.5122438780609695,0.0,0.20756267472107282,1.5537901906616827,-2.837866098975825,3.252991448417971,0.8937309435539337,0.5982660843491298,0.9369931064523475,not distinguishable,low pressure
1400,Culture (periphery),Sport & Games,Culture (periphery) + Sport & Games,584,385,0,0.008481147660848903,-0.02426619113170997,-0.09158972277030125,0.0,0.026438465511714568,0.511744127936032,0.0,2.3891995658308165,1.5801850588234674,-0.7079631494631795,5.486362281124812,0.1305403414538701,0.5982660843491298,0.29871284386460606,not distinguishable,low pressure
1450,Politics,Administration & Law,Politics + Administration & Law,1113,669,28,16.799498274669816,0.7202317222906459,0.24455611239869837,1.0906586706454922,0.21655284667806055,0.001999000499750125,0.04185351270553064,-0.44858014513414574,0.22282883524417327,-0.8853246622127253,-0.01183562805556615,0.04410249740808365,0.006236881559220389,0.09906390135240171,associated,low pressure
1450,Politics,Military,Politics + Military,1113,669,12,9.578565091631255,0.3106378412227141,-0.5612134042190918,0.88780939924463,0.3751941908853685,0.384807596201899,0.017937219730941704,-0.7560541236343743,0.3175157875311036,-1.3783850671953375,-0.13372318007341122,0.01725847517317291,0.43499989135866846,0.049857817166943964,not distinguishable,low pressure
1450,Politics,Religion,Politics + Religion,1113,669,14,24.463778506664283,-0.7837834161818104,-1.547707578465587,-0.21457508600602912,0.3416370106865321,0.022488755622188907,0.02092675635276532,-2.0219793435061733,0.2806586696501118,-2.5720703360203925,-1.471888350991954,5.82969047083848e-13,0.05123152709359606,2.2735792836270072e-11,not distinguishable,low pressure
1450,Politics,Nobility,Politics + Nobility,1113,669,55,46.27215009623769,0.2468380210920099,-0.06616833255180908,0.513000890970534,0.14214537279316047,0.08545727136431784,0.08221225710014948,-0.8820331144648014,0.1656374518657138,-1.2066825201216005,-0.5573837088080023,1.0090716938393344e-07,0.16257724796138515,8.745288013274232e-07,not distinguishable,low pressure
1450,Politics,Kinship,Politics + Kinship,1113,669,22,31.50344313803128,-0.5083021265122246,-1.1099518896129659,-0.06804833300857671,0.26741894321428394,0.054972513743128434,0.03288490284005979,-1.3698480933042883,0.2345214726820062,-1.8295101797610205,-0.910186006847556,5.187755199533436e-09,0.10914542728635683,6.744081759393467e-08,not distinguishable,low pressure
1450,Politics,Big business,Politics + Big business,1113,669,13,3.434140248007873,1.778839113052645,1.1092709051557357,2.202449206902707,0.2763476584289051,0.0004997501249375312,0.01943198804185351,0.699866616268089,0.37304973344526815,-0.03131086128463656,1.4310440938208147,0.06064596187730899,0.0025987006496751624,0.11825962566075252,associated,low pressure
1450,Politics,Small business,Politics + Small business,1113,669,23,13.039924225799984,0.7954410916859682,0.2541060471263461,1.201303487871181,0.24229817640317605,0.0029985007496251873,0.0343796711509716,-0.2840835981983086,0.24668422468446355,-0.7675846785798571,0.19941748218323996,0.24948207320817684,0.008995502248875561,0.3815608178477998,associated,low pressure
1450,Politics,Academia,Politics + Academia,1113,669,10,16.46642567354155,-0.6922933356222638,-1.774549792661468,-0.027742403562555376,0.44462660473929844,0.10194902548725637,0.014947683109118086,-1.8251696503983703,0.3276626603995544,-2.467388464781497,-1.1829508360152436,2.543441463281933e-08,0.18933390447633328,2.834120487657011e-07,not distinguishable,low pressure
1450,Politics,Exploration & Invention,Politics + Exploration & Invention,1113,669,2,1.2748108897613624,0.49426278460142226,-1.8340412340869798,1.5279107159912482,0.8729801310308443,0.5182408795602199,0.0029895366218236174,-0.22096308485676766,0.7332777287036121,-1.6581874331158473,1.216261263402312,0.7631581804085046,0.5693350507844669,0.8044099739440994,not distinguishable,low pressure
1450,Politics,Culture (core),Politics + Culture (core),1113,669,5,17.133796351101804,-1.6808395797964777,-3.416207670133719,-0.8376959054534594,0.6397129398635933,0.02948525737131434,0.007473841554559043,-3.0131586754097754,0.4376682198026117,-3.870988386222894,-2.1553289645966567,5.796125014505009e-12,0.0638847243045144,1.1302443778284767e-10,not distinguishable,low pressure
1450,Politics,Culture (periphery),Politics + Culture (periphery),1113,669,1,4.751484160697974,-1.807762710377872,-3.6711585324168547,-0.4763409716375935,1.0019352363532803,0.04247876061969016,0.0014947683109118087,-2.233757661163357,0.8377539739050727,-3.8757554500172997,-0.5917598723094148,0.007667645291858136,0.0871932454825219,0.02600331881586672,not distinguishable,low pressure
1450,Politics,Sport & Games,Politics + Sport & Games,1113,669,0,0.28198334666154623,-0.6452097889309063,-1.2804298329855592,0.0,0.3567293293555579,0.15242378810594703,0.0,-0.7315474034549103,1.5505921003317251,-3.7707079201050915,2.307613113195271,0.6370796558234741,0.24062968515742128,0.7529123205186513,not distinguishable,low pressure
1450,Administration & Law,Military,Administration & Law + Military,1113,669,6,5.30751729741948,0.1625181721007,-1.3138324014307734,0.9485297096113524,0.5980796624511228,0.7411294352823589,0.008968609865470852,-0.34406906960189537,0.42164464261877094,-1.1704925691346864,0.48235442993089567,0.4144905846887331,0.781190485838162,0.5663193700334875,not distinguishable,low pressure
1450,Administration & Law,Religion,Administration & Law + Religion,1113,669,28,13.555467477879525,1.0198304814393921,0.532332129405859,1.3898311606554072,0.21946467582320128,0.0004997501249375312,0.04185351270553064,0.14684263409585005,0.22661288607830063,-0.2973186226176192,0.5910038908093193,0.5169921315457334,0.0025987006496751624,0.665774280303486,associated,low pressure
1450,Administration & Law,Nobility,Administration & Law + Nobility,1113,669,19,25.639564452001583,-0.4227609785902744,-1.1168824214712196,0.048291296752606995,0.2967246575573378,0.14742628685657172,0.028400597907324365,-0.9025955142275262,0.2551036806549182,-1.4025987283111658,-0.4025923001438866,0.00040293853204354,0.24062968515742128,0.0019643253437122577,not distinguishable,low pressure
1450,Administration & Law,Kinship,Administration & Law + Kinship,1113,669,9,17.456170917443398,-0.918480315298981,-2.134263390536435,-0.24678248217653545,0.48159049111705204,0.0559720139930035,0.013452914798206279,-1.1218211187743998,0.3464147714043811,-1.8007940707269867,-0.44284816682181294,0.0012021246298433276,0.10914542728635683,0.005209206729321086,not distinguishable,low pressure
1450,Administration & Law,Big business,Administration & Law + Big business,1113,669,2,1.9028694375100963,0.057169834673448695,-2.3475732741624173,1.1940215519925668,0.9441073783665387,0.9375312343828086,0.0029895366218236174,-0.3905433882533375,0.6672265101427526,-1.6983073481331326,0.9172205716264574,0.5583301840926802,0.9622031089718299,0.694119170340511,not distinguishable,low pressure
1450,Administration & Law,Small business,Administration & Law + Small business,1113,669,4,7.225468817447496,-0.7796974836891093,-2.464259660295216,0.1926830500941558,0.724803316223458,0.2178910544727636,0.005979073243647235,-1.0704681186064853,0.4919958092957106,-2.034779904826078,-0.1061563323868926,0.029572706788610844,0.2797794651061566,0.0744087461132789,not distinguishable,low pressure
1450,Administration & Law,Academia,Administration & Law + Academia,1113,669,9,9.124105568312242,-0.018724954303698436,-1.1016860856054158,0.666186922268701,0.4502903030726934,0.9675162418790605,0.013452914798206279,-0.7141240198195826,0.3493597497614756,-1.3988691293520747,-0.0293789102870905,0.04094430377165952,0.9675162418790604,0.09677744527846797,not distinguishable,low pressure
1450,Administration & Law,Exploration & Invention,Administration & Law + Exploration & Invention,1113,669,0,0.7063772896692679,-1.2706811749079434,-1.8081800960550694,-0.6313120440225845,0.2935166026743228,0.0009995002498750624,0.0,-0.9338876869815731,1.4539436579211187,-3.7836172565069655,1.9158418825438195,0.5206696294681108,0.003543682704102494,0.665774280303486,dissociated,low pressure
1450,Administration & Law,Culture (core),Administration & Law + Culture (core),1113,669,5,9.49389805612822,-0.861615883139887,-2.6444905646220382,0.015852205959571104,0.6579120308897084,0.1584207896051974,0.007473841554559043,-1.7832889312605764,0.44269802823483206,-2.650977066600847,-0.9156007959203056,5.619864696818883e-05,0.24062968515742128,0.0002922329642345819,not distinguishable,low pressure
1450,Administration & Law,Culture (periphery),Administration & Law + Culture (periphery),1113,669,0,2.632814427847082,-2.6474593142496956,-3.0843890671641185,-2.1624423205808045,0.23275879926186827,0.0004997501249375312,0.0,-2.21907768422523,1.4277834777624583,-5.0175333006396485,0.5793779321891881,0.12013394461793568,0.0025987006496751624,0.21296472000452235,dissociated,low pressure
1450,Administration & Law,Sport & Games,Administration & Law + Sport & Games,1113,669,0,0.15624798450218708,-0.3923129919167949,-0.843586963654757,0.0,0.23561933581132857,0.17341329335332334,0.0,0.40827087451966726,1.551992810534253,-2.633635034127469,3.4501767831668033,0.7925025232048909,0.24824429890317998,0.8242026241330865,not distinguishable,low pressure
1450,Military,Religion,Military + Religion,1113,669,5,7.7289169867730205,-0.581270950451241,-2.3896849564556812,0.28761667483589703,0.6876468404108532,0.31334332833583206,0.007473841554559043,-1.1673133784472158,0.44978775208767446,-2.0488973725390576,-0.28572938435537387,0.009452109009652248,0.3647877553760433,0.029490580110115013,not distinguishable,low pressure
1450,Military,Nobility,Military + Nobility,1113,669,28,14.61890307729437,0.914608447863551,0.4999919714820072,1.2591257717808289,0.2013280026445421,0.0009995002498750624,0.04185351270553064,0.49569791914684513,0.24873910460380816,0.008169274123381143,0.9832265641703091,0.046278669838982864,0.003543682704102494,0.09906390135240171,associated,low pressure
1450,Military,Kinship,Military + Kinship,1113,669,6,9.952979943185737,-0.6854026622481832,-2.043025083548947,0.1040717643615432,0.5568969954199436,0.18040979510244878,0.008968609865470852,-0.8633120941921238,0.4183406128028323,-1.683259695285675,-0.0433644930985726,0.039050122012655925,0.24824429890317998,0.09518467240584881,not distinguishable,low pressure
1450,Military,Big business,Military + Big business,1113,669,1,1.084958519002226,-0.07948258241142109,-1.941760676240296,1.297467130241967,1.0035791642324516,0.8980509745127436,0.0014947683109118087,-0.30784774204637544,0.8464839890595544,-1.966956360603102,1.351260876510351,0.716098351833381,0.9339730134932535,0.7709923691240105,not distinguishable,low pressure
1450,Military,Small business,Military + Small business,1113,669,3,4.1197434741147365,-0.4004578215972546,-3.107861476470992,0.5984587706347501,0.8180238225368969,0.5542228885557221,0.004484304932735426,-0.686984240660915,0.5582555678308618,-1.7811651536094042,0.40719667228757417,0.21847589769459208,0.5921833603746072,0.34777795959547314,not distinguishable,low pressure
1450,Military,Academia,Military + Academia,1113,669,0,5.2022886433917455,-3.5115410687129427,-3.860641949738483,-3.1149846311324314,0.1914604086258298,0.0004997501249375312,0.0,-3.165213801286036,1.4218443326785088,-5.9520286933359134,-0.3783989092361586,0.02600531124987617,0.0025987006496751624,0.06761380924967805,dissociated,low pressure
1450,Military,Exploration & Invention,Military + Exploration & Invention,1113,669,1,0.40275493575596877,0.7325561925684245,-1.074189284778565,1.9898493277334097,0.9747262987676439,0.5297351324337831,0.0014947683109118087,0.9215507075864523,0.8939101475768654,-0.8305131816642038,2.6736145968371083,0.3025778865971108,0.573879726803265,0.42911045735590264,not distinguishable,low pressure
1450,Military,Culture (core),Military + Culture (core),1113,669,3,5.41313311963913,-0.7565678341387142,-3.452505355068955,0.2901825991325488,0.8317168147386456,0.29235382308845576,0.004484304932735426,-1.6002654272236958,0.5531380939847044,-2.6844160914337163,-0.5161147630136753,0.0038150021239400735,0.35082458770614694,0.014170007888920274,not distinguishable,low pressure
1450,Military,Culture (periphery),Military + Culture (periphery),1113,669,0,1.5011510438584712,-2.0008300637961773,-2.4040703043351384,-1.532654047328486,0.21995830149677725,0.0004997501249375312,0.0,-1.586750731788919,1.4298422095730678,-4.389241462552132,1.2157399989742939,0.26711179290556253,0.0025987006496751624,0.39739740669742646,dissociated,low pressure
1450,Military,Sport & Games,Military + Sport & Games,1113,669,0,0.08908786831134133,-0.23655474752535327,-0.5555974053573418,0.0,0.14967767878556612,0.1934032983508246,0.0,1.0388093246632757,1.5538881457414686,-2.0068114409900026,4.0844300903165545,0.5038000682780027,0.26009409088559166,0.665774280303486,not distinguishable,low pressure
1450,Religion,Nobility,Religion + Nobility,1113,669,12,37.33686658409672,-1.597864523632384,-2.668952307292185,-0.9731662259411011,0.4130988083844361,0.0014992503748125937,0.017937219730941704,-2.1356025055830985,0.29970864458865204,-2.7230314489768563,-1.5481735621893407,1.0363180734077e-12,0.004872563718140929,2.69442699086002e-11,dissociated,low pressure
1450,Religion,Kinship,Religion + Kinship,1113,669,11,25.42003885572608,-1.1724340197427525,-2.2145803270511744,-0.5338301667533363,0.420611302724195,0.017991004497751123,0.016442451420029897,-1.5701446816722213,0.31383796168914946,-2.185267086582954,-0.9550222767614884,5.643247349882931e-07,0.04526768873627702,4.001575393553351e-06,dissociated,low pressure
1450,Religion,Big business,Religion + Big business,1113,669,0,2.7709980194192907,-2.7097308858728977,-3.1663430645456274,-2.1325803091279028,0.26698072698662006,0.0004997501249375312,0.0,-2.6998613492857038,1.4281558151034028,-5.499046746888373,0.09932404831696573,0.05869740977078574,0.0025987006496751624,0.11801131096970952,dissociated,low pressure
1450,Religion,Small business,Religion + Small business,1113,669,6,10.521877848183486,-0.7618584202072929,-2.1676794273654916,0.06422336020134499,0.5805966281028775,0.15592203898050974,0.008968609865470852,-1.3010264595517314,0.4133318580567156,-2.111156901342894,-0.4908960177605688,0.0016458531688091768,0.24062968515742128,0.006756660377216621,not distinguishable,low pressure
1450,Religion,Academia,Religion + Academia,1113,669,50,13.286712141348163,1.8730049442778123,1.580340441834859,2.137718157447245,0.14662041378504578,0.0004997501249375312,0.07473841554559044,0.9329227240388084,0.19382045691109984,0.5530346284930527,1.312810819584564,1.4843240840302624e-06,0.0025987006496751624,9.648106546196705e-06,associated,low pressure
1450,Religion,Exploration & Invention,Religion + Exploration & Invention,1113,669,0,1.02864128880935,-1.612249903382367,-2.1984250805192356,-0.8433078753360964,0.33961664470720543,0.0009995002498750624,0.0,-1.5439438681878226,1.452917013637917,-4.391661214918139,1.3037734785424946,0.2879402026243658,0.003543682704102494,0.4159136260129728,dissociated,low pressure
1450,Religion,Culture (core),Religion + Culture (core),1113,669,26,13.825211646955346,0.8874359055273561,0.34515692886183136,1.3200923024205526,0.24306550773700114,0.0014992503748125937,0.03886397608370702,-0.6195191568413174,0.22318523249101618,-1.0569622125237093,-0.1820761011589257,0.0055064865333664175,0.004872563718140929,0.01952299770920821,associated,low pressure
1450,Religion,Culture (periphery),Religion + Culture (periphery),1113,669,2,3.8339590837135873,-0.7937574383314545,-3.2216541990107115,0.35213479963060257,0.9537703655255018,0.30884557721139433,0.0029895366218236174,-1.1491360562766317,0.6614542368064602,-2.445586360417294,0.14731424786403013,0.0823364691312864,0.3647877553760433,0.15664011200586192,not distinguishable,low pressure
1450,Religion,Sport & Games,Religion + Sport & Games,1113,669,0,0.22753156210252032,-0.5410817421384705,-1.1120228518120021,0.0,0.30831617573459486,0.16041979010494753,0.0,-0.20107759237026251,1.551030577783395,-3.2410975248257166,2.838942340085192,0.8968502406032719,0.24062968515742128,0.9204515627244106,not distinguishable,low pressure
1450,Nobility,Kinship,Nobility + Kinship,1113,669,127,48.08087405892457,1.3920368950374047,1.2269225444652327,1.5639957770073318,0.08710512547934313,0.0004997501249375312,0.1898355754857997,1.9136702788601239,0.16827876569066383,1.583843898106423,2.243496659613825,5.7634932009404574e-30,0.0025987006496751624,4.495524696733557e-28,associated,low pressure
1450,Nobility,Big business,Nobility + Big business,1113,669,2,5.241219635634692,-1.1994291534025159,-3.6396936008068534,-0.04596450006544374,0.9592845092529209,0.15592203898050974,0.0029895366218236174,-1.4973579610681305,0.6639650633181593,-2.7987294851717226,-0.19598643696453832,0.024122294565741824,0.24062968515742128,0.06488065434923664,not distinguishable,low pressure
1450,Nobility,Small business,Nobility + Small business,1113,669,8,19.901664452725257,-1.2631521117032019,-2.5079730359875323,-0.5475946474173629,0.4967861128641301,0.022988505747126436,0.01195814648729447,-1.5054425282270303,0.365521525915563,-2.221864719021534,-0.7890203374325269,3.8115594029738685e-05,0.05123152709359606,0.00021235830959425838,not distinguishable,low pressure
1450,Nobility,Academia,Nobility + Academia,1113,669,3,25.131225674009606,-2.87247564215514,-5.612821654977276,-1.7879676609549728,0.8722950016411533,0.00849575212393803,0.004484304932735426,-2.955696453712461,0.5454377472003579,-4.0247544382251625,-1.8866384691997595,5.9952185617098e-08,0.02208895552223888,5.845338097667054e-07,dissociated,low pressure
1450,Nobility,Exploration & Invention,Nobility + Exploration & Invention,1113,669,0,1.945629294264882,-2.290205738347316,-2.912764751745081,-1.3849696387761665,0.4006693746737048,0.0009995002498750624,0.0,-2.0271978274520115,1.4524804144801244,-4.874059439833055,0.8196637849290322,0.1628108873740164,0.003543682704102494,0.2701967918121974,dissociated,low pressure
1450,Nobility,Culture (core),Nobility + Culture (core),1113,669,3,26.149773562816623,-2.9286964476082287,-5.697912448551162,-1.9155544057127754,0.8683949791184974,0.004997501249375313,0.004484304932735426,-3.4312503205676546,0.5435672780155637,-4.4966421854781595,-2.3658584556571496,2.746226357822013e-10,0.013441555084526702,4.28411311820234e-09,dissociated,low pressure
1450,Nobility,Culture (periphery),Nobility + Culture (periphery),1113,669,0,7.251763260368843,-3.954524511373843,-4.380311544000278,-3.4051211193901416,0.23997659618584177,0.0004997501249375312,0.0,-3.3183220862744953,1.4262982346286153,-6.1138666261465815,-0.5227775464024096,0.01999042641212264,0.0025987006496751624,0.055687616433770216,dissociated,low pressure
1450,Nobility,Sport & Games,Nobility + Sport & Games,1113,669,1,0.43036584027161495,0.6890924684614667,-1.1604531704161016,1.578639701028545,0.7915089596708046,0.48875562218890556,0.0014947683109118087,0.9304977585185044,1.1566187366920462,-1.336474965397906,3.1974704824349147,0.42110927515310614,0.5446134075819233,0.5663193700334875,not distinguishable,low pressure
1450,Kinship,Big business,Kinship + Big business,1113,669,1,3.5683767540894085,-1.4394907861655526,-3.341792379499392,-0.14113927360030804,0.9931221581966844,0.22938530734632684,0.0014947683109118087,-1.447946953779423,0.8413799385088234,-3.097051633256717,0.20115772569787094,0.08526547338655605,0.28400085671449987,0.15835016486074696,not distinguishable,low pressure
1450,Kinship,Small business,Kinship + Small business,1113,669,8,13.549639537705133,-0.7249983702870465,-1.8728910973692376,-0.017960892420217808,0.48969792667471296,0.13143428285857073,0.01195814648729447,-0.8806242798772349,0.36793796667614015,-1.6017826945624696,-0.15946586519200023,0.016692839359327652,0.23299713779473902,0.049857817166943964,not distinguishable,low pressure
1450,Kinship,Academia,Kinship + Academia,1113,669,0,17.11007889980386,-5.138329467889577,-5.406029089856074,-4.837304482211973,0.15011839716046624,0.0004997501249375312,0.0,-4.31520126968218,1.418883647480178,-7.096213218743328,-1.534189320621031,0.0023558633442129547,0.0025987006496751624,0.009187867042430523,dissociated,low pressure
1450,Kinship,Exploration & Invention,Kinship + Exploration & Invention,1113,669,0,1.3246417491316307,-1.8676132324930295,-2.4643211974409778,-1.0365171190258473,0.3618257358067754,0.0009995002498750624,0.0,-1.4317659381728907,1.4530588602853876,-4.279761304332251,1.4162294279864691,0.32445407631078593,0.003543682704102494,0.45191817771859466,dissociated,low pressure
1450,Kinship,Culture (core),Kinship + Culture (core),1113,669,6,17.803536312775957,-1.4936107863499906,-2.8874823226725437,-0.7075154434338226,0.5637281390152642,0.01999000499750125,0.008968609865470852,-2.135435309972033,0.4066397581144184,-2.9324492358762932,-1.338421384067773,1.509327948486597e-07,0.04724910272136659,1.1772757998195458e-06,dissociated,low pressure
1450,Kinship,Culture (periphery),Kinship + Culture (periphery),1113,669,1,4.9372140920261565,-1.8579051351072315,-3.724362791960768,-0.4682924962547149,1.0195560955001286,0.030484757621189407,0.0014947683109118087,-1.5838052925473207,0.8388127474514995,-3.22787827755226,0.060267692457618205,0.05900565548485475,0.06426516471493984,0.11801131096970952,not distinguishable,low pressure
1450,Kinship,Sport & Games,Kinship + Sport & Games,1113,669,0,0.2930057442619303,-0.6654032214683547,-1.3330971726877727,0.0,0.3634591822170789,0.15442278860569716,0.0,-0.08906406330737195,1.5511635702720972,-3.1293446610406823,2.9512165344259387,0.9542125567631667,0.24062968515742128,0.9542125567631669,not distinguishable,low pressure
1450,Big business,Small business,Big business + Small business,1113,669,3,1.477024662941012,0.8240240535798824,-1.7910237890067096,1.78944631414597,0.8220186041544683,0.25287356321839083,0.004484304932735426,0.3368757471684008,0.5789247747385274,-0.7978168113191131,1.4715683056559146,0.5606347145057973,0.3081896551724138,0.694119170340511,not distinguishable,low pressure
1450,Big business,Academia,Big business + Academia,1113,669,0,1.8651424969314843,-2.241927106788057,-2.681601523248529,-1.7156756508915108,0.2528328087868821,0.0004997501249375312,0.0,-2.204405302717121,1.4289443601942022,-5.005136248697758,0.5963256432635151,0.12290819608329945,0.0025987006496751624,0.2130408732110524,dissociated,low pressure
1450,Big business,Exploration & Invention,Big business + Exploration & Invention,1113,669,0,0.14439709097679151,-0.3660218863656396,-0.6307247369182981,-0.14211951888542126,0.1257414142569616,0.004997501249375313,0.0,0.6517117061955701,1.4629050765762153,-2.2155822438938118,3.519005656284952,0.6559646360532476,0.013441555084526702,0.7576395165610409,dissociated,low pressure
1450,Big business,Culture (core),Big business + Culture (core),1113,669,2,1.9407351869664353,0.034612319708861514,-2.3929849771050726,1.165017120001171,0.9357199553068981,0.9630184907546226,0.0029895366218236174,-0.9499797775723061,0.6650898851304923,-2.253555952428071,0.3535963972834587,0.1531917312128772,0.9675162418790604,0.25975989205661787,not distinguishable,low pressure
1450,Big business,Culture (periphery),Big business + Culture (periphery),1113,669,0,0.5381978583156937,-1.0540814167293808,-1.4452510523040045,-0.6642678977726411,0.20030093198848392,0.0004997501249375312,0.0,-0.6311098875939857,1.4369064248246743,-3.4474464802503473,2.1852267050623757,0.6605062452070612,0.0025987006496751624,0.7576395165610409,dissociated,low pressure
1450,Big business,Sport & Games,Big business + Sport & Games,1113,669,0,0.03194009032151391,-0.08933567666047018,-0.229208298929248,0.0,0.0626776168148265,0.22088955522238882,0.0,1.9932002840967704,1.5603916471878507,-1.065167344391417,5.051567912584957,0.20147101645081444,0.2797794651061566,0.32739040173257344,not distinguishable,low pressure
1450,Small business,Academia,Small business + Academia,1113,669,3,7.082214200312467,-1.1152642916869682,-3.8267559547887204,-0.12924866238146546,0.8599936241583871,0.15642178910544727,0.004484304932735426,-1.4615614805212764,0.5519216538615648,-2.5433279220899436,-0.37979503895260946,0.008093787742752516,0.24062968515742128,0.026304810163945674,not distinguishable,low pressure
1450,Small business,Exploration & Invention,Small business + Exploration & Invention,1113,669,0,0.5482965134739572,-1.0680468447509173,-1.5449230941899064,-0.49670637214260915,0.26623503317190544,0.0009995002498750624,0.0,-0.5977626301171142,1.4548599327207776,-3.4492880982498386,2.25376283801561,0.68116567909015,0.003543682704102494,0.7700133763627782,dissociated,low pressure
1450,Small business,Culture (core),Small business + Culture (core),1113,669,19,7.369250511846907,1.3091759826634322,0.6931499882699373,1.7641235968212818,0.27488722740589605,0.0009995002498750624,0.028400597907324365,0.09536434155453628,0.2658370225286246,-0.42567622260156796,0.6164049057106405,0.7197953202935429,0.003543682704102494,0.7709923691240105,associated,low pressure
1450,Small business,Culture (periphery),Small business + Culture (periphery),1113,669,10,2.0436146412469967,2.0454373045438827,1.1377318647405776,2.631513562821703,0.3794831294768787,0.0004997501249375312,0.014947683109118086,1.6364705203695575,0.3877596043766944,0.8764616957912366,2.3964793449478785,2.439532488155684e-05,0.0025987006496751624,0.00014637194928934105,associated,low pressure
1450,Small business,Sport & Games,Small business + Sport & Games,1113,669,0,0.12128111477082401,-0.31331810611591104,-0.7071482766616016,0.0,0.19210760915629735,0.18140929535232383,0.0,0.7441554602413989,1.552851387249753,-2.2994332587681168,3.7877441792509146,0.6317830352733512,0.24824429890317998,0.7529123205186513,not distinguishable,low pressure
1450,Academia,Exploration & Invention,Academia + Exploration & Invention,1113,669,2,0.6923724118210514,1.0680931940073664,-1.2543738338794561,2.126943684402884,0.9067482697281762,0.1724137931034483,0.0029895366218236174,0.8115797777851244,0.7357919802715599,-0.630572503547133,2.2537320591173815,0.2700264430123539,0.24824429890317998,0.39739740669742646,not distinguishable,low pressure
1450,Academia,Culture (core),Academia + Culture (core),1113,669,25,9.305668784711878,1.3788093107908728,0.8594845177476833,1.7858098280675234,0.2342302460337633,0.0004997501249375312,0.03736920777279522,-0.0892598642034774,0.23303419107267115,-0.5460068787059128,0.36748715029895807,0.7016950450759052,0.0025987006496751624,0.7709923691240105,associated,low pressure
1450,Academia,Culture (periphery),Academia + Culture (periphery),1113,669,5,2.5806153481225844,0.8362130628422306,-0.8480485125561875,1.6758414358709606,0.632281731982246,0.12993503248375812,0.007473841554559043,0.2642537517996071,0.47448550535176587,-0.665737838689854,1.1942453422890682,0.5775773600121018,0.23299713779473902,0.7039224075147491,not distinguishable,low pressure
1450,Academia,Sport & Games,Academia + Sport & Games,1113,669,1,0.1531501584976057,1.199475891714147,-0.5012900878530102,2.2589343374382014,0.8829397194607683,0.3773113443278361,0.0014947683109118087,1.9094134476473748,1.1581599626004921,-0.3605800790495899,4.17940697434434,0.09921705366987299,0.43279830672898845,0.17997512061046728,not distinguishable,low pressure
1450,Exploration & Invention,Culture (core),Exploration & Invention + Culture (core),1113,669,4,0.720433695718473,1.882531083592026,0.279593416260986,2.621583586718658,0.6231332898354501,0.019490254872563718,0.005979073243647235,1.2817114936710032,0.6403443399925012,0.02663658728570084,2.5367864000563056,0.04532806103626003,0.04724910272136659,0.09906390135240171,associated,low pressure
1450,Exploration & Invention,Culture (periphery),Exploration & Invention + Culture (periphery),1113,669,0,0.19978813941133955,-0.4849901179078206,-0.7966606610293111,-0.1980550386558866,0.1542834288095768,0.0034982508745627187,0.0,0.5208303969161706,1.4615222116952764,-2.343753138006571,3.3854139318389125,0.7215697813596509,0.010106058082070078,0.7709923691240105,dissociated,low pressure
1450,Exploration & Invention,Sport & Games,Exploration & Invention + Sport & Games,1113,669,0,0.011856701247261956,-0.03381187679089972,-0.10101725189556048,0.0,0.026485705430885204,0.2223888055972014,0.0,3.1446058962804053,1.5830888122190727,0.04175182433102265,6.247459968229788,0.04699185064152389,0.2797794651061566,0.09906390135240171,not distinguishable,low pressure
1450,Culture (core),Culture (periphery),Culture (core) + Culture (periphery),1113,669,14,2.6852055638465866,2.1865945123250854,1.4759836835445328,2.637614339876095,0.2993560275714201,0.0004997501249375312,0.02092675635276532,1.2205831463125891,0.35569226626836037,0.5234263044266029,1.9177399881985755,0.0006000967670279153,0.0025987006496751624,0.002753385166363376,associated,low pressure
1450,Culture (core),Sport & Games,Culture (core) + Sport & Games,1113,669,0,0.15935720834991432,-0.3991321656353332,-0.8758731024255912,0.0,0.239318924592325,0.175912043978011,0.0,-0.1431008436406733,1.5510973437962385,-3.183251637481301,2.8970499501999543,0.9264932083019528,0.24824429890317998,0.9385255876305496,not distinguishable,low pressure
1450,Culture (periphery),Sport & Games,Culture (periphery) + Sport & Games,1113,669,0,0.04419238071071001,-0.1221886625311265,-0.30452898991049293,0.0,0.08290329645960977,0.21339330334832585,0.0,1.8623431145640899,1.5590952376270732,-1.1934835511849737,4.918169780313153,0.23228147453244052,0.2797794651061566,0.3623591002706072,not distinguishable,low pressure
1500,Politics,Administration & Law,Politics + Administration & Law,2485,1409,112,52.20269582610518,1.0939763364504755,0.9047938907251356,1.274719261210576,0.09325037325343222,0.0004997501249375312,0.0794889992902768,0.15304167786277123,0.13154137866604235,-0.10477942432267179,0.41086278004821425,0.24464740220433712,0.0022929711614780844,0.32900857537824646,associated,low pressure
1500,Politics,Military,Politics + Military,2485,1409,43,23.870065722538232,0.8359052591552568,0.4945956774041455,1.1226860009694775,0.16047599347486863,0.0004997501249375312,0.030518097941802696,-0.35831142402640614,0.1877299203312471,-0.7262620678756504,0.009639219822838163,0.05630676794801459,0.0022929711614780844,0.09344527446691783,associated,low pressure
1500,Politics,Religion,Politics + Religion,2485,1409,43,54.92212612739263,-0.34944665620602106,-0.7734305489106094,-0.017463008242047683,0.187002078368177,0.063968015992004,0.030518097941802696,-1.9218817971310143,0.16628963191521798,-2.2478094756848415,-1.595954118577187,6.770002532118888e-31,0.11339784653127981,1.320150493763183e-29,not distinguishable,low pressure
1500,Politics,Nobility,Politics + Nobility,2485,1409,122,99.20730911092424,0.29701057789116725,0.10284656296103542,0.466572394205204,0.0938291844973669,0.001999000499750125,0.08658623136976579,-0.7428753118641047,0.11415575475150627,-0.966620591177057,-0.5191300325511524,7.638174462367438e-11,0.007424858999071892,6.619751200718447e-10,associated,low pressure
1500,Politics,Kinship,Politics + Kinship,2485,1409,78,82.64415336871886,-0.08292216389774189,-0.34509773107647856,0.15355625773583056,0.12982921234997963,0.5167416291854073,0.05535841022001419,-0.9507082346659127,0.1349901673260135,-1.215288962624899,-0.6861275067069263,1.8841975416903304e-12,0.5676879869924194,1.8370926031480722e-11,not distinguishable,low pressure
1500,Politics,Big business,Politics + Big business,2485,1409,21,10.961178616641892,0.9075812477485927,0.3644324460338441,1.3003667997428063,0.2434318366338185,0.0034982508745627187,0.014904187366926898,-0.19070112716996787,0.27006399155383376,-0.720026550615482,0.33862429627554624,0.4801053608887107,0.01186363340069096,0.5349745449902776,associated,low pressure
1500,Politics,Small business,Politics + Small business,2485,1409,54,47.32487570111116,0.1884950109391601,-0.16824790290907704,0.46035829633643743,0.158562877416239,0.22188905547226387,0.0383250532292406,-0.8191909046393289,0.16040359197551599,-1.1335819449113402,-0.5047998643673175,3.2720840403482307e-07,0.3090597558363676,1.8230182510511572e-06,not distinguishable,low pressure
1500,Politics,Academia,Politics + Academia,2485,1409,20,65.81929073108313,-1.693804667907816,-2.415268135441526,-1.2074256842027917,0.31038085660449466,0.0004997501249375312,0.014194464158977998,-2.7656961569933216,0.23086720501702013,-3.218195878826681,-2.3131964351599623,4.545259006728173e-33,0.0022929711614780844,1.181767341749325e-31,dissociated,low pressure
1500,Politics,Exploration & Invention,Politics + Exploration & Invention,2485,1409,10,8.186073754184186,0.2736132198897843,-0.6338170751346551,0.869427700900199,0.39143621903699927,0.4527736131934033,0.007097232079488999,-0.8932309809110998,0.3496763923534654,-1.578596709923892,-0.2078652518983075,0.010635559837701683,0.5193579680747862,0.025924177104397855,not distinguishable,low pressure
1500,Politics,Culture (core),Politics + Culture (core),2485,1409,22,59.9362323067364,-1.4254887219026442,-2.057105748675036,-0.9478883528088979,0.2881858248783887,0.0004997501249375312,0.015613910574875798,-2.704869125801784,0.22115341418047654,-3.138329817595518,-2.27140843400805,2.129986805583116e-34,0.0022929711614780844,8.306948541774152e-33,dissociated,low pressure
1500,Politics,Culture (periphery),Politics + Culture (periphery),2485,1409,1,20.095720245663145,-3.77931017323362,-5.544928812843687,-2.452271809877779,1.0147734117146079,0.0004997501249375312,0.0007097232079489,-3.8244967829674454,0.8236233394902296,-5.438798528368295,-2.2101950375665957,3.4255235522554227e-06,0.0022929711614780844,1.3359541853796148e-05,dissociated,low pressure
1500,Politics,Sport & Games,Politics + Sport & Games,2485,1409,0,0.8302784626011241,-1.4117282717142177,-2.161943584634564,-0.48182676472593294,0.4553374327853087,0.014492753623188406,0.0,-2.1215338313175165,1.4681756181741192,-4.99915804293879,0.7560903803037573,0.14845404727493908,0.035326086956521736,0.21443362384157869,dissociated,low pressure
1500,Administration & Law,Military,Administration & Law + Military,2485,1409,7,9.05824796773753,-0.3498556000136071,-1.593313334997537,0.4144748890535151,0.538259703876638,0.4802598700649675,0.0049680624556423,-0.7743194431360683,0.3811626311926584,-1.5213982002736788,-0.027240685998457748,0.04220760760509232,0.542902461812572,0.07656263705109768,not distinguishable,low pressure
1500,Administration & Law,Religion,Administration & Law + Religion,2485,1409,15,20.84192993685553,-0.4614224285370152,-1.290670190710867,0.07578020722227935,0.3541790360332348,0.1774112943528236,0.0106458481192335,-1.256233681798119,0.26754122759820526,-1.7806144878906012,-0.7318528757056367,2.659852919504486e-06,0.2661169415292354,1.0919396195860523e-05,not distinguishable,low pressure
1500,Administration & Law,Nobility,Administration & Law + Nobility,2485,1409,19,37.6473369023963,-0.9681082208487184,-1.689189839857936,-0.4544807550219289,0.3102470990784866,0.005497251374312844,0.0134847409510291,-1.1849135848327421,0.2410314496144067,-1.6573352260769791,-0.712491943588505,8.832482470190294e-07,0.01715142428785607,4.052550780440253e-06,dissociated,low pressure
1500,Administration & Law,Kinship,Administration & Law + Kinship,2485,1409,13,31.361925978726738,-1.2388740697558642,-2.1701801035295563,-0.6228513311814282,0.4010405273101281,0.006496751624187906,0.009226401703335699,-1.240507145725022,0.2854013815544215,-1.7998938535716884,-0.6811204378783559,1.3830487664300141e-05,0.01876839358098728,5.137038275311481e-05,dissociated,low pressure
1500,Administration & Law,Big business,Administration & Law + Big business,2485,1409,3,4.15956432974775,-0.41284014683573933,-3.127277990573241,0.578710585402481,0.8701171115847304,0.5552223888055972,0.0021291696238466998,-0.7074946289680869,0.5541482241814832,-1.7936251483637942,0.37863589042762025,0.201699519391756,0.5932513195457065,0.28093861629566014,not distinguishable,low pressure
1500,Administration & Law,Small business,Administration & Law + Small business,2485,1409,13,17.95891406944302,-0.4513582750298133,-1.3155084168381022,0.12299218835915887,0.3661002455994597,0.18940529735132433,0.009226401703335699,-0.728491724469348,0.2881826987019972,-1.2933298139252625,-0.16365363501343344,0.011475306277813473,0.27073735859343057,0.027123451202104572,not distinguishable,low pressure
1500,Administration & Law,Academia,Administration & Law + Academia,2485,1409,38,24.9772021339605,0.5956515940018415,0.14964071914935553,0.9390720068470946,0.2033540203432987,0.005997001499250375,0.0269694819020582,-0.16489133713185564,0.1833469196223402,-0.5242512995916424,0.19446862532793116,0.36847124355826144,0.017991004497751123,0.4451930816227076,associated,low pressure
1500,Administration & Law,Exploration & Invention,Administration & Law + Exploration & Invention,2485,1409,1,3.1064634178017463,-1.2656222891739242,-3.110710071744216,0.1437158978328398,1.0116217646283168,0.37381309345327335,0.0007097232079489,-1.3703060839940802,0.8315805678938499,-3.000203997066026,0.2595918290778656,0.09938690028011468,0.4805466119399317,0.14626751361979143,not distinguishable,low pressure
1500,Administration & Law,Culture (core),Administration & Law + Culture (core),2485,1409,10,22.744690391602663,-1.1465118820706992,-2.242848445306159,-0.45998848726199737,0.45800245232400144,0.02148925537231384,0.007097232079488999,-1.7048735454382737,0.3196029109855597,-2.331295250969971,-1.0784518399065768,9.588781571721317e-08,0.04656005330667999,5.753268943032789e-07,dissociated,low pressure
1500,Administration & Law,Culture (periphery),Administration & Law + Culture (periphery),2485,1409,0,7.625953744384733,-4.022537152295227,-4.31983922942726,-3.7060465554650097,0.15890842949132764,0.0004997501249375312,0.0,-3.235885328931089,1.4191865643672523,-6.0174909950909035,-0.45427966277127485,0.022601839980997875,0.0022929711614780844,0.047371237608141235,dissociated,low pressure
1500,Administration & Law,Sport & Games,Administration & Law + Sport & Games,2485,1409,1,0.3150753032662006,0.8799572422402023,-0.9185590065200534,2.0760845229989378,0.9275606833127951,0.4482758620689655,0.0007097232079489,0.8261091552109293,0.9234267335320153,-0.9838072425118206,2.6360255529336794,0.3709942346855897,0.5193579680747862,0.4451930816227076,not distinguishable,low pressure
1500,Military,Religion,Military + Religion,2485,1409,1,9.530125398782433,-2.741305237112376,-4.527362451115569,-1.379313506780087,1.022375427261313,0.0004997501249375312,0.0007097232079489,-2.9663809766634426,0.822734207727399,-4.578940023809144,-1.3538219295177405,0.00031153383885963016,0.0022929711614780844,0.000899986645594487,dissociated,low pressure
1500,Military,Nobility,Military + Nobility,2485,1409,22,17.214521049492436,0.3449925418490877,-0.25343190405362975,0.8087541409290465,0.2714639683900786,0.19090454772613694,0.015613910574875798,-0.21466100289191659,0.2361377793887407,-0.6774910504938483,0.24816904471001516,0.36332383522962186,0.27073735859343057,0.4451930816227076,not distinguishable,low pressure
1500,Military,Kinship,Military + Kinship,2485,1409,17,14.340470783181773,0.2378180628624652,-0.5080011194678367,0.7295869719210807,0.3120721419096597,0.42628685657171417,0.0120652945351313,-0.17033635434330727,0.26228161700323455,-0.684408323669647,0.3437356149830324,0.5160535705591555,0.511544227886057,0.5586115541984855,not distinguishable,low pressure
1500,Military,Big business,Military + Big business,2485,1409,1,1.9019913120761218,-0.6792684321511326,-2.4985763365109976,0.6802790414162153,1.0064805968919095,0.551224387806097,0.0007097232079489,-0.885587376885581,0.8312072413238314,-2.5147535698802903,0.7435788161091285,0.2866845182404252,0.5932513195457065,0.36671942854512346,not distinguishable,low pressure
1500,Military,Small business,Military + Small business,2485,1409,6,8.21184523824246,-0.42253860735503995,-1.8592743467295327,0.3862784555017384,0.5814707710988296,0.4217891054472764,0.0042583392476933995,-0.787381188066253,0.40772723806653033,-1.5865265746766526,0.011764198544146454,0.05346488961875291,0.511544227886057,0.09065785631005928,not distinguishable,low pressure
1500,Military,Academia,Military + Academia,2485,1409,3,11.421008954955385,-1.7680795187564833,-4.538494826181189,-0.7152854398590611,0.890051058113199,0.054972513743128434,0.0021291696238466998,-2.086614658030656,0.5441333320362718,-3.1531159888217486,-1.0201133272395635,0.0001256926707395833,0.09971758306893064,0.0004262621007690216,not distinguishable,low pressure
1500,Military,Exploration & Invention,Military + Exploration & Invention,2485,1409,7,1.420453192582197,1.965443794276629,0.699070696507257,2.6813148692780815,0.5077903938308488,0.00849575212393803,0.0049680624556423,1.1294449446408346,0.40608010690889185,0.3335279350994066,1.9253619541822626,0.005413578839902072,0.02366673805954166,0.013621262887495536,associated,low pressure
1500,Military,Culture (core),Military + Culture (core),2485,1409,3,10.40017657890459,-1.6389246791573306,-4.337344985547804,-0.5630927804407859,0.8465159168121961,0.04597701149425287,0.0021291696238466998,-2.122042951324949,0.5440708154565558,-3.188421749619798,-1.0556641530300996,9.607097525693851e-05,0.08746846089150546,0.00034061527591096384,not distinguishable,low pressure
1500,Military,Culture (periphery),Military + Culture (periphery),2485,1409,0,3.487023307797655,-2.9953120392318584,-3.3049828249813054,-2.6448556267359895,0.169040888978827,0.0004997501249375312,0.0,-2.5269475761589657,1.420393456136312,-5.310918750186137,0.25702359786820583,0.07523195760935215,0.0022929711614780844,0.11736185387058937,dissociated,low pressure
1500,Military,Sport & Games,Military + Sport & Games,2485,1409,1,0.14407049439680253,1.2196719936804779,-0.5049058721044041,2.4341848944540754,0.9652793474182655,0.39780109945027486,0.0007097232079489,1.5360671128756904,0.9253023668516285,-0.27752552615350146,3.3496597519048823,0.0969002815362481,0.5004594476955071,0.14535042230437217,not distinguishable,low pressure
1500,Religion,Nobility,Religion + Nobility,2485,1409,16,39.60852505781636,-1.2814428893029022,-2.0677523486726996,-0.7331464091710306,0.3426792119117648,0.001999000499750125,0.0113555713271824,-1.9195295628323625,0.2567679644748476,-2.422794773203064,-1.4162643524616612,7.677283755428546e-14,0.007424858999071892,9.98046888205711e-13,dissociated,low pressure
1500,Religion,Kinship,Religion + Kinship,2485,1409,7,32.99568397653945,-2.159012711064451,-3.581834904481162,-1.409408056802958,0.5428602051807438,0.004497751124437781,0.0049680624556423,-2.4012673353207914,0.3731259200004532,-3.1325941385216796,-1.6699405321199032,1.2303392333972609e-10,0.014617691154422787,9.596646020498636e-10,dissociated,low pressure
1500,Religion,Big business,Religion + Big business,2485,1409,0,4.376251324537276,-3.2857724851294785,-3.643043606072166,-2.868187436348396,0.19665540708493096,0.0004997501249375312,0.0,-3.224363595198033,1.4209809794249482,-6.009486314870932,-0.43924087552513447,0.023261575585622696,0.0022929711614780844,0.047371237608141235,dissociated,low pressure
1500,Religion,Small business,Religion + Small business,2485,1409,21,18.894459912924884,0.14869205882522318,-0.5220339780433275,0.6196503222129954,0.2908598667434963,0.6061969015492253,0.014904187366926898,-0.7338739735020312,0.23300963349282744,-1.1905728551479728,-0.27717509185608946,0.0016352576931534639,0.6389643016329672,0.004251670002199006,not distinguishable,low pressure
1500,Religion,Academia,Religion + Academia,2485,1409,102,26.27835639907236,1.9364845909191233,1.7352813099539468,2.117097135690861,0.09879490815183824,0.0004997501249375312,0.0723917672107878,0.6514072276276802,0.12971341159217434,0.39716894090701854,0.905645514348342,5.11639587853033e-07,0.0022929711614780844,2.494242990783536e-06,associated,low pressure
1500,Religion,Exploration & Invention,Religion + Exploration & Invention,2485,1409,1,3.268290515320847,-1.328947692694537,-3.1687805655541132,0.05372031807920964,1.018144193839672,0.33483258370814595,0.0007097232079489,-1.879409172659393,0.8307916336809337,-3.507760774674023,-0.25105757064476286,0.023685618804070618,0.4426600259192438,0.047371237608141235,not distinguishable,low pressure
1500,Religion,Culture (core),Religion + Culture (core),2485,1409,33,23.929544914257317,0.455534106957438,-0.02674431716668317,0.8393069155640077,0.21678786363613958,0.0384807596201899,0.0234208658623137,-0.950206662248337,0.1888711676007525,-1.320394150745812,-0.5800191737508622,4.879845083065053e-07,0.07898682237828454,2.494242990783536e-06,not distinguishable,low pressure
1500,Religion,Culture (periphery),Religion + Culture (periphery),2485,1409,3,8.023217704808895,-1.2840432607878514,-4.018192988991297,-0.22091011458991502,0.8497359003025523,0.09145427286356822,0.0021291696238466998,-1.7607026112459925,0.5466447614734937,-2.83212634373404,-0.6892788787579447,0.0012777690258185407,0.15846424613780066,0.0034367580694429716,not distinguishable,low pressure
1500,Religion,Sport & Games,Religion + Sport & Games,2485,1409,1,0.33148873390096417,0.8511938794866185,-0.9938698099810287,1.936068792987164,0.913941317382332,0.4527736131934033,0.0007097232079489,0.3184033981660433,0.922715617393841,-1.490119211925885,2.1269260082579717,0.7300401820149469,0.5193579680747862,0.7592417892955449,not distinguishable,low pressure
1500,Nobility,Kinship,Nobility + Kinship,2485,1409,173,59.60098871617229,1.5294750329077553,1.3903509427792244,1.6745777595115605,0.07425782571834501,0.0004997501249375312,0.12278211497515969,1.7247263387086498,0.12239076578024242,1.4848404377793747,1.9646122396379249,4.2555591008272784e-45,0.0022929711614780844,3.3193360986452773e-43,associated,low pressure
1500,Nobility,Big business,Nobility + Big business,2485,1409,7,7.904940112723059,-0.16434694433058492,-1.4107994968853461,0.56775694471672,0.5269550080425264,0.7231384307846077,0.0049680624556423,-0.5539213411549434,0.3928454475935551,-1.3238984184383114,0.21605573612842455,0.15853272283163022,0.7421683894894657,0.22482822510667558,not distinguishable,low pressure
1500,Nobility,Small business,Nobility + Small business,2485,1409,22,34.12956957852742,-0.6220794545079877,-1.2711812959620301,-0.1569064202732579,0.283837797546742,0.033483258370814596,0.015613910574875798,-0.8677136855736097,0.22784077195896585,-1.3142815986131828,-0.4211457725340367,0.00013985675243489358,0.07058632845739293,0.00045453444541340417,not distinguishable,low pressure
1500,Nobility,Academia,Nobility + Academia,2485,1409,2,47.46729979394501,-4.262051228709113,-6.6355622169026685,-3.0901136045968296,0.994877646814523,0.0004997501249375312,0.0014194464158978,-3.8677915407778767,0.6365539117670967,-5.115437207841387,-2.620145873714367,1.2310890713087148e-09,0.0022929711614780844,8.002078963506646e-09,dissociated,low pressure
1500,Nobility,Exploration & Invention,Nobility + Exploration & Invention,2485,1409,1,5.903600794070897,-2.0939208710983643,-3.9576333082302972,-0.7238706445350057,1.0153369594143853,0.001999000499750125,0.0007097232079489,-2.0563858582286922,0.8306035510803944,-3.6843688183462655,-0.4284028981111192,0.013294807123971762,0.007424858999071892,0.030499851637346986,dissociated,low pressure
1500,Nobility,Culture (core),Nobility + Culture (core),2485,1409,22,43.22457862767327,-0.9585194795669288,-1.604448897189817,-0.4750603878911844,0.28887058163242246,0.0029985007496251873,0.015613910574875798,-1.602513882947187,0.22312554776304844,-2.039839956562762,-1.1651878093316121,6.86399298404289e-13,0.010631048112307482,7.648449325076364e-12,dissociated,low pressure
1500,Nobility,Culture (periphery),Nobility + Culture (periphery),2485,1409,1,14.492553275504514,-3.3212116935444973,-5.109263922337219,-1.9518587943322818,1.021011233208992,0.0004997501249375312,0.0007097232079489,-2.811833970553994,0.8241649229189926,-4.42719721947522,-1.1964707216327686,0.0006455035762592882,0.0022929711614780844,0.0017981885338651598,dissociated,low pressure
1500,Nobility,Sport & Games,Nobility + Sport & Games,2485,1409,0,0.5987769886151547,-1.135898601876579,-1.797063987037849,-0.3643488703914628,0.38776866990956194,0.014492753623188406,0.0,-1.1261663073644201,1.4684849610375255,-4.00439683099797,1.7520642162691296,0.4431469701143709,0.035326086956521736,0.5159024428197153,dissociated,low pressure
1500,Kinship,Big business,Kinship + Big business,2485,1409,2,6.585170880060533,-1.5028745535760466,-3.9404353857802845,-0.3484311289724492,0.9705988059057903,0.13493253373313344,0.0014194464158978,-1.414725515913645,0.6481416522824317,-2.685083154387211,-0.14436787744007873,0.02905487083489584,0.2147905639017226,0.05527512012492379,not distinguishable,low pressure
1500,Kinship,Small business,Kinship + Small business,2485,1409,14,28.43146747889758,-0.9965866021090248,-1.830754184353067,-0.40829014129885466,0.3662841990565456,0.013493253373313344,0.0099361249112846,-1.013717309370478,0.27734372539090235,-1.5573110111366466,-0.4701236076043095,0.00025708804250204023,0.035326086956521736,0.0008021146926063655,dissociated,low pressure
1500,Kinship,Academia,Kinship + Academia,2485,1409,9,39.54239702019876,-2.0755289208935337,-3.2238865588133008,-1.3830398112725042,0.47652656646924973,0.001999000499750125,0.0063875088715401,-2.14076714673674,0.33347289475090425,-2.794374020448512,-1.4871602730249678,1.3662062977641034e-10,0.007424858999071892,9.687644656872734e-10,dissociated,low pressure
1500,Kinship,Exploration & Invention,Kinship + Exploration & Invention,2485,1409,2,4.917965156250374,-1.1158230204933857,-3.532053346476493,0.10517608094485126,0.9594451672068326,0.1744127936031984,0.0014194464158978,-1.1836915821175364,0.6514067233336127,-2.4604487598514173,0.09306559561634442,0.06919700265031724,0.2661169415292354,0.11211130504124452,not distinguishable,low pressure
1500,Kinship,Culture (core),Kinship + Culture (core),2485,1409,28,36.00801934270301,-0.3572514815695968,-0.9255149638168435,0.06109872889134127,0.24955521886160112,0.1469265367316342,0.0198722498225692,-0.9646584024803292,0.20306351663918412,-1.36266289509313,-0.5666539098675283,2.0288876299832592e-06,0.22920539730134934,8.791846396594125e-06,not distinguishable,low pressure
1500,Kinship,Culture (periphery),Kinship + Culture (periphery),2485,1409,6,12.072949123798342,-0.9518114662221162,-2.4171031528192355,-0.1334918038127126,0.6194148592718918,0.09945027486256872,0.0042583392476933995,-0.9386778404939391,0.40943675880004543,-1.7411738877420282,-0.1361817932458501,0.021870604252980798,0.1650451370059651,0.047371237608141235,not distinguishable,low pressure
1500,Kinship,Sport & Games,Kinship + Sport & Games,2485,1409,0,0.49880817980296743,-0.9982795414697262,-1.6066360446741401,-0.3059819001584577,0.35290234835493506,0.014492753623188406,0.0,-0.7902563457079926,1.4687067038399217,-3.668921485234239,2.0884087938182536,0.5905337384724836,0.035326086956521736,0.6224544810926179,dissociated,low pressure
1500,Big business,Small business,Big business + Small business,2485,1409,7,3.770894620688308,0.8123522939960495,-0.43340176300483974,1.5602366413908422,0.5127891958372943,0.09345327336331834,0.0049680624556423,0.28462771004139337,0.3956420404270156,-0.4908306891955572,1.060086109278344,0.4718900968684818,0.15846424613780066,0.5334409790687186,not distinguishable,low pressure
1500,Big business,Academia,Big business + Academia,2485,1409,3,5.2445485736274975,-0.7148386033328782,-3.3673993919238487,0.3168122746466115,0.8205092454541602,0.3073463268365817,0.0021291696238466998,-1.207815237722461,0.5529696354166744,-2.2916357231391427,-0.12399475230577894,0.02894503661548007,0.42057918409216444,0.05527512012492379,not distinguishable,low pressure
1500,Big business,Exploration & Invention,Big business + Exploration & Invention,2485,1409,3,0.6522747503695209,1.6028701655769002,-1.0580929966872572,2.5771944657455994,0.8135228985703911,0.04447776111944028,0.0021291696238466998,1.1185092175365827,0.56985446580546,0.0015944645578811478,2.235423970515284,0.04966964790498279,0.08673163418290855,0.08609405636863683,not distinguishable,low pressure
1500,Big business,Culture (core),Big business + Culture (core),2485,1409,5,4.775780446148967,0.06004709116740556,-1.6477068267718609,0.9354337300100961,0.6485323911298565,0.9180409795102449,0.0035486160397444995,-0.750426794151991,0.44991913807586476,-1.6322683047806859,0.13141471647670389,0.09533263906202512,0.9180409795102449,0.14535042230437217,not distinguishable,low pressure
1500,Big business,Culture (periphery),Big business + Culture (periphery),2485,1409,0,1.601247594432647,-2.071246167824523,-2.4316763009996407,-1.678012398911689,0.18941093149840355,0.0004997501249375312,0.0,-1.6814132053292266,1.4235669160756526,-4.471604360837505,1.1087779501790522,0.2375523076900622,0.0022929711614780844,0.32507157894429567,dissociated,low pressure
1500,Big business,Sport & Games,Big business + Sport & Games,2485,1409,0,0.06615743923068404,-0.1792752041289576,-0.36279254170995784,-0.04031392960314235,0.0853399230533637,0.04447776111944028,0.0,1.106916259989029,1.4732684059183438,-1.7806898156109248,3.9945223355889827,0.4524518291353715,0.08673163418290855,0.5189888628317497,not distinguishable,low pressure
1500,Small business,Academia,Small business + Academia,2485,1409,27,22.643332257950192,0.24883501495647292,-0.2953940889943881,0.6793818125713046,0.2468678104752341,0.31284357821089454,0.0191625266146203,-0.4279359849554843,0.2105833923089993,-0.840679433881123,-0.01519253602984566,0.04213898027533616,0.42072067414568576,0.07656263705109768,not distinguishable,low pressure
1500,Small business,Exploration & Invention,Small business + Exploration & Invention,2485,1409,2,2.8161954625339347,-0.4076009494968562,-2.8274840288799763,0.7987655658276411,0.9699128029949888,0.6561719140429785,0.0014194464158978,-0.6950731993958591,0.6525391363344635,-1.9740499066114077,0.5839035078196894,0.28679339924682734,0.6824187906046977,0.36671942854512346,not distinguishable,low pressure
1500,Small business,Culture (core),Small business + Culture (core),2485,1409,26,20.61942642250632,0.32742170625989186,-0.24247281501827997,0.7542704408636672,0.2537822373476193,0.18590704647676162,0.018452803406671398,-0.5103503863668308,0.2135682011017037,-0.9289440605261701,-0.0917567122074916,0.016865051678678883,0.27073735859343057,0.037584972312484366,not distinguishable,low pressure
1500,Small business,Culture (periphery),Small business + Culture (periphery),2485,1409,20,6.913384593348063,1.4674196468086174,0.8251193402761665,1.9224428490582262,0.2805383081682829,0.0004997501249375312,0.014194464158977998,0.934224962269122,0.2572414322243336,0.43003175510942815,1.4384181694288158,0.00028155500949252657,0.0022929711614780844,0.0008446650284775798,associated,low pressure
1500,Small business,Sport & Games,Small business + Sport & Games,2485,1409,0,0.28563466555890593,-0.6519304940403698,-1.1390316454633573,-0.18087014501774018,0.2564451159642155,0.017991004497751123,0.0,-0.3057214528200781,1.4692024643611654,-3.1853582829679623,2.5739153773278063,0.8351612927874085,0.040094238594988216,0.8351612927874086,dissociated,low pressure
1500,Academia,Exploration & Invention,Academia + Exploration & Invention,2485,1409,7,3.9167559377176775,0.7639034818568093,-0.5283035655572429,1.5053869178049604,0.5350787469045839,0.11944027986006997,0.0049680624556423,-0.10832689480805302,0.3998132846041242,-0.8919609326321364,0.6753071430160303,0.7864343258719113,0.1940904547726137,0.7966477586754427,not distinguishable,low pressure
1500,Academia,Culture (core),Academia + Culture (core),2485,1409,63,28.67743448461409,1.121903556437155,0.8282693981489013,1.3773260041649822,0.14338892534292616,0.0004997501249375312,0.044712562100780694,-0.11585642152160434,0.14844658880590197,-0.40681173558117223,0.1750988925379635,0.4351209684602313,0.0022929711614780844,0.514233871816637,associated,low pressure
1500,Academia,Culture (periphery),Academia + Culture (periphery),2485,1409,12,9.615113906673887,0.3054155286571814,-0.5496737080656353,0.920610353139186,0.38126412382800906,0.4112943528235882,0.008516678495386799,-0.35302213831327944,0.3069271382883019,-0.9545993293583512,0.24855505273179235,0.25006882635743155,0.5092215796863473,0.33059946535389256,not distinguishable,low pressure
1500,Academia,Sport & Games,Academia + Sport & Games,2485,1409,0,0.39725980928156784,-0.8435976954855757,-1.4087710892402945,-0.24695801754324206,0.311967294822786,0.015492253873063468,0.0,-0.9384794031330042,1.4685988732881623,-3.8169331947778025,1.939974388511794,0.5228031212370441,0.036618054609059106,0.5586115541984855,dissociated,low pressure
1500,Exploration & Invention,Culture (core),Exploration & Invention + Culture (core),2485,1409,3,3.566668542980404,-0.21649248553968964,-2.9286887019466485,0.8330919233464285,0.8768646752784433,0.7656171914042978,0.0021291696238466998,-1.0074755211863118,0.5568801930763861,-2.0989606996160286,0.08400965724340503,0.07042889675667925,0.7755602718121458,0.11211130504124452,not distinguishable,low pressure
1500,Exploration & Invention,Culture (periphery),Exploration & Invention + Culture (periphery),2485,1409,2,1.195850497941384,0.5599191038691866,-1.847822992425959,1.6890214558191758,0.950673234829154,0.4992503748125937,0.0014194464158978,0.21224063783185454,0.6569099560227869,-1.0753028759728078,1.4997841516365167,0.7466275443035766,0.5563075605054616,0.7662756375747233,not distinguishable,low pressure
1500,Exploration & Invention,Sport & Games,Exploration & Invention + Sport & Games,2485,1409,0,0.04940797845480737,-0.1359497663702492,-0.2840391846728948,-0.02888257655933,0.06659145614073735,0.04997501249375312,0.0,1.328930249449329,1.4746049003119104,-1.5612953551620152,4.2191558540606735,0.3674761100513614,0.09281073748839866,0.4451930816227076,not distinguishable,low pressure
1500,Culture (core),Culture (periphery),Culture (core) + Culture (periphery),2485,1409,48,8.755696002873872,2.3895713613143896,2.0803802731019423,2.6516138182883107,0.14275368169475636,0.0004997501249375312,0.034066713981547196,1.5919630601751715,0.20615184489827415,1.1879054441745542,1.9960206761757888,1.1426359279166844e-14,0.0022929711614780844,1.7825120475500275e-13,associated,low pressure
1500,Culture (core),Sport & Games,Culture (core) + Sport & Games,2485,1409,0,0.36175194157759993,-0.7853445491852746,-1.30901793812323,-0.22647137228362418,0.2937825712423154,0.01649175412293853,0.0,-0.9733089325899256,1.4685759303386123,-3.851717756053606,1.9050998908737546,0.5074862170133125,0.03783402416438839,0.5575200693949067,dissociated,low pressure
1500,Culture (periphery),Sport & Games,Culture (periphery) + Sport & Games,2485,1409,1,0.12129000333329042,1.2716237543621165,-0.4164133429123103,2.4937420581880323,0.9643445687047885,0.3758120939530235,0.0007097232079489,1.865204948931774,0.9267444920782884,0.04878574445832884,3.681624153405219,0.044152298215792044,0.4805466119399317,0.07826998320072226,not distinguishable,low pressure
1550,Politics,Administration & Law,Politics + Administration & Law,4406,2511,194,90.50104926298094,1.095815070086703,0.9561500124435683,1.2271287872006633,0.06992310124637684,0.0004997501249375312,0.07726005575467941,0.343333362621881,0.09992051154142087,0.14748916000069612,0.5391775652430659,0.000590229561299699,0.0015592203898050973,0.001122875750765281,associated,low pressure
1550,Politics,Military,Politics + Military,4406,2511,99,62.986532064307106,0.6482459524301886,0.4188158719407176,0.8448020610995642,0.11097308654917916,0.0004997501249375312,0.03942652329749104,-0.39155867119106935,0.12188895557629374,-0.6304610241206051,-0.1526563182615336,0.0013162122670250266,0.0015592203898050973,0.0022318381919120014,associated,low pressure
1550,Politics,Religion,Politics + Religion,4406,2511,92,120.1154963636789,-0.38289000209189766,-0.6469729761745155,-0.1485193512707693,0.12849899824732347,0.00399800099950025,0.03663878932696137,-1.5692787731234596,0.1159007718434984,-1.7964442859367165,-1.3421132603102028,9.097762007613207e-42,0.00890983079888627,2.365418121979434e-40,dissociated,low pressure
1550,Politics,Nobility,Politics + Nobility,4406,2511,242,128.68601387555435,0.9085348599660237,0.7797014716780929,1.0244322685842684,0.0634944319858621,0.0004997501249375312,0.09637594583831142,0.21210341106061467,0.08904454875675379,0.037576095497377254,0.3866307266238521,0.017219267178331776,0.0015592203898050973,0.02534156301716752,associated,low pressure
1550,Politics,Kinship,Politics + Kinship,4406,2511,101,96.791046584215,0.061100778266691885,-0.17631934487229053,0.26803355545862917,0.11400513776965672,0.5877061469265368,0.040223018717642375,-0.6391286451930859,0.11779114344573588,-0.8699992863467282,-0.40825800403944357,5.7647670442185624e-08,0.6279599926064365,1.955007954126295e-07,not distinguishable,low pressure
1550,Politics,Big business,Politics + Big business,4406,2511,56,35.45583152341131,0.6520250933131497,0.33025306662533954,0.923331841442517,0.1512072216924638,0.0004997501249375312,0.022301871764237355,-0.21408170451032582,0.16249484236997205,-0.5325715955554711,0.10440818653481942,0.18768190461036638,0.0015592203898050973,0.23611594450981577,associated,low pressure
1550,Politics,Small business,Politics + Small business,4406,2511,60,72.32090621152682,-0.2674175519620852,-0.5982578051041644,0.02183043841237512,0.15863587063148593,0.08695652173913043,0.023894862604540025,-1.0446169692211376,0.14461777968539472,-1.328067817404511,-0.7611661210377639,5.074255314720231e-13,0.1233201581027668,3.29826595456815e-12,not distinguishable,low pressure
1550,Politics,Academia,Politics + Academia,4406,2511,44,112.21704492940462,-1.3408284533401842,-1.775409618083633,-0.985243146393449,0.20069302489729138,0.0004997501249375312,0.01752289924332935,-2.247083002427025,0.15863347418276522,-2.558004611825245,-1.9361613930288053,1.5032851842690873e-45,0.0015592203898050973,5.86281221864944e-44,dissociated,low pressure
1550,Politics,Exploration & Invention,Politics + Exploration & Invention,4406,2511,17,27.609987973701106,-0.683727914432424,-1.4318624048656452,-0.17115845330651322,0.32600160134114825,0.0384807596201899,0.0067702110712863405,-1.582978671979627,0.2543338592714848,-2.081473036151737,-1.084484307807517,4.845795787598958e-10,0.06002998500749625,2.0998448412928818e-09,not distinguishable,low pressure
1550,Politics,Culture (core),Politics + Culture (core),4406,2511,39,153.3844378156441,-1.9619227822864485,-2.424297072127327,-1.5864765821809854,0.2181911172174343,0.0004997501249375312,0.015531660692951015,-3.073884107093763,0.1657941867807057,-3.398840713183946,-2.7489275010035796,9.756423179402614e-77,0.0015592203898050973,7.610010079934039e-75,dissociated,low pressure
1550,Politics,Culture (periphery),Politics + Culture (periphery),4406,2511,3,45.016919449224176,-3.7009760932660507,-6.506013318356893,-2.6264229316706134,0.9052480598581304,0.0004997501249375312,0.0011947431302270011,-3.603369665709462,0.5396483769781654,-4.661080484586666,-2.545658846832258,2.4345961606146262e-11,0.0015592203898050973,1.3564178609138634e-10,dissociated,low pressure
1550,Politics,Sport & Games,Politics + Sport & Games,4406,2511,0,1.9147339080182868,-2.2718642198134096,-2.901182806722441,-1.4113861595643682,0.3937193079820814,0.0004997501249375312,0.0,-2.74019206174352,1.438738526854126,-5.560119574377607,0.079735450890567,0.05683473920875904,0.0015592203898050973,0.07643292514281387,dissociated,low pressure
1550,Administration & Law,Military,Administration & Law + Military,4406,2511,19,22.31917082523786,-0.2267722457388704,-0.9138495775241575,0.27067169679342645,0.3104380690095672,0.4452773613193403,0.007566706491437674,-0.792735477042288,0.23807422363810116,-1.259360955372966,-0.3261099987116097,0.0008691372445468979,0.4891779462381485,0.0016141120255870963,not distinguishable,low pressure
1550,Administration & Law,Religion,Administration & Law + Religion,4406,2511,11,42.56272244615881,-1.9048056690975843,-2.9258623032441875,-1.2396180070901113,0.425837948359469,0.0009995002498750624,0.004380724810832338,-2.240680340013044,0.30132293401259225,-2.831273290677725,-1.6500873893483634,1.0366783870904044e-13,0.0026883110169053405,7.350992199368321e-13,dissociated,low pressure
1550,Administration & Law,Nobility,Administration & Law + Nobility,4406,2511,36,45.59967079271873,-0.33685998411514834,-0.794566925653129,0.04242629580206118,0.21535289035072436,0.12343828085957022,0.014336917562724014,-0.7158627674845066,0.17815530318739858,-1.0650471617318078,-0.36667837323720537,5.864562964509084e-05,0.1578391132302701,0.0001270655308976968,not distinguishable,low pressure
1550,Administration & Law,Kinship,Administration & Law + Kinship,4406,2511,21,34.29774322010714,-0.6946570844565337,-1.3171330135293322,-0.19099179121164586,0.2975091734213732,0.025487256371814093,0.008363201911589008,-0.901281062983442,0.22677716692077415,-1.3457643101481593,-0.4567978158187247,7.058580368453615e-05,0.04229799993620211,0.00014880250506469782,dissociated,low pressure
1550,Administration & Law,Big business,Administration & Law + Big business,4406,2511,10,12.56371377477862,-0.31517575910131845,-1.3413757493975362,0.37316429004957086,0.43503824980657624,0.43228385807096453,0.00398247710075667,-0.7047739582644146,0.32151876661430207,-1.3349507408284467,-0.07459717570038249,0.02837842376121621,0.481687727564789,0.04024576460681572,not distinguishable,low pressure
1550,Administration & Law,Small business,Administration & Law + Small business,4406,2511,11,25.626790475193776,-1.183896047647614,-2.162487502632703,-0.5149810804261101,0.42797490036055647,0.01199400299850075,0.004380724810832338,-1.3449194973369238,0.30380555255916086,-1.9403783803528791,-0.7494606143209686,9.559309097001921e-06,0.021756563578675777,2.4854203652204996e-05,dissociated,low pressure
1550,Administration & Law,Academia,Administration & Law + Academia,4406,2511,56,39.76391957451588,0.4887632463000972,0.13009956991122143,0.7707113142934179,0.16596370086801543,0.005997001499250375,0.022301871764237355,-0.30327840666784495,0.14851973429957685,-0.5943770858950156,-0.012179727440674304,0.041150790496554915,0.01199400299850075,0.057317172477344344,associated,low pressure
1550,Administration & Law,Exploration & Invention,Administration & Law + Exploration & Invention,4406,2511,5,9.783552417819191,-0.902835200923155,-2.6571751705222564,0.05012527314774025,0.6721635958560734,0.13693153423288357,0.001991238550378335,-1.2951010098144373,0.43624094060389057,-2.150133253398063,-0.4400687662308118,0.0029898985537768845,0.17226870435749866,0.004961959302012702,not distinguishable,low pressure
1550,Administration & Law,Culture (core),Administration & Law + Culture (core),4406,2511,28,54.35151543262051,-0.9445695605475263,-1.5513722552459197,-0.5004103780426704,0.26676671892239395,0.0029985007496251873,0.011150935882118677,-1.7250362330293623,0.19665821243519868,-2.1104863294023515,-1.3395861366563728,1.759141384458977e-18,0.007308845577211394,2.28688379979667e-17,dissociated,low pressure
1550,Administration & Law,Culture (periphery),Administration & Law + Culture (periphery),4406,2511,3,15.951669067720717,-2.2328071296518277,-5.015235355844815,-1.1706184187768782,0.8961286588326384,0.0559720139930035,0.0011947431302270011,-2.0673479544163014,0.5409518392453238,-3.127613559337136,-1.0070823494954668,0.00013254250419629605,0.08237390738592969,0.0002650850083925921,not distinguishable,low pressure
1550,Administration & Law,Sport & Games,Administration & Law + Sport & Games,4406,2511,0,0.6784827133251939,-1.2369305964472843,-1.7312834521702656,-0.6546525645153768,0.27771968944536524,0.0004997501249375312,0.0,-1.2298347446861542,1.4392280916685798,-4.050721804356571,1.5910523149842624,0.3928224909988185,0.0015592203898050973,0.42555769858205333,dissociated,low pressure
1550,Military,Religion,Military + Religion,4406,2511,7,29.622620996459403,-2.0058848049487876,-3.5041442556943774,-1.1852800312758558,0.5848826451689373,0.009495252373813094,0.0027877339705296694,-2.417585153379925,0.3711072618692661,-3.144955386643687,-1.6902149201161634,7.292315463093115e-11,0.01806413866237613,3.7059365803815705e-10,dissociated,low pressure
1550,Military,Nobility,Military + Nobility,4406,2511,45,31.73626327979242,0.49718202415484974,0.06404268781708841,0.8549587309963904,0.1940972843200264,0.01249375312343828,0.017921146953405017,-0.16735310217927718,0.16461836947218889,-0.4900051063447674,0.15529890198621304,0.3093377763507311,0.022148016900640586,0.35482862581407393,associated,low pressure
1550,Military,Kinship,Military + Kinship,4406,2511,31,23.870396207111263,0.37022212242663693,-0.19770747020941346,0.7704589449564411,0.23946065568924274,0.111944027986007,0.012345679012345678,-0.19184500465212798,0.19345162077832764,-0.5710101813776501,0.18732017207339421,0.32134633190623285,0.14799379971031434,0.3580716269812309,not distinguishable,low pressure
1550,Military,Big business,Military + Big business,4406,2511,9,8.74403962126842,0.03940407002867745,-1.0624215165808844,0.723988821731659,0.46188970660093065,0.9330334832583708,0.0035842293906810036,-0.5505375491426495,0.337557788633226,-1.2121508148637723,0.11107571657847337,0.10290232444541256,0.9451508012227652,0.13604036113122336,not distinguishable,low pressure
1550,Military,Small business,Military + Small business,4406,2511,6,17.835623709517925,-1.4961377187338905,-2.940348801348292,-0.6623549084332472,0.6143809989194814,0.02048975512243878,0.0023894862604540022,-1.6800950037334694,0.39962076065118907,-2.4633516946098,-0.8968383128571389,2.619799427700518e-05,0.034743497816309234,6.010128098842365e-05,dissociated,low pressure
1550,Military,Academia,Military + Academia,4406,2511,9,27.674722179240696,-1.5684019660166835,-2.74161945537925,-0.8697713572811349,0.4965701772498412,0.010494752623688156,0.0035842293906810036,-2.0161409197686417,0.33142233241224,-2.665728691296632,-1.3665531482406514,1.1773498588157045e-09,0.019490254872563718,4.833330999348682e-09,dissociated,low pressure
1550,Military,Exploration & Invention,Military + Exploration & Invention,4406,2511,33,6.809114845476879,2.1963924881600123,1.746954214034927,2.5536034136612678,0.20673384095028047,0.0004997501249375312,0.013142174432497013,1.0446572945456987,0.20092101970516654,0.6508520959235722,1.4384624931678252,1.9999418608146223e-07,0.0015592203898050973,6.239818605741622e-07,associated,low pressure
1550,Military,Culture (core),Military + Culture (core),4406,2511,20,37.82733457147625,-0.9027497613995737,-1.5461187335489939,-0.3986290366291151,0.3008527835694542,0.005497251374312844,0.00796495420151334,-1.806255895398327,0.23006818761785078,-2.2571895431293143,-1.3553222476673394,4.128681118840977e-15,0.011588800194497345,3.220371272695962e-14,dissociated,low pressure
1550,Military,Culture (periphery),Military + Culture (periphery),4406,2511,1,11.101974213509937,-2.9513359120794163,-4.704357069924074,-1.671425587900741,1.0044801811064146,0.0004997501249375312,0.00039824771007566706,-2.6702886986309906,0.8210310146299213,-4.279509487305637,-1.0610679099563447,0.0011445083073026677,0.0015592203898050973,0.001983814399324624,dissociated,low pressure
1550,Military,Sport & Games,Military + Sport & Games,4406,2511,2,0.47220748848727534,1.3625919431591866,-0.9881009034096881,2.3721935484139274,0.9202898312189532,0.1424287856071964,0.0007964954201513341,0.7901969234271959,0.694970698013879,-0.5719456446800069,2.1523394915343985,0.2555291186933104,0.17634040122795747,0.3066349424319725,not distinguishable,low pressure
1550,Religion,Nobility,Religion + Nobility,4406,2511,21,60.521144626421446,-1.504972582235133,-2.22329086721812,-0.9966628076878458,0.3012254954528548,0.0009995002498750624,0.008363201911589008,-1.9343113060787231,0.22324006566126892,-2.37186183477481,-1.4967607773826361,4.5264815859488365e-18,0.0026883110169053405,5.043793767200132e-17,dissociated,low pressure
1550,Religion,Kinship,Religion + Kinship,4406,2511,24,45.52091367544301,-0.9095078771404486,-1.5363700551615485,-0.4570421992618612,0.2750449587283774,0.00399800099950025,0.009557945041816009,-1.3783781381734086,0.21178858737903472,-1.7934837694363166,-0.9632725069105006,7.601921190526299e-11,0.00890983079888627,3.7059365803815705e-10,dissociated,low pressure
1550,Religion,Big business,Religion + Big business,4406,2511,1,16.674908506790242,-3.517268007785909,-5.251180932940693,-2.179457767097717,1.0189618711287656,0.0004997501249375312,0.00039824771007566706,-3.3183550016388392,0.8207589011702345,-4.927042447932498,-1.7096675553451797,5.276427899243975e-05,0.0015592203898050973,0.00011758896461172288,dissociated,low pressure
1550,Religion,Small business,Religion + Small business,4406,2511,43,34.01258530374866,0.33389285227643684,-0.10085342123366332,0.6779770681866757,0.19847458343220784,0.0944527736131934,0.017124651533253685,-0.4748823963464766,0.16674033276338446,-0.8016934485627101,-0.1480713441302431,0.004399000951316906,0.1315592203898051,0.006733156519295467,not distinguishable,low pressure
1550,Religion,Academia,Religion + Academia,4406,2511,170,52.77577415903057,1.6782201819377571,1.5239029472156735,1.8330085104460707,0.07948512586904208,0.0004997501249375312,0.0677021107128634,0.5535483556534111,0.09904629241653065,0.35941762251701104,0.7476790887898112,2.2866488350698955e-08,0.0015592203898050973,8.107209506156903e-08,associated,low pressure
1550,Religion,Exploration & Invention,Religion + Exploration & Invention,4406,2511,6,12.985001438509459,-1.05284405221896,-2.4933161891580027,-0.2173721552086898,0.6213474184413632,0.08045977011494253,0.0023894862604540022,-1.7192955522082456,0.4018949823604691,-2.507009717634765,-0.9315813867817262,1.8860358864313556e-05,0.11621966794380587,4.597212473176429e-05,not distinguishable,low pressure
1550,Religion,Culture (core),Religion + Culture (core),4406,2511,128,72.13683495908155,0.8229951135763417,0.6118714192877209,1.001684959529368,0.0985359398800174,0.0004997501249375312,0.050975706889685383,-0.5851401883152255,0.10369153520567724,-0.7883755973183529,-0.3819047793120981,1.6702944349437417e-08,0.0015592203898050973,6.20395075836247e-08,associated,low pressure
1550,Religion,Culture (periphery),Religion + Culture (periphery),4406,2511,6,21.171496501998742,-1.7372871573798396,-3.1369035461035955,-0.8919044885510109,0.6044293884922161,0.014492753623188406,0.0023894862604540022,-2.028545558911144,0.3999755240864181,-2.8124975861205233,-1.2445935317017645,3.9433100180327776e-07,0.025120772946859903,1.1391784496539136e-06,dissociated,low pressure
1550,Religion,Sport & Games,Religion + Sport & Games,4406,2511,0,0.9005010278766682,-1.4859430422571376,-2.0302512609837797,-0.8245194249266554,0.31215588795221694,0.0004997501249375312,0.0,-1.8209889181543089,1.4389363509889228,-4.641304166092597,0.9993263297839796,0.2056884224031108,0.0015592203898050973,0.2546618563086134,dissociated,low pressure
1550,Nobility,Kinship,Nobility + Kinship,4406,2511,124,48.768935784353246,1.3373955276012053,1.1309584797146466,1.527645676638247,0.10092356872653,0.0004997501249375312,0.04938271604938271,0.9999803698731963,0.11604455782638812,0.7725330365334756,1.227427703212917,6.860500586041158e-18,0.0015592203898050973,6.688988071390129e-17,associated,low pressure
1550,Nobility,Big business,Nobility + Big business,4406,2511,12,17.86470166165233,-0.5550073644955362,-1.5410794193393713,0.07709980402502963,0.4112776191023099,0.1489255372313843,0.0047789725209080045,-0.8588728449937495,0.29605004747939184,-1.4391309380533575,-0.27861475193414154,0.003718469633831536,0.1815029985007496,0.0060425131549762465,not distinguishable,low pressure
1550,Nobility,Small business,Nobility + Small business,4406,2511,13,36.43946165854748,-1.4522034339169245,-2.3483336952762253,-0.8423406323612674,0.3912549958025222,0.00399800099950025,0.005177220230983672,-1.521378703115861,0.2808472847763293,-2.0718393812774663,-0.9709180249542555,6.05724086166954e-08,0.00890983079888627,1.9686032800426008e-07,dissociated,low pressure
1550,Nobility,Academia,Nobility + Academia,4406,2511,8,56.54144728469672,-2.74647584067769,-3.995996778488126,-2.0225290426472275,0.5228159863329094,0.0009995002498750624,0.0031859816806053365,-2.7467540071606042,0.34797238877473474,-3.4287798891590846,-2.064728125162124,2.9359780279507125e-15,0.0026883110169053405,2.5445142908906172e-14,dissociated,low pressure
1550,Nobility,Exploration & Invention,Nobility + Exploration & Invention,4406,2511,5,13.911511219424998,-1.3897181035361195,-3.2163059552086315,-0.48962042071065165,0.714327195158726,0.04697651174412794,0.001991238550378335,-1.6358109973476285,0.4356101380172262,-2.489606867861392,-0.7820151268338651,0.00017319071963719916,0.07184642972631332,0.00033772190329253834,not distinguishable,low pressure
1550,Nobility,Culture (core),Nobility + Culture (core),4406,2511,33,77.28396439687013,-1.215311670571628,-1.7604858239984116,-0.8104454485777117,0.23809469497830135,0.0004997501249375312,0.013142174432497013,-1.9163112594730258,0.18127782307398846,-2.2716157926980434,-1.5610067262480085,4.0558209522871954e-26,0.0015592203898050973,6.327080685568025e-25,dissociated,low pressure
1550,Nobility,Culture (periphery),Nobility + Culture (periphery),4406,2511,2,22.682131574209613,-3.213013226834282,-5.61781018513743,-2.0696470350598712,1.011131700699379,0.0004997501249375312,0.0007964954201513341,-2.7504543165306363,0.6374533755183927,-3.999862932546686,-1.5010457005145867,1.597809383434063e-05,0.0015592203898050973,4.020294577672803e-05,dissociated,low pressure
1550,Nobility,Sport & Games,Nobility + Sport & Games,4406,2511,0,0.964753851721407,-1.5506582436663365,-2.1044389552935394,-0.8580319675947735,0.321520063069267,0.0004997501249375312,0.0,-1.566076560682635,1.4390403607122828,-4.3865956676787095,1.2544425463134392,0.2764722171820426,0.0015592203898050973,0.32673989303332307,dissociated,low pressure
1550,Kinship,Big business,Kinship + Big business,4406,2511,10,13.436916092670796,-0.40852203460488246,-1.4507513430358774,0.2851375894584473,0.4378732334853314,0.31584207896051975,0.00398247710075667,-0.6518025042103798,0.32168293871003123,-1.282301064082041,-0.021303944338718628,0.042741576288631226,0.3676967486406051,0.05848847281602168,not distinguishable,low pressure
1550,Kinship,Small business,Kinship + Small business,4406,2511,20,27.4079017965929,-0.4450497524217519,-1.1365815424445644,0.058265896031811384,0.3137125835004153,0.15892053973013492,0.00796495420151334,-0.6639165511143746,0.23313426531276144,-1.120859711127387,-0.20697339110136226,0.004402448493385498,0.1907046476761619,0.006733156519295467,not distinguishable,low pressure
1550,Kinship,Academia,Kinship + Academia,4406,2511,18,42.52758861086792,-1.2177367190537125,-1.972428589576655,-0.7051524251618495,0.32331174151395886,0.0024987506246876563,0.007168458781362007,-1.524913465752193,0.24129689534329712,-1.9978553806250554,-1.0519715508793306,2.621455394980098e-10,0.006287178991149587,1.20278541652028e-09,dissociated,low pressure
1550,Kinship,Exploration & Invention,Kinship + Exploration & Invention,4406,2511,5,10.463528163972311,-0.9952086217714671,-2.7938383554677833,-0.10591907061922218,0.6506206783737617,0.11094452773613193,0.001991238550378335,-1.2426750502665218,0.43635923813039174,-2.0979391570020898,-0.38741094353095407,0.004401902671582602,0.14799379971031434,0.006733156519295467,not distinguishable,low pressure
1550,Kinship,Culture (core),Kinship + Culture (core),4406,2511,58,58.12905049171993,-0.0031790675154140286,-0.3823838113269243,0.29562136009597784,0.17156407497160492,0.984007996001999,0.02309836718438869,-0.8351124856714914,0.14493722817227184,-1.1191894528891442,-0.5510355184538387,8.317679553404738e-09,0.984007996001999,3.243895025827848e-08,not distinguishable,low pressure
1550,Kinship,Culture (periphery),Kinship + Culture (periphery),4406,2511,7,17.060340807134654,-1.2273583439238587,-2.623293028160706,-0.45720120620096183,0.5426291255422581,0.030984507746126936,0.0027877339705296694,-1.2246336098775812,0.37476971634849704,-1.9591822539206354,-0.490084965834527,0.001084266516234306,0.05034982508745627,0.0019507379140303656,not distinguishable,low pressure
1550,Kinship,Sport & Games,Kinship + Sport & Games,4406,2511,0,0.7256385693519897,-1.2935336029444657,-1.7960594197218347,-0.690140596694706,0.2870305926894842,0.0004997501249375312,0.0,-1.1781388622716702,1.4392631923181738,-3.999094719215291,1.6428169946719504,0.4130313167533969,0.0015592203898050973,0.44132113296938297,dissociated,low pressure
1550,Big business,Small business,Big business + Small business,4406,2511,20,10.039874376858732,0.9597662379133722,0.2955342125295475,1.4723422650657247,0.3009689009436336,0.005997001499250375,0.00796495420151334,0.3355434560470231,0.24077482566390784,-0.13637520225423622,0.8074621143482825,0.16343885644172051,0.01199400299850075,0.2089873902041672,associated,low pressure
1550,Big business,Academia,Big business + Academia,4406,2511,5,15.578414224211768,-1.5476216001996415,-3.4024498580187936,-0.6620062247139205,0.7050918119993631,0.04997501249375312,0.001991238550378335,-1.8367627564721494,0.4348475267466963,-2.6890639088956743,-0.9844616040486246,2.400854039448884e-05,0.07496251874062967,5.6747459114246347e-05,not distinguishable,low pressure
1550,Big business,Exploration & Invention,Big business + Exploration & Invention,4406,2511,19,3.832927784280972,2.1700600270546646,1.5129611938422807,2.6661088507287705,0.29162669363489724,0.0004997501249375312,0.007566706491437674,1.1401209101222523,0.2531769954705669,0.6438939989999412,1.6363478212445632,6.692008406962083e-06,0.0015592203898050973,1.7999195025622155e-05,associated,low pressure
1550,Big business,Culture (core),Big business + Culture (core),4406,2511,14,21.293434605617833,-0.5878406802436826,-1.4574276263927017,-0.006911541178931506,0.3739184964575718,0.1024487756121939,0.005575467941059339,-1.4005644384452192,0.2757024909782627,-1.940941320762614,-0.8601875561278243,3.774652491637796e-07,0.14019306136405482,1.132395747491339e-06,not distinguishable,low pressure
1550,Big business,Culture (periphery),Big business + Culture (periphery),4406,2511,6,6.249426891602519,-0.054325286874893894,-1.51001819637151,0.7252568029681494,0.6165150564912758,0.920039980009995,0.0023894862604540022,-0.42565166346806615,0.4051807450969703,-1.2198059238581278,0.3685025969219956,0.29347775427833733,0.9442515584313106,0.34166066915985543,not distinguishable,low pressure
1550,Big business,Sport & Games,Big business + Sport & Games,4406,2511,0,0.2658109377859459,-0.6150601709116446,-0.9381717562625205,-0.2874640026173336,0.16829923945599798,0.0004997501249375312,0.0,-0.25134084207947593,1.4403350911725514,-3.0743976207776766,2.571715936618725,0.8614712384504823,0.0015592203898050973,0.8614712384504823,dissociated,low pressure
1550,Small business,Academia,Small business + Academia,4406,2511,49,31.776014991768463,0.6169660601612161,0.2590640974241031,0.9328146466854176,0.17369908946512597,0.001999000499750125,0.019514137793707687,-0.15306578083488184,0.15899951549188754,-0.4647048311989814,0.15857326952921771,0.33570773471463833,0.005197401299350325,0.3688056803907295,associated,low pressure
1550,Small business,Exploration & Invention,Small business + Exploration & Invention,4406,2511,10,7.818200811889158,0.33604590889095376,-0.7051719633207901,0.9774689800176392,0.44231222087113975,0.4127936031984008,0.00398247710075667,-0.32412144200801557,0.3233743066180414,-0.9579350829793767,0.3096921989633456,0.3161936841559906,0.4666362470938444,0.3574363386111198,not distinguishable,low pressure
1550,Small business,Culture (core),Small business + Culture (core),4406,2511,63,43.43320748287453,0.5314447600909831,0.1802934097002696,0.8040402541161262,0.15732151543562561,0.0009995002498750624,0.025089605734767026,-0.46618131881135205,0.14284664009596967,-0.7461607333994527,-0.1862019042232515,0.0011004162591966165,0.0026883110169053405,0.0019507379140303656,associated,low pressure
1550,Small business,Culture (periphery),Small business + Culture (periphery),4406,2511,24,12.747246269064359,0.8870892542201148,0.29552793464321797,1.331593140577565,0.26439218704195294,0.005497251374312844,0.009557945041816009,0.3205064094806896,0.22130915169144036,-0.11325952783453352,0.7542723467959127,0.14755291809617077,0.011588800194497345,0.191818793525022,associated,low pressure
1550,Small business,Sport & Games,Small business + Sport & Games,4406,2511,1,0.5421869146947541,0.52534845465934,-1.3347173264975214,1.820593176086294,0.9760391968559655,0.584207896051974,0.00039824771007566706,0.21742527593814076,0.8624167501652873,-1.4729115543858222,1.9077621062621037,0.8009547957708669,0.6279599926064365,0.8113568061055535,not distinguishable,low pressure
1550,Academia,Exploration & Invention,Academia + Exploration & Invention,4406,2511,13,12.131144889263567,0.09597399608379405,-0.817176805200324,0.6799962272940353,0.38950385660906006,0.7821089455272364,0.005177220230983672,-0.7783149914509027,0.28671192569543874,-1.3402703658139625,-0.2163596170878428,0.006635111353574082,0.8243851047449249,0.009952667030361125,not distinguishable,low pressure
1550,Academia,Culture (core),Academia + Culture (core),4406,2511,93,67.39332304933222,0.46169666501139944,0.22172389214469734,0.6893492988150002,0.12140595599071273,0.0004997501249375312,0.037037037037037035,-0.8251132117578618,0.11735237012024739,-1.0551238571935466,-0.595102566322177,2.049495951273336e-12,0.0015592203898050973,1.2296975707640017e-11,associated,low pressure
1550,Academia,Culture (periphery),Academia + Culture (periphery),4406,2511,13,19.779319455952667,-0.58704983116001,-1.4357492278043604,0.03123560729116323,0.3794754110846117,0.12093953023488256,0.005177220230983672,-1.0983347402270989,0.2838006790215012,-1.6545840711092412,-0.5420854093449565,0.0001087942852422306,0.15722138930534732,0.00022331458549721016,not distinguishable,low pressure
1550,Academia,Sport & Games,Academia + Sport & Games,4406,2511,1,0.8412866562883187,0.161344901502467,-1.7381673885679552,1.4351105076348374,0.9706023857569309,0.8380809595202399,0.00039824771007566706,-0.4971096980192823,0.8616749940260735,-2.1859926863103865,1.1917732902718217,0.563999645564826,0.8716041979010495,0.5944861128926544,not distinguishable,low pressure
1550,Exploration & Invention,Culture (core),Exploration & Invention + Culture (core),4406,2511,12,16.581517006354915,-0.45050801123958734,-1.4066166101908533,0.15480474432495095,0.40346777284140306,0.23788105947026486,0.0047789725209080045,-1.4617650202181967,0.2958973705681189,-2.0417238665317097,-0.8818061739046836,7.807924084132957e-07,0.2811321611921312,2.175064566294181e-06,not distinguishable,low pressure
1550,Exploration & Invention,Culture (periphery),Exploration & Invention + Culture (periphery),4406,2511,1,4.866522484622541,-1.8390250215027697,-3.6051354856528857,-0.5115947210997718,1.0222666727275713,0.009495252373813094,0.00039824771007566706,-1.848787462461363,0.8229521521888995,-3.461773680751606,-0.23580124417111992,0.024670020789065536,0.01806413866237613,0.03563447447309466,dissociated,low pressure
1550,Exploration & Invention,Sport & Games,Exploration & Invention + Sport & Games,4406,2511,1,0.2069909653846998,1.085198816610579,-0.6502683032155763,2.3323540202927795,0.968511856191499,0.40679660169915044,0.00039824771007566706,1.018341943010827,0.8642205830727117,-0.6755303998116879,2.712214285833342,0.23866281125520983,0.4666196313607902,0.29087030121728696,not distinguishable,low pressure
1550,Culture (core),Culture (periphery),Culture (core) + Culture (periphery),4406,2511,138,27.035463258152184,2.3305231904879364,2.1919257425178515,2.4854810795804676,0.07592604495278585,0.0004997501249375312,0.054958183990442055,1.6726339480641188,0.14100457913158052,1.3962649729662209,1.9490029231620167,1.8587362510117098e-32,0.0015592203898050973,3.6245356894728342e-31,associated,low pressure
1550,Culture (core),Sport & Games,Culture (core) + Sport & Games,4406,2511,4,1.1499169390689765,1.4475316040073056,-0.15031583464666357,2.181713010318496,0.6166291123849652,0.03548225887056472,0.0015929908403026682,0.2693027181953602,0.5645222872842153,-0.8371609648817018,1.3757664012724222,0.6333298464281792,0.05648196310008261,0.6586630402853064,not distinguishable,low pressure
1550,Culture (periphery),Sport & Games,Culture (periphery) + Sport & Games,4406,2511,0,0.3374900280404249,-0.744143917561722,-1.1127921687502875,-0.36138988563552293,0.19505219617992037,0.0004997501249375312,0.0,-0.4552091410873012,1.4400071311904294,-3.277623118220543,2.36720483604594,0.7519145434871618,0.0015592203898050973,0.7717017683157713,dissociated,low pressure
1600,Politics,Administration & Law,Politics + Administration & Law,6057,3348,280,131.75855730722787,1.0846397011578717,0.9696281087341853,1.1919427284309336,0.056851659880436285,0.0004997501249375312,0.08363201911589008,0.4522100479974554,0.08505894772322245,0.2854945104599394,0.6189255855349713,1.0582217754352148e-07,0.0016948047715272798,3.057085129035065e-07,associated,low pressure
1600,Politics,Military,Politics + Military,6057,3348,209,131.48968601623932,0.6665250455119939,0.5159751973579642,0.8013937733057859,0.07251399049500622,0.0004997501249375312,0.06242532855436081,-0.23631235325794042,0.08747834140846221,-0.40776990241852634,-0.0648548040973545,0.00690521292264176,0.0016948047715272798,0.010772132159321147,associated,low pressure
1600,Politics,Religion,Politics + Religion,6057,3348,128,159.72199196991664,-0.318303825333562,-0.5334005384067514,-0.12879140750476825,0.10566658218398535,0.00399800099950025,0.038231780167264036,-1.285992044824425,0.0996518944511188,-1.4813097579486179,-1.0906743317002323,4.226765013673426e-38,0.008662335498917208,8.394497012327292e-37,dissociated,low pressure
1600,Politics,Nobility,Politics + Nobility,6057,3348,279,176.9884403403687,0.6551232167987152,0.5309126200277386,0.7677781284251706,0.060196921603131406,0.0004997501249375312,0.08333333333333333,0.023000767611931677,0.07976868216469941,-0.13334584943087918,0.17934738465474254,0.773083940749068,0.0016948047715272798,0.8040072983790308,associated,low pressure
1600,Politics,Kinship,Politics + Kinship,6057,3348,153,153.87486433649661,-0.00819921327255174,-0.1999868721777295,0.17295503155127318,0.0932165131566421,0.9345327336331835,0.0456989247311828,-0.5787562045790979,0.09682245953490282,-0.7685282252675074,-0.38898418389068845,2.2658860703772522e-09,0.9719140429785108,8.836955674471285e-09,not distinguishable,low pressure
1600,Politics,Big business,Politics + Big business,6057,3348,72,44.931562969694674,0.6742860562343481,0.38989402433010245,0.907708497015645,0.13029490002802724,0.0004997501249375312,0.021505376344086023,-0.17942598549303188,0.1440146546461468,-0.4616947085994796,0.10284273761341586,0.21280588475261364,0.0016948047715272798,0.25149786379854344,associated,low pressure
1600,Politics,Small business,Politics + Small business,6057,3348,56,80.06652216001848,-0.511929612080995,-0.8582395328816335,-0.2042713861167587,0.1672674345737378,0.005497251374312844,0.016726403823178016,-1.1682332406826244,0.14687580877614334,-1.4561098258838654,-0.8803566554813834,1.8075243245505333e-15,0.011283831768326364,9.399126487662773e-15,dissociated,low pressure
1600,Politics,Academia,Politics + Academia,6057,3348,59,145.33026290001752,-1.2933285672925268,-1.673830250098684,-0.9878510846095039,0.17581327001523012,0.0004997501249375312,0.01762246117084827,-2.2242894001680202,0.13715473322542382,-2.493112677289851,-1.9554661230461896,3.8011124690513533e-59,0.0016948047715272798,1.482433862930028e-57,dissociated,low pressure
1600,Politics,Exploration & Invention,Politics + Exploration & Invention,6057,3348,24,27.56396716593252,-0.1959372157550221,-0.780959282968995,0.23537583794633946,0.2607243206507344,0.4382808595702149,0.007168458781362007,-1.1128910744065572,0.22109828813535146,-1.546243719151846,-0.6795384296612683,4.816862059912723e-07,0.5341547976011994,1.2119846473328788e-06,not distinguishable,low pressure
1600,Politics,Culture (core),Politics + Culture (core),6057,3348,64,213.19481532429938,-1.7281808400250949,-2.0777978250116047,-1.4365044199689871,0.1633110165148811,0.0004997501249375312,0.019115890083632018,-3.0598765702172908,0.1305596445594002,-3.315773473553715,-2.8039796668808665,1.8100444929303586e-121,0.0016948047715272798,1.4118347044856797e-119,dissociated,low pressure
1600,Politics,Culture (periphery),Politics + Culture (periphery),6057,3348,11,67.11104538522686,-2.5556250927459065,-3.559838909688976,-1.901279536030431,0.42458990894945225,0.0004997501249375312,0.0032855436081242534,-2.7852060487592487,0.3013467742670748,-3.3758457263227153,-2.194566371195782,2.407405569499027e-20,0.0016948047715272798,2.3472204302615514e-19,dissociated,low pressure
1600,Politics,Sport & Games,Politics + Sport & Games,6057,3348,0,2.9682840575468252,-2.794222062236714,-3.3766167424764335,-1.9258686552536315,0.354343040170435,0.0004997501249375312,0.0,-2.7425062372379627,1.438643126650862,-5.5622467654736525,0.0772342909977266,0.056609415492046906,0.0016948047715272798,0.07746551593648525,dissociated,low pressure
1600,Administration & Law,Military,Administration & Law + Military,6057,3348,28,43.95676472691753,-0.6414410429817335,-1.2460014829502306,-0.21914033346217418,0.2632110675240407,0.02148925537231384,0.008363201911589008,-1.085062567464047,0.1961055011468739,-1.4694293497119197,-0.7006957852161743,3.147003350548389e-08,0.03566301955405276,9.818650453710974e-08,dissociated,low pressure
1600,Administration & Law,Religion,Administration & Law + Religion,6057,3348,42,53.39477365448376,-0.3426825358399408,-0.7858548692632588,0.0155677571248998,0.20254413867385737,0.09145427286356822,0.012544802867383513,-0.9286655430871303,0.16321054842055543,-1.248558217991419,-0.6087728681828417,1.2705066541510484e-08,0.13459308081808152,4.129146625990907e-08,not distinguishable,low pressure
1600,Administration & Law,Nobility,Administration & Law + Nobility,6057,3348,53,59.1669161828011,-0.15739232324145763,-0.5322983707154206,0.17504004121846453,0.1775658096829048,0.36281859070464767,0.015830346475507767,-0.5340765046039586,0.14827607909743964,-0.8246976196349403,-0.2434553895729769,0.0003158925495878706,0.47166416791604193,0.0005475470859523091,not distinguishable,low pressure
1600,Administration & Law,Kinship,Administration & Law + Kinship,6057,3348,21,51.44008943933733,-1.2725118384830119,-1.9475300174348447,-0.7797571784763002,0.3006015510140053,0.0009995002498750624,0.0062724014336917565,-1.2935560193266042,0.2235553277485332,-1.7317244617137293,-0.8553875769394792,7.1957826076245155e-09,0.002887445166305736,2.4403088843248356e-08,dissociated,low pressure
1600,Administration & Law,Big business,Administration & Law + Big business,6057,3348,4,15.020540409744573,-1.7861818850477407,-3.4278712039375736,-0.8871491003097515,0.7077250255633938,0.013493253373313344,0.0011947431302270011,-1.8176362839980966,0.47787607848434505,-2.7542733978274128,-0.8809991701687804,0.00014262425856487605,0.02287986441561828,0.0002648736230490555,dissociated,low pressure
1600,Administration & Law,Small business,Administration & Law + Small business,6057,3348,17,26.76609385663753,-0.6397531123612904,-1.4268294987963555,-0.13546911393651628,0.32495986665087745,0.050474762618690654,0.005077658303464755,-0.9156944819132528,0.2484783621581,-1.4027120717431287,-0.4286768920833767,0.00022851581750513728,0.07874062968515742,0.00040509622194092514,not distinguishable,low pressure
1600,Administration & Law,Academia,Administration & Law + Academia,6057,3348,50,48.583644600141305,0.04104101067835358,-0.34985254744236555,0.3605394154604884,0.18219104625348087,0.824087956021989,0.014934289127837515,-0.753784069610772,0.15140235100799043,-1.0505326775864332,-0.45703546163511083,6.401892323539122e-07,0.9053360643621852,1.560461253862661e-06,not distinguishable,low pressure
1600,Administration & Law,Exploration & Invention,Administration & Law + Exploration & Invention,6057,3348,6,9.214584477019262,-0.5797125704369837,-1.9860879008191503,0.2570416602083553,0.5761724965461434,0.2623688155922039,0.0017921146953405018,-1.0366833369902448,0.4026251732396752,-1.8258286765400082,-0.24753799744048144,0.010029515403936078,0.3468604680710492,0.015339258853078708,not distinguishable,low pressure
1600,Administration & Law,Culture (core),Administration & Law + Culture (core),6057,3348,25,71.27064199584044,-1.4928965787402315,-2.1692866346938637,-1.0183561830541663,0.2909961777038783,0.0014992503748125937,0.007467144563918757,-2.322079369992736,0.20430813670850378,-2.7225233179414032,-1.9216354220440686,6.205477798343761e-30,0.003898050974512743,6.91467526101162e-29,dissociated,low pressure
1600,Administration & Law,Culture (periphery),Administration & Law + Culture (periphery),6057,3348,7,22.435101352448054,-1.6125947821227902,-3.021303927665213,-0.810286330039776,0.5467957828170149,0.01199400299850075,0.002090800477897252,-1.6733844046172797,0.3717438105797171,-2.402002273353525,-0.9447665358810341,6.749295663493169e-06,0.0207896051974013,1.3853817414538608e-05,dissociated,low pressure
1600,Administration & Law,Sport & Games,Administration & Law + Sport & Games,6057,3348,1,0.9922920033753201,0.00743263898675314,-1.8597523952111432,1.3828789091801448,0.9935044596033757,0.9945027486256871,0.0002986857825567503,-0.04708661999024063,0.8616910739590148,-1.7360011249499097,1.6418278849694283,0.9564217393586273,0.9980009995002499,0.9564217393586273,not distinguishable,low pressure
1600,Military,Religion,Military + Religion,6057,3348,8,53.28581434270982,-2.661690975191817,-3.9194987485005814,-1.916623102672205,0.5339343358374125,0.0014992503748125937,0.0023894862604540022,-2.749911013367746,0.3470962959083038,-3.4302197533480214,-2.0696022733874706,2.3256308926850756e-15,0.003898050974512743,1.1337450601839744e-14,dissociated,low pressure
1600,Military,Nobility,Military + Nobility,6057,3348,104,59.046178027625444,0.8114221255364331,0.5645643246857714,1.0288619158738466,0.11793967779770544,0.0004997501249375312,0.03106332138590203,0.18570227913333623,0.11371894648613241,-0.03718685597948329,0.40859141424615575,0.10247040314485509,0.0016948047715272798,0.1312594197304118,associated,low pressure
1600,Military,Kinship,Military + Kinship,6057,3348,77,51.33511892707018,0.5802664376745845,0.2572432891002293,0.8414363548860554,0.14502348548288146,0.0009995002498750624,0.022998805256869773,0.07270793742619762,0.1285084092860746,-0.17916854477450855,0.3245844196269038,0.5715409652044601,0.002887445166305736,0.6191693789714985,associated,low pressure
1600,Military,Big business,Military + Big business,6057,3348,15,14.98988895018209,0.0009414142768654904,-0.7772340530834145,0.5686846460836801,0.34881941295741137,0.9980009995002499,0.004480286738351254,-0.6197583189187537,0.26600927471260105,-1.1411364973554519,-0.09838014048205557,0.019814754203177343,0.9980009995002499,0.028100924142687868,not distinguishable,low pressure
1600,Military,Small business,Military + Small business,6057,3348,9,26.711473994694337,-1.5182156882423143,-2.672529740567785,-0.8480242376063714,0.4722876573508409,0.0074962518740629685,0.002688172043010753,-1.6703446114495557,0.33111617686076034,-2.319332318096646,-1.0213569048024653,4.545002032753825e-07,0.014617691154422787,1.1817005285159945e-06,dissociated,low pressure
1600,Military,Academia,Military + Academia,6057,3348,17,48.484503052817665,-1.4849704821699874,-2.270183281192218,-0.9239223580619231,0.34616057483697893,0.001999000499750125,0.005077658303464755,-2.024119307570414,0.24491273663299026,-2.5041482713710748,-1.5440903437697528,1.4009915700622517e-16,0.004872563718140929,8.40594942037351e-16,dissociated,low pressure
1600,Military,Exploration & Invention,Military + Exploration & Invention,6057,3348,22,9.195780861717964,1.2144960040870298,0.5587534286504355,1.6744161628870065,0.2877484983131461,0.0014992503748125937,0.006571087216248507,0.2346280845924509,0.23096579175057547,-0.218064867238677,0.6873210364235788,0.30969775957140455,0.003898050974512743,0.3552415477436699,associated,low pressure
1600,Military,Culture (core),Military + Culture (core),6057,3348,39,71.12520453876263,-0.8586147004630434,-1.3103477757141648,-0.47807991377307624,0.21454612079610857,0.0009995002498750624,0.011648745519713262,-1.9647070602315173,0.16652434506683944,-2.2910947765625225,-1.6383193439005121,3.981943425341166e-32,0.002887445166305736,6.211831743532219e-31,dissociated,low pressure
1600,Military,Culture (periphery),Military + Culture (periphery),6057,3348,5,22.389319470896133,-2.0571710465897888,-3.90546339213273,-1.1744141626085907,0.7024567575519187,0.00849575212393803,0.0014934289127837516,-2.0998373884722135,0.4318718620775907,-2.9463062381442913,-1.2533685388001357,1.1610179590376422e-06,0.01577782537302777,2.744224266816245e-06,dissociated,low pressure
1600,Military,Sport & Games,Military + Sport & Games,6057,3348,0,0.9902670963223154,-1.5755709239800655,-2.0394465494832725,-0.9684940287613217,0.2709631438270679,0.0004997501249375312,0.0,-1.3241017762743044,1.43895600236044,-4.144455540900767,1.4962519883521581,0.3574775267691602,0.0016948047715272798,0.4041050302607898,dissociated,low pressure
1600,Religion,Nobility,Religion + Nobility,6057,3348,22,71.72405272621847,-1.6825543754209726,-2.338300757937703,-1.1943450905035753,0.2927177126974168,0.0004997501249375312,0.006571087216248507,-1.8962557500628092,0.21710669787018635,-2.3217848778883745,-1.470726622237244,2.4536231483557735e-18,0.0016948047715272798,1.7398418688340938e-17,dissociated,low pressure
1600,Religion,Kinship,Religion + Kinship,6057,3348,41,62.35734300887735,-0.5989699539887338,-1.0570843088080546,-0.2337457267935102,0.20650953719673767,0.005997001499250375,0.012246117084826763,-0.9688937034270088,0.16486631153493267,-1.292031674035477,-0.6457557328185407,4.181602481715822e-09,0.01199400299850075,1.5531666360658767e-08,dissociated,low pressure
1600,Religion,Big business,Religion + Big business,6057,3348,2,18.208385730233125,-2.9036850797192635,-5.311494696962893,-1.7636145700624326,0.9786388786905258,0.0004997501249375312,0.0005973715651135006,-2.798728419515434,0.6369155186139123,-4.047082835998702,-1.550374003032166,1.1118604509628975e-05,0.0016948047715272798,2.223720901925795e-05,dissociated,low pressure
1600,Religion,Small business,Religion + Small business,6057,3348,23,32.44672615887374,-0.48747435824534985,-1.087217180508558,-0.012173258008837425,0.2803214332916219,0.08245877061469266,0.006869772998805257,-0.985099861125805,0.21621490154283954,-1.4088810681497705,-0.5613186541018396,5.210852377157221e-06,0.123688155922039,1.1612756726236093e-05,not distinguishable,low pressure
1600,Religion,Academia,Religion + Academia,6057,3348,201,58.89466802978854,1.7623745102282469,1.6172160984806194,1.9039478062093247,0.07403445740885425,0.0004997501249375312,0.06003584229390681,0.6510950254754732,0.0899971867170049,0.47470053951014357,0.8274895114408027,4.668505154623418e-13,0.0016948047715272798,2.1420200121213332e-12,associated,low pressure
1600,Religion,Exploration & Invention,Religion + Exploration & Invention,6057,3348,7,11.170217843329803,-0.6378689907918251,-2.0160667845370237,0.20132637251678875,0.572060984684709,0.2143928035982009,0.002090800477897252,-1.2678799700967749,0.3757567142374855,-2.0043631300022464,-0.5313968101913032,0.000740293681347734,0.2933796259764854,0.001228572492449431,not distinguishable,low pressure
1600,Religion,Culture (core),Religion + Culture (core),6057,3348,154,86.39658130141024,0.830235513589776,0.6473094199097482,1.0080895167765414,0.09259437274574078,0.0004997501249375312,0.045997610513739545,-0.6490218218088525,0.09375242226629368,-0.832776569450788,-0.46526707416691687,4.4305118367341355e-12,0.0016948047715272798,1.8188417013961188e-11,associated,low pressure
1600,Religion,Culture (periphery),Religion + Culture (periphery),6057,3348,8,27.196556726895807,-1.70417188327582,-2.9625656723166887,-0.9314854405074899,0.5170656977994984,0.0079960019990005,0.0023894862604540022,-1.9280567899601477,0.34938909435655574,-2.612859414898997,-1.2432541650212985,3.421668377780907e-08,0.015211906242000951,1.026500513334272e-07,dissociated,low pressure
1600,Religion,Sport & Games,Religion + Sport & Games,6057,3348,0,1.202888515433305,-1.7679839878665649,-2.2651723781638937,-1.1155647412418739,0.288259220647479,0.0004997501249375312,0.0,-1.5970858227173987,1.4388523748086746,-4.417236477342401,1.2230648319076034,0.26701109995333183,0.0016948047715272798,0.310848743229252,dissociated,low pressure
1600,Nobility,Kinship,Nobility + Kinship,6057,3348,151,69.0983673994581,1.122192424068058,0.9396048068319772,1.2853400564204671,0.08971579495843594,0.0004997501249375312,0.04510155316606929,0.8393681191620651,0.10207869152057449,0.6392938837817391,1.0394423545423912,1.9888006684223494e-16,0.0016948047715272798,1.1080460866924518e-15,associated,low pressure
1600,Nobility,Big business,Nobility + Big business,6057,3348,8,20.176769346307495,-1.2824760421834642,-2.556032879549973,-0.5364085690814266,0.5013222253083652,0.0239880059970015,0.0023894862604540022,-1.4180400051255533,0.3515035403803774,-2.106986944271093,-0.7290930659800136,5.4785703149630696e-05,0.038980509745127435,0.00010422645965051694,dissociated,low pressure
1600,Nobility,Small business,Nobility + Small business,6057,3348,19,35.95431904012148,-0.9026156285369424,-1.6452682201516542,-0.37320693187239806,0.31960445902497203,0.010494752623688156,0.005675029868578256,-1.0639199383324787,0.2357287554020966,-1.525948298920588,-0.6018915777443694,6.381980945824184e-06,0.019036993131341304,1.3453905777683414e-05,dissociated,low pressure
1600,Nobility,Academia,Nobility + Academia,6057,3348,20,65.26136639292183,-1.6816163659891836,-2.374626366093253,-1.1492483696658322,0.3151772989587673,0.0004997501249375312,0.005973715651135006,-2.0168038795533945,0.226814803601679,-2.4613608946126853,-1.5722468644941037,6.009819584875275e-19,0.0016948047715272798,4.687659276202714e-18,dissociated,low pressure
1600,Nobility,Exploration & Invention,Nobility + Exploration & Invention,6057,3348,1,12.377753432510804,-3.1018465265573476,-4.866528075338828,-1.7074064881723672,1.0245776276516454,0.0004997501249375312,0.0002986857825567503,-2.802239176419648,0.821215874096121,-4.411822289648045,-1.1926560631912508,0.0006441595442698577,0.0016948047715272798,0.0010922705315880197,dissociated,low pressure
1600,Nobility,Culture (core),Nobility + Culture (core),6057,3348,33,95.73632276109184,-1.5224204218844397,-2.0546807309880015,-1.069245199507623,0.24459133194503144,0.0004997501249375312,0.00985663082437276,-2.3103560965399237,0.17904973121171122,-2.6612935697148776,-1.9594186233649697,4.304870262731945e-38,0.0016948047715272798,8.394497012327292e-37,dissociated,low pressure
1600,Nobility,Culture (periphery),Nobility + Culture (periphery),6057,3348,6,30.136589823073713,-2.23674409570805,-3.672906547387574,-1.415263407321404,0.6205782681414915,0.004497751124437781,0.0017921146953405018,-2.0824616803238656,0.39796172606467595,-2.8624666634106304,-1.3024566972371008,1.6694419821016088e-07,0.009481745613679645,4.6505883787116245e-07,dissociated,low pressure
1600,Nobility,Sport & Games,Nobility + Sport & Games,6057,3348,1,1.3329245373422405,-0.28918488971572254,-2.1603450614801365,1.0365637140348625,0.9866025572918192,0.7346326836581709,0.0002986857825567503,-0.30469502393813075,0.8615071387691177,-1.9932490159256013,1.3838589680493398,0.7235811669194914,0.8185907046476762,0.7626936624286531,not distinguishable,low pressure
1600,Kinship,Big business,Kinship + Big business,6057,3348,18,17.541810300950537,0.03618116600799921,-0.7113923921967434,0.5458416575260016,0.3186748018951635,0.9070464767616192,0.005376344086021506,-0.3284368671486622,0.2459637579916246,-0.8105258328122464,0.15365209851492195,0.1817762352112109,0.956076016046031,0.21813148225345308,not distinguishable,low pressure
1600,Kinship,Small business,Kinship + Small business,6057,3348,31,31.258911338900187,-0.011809630691712748,-0.5431074413193754,0.39051086090694087,0.23855130080302125,0.9610194902548725,0.009259259259259259,-0.2754612542939365,0.19098488882346984,-0.6497916363879374,0.0988691278000644,0.1492122247728115,0.9863094768405272,0.18185239894186403,not distinguishable,low pressure
1600,Kinship,Academia,Kinship + Academia,6057,3348,29,56.73864282217068,-0.9562745104458558,-1.4946585066030418,-0.5319635264753236,0.2520614423529716,0.001999000499750125,0.008661887694145758,-1.3690593477233395,0.19212671222971792,-1.7456277036935866,-0.9924909917530924,1.0346684768914064e-12,0.004872563718140929,4.483563399862761e-12,dissociated,low pressure
1600,Kinship,Exploration & Invention,Kinship + Exploration & Invention,6057,3348,9,10.761296763536627,-0.2453735479919356,-1.426113613558563,0.45268868475445523,0.48108326493540254,0.5767116441779111,0.002688172043010753,-0.6447187087877482,0.33710856954008156,-1.305451505086308,0.01601408751081168,0.055812636365866045,0.6713956454608517,0.07746551593648525,not distinguishable,low pressure
1600,Kinship,Culture (core),Kinship + Culture (core),6057,3348,78,83.23376175646212,-0.09311678594811457,-0.40544980720261203,0.1685475902910113,0.1456347114839901,0.5162418790604698,0.023297491039426525,-1.0736597444489455,0.12416845738073395,-1.3170299209151841,-0.8302895679827069,5.296394993178763e-18,0.6101040388896461,3.4426567455661957e-17,not distinguishable,low pressure
1600,Kinship,Culture (periphery),Kinship + Culture (periphery),6057,3348,6,26.20094092965694,-2.03837895950671,-3.4613534330630626,-1.1834545048899958,0.6233263957391154,0.01199400299850075,0.0017921146953405018,-1.8338419506744297,0.3983427968914693,-2.6145938325817095,-1.0530900687671498,4.150941950658305e-06,0.0207896051974013,9.522749180921992e-06,dissociated,low pressure
1600,Kinship,Sport & Games,Kinship + Sport & Games,6057,3348,1,1.1588529847479725,-0.14522353290636333,-2.010504740687341,1.1821113442840714,0.9934640204835734,0.8440779610194903,0.0002986857825567503,-0.05942164198320876,0.8616811073342654,-1.7483166123583689,1.6294733283919514,0.9450213548227087,0.9144177911044478,0.9564217393586273,not distinguishable,low pressure
1600,Big business,Small business,Big business + Small business,6057,3348,26,9.127622950272649,1.460740812379318,0.8975899116698771,1.8775020640511453,0.25984147211596187,0.0009995002498750624,0.007765830346475508,0.687477226615316,0.21350122911732106,0.2690148175453667,1.105939635685265,0.0012818375043844319,0.002887445166305736,0.0020404760273874632,associated,low pressure
1600,Big business,Academia,Big business + Academia,6057,3348,10,16.567721529907544,-0.7008811495191825,-1.7863781798162237,-0.019523279554480043,0.4515017605919322,0.11644177911044477,0.002986857825567503,-1.3391692236285053,0.3178743828724288,-1.9622030140584656,-0.7161354331985449,2.521259215253684e-05,0.16819368093730913,4.916455469744684e-05,not distinguishable,low pressure
1600,Big business,Exploration & Invention,Big business + Exploration & Invention,6057,3348,12,3.142305829164159,1.779004125314353,0.7997256822247637,2.380488051665044,0.40192319759902173,0.0024987506246876563,0.0035842293906810036,0.7688112211848992,0.3023654152024903,0.17617500738801828,1.36144743498178,0.011001349627527687,0.0057324279036952116,0.01622029870561937,associated,low pressure
1600,Big business,Culture (core),Big business + Culture (core),6057,3348,22,24.304313922166802,-0.14066605194726886,-0.7762141625927368,0.3457868515140789,0.2875589835242565,0.6106946526736632,0.006571087216248507,-1.2966738188848674,0.22366039883263442,-1.7350482005968308,-0.858299437172904,6.730601512482778e-09,0.6903504769354453,2.3863041726075302e-08,not distinguishable,low pressure
1600,Big business,Culture (periphery),Big business + Culture (periphery),6057,3348,3,7.650692218786945,-1.2195676671269708,-4.008612996856167,-0.1587104123134013,0.869943910121052,0.12543728135932034,0.0008960573476702509,-1.3765916823460973,0.5415352244299364,-2.4380007222287725,-0.31518264246342187,0.011021485017920855,0.17789287174594517,0.01622029870561937,not distinguishable,low pressure
1600,Big business,Sport & Games,Big business + Sport & Games,6057,3348,0,0.3383858441165314,-0.7456862627378894,-1.0697527818251282,-0.404993357931296,0.16606903829610592,0.0004997501249375312,0.0,-0.1530560024324976,1.4399375940353651,-2.975333686741813,2.669221681876818,0.9153494909485781,0.0016948047715272798,0.9394376354472249,dissociated,low pressure
1600,Small business,Academia,Small business + Academia,6057,3348,39,29.52311816773579,0.39577883184369717,-0.07513581825722461,0.7637875533841204,0.211104108436495,0.05747126436781609,0.011648745519713262,-0.4196153567489896,0.17217863727485694,-0.7570854858077092,-0.08214522769027,0.014805869746551395,0.0878972278566599,0.02138625630057424,not distinguishable,low pressure
1600,Small business,Exploration & Invention,Small business + Exploration & Invention,6057,3348,14,5.599482472355158,1.2492941567538498,0.4435819834828156,1.8277497751360723,0.35661774583686595,0.0029985007496251873,0.004181600955794504,0.4101004308215113,0.2805764998002693,-0.13982950878701644,0.960030370430039,0.14384125937652498,0.006682373099164703,0.1780891782756976,associated,low pressure
1600,Small business,Culture (core),Small business + Culture (core),6057,3348,71,43.30946356230077,0.7067006926204084,0.3776328038318051,0.9664053703123608,0.14801863197145798,0.0004997501249375312,0.02120669056152927,-0.5039051276015499,0.1346274859131723,-0.7677749999913677,-0.2400352552117322,0.00018186608684180608,0.0016948047715272798,0.00032989662264327617,associated,low pressure
1600,Small business,Culture (periphery),Small business + Culture (periphery),6057,3348,28,13.633274197208468,1.0118661916892522,0.4431940632983457,1.4364657955858902,0.25538222777517555,0.0024987506246876563,0.008363201911589008,0.3610576189143726,0.20349029769532287,-0.03778336456846021,0.7598986023972054,0.0760096542242559,0.0057324279036952116,0.10048733948291458,associated,low pressure
1600,Small business,Sport & Games,Small business + Sport & Games,6057,3348,2,0.6029921038995837,1.180505631887068,-1.1961447807551162,2.27720015818644,0.9348652384501682,0.14942528735632185,0.0005973715651135006,1.1049834278193635,0.6948665550728531,-0.2569550201234285,2.4669218757621554,0.11178757988217003,0.208128078817734,0.14063598759369778,not distinguishable,low pressure
1600,Academia,Exploration & Invention,Academia + Exploration & Invention,6057,3348,8,10.16372683435695,-0.32717698308444637,-1.571626839415014,0.3863838245608133,0.4946100111291491,0.47476261869065467,0.0023894862604540022,-1.1562159644023828,0.3543032279224135,-1.850650291130313,-0.46178163767445246,0.0011010287528062698,0.5697151424287856,0.0017891717233101884,not distinguishable,low pressure
1600,Academia,Culture (core),Academia + Culture (core),6057,3348,131,78.61182871148762,0.7330974734419776,0.5195135673569122,0.9276345564000456,0.10292175749379182,0.0004997501249375312,0.03912783751493429,-0.888447859500584,0.09921748436637826,-1.0829141288586854,-0.6939815901424826,3.4112617533034343e-19,0.0016948047715272798,2.9564268528629765e-18,associated,low pressure
1600,Academia,Culture (periphery),Academia + Culture (periphery),6057,3348,19,24.74601456159807,-0.3725815321653661,-1.1220352590039224,0.13705509113518552,0.32468795520515875,0.23738130934532733,0.005675029868578256,-1.0700816571874823,0.23623897262736374,-1.5331100435371152,-0.6070532708378493,5.907935232624975e-06,0.3192369332575092,1.2800526337354114e-05,not distinguishable,low pressure
1600,Academia,Sport & Games,Academia + Sport & Games,6057,3348,1,1.0945024040287472,-0.08814377201968378,-1.9683961705337434,1.270285093855348,0.9994236169084999,0.9050474762618691,0.0002986857825567503,-0.4468345787191368,0.8614249110263057,-2.135227404330696,1.2415582468924224,0.6039590497396716,0.956076016046031,0.645326107941019,not distinguishable,low pressure
1600,Exploration & Invention,Culture (core),Exploration & Invention + Culture (core),6057,3348,12,14.909859943954554,-0.30192565476024613,-1.2410577435711414,0.3523675307548793,0.4084986070908307,0.4257871064467766,0.0035842293906810036,-1.5220195455520344,0.29593604113564836,-2.102054186177905,-0.9419849049261637,2.7028597202900285e-07,0.5308774184336403,7.269760626986973e-07,not distinguishable,low pressure
1600,Exploration & Invention,Culture (periphery),Exploration & Invention + Culture (periphery),6057,3348,3,4.693436310184333,-0.5693345119368173,-3.3140098577666968,0.5016194772172183,0.865722420630179,0.40429785107446276,0.0008960573476702509,-0.982567749930538,0.5433864412201747,-2.0476051747220803,0.08246967486100443,0.07057068688616534,0.5169710226853785,0.09490540650208443,not distinguishable,low pressure
1600,Exploration & Invention,Sport & Games,Exploration & Invention + Sport & Games,6057,3348,1,0.20758806683256167,1.0839808778043616,-0.6411981966483133,2.356345877802551,0.9943513797698549,0.4287856071964018,0.0002986857825567503,1.4108085547565983,0.8643958995679408,-0.28340740839656564,3.1050245179097624,0.10265159748147591,0.5308774184336403,0.1312594197304118,not distinguishable,low pressure
1600,Culture (core),Culture (periphery),Culture (core) + Culture (periphery),6057,3348,186,36.30160641835382,2.34133498296575,2.209456314697793,2.4742937300185766,0.06763634647964788,0.0004997501249375312,0.05555555555555555,1.2997249241385875,0.11427117721087261,1.0757534168052771,1.523696431471898,5.631921498068154e-30,0.0016948047715272798,6.91467526101162e-29,associated,low pressure
1600,Culture (core),Sport & Games,Culture (core) + Sport & Games,6057,3348,5,1.6055997783437734,1.3852003763238248,-0.021934197756302256,2.113922161905064,0.5599593823416442,0.026486756621689155,0.0014934289127837516,0.43417180041137765,0.5365775407038131,-0.617520179368096,1.4858637801908514,0.41842878168322484,0.04216259217330111,0.46624921387559337,associated,low pressure
1600,Culture (periphery),Sport & Games,Culture (periphery) + Sport & Games,6057,3348,1,0.5054226081015663,0.5771604655275963,-1.26171497798367,1.889435673726113,1.0058194402408442,0.5922038980509745,0.0002986857825567503,0.6463725277418735,0.8625099100252955,-1.0441468959077058,2.336891951391453,0.45361084084243974,0.6792927065878825,0.49833303641845494,not distinguishable,low pressure
1650,Politics,Administration & Law,Politics + Administration & Law,5289,2968,202,98.52298186031575,1.0320866093276522,0.8872991522393394,1.1627519350548163,0.06854919339480771,0.0004997501249375312,0.06805929919137467,0.3381573370884945,0.09693524160666268,0.14816426353943563,0.5281504106375534,0.00048576231287046845,0.0016948047715272798,0.0008611241000885578,associated,low pressure
1650,Politics,Military,Politics + Military,5289,2968,222,131.586026876261,0.7523274813230212,0.6132388301974587,0.8783095214153224,0.06687632080085842,0.0004997501249375312,0.0747978436657682,-0.26483898972068,0.08567917861052167,-0.4327701797973025,-0.09690779964405752,0.001994471864079746,0.0016948047715272798,0.0033819305521352212,associated,low pressure
1650,Politics,Religion,Politics + Religion,5289,2968,93,111.28011768868397,-0.2576253289554454,-0.5177719733220032,-0.02933948429869855,0.12416933315993312,0.04097951024487756,0.03133423180592992,-1.2744552294440954,0.1157504798053366,-1.501326169862555,-1.0475842890256357,3.4061448786576253e-28,0.06146926536731634,6.641982513382369e-27,not distinguishable,low pressure
1650,Politics,Nobility,Politics + Nobility,5289,2968,247,142.26896548306752,0.793746118721893,0.6635915162003863,0.9155084693439668,0.06390417172561258,0.0004997501249375312,0.0832210242587601,0.0861426291353123,0.08541457639245564,-0.08126994059390076,0.2535551988645254,0.31320309055178686,0.0016948047715272798,0.3758437086621442,associated,low pressure
1650,Politics,Kinship,Politics + Kinship,5289,2968,156,141.44055699067755,0.14087578439624515,-0.046175115415528496,0.30946610398385127,0.09115411526841992,0.12193903048475763,0.05256064690026954,-0.44137114179120945,0.09790304413355606,-0.6332611082929793,-0.24948117528943958,6.536533758699448e-06,0.16111944027986005,1.5932801036829904e-05,not distinguishable,low pressure
1650,Politics,Big business,Politics + Big business,5289,2968,85,44.55248875122912,0.9243176156271465,0.6891181869514973,1.1337086692794,0.11331117035306414,0.0004997501249375312,0.028638814016172506,0.02623402462957729,0.13741366375491174,-0.24309675633004968,0.2955648055892043,0.8485939269296467,0.0016948047715272798,0.8864306974170465,associated,low pressure
1650,Politics,Small business,Politics + Small business,5289,2968,48,81.2214848292066,-0.7527306698926671,-1.17341741724113,-0.42418742560669176,0.19060047876021724,0.0009995002498750624,0.016172506738544475,-1.3927512191684845,0.15624704846456353,-1.698995434159029,-1.08650700417794,4.932333766172313e-19,0.0029985007496251873,4.274689264016005e-18,dissociated,low pressure
1650,Politics,Academia,Politics + Academia,5289,2968,43,140.33775964256787,-1.6949468769478255,-2.1572148745349757,-1.3326835331686342,0.20891117214625374,0.0004997501249375312,0.014487870619946091,-2.609812069257415,0.1584017981341248,-2.9202795936003,-2.2993445449145304,5.466955391547081e-61,0.0016948047715272798,2.1321126027033616e-59,dissociated,low pressure
1650,Politics,Exploration & Invention,Politics + Exploration & Invention,5289,2968,10,21.58995857636638,-1.073001385427103,-2.122731870288487,-0.41766280826338964,0.4531856420322328,0.02448775612193903,0.0033692722371967657,-1.6902070725665093,0.32490871698278145,-2.327028157852761,-1.0533859872802576,1.9705098360034985e-07,0.040639254840664774,6.40415696701137e-07,dissociated,low pressure
1650,Politics,Culture (core),Politics + Culture (core),5289,2968,47,184.93582653153263,-1.9649205835844905,-2.385095642399012,-1.618414611238627,0.19343359861831474,0.0004997501249375312,0.015835579514824796,-3.005229558435038,0.15126926725950257,-3.3017173222636633,-2.708741794606413,7.894314090854265e-88,0.0016948047715272798,6.157564990866327e-86,dissociated,low pressure
1650,Politics,Culture (periphery),Politics + Culture (periphery),5289,2968,10,62.64287384284636,-2.588230596118233,-3.7632551237417062,-1.89375872981957,0.46488861368383066,0.0014992503748125937,0.0033692722371967657,-2.818370935023392,0.3152277962315411,-3.4362174156372127,-2.200524454409571,3.865599595966146e-19,0.004176483186977939,3.768959606066993e-18,dissociated,low pressure
1650,Politics,Sport & Games,Politics + Sport & Games,5289,2968,3,5.620958878063713,-0.8064027537795968,-3.4708965241498864,0.20778931136685466,0.8459758489005321,0.2888555722138931,0.0010107816711590297,-1.3491192494460817,0.5707625098092118,-2.467813768672137,-0.23042473022002663,0.01809278123276146,0.3362796213833382,0.025200659574203466,not distinguishable,low pressure
1650,Administration & Law,Military,Administration & Law + Military,5289,2968,35,38.518496052641126,-0.13633914648155301,-0.6355270287516952,0.23466962600018496,0.22314981369683481,0.5262368815592204,0.01179245283018868,-0.8025469491299178,0.1789560464052857,-1.1533008000842777,-0.4517930981755578,7.3049571150220355e-06,0.5622805035838246,1.7266262271870265e-05,not distinguishable,low pressure
1650,Administration & Law,Religion,Administration & Law + Religion,5289,2968,8,32.57445243756575,-1.9601825258734755,-3.19400806480649,-1.175320176460603,0.5122752189995018,0.0024987506246876563,0.0026954177897574125,-2.167161483327684,0.3486094683093387,-2.850436041213988,-1.4838869254413805,5.08081066689533e-10,0.005906137840170824,2.3311954824578573e-09,dissociated,low pressure
1650,Administration & Law,Nobility,Administration & Law + Nobility,5289,2968,27,41.645657335076045,-0.615952365699283,-1.189433502831291,-0.16737541988364737,0.26552227235169296,0.02348825587206397,0.009097035040431268,-0.9701948786625049,0.20077086858832155,-1.363705781095615,-0.5766839762293947,1.3493153931719868e-06,0.039827912130891076,3.898022246941295e-06,dissociated,low pressure
1650,Administration & Law,Kinship,Administration & Law + Kinship,5289,2968,32,41.403161608123945,-0.3666193817330309,-0.8879746446210715,0.036798439522115596,0.23592875615948394,0.11594202898550725,0.01078167115902965,-0.6212648590316169,0.18702546859255653,-0.9878347774730276,-0.2546949405902061,0.0008943250938809826,0.15592203898050974,0.0015501634960603697,not distinguishable,low pressure
1650,Administration & Law,Big business,Administration & Law + Big business,5289,2968,9,13.041619257288723,-0.5114008428665818,-1.6580105371809195,0.20995251030115422,0.4674753129440304,0.25087456271864067,0.003032345013477089,-0.9452536252802222,0.3344323258121521,-1.6007409838720403,-0.2897662666884041,0.004706824356239776,0.29648811957657534,0.0074924959140143365,not distinguishable,low pressure
1650,Administration & Law,Small business,Administration & Law + Small business,5289,2968,10,23.775544539584036,-1.2091143300907092,-2.3639942078579277,-0.5178322313196966,0.45777156708348077,0.02048975512243878,0.0033692722371967657,-1.3624159586230384,0.3165255787004709,-1.9828060928759612,-0.7420258243701155,1.6752670908573822e-05,0.038052402370243446,3.7671845070217084e-05,dissociated,low pressure
1650,Administration & Law,Academia,Administration & Law + Academia,5289,2968,54,41.080345452727975,0.3903544856214387,0.021983277640987686,0.6963121687714267,0.17194468677625224,0.025487256371814093,0.018194070080862535,-0.5365618184437496,0.1486298609775826,-0.8278763459598115,-0.2452472909276877,0.0003061333111452324,0.0414167916041979,0.0005553115876587937,associated,low pressure
1650,Administration & Law,Exploration & Invention,Administration & Law + Exploration & Invention,5289,2968,2,6.319916741482543,-1.4478260318425187,-3.8422836933753697,-0.24949531298610914,0.9649960194188937,0.1329335332333833,0.0006738544474393531,-1.543055780210547,0.6411645471001259,-2.7997382925267935,-0.28637326789430007,0.01609978878648025,0.167238961164579,0.022832427733553807,not distinguishable,low pressure
1650,Administration & Law,Culture (core),Administration & Law + Culture (core),5289,2968,27,54.13530656218848,-0.9904019358126954,-1.5564008019312425,-0.5317672922161081,0.2662934577093886,0.001999000499750125,0.009097035040431268,-1.7528245035101435,0.19908340372439093,-2.1430279748099497,-1.3626210322103374,1.3146854017335869e-18,0.005376622033810681,1.0254546133521978e-17,dissociated,low pressure
1650,Administration & Law,Culture (periphery),Administration & Law + Culture (periphery),5289,2968,4,18.337123979818852,-2.0655818069740546,-3.8118871858381276,-1.0825295018969854,0.7951504255131545,0.021989005497251374,0.0013477088948787063,-2.0072686849806485,0.47720190551952724,-2.942584419798922,-1.071952950162375,2.5955117352636687e-05,0.039827912130891076,5.623608759737949e-05,dissociated,low pressure
1650,Administration & Law,Sport & Games,Administration & Law + Sport & Games,5289,2968,1,1.6453941766959392,-0.5162802400196653,-2.39029247332682,0.8401193252560899,1.0134150888616238,0.6016991504247876,0.00033692722371967657,-0.6201656517807541,0.8398235535000574,-2.2662198166408665,1.0258885130793585,0.4602425240997171,0.6342234288261275,0.5439229830269384,not distinguishable,low pressure
1650,Military,Religion,Military + Religion,5289,2968,2,43.50601953974677,-4.13770088207156,-6.509731323326057,-2.950274532133541,0.9898408312754604,0.0004997501249375312,0.0006738544474393531,-3.921842062125247,0.634917846991462,-5.166281042228513,-2.677403082021981,6.536070808400514e-10,0.0016948047715272798,2.8322973503068896e-09,dissociated,low pressure
1650,Military,Nobility,Military + Nobility,5289,2968,96,55.62140408156045,0.7819778386943886,0.5235874803052303,1.0029182563219035,0.1225705302103162,0.0004997501249375312,0.03234501347708895,-0.013433734120819576,0.11763898637265872,-0.24400614741123067,0.2171386791695915,0.909083551839297,0.0016948047715272798,0.9192789456172398,associated,low pressure
1650,Military,Kinship,Military + Kinship,5289,2968,75,55.29752990883862,0.43627538738586735,0.12987940854222663,0.6898422080824655,0.14163596329148878,0.004997501249375313,0.02526954177897574,-0.1567087212341722,0.12993015464267776,-0.4113718243338206,0.0979543818654762,0.22777904844853525,0.010827919373646511,0.291258455393209,associated,low pressure
1650,Military,Big business,Military + Big business,5289,2968,11,17.418218873365078,-0.6397933749829313,-1.7084753276273756,0.029611845818524926,0.444811396845824,0.13093453273363317,0.003706199460916442,-1.249149794237052,0.3046911770529547,-1.8463445012608433,-0.6519550872132608,4.136427714388705e-05,0.167238961164579,8.490562150587342e-05,not distinguishable,low pressure
1650,Military,Small business,Military + Small business,5289,2968,3,31.75431136685472,-3.204065188306916,-5.984259590019607,-2.142330521018334,0.8710622886500938,0.0004997501249375312,0.0010107816711590297,-2.9997677502815105,0.5383881353700259,-4.055008495606762,-1.9445270049562597,2.521833065218562e-08,0.0016948047715272798,9.366808527954661e-08,dissociated,low pressure
1650,Military,Academia,Military + Academia,5289,2968,17,54.866380805371065,-1.6616552966718978,-2.4673444348009412,-1.1186723205934088,0.34795048883960866,0.0004997501249375312,0.0057277628032345014,-2.329968375278645,0.2447403329851693,-2.809659427929577,-1.8502773226277132,1.7290415194029068e-21,0.0016948047715272798,2.247753975223779e-20,dissociated,low pressure
1650,Military,Exploration & Invention,Military + Exploration & Invention,5289,2968,15,8.440799481480378,0.7937924681956282,0.03581801533282496,1.3387031686688478,0.3364034987838783,0.022988505747126436,0.005053908355795148,-0.07631774926997154,0.27576416887804783,-0.6168155202709453,0.4641800217310022,0.7819720330008346,0.039827912130891076,0.8471363690842375,associated,low pressure
1650,Military,Culture (core),Military + Culture (core),5289,2968,47,72.302418884827,-0.6160588718041542,-1.0479187332853093,-0.28035893634713155,0.19490998250819822,0.0029985007496251873,0.015835579514824796,-1.6943325177348687,0.15359633864531738,-1.9953813414796908,-1.3932836939900466,2.7061501016169323e-28,0.006878913484434253,6.641982513382369e-27,dissociated,low pressure
1650,Military,Culture (periphery),Military + Culture (periphery),5289,2968,8,24.490826843454215,-1.555863888683768,-2.8077681470638463,-0.7912065346731062,0.5144150861292945,0.014492753623188406,0.0026954177897574125,-1.8561082148316879,0.3499520281606592,-2.54201419002658,-1.170202239636796,1.1335859196341156e-07,0.028260869565217388,4.0190773514300464e-07,dissociated,low pressure
1650,Military,Sport & Games,Military + Sport & Games,5289,2968,5,2.1975672910887,1.0277726703015353,-0.6271947347222248,1.844112857571971,0.6184619545147789,0.08445777111444278,0.0016846361185983828,0.3445046519668385,0.4753198251715769,-0.5871222053694523,1.2761315093031291,0.46858397492607073,0.1197764753986643,0.5455156723019928,not distinguishable,low pressure
1650,Religion,Nobility,Religion + Nobility,5289,2968,6,47.03809773074417,-2.870572550760095,-4.297745175289195,-2.040691991743878,0.602374905167816,0.0024987506246876563,0.0020215633423180594,-2.837648934997275,0.3963796281279327,-3.614553006128023,-2.060744863866527,8.13167837392769e-13,0.005906137840170824,4.530506522616856e-12,dissociated,low pressure
1650,Religion,Kinship,Religion + Kinship,5289,2968,36,46.764202721430586,-0.37285145511569834,-0.8828408883489471,0.006347782658266089,0.22423315650714526,0.09045477261369315,0.012129380053908356,-0.8480933866623201,0.17618299559241404,-1.1934120580234517,-0.5027747153011886,1.4815569999063713e-06,0.1259905761405012,4.127194499739177e-06,not distinguishable,low pressure
1650,Religion,Big business,Religion + Big business,5289,2968,0,14.730298437979545,-4.928872306625549,-5.142165884996139,-4.694748220145717,0.11497297962123837,0.0004997501249375312,0.0,-4.2844818883712925,1.4162846891945677,-7.060399879192645,-1.5085638975499398,0.002485050525824719,0.0016948047715272798,0.004124126404560172,dissociated,low pressure
1650,Religion,Small business,Religion + Small business,5289,2968,22,26.854093781170295,-0.2818317597591586,-0.9554680978661495,0.25454378463021193,0.2967204392223023,0.33233383308345826,0.007412398921832884,-0.8897665538029177,0.2212831132597617,-1.3234814557920505,-0.4560516518137848,5.79658883952705e-05,0.3812064555957315,0.00011303348237077748,not distinguishable,low pressure
1650,Religion,Academia,Religion + Academia,5289,2968,168,46.39958708469313,1.8451014653339703,1.6863366099007016,1.9952537581308438,0.07962341835411528,0.0004997501249375312,0.05660377358490566,0.6015585592991178,0.09797510999274187,0.40952734371334376,0.7935897748848919,8.256717766606524e-10,0.0016948047715272798,3.389599925238468e-09,associated,low pressure
1650,Religion,Exploration & Invention,Religion + Exploration & Invention,5289,2968,2,7.13824394568124,-1.6113129017429388,-4.007164368047114,-0.4475107387891589,0.948215713935368,0.12393803098450774,0.0006738544474393531,-1.8795030269747004,0.6407528824563025,-3.1353786765890534,-0.6236273773603476,0.0033540899735339073,0.16111944027986005,0.0054503962069926,not distinguishable,low pressure
1650,Religion,Culture (core),Religion + Culture (core),5289,2968,114,61.14495492934133,0.8932928650251174,0.6733888990823899,1.0821280549711227,0.10531494566638894,0.0004997501249375312,0.03840970350404313,-0.44119141008450047,0.10835682941119097,-0.6535707957304348,-0.22881202443856616,4.668068370020179e-05,0.0016948047715272798,9.336136740040357e-05,associated,low pressure
1650,Religion,Culture (periphery),Religion + Culture (periphery),5289,2968,9,20.71148554394445,-1.1588462448313868,-2.287300936720988,-0.42833036411580333,0.48837527435576006,0.022488755622188907,0.003032345013477089,-1.5742321582709462,0.332107518744596,-2.2251628950103544,-0.923301421531538,2.135832171031606e-06,0.039827912130891076,5.744652046222941e-06,dissociated,low pressure
1650,Religion,Sport & Games,Religion + Sport & Games,5289,2968,0,1.8584461632169744,-2.2378366685179754,-2.6275330148488214,-1.738354624777954,0.22760921183042046,0.0004997501249375312,0.0,-2.0914821636405265,1.4271764574214463,-4.888748020186561,0.7057836929055079,0.14279313635691349,0.0016948047715272798,0.18563107726398753,dissociated,low pressure
1650,Nobility,Kinship,Nobility + Kinship,5289,2968,132,59.78691325103559,1.1360755906946767,0.9427647894107685,1.3161877856235773,0.09591445633134807,0.0004997501249375312,0.0444743935309973,0.7596420300539167,0.10839784388827667,0.5471822560328945,0.972101804074939,2.419091713822004e-12,0.0016948047715272798,1.1793072104882269e-11,associated,low pressure
1650,Nobility,Big business,Nobility + Big business,5289,2968,10,18.83233378572624,-0.8806264813006991,-1.9377576321409289,-0.2000791059571166,0.444547437572782,0.04897551224387806,0.0033692722371967657,-1.2309759329359833,0.31817319387708887,-1.8545953929350776,-0.6073564729368891,0.00010933357739594568,0.07207716896268847,0.00020800046431423811,not distinguishable,low pressure
1650,Nobility,Small business,Nobility + Small business,5289,2968,14,34.33231578637053,-1.2643734917900724,-2.162652481235774,-0.6528432453649741,0.3725683582464477,0.004497751124437781,0.0047169811320754715,-1.4161140226497086,0.27082210103630466,-1.9469253406808658,-0.8853027046185515,1.7047955199949894e-07,0.010023559648747054,5.781480459113443e-07,dissociated,low pressure
1650,Nobility,Academia,Nobility + Academia,5289,2968,10,59.320760891431625,-2.5102569330726157,-3.5363220028895017,-1.8040126400383785,0.45785779876401367,0.0009995002498750624,0.0033692722371967657,-2.7420734834197944,0.3132198277109699,-3.3559843457332956,-2.128162621106293,2.0506542769102686e-18,0.0029985007496251873,1.4541003054454634e-17,dissociated,low pressure
1650,Nobility,Exploration & Invention,Nobility + Exploration & Invention,5289,2968,0,9.126073934958741,-4.266947504249044,-4.547341027679891,-3.9660407111973455,0.14780265383403865,0.0004997501249375312,0.0,-3.5597023660165363,1.4178658995894031,-6.338719529211767,-0.780685202821306,0.012052419639826735,0.0016948047715272798,0.01843311239032324,dissociated,low pressure
1650,Nobility,Culture (core),Nobility + Culture (core),5289,2968,27,78.17236055269541,-1.5164252534702738,-2.1281667879744273,-1.0743365799452524,0.26874082296977064,0.0009995002498750624,0.009097035040431268,-2.1688546863243534,0.19746609432133078,-2.5558882311941615,-1.781821141454545,4.591610716117972e-28,0.0029985007496251873,7.162912717144036e-27,dissociated,low pressure
1650,Nobility,Culture (periphery),Nobility + Culture (periphery),5289,2968,4,26.479138260779568,-2.5838473614215727,-4.302630447994142,-1.6301198603043145,0.7759657441241359,0.01899050474762619,0.0013477088948787063,-2.396793892785101,0.47657816625045046,-3.330887098635984,-1.4627006869342183,4.926006265390712e-07,0.03612827732475226,1.4778018796172136e-06,dissociated,low pressure
1650,Nobility,Sport & Games,Nobility + Sport & Games,5289,2968,2,2.3759789128416933,-0.20212500284734278,-2.638658155235438,0.906235627110654,0.9504422483941176,0.7891054472763618,0.0006738544474393531,-0.4555868107993454,0.6628887668869611,-1.7548487938977892,0.8436751722990984,0.4919095129832347,0.8098713800994239,0.5642491472454751,not distinguishable,low pressure
1650,Kinship,Big business,Kinship + Big business,5289,2968,15,18.722676242447942,-0.3105409912117806,-1.1789138879554013,0.2699185482208678,0.3652556827471346,0.36681659170414793,0.005053908355795148,-0.6541128668916429,0.2661451184844063,-1.1757572991210794,-0.1324684346622066,0.013981821184725029,0.41466223410034114,0.020972731777087545,not distinguishable,low pressure
1650,Kinship,Small business,Kinship + Small business,5289,2968,14,34.13240442928521,-1.256069652983256,-2.1756016978717496,-0.6386283426068463,0.38980441216991923,0.009495252373813094,0.0047169811320754715,-1.2584978993294489,0.2712195471967775,-1.790088211835133,-0.726907586823765,3.4816558214893832e-06,0.019490254872563718,9.052305135872396e-06,dissociated,low pressure
1650,Kinship,Academia,Kinship + Academia,5289,2968,29,58.97534598010055,-1.0115768046487934,-1.5430711585615489,-0.5749945639878229,0.25060469045482936,0.0014992503748125937,0.00977088948787062,-1.4902620839416845,0.19250397793347795,-1.8675698806913013,-1.1129542871920677,9.828065785235822e-15,0.004176483186977939,6.388242760403284e-14,dissociated,low pressure
1650,Kinship,Exploration & Invention,Kinship + Exploration & Invention,5289,2968,4,9.072934326301093,-1.0890362105342462,-2.8944232522145232,-0.13378429955649243,0.7748263002182543,0.10594702648675662,0.0013477088948787063,-1.1662026737683542,0.4827981163797419,-2.112486981872648,-0.2199183656640601,0.015713280768135645,0.14498014150819327,0.022832427733553807,not distinguishable,low pressure
1650,Kinship,Culture (core),Kinship + Culture (core),5289,2968,68,77.71717591610134,-0.19138145946039775,-0.5217621247991691,0.07618863333924167,0.15642177952845152,0.22188905547226387,0.022911051212938006,-0.9704928023531942,0.132703132683006,-1.230590942411886,-0.7103946622945025,2.6073355849880674e-13,0.2704272863568216,1.5644013509928403e-12,not distinguishable,low pressure
1650,Kinship,Culture (periphery),Kinship + Culture (periphery),5289,2968,10,26.32495464854961,-1.3531864040086516,-2.441410008274686,-0.692755298242854,0.4593623779482007,0.010494752623688156,0.0033692722371967657,-1.363431822662664,0.3169082482765047,-1.9845719892846132,-0.7422916560407148,1.6904033044328178e-05,0.020989505247376312,3.7671845070217084e-05,dissociated,low pressure
1650,Kinship,Sport & Games,Kinship + Sport & Games,5289,2968,1,2.3621439833301556,-0.9321337495444743,-2.793816172183933,0.4145663740834142,1.0034528956700917,0.4547726136931534,0.00033692722371967657,-0.8518498494282554,0.8395957886173752,-2.497457595118311,0.7937578962617999,0.3102988327130869,0.49960935025445025,0.3758437086621442,not distinguishable,low pressure
1650,Big business,Small business,Big business + Small business,5289,2968,25,10.75139688885955,1.18039312035081,0.6078174305619928,1.6093196559030924,0.25619255711422007,0.0004997501249375312,0.008423180592991913,0.39905413711382876,0.21618166125139615,-0.02466191893890768,0.8227701931665652,0.06490376513446589,0.0016948047715272798,0.0872843738015231,associated,low pressure
1650,Big business,Academia,Big business + Academia,5289,2968,8,18.576697478301472,-1.166276689966483,-2.402350283425133,-0.39425692934838247,0.5009091790508461,0.03298350824587706,0.0026954177897574125,-1.7932227812861898,0.35106435473378306,-2.4813089165644047,-1.105136646007975,3.2565507580350424e-07,0.05145427286356821,1.0160438365069332e-06,not distinguishable,low pressure
1650,Big business,Exploration & Invention,Big business + Exploration & Invention,5289,2968,11,2.8578917752693282,1.776006223041847,0.8000243850837049,2.401517738433598,0.4187399274055248,0.0024987506246876563,0.003706199460916442,0.8498962939816996,0.31785106851494455,0.22690819969240839,1.472884388270991,0.007497879827324409,0.005906137840170824,0.011696692530626078,associated,low pressure
1650,Big business,Culture (core),Big business + Culture (core),5289,2968,13,24.48020341158311,-0.8878258174554885,-1.8013361313528773,-0.2539169822196248,0.39192929620875305,0.030484757621189407,0.004380053908355795,-1.7259616927973986,0.2819150938402531,-2.2785152767242947,-1.1734081088705026,9.224870904628008e-10,0.04852675702964845,3.597699652804923e-09,dissociated,low pressure
1650,Big business,Culture (periphery),Big business + Culture (periphery),5289,2968,5,8.292121233186505,-0.676779660883594,-2.4816150808670705,0.18864406088189165,0.6660265916608633,0.24687656171914044,0.0016846361185983828,-1.0481779596513225,0.43523843781501503,-1.901245297768752,-0.19511062153389314,0.016027687952640337,0.29625187406296855,0.022832427733553807,not distinguishable,low pressure
1650,Big business,Sport & Games,Big business + Sport & Games,5289,2968,1,0.7440538660565139,0.2699135469165028,-1.510815990023076,1.570511964020013,0.9950788325523466,0.6701649175412294,0.00033692722371967657,0.12136299918968213,0.8410429462284856,-1.5270811754181497,1.7698071737975138,0.8852631069547219,0.6969715142428786,0.908559504506162,not distinguishable,low pressure
1650,Small business,Academia,Small business + Academia,5289,2968,63,33.86627761325674,0.885762997367636,0.5621666000885536,1.1591086657034688,0.1555997234866692,0.0004997501249375312,0.02122641509433962,-0.07465901388926201,0.14220739673334795,-0.35338551148662395,0.20406748370809996,0.5995825524918095,0.0016948047715272798,0.6681062727765876,associated,low pressure
1650,Small business,Exploration & Invention,Small business + Exploration & Invention,5289,2968,13,5.210084104721271,1.2413755067381018,0.36240683513010635,1.827876256607142,0.383496148704278,0.006496751624187906,0.004380053908355795,0.5122525782464197,0.2944158027602753,-0.06480239516371988,1.0893075516565593,0.08187745973799569,0.013695854775315043,0.10824477728074007,associated,low pressure
1650,Small business,Culture (core),Small business + Culture (core),5289,2968,89,44.62867340839484,0.9878433123188396,0.7323104823479875,1.2239255499937536,0.12358414674311224,0.0004997501249375312,0.02998652291105121,-0.06263231748738247,0.12489812452863598,-0.30743264156350897,0.18216800658874405,0.6160423297282762,0.0016948047715272798,0.6767788974479655,associated,low pressure
1650,Small business,Culture (periphery),Small business + Culture (periphery),5289,2968,42,15.11696468190274,1.444348763179826,1.0299030866435532,1.7826654651787575,0.19450360951402682,0.0004997501249375312,0.014150943396226415,0.7171727893012356,0.17392489452853369,0.3762799960253096,1.0580655825771617,3.732191620383965e-05,0.0016948047715272798,7.867863415944573e-05,associated,low pressure
1650,Small business,Sport & Games,Small business + Sport & Games,5289,2968,0,1.3564485730857052,-1.892545350537735,-2.2613200392711525,-1.4433264442630422,0.21273631751002128,0.0004997501249375312,0.0,-1.5220849030543977,1.4275318964715915,-4.320047420138717,1.2758776140299217,0.28631728761110586,0.0016948047715272798,0.3544880703756549,dissociated,low pressure
1650,Academia,Exploration & Invention,Academia + Exploration & Invention,5289,2968,19,9.00219359869439,1.0371416181931572,0.3439795219862217,1.5266564536465443,0.2977262475558528,0.0024987506246876563,0.006401617250673854,-0.02543736225113455,0.2510050368994463,-0.5174072345740494,0.4665325100717802,0.9192789456172398,0.005906137840170824,0.9192789456172398,associated,low pressure
1650,Academia,Culture (core),Academia + Culture (core),5289,2968,132,77.11122315879922,0.7716551626562875,0.5703290587851736,0.9481112302359204,0.09728339822410541,0.0004997501249375312,0.0444743935309973,-0.7101614185216808,0.10014330041394898,-0.9064422873330208,-0.5138805497103408,1.3271201012546043e-12,0.0016948047715272798,6.901024526523942e-12,associated,low pressure
1650,Academia,Culture (periphery),Academia + Culture (periphery),5289,2968,23,26.119701708422678,-0.17983364818640885,-0.837706705589898,0.27919648446340606,0.287679520659131,0.5167416291854073,0.00774932614555256,-0.993721739542849,0.21756713316988097,-1.4201533205558157,-0.5672901585298824,4.937503479640177e-06,0.5598034316175247,1.2423395851997863e-05,not distinguishable,low pressure
1650,Academia,Sport & Games,Academia + Sport & Games,5289,2968,2,2.3437265917693932,-0.18585466976770132,-2.6002406699185125,0.9615774399714626,0.9551622717070931,0.8215892053973014,0.0006738544474393531,-0.789917016770148,0.6626233872653445,-2.0886588558102233,0.5088248222699273,0.2332198615397746,0.8322591950777859,0.29340563225971644,not distinguishable,low pressure
1650,Exploration & Invention,Culture (core),Exploration & Invention + Culture (core),5289,2968,9,11.86300905765946,-0.38003050787532433,-1.5386653847799867,0.2926171586616111,0.47697427612894916,0.3888055972013993,0.003032345013477089,-1.2763185914886117,0.3401552586295039,-1.9430228984024394,-0.6096142845747841,0.00017531414580220113,0.43324052259584495,0.0003255834136326592,not distinguishable,low pressure
1650,Exploration & Invention,Culture (periphery),Exploration & Invention + Culture (periphery),5289,2968,8,4.018328918376434,0.9116735435963439,-0.24824376543193963,1.6549661518479726,0.5001141576313579,0.059470264867566215,0.0026954177897574125,0.22098374444965913,0.36110436438803617,-0.4867808097508917,0.92874829865021,0.5405599762330501,0.08590149369759564,0.6110677992199697,not distinguishable,low pressure
1650,Exploration & Invention,Sport & Games,Exploration & Invention + Sport & Games,5289,2968,2,0.3605655395918195,1.5385711194808147,-0.8438350345671004,2.673538174415901,0.9697026442425318,0.13893053473263367,0.0006738544474393531,1.4538038510573268,0.6683866044987301,0.1437661062398159,2.7638415958748377,0.02962305529828449,0.1720092334784988,0.04053681251344193,not distinguishable,low pressure
1650,Culture (core),Culture (periphery),Culture (core) + Culture (periphery),5289,2968,144,34.420305956908216,2.048931388308606,1.8859390316014915,2.2093694008160782,0.08168643865301102,0.0004997501249375312,0.04851752021563342,1.0603944694239034,0.11777495889648174,0.8295555499867991,1.2912333888610075,2.18505033074771e-19,0.0016948047715272798,2.434770368547448e-18,associated,low pressure
1650,Culture (core),Sport & Games,Culture (core) + Sport & Games,5289,2968,7,3.08854164065857,1.0634929340813724,-0.1487824807222386,1.7596881744174535,0.5045258407281571,0.03648175912043978,0.0023584905660377358,0.10723422802913318,0.4253128860845232,-0.7263790286965324,0.9408474847547987,0.8009404185248616,0.05579563159596672,0.8557993513005372,not distinguishable,low pressure
1650,Culture (periphery),Sport & Games,Culture (periphery) + Sport & Games,5289,2968,1,1.0461743837458337,-0.0437405406486852,-1.8438078988926363,1.3337365529627219,1.0012865566923344,0.935032483758121,0.00033692722371967657,-0.1564440437823518,0.8404772681540691,-1.803779489364327,1.4908914017996235,0.8523372090548524,0.935032483758121,0.8864306974170465,not distinguishable,low pressure
1700,Politics,Administration & Law,Politics + Administration & Law,7649,4377,232,104.53267683079844,1.1463924800656944,1.0151359891162315,1.2745395975081761,0.06565977244823554,0.0004997501249375312,0.05300434087274389,0.4709400835955981,0.08801765844858948,0.2984254730363627,0.6434546941548335,8.770273068551635e-08,0.0012574357982299172,1.9002258315195208e-07,associated,low pressure
1700,Politics,Military,Politics + Military,7649,4377,335,156.2594547095304,1.097760306803578,0.98389970595823,1.2011387214724205,0.0553673909258206,0.0004997501249375312,0.07653644048435002,0.2601348508712858,0.07256515325907541,0.11790715048349801,0.4023625512590736,0.000337278024716315,0.0012574357982299172,0.0004963714326013692,associated,low pressure
1700,Politics,Religion,Politics + Religion,7649,4377,84,129.08783992600942,-0.6169071005613933,-0.9233149757291151,-0.37467065471814415,0.14103518311327282,0.0004997501249375312,0.019191226867717615,-1.4641140465883962,0.11744291423844105,-1.6943021584957405,-1.2339259346810518,1.1356661933672223e-35,0.0012574357982299172,1.7716392616528669e-34,dissociated,low pressure
1700,Politics,Nobility,Politics + Nobility,7649,4377,302,156.49363507932244,0.9462290726056063,0.8308827513232688,1.0544838750024386,0.05713302885066204,0.0004997501249375312,0.06899702992917524,0.3288641770667269,0.07656767070273514,0.17879154248936602,0.47893681164408775,1.7463131847680016e-05,0.0012574357982299172,3.0269428535978697e-05,associated,low pressure
1700,Politics,Kinship,Politics + Kinship,7649,4377,147,147.87377513710965,-0.008521165630872574,-0.21181981493340551,0.16618316693668345,0.09820512190536436,0.9245377311344328,0.033584647018505824,-0.5200882683239763,0.09598365781355,-0.7082162376385343,-0.33196029900941826,6.009827339779145e-08,0.9365447146556592,1.3393329500079237e-07,not distinguishable,low pressure
1700,Politics,Big business,Politics + Big business,7649,4377,123,76.81562583297863,0.6756791179735497,0.4647166256066122,0.8617592482598398,0.10316191578780985,0.0004997501249375312,0.02810143934201508,-0.2173747510721871,0.10728553375943488,-0.42765439724067944,-0.007095104903694749,0.04275116608987421,0.0012574357982299172,0.05052410537894225,associated,low pressure
1700,Politics,Small business,Politics + Small business,7649,4377,59,141.18087904115475,-1.2516834947165394,-1.6180702467055037,-0.9495959603503258,0.170255662453933,0.0004997501249375312,0.01347955220470642,-1.6996006476316325,0.13749250456063142,-1.9690859565704701,-1.430115338692795,4.2269897788458124e-35,0.0012574357982299172,5.495086712499556e-34,dissociated,low pressure
1700,Politics,Academia,Politics + Academia,7649,4377,102,214.56165783912812,-1.0691264277868744,-1.3330111353788956,-0.8439244247064762,0.12378007477632282,0.0004997501249375312,0.023303632625085675,-2.026049297709114,0.10568776788854724,-2.2331973227706663,-1.8189012726475613,6.573177654906188e-82,0.0012574357982299172,2.5635392854134134e-80,dissociated,low pressure
1700,Politics,Exploration & Invention,Politics + Exploration & Invention,7649,4377,17,40.06300378508458,-1.2128095691738583,-2.0455323338116607,-0.6838455534151741,0.3533019422238984,0.005497251374312844,0.0038839387708476127,-1.6846137959425793,0.24968028269056888,-2.173987150016094,-1.1952404418690643,1.5084613991156013e-11,0.009971758306893065,5.115651701348561e-11,dissociated,low pressure
1700,Politics,Culture (core),Politics + Culture (core),7649,4377,126,281.12419137263777,-1.1546338811377082,-1.4129192392652838,-0.9463657394756303,0.11680588479650605,0.0004997501249375312,0.02878684030157642,-2.2766614605554993,0.09577423422388918,-2.464378959634322,-2.0889439614766765,6.64509046531843e-125,0.0012574357982299172,5.1831705629483756e-123,dissociated,low pressure
1700,Politics,Culture (periphery),Politics + Culture (periphery),7649,4377,16,90.3475714882106,-2.460981924784739,-3.292286924201022,-1.8604875377849177,0.36103648469789373,0.0004997501249375312,0.003655471784327165,-2.6713845642491285,0.25134295369666043,-3.164016753494583,-2.178752375003674,2.1974759467631832e-26,0.0012574357982299172,1.7140312384752827e-25,dissociated,low pressure
1700,Politics,Sport & Games,Politics + Sport & Games,7649,4377,5,9.659688880804174,-0.8853526995222087,-2.65547252610898,-0.05130719453506287,0.6501843832194344,0.13493253373313344,0.001142334932602239,-2.043553173587577,0.4386379813703546,-2.903283617073472,-1.183822730101682,3.1796454878032693e-06,0.16975383276103884,6.049081659723292e-06,not distinguishable,low pressure
1700,Administration & Law,Military,Administration & Law + Military,7649,4377,33,43.243477074053324,-0.3849068060711646,-0.9227028313111896,0.017617553016168408,0.23998230643953447,0.10794602698650675,0.0075394105551747775,-0.9561801430528175,0.181242253333031,-1.3114149595855582,-0.6009453265200768,1.3224874706256796e-07,0.14336899346936702,2.7879465596973787e-07,not distinguishable,low pressure
1700,Administration & Law,Religion,Administration & Law + Religion,7649,4377,9,35.72396343476419,-1.930944988440018,-3.069157191002804,-1.197759718174385,0.47970250850028506,0.001999000499750125,0.00205620287868403,-2.143672580973008,0.3290851856435415,-2.7886795448343493,-1.4986656171116666,7.315819656973112e-11,0.00399800099950025,2.3776413885162614e-10,dissociated,low pressure
1700,Administration & Law,Nobility,Administration & Law + Nobility,7649,4377,30,43.30828450264138,-0.5223944783083336,-1.0568913996361047,-0.12498359911417403,0.24269727010514872,0.03548225887056472,0.006854009595613434,-0.8865154765022529,0.18957918273727645,-1.2580906746673148,-0.514940278337191,2.9219976968423017e-06,0.05322338830584708,5.697895508842488e-06,not distinguishable,low pressure
1700,Administration & Law,Kinship,Administration & Law + Kinship,7649,4377,31,40.92281146687828,-0.39507364748743223,-0.9414143804884173,0.015886287820753357,0.2466208206729225,0.10844577711144428,0.007082476582133882,-0.6600524604452436,0.18742759640076379,-1.0274105493907406,-0.2926943714997466,0.000428886656362744,0.14336899346936702,0.0006195029480795192,not distinguishable,low pressure
1700,Administration & Law,Big business,Administration & Law + Big business,7649,4377,19,21.25807210073972,-0.15807660660593115,-0.8962553845707008,0.3599194558662082,0.3141796314141825,0.6196901549225388,0.004340872743888508,-0.7433195971480077,0.2351658012587489,-1.2042445676151554,-0.28239462668085985,0.0015731919009343638,0.6531869200534868,0.0021527889170680765,not distinguishable,low pressure
1700,Administration & Law,Small business,Administration & Law + Small business,7649,4377,17,39.070609311031426,-1.1770743581439758,-1.9679797494001794,-0.6483287902419547,0.3421753273799568,0.0034982508745627187,0.0038839387708476127,-1.3579734627975024,0.2457166718019438,-1.8395781395293123,-0.8763687860656926,3.265287148243899e-08,0.006821589205397302,7.959137423844504e-08,dissociated,low pressure
1700,Administration & Law,Academia,Administration & Law + Academia,7649,4377,78,59.37811666490676,0.39066380870894984,0.0721136562260688,0.6624214700133947,0.1472111827599356,0.00849575212393803,0.01782042494859493,-0.5446317860928884,0.12463463501037425,-0.7889156707132219,-0.3003479014725549,1.2434504066892267e-05,0.014405840557981879,2.2042984482218112e-05,associated,low pressure
1700,Administration & Law,Exploration & Invention,Administration & Law + Exploration & Invention,7649,4377,4,11.08709606672109,-1.3645221399380765,-3.108098042066779,-0.38415299074326753,0.7923326311265122,0.09495252373813093,0.0009138679460817912,-1.4994932590870849,0.4778707863040406,-2.4361200002430046,-0.5628665179311653,0.0017018415753770803,0.13130276966779766,0.0022886834979209012,not distinguishable,low pressure
1700,Administration & Law,Culture (core),Administration & Law + Culture (core),7649,4377,47,77.79873254506494,-0.7210614407426021,-1.1333020033136305,-0.3728886606559968,0.19534640915816345,0.0014992503748125937,0.010737948366461046,-1.5651786602729145,0.15349318124478853,-1.8660252955127001,-1.264332025033129,2.0437239375261104e-24,0.0033411865495823513,1.449186064791242e-23,dissociated,low pressure
1700,Administration & Law,Culture (periphery),Administration & Law + Culture (periphery),7649,4377,3,25.002923142215096,-2.8652357909366617,-5.644011056539199,-1.821596408281186,0.8550681382977244,0.0079960019990005,0.0006854009595613434,-2.6322358295381947,0.5379803426291186,-3.686677301091267,-1.5777943579851221,9.940614797582072e-07,0.013859736798267533,2.0404419847668463e-06,dissociated,low pressure
1700,Administration & Law,Sport & Games,Administration & Law + Sport & Games,7649,4377,1,2.673236863881531,-1.0809927134411481,-2.8827578435976107,0.24018691703244743,1.0178667583188705,0.4352823588205897,0.0002284669865204478,-1.7848738010103906,0.823445204603726,-3.3988264020336936,-0.17092119998708766,0.030191540552116355,0.4850289141143714,0.03622984866253963,not distinguishable,low pressure
1700,Military,Religion,Military + Religion,7649,4377,11,53.401550745850315,-2.228692918694304,-3.286677851035323,-1.5302889650581146,0.4509572724127598,0.0004997501249375312,0.002513136851724926,-2.5154639647766706,0.2988833317085431,-3.101275294925415,-1.9296526346279261,3.888701906879241e-17,0.0012574357982299172,2.0221249915772057e-16,dissociated,low pressure
1700,Military,Nobility,Military + Nobility,7649,4377,103,64.73888477707185,0.6658267424312598,0.41451090419526354,0.8882042256864306,0.12087390106938609,0.0004997501249375312,0.023532099611606124,-0.0603760396165146,0.11097942224164331,-0.27789570721013546,0.15714362797710626,0.5864214206789499,0.0012574357982299172,0.6181198758507851,associated,low pressure
1700,Military,Kinship,Military + Kinship,7649,4377,77,61.17298818766387,0.329557560729245,0.014311001197819992,0.5961141641840579,0.14823247567104536,0.029985007496251874,0.01759195796207448,-0.21428057035977863,0.12544304178597773,-0.46014893226029496,0.031587791540737736,0.08760106265720202,0.045859423229561685,0.0990272882211849,associated,low pressure
1700,Military,Big business,Military + Big business,7649,4377,15,31.777381536055493,-1.0582553309547242,-1.8871647048348117,-0.5077744974578873,0.3539697864178923,0.009995002498750625,0.003427004797806717,-1.5567449490761787,0.2604432128854553,-2.067213646331671,-1.0462762518206863,2.268783061940892e-09,0.016587450955373378,6.1022440976341235e-09,dissociated,low pressure
1700,Military,Small business,Military + Small business,7649,4377,11,58.40424536332272,-2.356737754955598,-3.4238187717116273,-1.7053840369149302,0.44977705954502245,0.0004997501249375312,0.002513136851724926,-2.3649587153045886,0.2991553095310806,-2.9513031219855064,-1.7786143086236705,2.6695757253532782e-15,0.0012574357982299172,1.1568161476530872e-14,dissociated,low pressure
1700,Military,Academia,Military + Academia,7649,4377,32,88.76068625656318,-1.4575851802606248,-1.9778164913130067,-1.0175203570439262,0.2452850246323168,0.0004997501249375312,0.00731094356865433,-2.142281668950717,0.18077957438926134,-2.4966096347536695,-1.7879537031477648,2.145707755934845e-32,0.0012574357982299172,2.092065062036474e-31,dissociated,low pressure
1700,Military,Exploration & Invention,Military + Exploration & Invention,7649,4377,37,16.57341644950186,1.1351388201030628,0.6712653865352298,1.509093487815913,0.21241641067866487,0.0004997501249375312,0.008453278501256569,0.255153977206774,0.18136904265420056,-0.1003293463954591,0.6106373008090071,0.15948014800859422,0.0012574357982299172,0.17277016034264375,associated,low pressure
1700,Military,Culture (core),Military + Culture (core),7649,4377,71,116.29652940259051,-0.7079822583096224,-1.0414470096333235,-0.4302005793514864,0.15630449537341737,0.0004997501249375312,0.016221156042951792,-1.724039144363156,0.125667729553615,-1.9703478942882413,-1.4777303944380706,7.810508306332583e-43,0.0012574357982299172,2.0307321596464715e-41,dissociated,low pressure
1700,Military,Culture (periphery),Military + Culture (periphery),7649,4377,6,37.375328507762156,-2.5427467784530213,-3.995377986873075,-1.7262767463992335,0.6403867303092532,0.005497251374312844,0.0013708019191226869,-2.5643428538733484,0.396123990351649,-3.3407458749625807,-1.7879398327841163,9.570368378059136e-11,0.009971758306893065,2.98595493395445e-10,dissociated,low pressure
1700,Military,Sport & Games,Military + Sport & Games,7649,4377,1,3.9960569969492146,-1.583697824138119,-3.406737156627122,-0.20284551102817452,1.0198437100744902,0.1619190404797601,0.0002284669865204478,-2.3400065051076178,0.8230493941392477,-3.9531833176205433,-0.7268296925946922,0.004467794058248256,0.19430284857571214,0.005906575195650236,not distinguishable,low pressure
1700,Religion,Nobility,Religion + Nobility,7649,4377,11,53.4815817105326,-2.230833388560455,-3.2045844221281605,-1.5507542687091358,0.424201406590788,0.0004997501249375312,0.002513136851724926,-2.3451373538266815,0.29915174443097675,-2.931474772911396,-1.7587999347419672,4.531001189861127e-15,0.0012574357982299172,1.86009522531141e-14,dissociated,low pressure
1700,Religion,Kinship,Religion + Kinship,7649,4377,41,50.53575107915178,-0.2983968877803982,-0.7528902580098435,0.053733121599556,0.21258273633375133,0.1504247876061969,0.009367146447338359,-0.7902204643849614,0.16416147445082852,-1.1119769543085853,-0.46846397446133753,1.481775577681175e-06,0.18333020989505247,2.96355115536235e-06,not distinguishable,low pressure
1700,Religion,Big business,Religion + Big business,7649,4377,3,26.251682169372565,-2.9342027851326518,-5.7017273124579795,-1.8698627148745113,0.8851077130732079,0.001999000499750125,0.0006854009595613434,-2.94180533743122,0.537676861185574,-3.995651985354945,-1.887958689507495,4.4668101187787114e-08,0.00399800099950025,1.0557914826204227e-07,dissociated,low pressure
1700,Religion,Small business,Religion + Small business,7649,4377,53,48.24845888829378,0.1341822806384018,-0.2563783164338366,0.4532753371861468,0.1838059023667453,0.4702648675662169,0.012108750285583733,-0.5682442284306652,0.14663662726089122,-0.855652017862012,-0.2808364389993185,0.00010654321650677582,0.5166290094389424,0.0001768164018623088,not distinguishable,low pressure
1700,Religion,Academia,Religion + Academia,7649,4377,220,73.32628467511952,1.5785721942882638,1.4401756435361799,1.7107833048682712,0.07089337604271338,0.0004997501249375312,0.05026273703449852,0.34613465797974474,0.08381302007745933,0.18186113862792444,0.5104081773315651,3.6301022270145936e-05,0.0012574357982299172,6.155390732763876e-05,associated,low pressure
1700,Religion,Exploration & Invention,Religion + Exploration & Invention,7649,4377,7,13.691501315151474,-0.920064719075666,-2.3725824092262116,-0.12515212214924215,0.5671819984835539,0.09345327336331834,0.0015992689056431345,-1.3881270183564087,0.37283776342866953,-2.118889034676601,-0.6573650020362165,0.00019676070378825232,0.13130276966779766,0.00031321091623436086,not distinguishable,low pressure
1700,Religion,Culture (core),Religion + Culture (core),7649,4377,160,96.07398028732804,0.7328668529351943,0.540492337536973,0.9048108513511338,0.09232050134173965,0.0004997501249375312,0.03655471784327165,-0.5750784857785602,0.09147043682550461,-0.7543605419565493,-0.3957964296005712,3.235716848214698e-10,0.0012574357982299172,9.707150544644096e-10,associated,low pressure
1700,Religion,Culture (periphery),Religion + Culture (periphery),7649,4377,13,30.876214386902983,-1.2167118910242007,-2.0787940762000905,-0.6083892360943811,0.3885800483916845,0.0074962518740629685,0.002970070824765821,-1.667978125330577,0.27804640142046905,-2.2129490721146965,-1.1230071785464577,1.986341503465869e-09,0.013288810140384353,5.738319898901399e-09,dissociated,low pressure
1700,Religion,Sport & Games,Religion + Sport & Games,7649,4377,2,3.3011913865710456,-0.6045235705403027,-3.014530783603934,0.616114217502278,0.9599644889982761,0.4802598700649675,0.0004569339730408956,-1.6771769861968864,0.6410690916983411,-2.933672405925635,-0.4206815664681378,0.008890957365220994,0.5202815259037148,0.011368765155528485,not distinguishable,low pressure
1700,Nobility,Kinship,Nobility + Kinship,7649,4377,152,61.26466592339961,1.3039555945054284,1.1153608419910568,1.4794626660530277,0.09255742893023645,0.0004997501249375312,0.034726981951108064,0.8828300934447809,0.09961329010666245,0.6875880448357226,1.0780721420538393,7.818831327563918e-19,0.0012574357982299172,4.691298796538351e-18,associated,low pressure
1700,Nobility,Big business,Nobility + Big business,7649,4377,21,31.825005143682752,-0.5883139397881569,-1.254630039308847,-0.10401206296891133,0.30208664894758686,0.04847576211894053,0.004797806716929404,-1.0389547006145254,0.22366141507769727,-1.4773310741668122,-0.6005783270622388,3.39727321237507e-06,0.07134168764674267,6.309221680125129e-06,not distinguishable,low pressure
1700,Nobility,Small business,Nobility + Small business,7649,4377,16,58.49177368474194,-1.8380477623477762,-2.6996045103413158,-1.277410058943005,0.36258611781920747,0.0004997501249375312,0.003655471784327165,-1.8204887301364578,0.2516349485375839,-2.313693229270122,-1.3272842310027935,4.667592487210528e-13,0.0012574357982299172,1.8203610700121057e-12,dissociated,low pressure
1700,Nobility,Academia,Nobility + Academia,7649,4377,30,88.89370867347354,-1.5513640586999218,-2.0904273505807933,-1.1170574683242085,0.24821786004092886,0.0004997501249375312,0.006854009595613434,-2.033261297840446,0.18671520654942125,-2.3992231026773116,-1.6672994930035805,1.2915041311627725e-27,0.0012574357982299172,1.1193035803410695e-26,dissociated,low pressure
1700,Nobility,Exploration & Invention,Nobility + Exploration & Invention,7649,4377,1,16.598254426826667,-3.510814641013908,-5.236056057051827,-2.150828242646501,1.0233390626757184,0.0004997501249375312,0.0002284669865204478,-3.0061331987773805,0.8199072661214925,-4.613151440375505,-1.3991149571792554,0.00024595950194343405,0.0012574357982299172,0.00036893925291515105,dissociated,low pressure
1700,Nobility,Culture (core),Nobility + Culture (core),7649,4377,48,116.47081878758584,-1.2700920069571042,-1.6810968819760213,-0.9258551683238131,0.19233310534945008,0.0004997501249375312,0.010966415352981495,-1.9708228676381991,0.15022012640417273,-2.2652543153903775,-1.6763914198860206,2.5438747273103485e-39,0.0012574357982299172,4.96055571825518e-38,dissociated,low pressure
1700,Nobility,Culture (periphery),Nobility + Culture (periphery),7649,4377,14,37.43134155521145,-1.3873374975143677,-2.2676619354745595,-0.7714253583670498,0.3787099240188113,0.001999000499750125,0.003198537811286269,-1.5676843618062406,0.26876112904104993,-2.0944561747266985,-1.0409125488857827,5.443872272283723e-09,0.00399800099950025,1.415406790793768e-08,dissociated,low pressure
1700,Nobility,Sport & Games,Nobility + Sport & Games,7649,4377,5,4.002045742443016,0.28885090345774683,-1.4845002655253836,1.1431481150770404,0.6580098269867606,0.617191404297851,0.001142334932602239,-0.8302105918499499,0.4394382328696674,-1.6915095282744979,0.03108834457459808,0.05885775558424298,0.6531869200534868,0.06852096918762615,not distinguishable,low pressure
1700,Kinship,Big business,Kinship + Big business,7649,4377,30,30.072045115246464,-0.003403821781478893,-0.5622168303097949,0.406625928981893,0.24972590380098755,0.9905047476261869,0.006854009595613434,-0.4669388557620249,0.19125784298128026,-0.8418042280053342,-0.09207348351871558,0.014630024862847346,0.990504747626187,0.018113364115906236,not distinguishable,low pressure
1700,Kinship,Small business,Kinship + Small business,7649,4377,25,55.269975579799706,-1.1289913921764763,-1.747707840266641,-0.6486268083084988,0.27899773407156425,0.0004997501249375312,0.0057116746630111945,-1.1703615192950922,0.20537885264753047,-1.572904070484252,-0.7678189681059325,1.2083118555856788e-08,0.0012574357982299172,3.04026853986074e-08,dissociated,low pressure
1700,Kinship,Academia,Kinship + Academia,7649,4377,52,83.99733497673618,-0.6865884171192789,-1.0948189538753328,-0.3609858625910148,0.18501884940211225,0.0014992503748125937,0.011880283299063285,-1.2445736351557817,0.14629940787213136,-1.5313204745851592,-0.9578267957264042,1.784434441972555e-17,0.0033411865495823513,9.941849033847091e-17,dissociated,low pressure
1700,Kinship,Exploration & Invention,Kinship + Exploration & Invention,7649,4377,10,15.684002365572299,-0.6241791079923226,-1.7679200124408598,0.09948271359032543,0.47850221342216726,0.17191404297851073,0.002284669865204478,-0.8238363827393513,0.31814095962298616,-1.4473926636004042,-0.20028010187829848,0.009610632568902983,0.20317114170187633,0.012090795812490849,not distinguishable,low pressure
1700,Kinship,Culture (core),Kinship + Culture (core),7649,4377,102,110.05546429221,-0.10914642354147033,-0.37341556515547125,0.1054675637536981,0.12291646361496374,0.3803098450774613,0.023303632625085675,-0.8996660850767388,0.10990236754892893,-1.1150747254726396,-0.6842574446808382,2.699435113055509e-16,0.43623776347120563,1.3159746176145607e-15,not distinguishable,low pressure
1700,Kinship,Culture (periphery),Kinship + Culture (periphery),7649,4377,20,35.369577691834465,-0.8071368501874459,-1.5277645456725446,-0.28624592999144083,0.31234649168246065,0.017991004497751123,0.004569339730408956,-1.0132898974823308,0.228684692194945,-1.461511894184423,-0.5650679007802386,9.381986968680712e-06,0.029235382308845575,1.7018487989699897e-05,dissociated,low pressure
1700,Kinship,Sport & Games,Kinship + Sport & Games,7649,4377,9,3.781608190687623,1.1497747324830407,0.07458087710631064,1.8049769329207512,0.4443169703969834,0.021989005497251374,0.00205620287868403,-0.052926806966495474,0.34231796701653566,-0.7238700223189053,0.6180164083859144,0.8771264227263688,0.03500290670991035,0.8885176749695683,associated,low pressure
1700,Big business,Small business,Big business + Small business,7649,4377,69,28.710958112749953,1.2505032988253786,0.9434213760175446,1.5102355648254573,0.14889609351754998,0.0004997501249375312,0.015764222069910898,0.4425516014175624,0.13557544467641022,0.17682372985179834,0.7082794729833264,0.001097558288251908,0.0012574357982299172,0.001528741901493729,associated,low pressure
1700,Big business,Academia,Big business + Academia,7649,4377,18,43.63388875787955,-1.2543616019865806,-1.9939984981136052,-0.6984983970939319,0.3316422693953512,0.0014992503748125937,0.00411240575736806,-1.9242785731031156,0.23878459582642314,-2.3922963809229048,-1.4562607652833262,7.714931168853826e-16,0.0033411865495823513,3.5397919480623438e-15,dissociated,low pressure
1700,Big business,Exploration & Invention,Big business + Exploration & Invention,7649,4377,20,8.147330087165733,1.245297243497381,0.5396943657832219,1.7376758687919593,0.3071299307507586,0.0009995002498750624,0.004569339730408956,0.34142820456199263,0.2359712276337687,-0.12107540160019403,0.8039318107241793,0.1479232293485911,0.0024362818590704647,0.16250720970690288,associated,low pressure
1700,Big business,Culture (core),Big business + Culture (core),7649,4377,41,57.170241025540555,-0.47471571551108105,-0.9365969499063913,-0.09648048936259775,0.21190645323162255,0.027486256871564217,0.009367146447338359,-1.4771255235421008,0.1643623454556547,-1.7992757206351842,-1.1549753264490175,2.5405481263910204e-19,0.04287856071964018,1.6513562821541634e-18,dissociated,low pressure
1700,Big business,Culture (periphery),Big business + Culture (periphery),7649,4377,12,18.373347426392957,-0.5944222309212405,-1.5031158387896317,0.04384520903353254,0.4065105512582768,0.12693653173413294,0.0027416038382453737,-1.1045495741849627,0.2900914795191936,-1.673128874042582,-0.5359702743273432,0.00014032736710790258,0.16486838547939148,0.00022803197155034168,not distinguishable,low pressure
1700,Big business,Sport & Games,Big business + Sport & Games,7649,4377,5,1.9644226946491794,1.1581818921607083,-0.5833206461346561,2.035288295429766,0.6684676267619262,0.06296851574212893,0.001142334932602239,-0.22183618058504945,0.44043451539912076,-1.0850878307673262,0.6414154695972272,0.6144892588047862,0.09095452273863068,0.6390688291569776,not distinguishable,low pressure
1700,Small business,Academia,Small business + Academia,7649,4377,123,80.19554230041378,0.6139501568586174,0.38875808080869984,0.8114644582464404,0.10813397123179591,0.0004997501249375312,0.02810143934201508,-0.2887197529867245,0.10274445838638493,-0.49009889142403895,-0.08734061454941,0.00495297780540418,0.0012574357982299172,0.006438871147025434,associated,low pressure
1700,Small business,Exploration & Invention,Small business + Exploration & Invention,7649,4377,30,14.974130732795253,0.9789508750911916,0.4085482506054291,1.4035425470691232,0.2474296777022918,0.001999000499750125,0.006854009595613434,0.30261359567261537,0.19786334172254114,-0.08519855410356525,0.690425745448796,0.12616355841300853,0.00399800099950025,0.14058225080306666,associated,low pressure
1700,Small business,Culture (core),Small business + Culture (core),7649,4377,171,105.07425794499353,0.6999504695651972,0.5207006402403167,0.8682854536182464,0.08929396567681097,0.0004997501249375312,0.03906785469499657,-0.2978849629993935,0.09081311077043326,-0.4758786601094427,-0.11989126588934429,0.0010373434347694843,0.0012574357982299172,0.0014711415984003597,associated,low pressure
1700,Small business,Culture (periphery),Small business + Culture (periphery),7649,4377,90,33.768719742345056,1.401025497504533,1.130125167180509,1.6386942358763437,0.12776660258123929,0.0004997501249375312,0.0205620287868403,0.6635819466023226,0.12218121535960037,0.4241067644975059,0.9030571287071394,5.599862271152312e-08,0.0012574357982299172,1.284674285734942e-07,associated,low pressure
1700,Small business,Sport & Games,Small business + Sport & Games,7649,4377,3,3.6104493041817727,-0.23194117829374736,-2.9767885549797755,0.8268860660154672,0.8770724729721929,0.7476261869065467,0.0006854009595613434,-1.1828170802711695,0.5449216166458787,-2.250863448897092,-0.11477071164524721,0.02996000329065285,0.7775312343828085,0.03622984866253963,not distinguishable,low pressure
1700,Academia,Exploration & Invention,Academia + Exploration & Invention,7649,4377,47,22.757149102264922,1.0302532536101712,0.64816153912322,1.3480555527864655,0.1789047130162414,0.0004997501249375312,0.010737948366461046,-0.006360767367038484,0.1648276348665748,-0.3294229317055251,0.3167013969714481,0.9692169417404307,0.0012574357982299172,0.9692169417404307,associated,low pressure
1700,Academia,Culture (core),Academia + Culture (core),7649,4377,227,159.6881046074381,0.5060995265349789,0.3567534659793903,0.6486119086593827,0.07529109939553137,0.0004997501249375312,0.05186200594014165,-0.9473594629714033,0.07696610756933214,-1.0982130338072942,-0.7965058921355123,8.123439989772809e-35,0.0012574357982299172,9.051833131461131e-34,associated,low pressure
1700,Academia,Culture (periphery),Academia + Culture (periphery),7649,4377,40,51.320494249864865,-0.355600867621643,-0.8161909298298523,0.019248401822068408,0.21180423264549367,0.095952023988006,0.009138679460817912,-1.1912819377135109,0.16595790450670206,-1.5165594305466468,-0.8660044448803749,7.062613252110811e-13,0.13130276966779766,2.6232563507840155e-12,not distinguishable,low pressure
1700,Academia,Sport & Games,Academia + Sport & Games,7649,4377,3,5.487031909069996,-0.7744860373319947,-3.443338982969755,0.2785367198102739,0.841677288637874,0.2748625687156422,0.0006854009595613434,-2.014248862153144,0.5443227428398995,-3.0811214381193466,-0.9473762861869408,0.00021520226247883059,0.31998925910179243,0.00033571552946697574,not distinguishable,low pressure
1700,Exploration & Invention,Culture (core),Exploration & Invention + Culture (core),7649,4377,11,29.817000874021456,-1.39849317999813,-2.4438767141163087,-0.7454320859583649,0.4341688532408973,0.005497251374312844,0.002513136851724926,-2.049225955200564,0.3034056797914724,-2.64390108759185,-1.4545508228092778,1.4374533403971954e-11,0.009971758306893065,5.096425479590056e-11,dissociated,low pressure
1700,Exploration & Invention,Culture (periphery),Exploration & Invention + Culture (periphery),7649,4377,14,9.582574892883773,0.5241887781869011,-0.30431008410647387,1.109266684161732,0.3680311661355473,0.13893053473263367,0.003198537811286269,-0.15547008758216022,0.27479378699516804,-0.6940659100926896,0.3831257349283692,0.5715501260943282,0.1720092334784988,0.6106973950048986,not distinguishable,low pressure
1700,Exploration & Invention,Sport & Games,Exploration & Invention + Sport & Games,7649,4377,2,1.0245399031488227,0.7135541830956045,-1.7178573286336793,1.8442656033892308,0.9845888076057707,0.392303848075962,0.0004569339730408956,-0.28366951886011005,0.6434772860188341,-1.5448849994570248,0.9775459617368049,0.6593299672444812,0.4434739152163049,0.6766807558561782,not distinguishable,low pressure
1700,Culture (core),Culture (periphery),Culture (core) + Culture (periphery),7649,4377,209,67.2414288374609,1.6288399215845974,1.4882839409807853,1.7657874050508042,0.07093665286171104,0.0004997501249375312,0.04774960018277359,0.5530277726360988,0.09233241022407147,0.3720562485969187,0.7339992966752789,2.104478683324752e-09,0.0012574357982299172,5.862476332118953e-09,associated,low pressure
1700,Culture (core),Sport & Games,Culture (core) + Sport & Games,7649,4377,11,7.1892500459225195,0.5807190610935536,-0.3624425917092047,1.2089895538938407,0.398440594516845,0.12893553223388307,0.002513136851724926,-1.1551413978688934,0.3133654347059829,-1.7693376498926199,-0.540945145845167,0.00022758831453802272,0.16486838547939148,0.0003480762457640347,not distinguishable,low pressure
1700,Culture (periphery),Sport & Games,Culture (periphery) + Sport & Games,7649,4377,2,2.3104780819436304,-0.16888746893330348,-2.5854008959260817,0.9512553832306486,1.0090731143681395,0.8295852073963018,0.0004569339730408956,-1.1534684657989094,0.641613943529178,-2.411031795116098,0.10409486351827946,0.07221490467464282,0.8514163970646255,0.08283474359738442,not distinguishable,low pressure
1750,Politics,Administration & Law,Politics + Administration & Law,13483,7648,471,191.96279449387382,1.2926781894408523,1.2049794475328979,1.3798051745828483,0.044886539842206724,0.0004997501249375312,0.061584728033472806,0.6723086190577823,0.0631030455806753,0.5486266497196587,0.7959905883959059,1.6678077153742156e-26,0.0009745127436281859,7.652294223481695e-26,associated,low pressure
1750,Politics,Military,Politics + Military,13483,7648,597,295.85461349399424,1.0116141962894005,0.9263586304986247,1.0895455189124776,0.04209810116459508,0.0004997501249375312,0.07805962343096234,0.21607341025506016,0.053503137937047286,0.11120725989844749,0.32093956061167284,5.378986080115278e-05,0.0009745127436281859,6.878047774573634e-05,associated,low pressure
1750,Politics,Religion,Politics + Religion,13483,7648,132,176.60872955641457,-0.41864296352278074,-0.6503584468467538,-0.20976514195563606,0.11147238433277527,0.0009995002498750624,0.017259414225941423,-1.2156603236963095,0.09404477085020486,-1.3999880745627111,-1.0313325728299079,3.194289068350779e-38,0.0017324670997834416,2.265041339376007e-37,dissociated,low pressure
1750,Politics,Nobility,Politics + Nobility,13483,7648,354,186.47496764398105,0.922940493572583,0.8042550620201383,1.0302579340991833,0.05815018966846266,0.0004997501249375312,0.04628661087866109,0.3384861198644955,0.06822386576895995,0.204767342957334,0.472204896771657,6.998567218060994e-07,0.0009745127436281859,9.576986719451887e-07,associated,low pressure
1750,Politics,Kinship,Politics + Kinship,13483,7648,216,215.8531497989923,0.0009789004191097849,-0.17037633351113013,0.1583232968436077,0.08401548001950385,0.9895052473763118,0.028242677824267783,-0.46174096767164563,0.0783257170163827,-0.6152593730237557,-0.30822256231953554,3.743667276010515e-09,0.9895052473763118,5.959307092424902e-09,not distinguishable,low pressure
1750,Politics,Big business,Politics + Big business,13483,7648,259,146.18556389990593,0.8230076438146885,0.6813260199796778,0.9528742713242504,0.06950802595717046,0.0004997501249375312,0.033865062761506276,0.0305421189630938,0.07564368868344375,-0.11771951085645593,0.17880374878264355,0.6863870431752274,0.0009745127436281859,0.6953011606190614,associated,low pressure
1750,Politics,Small business,Politics + Small business,13483,7648,117,226.87050502924154,-0.952384360201945,-1.224432165177096,-0.7209257827077304,0.12355755207644065,0.0004997501249375312,0.015298117154811715,-1.3591598651686443,0.0989539249797022,-1.5531095581288605,-1.165210172208428,6.241432267234358e-43,0.0009745127436281859,6.0853964605535e-42,dissociated,low pressure
1750,Politics,Academia,Politics + Academia,13483,7648,164,345.4672895061501,-1.0725480565081003,-1.287521207343061,-0.891891851661921,0.1005392815503506,0.0004997501249375312,0.021443514644351465,-1.9100524720327057,0.08318572227912813,-2.0730964876997966,-1.7470084563656145,1.1362028887704326e-116,0.0009745127436281859,4.431191266204687e-115,dissociated,low pressure
1750,Politics,Exploration & Invention,Politics + Exploration & Invention,13483,7648,42,101.2196934933384,-1.2590642735863025,-1.725225064694146,-0.8821169294263148,0.21074135352150455,0.0004997501249375312,0.0054916317991631795,-1.6972047615681636,0.1599671482501839,-2.010740372138524,-1.3836691509978032,2.685866098320169e-26,0.0009745127436281859,1.1026187140472272e-25,dissociated,low pressure
1750,Politics,Culture (core),Politics + Culture (core),13483,7648,166,499.97102273153433,-1.587764362150834,-1.8036363068292998,-1.3919658620123943,0.10440809728835455,0.0004997501249375312,0.021705020920502093,-2.54585654896074,0.08200816134270426,-2.7065925451924406,-2.3851205527290396,1.3772353565331385e-211,0.0009745127436281859,1.074243578095848e-209,dissociated,low pressure
1750,Politics,Culture (periphery),Politics + Culture (periphery),13483,7648,44,168.88987032549792,-1.9284703615296328,-2.3819990154888666,-1.5725907913790278,0.20970748395048572,0.0004997501249375312,0.005753138075313808,-2.25335319466746,0.15435648594309595,-2.555891907115928,-1.9508144822189921,2.8763777107861714e-48,0.0009745127436281859,3.739291024022023e-47,dissociated,low pressure
1750,Politics,Sport & Games,Politics + Sport & Games,13483,7648,27,33.64179990633925,-0.31210749853037334,-0.8956248915601186,0.13845259253508604,0.26055555226216676,0.21189405297351324,0.003530334728033473,-2.0838071485168133,0.1962335159907395,-2.468424839858663,-1.699189457174964,2.4310619750320184e-26,0.24122721248071619,1.0534601891805413e-25,not distinguishable,low pressure
1750,Administration & Law,Military,Administration & Law + Military,13483,7648,82,96.02933830310504,-0.22657337008558398,-0.5332117617341957,0.03453594387648593,0.14759929978216477,0.12543728135932034,0.010721757322175732,-0.8518848595199481,0.11694020658803553,-1.0810876644324976,-0.6226820546073984,3.2217150125859704e-13,0.14824405978828767,7.390993264167814e-13,not distinguishable,low pressure
1750,Administration & Law,Religion,Administration & Law + Religion,13483,7648,11,57.32416756177708,-2.3300387307659096,-3.3213605437928537,-1.6433407242127733,0.42527397843248593,0.0004997501249375312,0.001438284518828452,-2.417005141531226,0.29786041873483304,-3.000811562251499,-1.833198720810953,4.875628968926406e-16,0.0009745127436281859,1.3582109270580701e-15,dissociated,low pressure
1750,Administration & Law,Nobility,Administration & Law + Nobility,13483,7648,33,60.52657939474021,-0.8652766325019537,-1.4187618511366202,-0.4497368800410514,0.24476547930213824,0.0034982508745627187,0.004314853556485356,-1.1235319336439522,0.17831401547026177,-1.4730274039656652,-0.7740364633222392,2.9599559903233404e-10,0.005457271364317842,5.369222494074896e-10,dissociated,low pressure
1750,Administration & Law,Kinship,Administration & Law + Kinship,13483,7648,29,70.06223395011894,-1.2581812818424418,-1.8309853402883967,-0.8132910796548305,0.26165280421135495,0.0004997501249375312,0.0037918410041841003,-1.317404851515655,0.18917210043245283,-1.6881821683632625,-0.9466275346680473,3.3061618460177328e-12,0.0009745127436281859,6.44701559973458e-12,dissociated,low pressure
1750,Administration & Law,Big business,Administration & Law + Big business,13483,7648,26,47.44932926678601,-0.8555182747490171,-1.4715366832376053,-0.4165046975975126,0.27765576907909106,0.005497251374312844,0.003399581589958159,-1.24210330718753,0.199476094506636,-1.6330764524205366,-0.8511301619545235,4.759735153785295e-10,0.007656885842792889,8.437712318073932e-10,dissociated,low pressure
1750,Administration & Law,Small business,Administration & Law + Small business,13483,7648,34,73.63827868410638,-1.103622257680453,-1.6296750906379636,-0.6943018905790858,0.2405783827447534,0.0004997501249375312,0.00444560669456067,-1.281093876802874,0.17544186186920474,-1.624959926066515,-0.9372278275392326,2.8331228419636765e-13,0.0009745127436281859,6.696472171914145e-13,dissociated,low pressure
1750,Administration & Law,Academia,Administration & Law + Academia,13483,7648,125,112.13276286231128,0.15606082144904362,-0.08213610191777387,0.3617955108173119,0.11503553792689081,0.17791104447776113,0.016344142259414225,-0.7124595280451339,0.097161843835898,-0.902896741963494,-0.5220223141267738,2.2554631218526507e-13,0.20712032043679654,5.497691359515836e-13,not distinguishable,low pressure
1750,Administration & Law,Exploration & Invention,Administration & Law + Exploration & Invention,13483,7648,6,32.854178187779745,-2.359355871986046,-3.799064190799982,-1.5251228879651164,0.6314679955780753,0.004497751124437781,0.0007845188284518828,-2.2709925060419534,0.39543802581775134,-3.046051036644746,-1.4959339754391607,9.302495060015509e-09,0.006378628867384489,1.4227345385906071e-08,dissociated,low pressure
1750,Administration & Law,Culture (core),Administration & Law + Culture (core),13483,7648,128,162.28202736683215,-0.3411730621746139,-0.582978693800663,-0.1284763233829667,0.11459014271269491,0.00399800099950025,0.016736401673640166,-1.275307960096274,0.09552944051636854,-1.4625456635083562,-1.0880702566841918,1.1861666486308457e-40,0.006114589763941559,1.0280110954800662e-39,dissociated,low pressure
1750,Administration & Law,Culture (periphery),Administration & Law + Culture (periphery),13483,7648,21,54.81875811202791,-1.36343210900683,-2.068069178567844,-0.8448269735539194,0.3129360673646517,0.0009995002498750624,0.0027458158995815897,-1.6162727403090207,0.22003153756792296,-2.0475345539421497,-1.1850109266758917,2.0477493342545143e-13,0.0017324670997834416,5.152401550704907e-13,dissociated,low pressure
1750,Administration & Law,Sport & Games,Administration & Law + Sport & Games,13483,7648,4,10.919551823709517,-1.3435091246712383,-3.103459803989409,-0.3699006657265419,0.7857336391692817,0.10344827586206896,0.0005230125523012552,-2.568251033056019,0.4741915216733574,-3.4976664155357993,-1.6388356505762385,6.092572940512946e-08,0.13014460511679643,8.640376170181997e-08,not distinguishable,low pressure
1750,Military,Religion,Military + Religion,13483,7648,24,88.34847128877237,-1.8585652044815906,-2.482412486249492,-1.389797287242349,0.2856878414079383,0.0004997501249375312,0.0031380753138075313,-2.2287241899575685,0.20555277395292185,-2.6316076269052955,-1.8258407530098417,2.1626336625735167e-27,0.0009745127436281859,1.1245695045382288e-26,dissociated,low pressure
1750,Military,Nobility,Military + Nobility,13483,7648,163,93.28405434062326,0.8018760816364638,0.6070950586843897,0.9823947792893277,0.09696252058742978,0.0004997501249375312,0.02131276150627615,0.08701838960644406,0.08881538431705821,-0.08705976365499002,0.26109654286787815,0.3272011063163054,0.0009745127436281859,0.3402891505689576,associated,low pressure
1750,Military,Kinship,Military + Kinship,13483,7648,140,107.98048236633556,0.3731346317968713,0.13952876966427935,0.5704594441213147,0.10709116325326358,0.0014992503748125937,0.018305439330543932,-0.17052689251863398,0.0937623581784694,-0.354301114548434,0.013247329511166028,0.0689551088454166,0.0024362818590704647,0.07367806150606157,associated,low pressure
1750,Military,Big business,Military + Big business,13483,7648,29,73.1292905366735,-1.319564845852357,-1.8772328040671067,-0.8776317459218247,0.25356126841148136,0.0004997501249375312,0.0037918410041841003,-1.7195209163142453,0.18870388734880014,-2.0893805355178934,-1.349661297110597,8.06754078407434e-20,0.0009745127436281859,2.517072724631194e-19,dissociated,low pressure
1750,Military,Small business,Military + Small business,13483,7648,37,113.49191147112937,-1.6039689579277314,-2.1025437619170964,-1.192378336197923,0.22974865102788922,0.0004997501249375312,0.0048378661087866105,-1.7880031696211984,0.1676657804173719,-2.1166280992392474,-1.4593782400031494,1.498569097357874e-26,0.0009745127436281859,7.305524349619636e-26,dissociated,low pressure
1750,Military,Academia,Military + Academia,13483,7648,73,172.8199222360328,-1.2376213393626316,-1.5839442479437191,-0.9443665811936549,0.1646927848684735,0.0004997501249375312,0.009544979079497909,-1.9413427419026688,0.12105143217203033,-2.178603548959848,-1.7040819348454894,7.009505717707607e-58,0.0009745127436281859,1.3668536149529833e-56,dissociated,low pressure
1750,Military,Exploration & Invention,Military + Exploration & Invention,13483,7648,98,50.63512549416753,0.945809083750247,0.6651475139643099,1.1733450862805737,0.12889023233153632,0.0004997501249375312,0.012813807531380754,0.08018042629015802,0.11238991478236901,-0.14010380668328526,0.3004646592636013,0.4755902309703046,0.0009745127436281859,0.48810576336426,associated,low pressure
1750,Military,Culture (core),Military + Culture (core),13483,7648,175,250.11037482666023,-0.5139751103915102,-0.7139863219983122,-0.33440883871559945,0.09566192020382294,0.0004997501249375312,0.022881799163179915,-1.572410670523139,0.08160386881207861,-1.732354253394813,-1.4124670876514651,9.813885444055139e-83,0.0009745127436281859,2.551610215454336e-81,dissociated,low pressure
1750,Military,Culture (periphery),Military + Culture (periphery),13483,7648,18,84.48711395463856,-2.1997188405904335,-2.930758660040488,-1.6455245041066497,0.33104395832151956,0.0004997501249375312,0.0023535564853556486,-2.3601898725664054,0.23581163364622532,-2.822380674513007,-1.8979990706198038,1.3944309881258242e-23,0.0009745127436281859,5.438280853690715e-23,dissociated,low pressure
1750,Military,Sport & Games,Military + Sport & Games,13483,7648,7,16.829301703223113,-1.2082510205054688,-2.6134817875099037,-0.4116355193586349,0.5490051649239553,0.031984007996002,0.0009152719665271967,-2.6305959552213185,0.3682933740948224,-3.3524509684471706,-1.9087409419954666,9.153896143682514e-13,0.04228394277437552,1.929740268127665e-12,dissociated,low pressure
1750,Religion,Nobility,Religion + Nobility,13483,7648,13,55.685385907640914,-2.057235519961562,-3.0019819395142116,-1.4034080327293834,0.40348942237502167,0.0004997501249375312,0.0016997907949790796,-2.1441725792785955,0.2755550780290373,-2.6842605322155086,-1.6040846263416824,7.179159030062068e-15,0.0009745127436281859,1.9309462218787632e-14,dissociated,low pressure
1750,Religion,Kinship,Religion + Kinship,13483,7648,44,64.45833506664067,-0.5457093195061979,-1.0362084622062555,-0.1937920318964162,0.21675216818259688,0.015492253873063468,0.005753138075313808,-0.9528101240608241,0.1559690213941405,-1.2585094059933395,-0.6471108421283087,1.002759659900145e-09,0.020834410381016386,1.6641543291959851e-09,dissociated,low pressure
1750,Religion,Big business,Religion + Big business,13483,7648,9,43.65411423711333,-2.2165484544915985,-3.3631879094756254,-1.5072297860197132,0.49017737312110926,0.0009995002498750624,0.0011767782426778243,-2.375541503301757,0.3274613508943065,-3.0173657510545975,-1.7337172555489162,4.033927030474787e-13,0.0017324670997834416,8.989894525058096e-13,dissociated,low pressure
1750,Religion,Small business,Religion + Small business,13483,7648,80,67.7483513376144,0.238194587682329,-0.09589861687137208,0.5084400194574323,0.15125852838814757,0.11394302848575712,0.010460251046025104,-0.4269240293616363,0.11926573677291354,-0.6606848734365468,-0.1931631852867258,0.00034411615167380616,0.14107232098236594,0.00041939155985245126,not distinguishable,low pressure
1750,Religion,Academia,Religion + Academia,13483,7648,281,103.16387007689401,1.4412217624195092,1.3111590034051586,1.5718727155987198,0.06590635636793944,0.0004997501249375312,0.03674163179916318,0.24627540867453834,0.07161497402009785,0.10591005959514654,0.38664075775393014,0.0005841228794889768,0.0009745127436281859,0.0007009474553867722,associated,low pressure
1750,Religion,Exploration & Invention,Religion + Exploration & Invention,13483,7648,8,30.226350297005183,-1.8539416661548203,-3.1183846635814474,-1.110503880594315,0.52509414586523,0.004497751124437781,0.0010460251046025104,-2.0703674622361876,0.3465893493127315,-2.7496825868891412,-1.391052337583234,2.3215111901013188e-09,0.006378628867384489,3.772455683914643e-09,dissociated,low pressure
1750,Religion,Culture (core),Religion + Culture (core),13483,7648,250,149.3019663454117,0.7417540422529554,0.5853728147569407,0.8789833969341739,0.07453769944819501,0.0004997501249375312,0.03268828451882845,-0.5276879014622426,0.07338626287625405,-0.6715249766997006,-0.3838508262247847,6.452884977456006e-13,0.0009745127436281859,1.3981250784488015e-12,associated,low pressure
1750,Religion,Culture (periphery),Religion + Culture (periphery),13483,7648,39,50.434102355884455,-0.3667792667758844,-0.8863770781809285,0.042731031353394705,0.23288403562088278,0.1199400299850075,0.005099372384937239,-1.0482117629483358,0.16489798813592194,-1.371411819694743,-0.7250117062019288,2.060956021081063e-10,0.14617691154422788,3.920843162056657e-10,not distinguishable,low pressure
1750,Religion,Sport & Games,Religion + Sport & Games,13483,7648,6,10.046155975148155,-0.6982056158522749,-2.1982428209235394,0.13753666834265393,0.6374134691906307,0.21339330334832585,0.0007845188284518828,-2.2678096508683336,0.3955179910101083,-3.043024913248146,-1.4925943884885213,9.822183275882602e-09,0.24122721248071619,1.445528859469515e-08,not distinguishable,low pressure
1750,Nobility,Kinship,Nobility + Kinship,13483,7648,170,68.05929682030339,1.3143475216389005,1.1335125279218048,1.4820781844505901,0.09205173970384359,0.0004997501249375312,0.022228033472803346,0.845891983962431,0.09019612365266676,0.6691075816032042,1.022676386321658,6.7004947286349776e-21,0.0009745127436281859,2.488755184921563e-20,associated,low pressure
1750,Nobility,Big business,Nobility + Big business,13483,7648,21,46.092849205916814,-1.1157718957778493,-1.851193080918177,-0.5976818879679502,0.3114196549617433,0.0014992503748125937,0.0027458158995815897,-1.3520255519215267,0.22056199362546167,-1.7843270594274316,-0.9197240444156218,8.792784268160039e-10,0.0024362818590704647,1.4909503759053978e-09,dissociated,low pressure
1750,Nobility,Small business,Nobility + Small business,13483,7648,25,71.53310969025001,-1.4981629401133465,-2.1263689943929327,-1.0321374550945486,0.2816065873197197,0.0004997501249375312,0.003268828451882845,-1.4894184307817437,0.20270310147677204,-1.8867165096762168,-1.0921203518872706,2.0152110135991877e-13,0.0009745127436281859,5.152401550704907e-13,dissociated,low pressure
1750,Nobility,Academia,Nobility + Academia,13483,7648,38,108.92711466151846,-1.5070399131774819,-2.02567881094668,-1.1129318983437069,0.23215401083484555,0.0004997501249375312,0.004968619246861925,-1.9057680184379147,0.16568803234558868,-2.2305165618352687,-1.5810194750405608,1.2867505362412893e-30,0.0009745127436281859,8.363878485568381e-30,dissociated,low pressure
1750,Nobility,Exploration & Invention,Nobility + Exploration & Invention,13483,7648,8,31.91494388633383,-1.9311243291013966,-3.228788793067243,-1.15974762112805,0.527169660493782,0.004497751124437781,0.0010460251046025104,-1.8896646984796497,0.3467957655927269,-2.5693843990413945,-1.2099449979179049,5.067469768757537e-08,0.006378628867384489,7.319678554871998e-08,dissociated,low pressure
1750,Nobility,Culture (core),Nobility + Culture (core),13483,7648,88,157.64271343421927,-0.8374777236248409,-1.1330807081773098,-0.5878952380252882,0.13980902285093155,0.0004997501249375312,0.011506276150627616,-1.5820326097109412,0.11272928821413807,-1.8029820146106519,-1.3610832048112305,9.667224647805753e-45,0.0009745127436281859,1.0772050321840696e-43,dissociated,low pressure
1750,Nobility,Culture (periphery),Nobility + Culture (periphery),13483,7648,17,53.25160103120846,-1.6189528050237472,-2.436006746574926,-1.0794763528189846,0.35354607204307864,0.0014992503748125937,0.002222803347280335,-1.7205442404609765,0.24316391450700026,-2.197145512894697,-1.243942968027256,1.4874329412602091e-12,0.0024362818590704647,3.0531518267972712e-12,dissociated,low pressure
1750,Nobility,Sport & Games,Nobility + Sport & Games,13483,7648,14,10.607383990119967,0.3845338268871287,-0.4267659767462808,0.9839219130319052,0.3721516001320945,0.29535232383808097,0.0018305439330543933,-1.2631369997306294,0.26781902649298234,-1.7880622916568747,-0.738211707804384,2.4007477575901915e-06,0.32447156703338476,3.2285918119316366e-06,not distinguishable,low pressure
1750,Kinship,Big business,Kinship + Big business,13483,7648,55,53.35454302532635,0.043419719661621246,-0.3602016195104462,0.3643382508152202,0.18157147710090885,0.8105947026486756,0.007191422594142259,-0.39002895124299425,0.14203811690216941,-0.6684236603712463,-0.11163424211474221,0.00603367557330725,0.8211219065791779,0.006820676735042979,not distinguishable,low pressure
1750,Kinship,Small business,Kinship + Small business,13483,7648,44,82.80278707990793,-0.9045594288886999,-1.347503692359266,-0.5655426987885116,0.20327608740077507,0.0009995002498750624,0.005753138075313808,-0.9564892856217692,0.15596028551160904,-1.262171445224523,-0.6508071260190155,8.628982587154699e-10,0.0017324670997834416,1.4909503759053978e-09,dissociated,low pressure
1750,Kinship,Academia,Kinship + Academia,13483,7648,90,126.08802723105698,-0.4841512629775067,-0.7974953985754959,-0.23416821698407003,0.1436727109057957,0.0004997501249375312,0.011767782426778242,-1.0355717135184852,0.11194593799313177,-1.2549857519850234,-0.8161576750519469,2.2314981481328118e-20,0.0009745127436281859,7.252368981431639e-20,dissociated,low pressure
1750,Kinship,Exploration & Invention,Kinship + Exploration & Invention,13483,7648,25,36.94298087599431,-0.5541980469137451,-1.2320235454797186,-0.08598297592070206,0.2927394722740706,0.05897051474262868,0.003268828451882845,-0.804530637505316,0.2045607731748636,-1.2054697529280487,-0.4035915220825833,8.390398694843186e-05,0.07540492049057437,0.00010555662874157556,not distinguishable,low pressure
1750,Kinship,Culture (core),Kinship + Culture (core),13483,7648,191,182.4785206698733,0.06567008758511257,-0.11210577212080297,0.23279601853741572,0.09007110225534967,0.4707646176911544,0.024973849372384938,-0.728914637438949,0.08178203249105899,-0.8892074211214247,-0.5686218537564733,4.97172305518347e-19,0.5099950024987506,1.491516916555041e-18,not distinguishable,low pressure
1750,Kinship,Culture (periphery),Kinship + Culture (periphery),13483,7648,37,61.64111976879931,-0.7286576431209209,-1.2419344922900715,-0.337059862195553,0.23053357266284907,0.0034982508745627187,0.0048378661087866105,-0.9776448993085314,0.1692269667628778,-1.3093297541637718,-0.6459600444532909,7.598901042839522e-09,0.005457271364317842,1.1854285626829656e-08,dissociated,low pressure
1750,Kinship,Sport & Games,Kinship + Sport & Games,13483,7648,41,12.278523355296592,1.6993902037015776,1.2701599751479131,2.030160468349846,0.19624455604890612,0.0004997501249375312,0.005360878661087866,-0.1949012259967115,0.16405827998639674,-0.5164554547700491,0.1266530027766261,0.2348334352172582,0.0009745127436281859,0.24752713441819105,associated,low pressure
1750,Big business,Small business,Big business + Small business,13483,7648,107,56.07781092391868,0.9260283968138652,0.670785187216352,1.1493189623396471,0.12325161158083518,0.0004997501249375312,0.013990585774058577,0.2488485328473826,0.10705817392117287,0.03901451196188377,0.4586825537328814,0.02010280850937672,0.0009745127436281859,0.022400272339019773,associated,low pressure
1750,Big business,Academia,Big business + Academia,13483,7648,64,85.39254293469111,-0.41323372358528704,-0.7584985111995025,-0.1247847136663634,0.1605193354174728,0.013493253373313344,0.008368200836820083,-1.2153099705583321,0.13093317473533425,-1.4719389930395872,-0.958680948077077,1.6646692634309176e-20,0.01846445198453405,5.902009206709617e-20,dissociated,low pressure
1750,Big business,Exploration & Invention,Big business + Exploration & Invention,13483,7648,68,25.019465764246547,1.424505860668643,1.0777420503549082,1.7098847221479179,0.1562742142691822,0.0004997501249375312,0.00889121338912134,0.49511753634869116,0.132572133950167,0.2352761538063638,0.7549589188910185,0.00018793690229353366,0.0009745127436281859,0.00023268378379199406,associated,low pressure
1750,Big business,Culture (core),Big business + Culture (core),13483,7648,82,123.58274812569171,-0.5888365194930052,-0.8762190411784023,-0.3105903977220242,0.14865857876375158,0.0004997501249375312,0.010721757322175732,-1.5208105625230732,0.11687391088302261,-1.7498834278537976,-1.2917376971923489,1.0401731203604644e-38,0.0009745127436281859,8.113350338811622e-38,dissociated,low pressure
1750,Big business,Culture (periphery),Big business + Culture (periphery),13483,7648,20,41.74616799066804,-1.0431965755319206,-1.7464347814742405,-0.5288505147799646,0.31713673451639485,0.004497751124437781,0.002615062761506276,-1.4277521250949856,0.22559235255762158,-1.869913136107924,-0.9855911140820472,2.469101990004437e-10,0.006378628867384489,4.585475124293954e-10,dissociated,low pressure
1750,Big business,Sport & Games,Big business + Sport & Games,13483,7648,10,8.315574093886013,0.2522628979941559,-0.7817362480660245,0.9353935223521548,0.43973553901415435,0.5562218890554723,0.001307531380753138,-1.4699297348561773,0.31321248337630736,-2.0838262022737397,-0.8560332674386149,2.6912851744413196e-06,0.594319278716806,3.557970230617338e-06,not distinguishable,low pressure
1750,Small business,Academia,Small business + Academia,13483,7648,191,132.52368308124733,0.52566127106919,0.3481339592182956,0.696385781506426,0.09000528059572435,0.0004997501249375312,0.024973849372384938,-0.2802084652630204,0.08179562751872697,-0.44052789519972524,-0.11988903532631554,0.0006131846027743481,0.0009745127436281859,0.0007246727123696842,associated,low pressure
1750,Small business,Exploration & Invention,Small business + Exploration & Invention,13483,7648,72,38.828586640627144,0.8824026543386525,0.5686796169571513,1.1573879733748704,0.15058736224659652,0.0004997501249375312,0.009414225941422594,0.23482485611599913,0.12841133038353011,-0.016861351435719873,0.4865110636677181,0.06744566408994201,0.0009745127436281859,0.07306613609743719,associated,low pressure
1750,Small business,Culture (core),Small business + Culture (core),13483,7648,291,191.79240228792025,0.6001941222980482,0.45551336882789895,0.7268855251803914,0.0690459605934707,0.0004997501249375312,0.038049163179916315,-0.32269141267776796,0.06975211541917128,-0.45940555889934365,-0.18597726645619225,3.723280809138925e-06,0.0009745127436281859,4.840265051880603e-06,associated,low pressure
1750,Small business,Culture (periphery),Small business + Culture (periphery),13483,7648,126,64.78734262408595,0.9542621588387378,0.7240884214327331,1.1673215011513172,0.11261845384964364,0.0004997501249375312,0.01647489539748954,0.2812990089295667,0.09963678481064207,0.08601091070070827,0.47658710715842517,0.004754029502838209,0.0009745127436281859,0.005453151488549711,associated,low pressure
1750,Small business,Sport & Games,Small business + Sport & Games,13483,7648,9,12.905231159348503,-0.49679667876278566,-1.607057542342707,0.2287080410923486,0.47435665596687726,0.24887556221889057,0.0011767782426778243,-1.8841096307443046,0.3284197319160185,-2.527812305299701,-1.2404069561889084,9.642780027490729e-09,0.27731848361533523,1.445528859469515e-08,not distinguishable,low pressure
1750,Academia,Exploration & Invention,Academia + Exploration & Invention,13483,7648,117,59.12626932427037,0.9786407781345289,0.7527232063632723,1.1894014393939523,0.11153875156928734,0.0004997501249375312,0.015298117154811715,-0.03961987378552151,0.10455225151454112,-0.2445422867540221,0.16530253918297907,0.7047264278909846,0.0009745127436281859,0.7047264278909846,associated,low pressure
1750,Academia,Culture (core),Academia + Culture (core),13483,7648,418,292.05207330825533,0.5165341802433244,0.41118823812890437,0.6187528408940668,0.053441992955967195,0.0004997501249375312,0.05465481171548117,-0.8714414923306661,0.057262392640203365,-0.9836757819054648,-0.7592072027558675,2.6701677654629596e-52,0.0009745127436281859,4.1654617141222173e-51,associated,low pressure
1750,Academia,Culture (periphery),Academia + Culture (periphery),13483,7648,85,98.65499108297229,-0.21376097403323924,-0.5013847635970853,0.045840908775764716,0.14022635495644628,0.12393803098450774,0.011114016736401673,-1.0650303860126737,0.11490581633824423,-1.2902457860356324,-0.839814985989715,1.8838467676209124e-20,0.14824405978828767,6.38869773367092e-20,not distinguishable,low pressure
1750,Academia,Sport & Games,Academia + Sport & Games,13483,7648,10,19.651453715835824,-0.9404945899177964,-2.059660093234114,-0.2630727162179001,0.45718583851354067,0.04897551224387806,0.001307531380753138,-2.617590476545126,0.31214740408520864,-3.229399388552135,-2.005781564538117,5.04028275980365e-17,0.06366816591704148,1.456081686165499e-16,not distinguishable,low pressure
1750,Exploration & Invention,Culture (core),Exploration & Invention + Culture (core),13483,7648,36,85.56937875830162,-1.2376035916184873,-1.7715497424694244,-0.8420798256363364,0.23477264277112914,0.0004997501249375312,0.004707112970711297,-1.9644302550957122,0.17153440609770423,-2.3006376910472124,-1.628222819144212,2.295001731507902e-30,0.0009745127436281859,1.3770010389047412e-29,dissociated,low pressure
1750,Exploration & Invention,Culture (periphery),Exploration & Invention + Culture (periphery),13483,7648,31,28.90527775663321,0.0992767106267461,-0.4144253673281043,0.5209911751884373,0.24515233941478692,0.6931534232883558,0.004053347280334728,-0.5447139169941142,0.18553796254553642,-0.9083683235833655,-0.18105951040486284,0.0033262189433679724,0.7208795602198901,0.003872314590786595,not distinguishable,low pressure
1750,Exploration & Invention,Sport & Games,Exploration & Invention + Sport & Games,13483,7648,16,5.757749524300526,1.39875020563123,0.6378236579888571,1.9685768847151588,0.34228939468878494,0.0009995002498750624,0.0020920502092050207,-0.579608324723221,0.25301593798965394,-1.0755195631829428,-0.08369708626349925,0.021975117671112994,0.0017324670997834416,0.02414167856826498,associated,low pressure
1750,Culture (core),Culture (periphery),Culture (core) + Culture (periphery),13483,7648,414,142.77657621314668,1.5325693340146342,1.4351469437179174,1.6265870182211228,0.04986605273465259,0.0004997501249375312,0.054131799163179915,0.45692987443703015,0.06561080248680595,0.3283327015628905,0.5855270473111698,3.3016346676844213e-12,0.0009745127436281859,6.44701559973458e-12,associated,low pressure
1750,Culture (core),Sport & Games,Culture (core) + Sport & Games,13483,7648,27,28.440195963308234,-0.07364307221422714,-0.6447111194394314,0.3559315389345656,0.25225694660748876,0.7636181909045477,0.003530334728033473,-2.1862420116852,0.19619227926199814,-2.5707788790387163,-1.8017051443316836,7.714893727888606e-29,0.7837134064546675,4.298297934109366e-28,not distinguishable,low pressure
1750,Culture (periphery),Sport & Games,Culture (periphery) + Sport & Games,13483,7648,8,9.607078790352311,-0.24983133459195786,-1.5319810446104625,0.5177108671562105,0.5164693079033467,0.6096951524237881,0.0010460251046025104,-1.8393528069262979,0.3469346271197125,-2.5193446760809346,-1.1593609377716614,1.1471206490896325e-07,0.6426516471493983,1.5977751898034168e-07,not distinguishable,low pressure
1800,Politics,Administration & Law,Politics + Administration & Law,24276,13116,909,378.482495247374,1.2629424243168672,1.1982773120801062,1.3270585160196733,0.03296392017707275,0.0004997501249375312,0.06930466605672461,0.7170564410872307,0.046420693547266426,0.6260718817345885,0.8080410004398728,7.914346093988123e-54,0.0007796101949025487,3.8582437208192098e-53,associated,low pressure
1800,Politics,Military,Politics + Military,24276,13116,487,296.8271768456996,0.7133508817230249,0.6100880150903594,0.8077554570881262,0.04998229115945481,0.0004997501249375312,0.03713022262885026,-0.2201329722514436,0.054127734391770384,-0.32622333165931355,-0.11404261284357364,4.763931760123958e-05,0.0007796101949025487,5.630101171055587e-05,associated,low pressure
1800,Politics,Religion,Politics + Religion,24276,13116,229,333.35534659939833,-0.5407289911317893,-0.7092570229946712,-0.378112188156654,0.08580104866732201,0.0004997501249375312,0.017459591338822814,-1.3459742983282794,0.07114580232607864,-1.4854200708873935,-1.2065285257691654,8.025549175171963e-80,0.0007796101949025487,1.0433213927723552e-78,dissociated,low pressure
1800,Politics,Nobility,Politics + Nobility,24276,13116,320,175.68750704742945,0.8632127263410966,0.7368564148122584,0.9849268202830475,0.06315007890537515,0.0004997501249375312,0.024397682220189083,0.19468160988466546,0.06936230148477027,0.05873149897451574,0.3306317207948152,0.005004636983561538,0.0007796101949025487,0.005473226966461489,associated,low pressure
1800,Politics,Kinship,Politics + Kinship,24276,13116,319,345.05912920397697,-0.11311666253983689,-0.25675130395275025,0.022280021656781442,0.07067734181916391,0.10194902548725637,0.02432143946325099,-0.5734273746918651,0.06374939739527544,-0.698376193586605,-0.44847855579712526,2.361800958363375e-19,0.11868692519411937,4.605511868808581e-19,not distinguishable,low pressure
1800,Politics,Big business,Politics + Big business,24276,13116,755,333.35534659939833,1.1782086106192318,1.104014000382607,1.2522548056579919,0.03805332664770039,0.0004997501249375312,0.057563281488258615,0.5024133323676268,0.04870370001465705,0.4069540803388989,0.5978725843963546,5.98362683228002e-25,0.0007796101949025487,1.6093892859235916e-24,associated,low pressure
1800,Politics,Small business,Politics + Small business,24276,13116,473,407.81823977778635,0.2136704107898886,0.10637683933519287,0.30997593282024194,0.0534156691654068,0.0004997501249375312,0.036062824031716983,-0.34315649501726675,0.05420309520445293,-0.4493945616179945,-0.236918428416539,2.4367350832290916e-10,0.0007796101949025487,3.394023865926235e-10,associated,low pressure
1800,Politics,Academia,Politics + Academia,24276,13116,438,752.6223735843726,-0.7803074623587475,-0.9014276103137046,-0.6669766289556766,0.060696188238005364,0.0004997501249375312,0.03339432753888381,-1.7292747117832683,0.052174854601831966,-1.831537426802859,-1.6270119967636776,6.948947112240438e-241,0.0007796101949025487,2.710089373773771e-239,dissociated,low pressure
1800,Politics,Exploration & Invention,Politics + Exploration & Invention,24276,13116,129,232.48406460774504,-0.847279184445913,-1.1056658413320317,-0.6263411735245743,0.11950394305106521,0.0004997501249375312,0.009835315645013724,-1.4606112248478493,0.09317560628016398,-1.6432354131569706,-1.277987036538728,2.210810524402767e-55,0.0007796101949025487,1.1496214726894388e-54,dissociated,low pressure
1800,Politics,Culture (core),Politics + Culture (core),24276,13116,276,847.4927949174439,-1.6167725263319912,-1.7681749870402947,-1.4596706517075326,0.07959917750349284,0.0004997501249375312,0.021043000914913082,-2.5466760770703645,0.06341294476895819,-2.6709654488175225,-2.4223867053232064,0.0,0.0007796101949025487,0.0,dissociated,low pressure
1800,Politics,Culture (periphery),Politics + Culture (periphery),24276,13116,158,341.0781557713689,-1.107732875905229,-1.3216772691067655,-0.9140173154421986,0.10375773423108955,0.0004997501249375312,0.01204635559621836,-1.7044596716084475,0.08379460658323919,-1.8686971005115962,-1.5402222427052987,5.586863892612126e-92,0.0007796101949025487,1.0894384590593644e-90,dissociated,low pressure
1800,Politics,Sport & Games,Politics + Sport & Games,24276,13116,110,158.73736958717862,-0.5271325755079852,-0.7874681090701787,-0.30660833505465657,0.12497093604216965,0.0004997501249375312,0.008386703263189996,-2.042733140646523,0.09886417962051783,-2.236506932702738,-1.848959348590308,7.612101539916543e-95,0.0007796101949025487,1.9791464003783014e-93,dissociated,low pressure
1800,Administration & Law,Military,Administration & Law + Military,24276,13116,99,101.00425957453459,-0.028771839874178105,-0.32095773940119465,0.20346686902606387,0.13653183035348526,0.8370814592703648,0.007548032936870997,-0.6485270606260135,0.10544589273171556,-0.855201010380176,-0.441853110871851,7.732178933847868e-10,0.8370814592703649,1.0580876435791818e-09,not distinguishable,low pressure
1800,Administration & Law,Religion,Administration & Law + Religion,24276,13116,23,113.43405383661177,-2.2774663578237457,-2.9192245733872877,-1.7893783029352688,0.2911258454899188,0.0004997501249375312,0.0017535834095760902,-2.31308998467735,0.20862393466360446,-2.7219928966180147,-1.9041870727366854,1.444789357880809e-28,0.0007796101949025487,5.634678495735155e-28,dissociated,low pressure
1800,Administration & Law,Nobility,Administration & Law + Nobility,24276,13116,51,59.78289034850053,-0.2271761583538969,-0.6389154457784436,0.12007018100445266,0.19381514364537206,0.2283858070964518,0.003888380603842635,-0.582895625201668,0.14493263928448197,-0.8669635981992527,-0.2988276522040834,5.774572034151434e-05,0.25504390661811954,6.722636099459878e-05,not distinguishable,low pressure
1800,Administration & Law,Kinship,Administration & Law + Kinship,24276,13116,39,117.41661334736467,-1.5778424364661308,-2.0601222742829544,-1.2175782000216135,0.21820790959418382,0.0004997501249375312,0.0029734675205855443,-1.4585475028015185,0.16261598480822728,-1.7772748330256438,-1.139820172577393,2.984722465519329e-19,0.0007796101949025487,5.678252495378236e-19,dissociated,low pressure
1800,Administration & Law,Big business,Administration & Law + Big business,24276,13116,43,113.43405383661177,-1.389111713652655,-1.8696387161870895,-1.0087381259971664,0.21957085740508397,0.0004997501249375312,0.003278438548337908,-1.5152414799847582,0.15504222981004276,-1.819124250412442,-1.2113587095570744,1.4690366757420795e-22,0.0007796101949025487,3.3701429619965357e-22,dissociated,low pressure
1800,Administration & Law,Small business,Administration & Law + Small business,24276,13116,48,138.77226400720687,-1.5218513222286096,-1.9702926488067096,-1.1567459488776997,0.20639979120390622,0.0004997501249375312,0.0036596523330283625,-1.4853501843482166,0.14708050325127048,-1.7736279707207068,-1.1970723979757265,5.586958752830846e-24,0.0007796101949025487,1.45260927573602e-23,dissociated,low pressure
1800,Administration & Law,Academia,Administration & Law + Academia,24276,13116,259,256.1021075999215,0.016201518539552085,-0.15686751340356542,0.1671741923044541,0.08025362357180066,0.8290854572713643,0.019746874046965537,-0.7442446071020299,0.06817687826313766,-0.8778712884977797,-0.61061792570628,9.62578038101889e-28,0.8370814592703649,3.5752898558070165e-27,not distinguishable,low pressure
1800,Administration & Law,Exploration & Invention,Administration & Law + Exploration & Invention,24276,13116,47,79.1096053202372,-0.7450149966198799,-1.1836051468921371,-0.3933119449095188,0.20052530790414738,0.0004997501249375312,0.0035834095760902715,-1.0931182307586893,0.14929364509436094,-1.3857337751436367,-0.8005026863737419,2.4442218877276927e-13,0.0007796101949025487,3.7382217106423533e-13,dissociated,low pressure
1800,Administration & Law,Culture (core),Administration & Law + Culture (core),24276,13116,171,288.3845851146142,-0.7522846473312752,-0.9679022984316509,-0.5640259572111885,0.1026142993058641,0.0004997501249375312,0.01303751143641354,-1.4834921813041035,0.08104321461968882,-1.6423368819586937,-1.3246474806495134,7.555806594890158e-75,0.0007796101949025487,6.548365715571471e-74,dissociated,low pressure
1800,Administration & Law,Culture (periphery),Administration & Law + Culture (periphery),24276,13116,42,116.06196894377798,-1.4555624061026078,-1.9422852483861615,-1.0934971941519624,0.21913710777428233,0.0004997501249375312,0.003202195791399817,-1.64555748122751,0.15662491817773705,-1.9525423208558745,-1.3385726415991455,8.075196457082959e-26,0.0007796101949025487,2.4917164417964313e-25,dissociated,low pressure
1800,Administration & Law,Sport & Games,Administration & Law + Sport & Games,24276,13116,85,54.01510283641167,0.6492684512330367,0.34812752146947745,0.9005454321077346,0.14510505657333278,0.0004997501249375312,0.006480634339737725,-0.8488111692455443,0.11287901410711865,-1.070054036895497,-0.6275683015955917,5.4921246260682107e-14,0.0007796101949025487,8.924702517360842e-14,associated,low pressure
1800,Military,Religion,Military + Religion,24276,13116,23,88.9613400389306,-1.9286036118030807,-2.6063798992210545,-1.43052525364368,0.3016998154313037,0.0004997501249375312,0.0017535834095760902,-2.25094124950233,0.20868951353977128,-2.6599726960402816,-1.8419098029643783,4.0052208793867216e-27,0.0007796101949025487,1.4200328572371102e-26,dissociated,low pressure
1800,Military,Nobility,Military + Nobility,24276,13116,109,46.88509188310884,1.2084257294154779,0.937973045971993,1.4254985355400496,0.12571839650880512,0.0004997501249375312,0.008310460506251905,0.3301723062912585,0.10408280648013027,0.12617000559020317,0.5341746069923138,0.0015128463605255627,0.0007796101949025487,0.00168574308744277,associated,low pressure
1800,Military,Kinship,Military + Kinship,24276,13116,86,92.08468632585503,-0.09807345610597792,-0.410862241862619,0.17950190086093928,0.14712296348415227,0.4927536231884058,0.006556877096675816,-0.5572814299273018,0.11289671687121844,-0.7785589949948899,-0.3360038648597137,7.965704619612332e-07,0.5265038713519953,9.862300957615269e-07,not distinguishable,low pressure
1800,Military,Big business,Military + Big business,24276,13116,27,88.9613400389306,-1.7018327499560584,-2.310969457037532,-1.2295633814688747,0.27394769467844937,0.0004997501249375312,0.0020585544373284536,-1.928374885132217,0.19347557320093764,-2.307587008606055,-1.5491627616583794,2.1250955374985737e-23,0.0007796101949025487,5.022953088632993e-23,dissociated,low pressure
1800,Military,Small business,Military + Small business,24276,13116,55,108.83298400054899,-0.9781690279601075,-1.3824872287212342,-0.650323100283372,0.1867670237067076,0.0004997501249375312,0.004193351631594998,-1.2804258583888093,0.13807116119706128,-1.5510453343350494,-1.0098063824425692,1.798551789196688e-20,0.0007796101949025487,3.791541609657883e-20,dissociated,low pressure
1800,Military,Academia,Military + Academia,24276,13116,125,200.84962062362575,-0.6820153898313377,-0.9291673740790997,-0.45405454539288936,0.11971876568621011,0.0004997501249375312,0.00953034461726136,-1.508269941270527,0.09355277044166475,-1.6916333713361897,-1.3249065112048641,1.783539469972766e-58,0.0007796101949025487,1.1593006554822979e-57,dissociated,low pressure
1800,Military,Exploration & Invention,Military + Exploration & Invention,24276,13116,149,62.04218452226152,1.257243967588691,1.0431216610605418,1.4520512282669067,0.10486970893571822,0.0004997501249375312,0.011360170783775542,0.24908015849191012,0.0896409300088648,0.0733839356745351,0.42477638130928513,0.00545864511170418,0.0007796101949025487,0.005832524913875699,associated,low pressure
1800,Military,Culture (core),Military + Culture (core),24276,13116,207,226.1673480815576,-0.1274652462664037,-0.3136561829710714,0.04538896865942361,0.09299031225700226,0.18040979510244878,0.01578225068618481,-1.19707932265437,0.07483181518843078,-1.3437496804236941,-1.0504089648850456,1.3423264437613357e-57,0.20694064732339715,7.478675900956014e-57,not distinguishable,low pressure
1800,Military,Culture (periphery),Military + Culture (periphery),24276,13116,18,91.02229829207381,-2.3065980105371384,-3.082508026440754,-1.7604946870039193,0.33830918561883555,0.0004997501249375312,0.0013723696248856359,-2.4392285110449863,0.23467540801125028,-2.8991923107470368,-1.9792647113429358,2.6389665770864568e-25,0.0007796101949025487,7.623681222694208e-25,dissociated,low pressure
1800,Military,Sport & Games,Military + Sport & Games,24276,13116,61,42.36166978206758,0.5208983555987877,0.14807675700697023,0.8285766501584582,0.1745379702724044,0.004497751124437781,0.004650808173223543,-1.1400990140040292,0.1316155432481232,-1.3980654787703508,-0.8821325492377078,4.621642110221798e-18,0.006154817328178016,8.583049633269053e-18,associated,low pressure
1800,Religion,Nobility,Religion + Nobility,24276,13116,15,52.65486880658185,-1.7779336283058647,-2.6795727428739444,-1.1869930375904876,0.38979651210906857,0.0009995002498750624,0.0011436413540713633,-1.9188197214308307,0.2569527913743498,-2.4224471925245563,-1.415192250337105,8.167293553070938e-14,0.0014174730816409976,1.30009979008068e-13,dissociated,low pressure
1800,Religion,Kinship,Religion + Kinship,24276,13116,107,103.41681935212264,0.04890748072099458,-0.23448659479625747,0.29486481936014736,0.13480698331958588,0.7191404297851074,0.008157974992375725,-0.4615375535009423,0.10215636394001258,-0.6617640268233669,-0.2613110801785176,6.244062039863149e-06,0.7479060469765118,7.4928744478357785e-06,not distinguishable,low pressure
1800,Religion,Big business,Religion + Big business,24276,13116,23,99.90910757487902,-2.095157472497222,-2.7271995158101734,-1.607026081295573,0.29058054638096165,0.0004997501249375312,0.0017535834095760902,-2.231382217634206,0.2087110228890233,-2.640455822496692,-1.8223086127717205,1.118503332493835e-26,0.0007796101949025487,3.793185214544309e-26,dissociated,low pressure
1800,Religion,Small business,Religion + Small business,24276,13116,71,122.22619737346129,-0.7794280953680723,-1.134228007163266,-0.47821413792769896,0.16728286721798546,0.0004997501249375312,0.0054132357426044525,-1.154916679650288,0.12237959679526063,-1.394780689368999,-0.9150526699315773,3.8299467607203834e-21,0.0007796101949025487,8.298217981560831e-21,dissociated,low pressure
1800,Religion,Academia,Religion + Academia,24276,13116,472,225.56659268484515,1.0635665178231557,0.9607730602311866,1.1543891048123942,0.05081496433040368,0.0004997501249375312,0.0359865812747789,-0.06724317195813997,0.0541895110143523,-0.17345461354627048,0.03896826962999053,0.2146467307990938,0.0007796101949025487,0.2174343506796015,associated,low pressure
1800,Religion,Exploration & Invention,Religion + Exploration & Invention,24276,13116,19,69.67722479115697,-1.8475287724799214,-2.5980475828110685,-1.3000264834785344,0.3275098153141994,0.0009995002498750624,0.0014486123818237267,-2.0969255571599525,0.22905342191636893,-2.5458702641160356,-1.6479808502038695,5.448658557263324e-20,0.0014174730816409976,1.1184088617540507e-19,dissociated,low pressure
1800,Religion,Culture (core),Religion + Culture (core),24276,13116,383,253.99997234211034,0.5915610782127094,0.4777377712365668,0.7058810561660896,0.05828726407369121,0.0004997501249375312,0.029200975907288807,-0.611248008745541,0.05801153890160371,-0.7249506249926843,-0.4975453924983977,5.853961211033327e-26,0.0007796101949025487,1.9025373935858313e-25,associated,low pressure
1800,Religion,Culture (periphery),Religion + Culture (periphery),24276,13116,100,102.22369163724264,-0.03157345401757471,-0.3151912464118476,0.2146471540829671,0.13827508172167544,0.824087956021989,0.007624275693809088,-0.808185899314198,0.1046136131369067,-1.0132285810625352,-0.6031432175658609,1.1147008036417722e-14,0.8370814592703649,1.8499289932778346e-14,not distinguishable,low pressure
1800,Religion,Sport & Games,Religion + Sport & Games,24276,13116,148,47.574784973517446,1.627110621147686,1.4303862778091638,1.8270762852989988,0.10070564789122803,0.0004997501249375312,0.011283928026837451,-0.31371149886132005,0.08817667299879504,-0.48653777793895836,-0.14088521978368176,0.0003740298655633496,0.0007796101949025487,0.00042903425755795984,associated,low pressure
1800,Nobility,Kinship,Nobility + Kinship,24276,13116,137,54.50353013411538,1.3218354995501498,1.0781291025627067,1.5198802032291834,0.11184745486804148,0.0004997501249375312,0.01044525770051845,0.7916284777140608,0.09548710556921375,0.6044737507984018,0.9787832046297197,1.1284661109440758e-16,0.0007796101949025487,2.0469850384566955e-16,associated,low pressure
1800,Nobility,Big business,Nobility + Big business,24276,13116,37,52.65486880658185,-0.5033112481968588,-1.0261323693823492,-0.09308706160278818,0.23533973309491715,0.03548225887056472,0.0028209820067093628,-0.84046857773698,0.1681455227976063,-1.1700338024202883,-0.5109033530536717,5.779015549788559e-07,0.046126936531734136,7.270374401346896e-07,dissociated,low pressure
1800,Nobility,Small business,Nobility + Small business,24276,13116,20,64.41659367844451,-1.6629633906458385,-2.3351062318542612,-1.131983657897204,0.3114764946216647,0.0004997501249375312,0.0015248551387618177,-1.5542131908972407,0.22433718242375464,-1.9939140684477998,-1.1145123133466817,4.267619534387067e-12,0.0007796101949025487,6.280647616645117e-12,dissociated,low pressure
1800,Nobility,Academia,Nobility + Academia,24276,13116,41,118.87984622489597,-1.5243760589706157,-1.9718463066688035,-1.1446182382950236,0.2129709977862453,0.0004997501249375312,0.0031259530344617263,-1.9013237623555042,0.1593395026123534,-2.213629187475717,-1.5890183372352915,8.00991927555821e-33,0.0007796101949025487,3.288282649966002e-32,dissociated,low pressure
1800,Nobility,Exploration & Invention,Nobility + Exploration & Invention,24276,13116,9,36.72182866247093,-1.9701495164075098,-3.064685743335165,-1.2530135400472293,0.48589950396950465,0.0024987506246876563,0.0006861848124428179,-1.93615517140163,0.3271218170832106,-2.5773139328847225,-1.2949964099185374,3.2438003889873773e-09,0.00348040265581495,4.362352247258887e-09,dissociated,low pressure
1800,Nobility,Culture (core),Nobility + Culture (core),24276,13116,83,133.86502537344313,-0.6863095570938158,-1.0085850910286545,-0.41507547114609483,0.149311359238416,0.0004997501249375312,0.006328148825861543,-1.3964255279794668,0.11527708072904799,-1.6223686062084008,-1.1704824497505328,8.943083153601921e-34,0.0007796101949025487,3.875336033227499e-33,dissociated,low pressure
1800,Nobility,Culture (periphery),Nobility + Culture (periphery),24276,13116,19,53.874718759242285,-1.4794619098840351,-2.180776738315207,-0.9502796874799286,0.32411175560591193,0.0009995002498750624,0.0014486123818237267,-1.6275156586736512,0.22982223535698434,-2.0779672399733404,-1.177064077373962,1.4247031992490408e-12,0.0014174730816409976,2.1370547988735614e-12,dissociated,low pressure
1800,Nobility,Sport & Games,Nobility + Sport & Games,24276,13116,34,25.07323027987658,0.43196195592942926,-0.1096416945032703,0.8292190671143647,0.23980252616474396,0.07246376811594203,0.00259225373589509,-0.9810158128884294,0.17482498483971903,-1.3236727831742787,-0.6383588426025801,2.0067705950187273e-08,0.08695652173913043,2.6530187527366227e-08,not distinguishable,low pressure
1800,Kinship,Big business,Kinship + Big business,24276,13116,110,103.41681935212264,0.0886171905229659,-0.17134632929315677,0.3174845379911648,0.1269046571136799,0.48375812093953025,0.008386703263189996,-0.26345344661420683,0.1012934471730187,-0.46198860307332346,-0.06491829015509018,0.009298137271293017,0.524071297684491,0.009800739285957505,not distinguishable,low pressure
1800,Kinship,Small business,Kinship + Small business,24276,13116,57,126.51744050856055,-1.1433927429750799,-1.5328978371393918,-0.8158283281401071,0.18321576813511695,0.0004997501249375312,0.00434583714547118,-1.064271663497365,0.13612042970403948,-1.3310677057172824,-0.7974756212774476,5.3412574001882e-15,0.0007796101949025487,9.056914722058252e-15,dissociated,low pressure
1800,Kinship,Academia,Kinship + Academia,24276,13116,267,233.48601677859304,0.19311657592288997,0.029193880417764505,0.3423596077855433,0.07961790235238611,0.014992503748125937,0.020356816102470265,-0.43386904086501776,0.06846404942448105,-0.5680585777370006,-0.2996795039930349,2.3400775221800624e-10,0.020162332626790052,3.318655395091725e-10,associated,low pressure
1800,Kinship,Exploration & Invention,Kinship + Exploration & Invention,24276,13116,76,72.12352451235522,0.07502280013606781,-0.2378587606438753,0.3568483090233676,0.15268386040848392,0.631184407796102,0.005794449527294907,-0.33703899696093986,0.12021282240599432,-0.5726561288766887,-0.10142186504519099,0.005052209507502913,0.6653024838931886,0.005473226966461489,not distinguishable,low pressure
1800,Kinship,Culture (core),Kinship + Culture (core),24276,13116,286,262.9176647930836,0.1211830429896827,-0.031269828356495,0.2624588971638456,0.07418398612421047,0.10094952523738131,0.021805428484293992,-0.6054820325931503,0.0664651148542487,-0.7357536577074777,-0.4752104074788228,8.255539081810618e-20,0.11868692519411937,1.6511078163621237e-19,not distinguishable,low pressure
1800,Kinship,Culture (periphery),Kinship + Culture (periphery),24276,13116,94,105.81266621396516,-0.1699272570178638,-0.4508821680332958,0.10336705016108103,0.1399774420491516,0.2288855572213893,0.007166819152180543,-0.547486395348198,0.10831511543100017,-0.7597840215929583,-0.33518876910343764,4.31360227510639e-07,0.25504390661811954,5.515753728824564e-07,not distinguishable,low pressure
1800,Kinship,Sport & Games,Kinship + Sport & Games,24276,13116,88,49.24508948931316,0.8311233359527355,0.5329527134743837,1.0819351121420888,0.14009882504640137,0.0004997501249375312,0.006709362610551998,-0.5657730801120188,0.11166926745670311,-0.7846448443271569,-0.34690131589688067,4.051827179404615e-07,0.0007796101949025487,5.267375333226e-07,associated,low pressure
1800,Big business,Small business,Big business + Small business,24276,13116,171,122.22619737346129,0.4827653340263506,0.27460714502802364,0.6689824608416782,0.10112854141758662,0.0004997501249375312,0.01303751143641354,-0.00648944598074414,0.08335410480082893,-0.16986349139036883,0.15688459942888056,0.9379442338645104,0.0007796101949025487,0.9379442338645105,associated,low pressure
1800,Big business,Academia,Big business + Academia,24276,13116,107,225.56659268484515,-1.072411151695819,-1.3566619547825332,-0.8192557891187887,0.13440744017308834,0.0004997501249375312,0.008157974992375725,-1.6564925675707167,0.10045117496935521,-1.853376870510653,-1.4596082646307804,4.292070238423905e-61,0.0007796101949025487,3.043467987246042e-60,dissociated,low pressure
1800,Big business,Exploration & Invention,Big business + Exploration & Invention,24276,13116,141,69.67722479115697,1.0117272514897127,0.7872933770890955,1.2099250303196023,0.10868831683305624,0.0004997501249375312,0.010750228728270814,0.2039584045414698,0.0917440138550582,0.024140137385555732,0.38377667169738383,0.026207376914364828,0.0007796101949025487,0.027255671990939423,associated,low pressure
1800,Big business,Culture (core),Big business + Culture (core),24276,13116,125,253.99997234211034,-1.0199781353394521,-1.288687485137383,-0.7966577868828478,0.12437072731473879,0.0004997501249375312,0.00953034461726136,-1.7418561595872664,0.09344804115667353,-1.9250143202543466,-1.5586979989201861,1.5270830584728334e-77,0.0007796101949025487,1.7016068365840145e-76,dissociated,low pressure
1800,Big business,Culture (periphery),Big business + Culture (periphery),24276,13116,41,102.22369163724264,-1.3075857138495786,-1.781713571954259,-0.9361556953773762,0.22584271088359129,0.0004997501249375312,0.0031259530344617263,-1.5880433420267166,0.15853990471613807,-1.898781555270347,-1.277305128783086,1.287567516883463e-23,0.0007796101949025487,3.239686010222907e-23,dissociated,low pressure
1800,Big business,Sport & Games,Big business + Sport & Games,24276,13116,33,47.574784973517446,-0.5211193091953074,-1.079266946638923,-0.11176665019405904,0.2514068542776401,0.037481259370314844,0.002516010978956999,-1.7575109460513723,0.1758072901282046,-2.1020932347026533,-1.4129286574000912,1.5739555823619892e-23,0.04792685624400914,3.836516732007349e-23,dissociated,low pressure
1800,Small business,Academia,Small business + Academia,24276,13116,311,275.9522885107746,0.17220164867839557,0.029293119327490343,0.3069253317138073,0.07072813404557331,0.015992003998001,0.023711497407746265,-0.5216710990248558,0.06341317805926343,-0.6459609280210121,-0.39738127002869944,1.9269740257544008e-16,0.02114197138718776,3.4159994092918923e-16,associated,low pressure
1800,Small business,Exploration & Invention,Small business + Exploration & Invention,24276,13116,145,85.24130018253038,0.76295695364809,0.5262102618320063,0.9680467902042664,0.10977841046651023,0.0004997501249375312,0.011055199756023178,0.14943921533113125,0.09046626875142018,-0.027874671421652286,0.3267531020839148,0.09855947729246065,0.0007796101949025487,0.1011531477475254,associated,low pressure
1800,Small business,Culture (core),Small business + Culture (core),24276,13116,399,310.7369438674328,0.3601821845678109,0.2353101319109694,0.48016750438735195,0.06126017445561162,0.0004997501249375312,0.030420860018298263,-0.46371157373321487,0.05755396174803086,-0.5765173387593554,-0.3509058087070744,7.819738365969692e-16,0.0007796101949025487,1.3554213167680799e-15,associated,low pressure
1800,Small business,Culture (periphery),Small business + Culture (periphery),24276,13116,145,125.05779916944266,0.21266750705213772,-0.018408267598485434,0.4297364229569191,0.11139540320790195,0.06546726636681659,0.011055199756023178,-0.31087808536623185,0.08901056737321973,-0.48533879741774255,-0.13641737331472117,0.0004783469255940607,0.08236204478405958,0.0005407400028454599,not distinguishable,low pressure
1800,Small business,Sport & Games,Small business + Sport & Games,24276,13116,51,58.20175156519173,-0.1888311193651123,-0.608796351338282,0.1632177965999117,0.19717221094617754,0.3308345827086457,0.003888380603842635,-1.3926170442232684,0.14298964834198397,-1.672876754973557,-1.1123573334729797,2.0499006377317735e-22,0.36345207677851216,4.568349992659381e-22,not distinguishable,low pressure
1800,Academia,Exploration & Invention,Academia + Exploration & Invention,24276,13116,243,157.31152609983997,0.625719192812958,0.4617847916173564,0.7824335591498088,0.07940583206736872,0.0004997501249375312,0.018526989935956084,-0.3530801599405941,0.0719724191673127,-0.494146101508527,-0.2120142183726612,9.30613598250744e-07,0.0007796101949025487,1.1341853228680942e-06,associated,low pressure
1800,Academia,Culture (core),Academia + Culture (core),24276,13116,850,573.4603150199754,0.5673602469025912,0.4910395324718506,0.636373135158266,0.036799918719350934,0.0004997501249375312,0.06480634339737724,-0.757419444089584,0.04070411899139348,-0.8371995173127151,-0.6776393708664528,2.7711278817199202e-77,0.0007796101949025487,2.7018496846769222e-76,associated,low pressure
1800,Academia,Culture (periphery),Academia + Culture (periphery),24276,13116,186,230.7922708347447,-0.31054142531331663,-0.5040342856868395,-0.13519186482879525,0.09564444021348455,0.0009995002498750624,0.014181152790484904,-1.1573624551931663,0.07824312324675775,-1.3107189767568115,-1.004005933629521,1.6528583096606336e-49,0.0014174730816409976,7.583702832560555e-49,dissociated,low pressure
1800,Academia,Sport & Games,Academia + Sport & Games,24276,13116,59,107.41044940420183,-0.8588730000387484,-1.2552440760499266,-0.5489001951248318,0.17954444449772378,0.0004997501249375312,0.004498322659347362,-2.339552676227565,0.13249645025528353,-2.5992457187279205,-2.0798596337272093,8.914001001649353e-70,0.0007796101949025487,6.952920781286495e-69,dissociated,low pressure
1800,Exploration & Invention,Culture (core),Exploration & Invention + Culture (core),24276,13116,89,177.14113957593628,-0.9890061439116862,-1.2880278466012223,-0.7275781461010801,0.14212887709973845,0.0004997501249375312,0.006785605367490089,-1.7629169083088898,0.11009111994866497,-1.9786955034082732,-1.5471383132095065,1.032673465059306e-57,0.0007796101949025487,6.196040790355835e-57,dissociated,low pressure
1800,Exploration & Invention,Culture (periphery),Exploration & Invention + Culture (periphery),24276,13116,56,71.29142992145972,-0.3455607655489756,-0.7566218475301001,-0.02172734004553913,0.19050944342359274,0.06896551724137931,0.004269594388533089,-0.9321881336421326,0.13759155929592487,-1.2018675898621454,-0.6625086774221198,1.2437299694978096e-11,0.08538587848932677,1.7964988448301696e-11,not distinguishable,low pressure
1800,Exploration & Invention,Sport & Games,Exploration & Invention + Sport & Games,24276,13116,43,33.17894701948293,0.36916836806530684,-0.09853481025389163,0.7225493476603883,0.20868782899173316,0.07146426786606697,0.003278438548337908,-1.1565452113421515,0.15567441810643257,-1.4616670708307593,-0.8514233518535437,1.0920963678881909e-13,0.08695652173913043,1.703670333905578e-13,not distinguishable,low pressure
1800,Culture (core),Culture (periphery),Culture (core) + Culture (periphery),24276,13116,774,259.88436368634524,1.5726224230361838,1.4998299371074972,1.6426371691139605,0.03645393818938578,0.0004997501249375312,0.05901189387008234,0.49815277410696646,0.04742639857985075,0.405197032890459,0.591108515323474,8.305721472654771e-26,0.0007796101949025487,2.4917164417964313e-25,associated,low pressure
1800,Culture (core),Sport & Games,Culture (core) + Sport & Games,24276,13116,66,120.94987494907478,-0.8689347587763988,-1.2481932806031593,-0.5712130255854376,0.17028474705136554,0.0004997501249375312,0.005032021957913998,-2.4761509269459796,0.12553632636808879,-2.7222021266274337,-2.2300997272645255,1.3266270927078374e-86,0.0007796101949025487,2.0695382646242266e-85,dissociated,low pressure
1800,Culture (periphery),Sport & Games,Culture (periphery) + Sport & Games,24276,13116,15,48.67694514432621,-1.665713902476043,-2.5374527493636556,-1.0739781870656684,0.3746242125628778,0.0009995002498750624,0.0011436413540713633,-2.6518967387373578,0.2559661497571374,-3.1535903922613473,-2.1502030852133682,3.7561831452484786e-25,0.0014174730816409976,1.0463653047477903e-24,dissociated,low pressure
