cohort,sector_a,sector_b,pair,n_elites_period,n_diversified_period,n_pair,expected_qi,assoc_log2,assoc_ci_low,assoc_ci_high,assoc_boot_se,p_value,share_of_diversified,log_or_uncond,se_uncond,ci_low_uncond,ci_high_uncond,p_value_uncond,q_value,q_value_uncond,direction,phase
1350,Politics,Administration & Law,Politics + Administration & Law,1080,666,13,5.881550287933682,1.0809805576371174,0.22775636645765526,1.630526641696389,0.36313196663050595,0.01249375312343828,0.01951951951951952,-0.01221838571072497,0.31116816565519506,-0.6221079903949073,0.5976712189734573,0.9686781689597557,0.03898050974512743,0.9815023668238253,associated,pre
1350,Politics,Military,Politics + Military,1080,666,9,7.367905163244999,0.27194794542306533,-0.8116343548172559,0.9253798930768311,0.4656404678054193,0.5182408795602199,0.013513513513513514,-0.7009833302984586,0.35199753987637894,-1.3908985084561614,-0.01106815214075585,0.046432114268340194,0.68341635633796,0.13620879897292537,not distinguishable,pre
1350,Politics,Religion,Politics + Religion,1080,666,8,12.157483922501187,-0.5744559053789174,-1.8098113005798842,0.14946442939089127,0.5033334925852229,0.22288855572213892,0.012012012012012012,-1.9933652544515426,0.3591894461549547,-2.697376568915254,-1.2893539399878313,2.8628972746110006e-08,0.37794146405058343,2.7913248427457256e-07,not distinguishable,pre
1350,Politics,Nobility,Politics + Nobility,1080,666,51,49.455571410882484,0.04392684539699123,-0.2483507222724321,0.30961603173530694,0.13984657589684546,0.7326336831584208,0.07657657657657657,-1.0335262843776907,0.1758971404511859,-1.378284679662015,-0.6887678890933664,4.209525185309974e-09,0.8281945983529974,6.56685928908356e-08,not distinguishable,pre
1350,Politics,Kinship,Politics + Kinship,1080,666,19,30.418242023929707,-0.6649841676209716,-1.3402503632569822,-0.19701357216339888,0.29120302964509526,0.029985007496251874,0.028528528528528527,-1.3661033058571848,0.24965776810906462,-1.8554325313509514,-0.8767740803634181,4.452263519555871e-08,0.07087365408204988,3.8586283836150886e-07,not distinguishable,pre
1350,Politics,Big business,Politics + Big business,1080,666,4,1.0164716112021854,1.5692065109059978,-0.01877106725044096,2.3539770857102815,0.6417382473330067,0.026986506746626688,0.006006006006006006,0.6853900704303362,0.5691018919796347,-0.4300496378497478,1.8008297787104202,0.22845961939241866,0.06577961019490255,0.44549625781521635,not distinguishable,pre
1350,Politics,Small business,Politics + Small business,1080,666,9,3.4486993543312714,1.266549985231788,0.2478533734573092,1.924325455423625,0.43801825903465946,0.012993503248375811,0.013513513513513514,0.30408833912246963,0.37765241947642464,-0.4361104030513226,1.044287081296262,0.420700287517109,0.03898050974512743,0.6191438193648019,associated,pre
1350,Politics,Academia,Politics + Academia,1080,666,5,6.527539182636891,-0.3535879738585155,-2.0917018212934906,0.5168094158185011,0.6568462682418906,0.5272363818090955,0.0075075075075075074,-1.4643751524110942,0.44546796032966335,-2.3374923546572344,-0.591257950164954,0.0010116242562680136,0.68341635633796,0.0050751523698293975,not distinguishable,pre
1350,Politics,Exploration & Invention,Politics + Exploration & Invention,1080,666,2,0.8460202478453863,0.8932279826758218,-1.4787206180606134,1.9217953911330488,0.9257367910037906,0.2383808095952024,0.003003003003003003,0.30069032393479644,0.7238825875810208,-1.1181195477240042,1.7195001955935971,0.6778597264150683,0.3873688155922039,0.7841801431732277,not distinguishable,pre
1350,Politics,Culture (core),Politics + Culture (core),1080,666,6,8.410620409948516,-0.4550861660410725,-1.9009273304598437,0.32501737686717713,0.5817740543188843,0.39480259870064965,0.009009009009009009,-1.8506566120332972,0.4083926875217505,-2.651106279575928,-1.0502069444906663,5.854926434570023e-06,0.5812272435210967,4.566842618964618e-05,not distinguishable,pre
1350,Politics,Culture (periphery),Politics + Culture (periphery),1080,666,2,2.048174446506227,-0.02753595213171046,-2.452480763842788,1.143023148027571,0.9577830542403241,0.9700149925037481,0.003003003003003003,-0.8174403800054113,0.6675305526185654,-2.1258002631377995,0.49091950312697685,0.22073587010803009,0.9700149925037481,0.44549625781521635,not distinguishable,pre
1350,Politics,Sport & Games,Politics + Sport & Games,1080,666,0,0.42172194115456,-0.8824034989125447,-1.4275097498024492,-0.2214952777820934,0.30819453924443085,0.009995002498750625,0.0,-1.0486018680934484,1.4697443799693317,-3.9293008528333386,1.832097116646442,0.4755619803626908,0.03898050974512743,0.6491517267432864,dissociated,pre
1350,Administration & Law,Military,Administration & Law + Military,1080,666,6,3.6875258592279097,0.6343416185813079,-0.8231783766832689,1.398847655933649,0.611260820391256,0.22138930534732634,0.009009009009009009,-0.005838945562612855,0.42530328505269277,-0.8394333842658906,0.8277554931406649,0.9890462680797277,0.37794146405058343,0.9890462680797278,not distinguishable,pre
1350,Administration & Law,Religion,Administration & Law + Religion,1080,666,13,6.084638082885698,1.0357833555882936,0.21989384356465558,1.5961890575737285,0.3599665518144047,0.01199400299850075,0.01951951951951952,-0.2503995151338288,0.30971046863613916,-0.8574320336606616,0.3566330033930039,0.41880540492272844,0.03898050974512743,0.6191438193648019,associated,pre
1350,Administration & Law,Nobility,Administration & Law + Nobility,1080,666,18,24.75177060778049,-0.44885927979633444,-1.0609156964677149,0.002404637482827347,0.27380524587432614,0.09695152423788106,0.02702702702702703,-1.044491253812367,0.27464426705534917,-1.5827940172408512,-0.5061884903838826,0.000142914201787962,0.18444436318426152,0.000928942311621753,not distinguishable,pre
1350,Administration & Law,Kinship,Administration & Law + Kinship,1080,666,4,15.223873213657443,-1.8049597294803978,-3.498454718055483,-0.8762000252258098,0.7295676316447863,0.017491254372813594,0.006006006006006006,-1.839916666580176,0.4910181139535598,-2.802312169929153,-0.8775211632311988,0.00017885783998885802,0.04704544279584346,0.0010731470399331481,dissociated,pre
1350,Administration & Law,Big business,Administration & Law + Big business,1080,666,0,0.5087287727558496,-1.012538314383265,-1.4491675796782475,-0.5714195075825046,0.22369724273695663,0.0004997501249375312,0.0,-0.7922095382816023,1.4433361088891776,-3.62114831170439,2.036729235141186,0.5830919816787337,0.0024362818590704647,0.6997103780144804,dissociated,pre
1350,Administration & Law,Small business,Administration & Law + Small business,1080,666,1,1.7260222231468325,-0.569505494952287,-2.41985513499597,0.8031310140394101,1.0044941676489454,0.5712143928035982,0.0015015015015015015,-0.7339898895212738,0.8401289045522995,-2.3806425424437805,0.9126627634012332,0.38230157905578543,0.6961675412293853,0.6105089309494715,not distinguishable,pre
1350,Administration & Law,Academia,Administration & Law + Academia,1080,666,6,3.2669353092617373,0.7870484604885614,-0.651505984823183,1.581648248441549,0.5736987159777956,0.1454272863568216,0.009009009009009009,-0.14888755770819237,0.42366125111154784,-0.9792636098868261,0.6814884944704414,0.725265275905125,0.2637983333914438,0.8106415532963932,not distinguishable,pre
1350,Administration & Law,Exploration & Invention,Administration & Law + Exploration & Invention,1080,666,1,0.42342042578439876,0.6999029508842863,-1.1336520238005345,2.0227797059188335,0.9936650977068212,0.5432283858070964,0.0015015015015015015,0.7476233237690048,0.8867672499852345,-0.9904404862020547,2.4856871337400643,0.399178916390039,0.68341635633796,0.6105089309494715,not distinguishable,pre
1350,Administration & Law,Culture (core),Administration & Law + Culture (core),1080,666,3,4.209389177340569,-0.42818502780840234,-3.0923665894997567,0.6063436601249979,0.842281661490803,0.5577211394302849,0.0045045045045045045,-1.3912629214760523,0.5539048119792875,-2.476916352955456,-0.30560948999664883,0.01201387635310074,0.690511886913686,0.04462296931151703,not distinguishable,pre
1350,Administration & Law,Culture (periphery),Administration & Law + Culture (periphery),1080,666,1,1.0250805443830031,-0.023922937307418988,-1.8494857716305821,1.3596128500722477,1.0075938874483683,0.9640179910044977,0.0015015015015015015,-0.2954365128849305,0.8478480191406053,-1.9572186304005168,1.3663456046306557,0.7274988298813785,0.9700149925037481,0.8106415532963932,not distinguishable,pre
1350,Administration & Law,Sport & Games,Administration & Law + Sport & Games,1080,666,1,0.21106549676683456,1.0769081419400368,-0.6873308967655908,2.2962238637705004,0.9685224054442853,0.4172913543228386,0.0015015015015015015,1.2981730445080135,0.9289279668126424,-0.5225257704447657,3.1188718594607927,0.16226449242296515,0.5812272435210967,0.3515730669164245,not distinguishable,pre
1350,Military,Religion,Military + Religion,1080,666,6,7.622316252118762,-0.32145148327540224,-1.7214179094110813,0.5203234323476214,0.5797097572063401,0.5407296351824088,0.009009009009009009,-1.368749271320288,0.4137042361192864,-2.1796095741140893,-0.5578889685264866,0.0009379005484934961,0.68341635633796,0.0050751523698293975,not distinguishable,pre
1350,Military,Nobility,Military + Nobility,1080,666,45,31.00690966370906,0.5301982898922458,0.21837684358788997,0.7694238348040281,0.1383181586246987,0.0014992503748125937,0.06756756756756757,0.12318823524892136,0.21703257555933386,-0.302195612847373,0.5485720833452157,0.5703049005162575,0.006878913484434253,0.6971421657148791,associated,pre
1350,Military,Kinship,Military + Kinship,1080,666,11,19.071171470830187,-0.7670962527191779,-1.670655906383479,-0.13694194755702319,0.3909582859149605,0.04997501249375312,0.016516516516516516,-1.021705096707796,0.32283832516890865,-1.654468214038857,-0.38894197937673514,0.0015521211142435426,0.10827919373646509,0.007121496877117431,not distinguishable,pre
1350,Military,Big business,Military + Big business,1080,666,0,0.6372920689242231,-1.1856028015285034,-1.6472788978689614,-0.6794574487036948,0.24994651724426242,0.0004997501249375312,0.0,-1.012579955557238,1.442498698549657,-3.839877404714566,1.81471749360009,0.4827025660398796,0.0024362818590704647,0.6491517267432864,dissociated,pre
1350,Military,Small business,Military + Small business,1080,666,2,2.162213604785309,-0.09069823676858527,-2.5103763650330766,1.098333002881193,0.9633825084053279,0.9025487256371814,0.003003003003003003,-0.40942426048646097,0.6613768708840806,-1.705722927419259,0.8868744064463369,0.5358845077093719,0.9513351432391912,0.6966498600221835,not distinguishable,pre
1350,Military,Academia,Military + Academia,1080,666,2,4.092538251773315,-0.8773636428703495,-3.296154420833908,0.30403608582222125,0.9805215888134969,0.2688655672163918,0.003003003003003003,-1.4316407918959257,0.6495643562440646,-2.7047869301342926,-0.1584946536575591,0.02752424115301417,0.42799008658935844,0.09334307869283066,not distinguishable,pre
1350,Military,Exploration & Invention,Military + Exploration & Invention,1080,666,2,0.5304250390854508,1.2786885387469762,-1.048879192464674,2.292801047149469,0.8936787517572654,0.12843578210894552,0.003003003003003003,1.1589373633084048,0.7278163713415466,-0.2675827245210265,2.5854574511378363,0.11130640368610294,0.23852359534518452,0.2800612737908396,not distinguishable,pre
1350,Military,Culture (core),Military + Culture (core),1080,666,0,5.273164171946785,-3.5293622519671746,-3.876981030391168,-3.117197034762744,0.193947922052157,0.0004997501249375312,0.0,-3.6230026518592964,1.4205747506864752,-6.407329163204787,-0.838676140513805,0.01076061651773995,0.0024362818590704647,0.04281026505163677,dissociated,pre
1350,Military,Culture (periphery),Military + Culture (periphery),1080,666,0,1.2841335814464236,-1.8352236366010297,-2.2641024935571146,-1.3340479125932931,0.23984311550930432,0.0004997501249375312,0.0,-1.666047264722016,1.431158442932197,-4.471117812869122,1.1390232834250902,0.2443733749352801,0.0024362818590704647,0.45541683663225097,dissociated,pre
1350,Military,Sport & Games,Military + Sport & Games,1080,666,0,0.2644048741029426,-0.612408882566842,-1.0573014132411571,-0.14201927470218925,0.2327758849718998,0.014492753623188406,0.0,-0.20205765823649996,1.4716231774342912,-3.0864390860077107,2.682323769534711,0.8907916316434371,0.040372670807453416,0.9389425306511906,dissociated,pre
1350,Religion,Nobility,Religion + Nobility,1080,666,22,51.163254326819384,-1.1992135218682067,-1.811615647520689,-0.7488498401337722,0.27125653514898534,0.001999000499750125,0.03303303303303303,-2.4747581486732027,0.23236550129528188,-2.930194531211955,-2.0193217661344502,1.7383737759957358e-26,0.008662335498917208,1.355931545276674e-24,dissociated,pre
1350,Religion,Kinship,Religion + Kinship,1080,666,15,31.468572871500673,-1.0443861258299132,-1.8329829129876063,-0.4972318345040856,0.34720608386885554,0.010994502748625687,0.02252252252252252,-1.8964625563049915,0.27297559119357623,-2.431494715044401,-1.3614303975655822,3.721575389090635e-12,0.03898050974512743,7.257072008726738e-11,dissociated,pre
1350,Religion,Big business,Religion + Big business,1080,666,1,1.051570006700713,-0.04876629188598236,-1.941885143380715,1.2361484213376615,0.9768416300715705,0.9480259870064968,0.0015015015015015015,-0.908248919346044,0.8638718613296013,-2.6014377675520626,0.7849399288599744,0.2930887096972927,0.9700149925037481,0.5195663490088371,not distinguishable,pre
1350,Religion,Small business,Religion + Small business,1080,666,2,3.567781690286209,-0.7023141598260451,-3.1608575744480945,0.5455386052096052,0.9891965659403058,0.4122938530734633,0.003003003003003003,-1.49826162835779,0.6564354960417361,-2.784875200599593,-0.21164805611598725,0.02246454456903864,0.5812272435210967,0.07964702165386427,not distinguishable,pre
1350,Religion,Academia,Religion + Academia,1080,666,30,6.752932739465655,2.0721728675179305,1.653949546824022,2.4227644061002294,0.1930815860085264,0.0004997501249375312,0.04504504504504504,0.454646159457708,0.2290457898442324,0.005716411363012486,0.9035759075524035,0.047149199644474164,0.0024362818590704647,0.13620879897292537,associated,pre
1350,Religion,Exploration & Invention,Religion + Exploration & Invention,1080,666,1,0.8752330196841596,0.12528641091275097,-1.7926925478846063,1.3925392994679282,0.981082633405934,0.8850574712643678,0.0015015015015015015,-0.5520806000863637,0.8817357809177139,-2.280282730685083,1.1761215305123556,0.5312301407573273,0.9456778460085027,0.6966498600221835,not distinguishable,pre
1350,Religion,Culture (core),Religion + Culture (core),1080,666,31,8.70103607752159,1.7754835993148512,1.3600910517302258,2.1401286870837963,0.1958675930864308,0.0004997501249375312,0.046546546546546545,-0.18821534386487,0.2133382685895847,-0.606358350300456,0.22992766257071606,0.3776475679305078,0.0024362818590704647,0.6105089309494715,associated,pre
1350,Religion,Culture (periphery),Religion + Culture (periphery),1080,666,3,2.1188971661387326,0.4183955102554507,-2.1720351851056634,1.4264942695287457,0.8143951312405256,0.5412293853073463,0.0045045045045045045,-0.66145709602939,0.5762971168572131,-1.7909994450695275,0.46808525301074755,0.25106312788701013,0.68341635633796,0.45541683663225097,not distinguishable,pre
1350,Religion,Sport & Games,Religion + Sport & Games,1080,666,0,0.4362838465908992,-0.9050178729443463,-1.469212831156685,-0.22994294949765828,0.3150125310090177,0.010494752623688156,0.0,-1.2719693290018026,1.4694731520953506,-4.15213670710869,1.6081980491050847,0.38671203124639697,0.03898050974512743,0.6105089309494715,dissociated,pre
1350,Nobility,Kinship,Nobility + Kinship,1080,666,211,128.011376594515,0.7187615822919773,0.6088828042267628,0.8397482500597981,0.05951701767668274,0.0004997501249375312,0.31681681681681684,1.5534713532542286,0.15141798874460638,1.2566920953148002,1.850250611193657,1.0727169081897675e-24,0.0024362818590704647,4.1835959419400933e-23,associated,pre
1350,Nobility,Big business,Nobility + Big business,1080,666,2,4.277693961303629,-0.9343863489759006,-3.347773218732212,0.18239142025979876,0.9156312092095765,0.2368815592203898,0.003003003003003003,-1.4705082266171974,0.6955335700521227,-2.833754023919358,-0.10726242931503704,0.03449681994074185,0.3873688155922039,0.11211466480741102,not distinguishable,pre
1350,Nobility,Small business,Nobility + Small business,1080,666,14,14.513420974863019,-0.050199848279458836,-0.7618379290957691,0.4415613977697896,0.31122509143927474,0.856071964017991,0.021021021021021023,-0.5032861774971331,0.33044412101163123,-1.1509566546799304,0.14438429968566413,0.1277437294390109,0.9274112943528235,0.30193972412857123,not distinguishable,pre
1350,Nobility,Academia,Nobility + Academia,1080,666,2,27.470334277918713,-3.4838974957952917,-5.910257846282829,-2.333233680024183,0.9878254166051672,0.0004997501249375312,0.003003003003003003,-3.746328321779188,0.6433128023788,-5.007221414441636,-2.4854352291167396,5.7629843089663715e-09,0.0024362818590704647,7.491879601656283e-08,dissociated,pre
1350,Nobility,Exploration & Invention,Nobility + Exploration & Invention,1080,666,2,3.560370664035155,-0.6996833396058936,-2.982034940664567,0.4083766700780476,0.8792929947461146,0.3523238380809595,0.003003003003003003,-1.0778588178185327,0.7220815754142045,-2.4931387056303733,0.337421069993308,0.13551295887617243,0.5388482229473498,0.3108826703629838,not distinguishable,pre
1350,Nobility,Culture (core),Nobility + Culture (core),1080,666,9,35.395046690878466,-1.9177853556440752,-3.0881740633711408,-1.2456524641731135,0.45960597215411014,0.0029985007496251873,0.013513513513513514,-2.9482531736163287,0.3405957155139629,-3.615820776023696,-2.2806855712089615,4.878964116709285e-18,0.012309634656356032,1.268530670344414e-16,dissociated,pre
1350,Nobility,Culture (periphery),Nobility + Culture (periphery),1080,666,1,8.619486629000754,-2.603990111098572,-4.5168459968173424,-1.245888556668278,0.9997986092659549,0.0004997501249375312,0.0015015015015015015,-2.75960801076706,0.8415518469872777,-4.409049630862125,-1.1101663906719959,0.001041056896375261,0.0024362818590704647,0.0050751523698293975,dissociated,pre
1350,Nobility,Sport & Games,Nobility + Sport & Games,1080,666,3,1.774764175550865,0.6216379329652149,-1.2617848960121971,1.248826579347585,0.6077450986088471,0.2028985507246377,0.0045045045045045045,0.15659830900976382,0.7584011869974036,-1.3298680175051472,1.6430646355246747,0.8364122454211139,0.3596837944664032,0.8937007553814642,not distinguishable,pre
1350,Kinship,Big business,Kinship + Big business,1080,666,2,2.6310469479401073,-0.32471704599183165,-2.6717047430408742,0.7740956987495385,0.8864939555870157,0.6806596701649176,0.003003003003003003,-0.6120080841736744,0.6962478973085032,-1.9766539628983406,0.7526377945509919,0.37939646126714277,0.7924097652666204,0.6105089309494715,not distinguishable,pre
1350,Kinship,Small business,Kinship + Small business,1080,666,3,8.926653544061912,-1.4293907839182216,-4.119578362845358,-0.4255068425911141,0.8463698948387539,0.062468765617191405,0.0045045045045045045,-1.4309047908866146,0.5625885291203009,-2.5335783079624044,-0.32823127381082484,0.010976991038881223,0.12493753123438281,0.04281026505163677,not distinguishable,pre
1350,Kinship,Academia,Kinship + Academia,1080,666,2,16.895958386603816,-2.798752162804472,-5.217155716559827,-1.6519642672872585,0.980334519861912,0.0004997501249375312,0.003003003003003003,-2.8388282297083562,0.6439601577380107,-4.100990138874858,-1.5766663205418552,1.0414136043910812e-05,0.0024362818590704647,7.384569194773122e-05,dissociated,pre
1350,Kinship,Exploration & Invention,Kinship + Exploration & Invention,1080,666,0,2.1898486553466388,-2.4275250016579832,-3.0352756352922565,-1.5413918278380483,0.38607155724114883,0.0004997501249375312,0.0,-2.0514625848749417,1.449127985100913,-4.891753435672731,0.7888282659228474,0.15687708403618233,0.0024362818590704647,0.3496117872806349,dissociated,pre
1350,Kinship,Culture (core),Kinship + Culture (core),1080,666,12,21.770147750320405,-0.8331830347671882,-1.7704654013144496,-0.2307706004337928,0.390079608774158,0.041979010494752625,0.018018018018018018,-1.6827321081834528,0.3027287944084096,-2.2760805452239357,-1.0893836711429699,2.7203034707366935e-08,0.09355322338830585,2.7913248427457256e-07,not distinguishable,pre
1350,Kinship,Culture (periphery),Kinship + Culture (periphery),1080,666,3,5.301518573603564,-0.7290756595362491,-3.3710712089679356,0.3066778908692283,0.843476403377937,0.3053473263368316,0.0045045045045045045,-0.9605102057487553,0.5756074575934104,-2.0887008226318393,0.16768041113432886,0.09517890179393512,0.47634182908545725,0.25486713656116405,not distinguishable,pre
1350,Kinship,Sport & Games,Kinship + Sport & Games,1080,666,1,1.091589980404656,-0.08550622120020238,-2.0515884439646563,1.124368935554979,0.9261805270277033,0.928535732133933,0.0015015015015015015,-0.2963853475800825,0.9237004432216239,-2.106838216294465,1.5140675211343004,0.7483108895848622,0.9656771614192904,0.8220880195439332,not distinguishable,pre
1350,Big business,Small business,Big business + Small business,1080,666,0,0.29829764334961023,-0.6749986572275622,-1.0325306636118716,-0.34817268237128135,0.17598106739466934,0.0004997501249375312,0.0,-0.16005367971069134,1.4470787942833259,-2.99632811650601,2.6762207570846273,0.9119298401388409,0.0024362818590704647,0.9484070337443946,dissociated,pre
1350,Big business,Academia,Big business + Academia,1080,666,1,0.56460403038826,0.49464556756590755,-1.336031201787839,1.8398486374459797,0.9795370731958246,0.5997001499250375,0.0015015015015015015,0.03377629781277787,0.8668566543603307,-1.6652627447334702,1.7328153403590258,0.9689190031465968,0.7146426786606697,0.9815023668238253,not distinguishable,pre
1350,Big business,Exploration & Invention,Big business + Exploration & Invention,1080,666,0,0.07317710830356436,-0.19705289713347152,-0.38308371231283056,-0.06924287195368085,0.080903563004013,0.019490254872563718,0.0,1.2440457499061597,1.4714449136861494,-1.6399862809186931,4.1280777807310125,0.3978548407797864,0.05067466266866567,0.6105089309494715,not distinguishable,pre
1350,Big business,Culture (core),Big business + Culture (core),1080,666,1,0.7274824476203908,0.28926010584478723,-1.5842006782663525,1.6043674438979905,0.9897529277108299,0.7171414292853573,0.0015015015015015015,-0.502135729509965,0.8648076659892602,-2.197158754848915,1.1928872958289851,0.5614879355095537,0.8226034041802628,0.6971421657148791,not distinguishable,pre
1350,Big business,Culture (periphery),Big business + Culture (periphery),1080,666,1,0.1771582697675224,1.1473975264719276,-0.5863141994958876,2.417672428327045,0.9927966759195288,0.4127936031984008,0.0015015015015015015,1.4730873355052934,0.8828576704106493,-0.2573136984995792,3.2034883695101657,0.0952076801434133,0.5812272435210967,0.25486713656116405,not distinguishable,pre
1350,Big business,Sport & Games,Big business + Sport & Games,1080,666,0,0.03647713188951536,-0.10158858045093028,-0.221919518529295,-0.020436110664525005,0.053366176334646256,0.05747126436781609,0.0,1.7273977671166718,1.491225879109377,-1.1954049559377071,4.65020049017105,0.24671131321869888,0.11796733212341197,0.45541683663225097,not distinguishable,pre
1350,Small business,Academia,Small business + Academia,1080,666,5,1.9155965927567062,1.1870520754906284,-0.49248648796259903,2.017095836482571,0.6451413437217491,0.05647176411794103,0.0075075075075075074,0.35368983622651734,0.4693921149418626,-0.5663187090595334,1.273698381512568,0.45114582875715104,0.11796733212341197,0.6398068116919596,not distinguishable,pre
1350,Small business,Exploration & Invention,Small business + Exploration & Invention,1080,666,1,0.24827633489916923,1.0033194466631474,-0.7650187716154375,2.2808193387705016,0.9917267338323625,0.440279860069965,0.0015015015015015015,1.3906707357196895,0.8930798314278642,-0.3597657338789242,3.141107205318303,0.11943182609414636,0.6024882295694258,0.2911150761044818,not distinguishable,pre
1350,Small business,Culture (core),Small business + Culture (core),1080,666,2,2.4682128056960937,-0.24766643464430083,-2.6764315677416404,0.889541327182931,0.9546160535823675,0.7571214392803598,0.003003003003003003,-1.0881253585124413,0.657675974554661,-2.377170268639577,0.20091955161469421,0.09802582175429388,0.8436496037695438,0.25486713656116405,not distinguishable,pre
1350,Small business,Culture (periphery),Small business + Culture (periphery),1080,666,1,0.6010650999284752,0.4460627306676923,-1.385145953321288,1.7590358504267796,0.9796649678961324,0.6046976511744128,0.0015015015015015015,0.34818336689554913,0.8544475136427979,-1.3265337598443347,2.022900493635433,0.6836442273817882,0.7146426786606697,0.7841801431732277,not distinguishable,pre
1350,Small business,Sport & Games,Small business + Sport & Games,1080,666,0,0.12376013241180996,-0.31906325101190175,-0.6016270019529788,-0.06964114981748891,0.13702899552611555,0.02348825587206397,0.0,0.6500635944236336,1.4761131817247513,-2.243118241756879,3.5432454306041463,0.659655593383873,0.059099482516806114,0.7795929739991226,not distinguishable,pre
1350,Academia,Exploration & Invention,Academia + Exploration & Invention,1080,666,0,0.46992600330336975,-0.9559465918563399,-1.3916169454910128,-0.4848066389963405,0.2326735119137253,0.0004997501249375312,0.0,-0.8200282104799032,1.4511520025059401,-3.6642861353915457,2.0242297144317396,0.5720140846891315,0.0024362818590704647,0.6971421657148791,dissociated,pre
1350,Academia,Culture (core),Academia + Culture (core),1080,666,20,4.671719435338109,1.986907993241278,1.4252266841554908,2.4155235841383744,0.2516344614529332,0.0004997501249375312,0.03003003003003003,0.3186758523774618,0.26200160270002903,-0.19484728891459507,0.8321989936695187,0.22386586090098426,0.0024362818590704647,0.44549625781521635,associated,pre
1350,Academia,Culture (periphery),Academia + Culture (periphery),1080,666,1,1.1376683172370856,-0.1266806917084291,-1.9916504816144414,1.2883280710112732,1.0124520047519951,0.8465767116441779,0.0015015015015015015,-0.654263075660952,0.8456455695655384,-2.311728392009407,1.0032022406875032,0.4391172442074658,0.9274112943528235,0.6342804638552283,not distinguishable,pre
1350,Academia,Sport & Games,Academia + Sport & Games,1080,666,0,0.2342474743563338,-0.5543383031297591,-0.9809691750612312,-0.130182530683988,0.2145467681645045,0.013493253373313344,0.0,-0.33632502625733746,1.4712056037615255,-3.2198880096299276,2.5472379571152524,0.8191759014692774,0.03898050974512744,0.8874405599250506,dissociated,pre
1350,Exploration & Invention,Culture (core),Exploration & Invention + Culture (core),1080,666,0,0.6054914607118819,-1.1446878812046122,-1.6383615791362525,-0.6128283684459579,0.2623352405795204,0.0004997501249375312,0.0,-1.3521354423085719,1.449948166121547,-4.194033847906804,1.48976296328966,0.35105724709850594,0.0024362818590704647,0.608499228304077,dissociated,pre
1350,Exploration & Invention,Culture (periphery),Exploration & Invention + Culture (periphery),1080,666,1,0.14745073216488164,1.212120180671402,-0.5003736429567207,2.4715422767093287,0.9905477055176707,0.41179410294852575,0.0015015015015015015,1.8283221575061133,0.90034608318202,0.06364383446935395,3.5930004805428726,0.04228663518876488,0.5812272435210967,0.1319343017889464,not distinguishable,pre
1350,Exploration & Invention,Sport & Games,Exploration & Invention + Sport & Games,1080,666,0,0.030360308956742937,-0.08504471635893897,-0.19712449640486718,-0.01562790626519536,0.04711447407311046,0.07196401799100449,0.0,2.05393586970852,1.5000078857316386,-0.8860795863254918,4.993951325742532,0.17091071073702735,0.14032983508245875,0.36029825506724683,not distinguishable,pre
1350,Culture (core),Culture (periphery),Culture (core) + Culture (periphery),1080,666,10,1.4658657881607207,2.417152592129953,1.6073176293066482,2.9374236282112096,0.34378053167846667,0.0004997501249375312,0.015015015015015015,1.2357314866162354,0.39985614271499387,0.45201344689484746,2.0194495263376235,0.0019986006410319646,0.0024362818590704647,0.00866060277780518,associated,pre
1350,Culture (core),Sport & Games,Culture (core) + Sport & Games,1080,666,0,0.30182378591320774,-0.6813571204437227,-1.1818423690322901,-0.16594277422298273,0.25382827554925536,0.01249375312343828,0.0,-0.8681497790458094,1.470017984691756,-3.749385029041651,2.013085470950032,0.5548079972706167,0.03898050974512743,0.6971421657148791,dissociated,pre
1350,Culture (periphery),Sport & Games,Culture (periphery) + Sport & Games,1080,666,0,0.07350085196140511,-0.19786753454394065,-0.403217962628343,-0.03817611844476326,0.09277678054826718,0.037481259370314844,0.0,1.0750262896622305,1.480258235629087,-1.8262798521707801,3.976332431495241,0.46769018502282766,0.08598641855542817,0.6491517267432864,not distinguishable,pre
1375,Politics,Administration & Law,Politics + Administration & Law,1100,653,17,6.2115124235431844,1.3826451059477403,0.7104291148576318,1.8473313631295616,0.28885109210754767,0.0004997501249375312,0.026033690658499236,0.3851782544751377,0.2816130867425944,-0.16678339554034732,0.9371399044906228,0.1713881694796776,0.0016241879060469764,0.290676244559573,associated,pre
1375,Politics,Military,Politics + Military,1100,653,17,8.348213086782259,0.9838968873011092,0.32123112388609115,1.4982364388617773,0.29706042497781715,0.004497751124437781,0.026033690658499236,-0.015656825582616996,0.27389134656023983,-0.5524838648406871,0.521170213675453,0.9544142623613635,0.012529449560933817,0.9544142623613635,associated,pre
1375,Politics,Religion,Politics + Religion,1100,653,6,10.951868483852108,-0.817071384017353,-2.224962764204292,-0.00415160017937938,0.5931892649345419,0.1329335332333833,0.009188361408882083,-2.2158151793763663,0.40687634860717425,-3.0132928226464277,-1.4183375361063049,5.1538913731438445e-08,0.18515742128935533,5.742907530074569e-07,not distinguishable,pre
1375,Politics,Nobility,Politics + Nobility,1100,653,52,42.8439759563984,0.2764859244121498,-0.008711593833541049,0.5194630301663214,0.13767275052280084,0.04397801099450275,0.07963246554364471,-0.5197473655673536,0.1798304585535379,-0.8722150643322879,-0.1672796668024193,0.003849874426718815,0.07796101949025487,0.013649554785639435,not distinguishable,pre
1375,Politics,Kinship,Politics + Kinship,1100,653,10,24.54835248284995,-1.2543263875854622,-2.2451830888430835,-0.5733659135943115,0.42244767551675655,0.012993503248375811,0.015313935681470138,-1.661801458167101,0.3274556831255022,-2.3036145970930852,-1.0199883192411168,3.8772093736423596e-07,0.03167166416791604,3.360248123823378e-06,dissociated,pre
1375,Politics,Big business,Politics + Big business,1100,653,5,1.3530260637275122,1.5695484449105523,0.04364041614701184,2.307319230702777,0.5689235705015574,0.01999000499750125,0.007656967840735069,0.4913209380065691,0.4904060694902451,-0.4698749581943113,1.4525168342074495,0.316408541415789,0.04454915399443136,0.461930265442001,associated,pre
1375,Politics,Small business,Politics + Small business,1100,653,3,2.901294245446502,0.04127110328501931,-2.6315650191620334,1.0662496690372436,0.8315290265091905,0.9555222388805598,0.004594180704441042,-0.6187831920197765,0.566084214515665,-1.7283082524704798,0.49074186843092693,0.2743525815560246,0.9555222388805598,0.4115288723340369,not distinguishable,pre
1375,Politics,Academia,Politics + Academia,1100,653,2,6.738073702192765,-1.53367770324125,-3.945324947893865,-0.3823560860142128,0.9778136263060497,0.14292853573213393,0.0030627871362940277,-2.123677329302924,0.6455217811701767,-3.38890002039647,-0.8584546382093776,0.0010023666671099085,0.18895636927299064,0.004886537502160804,not distinguishable,pre
1375,Politics,Exploration & Invention,Politics + Exploration & Invention,1100,653,1,0.9520122905669904,0.046908835634736225,-1.8304778091760443,1.3551254961845278,0.9720200387198904,0.9355322338830585,0.0015313935681470138,-0.5311907434488619,0.8618984088017095,-2.2205116247002126,1.1581301378024889,0.5376944303059805,0.9476820031542671,0.6694207457693446,not distinguishable,pre
1375,Politics,Culture (core),Politics + Culture (core),1100,653,3,9.079274056015812,-1.4525614066106156,-4.235909303640143,-0.38056069739399656,0.9060012213239667,0.07146426786606697,0.004594180704441042,-2.3565675084990563,0.546767131800315,-3.4282310868276737,-1.2849039301704388,1.6325296576872724e-05,0.10929829203045537,0.0001061144277496727,not distinguishable,pre
1375,Politics,Culture (periphery),Politics + Culture (periphery),1100,653,0,1.7566674191697513,-2.174193814156939,-2.619822567219512,-1.618254225952949,0.25947582859939394,0.0004997501249375312,0.0,-2.2901522764021163,1.4295377371560942,-5.092046241228061,0.5117416884238284,0.10915053249368153,0.0016241879060469764,0.22329387015370328,dissociated,pre
1375,Politics,Sport & Games,Politics + Sport & Games,1100,653,0,0.3157297914955526,-0.7061632472271665,-1.201914123482884,-0.17183554214949814,0.2807814187327148,0.028985507246376812,0.0,-0.8249661577572016,1.4700462234578358,-3.70625675573456,2.0563244402201564,0.5746722306699292,0.05949656750572082,0.7003817811289762,not distinguishable,pre
1375,Administration & Law,Military,Administration & Law + Military,1100,653,3,5.230611741552276,-0.7113342325259271,-3.3844408222481985,0.32083209020326875,0.8383411955772347,0.2983508245877061,0.004594180704441042,-1.1325323896059947,0.554364122173736,-2.2190860690665173,-0.04597871014547206,0.04105842267946496,0.37534458577163027,0.11043299893097472,not distinguishable,pre
1375,Administration & Law,Religion,Administration & Law + Religion,1100,653,15,6.861944141587924,1.0741095070055444,0.3532319178604874,1.5904743825317178,0.32377039542765934,0.004497751124437781,0.022970903522205207,-0.41766016837437314,0.28920531301833197,-0.9845025818903038,0.14918224514155753,0.1486925894464009,0.012529449560933817,0.2697214413213784,associated,pre
1375,Administration & Law,Nobility,Administration & Law + Nobility,1100,653,12,26.84409242585568,-1.1293010837057658,-1.9885025608438383,-0.5307024293480435,0.3801902725954092,0.008995502248875561,0.018376722817764167,-1.5905583978122773,0.3118213642983544,-2.2017282718370517,-0.9793885237875026,3.3810630543920733e-07,0.02338830584707646,3.2965364780322716e-06,dissociated,pre
1375,Administration & Law,Kinship,Administration & Law + Kinship,1100,653,5,15.38088443571948,-1.529787737313759,-3.227780339594213,-0.6632553689743849,0.625933611882543,0.034482758620689655,0.007656967840735069,-1.6094379124341003,0.4463172543234059,-2.484219730907976,-0.7346560939602247,0.000310905124203475,0.0656013456686291,0.0017548921807729913,not distinguishable,pre
1375,Administration & Law,Big business,Administration & Law + Big business,1100,653,2,0.8477447738803715,0.8913807796136505,-1.498901361818786,1.9665236099678278,0.9583447294513516,0.24887556221889057,0.0030627871362940277,0.25347799468091675,0.6761278900818859,-1.0717326698795797,1.578688659241413,0.7077374255021623,0.32353823088455774,0.811816458664245,not distinguishable,pre
1375,Administration & Law,Small business,Administration & Law + Small business,1100,653,3,1.8178194049643979,0.594586760248273,-2.020677523633002,1.557321174126761,0.8234445161195879,0.37681159420289856,0.004594180704441042,0.1036974654033148,0.5709368471360898,-1.0153387549834214,1.2227336857900508,0.8558755701333505,0.4665286404416839,0.9214196138829965,not distinguishable,pre
1375,Administration & Law,Academia,Administration & Law + Academia,1100,653,12,4.221771420513496,1.4045279869361535,0.5214555190226438,1.973289098201618,0.3713231783714945,0.004497751124437781,0.018376722817764167,0.4423056773292346,0.32340771611555474,-0.19157344625725264,1.0761848009157218,0.1714244519197482,0.012529449560933817,0.290676244559573,associated,pre
1375,Administration & Law,Exploration & Invention,Administration & Law + Exploration & Invention,1100,653,0,0.5964877289759167,-1.132889666599147,-1.5614756450568197,-0.6641055117142374,0.2378791963267685,0.0004997501249375312,0.0,-0.999371844992845,1.4411614075856354,-3.8240482038606904,1.8253045138750004,0.4880278608902576,0.0016241879060469764,0.634436219157335,dissociated,pre
1375,Administration & Law,Culture (core),Administration & Law + Culture (core),1100,653,5,5.6886613923833025,-0.17019576957205998,-1.8095683040506616,0.6961283750066853,0.6331014425844826,0.7591204397801099,0.007656967840735069,-1.1302308476404537,0.4482107213080046,-2.0087238614041425,-0.2517378338767646,0.011680565424656479,0.8111149904499805,0.03714136961958539,not distinguishable,pre
1375,Administration & Law,Culture (periphery),Administration & Law + Culture (periphery),1100,653,1,1.1006481426857344,-0.0936937062013609,-1.9518910030731944,1.2914056141045416,1.0133296570893289,0.8850574712643678,0.0015313935681470138,-0.4366475420465688,0.8467442752051749,-2.0962663214487116,1.2229712373555741,0.6060792007297574,0.9083484573502724,0.7272950408757088,not distinguishable,pre
1375,Administration & Law,Sport & Games,Administration & Law + Sport & Games,1100,653,0,0.19782196949060257,-0.48093092364837553,-0.88983955440218,-0.10582564879825779,0.20703217347132888,0.03648175912043978,0.0,-0.12136085700426748,1.4718244736061399,-3.0061368252723017,2.7634151112637664,0.9342840529911567,0.06775183836653101,0.9471421747917534,not distinguishable,pre
1375,Military,Religion,Military + Religion,1100,653,3,9.222387073790403,-1.4739556506948368,-4.203901736124993,-0.4911134124509547,0.8565067550815894,0.05697151424287856,0.004594180704441042,-2.4763930026733147,0.5473528560356357,-3.5492046005031606,-1.403581404843469,6.059337984102686e-06,0.09454847044562824,4.29662147963645e-05,not distinguishable,pre
1375,Military,Nobility,Military + Nobility,1100,653,55,36.07820260375317,0.6015035864351929,0.35247582888744006,0.829766606883952,0.12088094533998958,0.0004997501249375312,0.08422664624808576,0.1937985779714837,0.19479723932533666,-0.18800401110617615,0.5756011670491435,0.31979787607523147,0.0016241879060469764,0.461930265442001,associated,pre
1375,Military,Kinship,Military + Kinship,1100,653,14,20.67176107478749,-0.546088377994839,-1.3711336309299134,0.02968731016614662,0.35844312538584766,0.11744127936031984,0.021439509954058193,-0.8696326289218291,0.28979125404804434,-1.437623486855996,-0.3016417709876622,0.0026918888384897593,0.169637403520462,0.009998444257247677,not distinguishable,pre
1375,Military,Big business,Military + Big business,1100,653,0,1.1393608404831006,-1.7131334416725503,-2.169559092793757,-1.1603751646775389,0.2619211927763793,0.0004997501249375312,0.0,-1.8013636962001134,1.4318863229718892,-4.607860889225016,1.0051334968247896,0.20837895074400503,0.0016241879060469764,0.3317052685312733,dissociated,pre
1375,Military,Small business,Military + Small business,1100,653,1,2.4431318350763367,-0.9723896672965022,-2.838754444460758,0.40395546545136984,1.003736920705058,0.4472763618190905,0.0015313935681470138,-1.1609757798282236,0.8379797683643103,-2.803416125822272,0.48146456616582456,0.1659161110854085,0.5207097943565531,0.290676244559573,not distinguishable,pre
1375,Military,Academia,Military + Academia,1100,653,3,5.674020273798308,-0.8188552983201591,-3.5335552687329694,0.21197014412097162,0.8568657947870184,0.2768615692153923,0.004594180704441042,-1.3887158422546708,0.552180103812002,-2.470988845726195,-0.3064428387831468,0.011904285134482499,0.3540197114557475,0.03714136961958539,not distinguishable,pre
1375,Military,Exploration & Invention,Military + Exploration & Invention,1100,653,1,0.801673783387734,0.2045945653182406,-1.684088186752471,1.4737308377730645,0.9758147106160155,0.7721139430284858,0.0015313935681470138,-0.15937339205552742,0.863235394737945,-1.8513147657418996,1.5325679816308448,0.8535244868105826,0.8138498318408364,0.9214196138829965,not distinguishable,pre
1375,Military,Culture (core),Military + Culture (core),1100,653,2,7.645506318584778,-1.7040762834961345,-4.1285329059420235,-0.540665765577894,0.9668179458574172,0.13143428285857073,0.0030627871362940277,-2.322217519939688,0.6445846251433489,-3.5856033852206517,-1.0588316546587242,0.00031498064783104973,0.18515742128935533,0.0017548921807729913,not distinguishable,pre
1375,Military,Culture (periphery),Military + Culture (periphery),1100,653,0,1.479260541101895,-1.9849615348790515,-2.441800254666979,-1.4570359621358338,0.24776786005804746,0.0004997501249375312,0.0,-1.920011382127329,1.430331789272748,-4.723461689101915,0.883438924847257,0.17948129125777101,0.0016241879060469764,0.29786256847034337,dissociated,pre
1375,Military,Sport & Games,Military + Sport & Games,1100,653,0,0.26587082854330985,-0.615172993432076,-1.0889289275541512,-0.15138132558272357,0.2554977064467854,0.03248375812093953,0.0,-0.45588756771998895,1.4708191724177888,-3.338693145658855,2.426918010218877,0.7565952746170814,0.06496751624187906,0.8552816147845269,not distinguishable,pre
1375,Religion,Nobility,Religion + Nobility,1100,653,20,47.33033595844307,-1.222302015063653,-1.838201928254869,-0.7633060101143834,0.2791148373956799,0.0004997501249375312,0.030627871362940276,-2.606145941263978,0.24016907390265385,-3.0768773261131797,-2.1354145564147764,1.9661540220807903e-27,0.0016241879060469764,7.668000686115082e-26,dissociated,pre
1375,Religion,Kinship,Religion + Kinship,1100,653,12,27.118906317704873,-1.1437280964948524,-2.119278658813068,-0.5380938864738346,0.4037975808443758,0.010994502748625687,0.018376722817764167,-2.1264146552958416,0.29953890456538595,-2.713510908243998,-1.5393184023476851,1.256993224934766e-12,0.02766358756105818,2.4511367886227936e-11,dissociated,pre
1375,Religion,Big business,Religion + Big business,1100,653,0,1.4947067056037133,-1.9961766334262747,-2.483475455587682,-1.386789142314032,0.279921119588197,0.0004997501249375312,0.0,-2.764527739432951,1.4303288605227167,-5.5679723060574755,0.03891682719157341,0.053261864128683015,0.0016241879060469764,0.12982579381366485,dissociated,pre
1375,Religion,Small business,Religion + Small business,1100,653,2,3.2051000936754335,-0.5675844227310884,-3.025142679022901,0.5628272458447793,0.971279815695813,0.5047476261869065,0.0030627871362940277,-1.5892479521704181,0.6570692335536992,-2.877103649935669,-0.3013922544051677,0.015576432389981196,0.5705842730808508,0.04672929716994359,not distinguishable,pre
1375,Religion,Academia,Religion + Academia,1100,653,35,7.443643707626217,2.1599462036837327,1.7917987930149546,2.501309112934299,0.17621676540835104,0.0004997501249375312,0.05359877488514548,0.465110485420284,0.21743495162038567,0.038937980244328096,0.8912829905962398,0.03242929075335007,0.0016241879060469764,0.09033873852718947,associated,pre
1375,Religion,Exploration & Invention,Religion + Exploration & Invention,1100,653,0,1.0517012145408362,-1.6338507883251336,-2.128038706737004,-1.0043260948383377,0.29023374485940484,0.0004997501249375312,0.0,-2.2956920898270363,1.438585069058151,-5.115318825181012,0.5239346455269396,0.1105337581191814,0.0016241879060469764,0.22329387015370328,dissociated,pre
1375,Religion,Culture (core),Religion + Culture (core),1100,653,33,10.030000291460544,1.6696556192743324,1.2574228807317378,2.020755473896454,0.19287197576870305,0.0004997501249375312,0.05053598774885146,-0.3685732721557361,0.20616992170915616,-0.7726663187056821,0.035519774394209946,0.07382183557085226,0.0016241879060469764,0.16935597572136696,associated,pre
1375,Religion,Culture (periphery),Religion + Culture (periphery),1100,653,0,1.9406149233481362,-2.2872446867616354,-2.7672815639656747,-1.7266928318817325,0.26209862200791756,0.0004997501249375312,0.0,-2.883735212038157,1.4287730782282084,-5.6841304453654455,-0.0833399787108684,0.043556930162424824,0.0016241879060469764,0.11324801842230454,dissociated,pre
1375,Religion,Sport & Games,Religion + Sport & Games,1100,653,1,0.3487910906957266,0.8214810824714752,-0.9944665617988904,1.9649336945275018,0.9144302861808908,0.4642678660669665,0.0015313935681470138,-0.14510084430734044,0.9238482415935928,-1.9558433978307823,1.6656417092161013,0.8751965042805699,0.5325425522532852,0.922504423430871,not distinguishable,pre
1375,Nobility,Kinship,Nobility + Kinship,1100,653,196,106.08982128964526,0.8824596368266107,0.7614270421930444,1.0183702257838698,0.06479141883413132,0.0004997501249375312,0.3001531393568147,1.8952365117088186,0.1628884314062309,1.575975186152606,2.2144978372650312,2.730078433351158e-31,0.0016241879060469764,2.1294611780139033e-29,associated,pre
1375,Nobility,Big business,Nobility + Big business,1100,653,2,5.8473289969812,-1.3442215279463632,-3.763284085998159,-0.21260276391997548,0.9250720012936803,0.14192903548225888,0.0030627871362940277,-1.9206371931712305,0.6694997759785067,-3.232856754089104,-0.6084176322533572,0.004120784856007859,0.18895636927299064,0.01397483559863535,not distinguishable,pre
1375,Nobility,Small business,Nobility + Small business,1100,653,6,12.538429543209887,-1.004258486601547,-2.4785408527134454,-0.2454493905234892,0.5831047366957771,0.06496751624187906,0.009188361408882083,-1.3726295822100572,0.4330484536003477,-2.2214045512667386,-0.5238546131533757,0.001526013732764356,0.10341767891564421,0.0070017100679776335,not distinguishable,pre
1375,Nobility,Academia,Nobility + Academia,1100,653,2,29.119715280342888,-3.5665577727803193,-5.9527827876352095,-2.385269341547827,0.9358512352018171,0.0004997501249375312,0.0030627871362940277,-3.634012808597234,0.6429237223093837,-4.8941433043236255,-2.373882312870842,1.582933895174487e-08,0.0016241879060469764,2.1211054033647504e-07,dissociated,pre
1375,Nobility,Exploration & Invention,Nobility + Exploration & Invention,1100,653,3,4.114280738080406,-0.3987508598382849,-2.842627844970409,0.5488156282188875,0.7810713294596568,0.5377311344327836,0.004594180704441042,-0.9780284324799347,0.6078471919160483,-2.1694089286353893,0.21335206367551995,0.10761551400032247,0.5907468800810862,0.22329387015370328,not distinguishable,pre
1375,Nobility,Culture (core),Nobility + Culture (core),1100,653,7,39.23760515966834,-2.405542428525235,-3.769853599437097,-1.6158785311409256,0.538865330384745,0.0004997501249375312,0.010719754977029096,-3.1210128028535618,0.37881131581594196,-3.8634829818528083,-2.3785426238543153,1.7370816033202941e-16,0.0016241879060469764,4.516412168632764e-15,dissociated,pre
1375,Nobility,Culture (periphery),Nobility + Culture (periphery),1100,653,1,7.591732793280522,-2.431486179015128,-4.360863450188286,-1.077558316588724,1.0101503506593854,0.0004997501249375312,0.0015313935681470138,-2.603794809173552,0.8415427076561701,-4.253218516179645,-0.9543711021674586,0.0019742871276940944,0.0016241879060469764,0.008555244220007743,dissociated,pre
1375,Nobility,Sport & Games,Nobility + Sport & Games,1100,653,3,1.3644792325261346,0.9085821942935521,-0.7233665412293342,1.3624486046461275,0.4951292173392458,0.08695652173913043,0.004594180704441042,0.3092915567846359,0.7583993670925909,-1.1771712027168422,1.795754316286114,0.6834047382414543,0.1279737489745693,0.7956055161616931,not distinguishable,pre
1375,Kinship,Big business,Kinship + Big business,1100,653,2,3.3503494971420147,-0.6230613106367772,-3.0293745780759505,0.5479625318241823,0.9334731927197477,0.44577711144427784,0.0030627871362940277,-1.034439331416898,0.6704937352170366,-2.34860705244229,0.27972838960849367,0.12287873151196217,0.5207097943565531,0.23376929409592806,not distinguishable,pre
1375,Kinship,Small business,Kinship + Small business,1100,653,5,7.184155558329512,-0.48245510663357183,-2.0959940869091915,0.3779327441226218,0.6308139778520385,0.3873063468265867,0.007656967840735069,-0.6763943758129652,0.4647422087779595,-1.5872891050177658,0.2345003533918354,0.14555345726466906,0.4720296101949025,0.2697214413213784,not distinguishable,pre
1375,Kinship,Academia,Kinship + Academia,1100,653,0,16.6847501648673,-5.103056972577962,-5.3934776384523735,-4.75874144920497,0.1583341685038381,0.0004997501249375312,0.0,-4.346139826181949,1.4192829945298446,-7.127934495460444,-1.5643451569034532,0.002197106773517375,0.0016241879060469764,0.009019701491281855,dissociated,pre
1375,Kinship,Exploration & Invention,Kinship + Exploration & Invention,1100,653,0,2.3573632352558187,-2.514684446982137,-3.0928259013857855,-1.7274059591395319,0.3517732079744396,0.0004997501249375312,0.0,-2.270473791182412,1.4386080286861804,-5.0901455274073255,0.5491979450425015,0.11450967700189911,0.0016241879060469764,0.22329387015370328,dissociated,pre
1375,Kinship,Culture (core),Kinship + Culture (core),1100,653,7,22.48200687589503,-1.6155422843596083,-3.016675667016923,-0.847482311602008,0.5466946772456974,0.014492753623188406,0.010719754977029096,-2.1476092196402314,0.38030196362998325,-2.8930010683549985,-1.4022173709254644,1.631619541049808e-08,0.034255599472990776,2.1211054033647504e-07,dissociated,pre
1375,Kinship,Culture (periphery),Kinship + Culture (periphery),1100,653,0,4.349842151781649,-3.27793779254766,-3.746413021915684,-2.6481157347276363,0.2785846122259602,0.0004997501249375312,0.0,-2.858427457119886,1.4287961190760574,-5.658867850508958,-0.05798706373081375,0.04543717872129367,0.0016241879060469764,0.11432580452454537,dissociated,pre
1375,Kinship,Sport & Games,Kinship + Sport & Games,1100,653,0,0.7818069263615534,-1.358178970725886,-2.0559268705972875,-0.4354681601955053,0.4625582295082396,0.0239880059970015,0.0,-1.3906185309831418,1.4693230016106515,-4.270491614140019,1.489254552173735,0.3439268246196798,0.051974012993503245,0.4877507694606369,not distinguishable,pre
1375,Big business,Small business,Big business + Small business,1100,653,4,0.39596749814813725,2.3284066978760145,0.7511178766619546,3.1796862885694472,0.6672898841072894,0.015992003998001,0.006125574272588055,1.8625370748515682,0.5478429316293012,0.7887649288581378,2.936309220844999,0.0006744385792877008,0.03668753858364935,0.003507080612296044,associated,pre
1375,Big business,Academia,Big business + Academia,1100,653,0,0.9196096502043759,-1.505494286678779,-1.9454564721353058,-1.0003717357540538,0.24415442233499834,0.0004997501249375312,0.0,-1.7130294224632452,1.4321251126745884,-4.519994643305439,1.0939357983789482,0.23163994421851852,0.0016241879060469764,0.3613583129808889,dissociated,pre
1375,Big business,Exploration & Invention,Big business + Exploration & Invention,1100,653,2,0.12993026318985945,1.988664066747788,-0.3360833193133919,3.0091493642671647,0.9372283424657042,0.136431784107946,0.0030627871362940277,2.1694063718596888,0.7207349096643513,0.7567659489175602,3.5820467948018173,0.0026125449969308188,0.1866961256213998,0.009998444257247677,not distinguishable,pre
1375,Big business,Culture (core),Big business + Culture (core),1100,653,0,1.2391357541911767,-1.7983705515371087,-2.2686396378625484,-1.2464611470951543,0.2645575306883521,0.0004997501249375312,0.0,-2.275682193106707,1.4309198207731648,-5.08028504182211,0.528920655608696,0.11175296537771469,0.0016241879060469764,0.22329387015370328,dissociated,pre
1375,Big business,Culture (periphery),Big business + Culture (periphery),1100,653,0,0.2397492788395005,-0.5651082900902211,-0.874244590002799,-0.2962206314973712,0.1495044553874107,0.001999000499750125,0.0,-0.24993716352246448,1.441573028874164,-3.075420300115826,2.5755459730708967,0.8623542540187019,0.006236881559220389,0.9214196138829965,dissociated,pre
1375,Big business,Sport & Games,Big business + Sport & Games,1100,653,0,0.04309067783301893,-0.11926500468574389,-0.2568166175764874,-0.01627943902695588,0.06420496866504527,0.06146926536731634,0.0,1.2122586330175193,1.481754575933759,-1.6919803358126482,4.116497601847687,0.4132865199274248,0.09988755622188905,0.561114490742833,not distinguishable,pre
1375,Small business,Academia,Small business + Academia,1100,653,1,1.971919283538909,-0.7206691344550542,-2.5824578049295797,0.6341158918485692,0.9982786064960512,0.5122438780609695,0.0015313935681470138,-1.0718038811256148,0.8383949249610225,-2.715057934049219,0.5714501717979894,0.20110850431847305,0.5707860355536517,0.32680131951751873,not distinguishable,pre
1375,Small business,Exploration & Invention,Small business + Exploration & Invention,1100,653,0,0.27860950724302264,-0.6389718659917982,-0.9818935012504385,-0.3198909939609477,0.16931611999486526,0.0004997501249375312,0.0,-0.15708133450616799,1.4459557914754582,-2.9911546857980658,2.67699201678573,0.9134920390327437,0.0016241879060469764,0.9471421747917534,dissociated,pre
1375,Small business,Culture (core),Small business + Culture (core),1100,653,8,2.657079216240356,1.4288723805857224,0.4176773145708006,2.1138793303308043,0.44403787787533544,0.00849575212393803,0.01225114854517611,0.34424875824430706,0.395448983056531,-0.43083124854649363,1.1193287650351078,0.3840128278502406,0.022850643643695392,0.534875010219978,associated,pre
1375,Small business,Culture (periphery),Small business + Culture (periphery),1100,653,3,0.5140944595928169,1.7871628811176588,-0.815808175432229,2.712113096412121,0.7769926585002286,0.041979010494752625,0.004594180704441042,1.4013468424610942,0.5957278975678051,0.23372016322819622,2.568973521693992,0.01865636384839808,0.07614797252536522,0.053896162228705566,not distinguishable,pre
1375,Small business,Sport & Games,Small business + Sport & Games,1100,653,0,0.09239935503157068,-0.24464197502153712,-0.48890643441344106,-0.042854771852457084,0.11821890587339748,0.04897551224387806,0.0,0.7205198379197624,1.4765195656771803,-2.173458510807511,3.614498186647036,0.6255602559098903,0.08489088788938864,0.7392984842571431,not distinguishable,pre
1375,Academia,Exploration & Invention,Academia + Exploration & Invention,1100,653,1,0.647053085663907,0.38703033983662305,-1.4577415393297715,1.7299252188213452,0.9983135978001667,0.6656671664167916,0.0015313935681470138,-0.07043542243935773,0.8636386927833944,-1.7631672602948107,1.6222964154160953,0.9349993263969874,0.7211394302848575,0.9471421747917534,not distinguishable,pre
1375,Academia,Culture (core),Academia + Culture (core),1100,653,24,6.170899632014673,1.876828508923375,1.3766688084674137,2.2624203748573084,0.23308819675640996,0.0004997501249375312,0.036753445635528334,0.44038390896938806,0.2453135844658672,-0.04043071658371167,0.9211985345224878,0.07262381282750578,0.0016241879060469764,0.16935597572136696,associated,pre
1375,Academia,Culture (periphery),Academia + Culture (periphery),1100,653,1,1.1939521005365172,-0.1754305797958023,-2.049199523313819,1.102631260881332,0.9916320261423995,0.7976011994002998,0.0015313935681470138,-0.6857836959959573,0.845372603273825,-2.3427139984126546,0.9711466064207397,0.41723898029595274,0.8295052473763118,0.561114490742833,not distinguishable,pre
1375,Academia,Sport & Games,Academia + Sport & Games,1100,653,0,0.21459169996802016,-0.5151910621305337,-0.9424633015874273,-0.11947675209183593,0.2200665155034486,0.03398300849575212,0.0,-0.3677247801253174,1.4710517622711168,-3.2509862341767066,2.5155366739260714,0.8026074097559243,0.0656013456686291,0.8943339708708871,not distinguishable,pre
1375,Exploration & Invention,Culture (core),Exploration & Invention + Culture (core),1100,653,3,0.8718771199581069,1.3512036580150317,-1.15362470141451,2.294145835456315,0.7978867031627609,0.06896551724137931,0.004594180704441042,0.3733891804488548,0.6103364556135833,-0.8228702725537684,1.5696486334514779,0.5406859869675475,0.10758620689655173,0.6694207457693446,not distinguishable,pre
1375,Exploration & Invention,Culture (periphery),Exploration & Invention + Culture (periphery),1100,653,1,0.16869169502986264,1.1655493960609475,-0.5534267014108334,2.483410145885416,0.9797922444489056,0.39430284857571213,0.0015313935681470138,1.419724103397813,0.8799499272113662,-0.30497775393646487,3.144425960732091,0.10665445254246136,0.4731634182908545,0.22329387015370328,not distinguishable,pre
1375,Exploration & Invention,Sport & Games,Exploration & Invention + Sport & Games,1100,653,0,0.030319338263803206,-0.08493326288529067,-0.1925195157635869,-0.009123496043681891,0.047770273079505786,0.07446276861569215,0.0,1.6784638685681244,1.48972770588195,-1.2414024349604977,4.598330172096746,0.25987284520166043,0.11169415292353822,0.3974525867790101,not distinguishable,pre
1375,Culture (core),Culture (periphery),Culture (core) + Culture (periphery),1100,653,15,1.608800795247915,2.8777734908747794,2.3657931269093737,3.2308162785060324,0.21911959500439476,0.0004997501249375312,0.022970903522205207,1.9322922884473002,0.3895261668001117,1.1688210015190812,2.695763575375519,7.026761176961963e-07,0.0016241879060469764,5.4808737180303315e-06,associated,pre
1375,Culture (core),Sport & Games,Culture (core) + Sport & Games,1100,653,0,0.289153390162819,-0.6583776536643127,-1.142044026051193,-0.15839267165385937,0.2663436888581188,0.02798600699650175,0.0,-0.9289758914014709,1.4698773765918702,-3.8099355495215366,1.951983766718595,0.5273809249232237,0.05899752826289559,0.6694207457693446,not distinguishable,pre
1375,Culture (periphery),Sport & Games,Culture (periphery) + Sport & Games,1100,653,0,0.055945699679033754,-0.1530158840516984,-0.3254308550839269,-0.025489129792872812,0.07807524282754887,0.0559720139930035,0.0,1.0939393829687172,1.4802521941749227,-1.8073549176141313,3.9952336835515654,0.45989345554019867,0.09454847044562824,0.6079947378328051,not distinguishable,pre
1400,Politics,Administration & Law,Politics + Administration & Law,1386,825,12,8.262940780587092,0.5124410804975701,-0.382984311922438,1.113473213884255,0.3818516005033487,0.16491754122938532,0.014545454545454545,-0.19559957341012107,0.3116440612629004,-0.8064219334854059,0.4152227866651637,0.5302412815764751,0.2572713643178411,0.606997582875512,not distinguishable,pre
1400,Politics,Military,Politics + Military,1386,825,13,10.81523387704583,0.25469300298352876,-0.5727512446025925,0.8273118156120456,0.36246559391826055,0.45327336331834084,0.01575757575757576,-0.39820127220596463,0.2980484219934404,-0.9823761793131078,0.18597363490117852,0.1815398637659541,0.5892553723138431,0.2961315281013505,not distinguishable,pre
1400,Politics,Religion,Politics + Religion,1386,825,15,16.32381643874918,-0.11823679881554608,-0.9028827767427355,0.4067947163659099,0.34046322347614577,0.7181409295352323,0.01818181818181818,-1.254534595465605,0.2735990082154642,-1.7907886515679148,-0.7182805393632953,4.533266098082801e-06,0.7664411037724381,2.9466229637538208e-05,not distinguishable,pre
1400,Politics,Nobility,Politics + Nobility,1386,825,63,48.73608424493946,0.36704056330865154,0.10337107150685539,0.5839453493647686,0.12368772650741437,0.005997001499250375,0.07636363636363637,-0.34356498621164067,0.1645988617112573,-0.666178755165705,-0.02095121725757637,0.03686224203654248,0.016129866101432043,0.09564968817799159,associated,pre
1400,Politics,Kinship,Politics + Kinship,1386,825,14,25.538410805146242,-0.8445884993578598,-1.700861132443935,-0.29037080804951426,0.36301263785166693,0.026986506746626688,0.01696969696969697,-1.1580675192958962,0.2823576371000038,-1.7114884880119037,-0.6046465505798888,4.106208430243315e-05,0.05134018356675321,0.000188402504446458,not distinguishable,pre
1400,Politics,Big business,Politics + Big business,1386,825,6,1.3461157612913544,1.8159466976575669,0.48730143479116755,2.476509841400609,0.5269023389264932,0.01199400299850075,0.007272727272727273,0.8710799850030658,0.4661391433431245,-0.04255273594945819,1.7847127059555898,0.061662841579605894,0.029235382308845575,0.137420046948836,associated,pre
1400,Politics,Small business,Politics + Small business,1386,825,5,5.349009995658936,-0.08876083593541821,-1.8379446908215016,0.7503124302641594,0.6468609595575499,0.8800599700149925,0.006060606060606061,-0.5789565854538469,0.45237847265058867,-1.4656183918490007,0.3077052209413069,0.2006134494805547,0.9152623688155921,0.31551084017732367,not distinguishable,pre
1400,Politics,Academia,Politics + Academia,1386,825,8,12.273951684169145,-0.5876701524627307,-1.855622238289989,0.12062974516392816,0.5028568613056749,0.21139430284857572,0.009696969696969697,-1.271862520355641,0.36050213398493763,-1.9784467029661188,-0.5652783377451633,0.00041866392997951516,0.3111085966450737,0.0015550374542096278,not distinguishable,pre
1400,Politics,Exploration & Invention,Politics + Exploration & Invention,1386,825,2,2.027747003785929,-0.01592397992171745,-2.4183735527211083,1.1503974383623141,0.9242147106846946,0.9815092453773113,0.0024242424242424242,-0.6725948076066242,0.6625532051303393,-1.9711990896620892,0.6260094744488409,0.3100315096379299,0.9815092453773113,0.43182960270997384,not distinguishable,pre
1400,Politics,Culture (core),Politics + Culture (core),1386,825,8,13.463512796010733,-0.7161271791292011,-1.8956933506622318,0.001973460940780369,0.4880687907725202,0.11594202898550725,0.009696969696969697,-1.8900241455455211,0.35745983168726664,-2.590645415652564,-1.1894028754384784,1.240841575334344e-07,0.19241443108233117,1.3826520410868405e-06,not distinguishable,pre
1400,Politics,Culture (periphery),Politics + Culture (periphery),1386,825,3,4.108755349205383,-0.3970222637432034,-3.053740833536353,0.6087529206958046,0.8231553116511323,0.5622188905547226,0.0036363636363636364,-0.9698104427710473,0.5564632704422579,-2.060478452837873,0.12085756729577801,0.08136659217733003,0.6644405070192176,0.16701563657451954,not distinguishable,pre
1400,Politics,Sport & Games,Politics + Sport & Games,1386,825,0,0.7544212662386692,-1.3270219228222955,-1.8902505328817174,-0.6880166458251823,0.3082656579303765,0.0009995002498750624,0.0,-1.3011201645758126,1.4467468270558324,-4.136743945605244,1.5345036164536188,0.3684705300568446,0.0029985007496251873,0.48713053126159117,dissociated,pre
1400,Administration & Law,Military,Administration & Law + Military,1386,825,5,6.588643762549824,-0.3660780110547352,-2.1162158709616348,0.5195567778373006,0.659537734636033,0.5122438780609695,0.006060606060606061,-0.7387320235307443,0.44743985196432573,-1.6157141333808227,0.1382500863193341,0.09873454626626407,0.6425693403298351,0.1863605188232888,not distinguishable,pre
1400,Administration & Law,Religion,Administration & Law + Religion,1386,825,26,9.944473932130142,1.3432525311885035,0.8431207354577337,1.7336531814178535,0.2261915745901213,0.0004997501249375312,0.03151515151515152,0.19281322052646094,0.2341091033388394,-0.2660406220176643,0.6516670630705862,0.4101645378893436,0.001771841352051247,0.5332138992561467,associated,pre
1400,Administration & Law,Nobility,Administration & Law + Nobility,1386,825,18,29.690037323467717,-0.7065472696922129,-1.3793443541116595,-0.23517372840764963,0.2941755195407745,0.020989505247376312,0.02181818181818182,-1.2536006042197956,0.2618252779900749,-1.7667781490803423,-0.7404230593592488,1.6851200054658124e-06,0.04547726136931534,1.3143936042633338e-05,dissociated,pre
1400,Administration & Law,Kinship,Administration & Law + Kinship,1386,825,2,15.558007618668604,-2.6832929030060324,-5.092152209126251,-1.4686319737651128,0.9645138114545302,0.0004997501249375312,0.0024242424242424242,-2.3722630330211785,0.6437191489660555,-3.6339525649946474,-1.1105735010477096,0.00022848238418996943,0.001771841352051247,0.0009379803140430324,dissociated,pre
1400,Administration & Law,Big business,Administration & Law + Big business,1386,825,0,0.820054130602386,-1.4005970904552643,-1.8482533866508735,-0.8822590995043652,0.2451934742756073,0.0004997501249375312,0.0,-1.3814116848856441,1.432737970278967,-4.189578106632419,1.4267547368611315,0.33495765288265533,0.001771841352051247,0.45836310394468627,dissociated,pre
1400,Administration & Law,Small business,Administration & Law + Small business,1386,825,5,3.258618513882885,0.549229124128559,-1.0731668154104463,1.4393973039800874,0.6311534845482581,0.32233883058470764,0.006060606060606061,0.08906181855280214,0.4571855865229694,-0.8070219310322179,0.9851455681378222,0.845545983943777,0.4375226180013442,0.8912511722650622,not distinguishable,pre
1400,Administration & Law,Academia,Administration & Law + Academia,1386,825,20,7.477295093670979,1.3616523579785964,0.7879876334695745,1.8164936504354732,0.2629087171314882,0.0004997501249375312,0.024242424242424242,0.5106589039418926,0.2598123108599551,0.001426774656380636,1.0198910332274047,0.04935737167498156,0.001771841352051247,0.11666287850450187,associated,pre
1400,Administration & Law,Exploration & Invention,Administration & Law + Exploration & Invention,1386,825,2,1.2353040905457104,0.5267395954954731,-1.8902001875909646,1.6311538959480363,0.9402836383125729,0.5252373813093453,0.0024242424242424242,-0.019324272826402814,0.6656995894277546,-1.324095468104802,1.2854469224519962,0.976841845725035,0.6425693403298351,0.9860975148797518,not distinguishable,pre
1400,Administration & Law,Culture (core),Administration & Law + Culture (core),1386,825,3,8.201976084281952,-1.313988129854711,-4.062294166737811,-0.26303229948889917,0.8920956930465398,0.1024487756121939,0.0036363636363636364,-2.1512767175968643,0.5475855025876843,-3.2245443026687255,-1.078009132525003,8.542086141869596e-05,0.1737174890815462,0.00037015706614768247,not distinguishable,pre
1400,Administration & Law,Culture (periphery),Administration & Law + Culture (periphery),1386,825,0,2.5030550065903636,-2.5864309008052646,-2.9869773033664906,-2.1548062205828478,0.20843737268768014,0.0004997501249375312,0.0,-2.339433587563214,1.4237327908093185,-5.129949857549478,0.45108268242305005,0.10034797167407858,0.001771841352051247,0.1863605188232888,dissociated,pre
1400,Administration & Law,Sport & Games,Administration & Law + Sport & Games,1386,825,1,0.45959366451500777,0.644466962990669,-1.1944651012904126,1.9192976367626757,0.9640436073121372,0.5272363818090955,0.0012121212121212121,0.5425447007887844,0.878732340696942,-1.1797706869772218,2.2648600885547907,0.5369594002360298,0.6425693403298351,0.606997582875512,not distinguishable,pre
1400,Military,Religion,Military + Religion,1386,825,6,13.016166303993696,-1.0561743835052617,-2.505848885263247,-0.23222099453454242,0.6072706960554963,0.07196401799100449,0.007272727272727273,-1.808386781020453,0.4074538175200473,-2.6069962633597457,-1.0097772986811604,9.068820284916606e-06,0.13053938147205466,5.441292170949964e-05,not distinguishable,pre
1400,Military,Nobility,Military + Nobility,1386,825,83,38.86082521926392,1.0850157297738792,0.8976891917333032,1.2657091617746241,0.09307116747060969,0.0004997501249375312,0.1006060606060606,0.9510737217815685,0.18550416030288136,0.5874855675879209,1.314661875975216,2.9444698847957727e-07,0.001771841352051247,2.5518739001563363e-06,associated,pre
1400,Military,Kinship,Military + Kinship,1386,825,9,20.363632697462766,-1.1349909578214643,-2.2404391297674624,-0.4404263980947256,0.4682052570776742,0.0239880059970015,0.01090909090909091,-1.2229991967876386,0.3436569155201177,-1.8965667512070692,-0.549431642368208,0.0003725821150448462,0.047976011994003,0.0014530702486749002,dissociated,pre
1400,Military,Big business,Military + Big business,1386,825,0,1.0733560181308879,-1.6538451599310042,-2.1251663620028585,-1.0854624792544298,0.2633980526983977,0.0004997501249375312,0.0,-1.6455700500685804,1.432043039194039,-4.452374406888897,1.1612343067517361,0.2505120438690791,0.001771841352051247,0.36185073003311424,dissociated,pre
1400,Military,Small business,Military + Small business,1386,825,1,4.265154777160448,-1.6675605744036381,-3.4675077475173035,-0.27598298420573264,1.0049536381464983,0.095952023988006,0.0012121212121212121,-1.58315877882666,0.830931761420115,-3.211785031210085,0.0454674735567655,0.05674350989861843,0.1700967697969197,0.13017628741447757,not distinguishable,pre
1400,Military,Academia,Military + Academia,1386,825,1,9.786914532381912,-2.777775917861474,-4.580259282991809,-1.3608992571267062,1.0207672229365718,0.0004997501249375312,0.0012121212121212121,-2.7020080748345876,0.8250062934133856,-4.319020409924823,-1.084995739744352,0.0010561099840040353,0.001771841352051247,0.0037443899432870343,dissociated,pre
1400,Military,Exploration & Invention,Military + Exploration & Invention,1386,825,0,1.6168701922578714,-2.081932805137866,-2.515630911385334,-1.5914015317514203,0.23882315822126995,0.0004997501249375312,0.0,-1.9771626925594177,1.4279248274226661,-4.775895354307844,0.8215699691890079,0.16616238986928566,0.001771841352051247,0.28801480910676186,dissociated,pre
1400,Military,Culture (core),Military + Culture (core),1386,825,2,10.73543814011737,-2.168056385332201,-4.577517393739149,-1.0072309278958127,0.9762694268144807,0.09945027486256872,0.0024242424242424242,-2.7764319768172596,0.6418596647060687,-4.034476919641154,-1.518387033993365,1.5211314187112688e-05,0.17238047642845244,7.706805284515017e-05,not distinguishable,pre
1400,Military,Culture (periphery),Military + Culture (periphery),1386,825,0,3.276209526635605,-2.9169388162494716,-3.297666938444174,-2.4814311825262196,0.20543118396718466,0.0004997501249375312,0.0,-2.6042879106687886,1.4230338614781075,-5.393434279165879,0.18485845782830213,0.06723565506303998,0.001771841352051247,0.14567725263658662,dissociated,pre
1400,Military,Sport & Games,Military + Sport & Games,1386,825,1,0.6015549550852742,0.4454210297846823,-1.4295251467094565,1.6890392234974778,0.9695780773646818,0.6371814092953523,0.0012121212121212121,0.2766012568510142,0.8775791607530046,-1.4434538982248748,1.996656411926903,0.7526199229167922,0.7202920278990939,0.8041692327056137,not distinguishable,pre
1400,Religion,Nobility,Religion + Nobility,1386,825,28,58.6540230890368,-1.0535143708976369,-1.5809849859131295,-0.6714980525878862,0.23267522680223643,0.0004997501249375312,0.03393939393939394,-2.2080940791657886,0.2060324568809587,-2.6119176946524676,-1.8042704636791096,8.450999247880653e-27,0.001771841352051247,5.232696461341548e-25,dissociated,pre
1400,Religion,Kinship,Religion + Kinship,1386,825,18,30.73555375302629,-0.7556638359079039,-1.5120411090996213,-0.24278925844794388,0.32011499193225934,0.026986506746626688,0.02181818181818182,-1.4892850005035245,0.2507323579005992,-1.980720421988699,-0.99784957901835,2.8547457038117067e-09,0.05134018356675321,3.711169414955219e-08,not distinguishable,pre
1400,Religion,Big business,Religion + Big business,1386,825,0,1.6200543430301912,-2.084101245644768,-2.5960845378933985,-1.4380594491632257,0.2934937436560855,0.0004997501249375312,0.0,-2.5820015349320284,1.4306751894912482,-5.386124906334874,0.22212183647081796,0.07111485278584662,0.001771841352051247,0.14991779776475775,dissociated,pre
1400,Religion,Small business,Religion + Small business,1386,825,5,6.43754952105011,-0.3349945458776268,-2.0448893593822546,0.5114532037837243,0.6318630003606727,0.5592203898050975,0.006060606060606061,-1.1482903295196223,0.4502398573941325,-2.030760450012122,-0.26582020902712256,0.010760034902908402,0.6644405070192176,0.029974382943816266,not distinguishable,pre
1400,Religion,Academia,Religion + Academia,1386,825,47,14.771737545815082,1.6370632989759892,1.312057915770952,1.9323445439697142,0.15932284745608824,0.0004997501249375312,0.05696969696969697,0.3049705805792318,0.18332149329802,-0.05433954628488735,0.664280707443351,0.09619572517686432,0.001771841352051247,0.1863605188232888,associated,pre
1400,Religion,Exploration & Invention,Religion + Exploration & Invention,1386,825,0,2.4403995811611563,-2.556012221248151,-2.9933974202746128,-2.0130405309116655,0.25352822170883405,0.0004997501249375312,0.0,-2.914731820162766,1.4265537309256913,-5.710777132777121,-0.11868650754841115,0.041032835399788255,0.001771841352051247,0.10001753628698387,dissociated,pre
1400,Religion,Culture (core),Religion + Culture (core),1386,825,29,16.20337790020038,0.820575068117889,0.3198698148634719,1.2148832984436373,0.2292996348084134,0.0009995002498750624,0.03515151515151515,-1.0701436536122577,0.20643660916467296,-1.4747594075750168,-0.6655278996494987,2.1731088919782523e-07,0.0029985007496251873,2.118781169678796e-06,associated,pre
1400,Religion,Culture (periphery),Religion + Culture (periphery),1386,825,1,4.944899346207115,-1.8599428789703323,-3.680163463043185,-0.5015883151161475,1.0075635141964876,0.019490254872563718,0.0012121212121212121,-2.425503052494459,0.8295071505575081,-4.051337067587175,-0.799669037401743,0.00345532435401116,0.04343542514457057,0.01078061198451482,dissociated,pre
1400,Religion,Sport & Games,Religion + Sport & Games,1386,825,1,0.907948249318327,0.09136819360951753,-1.83321002625764,1.357889365820912,0.9612531945810936,0.9145427286356822,0.0012121212121212121,-0.6622812599100673,0.875318753313783,-2.3779060164050816,1.0533434965849473,0.44927920924129094,0.9264199069296521,0.5562504495368363,not distinguishable,pre
1400,Nobility,Kinship,Nobility + Kinship,1386,825,187,91.76350044384193,1.0230586617258317,0.8953521755077923,1.1498865260349906,0.067793378319013,0.0004997501249375312,0.22666666666666666,1.5983222759513902,0.14973464697896013,1.3048423678726284,1.891802184030152,1.3417170413696277e-26,0.001771841352051247,5.232696461341548e-25,associated,pre
1400,Nobility,Big business,Nobility + Big business,1386,825,4,4.8368042632406265,-0.24605109745548248,-2.1183910150234113,0.6292132789924634,0.7072110508143692,0.671664167916042,0.0048484848484848485,-1.0910249988559502,0.5258719539032205,-2.1217340285062622,-0.06031596920563809,0.038014619660483834,0.7484257871064468,0.09564968817799159,not distinguishable,pre
1400,Nobility,Small business,Nobility + Small business,1386,825,7,19.219828706485284,-1.3946845192818125,-2.7560246550718843,-0.6016583554274142,0.5527424166836682,0.02348825587206397,0.008484848484848486,-1.72283621380852,0.39183778574516764,-2.4908382738690484,-0.9548341537479915,1.0985352997426609e-05,0.047976011994003,6.12041095570911e-05,dissociated,pre
1400,Nobility,Academia,Nobility + Academia,1386,825,2,44.1022262274436,-4.157115721067936,-6.555956055760858,-2.948414987696731,0.995081158545967,0.0004997501249375312,0.0024242424242424242,-4.108401082423029,0.6395035604327289,-5.3618280608711775,-2.8549741039748806,1.3242548700154798e-10,0.001771841352051247,2.5822969965301857e-09,dissociated,pre
1400,Nobility,Exploration & Invention,Nobility + Exploration & Invention,1386,825,4,7.286011823586676,-0.7909595340747503,-2.5627067615166776,0.10136695552826253,0.7067190119664822,0.20339830084957522,0.0048484848484848485,-1.4817087673040066,0.5102557234143055,-2.4818099851960453,-0.4816075494119678,0.0036859851891843645,0.30509745127436283,0.011057955567553094,not distinguishable,pre
1400,Nobility,Culture (core),Nobility + Culture (core),1386,825,11,48.37650517327591,-2.0875072703569226,-3.0727764758701643,-1.4320077439029406,0.4147245240333231,0.0009995002498750624,0.013333333333333334,-3.1960515076181757,0.30687329991790563,-3.797523175457271,-2.5945798397790805,2.1204369403332037e-25,0.0029985007496251873,5.5131360448663294e-24,dissociated,pre
1400,Nobility,Culture (periphery),Nobility + Culture (periphery),1386,825,0,14.76339996983955,-4.932004457667328,-5.292302263127142,-4.489616986170673,0.202170131657836,0.0004997501249375312,0.0,-4.4617264578848586,1.4212301956269235,-7.247337641313629,-1.6761152744560883,0.0016932818269614542,0.001771841352051247,0.00574243402186928,dissociated,pre
1400,Nobility,Sport & Games,Nobility + Sport & Games,1386,825,2,2.7107534892259513,-0.3609838091911729,-2.77196881298628,0.7214973565801237,0.9098250480819916,0.6206896551724138,0.0024242424242424242,-0.9509901732554243,0.7129366219841576,-2.3483459523443733,0.4463656058335247,0.182234786523908,0.7119675456389453,0.2961315281013505,not distinguishable,pre
1400,Kinship,Big business,Kinship + Big business,1386,825,2,2.534555169387619,-0.27955695472271025,-2.6425865645120656,0.8605620649314107,0.8839677463664175,0.7271364317841079,0.0024242424242424242,-0.7128608794434386,0.6717460451417914,-2.02948312792135,0.6037613690344725,0.2885963298657993,0.7664411037724381,0.409282067809679,not distinguishable,pre
1400,Kinship,Small business,Kinship + Small business,1386,825,7,10.071467347353224,-0.4952131397482492,-1.8951135777052261,0.2430385205764631,0.5323646569395357,0.29235382308845576,0.008484848484848486,-0.6300529467676984,0.3940361816106578,-1.4023638627245876,0.14225796918919087,0.10982675354097796,0.4072071107303491,0.19469288127718817,not distinguishable,pre
1400,Kinship,Academia,Kinship + Academia,1386,825,2,23.110202394540956,-3.2394104088833284,-5.631747563157197,-2.0403890852689854,0.9827474073575897,0.0004997501249375312,0.0024242424242424242,-2.9763431898969155,0.6407139912870843,-4.232142612819601,-1.7205437669742303,3.39494087703354e-06,0.001771841352051247,2.4073217128056008e-05,dissociated,pre
1400,Kinship,Exploration & Invention,Kinship + Exploration & Invention,1386,825,2,3.817975242876232,-0.7884268768005042,-3.20017372498118,0.37225239792626436,0.9591182116529969,0.32533733133433285,0.0024242424242424242,-1.070731395127366,0.6614570823309397,-2.367187276496008,0.22572448624127572,0.10550179850909797,0.4375226180013442,0.19137535543510795,not distinguishable,pre
1400,Kinship,Culture (core),Kinship + Culture (core),1386,825,13,25.349986187302008,-0.937204102373728,-1.790800520164204,-0.3292545408539363,0.37584654064583234,0.01649175412293853,0.01575757575757576,-1.8102591261092393,0.28781849562911216,-2.374383377542299,-1.2461348746761796,3.183141155972339e-10,0.03783402416438839,4.965700203316849e-09,dissociated,pre
1400,Kinship,Culture (periphery),Kinship + Culture (periphery),1386,825,2,7.736234438030289,-1.7200568008635266,-4.162435680598231,-0.5319236199439826,0.9931802205529608,0.14792603698150925,0.0024242424242424242,-1.729790961522722,0.6497330549027774,-3.0032677491321658,-0.45631417391327833,0.0077606314901412085,0.24024722332711193,0.02241960208263016,not distinguishable,pre
1400,Kinship,Sport & Games,Kinship + Sport & Games,1386,825,0,1.4204739111046714,-1.9414623655479353,-2.586236995996508,-1.136052297413993,0.37984972968040376,0.0009995002498750624,0.0,-1.6951825698701715,1.4462539419331888,-4.529840296059222,1.1394751563188783,0.24114904794659775,0.0029985007496251873,0.35489859886480424,dissociated,pre
1400,Big business,Small business,Big business + Small business,1386,825,2,0.5308615731434416,1.2780774781343265,-1.0906385229169213,2.3838333213149276,0.9440202499062786,0.15092453773113443,0.0024242424242424242,0.8677019757305982,0.6804620448107521,-0.46600363209847595,2.2014075835596723,0.20225053857520747,0.24024722332711193,0.31551084017732367,not distinguishable,pre
1400,Big business,Academia,Big business + Academia,1386,825,0,1.2181262149505405,-1.7808360219215678,-2.2719322312463786,-1.1888657921974748,0.27392041337507966,0.0004997501249375312,0.0,-1.963246786039552,1.4314218316782679,-4.768833576128957,0.842340004049853,0.17020788285127808,0.001771841352051247,0.2886133665739063,dissociated,pre
1400,Big business,Exploration & Invention,Big business + Exploration & Invention,1386,825,1,0.2012434011602725,1.0969753058701803,-0.646377505652028,2.3811840428404483,1.0055798942517837,0.440279860069965,0.0012121212121212121,1.036774409106202,0.862326859085518,-0.6533862347014132,2.7269350529138174,0.22924784402832943,0.582064899753513,0.34387176604249414,not distinguishable,pre
1400,Big business,Culture (core),Big business + Culture (core),1386,825,1,1.3361840020354374,-0.291748136202091,-2.150103275877931,1.0511956706960108,0.9784435111779834,0.712143928035982,0.0012121212121212121,-1.4009741600753403,0.8458634548634899,-3.0588665316077805,0.25691821145710003,0.09766813517305684,0.7664411037724381,0.1863605188232888,not distinguishable,pre
1400,Big business,Culture (periphery),Big business + Culture (periphery),1386,825,0,0.4077727149717178,-0.8604030307903264,-1.20523639497986,-0.5005753556946511,0.1851561029681713,0.0004997501249375312,0.0,-0.7625488096848596,1.4353140741353767,-3.5757643949901983,2.0506667756204786,0.5952271046372148,0.001771841352051247,0.6632530594528966,dissociated,pre
1400,Big business,Sport & Games,Big business + Sport & Games,1386,825,0,0.07487240826495989,-0.20131369353568848,-0.377444249606848,-0.0693786981784707,0.07983935314270997,0.01649175412293853,0.0,0.9172153736413737,1.4595372844715848,-1.9434777039229323,3.77790845120568,0.5297230263286676,0.03783402416438839,0.606997582875512,dissociated,pre
1400,Small business,Academia,Small business + Academia,1386,825,6,4.840422708886438,0.28348577849823975,-1.2864931685968723,1.057918357293454,0.5873555875862535,0.5957021489255372,0.007272727272727273,-0.3241397129077536,0.42105494440781993,-1.1494074039470807,0.5011279781315734,0.4414021715635462,0.6935039942715209,0.5562504495368363,not distinguishable,pre
1400,Small business,Exploration & Invention,Small business + Exploration & Invention,1386,825,2,0.799673397579148,0.9437789692426192,-1.4485278883996018,2.1263354613544916,0.9675013284086824,0.23288355822088955,0.0024242424242424242,0.5110837548980384,0.6703053111822888,-0.8027146550192475,1.8248821648153242,0.4457830446927825,0.33638736187461826,0.5562504495368363,not distinguishable,pre
1400,Small business,Culture (core),Small business + Culture (core),1386,825,11,5.309544534320445,0.9851368946362644,0.049089339837719966,1.560619115757725,0.39870013092916745,0.022488755622188907,0.013333333333333334,-0.2440101305617183,0.33140664085910104,-0.8935671466455563,0.4055468855221197,0.4615565531551379,0.04740872806839824,0.5625220491578243,associated,pre
1400,Small business,Culture (periphery),Small business + Culture (periphery),1386,825,10,1.620351229115877,2.3080141605688596,1.422510490764398,2.9117930381741233,0.3887677492401169,0.0014992503748125937,0.012121212121212121,1.581758315261122,0.36639321510506895,0.8636276136551869,2.2998890168670574,1.580883135285132e-05,0.004331167749458604,7.706805284515017e-05,associated,pre
1400,Small business,Sport & Games,Small business + Sport & Games,1386,825,1,0.2975176962671668,0.9113740641496532,-0.8789153018471993,2.201636288529785,0.988630369999914,0.4662668665667166,0.0012121212121212121,1.0663514264498881,0.8821400816067407,-0.6626431334993237,2.7953459863991,0.2267307633571266,0.5962100916754737,0.34387176604249414,not distinguishable,pre
1400,Academia,Exploration & Invention,Academia + Exploration & Invention,1386,825,2,1.834947523554353,0.0985379682323525,-2.2874117528076443,1.2394073586485033,0.9521739190092342,0.9000499750124937,0.0024242424242424242,-0.6092577347641085,0.6627744299254577,-1.9082956174180055,0.6897801478897886,0.35796297757553786,0.9237355006707173,0.481398487084344,not distinguishable,pre
1400,Academia,Culture (core),Academia + Culture (core),1386,825,41,12.183393400289471,1.7101705510134322,1.3407582557904694,2.0163177224572686,0.17292813487082925,0.0004997501249375312,0.0496969696969697,0.135689902139141,0.1906646389336713,-0.23801279017085475,0.5093925944491368,0.47667045315980383,0.001771841352051247,0.5720045437917646,associated,pre
1400,Academia,Culture (periphery),Academia + Culture (periphery),1386,825,6,3.7180922663619698,0.6238490652174066,-0.8471234358928157,1.401605184836205,0.5929623057325386,0.248375812093953,0.007272727272727273,-0.21263444759273323,0.42328194767282684,-1.0422670650314738,0.6169981698460074,0.6154234020550031,0.3522420607877879,0.6760989487364824,not distinguishable,pre
1400,Academia,Sport & Games,Academia + Sport & Games,1386,825,1,0.6826904103997036,0.3428900279177237,-1.511558122506957,1.6207592100678236,0.9673681163624452,0.6916541729135433,0.0012121212121212121,-0.0425074209899368,0.876551239728753,-1.7605478508582928,1.6755330088784193,0.9613225959743363,0.7598454293979771,0.9860975148797518,not distinguishable,pre
1400,Exploration & Invention,Culture (core),Exploration & Invention + Culture (core),1386,825,5,2.0127861098920867,1.1301437454015404,-0.4004910323365086,1.9498555034454619,0.6207615453838132,0.06296851574212893,0.006060606060606061,-0.2931653738296923,0.47181364013196153,-1.2179201084883369,0.6315893608289522,0.5343638293390274,0.1169415292353823,0.606997582875512,not distinguishable,pre
1400,Exploration & Invention,Culture (periphery),Exploration & Invention + Culture (periphery),1386,825,4,0.6142561619041828,2.0138440622785736,0.4540326242489841,2.891621339401087,0.6665295437741988,0.011494252873563218,0.0048484848484848485,1.3075251428308254,0.5254497942520675,0.2776435460967732,2.3374067395648774,0.01283221514153004,0.0289210233592881,0.03451423382894287,associated,pre
1400,Exploration & Invention,Sport & Games,Exploration & Invention + Sport & Games,1386,825,0,0.11278547201606438,-0.2934539992116198,-0.5236958470419827,-0.11292935130055078,0.10398267281655303,0.0069965017491254375,0.0,0.5862991227907044,1.4554965053320652,-2.266474027660143,3.4390722732415524,0.6870826584556591,0.01819090454772614,0.7443395466602973,dissociated,pre
1400,Culture (core),Culture (periphery),Culture (core) + Culture (periphery),1386,825,22,4.078440594603133,2.296996792662107,1.7895216794474298,2.69378764310207,0.22888496163390518,0.0004997501249375312,0.02666666666666667,0.8572140764598773,0.27525700602010716,0.3177103446604673,1.3967178082592873,0.001844246408269954,0.001771841352051247,0.005993800826877351,associated,pre
1400,Culture (core),Sport & Games,Culture (core) + Sport & Games,1386,825,2,0.7488550804697435,1.001322021318492,-1.3332127890941412,2.0308492354576275,0.9107577402509108,0.18990504747626186,0.0024242424242424242,-0.012439564048905727,0.7138891902043335,-1.4116623768493992,1.3867832487515879,0.9860975148797517,0.29044301378722404,0.9860975148797518,not distinguishable,pre
1400,Culture (periphery),Sport & Games,Culture (periphery) + Sport & Games,1386,825,0,0.22853339721052346,-0.5430670145137676,-0.8955880728944436,-0.22878265763681094,0.168600037225058,0.0029985007496251873,0.0,-0.03873854954436969,1.450697361357531,-2.88210537780513,2.804628278716391,0.9786963025985276,0.008352966373955878,0.9860975148797518,dissociated,pre
1425,Politics,Administration & Law,Politics + Administration & Law,1666,991,18,9.347971249423967,0.9096268156642168,0.22071523093643702,1.4052083285349115,0.3092799355805762,0.0079960019990005,0.018163471241170535,0.1992549989424079,0.26298417215829684,-0.31619397848785386,0.7147039763726697,0.4486490610338364,0.019490254872563718,0.5554702660418926,associated,pre
1425,Politics,Military,Politics + Military,1666,991,15,10.051160354203015,0.5548665487755233,-0.2294270869596613,1.0867519460392074,0.35045295669868554,0.08345827086456771,0.015136226034308779,-0.06860069880134499,0.2809775542103866,-0.6193167050537027,0.4821153074510127,0.8071145698000634,0.14321100319405514,0.8412236365966549,not distinguishable,pre
1425,Politics,Religion,Politics + Religion,1666,991,16,16.778793401325995,-0.06653645143877573,-0.8559819387210205,0.4859621027785008,0.3360828924361425,0.8415792103948025,0.016145307769929364,-1.255695717768479,0.26414927204470595,-1.7734282909761028,-0.7379631445608554,1.996924543824511e-06,0.8637260317209816,1.125336753283742e-05,not distinguishable,pre
1425,Politics,Nobility,Politics + Nobility,1666,991,61,46.52930815914495,0.3870263013627699,0.09465458288700809,0.6410608447136361,0.1361277572918114,0.005997001499250375,0.0615539858728557,-0.20313287472219646,0.16254883803364467,-0.52172859726814,0.11546284782374708,0.21141906775275,0.016129866101432043,0.3067767088982888,associated,pre
1425,Politics,Kinship,Politics + Kinship,1666,991,22,29.439093242244887,-0.4121055260753744,-1.0333130123669416,0.047816835350715854,0.27463822116884423,0.13493253373313344,0.022199798183652877,-0.714757954523097,0.23287708707825092,-1.1711970451964688,-0.2583188638497252,0.0021459706838138997,0.21049475262368816,0.0057719211495684195,not distinguishable,pre
1425,Politics,Big business,Politics + Big business,1666,991,5,2.2235516083034073,1.01394241371781,-0.6169501505283052,1.8085779921406104,0.6128898056972687,0.08445777111444278,0.005045408678102927,0.21651925889873241,0.46733243960526055,-0.6994523227275782,1.1324908405250431,0.6431429973830047,0.14321100319405514,0.7377228499393289,not distinguishable,pre
1425,Politics,Small business,Politics + Small business,1666,991,6,7.530600010248287,-0.30506806530147607,-1.780392160584303,0.5014910774845074,0.6168847328121249,0.553223388305847,0.006054490413723511,-0.7887797082879173,0.4119096834716758,-1.596122687892402,0.01856327131656721,0.05550096741945406,0.5993253373313343,0.10067617345854457,not distinguishable,pre
1425,Politics,Academia,Politics + Academia,1666,991,9,13.571723291395484,-0.5667996002605105,-1.6682053263912118,0.13541947000962662,0.4667534978469878,0.19790104947526238,0.009081735620585268,-1.1946326757873185,0.34076537529436945,-1.8625328113642827,-0.5267325402103543,0.000455350476778947,0.28585707146426786,0.0016913017708932317,not distinguishable,pre
1425,Politics,Exploration & Invention,Politics + Exploration & Invention,1666,991,6,1.9826290082869467,1.3885710296805218,0.03156575950080326,2.114664489126985,0.5393469496902692,0.02348825587206397,0.006054490413723511,0.4876405231688218,0.43997897595182867,-0.37471826969676236,1.349999316034406,0.267720673232655,0.04697651174412794,0.36635460547626475,associated,pre
1425,Politics,Culture (core),Politics + Culture (core),1666,991,8,21.25289456233015,-1.3556726404773713,-2.5706221132915408,-0.6454776431601593,0.5012368888842118,0.013993003498250875,0.008072653884964682,-2.218247777806422,0.3551921345910603,-2.9144243616049,-1.5220711940079437,4.2324400383636805e-10,0.031184407796101953,4.7161474713195295e-09,dissociated,pre
1425,Politics,Culture (periphery),Politics + Culture (periphery),1666,991,0,6.425347811486832,-3.7918865294010202,-4.109815915774066,-3.424428973979281,0.17386814106373125,0.0004997501249375312,0.0,-3.306805358065882,1.420003797642812,-6.090012801445793,-0.5235979146859706,0.019873376979878756,0.0016948047715272798,0.04428924012658694,dissociated,pre
1425,Politics,Sport & Games,Politics + Sport & Games,1666,991,0,0.8669273036151566,-1.4509365190941543,-1.9573293994497603,-0.8118262230013658,0.2889145306198237,0.0004997501249375312,0.0,-1.2372725936795683,1.4441866405202328,-4.067878409099225,1.5933332217400882,0.39159619677422375,0.0016948047715272798,0.5007295630883517,dissociated,pre
1425,Administration & Law,Military,Administration & Law + Military,1666,991,2,6.650556461465156,-1.5161274229418487,-3.91884714623565,-0.3639991713460318,0.9791310419432676,0.1454272863568216,0.0020181634712411706,-1.5870152544994864,0.644969179360214,-2.851154846045506,-0.32287566295346704,0.013870245946925916,0.21814092953523237,0.03181997599588887,not distinguishable,pre
1425,Administration & Law,Religion,Administration & Law + Religion,1666,991,21,11.102032893556961,0.889959045108997,0.29997796190637727,1.342169808456021,0.27044644281470387,0.004997501249375313,0.02119071644803229,-0.38989596079186617,0.24367536236726894,-0.8674996710317133,0.08770774944798093,0.1095845812639626,0.0139216106232598,0.18186377316146987,associated,pre
1425,Administration & Law,Nobility,Administration & Law + Nobility,1666,991,27,30.787071354991006,-0.18613500193024693,-0.6882110693852557,0.20231812247421394,0.2334137236868756,0.4302848575712144,0.027245206861755803,-0.7363842451375116,0.22104357026956234,-1.1696296428658537,-0.30313884740916935,0.0008641076801064948,0.5163418290854572,0.002808349960346108,not distinguishable,pre
1425,Administration & Law,Kinship,Administration & Law + Kinship,1666,991,4,19.47898002642217,-2.150486025505113,-3.850571947198248,-1.191215973279795,0.7475882350551574,0.017491254372813594,0.004036326942482341,-1.994411513338258,0.4838261662549289,-2.9427107991979184,-1.0461122274785974,3.7532744364577944e-05,0.03687345516430974,0.00015408179265458314,dissociated,pre
1425,Administration & Law,Big business,Administration & Law + Big business,1666,991,3,1.4712585407932273,0.8282379163210367,-1.916154750809219,1.8256117455316512,0.8650062762706529,0.25337331334332835,0.0030272452068617556,0.17857294626893577,0.5685142809287121,-0.93571504435134,1.2928609368892117,0.7534416019851562,0.34672137615402826,0.8162284021505859,not distinguishable,pre
1425,Administration & Law,Small business,Administration & Law + Small business,1666,991,1,4.982775997193562,-1.8699440317609877,-3.694309681318883,-0.4983682406365816,1.0252906439141807,0.015992003998001,0.0010090817356205853,-1.8504486014093795,0.8273849861522676,-3.472123174267824,-0.22877402855093498,0.02531887282651874,0.03464934199566883,0.053374921093742214,dissociated,pre
1425,Administration & Law,Academia,Administration & Law + Academia,1666,991,22,8.980009157954015,1.2469646435217034,0.6301038196477405,1.6958999419657588,0.26289455552284197,0.0004997501249375312,0.022199798183652877,0.3645210518155696,0.2440764582830951,-0.11386880641929681,0.842910910050436,0.1353140046276085,0.0016948047715272798,0.21269462726105154,associated,pre
1425,Administration & Law,Exploration & Invention,Administration & Law + Exploration & Invention,1666,991,2,1.3118471596403587,0.4644668344971361,-1.9352960888691655,1.5628564466170818,0.9762092303941133,0.5987006496751625,0.0020181634712411706,-0.13563260886355638,0.6620407556701198,-1.4332324899769913,1.1619672722498784,0.8376733178230423,0.6397075434885298,0.8597173525025961,not distinguishable,pre
1425,Administration & Law,Culture (core),Administration & Law + Culture (core),1666,991,11,14.06241371895315,-0.3406156407787493,-1.316526358588553,0.2852574376172302,0.4093499662946535,0.35782108945527236,0.011099899091826439,-1.3644597441351511,0.3140039807521648,-1.979907546409394,-0.7490119418609081,1.3904862977754276e-05,0.45754172094280726,6.02544062369352e-05,not distinguishable,pre
1425,Administration & Law,Culture (periphery),Administration & Law + Culture (periphery),1666,991,2,4.251463204143966,-0.9264437621975425,-3.362264663332526,0.25108291072281114,0.9882420595517409,0.24437781109445278,0.0020181634712411706,-1.1797665832861943,0.6476132063666828,-2.4490884677648928,0.0895553011925041,0.06849826630396144,0.3403833797387021,0.11873032826019983,not distinguishable,pre
1425,Administration & Law,Sport & Games,Administration & Law + Sport & Games,1666,991,0,0.5736202366194875,-1.1024837702008712,-1.5606171928184949,-0.585877655464172,0.24554919782880447,0.0004997501249375312,0.0,-0.7608272852026394,1.4451016531789183,-3.5932265254333196,2.0715719550280403,0.5985498575072571,0.0016948047715272798,0.6968192370980009,dissociated,pre
1425,Military,Religion,Military + Religion,1666,991,2,11.937169027734623,-2.3146581338251893,-4.733586968910029,-1.0917109735646005,0.9873467867651075,0.05147426286856572,0.0020181634712411706,-2.8137173078718094,0.641163514228887,-4.070397795760428,-1.557036819983191,1.1415868499266272e-05,0.09124982963063923,5.237869076133937e-05,not distinguishable,pre
1425,Military,Nobility,Military + Nobility,1666,991,72,33.1029891693744,1.1093914208134557,0.8914546234053432,1.3091843654413644,0.10638179603694171,0.0004997501249375312,0.07265388496468214,0.8468196528963781,0.18027623804997345,0.49347822631843014,1.200161079474326,2.6356528823519523e-06,0.0016948047715272798,1.370539498823015e-05,associated,pre
1425,Military,Kinship,Military + Kinship,1666,991,14,20.94426122608705,-0.5645387144593187,-1.3929760484352336,-0.0030752724030979873,0.3556787707511902,0.10444777611194403,0.014127144298688193,-0.7480165738167905,0.28505225545814483,-1.3067189945147544,-0.1893141531188267,0.008686847465708775,0.1733388624836518,0.021174190697665136,not distinguishable,pre
1425,Military,Big business,Military + Big business,1666,991,1,1.5819320707597073,-0.47296049645754085,-2.3245956911040717,0.895477485744937,1.0021888576362774,0.6276861569215393,0.0010090817356205853,-0.7831954734521726,0.8379543805382714,-2.4255860593071845,0.8591951124028395,0.3499678338816302,0.6616151383767577,0.4626693397079179,not distinguishable,pre
1425,Military,Small business,Military + Small business,1666,991,3,5.357598907886294,-0.7429544877157971,-3.4035277083375446,0.3005349716365797,0.8321521957863471,0.2898550724637681,0.0030272452068617556,-1.0090110679655049,0.5510202594062661,-2.0890107764017865,0.07098864047077669,0.06707536266527993,0.3831982313927782,0.11873032826019983,not distinguishable,pre
1425,Military,Academia,Military + Academia,1666,991,2,9.65551878803321,-2.022263940648871,-4.417826947700243,-0.8395458963910046,0.9701691732311999,0.12393803098450774,0.0020181634712411706,-2.157197572841487,0.6425985644802207,-3.4166907592227194,-0.8977043864602547,0.0007879568842427846,0.2013993003498251,0.0027822205279887627,not distinguishable,pre
1425,Military,Exploration & Invention,Military + Exploration & Invention,1666,991,3,1.4105291736496854,0.8733826343394747,-1.7557691863299525,1.817004402184465,0.8415348432078786,0.22538730634682658,0.0030272452068617556,0.19782723192246304,0.5698224067705875,-0.9190246853478885,1.3146791491928145,0.728460987865988,0.31964017991004495,0.8032564113063028,not distinguishable,pre
1425,Military,Culture (core),Military + Culture (core),1666,991,6,15.120240690198125,-1.2649050606922254,-2.6867724759432634,-0.4316333172455399,0.5960859819055828,0.04247876061969016,0.006054490413723511,-2.0361864927603257,0.4059828671215393,-2.8319129123185425,-1.2404600732021087,5.290967171393178e-07,0.08271474019088017,4.033186498818052e-06,not distinguishable,pre
1425,Military,Culture (periphery),Military + Culture (periphery),1666,991,1,4.571274051305832,-1.757385738932205,-3.5637086187423623,-0.3937052072575901,1.0112899807083835,0.046476761619190406,0.0010090817356205853,-1.7512566253998785,0.8280139536083536,-3.3741639744722516,-0.12834927632750537,0.0344292151069349,0.08430668386736864,0.06549948239855907,not distinguishable,pre
1425,Military,Sport & Games,Military + Sport & Games,1666,991,0,0.6167700805705435,-1.1593321958805551,-1.607312486391643,-0.6223952842287712,0.25207765908333757,0.0004997501249375312,0.0,-0.8017108528311085,1.445004562283986,-3.6339197949077207,2.030498089245504,0.5790209000148501,0.0016948047715272798,0.6842974272902773,dissociated,pre
1425,Religion,Nobility,Religion + Nobility,1666,991,34,55.260108949212615,-0.6926370181881117,-1.182229675295142,-0.34335648392131857,0.21384284159939732,0.004497751124437781,0.034308779011099896,-1.9273632804638126,0.18750041014950847,-2.294864084356849,-1.559862476570776,8.740659464050744e-25,0.013493253373313342,2.2725714606531936e-23,dissociated,pre
1425,Religion,Kinship,Religion + Kinship,1666,991,18,34.96307089648281,-0.9387921999366169,-1.643945230875097,-0.43281108207004226,0.30834109987079716,0.006496751624187906,0.018163471241170535,-1.7502894456134017,0.24740872873805325,-2.2352105539399862,-1.2653683372868174,1.500043300185966e-12,0.016346665376988923,2.340067548290107e-11,dissociated,pre
1425,Religion,Big business,Religion + Big business,1666,991,0,2.640780810855306,-2.6511232635482616,-3.079074155085995,-2.1010247833334414,0.2511739384788443,0.0004997501249375312,0.0,-3.079845708034768,1.4248461783442103,-5.87254421758942,-0.2871471984801155,0.03065453324530223,0.0016948047715272798,0.06292246297719932,dissociated,pre
1425,Religion,Small business,Religion + Small business,1666,991,9,8.943648497758133,0.00858316946054035,-1.1318420844126564,0.6968096903238876,0.4718340856708213,0.9835082458770614,0.009081735620585268,-1.114706684308242,0.34517775246187515,-1.7912550791335173,-0.43815828948296676,0.001240632638165952,0.991504247876062,0.00387077383107777,not distinguishable,pre
1425,Religion,Academia,Religion + Academia,1666,991,43,16.118333527460358,1.3882396838477447,0.9986510188224349,1.701795745421383,0.17445166740865187,0.0004997501249375312,0.04339051463168517,-0.1281908160601409,0.18100532958525412,-0.482961262047239,0.22657962992695715,0.4788113183611563,0.0016948047715272798,0.5745735820333876,associated,pre
1425,Religion,Exploration & Invention,Religion + Exploration & Invention,1666,991,0,2.3546512797713466,-2.513314518732743,-2.9449137722802887,-1.9835925603114337,0.24718025105141014,0.0004997501249375312,0.0,-3.023455818382843,1.4253728384343258,-5.817186581714122,-0.22972505505156438,0.03390763377135814,0.0016948047715272798,0.06549948239855907,dissociated,pre
1425,Religion,Culture (core),Religion + Culture (core),1666,991,47,25.240806611255547,0.8838702510339446,0.548599239217166,1.179682508926835,0.1653790129746451,0.0004997501249375312,0.04742684157416751,-1.037409284442933,0.16695631087484505,-1.3646436537576294,-0.7101749151282367,5.176539152041815e-10,0.0016948047715272798,5.04712567324077e-09,associated,pre
1425,Religion,Culture (periphery),Religion + Culture (periphery),1666,991,2,7.631005792841602,-1.7015057275967753,-4.1386179405916765,-0.5578388733386103,0.971166808812211,0.1329335332333833,0.0020181634712411706,-2.4006124618059514,0.6438161491470185,-3.662492114134108,-1.1387328094777953,0.0001924521082891362,0.21049475262368816,0.0007505632223276311,not distinguishable,pre
1425,Religion,Sport & Games,Religion + Sport & Games,1666,991,2,1.0295983143563041,0.7087752563299784,-1.6691998300258266,1.7643365598406302,0.9171793580232354,0.34132933533233384,0.0020181634712411706,-0.17082605757936686,0.7062269273507003,-1.5550308351867392,1.2133787200280057,0.8088688813429373,0.443728135932034,0.8412236365966549,not distinguishable,pre
1425,Nobility,Kinship,Nobility + Kinship,1666,991,210,96.95616728935455,1.110994842170141,0.9844056479661052,1.2379636440987465,0.06483121571166199,0.0004997501249375312,0.2119071644803229,1.6123083896727235,0.1318953747131542,1.3537934552349413,1.8708233241105057,2.30994908270597e-34,0.0016948047715272798,1.8017602845106565e-32,associated,pre
1425,Nobility,Big business,Nobility + Big business,1666,991,2,7.323154960554718,-1.6458224471744167,-4.068925375611504,-0.46683939349923453,0.9751707724253661,0.14142928535732133,0.0020181634712411706,-2.042283064120529,0.6563986706117754,-3.328824458519609,-0.7557416697214494,0.001862368868466747,0.21630361289943262,0.005188027562157366,not distinguishable,pre
1425,Nobility,Small business,Nobility + Small business,1666,991,12,24.80165093315799,-1.0173034289797394,-1.9312314144387115,-0.418443407159104,0.39253135056890076,0.018490754622688656,0.012108980827447022,-1.4517863749072542,0.3055472790589209,-2.050659041862739,-0.8529137079517692,2.019835198201588e-06,0.037954706857097766,1.125336753283742e-05,dissociated,pre
1425,Nobility,Academia,Nobility + Academia,1666,991,3,44.697785458864516,-3.6908252599440563,-6.458924691828485,-2.5745989582691826,0.882549166757333,0.0004997501249375312,0.0030272452068617556,-3.6768381911198853,0.5415753896020744,-4.738325954739951,-2.6153504274998194,1.1279375955262494e-11,0.0016948047715272798,1.4663188741841243e-10,dissociated,pre
1425,Nobility,Exploration & Invention,Nobility + Exploration & Invention,1666,991,1,6.529688540961932,-2.228498269605985,-4.124690281820024,-0.8340440814780908,0.9978397701215341,0.0004997501249375312,0.0010090817356205853,-2.525331402297527,0.8356664672157661,-4.163237678040428,-0.8874251265546254,0.0025116282982386388,0.0016948047715272798,0.00653023357542046,dissociated,pre
1425,Nobility,Culture (core),Nobility + Culture (core),1666,991,9,69.99533523713804,-2.8915283772118956,-4.113582420897224,-2.1996997857168274,0.4799674520295122,0.0004997501249375312,0.009081735620585268,-3.627843563527567,0.33299984811610217,-4.280523265835128,-2.975163861220007,1.2253128046294398e-27,0.0016948047715272798,4.7787199380548155e-26,dissociated,pre
1425,Nobility,Culture (periphery),Nobility + Culture (periphery),1666,991,5,21.161558617873386,-1.9776335294168643,-3.773786169333611,-1.0787138452959197,0.6757259220689152,0.011494252873563218,0.005045408678102927,-2.213518460841196,0.4425686132480705,-3.0809529428074143,-1.3460839788749777,5.687827113717767e-07,0.02636916835699797,4.033186498818052e-06,dissociated,pre
1425,Nobility,Sport & Games,Nobility + Sport & Games,1666,991,4,2.8551813055302726,0.4235342733113305,-1.3421368365764785,1.1891098882215965,0.6572160085575331,0.40679660169915044,0.004036326942482341,0.003698571021551808,0.5852708751135487,-1.1434323442010037,1.1508294862441073,0.9949578678879695,0.4957833583208396,0.9949578678879695,not distinguishable,pre
1425,Kinship,Big business,Kinship + Big business,1666,991,4,4.63336013881407,-0.18997847715702332,-1.9515312750097256,0.7127228875811276,0.7366621500825571,0.7526236881559221,0.004036326942482341,-0.5921637177600364,0.5059398893343988,-1.5838059008554581,0.3994784653353852,0.24183075674690213,0.7827286356821589,0.34295998229560665,not distinguishable,pre
1425,Kinship,Small business,Kinship + Small business,1666,991,7,15.692004529393488,-1.1103190979892064,-2.468493707338793,-0.36367621780964043,0.5240308291221273,0.043478260869565216,0.007063572149344097,-1.212120970901315,0.3838698309360086,-1.9645058395358919,-0.4597361022667381,0.0015905434745793335,0.08271474019088017,0.004594903371006964,not distinguishable,pre
1425,Kinship,Academia,Kinship + Academia,1666,991,6,28.28028883096015,-2.1465694473826096,-3.561829452535182,-1.3384944230500706,0.5879390544855575,0.004997501249375313,0.006054490413723511,-2.195416442499219,0.40331086088338014,-2.9859057298306437,-1.4049271551677938,5.224826555170787e-08,0.0139216106232598,4.528183014481349e-07,dissociated,pre
1425,Kinship,Exploration & Invention,Kinship + Exploration & Invention,1666,991,3,4.131333935650093,-0.4040728621784267,-2.98478629424215,0.5997782623993906,0.8021627905535583,0.552223888055972,0.0030272452068617556,-0.8155454001921345,0.5660170595479038,-1.924938836906026,0.29384803652175706,0.1496272040852784,0.5993253373313343,0.22884160624807287,not distinguishable,pre
1425,Kinship,Culture (core),Kinship + Culture (core),1666,991,25,44.28604855933801,-0.8125521367847308,-1.4169700599147397,-0.3926070750907126,0.2609133060182573,0.006496751624187906,0.025227043390514632,-1.6200368457826058,0.2147151264205582,-2.0408784935669,-1.1991951979983118,4.521062327770389e-14,0.016346665376988923,8.816071539152259e-13,dissociated,pre
1425,Kinship,Culture (periphery),Kinship + Culture (periphery),1666,991,1,13.388918123863492,-3.2108998192504297,-5.012201827504691,-1.8267021626690327,1.0218108188471209,0.0004997501249375312,0.0010090817356205853,-2.7618442471288693,0.8254612653406443,-4.379748327196532,-1.1439401670612064,0.0008203983608171993,0.0016948047715272798,0.0027822205279887627,dissociated,pre
1425,Kinship,Sport & Games,Kinship + Sport & Games,1666,991,0,1.806473210165281,-2.2056885355051716,-2.7862920430098375,-1.3947574849316142,0.3598493390871274,0.0004997501249375312,0.0,-1.8001668050640283,1.4435550714250394,-4.629534745057105,1.0292011349290489,0.21238387539112302,0.0016948047715272798,0.3067767088982888,dissociated,pre
1425,Big business,Small business,Big business + Small business,1666,991,7,1.185226108077524,2.1539484237161726,0.8969679938912544,2.853472871132072,0.4860240097091628,0.0024987506246876563,0.007063572149344097,1.3303684511498188,0.42050428188482764,0.5061800586555567,2.154556843644081,0.0015575302852196785,0.007796101949025488,0.004594903371006964,associated,pre
1425,Big business,Academia,Big business + Academia,1666,991,1,2.136026446056774,-0.8134023436018836,-2.6691278465594834,0.5688927935574359,1.011062950779799,0.5037481259370314,0.0010090817356205853,-1.304918786296399,0.8363207493238395,-2.9441074549711246,0.33426988237832655,0.11868687920602596,0.5778287326924773,0.19286617870979217,not distinguishable,pre
1425,Big business,Exploration & Invention,Big business + Exploration & Invention,1666,991,3,0.3120420232193507,2.10772862805494,-0.5325963172872167,3.085792932439588,0.8139641600233786,0.04597701149425287,0.0030272452068617556,1.606758741374052,0.5882983952218976,0.4536938867391327,2.7598235960089714,0.006310476118819377,0.08430668386736864,0.015877972169932624,not distinguishable,pre
1425,Big business,Culture (core),Big business + Culture (core),1666,991,2,3.344950664384315,-0.6210369918030614,-3.078710677030882,0.488313245150314,0.9607348831927601,0.4542728635682159,0.0020181634712411706,-1.6253702903702172,0.6567574050195655,-2.9126148042085656,-0.3381257765318688,0.013329542582575554,0.536867929671528,0.03150619155881495,not distinguishable,pre
1425,Big business,Culture (periphery),Big business + Culture (periphery),1666,991,0,1.01127267007797,-1.5957639810054207,-2.0047690927925257,-1.1702178883354533,0.21466261263344527,0.0004997501249375312,0.0,-1.5181871682604124,1.427589816312952,-4.3162632082337975,1.279888871712973,0.2875726011746781,0.0016948047715272798,0.38673556709698087,dissociated,pre
1425,Big business,Sport & Games,Big business + Sport & Games,1666,991,0,0.13644395833686787,-0.34810538924866263,-0.5751328852093947,-0.14630318621619148,0.11063155418318485,0.001999000499750125,0.0,0.5454202685304897,1.4516490294448947,-2.2998118291815035,3.3906523662424832,0.7071216384929229,0.006496751624187906,0.799354895687652,dissociated,pre
1425,Small business,Academia,Small business + Academia,1666,991,9,7.234174694438147,0.2966801620105546,-0.7646714824549591,1.0180928279786075,0.4591793828224825,0.4897551224387806,0.009081735620585268,-0.447673330273244,0.3479949180251069,-1.1297433696024535,0.2343967090559655,0.19829080101367824,0.5701626798541028,0.29743620152051736,not distinguishable,pre
1425,Small business,Exploration & Invention,Small business + Exploration & Invention,1666,991,0,1.0568064417657068,-1.6385895848386844,-2.026353972629242,-1.1970239901833999,0.21569124088551728,0.0004997501249375312,0.0,-1.600747358034071,1.4276603966719208,-4.398961735511035,1.1974670194428936,0.26218648805336786,0.0016948047715272798,0.3651883226457624,dissociated,pre
1425,Small business,Culture (core),Small business + Culture (core),1666,991,20,11.328491505853725,0.793357812028534,0.1484361856381068,1.2572961514591443,0.28160148298648574,0.010994502748625687,0.020181634712411706,-0.41244620370735935,0.25227219140746215,-0.9068996988659852,0.08200729145126645,0.10206469518254367,0.025987006496751622,0.1730662222660523,associated,pre
1425,Small business,Culture (periphery),Small business + Culture (periphery),1666,991,17,3.4249216214341303,2.1566191724941595,1.5415329326104985,2.647683828881174,0.28788588212528665,0.0004997501249375312,0.017154389505549948,1.333504809019983,0.2864638972178466,0.7720355704730038,1.8949740475669623,3.238963639992667e-06,0.0016948047715272798,1.5789947744964252e-05,associated,pre
1425,Small business,Sport & Games,Small business + Sport & Games,1666,991,1,0.46210075368294723,0.640702610940227,-1.1731580842378417,1.941379284743426,0.9744667697527593,0.545727136431784,0.0010090817356205853,0.6500946970506417,0.8739263303423251,-1.0628009104203153,2.362990304521599,0.45695019862178254,0.5993253373313343,0.5569080545702975,not distinguishable,pre
1425,Academia,Exploration & Invention,Academia + Exploration & Invention,1666,991,1,1.9045872282008967,-0.6808267612838084,-2.5648349373782944,0.7854042492089113,1.015735454066471,0.5422288855572214,0.0010090817356205853,-1.2471539186953142,0.8372691597970047,-2.8882014718974434,0.3938936345068149,0.13634270978272534,0.5993253373313343,0.21269462726105154,not distinguishable,pre
1425,Academia,Culture (core),Academia + Culture (core),1666,991,60,20.416321649953332,1.5323059812405124,1.2537423067133167,1.794234797045861,0.13960353918811344,0.0004997501249375312,0.060544904137235116,0.1236279452066338,0.16302478732479958,-0.19590063794997337,0.44315652836324093,0.44824846560385756,0.0016948047715272798,0.5554702660418926,associated,pre
1425,Academia,Culture (periphery),Academia + Culture (periphery),1666,991,4,6.172428289587118,-0.5682868939698181,-2.2788996159034127,0.38897236199219026,0.7393883670819056,0.36431784107946025,0.004036326942482341,-1.1273097004534691,0.4887304818830102,-2.0852214449441693,-0.16939795596276908,0.021076676185993827,0.45833534845480484,0.04566613173631996,not distinguishable,pre
1425,Academia,Sport & Games,Academia + Sport & Games,1666,991,0,0.8328026389923063,-1.4144631624017405,-1.915855710195894,-0.7942433766804515,0.28660255884765157,0.0004997501249375312,0.0,-1.3197856243597728,1.4440689238690927,-4.150160715143194,1.510589466423649,0.36075082214734333,0.0016948047715272798,0.46897606879154635,dissociated,pre
1425,Exploration & Invention,Culture (core),Exploration & Invention + Culture (core),1666,991,3,2.982524081623258,0.0072215929731207365,-2.7030502511447163,1.0107887500603896,0.8616759121899221,0.991504247876062,0.0030272452068617556,-1.1957786016550316,0.565374343790772,-2.303912315484945,-0.08764488782511837,0.03442815878305016,0.991504247876062,0.06549948239855907,not distinguishable,pre
1425,Exploration & Invention,Culture (periphery),Exploration & Invention + Culture (periphery),1666,991,2,0.9017009200493428,0.8347495395408137,-1.5427356447848275,1.9416320970234073,0.9262692689777339,0.26186906546726635,0.0020181634712411706,0.22826863879838125,0.664401119736366,-1.073957555884896,1.5304948334816584,0.7311692974711217,0.35216874321459957,0.8032564113063028,not distinguishable,pre
1425,Exploration & Invention,Sport & Games,Exploration & Invention + Sport & Games,1666,991,1,0.12166020738802533,1.2707643610170425,-0.41457989125687067,2.5327084897023338,0.9815606757577525,0.38830584707646176,0.0010090817356205853,1.812648771283248,0.8850004458427337,0.07804789743148977,3.547249645135006,0.04054141821945348,0.48075962018990503,0.07529120526469932,not distinguishable,pre
1425,Culture (core),Culture (periphery),Culture (core) + Culture (periphery),1666,991,45,9.665829815091254,2.16213856119072,1.8520083568429064,2.426426164036271,0.1459382952032553,0.0004997501249375312,0.045408678102926335,1.0586221958947868,0.21453672427772114,0.6381302163104534,1.4791141754791202,8.037413605984695e-07,0.0016948047715272798,5.224318843890051e-06,associated,pre
1425,Culture (core),Sport & Games,Culture (core) + Sport & Games,1666,991,3,1.3041429078468838,0.9560413017147361,-1.4518793923690818,1.8524824299308562,0.7705283921428822,0.15592203898050974,0.0030272452068617556,0.05310029554958246,0.6277949458745735,-1.1773777983645815,1.2835783894637465,0.9325935280505567,0.2294701705750898,0.9447051323109535,not distinguishable,pre
1425,Culture (periphery),Sport & Games,Culture (periphery) + Sport & Games,1666,991,0,0.3942790829844176,-0.838797037198251,-1.2252090984009099,-0.411955610319604,0.20589887213266853,0.0004997501249375312,0.0,-0.4034350844397089,1.446145081597309,-3.2378794443704346,2.4310092754910166,0.7802657297340885,0.0016948047715272798,0.8337085879350534,dissociated,pre
1450,Politics,Administration & Law,Politics + Administration & Law,2363,1341,28,13.164970777386593,1.0604795446240547,0.5847613336354454,1.4562171458290674,0.22621754751583492,0.0004997501249375312,0.020879940343027592,0.19872072534445087,0.21269246369643427,-0.2181565035005603,0.6155979541894621,0.35014393571950053,0.0019490254872563718,0.4551871164353507,associated,pre
1450,Politics,Military,Politics + Military,2363,1341,14,12.341697146818008,0.1752170199375157,-0.6960319854873536,0.7341000912722019,0.37122278236061995,0.6326836581709145,0.010439970171513796,-0.4739530606238818,0.28144234971636867,-1.0255800660679644,0.07767394482020079,0.09217882338946781,0.6668827748288019,0.13826823508420172,not distinguishable,pre
1450,Politics,Religion,Politics + Religion,2363,1341,23,27.052524697111917,-0.22952376531356283,-0.9143542416230893,0.20430697377177612,0.28468719441115115,0.40379810094952523,0.01715137956748695,-1.2761200093435892,0.2214065179611604,-1.7100767845474636,-0.8421632341397147,8.229126002693015e-09,0.4939561469265367,4.937475601615809e-08,not distinguishable,pre
1450,Politics,Nobility,Politics + Nobility,2363,1341,70,44.25210534096108,0.6556677026537073,0.38913770713014556,0.8916219309675453,0.12856061318434595,0.0004997501249375312,0.05219985085756898,-0.02447835699935837,0.14648366053577794,-0.31158633164948313,0.2626296176507664,0.8672863312747024,0.0019490254872563718,0.9141666735057675,associated,pre
1450,Politics,Kinship,Politics + Kinship,2363,1341,21,27.34230529985043,-0.3729420092372353,-0.9943183271780013,0.0962155961232677,0.2852224665690738,0.1839080459770115,0.015659955257270694,-0.7818383981745909,0.2325119689252763,-1.2375618572681324,-0.3261149390810493,0.0007721979121294642,0.2561576354679803,0.002076946108486145,not distinguishable,pre
1450,Politics,Big business,Politics + Big business,2363,1341,11,2.355657170163745,2.0097391659730723,1.1289560173876316,2.5318842025761183,0.3717503165447237,0.0009995002498750624,0.00820283370618941,1.0891761699978428,0.35362711773172134,0.39606701924366905,1.7822853207520166,0.002069914612194985,0.003543682704102494,0.004892525447006329,associated,pre
1450,Politics,Small business,Politics + Small business,2363,1341,13,10.393446403679409,0.30949894974185255,-0.5472298448739886,0.8971743717528702,0.36863490894904827,0.3853073463268366,0.009694258016405667,-0.42612209958185093,0.29157895068217343,-0.997616842918911,0.14537264375520903,0.14389759155310414,0.49268808218841403,0.20407294802076587,not distinguishable,pre
1450,Politics,Academia,Politics + Academia,2363,1341,9,23.928895527483846,-1.362589219791399,-2.516143475812244,-0.6776001746770598,0.47593918676883945,0.015492253873063468,0.006711409395973154,-1.9833836997700747,0.3345371860291386,-2.6390765843871864,-1.327690815152963,3.0526964079510463e-09,0.0345255943456843,1.98425266516818e-08,dissociated,pre
1450,Politics,Exploration & Invention,Politics + Exploration & Invention,2363,1341,9,4.383890514422475,0.9598966546559876,-0.12305489938723613,1.6288347379803934,0.44154568050811893,0.0384807596201899,0.006711409395973154,-0.07165954322313713,0.3502703473784946,-0.7581894240849866,0.6148703376387122,0.8378975263910187,0.07239237524095095,0.8952877679246501,not distinguishable,pre
1450,Politics,Culture (core),Politics + Culture (core),2363,1341,6,29.79757256383621,-2.220690586602792,-3.6373581110486315,-1.3883229343776036,0.6170996963445455,0.00399800099950025,0.0044742729306487695,-3.0279674198209894,0.39958053303809077,-3.8111452645756474,-2.2447895750663314,3.5128707366375394e-14,0.01199400299850075,3.425048968221601e-13,dissociated,pre
1450,Politics,Culture (periphery),Politics + Culture (periphery),2363,1341,1,9.036055307408281,-2.6684301024753387,-4.4515436706911355,-1.3517678926588106,1.018396720069195,0.0004997501249375312,0.0007457121551081282,-2.600498922968512,0.8233325315763886,-4.214230684858234,-0.98676716107879,0.0015858124632707237,0.0019490254872563718,0.003865417879222389,dissociated,pre
1450,Politics,Sport & Games,Politics + Sport & Games,2363,1341,0,0.9508792528460612,-1.53692745836482,-1.992210454301551,-0.9326261847469524,0.2755810644814504,0.0004997501249375312,0.0,-1.2968651879814583,1.4415693225056665,-4.122341060092564,1.528610684129648,0.36832229068120037,0.0019490254872563718,0.4709694864448136,dissociated,pre
1450,Administration & Law,Military,Administration & Law + Military,2363,1341,6,10.089973872444867,-0.7041874066675753,-2.1960561202585622,0.11892055040459584,0.591919873681168,0.19390304847576212,0.0044742729306487695,-0.9935036939084542,0.40630757830156755,-1.7898665473795266,-0.19714084043738178,0.014477143655645099,0.26534101370367447,0.028230430128507945,not distinguishable,pre
1450,Administration & Law,Religion,Administration & Law + Religion,2363,1341,44,22.116834024557498,0.9764083455994297,0.5733986596662464,1.2870331480908868,0.18261224551973892,0.0004997501249375312,0.03281133482475764,-0.06321843622024084,0.17701015990640775,-0.4101583496368001,0.28372147719631835,0.7209826544656484,0.0019490254872563718,0.7920654513847968,associated,pre
1450,Administration & Law,Nobility,Administration & Law + Nobility,2363,1341,21,36.17837817435785,-0.7705931881820163,-1.4598900286673797,-0.287802666312259,0.2981461630231009,0.020989505247376312,0.015659955257270694,-1.1455423963216806,0.2330545482756847,-1.6023293109420227,-0.6887554817013386,8.862840605731416e-07,0.04547726136931534,3.638429301300265e-06,dissociated,pre
1450,Administration & Law,Kinship,Administration & Law + Kinship,2363,1341,7,22.353744611131628,-1.6074680710959515,-2.966669766513404,-0.8528211404431767,0.5509395297024023,0.011494252873563218,0.005219985085756898,-1.570321582919253,0.37675273115349267,-2.3087569359800986,-0.8318862298584073,3.0722598990128184e-05,0.028017241379310345,9.98484467179166e-05,dissociated,pre
1450,Administration & Law,Big business,Administration & Law + Big business,2363,1341,1,1.9258712166274237,-0.6935404627362057,-2.55464598031594,0.6767775090609803,1.0033594841468834,0.545727136431784,0.0007457121551081282,-0.927094379766916,0.8350860519531856,-2.5638630415951598,0.7096742820613278,0.26692221911701075,0.6353241289802859,0.3652619840548568,not distinguishable,pre
1450,Administration & Law,Small business,Administration & Law + Small business,2363,1341,7,8.49717841964865,-0.2625820371436806,-1.6093686139287144,0.5170473349701148,0.5424790634659129,0.6021989005497251,0.005219985085756898,-0.714331363335639,0.3812169594408726,-1.4615166038397494,0.032853877168471324,0.06095545568289959,0.6621346860816167,0.10116011794183337,not distinguishable,pre
1450,Administration & Law,Academia,Administration & Law + Academia,2363,1341,39,19.563106094450262,0.9773076774410987,0.5441442460881,1.330707693013573,0.19694512459268848,0.0004997501249375312,0.029082774049217,0.07211433763822334,0.18566715738694228,-0.2917932908401835,0.4360219661166302,0.6977152073887458,0.0019490254872563718,0.7774540882331739,associated,pre
1450,Administration & Law,Exploration & Invention,Administration & Law + Exploration & Invention,2363,1341,2,3.5840565705006058,-0.7080747550245915,-3.099985572921195,0.46343502544660903,0.9618235054326131,0.4012993503248376,0.0014914243102162564,-1.1683269212834708,0.646173994756766,-2.4348279510067323,0.09817410843979046,0.07059582178179608,0.4939561469265367,0.11315397198399357,not distinguishable,pre
1450,Administration & Law,Culture (core),Administration & Law + Culture (core),2363,1341,13,24.36105221629944,-0.8809279508645848,-1.760376530489784,-0.26590814511654437,0.37698157432784685,0.025987006496751622,0.009694258016405667,-1.8691225450582925,0.28538843215068815,-2.4284838720736412,-1.3097612180429437,5.776932173779208e-11,0.054367553065572484,4.506007095547783e-10,not distinguishable,pre
1450,Administration & Law,Culture (periphery),Administration & Law + Culture (periphery),2363,1341,2,7.387441198492145,-1.6576292498404714,-4.071499719900233,-0.4388947648267829,0.9911744459413298,0.14442778610694654,0.0014914243102162564,-1.7214134714153306,0.6423407642245416,-2.980401369295432,-0.4624255735352292,0.007364263039709697,0.21664167916041982,0.01595590325270434,not distinguishable,pre
1450,Administration & Law,Sport & Games,Administration & Law + Sport & Games,2363,1341,0,0.7773928255515742,-1.3532022527821095,-1.7985513269325133,-0.8033964657572044,0.2569511341837203,0.0004997501249375312,0.0,-0.9448109538225702,1.4420228584540216,-3.7711757563924526,1.8815538487473122,0.5123400760492416,0.0019490254872563718,0.6148080912590899,dissociated,pre
1450,Military,Religion,Military + Religion,2363,1341,9,20.73375414143642,-1.1603600446522853,-2.376671204354638,-0.4451874641859542,0.49262904231558213,0.030484757621189407,0.006711409395973154,-1.75539594622784,0.3369867075373206,-2.415889893000988,-1.0949019994546916,1.8976341429343473e-07,0.06096951524237882,9.867697543258606e-07,not distinguishable,pre
1450,Military,Nobility,Military + Nobility,2363,1341,92,33.915957296155234,1.42637572587224,1.2220738832699471,1.618503782497346,0.09973443636895056,0.0004997501249375312,0.0686055182699478,1.219654173635233,0.15665492763293226,0.9126105154746859,1.5266978317957802,6.937764301391727e-15,0.0019490254872563718,7.73065165012221e-14,associated,pre
1450,Military,Kinship,Military + Kinship,2363,1341,13,20.95584948519482,-0.6684116144728096,-1.621408935580214,-0.0801624820453308,0.3825660256575293,0.07796101949025487,0.009694258016405667,-0.7898246389226871,0.2891386615121432,-1.3565364154864876,-0.2231128623588864,0.006301869933360574,0.12668665667166415,0.014044167280060707,not distinguishable,pre
1450,Military,Big business,Military + Big business,2363,1341,1,1.805436540749234,-0.6200774540738381,-2.4463195574858547,0.7658237031705412,1.0284630808844872,0.5967016491754122,0.0007457121551081282,-0.7963710555338156,0.8354578476958064,-2.4338684370175963,0.841126325949965,0.3404810852653998,0.6621346860816167,0.4501275364525624,not distinguishable,pre
1450,Military,Small business,Military + Small business,2363,1341,4,7.965805958180729,-0.9117224200774035,-2.6558844353468274,0.03185858440875515,0.7423911138362765,0.1549225387306347,0.002982848620432513,-1.127569769984316,0.48441626977977126,-2.0770256587526674,-0.17811388121596428,0.019928695251791462,0.22799920794319822,0.03791312755218864,not distinguishable,pre
1450,Military,Academia,Military + Academia,2363,1341,3,18.339724010895527,-2.4283510034371,-5.174212937848975,-1.3916906121465842,0.8785847794342685,0.05347326336831584,0.0022371364653243847,-2.5221771757388907,0.542420696369617,-3.58532174062334,-1.4590326108544414,3.321696972995029e-06,0.09067205527670948,1.2337731613981537e-05,not distinguishable,pre
1450,Military,Exploration & Invention,Military + Exploration & Invention,2363,1341,9,3.359926998559014,1.2993539508758285,0.23478495616722428,1.9448312201426396,0.4396268306912354,0.009995002498750625,0.006711409395973154,0.4300195957561122,0.3532418269468613,-0.2623343850597359,1.1223735765719602,0.22347036998172853,0.025987006496751626,0.311262301045979,associated,pre
1450,Military,Culture (core),Military + Culture (core),2363,1341,7,22.837629776423356,-1.6376955443240793,-3.113569961036464,-0.8305261626799775,0.5568543809814891,0.012993503248375811,0.005219985085756898,-2.3613613790751575,0.3757578197627984,-3.0978467058102424,-1.6248760523400727,3.2941029646341157e-10,0.030711916768888278,2.3358184658314637e-09,dissociated,pre
1450,Military,Culture (periphery),Military + Culture (periphery),2363,1341,1,6.925466338164967,-2.307519132954034,-4.089040752055187,-0.9021714829071723,1.0322209071706012,0.0004997501249375312,0.0007457121551081282,-2.1135433317044137,0.8245082574949167,-3.7295795163944505,-0.4975071470143768,0.010365296632345901,0.0019490254872563718,0.021276135192710006,dissociated,pre
1450,Military,Sport & Games,Military + Sport & Games,2363,1341,1,0.7287784362990625,0.2877376970277826,-1.548829138105194,1.5663718242830744,0.9741024881793255,0.7041479260369815,0.0007457121551081282,0.36671852076662154,0.8675641510616316,-1.3337072153141765,2.0671442568474196,0.6725148670600982,0.7242168389489465,0.771414112215995,not distinguishable,pre
1450,Religion,Nobility,Religion + Nobility,2363,1341,44,74.34247182260421,-0.7500518711811666,-1.1409803380860903,-0.42418021890933466,0.18823891789672598,0.001999000499750125,0.03281133482475764,-1.5828814888044713,0.16456180892936348,-1.9054226343060239,-1.2603403433029188,6.66258001640531e-22,0.006236881559220389,1.7322708042653808e-20,dissociated,pre
1450,Religion,Kinship,Religion + Kinship,2363,1341,25,45.934414773202874,-0.8646972052316172,-1.480365007080581,-0.41223876744790233,0.2715411293935523,0.006496751624187906,0.018642803877703208,-1.431308625303572,0.21213545111594942,-1.8470941094908329,-1.0155231411163113,1.5078268682778488e-11,0.01876839358098728,1.3067832858408022e-10,dissociated,pre
1450,Religion,Big business,Religion + Big business,2363,1341,1,3.9574473450986862,-1.571255254972371,-3.4002490633300453,-0.19953649728812306,1.0062627383413854,0.16091954022988506,0.0007457121551081282,-2.064903894987643,0.833312464658775,-3.6981963257188415,-0.4316114642564439,0.013214087315318295,0.23104811230748265,0.026428174630636587,not distinguishable,pre
1450,Religion,Small business,Religion + Small business,2363,1341,6,17.46073978744855,-1.4663351514190215,-2.935057723050421,-0.6345276937908373,0.6235394215986558,0.026486756621689155,0.0044742729306487695,-2.033597085272501,0.40338469154517537,-2.8242310807010447,-1.2429630898439572,4.62297030249017e-07,0.054367553065572484,2.1211275505543133e-06,not distinguishable,pre
1450,Religion,Academia,Religion + Academia,2363,1341,97,40.19996851655719,1.260374540366411,1.0388695080419934,1.4638400979811732,0.10651436142207711,0.0004997501249375312,0.07233407904548844,-0.00954458103354883,0.12724318395225967,-0.2589412215799778,0.23985205951288013,0.9402063189727913,0.0019490254872563718,0.977814571731703,associated,pre
1450,Religion,Exploration & Invention,Religion + Exploration & Invention,2363,1341,2,7.364830543783492,-1.6534875866751622,-4.049987889374306,-0.4674248134182377,0.952547314017504,0.12593703148425786,0.0014914243102162564,-2.3130429653864892,0.643867238845592,-3.5750227535238497,-1.0510631772491288,0.00032761847767611276,0.19260957756415908,0.0009126514735263141,not distinguishable,pre
1450,Religion,Culture (core),Religion + Culture (core),2363,1341,65,50.05920467830304,0.3735211372745638,0.0901559641294485,0.6304745516401814,0.14181676390161047,0.010494752623688156,0.048471290082028336,-1.3202622873593555,0.14077779726017348,-1.5961867699892955,-1.0443378047294154,6.701844427838725e-21,0.02640615176282826,1.3068596634285515e-19,associated,pre
1450,Religion,Culture (periphery),Religion + Culture (periphery),2363,1341,9,15.180355418179158,-0.7229588420597324,-1.8539005523209748,-0.04341645340805497,0.47142717625423586,0.10644677661169415,0.006711409395973154,-1.46770675060431,0.33955243898905296,-2.1332295310228537,-0.8021839701857661,1.5428893763042154e-05,0.16944588930024784,5.232407450075165e-05,not distinguishable,pre
1450,Religion,Sport & Games,Religion + Sport & Games,2363,1341,1,1.5974542570740424,-0.4836768468631108,-2.4046803484668984,0.8235206973710875,0.9726944110603559,0.6166916541729135,0.0007457121551081282,-0.899348235233504,0.8654969051054703,-2.5957221692402257,0.7970256987732176,0.2987526424965782,0.6621346860816167,0.4017707950816051,not distinguishable,pre
1450,Nobility,Kinship,Nobility + Kinship,2363,1341,214,75.13881177737838,1.5037790426818367,1.3821945653701508,1.6295188116000818,0.06427062853469638,0.0004997501249375312,0.15958240119313946,1.965478107371233,0.12550928008803972,1.7194799183986753,2.211476296343791,2.8379833126202898e-55,0.0019490254872563718,2.213626983843826e-53,associated,pre
1450,Nobility,Big business,Nobility + Big business,2363,1341,4,6.473531722357504,-0.6319644879210888,-2.385622549925498,0.296989942579072,0.7423489347568147,0.3238380809595202,0.002982848620432513,-1.0343892462721416,0.5018663850408732,-2.018047360952253,-0.05073113159203013,0.039294937663765954,0.4281249205905522,0.0712791892505522,not distinguishable,pre
1450,Nobility,Small business,Nobility + Small business,2363,1341,11,28.562010572261784,-1.3375006539928715,-2.3339335133577,-0.6923883995020895,0.41889148697131207,0.0079960019990005,0.00820283370618941,-1.5766003042274073,0.30962674958550573,-2.1834687334149985,-0.9697318750398161,3.544214531852073e-07,0.02227457699721568,1.7278045842778856e-06,dissociated,pre
1450,Nobility,Academia,Nobility + Academia,2363,1341,7,65.75849246661713,-3.143142878434605,-4.518401786385358,-2.3469239689578085,0.5543039759605555,0.0014992503748125937,0.005219985085756898,-3.2268528952343303,0.371639570838336,-3.955266454077469,-2.4984393363911916,3.863182584510548e-18,0.004872563718140929,6.026564831836456e-17,dissociated,pre
1450,Nobility,Exploration & Invention,Nobility + Exploration & Invention,2363,1341,4,12.047276943309779,-1.4793773925497486,-3.190665311186803,-0.5737214355614015,0.7259825308119261,0.057971014492753624,0.002982848620432513,-1.851164781465947,0.48673415059303804,-2.805163716628302,-0.8971658463035925,0.00014281825448141908,0.09620721554116558,0.00042845476344425724,not distinguishable,pre
1450,Nobility,Culture (core),Nobility + Culture (core),2363,1341,13,81.88607989499374,-2.6094411902907484,-3.5402020768732245,-1.9851542079242313,0.39620485411446155,0.0004997501249375312,0.009694258016405667,-3.306120257019969,0.27958634727977766,-3.854109497688333,-2.7581310163516046,2.8975828484223306e-32,0.0019490254872563718,1.130057310884709e-30,dissociated,pre
1450,Nobility,Culture (periphery),Nobility + Culture (periphery),2363,1341,3,24.831792766100296,-2.8555223550218276,-5.599068344923483,-1.825065275146682,0.8616440272318008,0.009495252373813094,0.0022371364653243847,-2.6818637400566936,0.5433401441291357,-3.7468104225497996,-1.6169170575635876,7.978866143708851e-07,0.025538954660600736,3.457508662273835e-06,dissociated,pre
1450,Nobility,Sport & Games,Nobility + Sport & Games,2363,1341,3,2.6130911939969166,0.16900708273844098,-2.3898938134938708,1.1326201107707847,0.8017346000887985,0.8075962018990505,0.0022371364653243847,-0.02648042049813711,0.619024536558354,-1.2397685121525108,1.1868076711562368,0.965878773269906,0.8180844642613757,0.9912966357243773,not distinguishable,pre
1450,Kinship,Big business,Kinship + Big business,2363,1341,1,3.999838637216832,-1.58491076706315,-3.4270420022617083,-0.24473586800622926,1.0116374409356916,0.1629185407296352,0.0007457121551081282,-1.5051872385745426,0.8339259773677916,-3.1396821542154143,0.12930767706632884,0.07108390547712416,0.23104811230748265,0.11315397198399357,not distinguishable,pre
1450,Kinship,Small business,Kinship + Small business,2363,1341,8,17.64777533243069,-1.09425795813446,-2.3398483813296136,-0.31995876665002965,0.5019607897715257,0.038980509745127435,0.005965697240865026,-1.17334149852027,0.3572981554811368,-1.873645883263298,-0.4730371137772418,0.0010237098927464354,0.07239237524095095,0.0025757861817490954,not distinguishable,pre
1450,Kinship,Academia,Kinship + Academia,2363,1341,2,40.63058160118514,-4.040211472208175,-6.410368097734994,-2.887776602106081,0.9675001673193935,0.0004997501249375312,0.0014914243102162564,-3.5965396154523726,0.6371103941272033,-4.845275987941691,-2.347803242963054,1.6510374685228773e-08,0.0019490254872563718,9.19863732462746e-08,dissociated,pre
1450,Kinship,Exploration & Invention,Kinship + Exploration & Invention,2363,1341,7,7.443720963732815,-0.08292435111109432,-1.4312439864695792,0.685129698104652,0.5573012642801889,0.8645677161419291,0.005219985085756898,-0.5712296141222045,0.3869739041645574,-1.329698466284737,0.18723923804032794,0.13990495658819965,0.864567716141929,0.20208493729406615,not distinguishable,pre
1450,Kinship,Culture (core),Kinship + Culture (core),2363,1341,27,50.595427698768034,-0.8937625779767386,-1.458106827118716,-0.47428515886439776,0.2485636874521391,0.0009995002498750624,0.020134228187919462,-1.715534650949411,0.20443975132215522,-2.116236563540835,-1.3148327383579868,4.804084073763486e-17,0.003543682704102494,6.245309295892532e-16,dissociated,pre
1450,Kinship,Culture (periphery),Kinship + Culture (periphery),2363,1341,3,15.342963995090814,-2.178415441390649,-4.90976872985346,-1.0888442865080261,0.8633207437144548,0.04697651174412794,0.0022371364653243847,-1.957724550746198,0.5444518606659422,-3.0248501976514444,-0.8905989038409514,0.0003234314543285616,0.08327654354640862,0.0009126514735263141,not distinguishable,pre
1450,Kinship,Sport & Games,Kinship + Sport & Games,2363,1341,1,1.6145658303059316,-0.495398974082801,-2.4133296396882704,0.8659184829406688,0.9902772924261497,0.6196901549225388,0.0007457121551081282,-0.341101491808999,0.8660885152243694,-2.038634981648763,1.3564319980307649,0.693698155139419,0.6621346860816167,0.7774540882331739,not distinguishable,pre
1450,Big business,Small business,Big business + Small business,2363,1341,6,1.5204317281727755,1.685776115489141,0.2842967956350289,2.4370418245184444,0.5601890816016442,0.014492753623188406,0.0044742729306487695,0.9591165515387664,0.43552588725051966,0.10548581252774791,1.812747290549785,0.027650950192811465,0.03324808184143222,0.05135176464379273,associated,pre
1450,Big business,Academia,Big business + Academia,2363,1341,0,3.5004993114928937,-3.0001800773145635,-3.4012717284307454,-2.4909294638618467,0.23452765820920665,0.0004997501249375312,0.0,-2.9160626798843174,1.423916169131113,-5.706938371381299,-0.12518698838733577,0.040568094931754436,0.0019490254872563718,0.07191616828811014,dissociated,pre
1450,Big business,Exploration & Invention,Big business + Exploration & Invention,2363,1341,3,0.6413085681188452,1.6166660256890255,-1.0592958719554795,2.593122743693765,0.8310179494285168,0.04997501249375312,0.0022371364653243847,0.9431656092051369,0.5701726246602625,-0.17437273512897755,2.0607039535392513,0.09809185121011713,0.08662335498917208,0.14436159234696483,not distinguishable,pre
1450,Big business,Culture (core),Big business + Culture (core),2363,1341,2,4.3590136504238455,-0.9587353905357568,-3.374633508612146,0.22689931171222108,0.979823368619497,0.23438280859570215,0.0014914243102162564,-1.8691789806098544,0.6542460489840941,-3.151501236618679,-0.5868567246010301,0.004276699185611427,0.3152044667321512,0.009811251072873273,not distinguishable,pre
1450,Big business,Culture (periphery),Big business + Culture (periphery),2363,1341,2,1.3218623210529936,0.45651415673484264,-1.9730274395596705,1.6212913629619952,0.9660974872152284,0.6096951524237881,0.0014914243102162564,0.016710137710486718,0.6584832992660398,-1.2739171288509512,1.3073374042719248,0.979754490293013,0.6621346860816167,0.9924785745825326,not distinguishable,pre
1450,Big business,Sport & Games,Big business + Sport & Games,2363,1341,0,0.1391017887172211,-0.35411763031095467,-0.5695327845484095,-0.16345892103182266,0.10193536630787127,0.0014992503748125937,0.0,0.7480803901934986,1.4488610143317926,-2.091687197896815,3.587847978283812,0.6056287748154288,0.004872563718140929,0.7157430975091431,dissociated,pre
1450,Small business,Academia,Small business + Academia,2363,1341,21,15.44462939723486,0.4312660945535062,-0.1749783552434149,0.8996038040661078,0.2781939416067495,0.1184407796101949,0.015659955257270694,-0.4108141740971496,0.23785081620422022,-0.8770017738574212,0.05537342566312203,0.08413307604830558,0.18476761619190404,0.12867411630917325,not distinguishable,pre
1450,Small business,Exploration & Invention,Small business + Exploration & Invention,2363,1341,1,2.8295315275016355,-1.1503567004505573,-2.9674989654097197,0.2112918208569272,1.0106765987491106,0.4052973513243378,0.0007457121551081282,-1.4454230963447428,0.8278325296419785,-3.0679748544430208,0.17712866175353503,0.08080517973278324,0.4939561469265367,0.12605608038314187,not distinguishable,pre
1450,Small business,Culture (core),Small business + Culture (core),2363,1341,36,19.232499245821046,0.887322769907707,0.4507662641605122,1.2499691282931682,0.19953557752761625,0.0004997501249375312,0.026845637583892617,-0.3824056283703326,0.1935884450292376,-0.7618389806276383,-0.0029722761130268616,0.0482280365080804,0.0019490254872563718,0.08322968182263897,associated,pre
1450,Small business,Culture (periphery),Small business + Culture (periphery),2363,1341,23,5.8322175913027925,1.8918780206340178,1.3134755973849692,2.3130997569892515,0.25243229133084016,0.0004997501249375312,0.01715137956748695,1.0858273101760152,0.24215786264169972,0.6111978993982837,1.5604567209537468,7.3268785050318835e-06,0.0019490254872563718,2.5977114699658495e-05,associated,pre
1450,Small business,Sport & Games,Small business + Sport & Games,2363,1341,0,0.6137340373632885,-1.1554047544121975,-1.5693064564632322,-0.6565840031394543,0.23166403969414837,0.0004997501249375312,0.0,-0.6955432111431712,1.442457921119698,-3.522760736537779,2.1316743142514367,0.6296688004038267,0.0019490254872563718,0.7330472601716191,dissociated,pre
1450,Academia,Exploration & Invention,Academia + Exploration & Invention,2363,1341,8,6.514447824480924,0.27713330151594795,-0.9672148926613156,1.046020622996226,0.4994420562896555,0.5412293853073463,0.005965697240865026,-0.7193298178111937,0.3655391597769657,-1.4357865709740465,-0.002873064648340806,0.0490841713312999,0.6353241289802859,0.08322968182263897,not distinguishable,pre
1450,Academia,Culture (core),Academia + Culture (core),2363,1341,103,44.27910120580818,1.2087332915214213,0.9855459722530305,1.406691699720662,0.10849550591118194,0.0004997501249375312,0.07680835197613721,-0.32632050107059496,0.12309070465851847,-0.5675782822012911,-0.08506271993989875,0.008024024660527066,0.0019490254872563718,0.01691551144651652,associated,pre
1450,Academia,Culture (periphery),Academia + Culture (periphery),2363,1341,3,13.42755040199491,-1.9925147097595586,-4.721613432836741,-0.8829929308644916,0.8534202789419117,0.04547726136931534,0.0022371364653243847,-2.2459163845821974,0.5438984122950248,-3.311957272680446,-1.1798754964839488,3.6387905377871763e-05,0.08249363690247899,0.00011353026477895991,not distinguishable,pre
1450,Academia,Sport & Games,Academia + Sport & Games,2363,1341,1,1.4130036458866981,-0.3508771225173108,-2.23218333034752,0.9979893825540417,0.9807669953547936,0.7056471764117941,0.0007457121551081282,-0.624870012281917,0.8657425972962705,-2.321725502982607,1.0719854784187732,0.4704337817027029,0.7242168389489465,0.5733411714501692,not distinguishable,pre
1450,Exploration & Invention,Culture (core),Exploration & Invention + Culture (core),2363,1341,10,8.112147572391809,0.2859443819389936,-0.7054495357604972,0.92184899528422,0.42833686806627974,0.4687656171914043,0.007457121551081283,-1.1048053309239843,0.33279966514182563,-1.7570926746019624,-0.452517987246006,0.0009010425790022128,0.5625187406296852,0.0023427107054057534,not distinguishable,pre
1450,Exploration & Invention,Culture (periphery),Exploration & Invention + Culture (periphery),2363,1341,4,2.4599928054190854,0.6043313322093107,-1.1142059956994816,1.5089105811834902,0.7477323686854522,0.3493253373313343,0.002982848620432513,-0.13807505428293473,0.4923251508919753,-1.1030323500312063,0.8268822414653368,0.7791284390380704,0.4541229385307346,0.8440558089579095,not distinguishable,pre
1450,Exploration & Invention,Sport & Games,Exploration & Invention + Sport & Games,2363,1341,0,0.25886916815414024,-0.6019230862409749,-0.9002556337755373,-0.3078213294561228,0.1500092531774577,0.0004997501249375312,0.0,-0.006596329986553245,1.4444201613495713,-2.837659846231713,2.8244671862586066,0.9963562599712231,0.0019490254872563718,0.9963562599712231,dissociated,pre
1450,Culture (core),Culture (periphery),Culture (core) + Culture (periphery),2363,1341,67,16.720721898696148,1.9707418798794052,1.7286172172776324,2.2075785416495632,0.12099268048386062,0.0004997501249375312,0.049962714392244596,0.8434260667624519,0.17454706591199684,0.5013138175749381,1.1855383159499657,1.3511129054075484e-06,0.0019490254872563718,5.269340331089439e-06,associated,pre
1450,Culture (core),Sport & Games,Culture (core) + Sport & Games,2363,1341,5,1.759549604908209,1.2833963891479538,-0.18441589560238555,1.9797830772166736,0.5510580467870503,0.03698150924537731,0.0037285607755406414,0.4524140873735198,0.5491124203119767,-0.6238462564379545,1.5286744311849942,0.40999600346878673,0.07211394302848576,0.5158014237187962,not distinguishable,pre
1450,Culture (periphery),Sport & Games,Culture (periphery) + Sport & Games,2363,1341,1,0.5335799589720688,0.5373124990402255,-1.2866244276640244,1.8562861297876387,0.9827489542659285,0.5812093953023488,0.0007457121551081282,0.6355029882924064,0.8684678985011588,-1.066694092769865,2.3377000693546774,0.4643200449944376,0.6621346860816167,0.5733411714501692,not distinguishable,pre
1475,Politics,Administration & Law,Politics + Administration & Law,3180,1755,43,23.98634565481257,0.8290379189771914,0.3768525981759322,1.1498528204583287,0.19312217123746447,0.0004997501249375312,0.0245014245014245,-0.004917017836995491,0.17275249226701261,-0.3435119026803402,0.3336778670063492,0.9772930456096043,0.001771841352051247,0.9772930456096043,associated,pre
1475,Politics,Military,Politics + Military,3180,1755,24,19.136722910947714,0.31922756471815694,-0.26344895687302566,0.782973268552405,0.2726636733375468,0.2448775612193903,0.013675213675213675,-0.4231077573520197,0.22004392180471413,-0.8543938440892593,0.008178329385219951,0.05450100168742833,0.3326784883420359,0.08020902135130963,not distinguishable,pre
1475,Politics,Religion,Politics + Religion,3180,1755,35,45.32642073399191,-0.3683605840062488,-0.8674318977727283,-0.006606506875302974,0.22368109163220404,0.09145427286356822,0.019943019943019943,-1.4774235640720264,0.17974828271717325,-1.829730198197686,-1.1251169299463668,2.0451879782018803e-16,0.14558027108894533,1.994058278746833e-15,not distinguishable,pre
1475,Politics,Nobility,Politics + Nobility,3180,1755,88,58.16338707639252,0.5932170841136502,0.34294832723841995,0.817003092763416,0.12027733197077378,0.0004997501249375312,0.05014245014245014,-0.2619638106144455,0.1261661043624018,-0.5092493751647531,-0.014678246064137979,0.03786245657365748,0.001771841352051247,0.057907286524417324,associated,pre
1475,Politics,Kinship,Politics + Kinship,3180,1755,26,33.93028629773597,-0.3776858177061892,-1.002236482263041,0.0641165875253228,0.27321333883015403,0.15692153923038482,0.014814814814814815,-0.9018473032902089,0.20819151068631006,-1.3099026642353766,-0.4937919423450412,1.4788455180136379e-05,0.2266644455550003,4.0254803194157564e-05,not distinguishable,pre
1475,Politics,Big business,Politics + Big business,3180,1755,12,5.380454955583996,1.0879284128127993,0.20937181236951116,1.6792433316581123,0.38106523764930317,0.015492253873063468,0.006837606837606838,0.18009682117558673,0.31644815877711235,-0.44014157002755344,0.8003352123787268,0.5692750387924557,0.0345255943456843,0.6343350432258792,associated,pre
1475,Politics,Small business,Politics + Small business,3180,1755,33,18.8254184319395,0.7936614439999136,0.31965935301208687,1.1745677700196122,0.22131354432671094,0.0014992503748125937,0.018803418803418803,-0.040549934892674,0.19426140356923943,-0.42130228588838325,0.34020241610303525,0.8346519779497295,0.004872563718140929,0.8680380570677186,associated,pre
1475,Politics,Academia,Politics + Academia,3180,1755,43,51.652861359218505,-0.26173100721051523,-0.6677943281716029,0.07953285048570725,0.1925603221321615,0.18190904547726136,0.0245014245014245,-1.2783915230904912,0.1647604800619656,-1.6013220640119439,-0.9554609821690386,8.554040126597306e-15,0.2579801008586616,6.672151298745898e-14,not distinguishable,pre
1475,Politics,Exploration & Invention,Politics + Exploration & Invention,3180,1755,14,9.647946159067187,0.514865130066755,-0.33022463694451326,1.0822740319877684,0.366280125129963,0.1424287856071964,0.007977207977207978,-0.541080967045819,0.2811229358796577,-1.0920819213699482,0.009919987278310116,0.0542652742250006,0.2096121750445532,0.08020902135130963,not distinguishable,pre
1475,Politics,Culture (core),Politics + Culture (core),3180,1755,11,49.08642088073193,-2.108311235043472,-3.1192001085290277,-1.4542279719589124,0.42711909109826507,0.001999000499750125,0.0062678062678062675,-2.9525277338613773,0.30124533099964224,-3.5429685826206763,-2.3620868851020784,1.113950173803499e-22,0.005774890332611472,1.4481352259445489e-21,dissociated,pre
1475,Politics,Culture (periphery),Politics + Culture (periphery),3180,1755,3,15.744234186756357,-2.2145009041234123,-4.99814601166854,-1.155979296202196,0.8773463276755485,0.05147426286856572,0.0017094017094017094,-2.3091291893873134,0.5419759157324263,-3.371401984222869,-1.246856394551758,2.0390138684360504e-05,0.09745127436281857,5.130421991548772e-05,not distinguishable,pre
1475,Politics,Sport & Games,Politics + Sport & Games,3180,1755,0,1.1195013572987245,-1.6955496772515424,-2.2107254487926986,-1.0346278556882722,0.30361574483030035,0.0004997501249375312,0.0,-1.5380759900690222,1.4430469056109927,-4.366447925066568,1.2902959449285236,0.2864900614803365,0.001771841352051247,0.3787495728045127,dissociated,pre
1475,Administration & Law,Military,Administration & Law + Military,3180,1755,15,13.482941786814052,0.1486003029427274,-0.664206788052809,0.7270665795046629,0.35360694752589555,0.672663668165917,0.008547008547008548,-0.2585786808602156,0.271197509424972,-0.7901257993331607,0.2729684376127295,0.3403520050307146,0.7495395159563076,0.43370237648321147,not distinguishable,pre
1475,Administration & Law,Religion,Administration & Law + Religion,3180,1755,45,31.93511736596436,0.4883098861162058,0.0926363984999701,0.8238326109524903,0.18554779722558146,0.009995002498750625,0.02564102564102564,-0.42289393883820314,0.16795902536148358,-0.752093628546711,-0.09369424912969532,0.011807697271686086,0.02436281859070465,0.01918750806648989,associated,pre
1475,Administration & Law,Nobility,Administration & Law + Nobility,3180,1755,41,40.979511786017504,0.0007124227336043457,-0.43199285378085917,0.35222678435141636,0.1934965058054117,0.9970014992503748,0.023361823361823363,-0.4724531048782604,0.17413067022687867,-0.8137492185229427,-0.1311569912335782,0.0066634830236428355,0.9970014992503747,0.011550037240980915,not distinguishable,pre
1475,Administration & Law,Kinship,Administration & Law + Kinship,3180,1755,11,23.90587338757954,-1.0855945197110464,-2.0851836430100206,-0.40699412117317524,0.42359126918884366,0.01899050474762619,0.0062678062678062675,-1.1317719065984446,0.30661619891162334,-1.7327396564652262,-0.5308041567316629,0.0002232266163180685,0.04003403703553629,0.0005121081197885101,dissociated,pre
1475,Administration & Law,Big business,Administration & Law + Big business,3180,1755,4,3.7908455533529786,0.06866302844313187,-1.6703430707695706,1.0120001298075838,0.7551814703901377,0.912543728135932,0.002279202279202279,-0.3265080653642572,0.4916516899087183,-1.290145377585345,0.6371292468568308,0.5066234749093104,0.9490454772613693,0.5898004633272568,not distinguishable,pre
1475,Administration & Law,Small business,Administration & Law + Small business,3180,1755,3,13.26360955380978,-1.9754320442128679,-4.751982503870426,-0.9137095059832296,0.8813284377444901,0.05247376311844078,0.0017094017094017094,-1.852401301280826,0.5425072543892495,-2.915715519883755,-0.7890870826778971,0.0006389474841260855,0.09745127436281857,0.0013843862156065186,not distinguishable,pre
1475,Administration & Law,Academia,Administration & Law + Academia,3180,1755,54,36.392465213064554,0.5629300344639578,0.19798339930261014,0.8459335386094199,0.16361462733511642,0.001999000499750125,0.03076923076923077,-0.22249300356839977,0.15726501683452027,-0.5307324365640594,0.08574642942725993,0.1571374800662416,0.005774890332611472,0.21887006152083652,associated,pre
1475,Administration & Law,Exploration & Invention,Administration & Law + Exploration & Invention,3180,1755,4,6.797542976943119,-0.6974858006799051,-2.637827104727627,0.2555572647524908,0.787531380136755,0.3188405797101449,0.002279202279202279,-1.1396442919153613,0.48300566178470405,-2.086335389013381,-0.1929531948173414,0.018300353570431332,0.40112201963534355,0.028548551569872876,not distinguishable,pre
1475,Administration & Law,Culture (core),Administration & Law + Culture (core),3180,1755,18,34.58425762539227,-0.9232985649064422,-1.696705132088642,-0.38479853216373755,0.332850591887782,0.014992503748125937,0.010256410256410256,-1.7286619590532055,0.24409147363403041,-2.207081247375905,-1.2502426707305059,1.420628496850734e-12,0.034394567422171264,9.23408522952977e-12,dissociated,pre
1475,Administration & Law,Culture (periphery),Administration & Law + Culture (periphery),3180,1755,1,11.092734843151414,-2.950186546983296,-4.721687360936949,-1.5859462103133013,1.0410826423587771,0.0004997501249375312,0.0005698005698005698,-2.506780748044145,0.8223002772305715,-4.118489291416065,-0.8950722046722246,0.002299884460607594,0.001771841352051247,0.004484774698184808,dissociated,pre
1475,Administration & Law,Sport & Games,Administration & Law + Sport & Games,3180,1755,2,0.7887542554155376,0.9559509035641962,-1.414865281056045,1.992672593062814,0.9197879347661322,0.20839580209895053,0.0011396011396011395,0.9125811128161195,0.7065411902077334,-0.47223961999103803,2.297401845623277,0.1964895684582466,0.2902655814949668,0.26888046210075855,not distinguishable,pre
1475,Military,Religion,Military + Religion,3180,1755,8,25.47839095441526,-1.6117773297663787,-2.921912148562559,-0.8887668647319127,0.5328038847224482,0.013993003498250875,0.004558404558404558,-2.051065070981443,0.35244744356019503,-2.7418620603594253,-1.3602680816034605,5.902675617241712e-09,0.033074371904956615,2.557826100804742e-08,dissociated,pre
1475,Military,Nobility,Military + Nobility,3180,1755,91,32.69416581252301,1.46284204679366,1.235941440589402,1.6577502705908989,0.1071865638264676,0.0004997501249375312,0.05185185185185185,1.0531551287310872,0.14415226466550338,0.7706166899867006,1.3356935674754737,2.755150526061587e-13,0.001771841352051247,1.953652191207307e-12,associated,pre
1475,Military,Kinship,Military + Kinship,3180,1755,11,19.07252073933658,-0.7671957110417766,-1.765832803248936,-0.07924125108808906,0.43450183895634975,0.06996501749125437,0.0062678062678062675,-0.8649856441555585,0.30828525971628734,-1.4692247531994815,-0.26074653511163526,0.0050192409571086245,0.12127269698484092,0.008897745333056198,not distinguishable,pre
1475,Military,Big business,Military + Big business,3180,1755,3,3.024402382784768,-0.010023724819332433,-2.7261184867585,0.9995636877134373,0.8721384097843058,0.9885057471264368,0.0017094017094017094,-0.34057293800873256,0.5531044439627191,-1.4246576481756619,0.7435117721581967,0.5380608725228702,0.9970014992503747,0.6171874714232922,not distinguishable,pre
1475,Military,Small business,Military + Small business,3180,1755,2,10.581937927644692,-2.148210191326679,-4.554047318684648,-1.0024377927252976,0.9854358206886082,0.12093953023488256,0.0011396011396011395,-1.9406561050477493,0.6399358943590419,-3.1949304579914712,-0.6863817521040274,0.00242473682507366,0.18140929535232383,0.004612913959896231,not distinguishable,pre
1475,Military,Academia,Military + Academia,3180,1755,6,29.03454043609137,-2.1838915402311785,-3.618455266494097,-1.3479832934634697,0.6009174877517943,0.00399800099950025,0.003418803418803419,-2.367493657389008,0.40042134794410134,-3.1523194993594466,-1.5826678154185696,3.3694138921166634e-09,0.010753244067621362,1.6425892724068734e-08,dissociated,pre
1475,Military,Exploration & Invention,Military + Exploration & Invention,3180,1755,25,5.423197776645047,2.106049083185988,1.5580078246279963,2.5179519107891855,0.24169389856813156,0.0004997501249375312,0.014245014245014245,1.123203691805432,0.23017728313323713,0.6720562168642872,1.5743511667465768,1.062295384697966e-06,0.001771841352051247,3.4524600002683893e-06,associated,pre
1475,Military,Culture (core),Military + Culture (core),3180,1755,7,27.591921036340704,-1.9051927842927432,-3.2060980801736343,-1.0804712867478794,0.5430335642123904,0.005997001499250375,0.003988603988603989,-2.4233235760604392,0.37373590805256224,-3.155845955843461,-1.6908011962774174,8.929060974728394e-11,0.015592203898050973,4.974762543062962e-10,dissociated,pre
1475,Military,Culture (periphery),Military + Culture (periphery),3180,1755,3,8.849976402112445,-1.4176078018091607,-4.187529961795191,-0.4182394570991503,0.8664221495856897,0.06046976511744128,0.0017094017094017094,-1.3829194001033647,0.5443102211043843,-2.449767433467958,-0.31607136673877134,0.011063636775748483,0.10719640179910045,0.01836092911719961,not distinguishable,pre
1475,Military,Sport & Games,Military + Sport & Games,3180,1755,0,0.6292818359219117,-1.175405585796019,-1.6235248386350667,-0.6627701425546199,0.24410696613191346,0.0004997501249375312,0.0,-0.6257216743145427,1.443909381815593,-3.4557840626731053,2.2043407140440197,0.6647587362401789,0.001771841352051247,0.7201552975935271,dissociated,pre
1475,Religion,Nobility,Religion + Nobility,3180,1755,43,77.43799824355212,-0.8413114768993591,-1.2734778306631191,-0.5135010775604187,0.19233308694007198,0.0004997501249375312,0.0245014245014245,-1.665877220853968,0.16312382640282055,-1.9855999206034962,-1.34615452110444,1.7458866789378212e-24,0.001771841352051247,2.723583219143001e-23,dissociated,pre
1475,Religion,Kinship,Religion + Kinship,3180,1755,33,45.17435422521587,-0.44722323563233185,-0.9363007993589169,-0.04119698993893258,0.22805324716028225,0.051974012993503245,0.018803418803418803,-1.0997008354617703,0.18687280028997247,-1.4659715240301163,-0.7334301468934243,3.986416258762681e-09,0.09745127436281857,1.829061577549936e-08,not distinguishable,pre
1475,Religion,Big business,Religion + Big business,3180,1755,1,7.163469707374319,-2.3530352329768336,-4.156426328021857,-0.9920298397316619,1.0151033876245013,0.0004997501249375312,0.0005698005698005698,-2.5865416990364016,0.8266238471421069,-4.2067244394349315,-0.966358958637872,0.0017537654312592482,0.001771841352051247,0.0035075308625184963,dissociated,pre
1475,Religion,Small business,Religion + Small business,3180,1755,15,25.063924106620004,-0.721841093971213,-1.6143322039894923,-0.1702851569299996,0.3691140379506955,0.059470264867566215,0.008547008547008548,-1.403686257267393,0.26694854797600404,-1.926905411300361,-0.880467103234425,1.4542071336033375e-07,0.10719640179910045,5.671407821053016e-07,not distinguishable,pre
1475,Religion,Academia,Religion + Academia,3180,1755,161,68.76996661071497,1.221232281376403,1.061252353179523,1.3735035608128114,0.07713723715575148,0.0004997501249375312,0.09173789173789174,-0.016580854635714595,0.10147130535021351,-0.21546461312213308,0.18230290385070388,0.8702000630508602,0.001771841352051247,0.8815013625710012,associated,pre
1475,Religion,Exploration & Invention,Religion + Exploration & Invention,3180,1755,7,12.84515354545045,-0.8313534040832299,-2.1031595858126972,-0.06908002949189683,0.538147528665035,0.10044977511244378,0.003988603988603989,-1.7173392489180732,0.37736419887469846,-2.4569730787124824,-0.9777054191236643,5.342196836956546e-06,0.1567016491754123,1.602659051086964e-05,not distinguishable,pre
1475,Religion,Culture (core),Religion + Culture (core),3180,1755,72,65.35304020296988,0.13873094895859475,-0.16046391367173607,0.39235203066178415,0.14047732412503933,0.32733633183408295,0.041025641025641026,-1.3933101346628651,0.131295701880438,-1.6506497103485236,-1.1359705589772067,2.620750832179619e-26,0.4052735536993408,5.110464122750257e-25,not distinguishable,pre
1475,Religion,Culture (periphery),Religion + Culture (periphery),3180,1755,6,20.961674355360305,-1.723251010620079,-3.227336292526033,-0.8864794678470815,0.6315661485420234,0.02048975512243878,0.003418803418803419,-2.1146192336537872,0.40174524377766985,-2.90203991145802,-1.3271985558495545,1.4127507023949432e-07,0.042057918409216445,5.671407821053016e-07,dissociated,pre
1475,Religion,Sport & Games,Religion + Sport & Games,3180,1755,1,1.4904899542093475,-0.4081610895983707,-2.336801642483014,0.8573062340601851,0.9712725345914324,0.6546726636681659,0.0005698005698005698,-0.7937290676257428,0.8691600648789153,-2.4972827947884166,0.9098246595369311,0.36113004571978835,0.7400647502335789,0.4471133899387856,not distinguishable,pre
1475,Nobility,Kinship,Nobility + Kinship,3180,1755,195,57.96825357438486,1.741443203239221,1.6064596069122847,1.8724173796357448,0.06837603668897733,0.0004997501249375312,0.1111111111111111,1.8003349010039704,0.11818258819357953,1.5686970281445545,2.0319727738633864,2.119232915946773e-52,0.001771841352051247,1.6530016744384827e-50,associated,pre
1475,Nobility,Big business,Nobility + Big business,3180,1755,4,9.192247140916704,-1.1069061908447908,-2.8524749980663,-0.17113769229039374,0.7511495536367307,0.1089455272363818,0.002279202279202279,-1.3736317231742448,0.48951285901268987,-2.3330769268391167,-0.4141865195093726,0.005014204724087445,0.16662257106740747,0.008897745333056198,not distinguishable,pre
1475,Nobility,Small business,Nobility + Small business,3180,1755,13,32.162317162038924,-1.2746677363362997,-2.1623315644825305,-0.6507554795368301,0.3887685625938319,0.0069965017491254375,0.007407407407407408,-1.4903936537687894,0.28431631311008887,-2.0476536274645634,-0.9331336800730152,1.588225349056679e-07,0.017604101175218843,5.899122725067665e-07,dissociated,pre
1475,Nobility,Academia,Nobility + Academia,3180,1755,17,88.24641616164365,-2.342333938402343,-3.176472613929234,-1.808046521825897,0.3440974111872802,0.0004997501249375312,0.009686609686609686,-2.706694430896931,0.24621240057726582,-3.189270736028372,-2.2241181257654903,4.114546380688542e-28,0.001771841352051247,1.069782058979021e-26,dissociated,pre
1475,Nobility,Exploration & Invention,Nobility + Exploration & Invention,3180,1755,9,16.48304952434596,-0.8380961179926201,-1.9636759865689584,-0.12077809474899405,0.4743724336583696,0.07196401799100449,0.005128205128205128,-1.3985600839291175,0.33839252460742303,-2.0618094321596665,-0.7353107356985683,3.581334363307319e-05,0.12202594354996413,8.72950251056159e-05,not distinguishable,pre
1475,Nobility,Culture (core),Nobility + Culture (core),3180,1755,22,83.86177669426603,-1.9066644777696056,-2.543243272205259,-1.4362445896067337,0.29110679669339395,0.0004997501249375312,0.012535612535612535,-2.6600941304474155,0.21858437882337672,-3.0885195129412337,-2.2316687479535973,4.5104396566835875e-34,0.001771841352051247,1.759071466106599e-32,dissociated,pre
1475,Nobility,Culture (periphery),Nobility + Culture (periphery),3180,1755,1,26.89826285766678,-4.191050018517063,-5.934885025691412,-2.8140758573537648,1.029628511765305,0.0004997501249375312,0.0005698005698005698,-3.5544585859343854,0.8210465381540482,-5.16370980071632,-1.945207371152451,1.4966529392699607e-05,0.001771841352051247,4.0254803194157564e-05,dissociated,pre
1475,Nobility,Sport & Games,Nobility + Sport & Games,3180,1755,2,1.9126139398679551,0.0513310171280656,-2.2987176695445797,1.14841421038056,0.9005128567996749,0.9490254872563718,0.0011396011396011395,-0.12721261363604108,0.7050684767219579,-1.5091468280110787,1.2547216007389963,0.8568182236401141,0.973999842184171,0.8793660716306434,not distinguishable,pre
1475,Kinship,Big business,Kinship + Big business,3180,1755,5,5.362403960436506,-0.09206076454518923,-1.8837928734726794,0.7339222624184961,0.681681796199464,0.8575712143928036,0.002849002849002849,-0.3720797492303349,0.4481132774425455,-1.250381773017724,0.5062222745570542,0.40635494080740675,0.903926415170793,0.48762592896888807,not distinguishable,pre
1475,Kinship,Small business,Kinship + Small business,3180,1755,11,18.762260661905252,-0.7441431698584025,-1.709491022558913,-0.07413510786418932,0.4210323659569988,0.07596201899050475,0.0062678062678062675,-0.8649856441555585,0.30828525971628734,-1.4692247531994815,-0.26074653511163526,0.0050192409571086245,0.12606462726083767,0.008897745333056198,not distinguishable,pre
1475,Kinship,Academia,Kinship + Academia,3180,1755,4,51.47957014919145,-3.5299477967781727,-5.206099595556091,-2.5740209074297433,0.7641894462461063,0.0004997501249375312,0.002279202279202279,-3.2850640027179714,0.4763878887830537,-4.218784264732757,-2.351343740703186,5.357168566733704e-12,0.001771841352051247,3.214301140040223e-11,dissociated,pre
1475,Kinship,Exploration & Invention,Kinship + Exploration & Invention,3180,1755,6,9.615578072959558,-0.6380671444093312,-2.107232720433338,0.1734426455329796,0.6269081010493484,0.24737631184407796,0.003418803418803419,-1.0170346612764896,0.40530535628863246,-1.8114331596022093,-0.22263616295076993,0.012096906582393235,0.3326784883420359,0.019256300274013722,not distinguishable,pre
1475,Kinship,Culture (core),Kinship + Culture (core),3180,1755,25,48.921739872817135,-0.9546485539852533,-1.541555942813642,-0.5233903791707618,0.2641790710721191,0.0029985007496251873,0.014245014245014245,-1.6610108958434817,0.2097219757781234,-2.0720659683686034,-1.2499558233183599,2.3739359018024525e-15,0.008352966373955878,2.057411114895459e-14,dissociated,pre
1475,Kinship,Culture (periphery),Kinship + Culture (periphery),3180,1755,4,15.691413542916353,-1.8472320347578528,-3.557334516842266,-0.8965365310746576,0.7610874150590132,0.017491254372813594,0.002279202279202279,-1.6456506457625903,0.4807313288215064,-2.5878840502527427,-0.7034172412724379,0.0006188323775627183,0.037897717807762785,0.001379112155711201,dissociated,pre
1475,Kinship,Sport & Games,Kinship + Sport & Games,3180,1755,0,1.1157455199699062,-1.6921999914139891,-2.2006428431264498,-1.0389255027833304,0.3032194575695419,0.0004997501249375312,0.0,-1.1406761887857555,1.443326688600794,-3.9695964984433116,1.6882441208718006,0.4293464756977038,0.001771841352051247,0.5074094712791045,dissociated,pre
1475,Big business,Small business,Big business + Small business,3180,1755,19,2.975203258542582,2.488304857856122,1.8185586139749037,2.931496394575066,0.2731971051173402,0.0004997501249375312,0.010826210826210826,1.7390761058854936,0.2771106569729426,1.195939218218526,2.282212993552461,3.4796176714423254e-10,0.001771841352051247,1.8094011891500092e-09,associated,pre
1475,Big business,Academia,Big business + Academia,3180,1755,3,8.163311853311214,-1.3075637288706425,-4.046204482233979,-0.23000075586374993,0.8509256066670773,0.0879560219890055,0.0017094017094017094,-1.7399425207102246,0.5502517128124542,-2.818435877822635,-0.6614491635978144,0.0015664399633578184,0.14292853573213393,0.0032153241353134166,not distinguishable,pre
1475,Big business,Exploration & Invention,Big business + Exploration & Invention,3180,1755,1,1.5247789022314324,-0.4328018793407388,-2.2343987336914295,0.9801583513089589,1.028933044005546,0.6356821589205397,0.0005698005698005698,-0.7841299436120766,0.8299028661112684,-2.4107395611901623,0.8424796739660094,0.34473778643537323,0.7291648293500308,0.43370237648321147,not distinguishable,pre
1475,Big business,Culture (core),Big business + Culture (core),3180,1755,5,7.757706947260678,-0.5863096018584296,-2.3719637013230783,0.2889836125642343,0.6635453548192672,0.3053473263368316,0.002849002849002849,-1.4549101253487318,0.44631108944032905,-2.3296798606517766,-0.5801403900456868,0.0011146857858662423,0.39044412220119445,0.002349878143177484,not distinguishable,pre
1475,Big business,Culture (periphery),Big business + Culture (periphery),3180,1755,0,2.488247314398157,-2.5792995539138235,-2.922428226840277,-2.201866925879162,0.18087023240254546,0.0004997501249375312,0.0,-2.1379670631287606,1.4214250962719088,-4.923960251821702,0.6480261255641806,0.13255533490730692,0.001771841352051247,0.18798756586854437,dissociated,pre
1475,Big business,Sport & Games,Big business + Sport & Games,3180,1755,0,0.17692802410845837,-0.43707434927913363,-0.676631479128429,-0.21194298213211255,0.11819873142042153,0.0009995002498750624,0.0,0.5936090976535523,1.447384216015361,-2.2432639657365554,3.4304821610436598,0.6817139270594603,0.0033896095430545597,0.7284066617895604,dissociated,pre
1475,Small business,Academia,Small business + Academia,3180,1755,23,28.56222432816834,-0.3064843695944637,-0.9633848971897175,0.15599919638175613,0.2869075736182076,0.2638680659670165,0.013105413105413105,-0.9683778674545065,0.22243081649224689,-1.4043422677793105,-0.5324134671297026,1.3391154347062467e-05,0.3488425278885981,3.8685557002624904e-05,not distinguishable,pre
1475,Small business,Exploration & Invention,Small business + Exploration & Invention,3180,1755,4,5.334976519208584,-0.3748018488879987,-2.089153956193424,0.6012980429457179,0.7489097845656879,0.5477261369315343,0.002279202279202279,-0.881498024502326,0.48400720086593757,-1.8301521381995636,0.06715608919491167,0.06856889140178035,0.6473127072827223,0.09904395424701606,not distinguishable,pre
1475,Small business,Culture (core),Small business + Culture (core),3180,1755,42,27.14307257660051,0.6205448584959884,0.2159030296029335,0.9519286450140858,0.18933979987808489,0.001999000499750125,0.023931623931623933,-0.45076973371916235,0.17560480367119466,-0.7949551489147039,-0.10658431852362082,0.01025957490371968,0.005774890332611472,0.017396670488915977,associated,pre
1475,Small business,Culture (periphery),Small business + Culture (periphery),3180,1755,27,8.706010410342847,1.578783639533194,1.0421743365779246,1.988716629977551,0.2439222172954079,0.0004997501249375312,0.015384615384615385,0.948407830247143,0.21990998755185864,0.5173842546455001,1.379431405848786,1.6126615694655674e-05,0.001771841352051247,4.1929200806104754e-05,associated,pre
1475,Small business,Sport & Games,Small business + Sport & Games,3180,1755,0,0.6190450647154407,-1.1622681358070468,-1.594365534142341,-0.6471278472813812,0.241605265626337,0.0004997501249375312,0.0,-0.6257216743145427,1.443909381815593,-3.4557840626731053,2.2043407140440197,0.6647587362401789,0.001771841352051247,0.7201552975935271,dissociated,pre
1475,Academia,Exploration & Invention,Academia + Exploration & Invention,3180,1755,12,14.638017396406774,-0.27624817518740924,-1.1569111020965004,0.3747939980926295,0.4020810619576094,0.46926536731634183,0.006837606837606838,-1.1954700773343094,0.2988572874739121,-1.781230360783177,-0.6097097938854418,6.330583856075869e-05,0.5649175412293853,0.00014963198205270237,not distinguishable,pre
1475,Academia,Culture (core),Academia + Culture (core),3180,1755,140,74.47469864912364,0.9060944069496332,0.7299169082715213,1.0723546595272835,0.08796613631330648,0.0004997501249375312,0.07977207977207977,-0.531581600094189,0.1039252052081418,-0.7352750023021469,-0.327888197886231,3.136741823154799e-07,0.001771841352051247,1.112117555482156e-06,associated,pre
1475,Academia,Culture (periphery),Academia + Culture (periphery),3180,1755,11,23.887402574510663,-1.0845022482386717,-2.128306943921375,-0.41103477170768765,0.43893597724502526,0.022988505747126436,0.0062678062678062675,-1.5409655665059896,0.30765519816378584,-2.14396975490701,-0.9379613781049694,5.47869068240187e-07,0.04597701149425287,1.8579907531623733e-06,dissociated,pre
1475,Academia,Sport & Games,Academia + Sport & Games,3180,1755,3,1.698525268825104,0.6708188077471321,-1.7055374658160627,1.547841498604826,0.7620196544538472,0.29535232383808097,0.0017094017094017094,0.21401007079547307,0.6267083234502245,-1.014338243166967,1.4423583847579131,0.7327402019443738,0.38395802098950527,0.7723477804278535,not distinguishable,pre
1475,Exploration & Invention,Culture (core),Exploration & Invention + Culture (core),3180,1755,13,13.910708213868634,-0.09418183118791762,-0.9824491066048232,0.4891222659524789,0.37334249194802704,0.7831084457771115,0.007407407407407408,-1.3138314778879745,0.2885720048488072,-1.8794326073916365,-0.7482303483843125,5.291840597056607e-06,0.8388819288985645,1.602659051086964e-05,not distinguishable,pre
1475,Exploration & Invention,Culture (periphery),Exploration & Invention + Culture (periphery),3180,1755,5,4.461792974373349,0.14857007709412945,-1.6239440886687133,1.0543493343061174,0.6680912817402368,0.7851074462768616,0.002849002849002849,-0.4553782095533558,0.4415326187364049,-1.3207821422767094,0.4100257231699978,0.3023729571834156,0.8388819288985645,0.39308484433844026,not distinguishable,pre
1475,Exploration & Invention,Sport & Games,Exploration & Invention + Sport & Games,3180,1755,1,0.3172579390999232,0.8760991087558294,-0.9066627520789073,2.152703460191965,0.9932127028961418,0.4707646176911544,0.0005698005698005698,1.004339632733442,0.8722810537855425,-0.7053312326862213,2.7140104981531055,0.24956996373882834,0.5649175412293853,0.33562857192463125,not distinguishable,pre
1475,Culture (core),Culture (periphery),Culture (core) + Culture (periphery),3180,1755,100,22.700525501684428,2.114966112917686,1.929256507483514,2.289640218069607,0.0918547531611393,0.0004997501249375312,0.05698005698005698,1.312616391469965,0.15492556668942,1.0089622807587018,1.616270502181228,2.4005486487452454e-17,0.001771841352051247,2.674897065744702e-16,associated,pre
1475,Culture (core),Sport & Games,Culture (core) + Sport & Games,3180,1755,2,1.6141318027336642,0.24186277246064083,-2.1154376084455895,1.346098268513342,0.9062547232318663,0.7566216891554223,0.0011396011396011395,-0.4241827451029246,0.7048767357091744,-1.8057411470929063,0.9573756568870573,0.547318679038229,0.8312181937200414,0.6187080719562589,not distinguishable,pre
1475,Culture (periphery),Sport & Games,Culture (periphery) + Sport & Games,3180,1755,1,0.5177250378934347,0.5596146643073417,-1.2751687146264352,1.859135110576868,0.9832891943804148,0.5847076461769115,0.0005698005698005698,0.7699141632303333,0.8714918075569563,-0.938209779581301,2.478038106041968,0.3769964545800911,0.6807044239074492,0.45946442901948603,not distinguishable,pre
1500,Politics,Administration & Law,Politics + Administration & Law,4177,2289,104,45.378215223624224,1.1876217691639008,0.9588613185461952,1.391604938478714,0.11135287222369197,0.0004997501249375312,0.045434687636522496,0.3326580735781364,0.1202786989651337,0.09691182360647438,0.5684043235497984,0.005679601923068431,0.001856214749767973,0.009040998979578318,associated,transition
1500,Politics,Military,Politics + Military,4177,2289,58,31.062616082834328,0.8902198359063402,0.5693875217253913,1.1702341961950813,0.1576505481087367,0.0004997501249375312,0.025338575797291395,-0.046708393969387293,0.15089502713788341,-0.3424626471596388,0.2490458592208642,0.7569090391813391,0.001856214749767973,0.8116028058881035,associated,transition
1500,Politics,Religion,Politics + Religion,4177,2289,44,61.145397061098905,-0.4701878394080972,-0.8883080706693294,-0.11497229726107887,0.19859197280958032,0.021989005497251374,0.019222367846221056,-1.755025433556796,0.15922103520995345,-2.0670986625683048,-1.4429522045452874,2.974345256344343e-28,0.041764831869779404,3.3142704284979826e-27,dissociated,transition
1500,Politics,Nobility,Politics + Nobility,4177,2289,101,76.64542698579591,0.39582718281161616,0.15785100801252325,0.6062360234297134,0.11755226024182472,0.0029985007496251873,0.04412407164700743,-0.4899471451717927,0.11490433251888531,-0.7151596369088079,-0.26473465343477753,2.0083801493152094e-05,0.008662335498917208,5.221788388219545e-05,associated,transition
1500,Politics,Kinship,Politics + Kinship,4177,2289,55,52.29085850607921,0.0721996435789988,-0.27349598093025534,0.36256975970121047,0.1620060603362087,0.6666666666666666,0.024027959807776323,-0.5785403684843042,0.1492681370734421,-0.8711059171482507,-0.2859748198203577,0.00010625470859886013,0.7156821589205397,0.0002511474930518512,not distinguishable,transition
1500,Politics,Big business,Politics + Big business,4177,2289,15,6.063731542234997,1.2396800768074194,0.48239705141622374,1.7904790398344752,0.32552941885899095,0.0034982508745627187,0.00655307994757536,0.27966807447713166,0.29512607529642426,-0.29877903310385984,0.8581151820581232,0.34332172765350577,0.008802050587609422,0.41842335557771015,associated,transition
1500,Politics,Small business,Politics + Small business,4177,2289,43,32.87433704576623,0.38227622184760995,-0.004200094970882346,0.7225194377920308,0.18824594601419534,0.03948025987006497,0.018785495849716033,-0.41363930925285,0.1686772235813631,-0.7442466674723216,-0.08303195103337829,0.01419646156598487,0.06694478847532756,0.020133163675396724,not distinguishable,transition
1500,Politics,Academia,Politics + Academia,4177,2289,46,84.41815652128506,-0.8688423360580895,-1.2991923457257566,-0.5310285341071451,0.19449741131739104,0.0009995002498750624,0.020096111839231105,-1.8616848259308865,0.1558037994590869,-2.167060272870697,-1.556309378991076,6.578614988826328e-33,0.003248375812093953,1.282829922821134e-31,dissociated,transition
1500,Politics,Exploration & Invention,Politics + Exploration & Invention,4177,2289,24,16.381027387894353,0.5373790393583764,-0.027242529008740395,0.9897703795867332,0.25907611938847996,0.041979010494752625,0.010484927916120577,-0.5423630640552847,0.21995003034100574,-0.973465123523656,-0.1112610045869134,0.013668980792520281,0.06966729401256819,0.01974408336697374,not distinguishable,transition
1500,Politics,Culture (core),Politics + Culture (core),4177,2289,31,89.1561377794033,-1.5090505234805327,-2.016850981550576,-1.0906224223301644,0.2374136578522313,0.0004997501249375312,0.013543031891655745,-2.480100617850815,0.18539161696709427,-2.84346818710632,-2.1167330485953104,8.171053456085044e-41,0.001856214749767973,3.1867108478731674e-39,dissociated,transition
1500,Politics,Culture (periphery),Politics + Culture (periphery),4177,2289,1,26.079883418842382,-4.147300371036621,-5.8642082083363585,-2.8668734869432844,1.0115280341677912,0.0004997501249375312,0.00043687199650502403,-3.777162890139321,0.8199202423880685,-5.384206565219936,-2.1701192150587065,4.09022486593603e-06,0.001856214749767973,1.151554951587199e-05,dissociated,transition
1500,Politics,Sport & Games,Politics + Sport & Games,4177,2289,1,1.5042124545050009,-0.4180729473402685,-2.326157742791469,0.8967504808518746,0.9847301955862983,0.6511744127936032,0.00043687199650502403,-1.06517467768533,0.8516552644725588,-2.734418996051545,0.6040696406808852,0.21103990565353814,0.7156821589205397,0.2743518773495996,not distinguishable,transition
1500,Administration & Law,Military,Administration & Law + Military,4177,2289,16,20.65685417731709,-0.358659103917496,-1.1856119331254873,0.21850514948395106,0.3515798251665885,0.28585707146426786,0.0069899519440803845,-0.7039121637999369,0.2585554139809803,-1.2106807752026585,-0.19714355239721548,0.006479378812084959,0.36552215695430973,0.009719068218127439,not distinguishable,transition
1500,Administration & Law,Religion,Administration & Law + Religion,4177,2289,45,40.662111244495776,0.14454956395773946,-0.22300365408241193,0.4776449740622696,0.18381848829540487,0.43278360819590206,0.019659239842726082,-0.8338808997186515,0.1619093272281895,-1.151223181085903,-0.5165386183514001,2.6007619507782014e-07,0.5438709216820161,8.452476340029156e-07,not distinguishable,transition
1500,Administration & Law,Nobility,Administration & Law + Nobility,4177,2289,43,50.96973816956518,-0.24270904250341047,-0.6916886680670976,0.10209959945451376,0.20056852462446334,0.21189405297351324,0.018785495849716033,-0.6392191090990602,0.16570149085380503,-0.9639940311725181,-0.31444418702560234,0.00011448029495037554,0.27546226886556724,0.00026263126488615564,not distinguishable,transition
1500,Administration & Law,Kinship,Administration & Law + Kinship,4177,2289,14,34.773781966281796,-1.28254336595457,-2.1370770870718028,-0.6912052606871338,0.3844334039098768,0.005497251374312844,0.0061162079510703364,-1.2535965423309456,0.27225229045007576,-1.787211031613094,-0.7199820530487971,4.133787005697638e-06,0.012993503248375811,1.151554951587199e-05,dissociated,transition
1500,Administration & Law,Big business,Administration & Law + Big business,4177,2289,5,4.0324233446507955,0.2791489982767635,-1.3769283022191507,1.1418682440479975,0.639672403226792,0.6051974012993503,0.00218435998252512,-0.15223946388627133,0.44933700430864487,-1.0329399923312153,0.7284610645586727,0.7347535491080532,0.6897855420116029,0.8071940398651852,not distinguishable,transition
1500,Administration & Law,Small business,Administration & Law + Small business,4177,2289,21,21.861661127300746,-0.056690702387178174,-0.7243658202112796,0.44137699736702957,0.29560383020554987,0.8520739630184908,0.009174311926605505,-0.3962655902953155,0.22996972286009634,-0.8470062471011044,0.05447506651047335,0.08486669984438874,0.8631398586421075,0.1161333787344267,not distinguishable,transition
1500,Administration & Law,Academia,Administration & Law + Academia,4177,2289,73,56.13865698007879,0.37595719341142203,0.06800870623415252,0.6386259685322826,0.14133489306941588,0.010994502748625687,0.031891655744866756,-0.386084742596041,0.1340541339508438,-0.6488308451396949,-0.1233386400523871,0.003975920312810958,0.021989005497251374,0.006598335838282014,associated,transition
1500,Administration & Law,Exploration & Invention,Administration & Law + Exploration & Invention,4177,2289,3,10.893496321237583,-1.7027837075216554,-4.461789807332906,-0.6717845315880179,0.8599046023238932,0.04997501249375312,0.001310615989515072,-1.8267880648304136,0.5419778611502315,-2.889064672684867,-0.7645114569759599,0.000750059407877382,0.08120939530234882,0.001392967471772281,not distinguishable,transition
1500,Administration & Law,Culture (core),Administration & Law + Culture (core),4177,2289,37,59.28944723170526,-0.6730002772771652,-1.147901536173436,-0.28569489763016825,0.217227788499501,0.0034982508745627187,0.01616426387068589,-1.3903148448632292,0.17493873337835456,-1.733194762284804,-1.0474349274416543,1.9040730303323562e-15,0.008802050587609422,1.1424438181994137e-14,dissociated,transition
1500,Administration & Law,Culture (periphery),Administration & Law + Culture (periphery),4177,2289,1,17.34330255081659,-3.5723482572231635,-5.314079580246251,-2.1867892057519325,1.0292864068789584,0.0004997501249375312,0.00043687199650502403,-2.9647812590940923,0.8206250065436743,-4.573206271919694,-1.3563562462684906,0.0003028695564242753,0.001856214749767973,0.0006384817675971208,dissociated,transition
1500,Administration & Law,Sport & Games,Administration & Law + Sport & Games,4177,2289,1,1.000311668584316,-0.0002997306761954822,-1.8712044419582134,1.34967201004805,0.9945012220853305,0.999000499750125,0.00043687199650502403,-0.26084595275746153,0.8523365613917678,-1.9314256130853265,1.4097337075704033,0.7595769849978404,0.9990004997501248,0.8116028058881035,not distinguishable,transition
1500,Military,Religion,Military + Religion,4177,2289,9,27.83431530924797,-1.57655092199295,-2.766079830827178,-0.8638342220895494,0.48538712113838306,0.0074962518740629685,0.003931847968545216,-2.1855265164087316,0.3318734231035811,-2.8359984256917503,-1.5350546071257127,4.535954100049726e-11,0.016705932747911757,2.2112776237742414e-10,dissociated,transition
1500,Military,Nobility,Military + Nobility,4177,2289,85,34.8901648247183,1.2725759390703748,1.0327263816509595,1.4962870112801296,0.11844462049764479,0.0004997501249375312,0.03713411970292704,0.6837364314378205,0.13465395392093749,0.419814681752783,0.9476581811228579,3.819708277720085e-07,0.001856214749767973,1.1917489826486665e-06,associated,transition
1500,Military,Kinship,Military + Kinship,4177,2289,17,23.803594602470344,-0.47381478813682,-1.179770427149505,0.07619407211191564,0.32337037783968603,0.13793103448275862,0.007426823940585408,-0.6852947282135272,0.25160611596088245,-1.1784427154968569,-0.19214674093019762,0.006455888338546559,0.1854934601664685,0.009719068218127439,not distinguishable,transition
1500,Military,Big business,Military + Big business,4177,2289,0,2.7603028814834567,-2.7050059967620346,-3.0515757622692075,-2.3240079731829613,0.186805616171587,0.0004997501249375312,0.0,-2.3012067330239243,1.4211074681910292,-5.0865773706783415,0.48416390463049286,0.10538160937682625,0.001856214749767973,0.14172009536883529,dissociated,transition
1500,Military,Small business,Military + Small business,4177,2289,4,14.96489853520797,-1.7810004614191082,-3.4547480350099993,-0.8221022832019804,0.7510767406980372,0.01899050474762619,0.0017474879860200961,-1.714644634636234,0.47873892336581464,-2.6529729244332305,-0.7763163448392374,0.0003415146545788549,0.03703148425787107,0.00070100376466186,dissociated,transition
1500,Military,Academia,Military + Academia,4177,2289,3,38.4284296018384,-3.475397319432824,-6.2474333619675315,-2.3901893065234048,0.8778019230623685,0.0004997501249375312,0.001310615989515072,-3.3573947590037623,0.5388949198711828,-4.413628801951281,-2.301160716056244,4.659966563146226e-10,0.001856214749767973,2.1381023054435625e-09,dissociated,transition
1500,Military,Exploration & Invention,Military + Exploration & Invention,4177,2289,45,7.456892968549539,2.5155894473595937,2.1761044522201347,2.8094464327081496,0.1631095680252219,0.0004997501249375312,0.019659239842726082,1.5025408237232638,0.18158370832934428,1.146636755397749,1.8584448920487786,1.288383044318355e-16,0.001856214749767973,8.374489788069307e-16,associated,transition
1500,Military,Culture (core),Military + Culture (core),4177,2289,13,40.585230777501586,-1.605660463190958,-2.5055813869767873,-0.9776611232873973,0.3909602227783416,0.0014992503748125937,0.005679335954565312,-2.135277498364285,0.28067931216366715,-2.6854089502050726,-1.5851460465234972,2.7937436333731294e-14,0.004677661169415292,1.5565143100221722e-13,dissociated,transition
1500,Military,Culture (periphery),Military + Culture (periphery),4177,2289,4,11.87195983997165,-1.4590771489289505,-3.1671071172817173,-0.5299763486060539,0.7392975927813777,0.06296851574212893,0.0017474879860200961,-1.4949710025303031,0.4795300708914584,-2.4348499414775615,-0.5550920635830447,0.0018234549064796112,0.09823088455772114,0.003232488243304765,not distinguishable,transition
1500,Military,Sport & Games,Military + Sport & Games,4177,2289,1,0.6847404017828704,0.3403915277492465,-1.504897378138934,1.660715522144117,0.995129647932071,0.6711644177911045,0.00043687199650502403,0.08539793205319693,0.8528562125011712,-1.5862002444490984,1.7569961085554924,0.920239778477614,0.7156821589205397,0.9202397784776141,not distinguishable,transition
1500,Religion,Nobility,Religion + Nobility,4177,2289,46,68.67975884727625,-0.5731192684290988,-0.9854769077184574,-0.23681486940917806,0.1890778025998419,0.00399800099950025,0.020096111839231105,-1.5150887427984658,0.15677526771536698,-1.8223682675205852,-1.2078092180763464,4.2845180060772795e-22,0.009745127436281859,4.1774050559253475e-21,dissociated,transition
1500,Religion,Kinship,Religion + Kinship,4177,2289,30,46.85633172583298,-0.6347480898556553,-1.1581820709824118,-0.21965433481001675,0.2434824587581178,0.009495252373813094,0.01310615989515072,-1.3452498209217463,0.19181567465688054,-1.7212085432492321,-0.9692910985942604,2.328575112633365e-12,0.020017018517768145,1.2108590585693497e-11,dissociated,transition
1500,Religion,Big business,Religion + Big business,4177,2289,1,5.4335351294017915,-1.9839294006878347,-3.806490139935299,-0.605830586710999,1.025850711823154,0.0034982508745627187,0.00043687199650502403,-2.396157628550104,0.827275612810287,-4.017617829658267,-0.7746974274419414,0.003774177872239894,0.008802050587609422,0.006399692913798081,dissociated,transition
1500,Religion,Small business,Religion + Small business,4177,2289,22,29.45774626561511,-0.4130040918563026,-1.0677538417920622,0.041021636116973646,0.2862970407253212,0.13493253373313344,0.009611183923110528,-1.2471343416380585,0.22255563085592112,-1.683343378115664,-0.810925305160453,2.098272700153853e-08,0.1846445198453405,8.183263530600026e-08,not distinguishable,transition
1500,Religion,Academia,Religion + Academia,4177,2289,177,75.64467783952645,1.2210039169727183,1.0615316504267225,1.3655664243038663,0.07566600268365122,0.0004997501249375312,0.07732634338138926,-0.21106213368355647,0.09344660896114632,-0.39421748724740324,-0.027906780119709707,0.023905864250314914,0.001856214749767973,0.033297453777224345,associated,transition
1500,Religion,Exploration & Invention,Religion + Exploration & Invention,4177,2289,3,14.67856667925808,-2.1166087354963667,-4.884464564035647,-1.009315463917568,0.8889779043870545,0.054972513743128434,0.001310615989515072,-2.700882864362014,0.5408519374692942,-3.7609526618018307,-1.6408130669221974,5.92160576011306e-07,0.08750726677477587,1.776481728033918e-06,not distinguishable,transition
1500,Religion,Culture (core),Religion + Culture (core),4177,2289,90,79.8902463362716,0.17089732084015705,-0.08334831417174345,0.4135406237050306,0.1279942644337503,0.18190904547726136,0.039318479685452164,-1.3374796213067728,0.1172751395587159,-1.5673388948418558,-1.1076203477716897,3.9645755052346834e-30,0.2404899245292608,6.184737788166106e-29,not distinguishable,transition
1500,Religion,Culture (periphery),Religion + Culture (periphery),4177,2289,6,23.36943212937042,-1.8766526208414303,-3.2370863405648387,-1.0009500586262876,0.5841623262534766,0.009995002498750625,0.002621231979030144,-2.344451041182503,0.39935810292644547,-3.1271929229183364,-1.5617091594466699,4.343561532994444e-09,0.020516057760593388,1.8822099976309256e-08,dissociated,transition
1500,Religion,Sport & Games,Religion + Sport & Games,4177,2289,2,1.347881441767144,0.43605589704111186,-1.98100456004577,1.5016109983552215,0.9294245273242321,0.5822088955522239,0.0008737439930100481,-0.5547385678056082,0.6797508984438193,-1.8870503287554938,0.7775731931442776,0.4144481100713233,0.6777954306428875,0.48980231190247303,not distinguishable,transition
1500,Nobility,Kinship,Nobility + Kinship,4177,2289,220,58.734160292163466,1.8962773337573626,1.7609318170620074,2.034748499831672,0.06775358543644641,0.0004997501249375312,0.09611183923110529,1.8940842653074377,0.1072360667392671,1.6839015744984742,2.104266956116401,8.118031639585766e-70,0.001856214749767973,6.332064678876898e-68,associated,transition
1500,Nobility,Big business,Nobility + Big business,4177,2289,8,6.810907117328606,0.21741241831769345,-0.8745170220518886,0.9547096492625802,0.48385000553152535,0.6101949025487257,0.0034949759720401923,-0.2960512405641977,0.3710675489928875,-1.0233436365902573,0.43124115546186187,0.42496536753387526,0.6897855420116029,0.4947358010095861,not distinguishable,transition
1500,Nobility,Small business,Nobility + Small business,4177,2289,16,36.92512681389934,-1.181541180348973,-1.9843090789363549,-0.6325321463006998,0.3445190894711504,0.0034982508745627187,0.0069899519440803845,-1.3478284784084469,0.2565958499931833,-1.8507563443950863,-0.8449006124218076,1.4986190841251556e-07,0.008802050587609422,5.082273415728788e-07,dissociated,transition
1500,Nobility,Academia,Nobility + Academia,4177,2289,16,94.82019760898876,-2.5303159179216816,-3.3536263245125926,-1.9531966519259176,0.3641613544765722,0.0004997501249375312,0.0069899519440803845,-2.7931353231384017,0.2519321886317331,-3.286922412856599,-2.2993482334202047,1.4530897800902049e-28,0.001856214749767973,1.8890167141172662e-27,dissociated,transition
1500,Nobility,Exploration & Invention,Nobility + Exploration & Invention,4177,2289,11,18.399504537471923,-0.7167145526046547,-1.7049751405422373,-0.06487241798399487,0.4232326268108383,0.08395802098950525,0.004805591961555264,-1.2189609044584295,0.3069855412196652,-1.8206525652489733,-0.6172692436678857,7.164862451297741e-05,0.12593703148425786,0.00017464352225038244,not distinguishable,transition
1500,Nobility,Culture (core),Nobility + Culture (core),4177,2289,26,100.14199492932211,-1.9251681599789159,-2.52131452835006,-1.4895583743198961,0.2669109818416158,0.0004997501249375312,0.011358671909130624,-2.4752394397880586,0.20130075553968374,-2.869788920645839,-2.0806899589302783,9.490663593991604e-35,0.001856214749767973,2.467572534437817e-33,dissociated,transition
1500,Nobility,Culture (periphery),Nobility + Culture (periphery),4177,2289,5,29.293457726366142,-2.4374920437851118,-4.282636343036556,-1.5226644854756584,0.6979127954953129,0.008995502248875561,0.00218435998252512,-2.280761482547511,0.43320391919362455,-3.129841164167015,-1.4316818009280068,1.4029006447102228e-07,0.019490254872563714,4.973920467608972e-07,dissociated,transition
1500,Nobility,Sport & Games,Nobility + Sport & Games,4177,2289,1,1.6895621517878534,-0.545679901251869,-2.4459298648435728,0.7772855108797119,0.9780797590568524,0.5727136431784108,0.00043687199650502403,-0.893599797294812,0.8517559443847168,-2.563041448288857,0.7758418536992329,0.2941198661749226,0.6768433964835764,0.37002176712328966,not distinguishable,transition
1500,Kinship,Big business,Kinship + Big business,4177,2289,4,4.646698366443703,-0.19372223126970958,-1.9137960635843967,0.768736938285667,0.7335949392680934,0.7591204397801099,0.0017474879860200961,-0.41773520069997866,0.49184393184481506,-1.3817493071158162,0.5462789057158588,0.39570063942971656,0.7790972934585338,0.4748407673156599,not distinguishable,transition
1500,Kinship,Small business,Kinship + Small business,4177,2289,13,25.1919345677658,-0.9283561200292029,-1.8117954516424424,-0.31285831842230283,0.37900749777710707,0.022488755622188907,0.005679335954565312,-0.9581027344142315,0.2831998438225255,-1.5131744283063815,-0.4030310405220816,0.0007166392035120333,0.041764831869779404,0.001392967471772281,dissociated,transition
1500,Kinship,Academia,Kinship + Academia,4177,2289,14,64.69048098080229,-2.16860841936367,-3.084111442238813,-1.5839171750658414,0.3832582882982214,0.0009995002498750624,0.0061162079510703364,-2.299079944031684,0.2697163289214928,-2.82772394871781,-1.770435939345558,1.540470105875869e-17,0.003248375812093953,1.092333347802889e-16,dissociated,transition
1500,Kinship,Exploration & Invention,Kinship + Exploration & Invention,4177,2289,7,12.552945768430646,-0.799412927983672,-2.2220464784888763,-0.004108186476301087,0.5692636670400585,0.12443778110944528,0.0030581039755351682,-1.0776096719069956,0.3760358564424307,-1.81463995053416,-0.34057939327983144,0.004160753545192857,0.1793103448275862,0.006761224510938392,not distinguishable,transition
1500,Kinship,Culture (core),Kinship + Culture (core),4177,2289,32,68.32124359273418,-1.082414243519105,-1.6019924995394412,-0.660589362295817,0.23610236848438435,0.0004997501249375312,0.013979903888160769,-1.6025001795373577,0.18590630815600645,-1.9668765435231303,-1.238123815551585,6.699248497280826e-18,0.001856214749767973,5.225413827879044e-17,dissociated,transition
1500,Kinship,Culture (periphery),Kinship + Culture (periphery),4177,2289,7,19.985276530680654,-1.449624867164127,-2.854585265647925,-0.6565099492244815,0.5594006249148495,0.02498750624687656,0.0030581039755351682,-1.3598015487451407,0.37434372891077383,-2.0935152574102576,-0.626087840080024,0.0002806945246705201,0.0453261741222412,0.0006081714701194602,dissociated,transition
1500,Kinship,Sport & Games,Kinship + Sport & Games,4177,2289,0,1.1526931076101687,-1.724818852135258,-2.2172573931844943,-1.1482954776198924,0.2778378910986775,0.0004997501249375312,0.0,-1.462157507355889,1.4340934315353022,-4.272980633165082,1.3486656184533035,0.30793281368102887,0.001856214749767973,0.38125015027175,dissociated,transition
1500,Big business,Small business,Big business + Small business,4177,2289,13,2.921297003198417,1.9803441520937481,1.1541239717376337,2.5433988213197276,0.35734339366150525,0.0009995002498750624,0.005679335954565312,1.2859890574534236,0.3130552122674474,0.6724008414092267,1.8995772734976204,3.9933058685276763e-05,0.003248375812093953,0.00010047672830488993,associated,transition
1500,Big business,Academia,Big business + Academia,4177,2289,1,7.501611585895845,-2.4153280983819756,-4.22530052281463,-1.119914345229215,1.0095160037668058,0.0004997501249375312,0.00043687199650502403,-2.5376553303032883,0.8272092482872926,-4.1589854569463816,-0.9163252036601948,0.0021569079090418006,0.001856214749767973,0.003738640375672454,dissociated,transition
1500,Big business,Exploration & Invention,Big business + Exploration & Invention,4177,2289,2,1.45565965789506,0.354272773978391,-2.059863025846529,1.4648429149777356,0.97697651314939,0.6846576711644178,0.0008737439930100481,-0.14969226992092996,0.6496834462279337,-1.42307182452768,1.1236872846858201,0.8177747375693915,0.7156821589205397,0.8392951254001649,not distinguishable,transition
1500,Big business,Culture (core),Big business + Culture (core),4177,2289,2,7.922640622353133,-1.7523445155452049,-4.152116035752273,-0.5417285002037301,0.9615531449960084,0.12893553223388307,0.0008737439930100481,-2.1795915414755784,0.6463501438999325,-3.446437823519446,-0.9127452594317107,0.0007458301821484076,0.17958877704005144,0.001392967471772281,not distinguishable,transition
1500,Big business,Culture (periphery),Big business + Culture (periphery),4177,2289,1,2.3175246140831365,-0.9094657132115894,-2.7391495567268134,0.45754334644602895,1.008140435015843,0.46476761619190404,0.00043687199650502403,-0.9557300372941149,0.8290105630064534,-2.5805907407867634,0.6691306661985337,0.24896937782086925,0.5664355322338831,0.3183542863938984,not distinguishable,transition
1500,Big business,Sport & Games,Big business + Sport & Games,4177,2289,0,0.13366813540305642,-0.34179937519416237,-0.539052551141867,-0.1778881475816735,0.09142399711843321,0.001999000499750125,0.0,0.5720478412314045,1.4388530520191478,-2.248104140726125,3.392199823188934,0.6909456237662894,0.005997001499250375,0.7699108379110082,dissociated,transition
1500,Small business,Academia,Small business + Academia,4177,2289,43,40.66976018701978,0.07943035594573354,-0.32705072082834097,0.425474808900093,0.1947907307112645,0.6771614192903548,0.018785495849716033,-0.626653291206047,0.16814618380158197,-0.9562198114571476,-0.2970867709549463,0.00019389834922027243,0.7156821589205397,0.00043211632111946427,not distinguishable,transition
1500,Small business,Exploration & Invention,Small business + Exploration & Invention,4177,2289,3,7.891814781748861,-1.2616279140557114,-4.030504806750167,-0.2249868761381773,0.8883700210614586,0.11244377811094453,0.001310615989515072,-1.466539583249333,0.5428339914153781,-2.530494206423474,-0.40258496007519207,0.006899935839212659,0.16548329608780515,0.010154622555822404,not distinguishable,transition
1500,Small business,Culture (core),Small business + Culture (core),4177,2289,59,42.95235636631064,0.45345525373272544,0.11427869034534033,0.7257122184920601,0.15283768819438345,0.0069965017491254375,0.025775447793796417,-0.40740398592041294,0.1491337484465495,-0.69970613287565,-0.1151018389651759,0.006298883728274826,0.016050798130346593,0.009719068218127439,associated,transition
1500,Small business,Culture (periphery),Small business + Culture (periphery),4177,2289,31,12.564389558569898,1.2697121131699904,0.7720092657961954,1.6380785621909724,0.22327158048470244,0.0004997501249375312,0.013543031891655745,0.6823827165023731,0.20088895628986672,0.2886403621742344,1.076125070830512,0.0006817492115925454,0.001856214749767973,0.0013634984231850908,associated,transition
1500,Small business,Sport & Games,Small business + Sport & Games,4177,2289,1,0.7246777508061548,0.2925603175945412,-1.5767241021326137,1.5483144388185814,0.984073029131208,0.6881559220389805,0.00043687199650502403,0.09610939359334236,0.8528753787928004,-1.5755263488405464,1.7677451360272312,0.9102773826830624,0.7156821589205397,0.9202397784776141,not distinguishable,transition
1500,Academia,Exploration & Invention,Academia + Exploration & Invention,4177,2289,17,20.265426327995424,-0.2468285694966251,-1.040464450428074,0.2644647152745142,0.33878268876797596,0.43928035982008995,0.007426823940585408,-1.1376920142408953,0.25354263360861273,-1.6346355761137763,-0.6407484523680143,7.2171322317138654e-06,0.5438709216820161,1.9411597037023503e-05,not distinguishable,transition
1500,Academia,Culture (core),Academia + Culture (core),4177,2289,217,110.29754722175304,0.9730894568502662,0.8358736918267288,1.1051125931856822,0.0673970002164433,0.0004997501249375312,0.09480122324159021,-0.2815995945121969,0.08649887507229725,-0.4511373896538995,-0.11206179937049429,0.0011318134528090834,0.001856214749767973,0.0020530569609095,associated,transition
1500,Academia,Culture (periphery),Academia + Culture (periphery),4177,2289,19,32.2641519089235,-0.7486440644714464,-1.4779558247685614,-0.23216373396324366,0.32164849334099954,0.025987006496751622,0.008300567933595456,-1.3163150996351265,0.23887894680586055,-1.7845178353746132,-0.8481123638956398,3.5804853266358885e-08,0.04606787515333242,1.32989454989333e-07,dissociated,transition
1500,Academia,Sport & Games,Academia + Sport & Games,4177,2289,1,1.8609032239914147,-0.654376404407798,-2.5697093502879564,0.6740400644486726,0.9740329331533212,0.5212393803098451,0.00043687199650502403,-1.266927731748359,0.8515594220478796,-2.9359841989622026,0.402128735465485,0.1368105776714791,0.6254872563718141,0.1808682213283961,not distinguishable,transition
1500,Exploration & Invention,Culture (core),Exploration & Invention + Culture (core),4177,2289,13,21.40282631499477,-0.6981576382369652,-1.5383637921009,-0.10879630763962395,0.3752024294581221,0.06846576711644178,0.005679335954565312,-1.5990689338988637,0.2845523019489534,-2.156791445718812,-1.041346422078915,1.9140467287513497e-08,0.1047123497074992,7.857665518031857e-08,not distinguishable,transition
1500,Exploration & Invention,Culture (periphery),Exploration & Invention + Culture (periphery),4177,2289,10,6.26073794840568,0.6351366945553728,-0.4453264430362296,1.2872257358166006,0.44634648467476734,0.12643678160919541,0.00436871996505024,-0.08039268955566212,0.3244582427608461,-0.7163308453669205,0.5555454662555962,0.8043083834281688,0.1793103448275862,0.8364807187652955,not distinguishable,transition
1500,Exploration & Invention,Sport & Games,Exploration & Invention + Sport & Games,4177,2289,0,0.3611013072849821,-0.7842548836404747,-1.1133487027630609,-0.448769163951499,0.16829031698526983,0.0004997501249375312,0.0,-0.574174686045812,1.435115089037431,-3.3870002605591765,2.2386508884675527,0.6890904910465239,0.001856214749767973,0.7699108379110082,dissociated,transition
1500,Culture (core),Culture (periphery),Culture (core) + Culture (periphery),4177,2289,131,34.074982106512756,1.9272623896626337,1.76516180604676,2.0781273603582773,0.0800540610569967,0.0004997501249375312,0.057230231542158144,1.2426418602941494,0.13277328023851115,0.9824062310266675,1.5028774895616313,8.039897272366645e-21,0.001856214749767973,6.967910969384427e-20,associated,transition
1500,Culture (core),Sport & Games,Culture (core) + Sport & Games,4177,2289,5,1.965346686888168,1.157641080234856,-0.1738045526806107,1.8818578009003126,0.5255608725834626,0.0384807596201899,0.00218435998252512,0.12701778588738583,0.5070791116116373,-0.8668572728714232,1.120892844646195,0.8022091397442785,0.0666999833416625,0.8364807187652955,not distinguishable,transition
1500,Culture (periphery),Sport & Games,Culture (periphery) + Sport & Games,4177,2289,0,0.5749016696805884,-1.1042046903704734,-1.515532846454947,-0.6696129868567836,0.2160878053007973,0.0004997501249375312,0.0,-0.8460925128820764,1.4347007963091534,-3.658106073648017,1.9659210478838642,0.5553686821632982,0.001856214749767973,0.6370405471873125,dissociated,transition
1525,Politics,Administration & Law,Politics + Administration & Law,4653,2608,117,44.30547982659034,1.3909136632522994,1.1897005907781844,1.5855575744986525,0.10227094121887567,0.0004997501249375312,0.04486196319018405,0.5016581820697916,0.11412121793434088,0.2779805949184835,0.7253357692210998,1.1034712027280374e-05,0.00139216106232598,2.7764759294447392e-05,associated,transition
1525,Politics,Military,Politics + Military,4653,2608,61,30.15014690309808,1.0046924218257653,0.680697842781737,1.272439606650085,0.15329474615041566,0.0004997501249375312,0.02338957055214724,0.10074174240685313,0.14704039010956252,-0.1874574222078894,0.38894090702159567,0.4932620628294512,0.00139216106232598,0.5496348700099598,associated,transition
1525,Politics,Religion,Politics + Religion,4653,2608,38,64.94772632966523,-0.7654846276480247,-1.2321772911067193,-0.39217321105142994,0.2157121365291627,0.0014992503748125937,0.014570552147239263,-1.8914416051549048,0.1693052935809902,-2.2232799805736456,-1.559603229736164,5.604590246211692e-29,0.0034394567422171263,5.464475490056399e-28,dissociated,transition
1525,Politics,Nobility,Politics + Nobility,4653,2608,142,85.03880467775986,0.7363109670804585,0.5362146826508858,0.9130900573157147,0.0948030045586329,0.0004997501249375312,0.054447852760736194,-0.10026919207991698,0.10099648868816355,-0.2982223099087175,0.09768392574888356,0.3208080182099904,0.00139216106232598,0.38093022135276733,associated,transition
1525,Politics,Kinship,Politics + Kinship,4653,2608,48,54.655695666983114,-0.18552512648108996,-0.5912325762767486,0.13624669004923412,0.1868446042281855,0.31584207896051975,0.018404907975460124,-0.7501609843648082,0.15623698679631853,-1.0563854784855926,-0.4439364902440238,1.57536433278319e-06,0.38260869565217387,4.72609299834957e-06,not distinguishable,transition
1525,Politics,Big business,Politics + Big business,4653,2608,14,7.711935397668814,0.8202587171488401,0.0014479125290018228,1.3434032674472034,0.34726316412221286,0.026986506746626688,0.005368098159509203,-0.11483108696015391,0.28878593009352077,-0.6808515099434546,0.45118933602314676,0.6909000391859945,0.04561549012727678,0.7090816191645734,associated,transition
1525,Politics,Small business,Politics + Small business,4653,2608,36,28.236822252363684,0.34499592809257956,-0.12028816653851503,0.7201434832695506,0.2133949137468692,0.10744627686156921,0.013803680981595092,-0.44998677659406033,0.1809096054150001,-0.8045696032074605,-0.09540394998066015,0.01286961746057906,0.1470317472842526,0.020076603238503337,not distinguishable,transition
1525,Politics,Academia,Politics + Academia,4653,2608,35,88.62357971789888,-1.327988156192831,-1.8243711014908095,-0.9294657042966843,0.2295060043971439,0.0004997501249375312,0.013420245398773007,-2.1507353831411415,0.17534449050682688,-2.4944105845345224,-1.807060181747761,1.3828951334126311e-34,0.00139216106232598,2.1573164081237045e-33,dissociated,transition
1525,Politics,Exploration & Invention,Politics + Exploration & Invention,4653,2608,14,12.121744347537309,0.20014159311808305,-0.658642524631479,0.7541500259900192,0.3718763073025683,0.5657171414292853,0.005368098159509203,-0.6421175814027346,0.2796780330712462,-1.1902865262223772,-0.09394863658309194,0.02168062125184125,0.6314842578710645,0.03252093187776188,not distinguishable,transition
1525,Politics,Culture (core),Politics + Culture (core),4653,2608,28,90.07486440163329,-1.6681488215641684,-2.24555570888927,-1.2212058290798269,0.2570661425198738,0.0004997501249375312,0.010736196319018405,-2.604250975267841,0.19376912827686152,-2.9840384666904898,-2.2244634838451924,3.525868160987781e-41,0.00139216106232598,9.167257218568231e-40,dissociated,transition
1525,Politics,Culture (periphery),Politics + Culture (periphery),4653,2608,1,25.891934738752163,-4.1370627097296175,-5.854018019908439,-2.7729775312998854,1.0294695950205406,0.0004997501249375312,0.0003834355828220859,-3.710254524879134,0.8196700570843446,-5.31680783676445,-2.103701212993818,5.9962366939914405e-06,0.00139216106232598,1.6618803534709676e-05,dissociated,transition
1525,Politics,Sport & Games,Politics + Sport & Games,4653,2608,0,2.2412657525465183,-2.4548421972975722,-2.916488934406204,-1.894177081296489,0.25949837816090543,0.0004997501249375312,0.0,-2.486377887363958,1.4270917735281239,-5.28347776347908,0.31072198875116497,0.0814613692304512,0.00139216106232598,0.10955149655129645,dissociated,transition
1525,Administration & Law,Military,Administration & Law + Military,4653,2608,23,22.146138412095443,0.05339569189096886,-0.5666165922886895,0.5245011246767749,0.27933227810957595,0.8445777111444278,0.008819018404907975,-0.42274996325229197,0.2197385531740071,-0.8534375274733459,0.007937600968761893,0.05436999438253663,0.878360819590205,0.07440104494452382,not distinguishable,transition
1525,Administration & Law,Religion,Administration & Law + Religion,4653,2608,51,47.70594788378509,0.0953612681427533,-0.30851219985926975,0.4130067204014267,0.17996027525035704,0.5757121439280359,0.019555214723926382,-0.8877748907460973,0.15207628362172682,-1.1858444066446818,-0.5897053748475127,5.292807775403423e-09,0.632472496146293,2.0641950324073348e-08,not distinguishable,transition
1525,Administration & Law,Nobility,Administration & Law + Nobility,4653,2608,50,62.463415015709344,-0.31823040413432113,-0.7192141879304681,0.014448153242519223,0.18394864459625737,0.0864567716141929,0.019171779141104295,-0.7423385786081534,0.15376630016433704,-1.043720526930254,-0.44095663028605286,1.3811439032433014e-06,0.1226114215619463,4.488717685540729e-06,not distinguishable,transition
1525,Administration & Law,Kinship,Administration & Law + Kinship,4653,2608,19,40.146159325213674,-1.0596449138299227,-1.8439605991730148,-0.5149016800334701,0.32328547828343607,0.004997501249375313,0.0072852760736196315,-1.135910147285299,0.2361805923212744,-1.5988241082349968,-0.6729961863356013,1.5130961482552298e-06,0.010258028880296694,4.720859982556317e-06,dissociated,transition
1525,Administration & Law,Big business,Administration & Law + Big business,4653,2608,3,5.664635376100352,-0.8166606430249206,-3.579109996258189,0.1994034572063782,0.873427482593943,0.272863568215892,0.0011503067484662577,-1.0765677679664665,0.5471433000430082,-2.1489686360507623,-0.0041668998821704495,0.04911226756630375,0.3432799729167674,0.06840637268163736,not distinguishable,transition
1525,Administration & Law,Small business,Administration & Law + Small business,4653,2608,6,20.7407471654583,-1.708322892085253,-3.09251980677738,-0.8616242090906003,0.6045642760446808,0.015992003998001,0.0023006134969325155,-1.7124448533155074,0.3994964638792926,-2.495457922518921,-0.9294317841120939,1.8150353629596452e-05,0.028349461632819952,4.424148697214135e-05,dissociated,transition
1525,Administration & Law,Academia,Administration & Law + Academia,4653,2608,91,65.09653400084392,0.4801521558688283,0.2183888748913785,0.7010271515092349,0.12216557071574924,0.0009995002498750624,0.034892638036809816,-0.33097690473863817,0.12165656656907557,-0.5694237752140263,-0.09253003426325004,0.006516671887023002,0.0024362818590704647,0.010589591816412378,associated,transition
1525,Administration & Law,Exploration & Invention,Administration & Law + Exploration & Invention,4653,2608,4,8.90376517830539,-1.0633135124184576,-2.773431288900839,-0.06315125646767214,0.7434474625234705,0.10344827586206896,0.0015337423312883436,-1.290758149580367,0.481404498774495,-2.234310967178377,-0.3472053319823569,0.007335118606151072,0.1440886699507389,0.011676311250607828,not distinguishable,transition
1525,Administration & Law,Culture (core),Administration & Law + Culture (core),4653,2608,33,66.1625437813148,-0.9927152748430534,-1.5231693437816447,-0.6124795718033396,0.2322333323550206,0.0004997501249375312,0.012653374233128834,-1.757865531741752,0.18229540086147242,-2.115164517430238,-1.4005665460532661,5.265240118356141e-22,0.00139216106232598,4.563208102575322e-21,dissociated,transition
1525,Administration & Law,Culture (periphery),Administration & Law + Culture (periphery),4653,2608,3,19.018360750422325,-2.4794050660715747,-5.27841069057438,-1.4170970797612248,0.8889864089253178,0.0559720139930035,0.0011503067484662577,-2.239373636404352,0.5401616503990728,-3.2980904711865344,-1.1806568016221692,3.387073970258761e-05,0.08560425669518183,7.140318099464415e-05,not distinguishable,transition
1525,Administration & Law,Sport & Games,Administration & Law + Sport & Games,4653,2608,4,1.6462732912616145,1.0680912110679945,-0.809614502694317,1.8972395871506367,0.7378850289496908,0.111944027986007,0.0015337423312883436,0.47671820808690984,0.5151614309659276,-0.5329981966063082,1.486434612780128,0.35477017290474655,0.15054541694669907,0.4130160221876154,not distinguishable,transition
1525,Military,Religion,Military + Religion,4653,2608,7,32.46418597602971,-2.1359369548887086,-3.6014311803507604,-1.3549349430722128,0.5550014593584435,0.0074962518740629685,0.0026840490797546013,-2.545235449022899,0.37114986345969153,-3.2726891814038948,-1.8177817166419037,6.997665849529288e-12,0.014992503748125937,3.411362101645528e-11,dissociated,transition
1525,Military,Nobility,Military + Nobility,4653,2608,93,42.50673158633868,1.1204038710893272,0.8751505596093077,1.3268866690219254,0.11578745045140586,0.0004997501249375312,0.03565950920245399,0.5788453396542201,0.12842865163401102,0.3271251824515585,0.8305654968568817,6.570866343244003e-06,0.00139216106232598,1.708425249243441e-05,associated,transition
1525,Military,Kinship,Military + Kinship,4653,2608,30,27.319704153704542,0.13270216493242362,-0.40067455678600006,0.568068418454301,0.24222965057898246,0.5667166416791605,0.011503067484662576,-0.1941686681657037,0.19619136406167015,-0.5787037417265771,0.19036640539516977,0.32232557191388,0.6314842578710645,0.38093022135276733,not distinguishable,transition
1525,Military,Big business,Military + Big business,4653,2608,4,3.8548186231223456,0.04731236917870482,-1.725681520349641,0.9718139527056231,0.761585913860532,0.9370314842578711,0.0015337423312883436,-0.39788222068297907,0.48679399161524706,-1.3519984442488633,0.5562340028829051,0.41372708907652167,0.9492007243131682,0.47456930805836306,not distinguishable,transition
1525,Military,Small business,Military + Small business,4653,2608,6,14.114203849413705,-1.1688596130890874,-2.624950572006016,-0.3223640298893351,0.6368068861260402,0.05997001499250375,0.0023006134969325155,-1.2949506000074498,0.40070909656467607,-2.080340429274215,-0.5095607707406847,0.0012307873015082985,0.08995502248875561,0.0021818502163101655,not distinguishable,transition
1525,Military,Academia,Military + Academia,4653,2608,7,44.29858497616469,-2.578490662809256,-4.081593879225002,-1.7516831432524496,0.5767670002369313,0.0009995002498750624,0.0026840490797546013,-2.7057966805853013,0.3710106139707733,-3.432977483968017,-1.9786158772025857,3.030293833643334e-13,0.0024362818590704647,1.6883065644584288e-12,dissociated,transition
1525,Military,Exploration & Invention,Military + Exploration & Invention,4653,2608,26,6.059066038045346,2.014430054080699,1.4909909678360183,2.433456338513288,0.24368250735848193,0.0004997501249375312,0.009969325153374233,1.1434866905886976,0.22313647579530763,0.7061391980298946,1.5808341831475006,2.981593817719098e-07,0.00139216106232598,1.0571105353731347e-06,associated,transition
1525,Military,Culture (core),Military + Culture (core),4653,2608,17,45.02401107711501,-1.3792727556686564,-2.097735254602893,-0.8358664373683539,0.33324161258101825,0.0014992503748125937,0.00651840490797546,-2.019430781831061,0.24791013342738294,-2.5053346433487316,-1.5335269203133906,3.7672697568939315e-16,0.0034394567422171263,2.260361854136359e-15,dissociated,transition
1525,Military,Culture (periphery),Military + Culture (periphery),4653,2608,7,12.94210948003801,-0.841797058346462,-2.3425296675232565,-0.05238889869215094,0.5848543845401406,0.12043978010994502,0.0026840490797546013,-1.0346536744388075,0.37475649989215065,-1.7691764142274229,-0.30013093465019225,0.0057647760801561206,0.15922547200975784,0.009567075196854838,not distinguishable,transition
1525,Military,Sport & Games,Military + Sport & Games,4653,2608,1,1.1202989284498237,-0.11129749930722743,-1.9615168827359242,1.263544365548673,1.0143894214150238,0.8590704647676162,0.0003834355828220859,-0.3341875480251691,0.8404263069642592,-1.9814231096751171,1.313048013624779,0.6908951925686826,0.8816775822615007,0.7090816191645734,not distinguishable,transition
1525,Religion,Nobility,Religion + Nobility,4653,2608,54,91.56557608528216,-0.7564055942382041,-1.154917911515578,-0.43497006343378863,0.17832046228994405,0.0004997501249375312,0.020705521472392636,-1.6217996059508661,0.14481272661509645,-1.9056325501164553,-1.337966661785277,4.110179625332312e-29,0.00139216106232598,4.579914439656005e-28,dissociated,transition
1525,Religion,Kinship,Religion + Kinship,4653,2608,25,58.85054804160497,-1.2187641046576103,-1.8332050562042461,-0.7592280955708846,0.2758677856859302,0.0009995002498750624,0.009585889570552147,-1.7586099346803898,0.20647168329184826,-2.1632944339324123,-1.3539254354283672,1.6312044529649542e-17,0.0024362818590704647,1.0602828944272201e-16,dissociated,transition
1525,Religion,Big business,Religion + Big business,4653,2608,1,8.303830352459116,-2.5531688444147145,-4.343476321217663,-1.2149558172777695,1.0025218423063174,0.0004997501249375312,0.0003834355828220859,-2.8260773158933765,0.8240141760079663,-4.44114510086899,-1.2110095309177624,0.0006043681233414328,0.00139216106232598,0.001149773502942238,dissociated,transition
1525,Religion,Small business,Religion + Small business,4653,2608,14,30.404012687534692,-1.0917412747358142,-1.986120005236447,-0.4994688639273663,0.3742547263150636,0.011494252873563218,0.005368098159509203,-1.7607544263162866,0.27155924211654003,-2.2930105408647052,-1.228498311767868,8.940012593203687e-11,0.021867115222876366,4.101888130999339e-10,dissociated,transition
1525,Religion,Academia,Religion + Academia,4653,2608,233,95.42548442865889,1.283436499291243,1.1482271029196738,1.4093357011507834,0.06587071416104802,0.0004997501249375312,0.08934049079754601,-0.058602126762260946,0.08408433923716921,-0.2234074316671126,0.1062031781425907,0.48583746042572995,0.00139216106232598,0.5492075639595208,associated,transition
1525,Religion,Exploration & Invention,Religion + Exploration & Invention,4653,2608,4,13.05209437675747,-1.5905189201880912,-3.270816987426662,-0.6124027113444209,0.7421745168506466,0.03798100949525238,0.0015337423312883436,-2.1710058470311,0.48029218720262123,-3.1123785339482377,-1.2296331601139623,6.178785929571546e-06,0.06125508674234311,1.6618803534709676e-05,not distinguishable,transition
1525,Religion,Culture (core),Religion + Culture (core),4653,2608,129,96.9881559482486,0.40965323950283045,0.19546452869904665,0.6004392398682709,0.1015063354078753,0.0004997501249375312,0.04946319018404908,-1.1562167617262173,0.10063052312572673,-1.3534525870526417,-0.958980936399793,1.4858887644106657e-30,0.00139216106232598,1.9316553937338655e-29,associated,transition
1525,Religion,Culture (periphery),Religion + Culture (periphery),4653,2608,11,27.879153867462673,-1.3031977145074156,-2.308977162562405,-0.6330330374104887,0.42910572069530684,0.0079960019990005,0.004217791411042945,-1.893463427293938,0.3034359648827268,-2.488197918464082,-1.2987289361237935,4.3735884910312407e-10,0.015592203898050975,1.795473170002299e-09,dissociated,transition
1525,Religion,Sport & Games,Religion + Sport & Games,4653,2608,3,2.413284036267824,0.2647085553756569,-2.3754906542645955,1.271664034017518,0.8404443343202737,0.6966516741629185,0.0011503067484662577,-0.6920349483529621,0.5711479112139256,-1.8114848543322561,0.4274149576263321,0.22564398473449632,0.7443675422562691,0.2750036063951674,not distinguishable,transition
1525,Nobility,Kinship,Nobility + Kinship,4653,2608,261,77.05551129975892,1.7535097347299295,1.6345624040088564,1.8730763690377827,0.06079214533947806,0.0004997501249375312,0.10007668711656442,1.7985042726800047,0.09888669679393396,1.6046863469638941,1.9923221983961152,6.480098651819498e-74,0.00139216106232598,5.054476948419209e-72,associated,transition
1525,Nobility,Big business,Nobility + Big business,4653,2608,12,10.87255624370468,0.136371525299503,-0.7734993431205831,0.7457133116669747,0.39144903629547567,0.712143928035982,0.004601226993865031,-0.40219545680448804,0.30659533501262043,-1.003122313429224,0.19873139982024796,0.18958355609604105,0.7506381944163054,0.23472249802366987,not distinguishable,transition
1525,Nobility,Small business,Nobility + Small business,4653,2608,28,39.809259576411755,-0.500149363905422,-1.0594828269068957,-0.07847447203072162,0.25481372569818184,0.053973013493253376,0.010736196319018405,-0.852845002703058,0.20047314579145514,-1.24577236845431,-0.4599176369518059,2.0983445599533667e-05,0.08419790104947528,4.9597235053443214e-05,not distinguishable,transition
1525,Nobility,Academia,Nobility + Academia,4653,2608,23,124.94462224003719,-2.4163179624198743,-3.1447433727307734,-1.9214750678869903,0.30077240583348386,0.0004997501249375312,0.008819018404907975,-2.713241983806948,0.21213213212569104,-3.1290209627733025,-2.2974630048405933,1.8566112924769323e-37,0.00139216106232598,3.620392020330018e-36,dissociated,transition
1525,Nobility,Exploration & Invention,Nobility + Exploration & Invention,4653,2608,4,17.089659131512935,-1.966730618663063,-3.6576057256665204,-1.0130949180609823,0.7406027785637807,0.01649175412293853,0.0015337423312883436,-2.011697079921745,0.4804234833200686,-2.9533271072290797,-1.0700670526144105,2.8224127514583873e-05,0.028585707146426786,6.289948417535834e-05,dissociated,transition
1525,Nobility,Culture (core),Nobility + Culture (core),4653,2608,48,126.99069414493142,-1.394335292703675,-1.7984577328773452,-1.0579710958052435,0.18783707210522663,0.0004997501249375312,0.018404907975460124,-2.146739837323096,0.15170140100040116,-2.444074583283882,-1.8494050913623097,1.838906809468494e-45,0.00139216106232598,7.171736556927127e-44,dissociated,transition
1525,Nobility,Culture (periphery),Nobility + Culture (periphery),4653,2608,1,36.50335514876202,-4.624621682124769,-6.349576314597183,-3.310616478686194,1.0191608615490961,0.0004997501249375312,0.0003834355828220859,-3.8205803430771748,0.8196090488709122,-5.427014078864163,-2.2141466072901865,3.1396377052629913e-06,0.00139216106232598,9.070064481870863e-06,dissociated,transition
1525,Nobility,Sport & Games,Nobility + Sport & Games,4653,2608,2,3.159814844794633,-0.549842567487115,-2.9806388732318845,0.5809293919135762,0.962020335132569,0.5137431284357821,0.0007668711656441718,-0.9102256787684206,0.6626771442767544,-2.209072881550859,0.38862152401401784,0.1695788563032179,0.5980890151938956,0.2164330213278962,not distinguishable,transition
1525,Kinship,Big business,Kinship + Big business,4653,2608,8,6.987952469815149,0.18289156388505912,-0.9744106809355981,0.91575059535221,0.5107018733546964,0.6911544227886057,0.003067484662576687,-0.18858811625588776,0.36314074681736297,-0.9003439800179192,0.5231677475061436,0.6035340305300401,0.7443675422562691,0.6538285330742101,not distinguishable,transition
1525,Kinship,Small business,Kinship + Small business,4653,2608,11,25.585999055150527,-1.1816418263386335,-2.210770211047479,-0.5207116966446945,0.4283635107965679,0.013993003498250875,0.004217791411042945,-1.1830204746335546,0.30440190849259985,-1.7796482152790505,-0.5863927339880589,0.00010175158480219262,0.025987006496751626,0.00020350316960438526,dissociated,transition
1525,Kinship,Academia,Kinship + Academia,4653,2608,20,80.30375396567173,-1.9787984092593756,-2.6743583778875264,-1.4864982317680409,0.30942157904055156,0.0004997501249375312,0.007668711656441718,-2.1580453092244793,0.2281762776783265,-2.6052708134739992,-1.7108198049749594,3.144939214822483e-21,0.00139216106232598,2.4530525875615366e-20,dissociated,transition
1525,Kinship,Exploration & Invention,Kinship + Exploration & Invention,4653,2608,7,10.983776313459055,-0.6146346336995265,-1.8779875483433408,0.14589268373970113,0.5155974420823789,0.20539730134932535,0.0026840490797546013,-0.8203579920310458,0.37803000955676624,-1.5612968107623075,-0.07941917329978398,0.030000259291900862,0.26263917221717015,0.04415132499562768,not distinguishable,transition
1525,Kinship,Culture (core),Kinship + Culture (core),4653,2608,48,81.6187945964805,-0.7597277033025801,-1.1957825240815632,-0.42842741925122096,0.1950521990083302,0.0024987506246876563,0.018404907975460124,-1.414333644851671,0.15471642428553148,-1.7175778364513126,-1.1110894532520295,6.161611456007982e-20,0.005267636452044248,4.36914266880566e-19,dissociated,transition
1525,Kinship,Culture (periphery),Kinship + Culture (periphery),4653,2608,12,23.461245456056126,-0.9387748034971696,-1.8849095042177106,-0.3179165772990862,0.40504456095344205,0.027486256871564217,0.004601226993865031,-0.981266038317468,0.2934273715651981,-1.556383686585256,-0.40614839004967973,0.0008253419285145205,0.04561549012727678,0.0014971318703286651,dissociated,transition
1525,Kinship,Sport & Games,Kinship + Sport & Games,4653,2608,0,2.0308596666608314,-2.339627513839183,-2.7991966448967585,-1.7799957299180986,0.2556873011888202,0.0004997501249375312,0.0,-1.9493036803691892,1.4273405233143046,-4.746891106065227,0.8482837453268479,0.17203650413243032,0.00139216106232598,0.2164330213278962,dissociated,transition
1525,Big business,Small business,Big business + Small business,4653,2608,16,3.610192302745375,2.005188224788023,1.27047806867672,2.5303885598501394,0.31693168977359,0.0004997501249375312,0.006134969325153374,1.182379385517598,0.27852348410091243,0.6364733566798095,1.7282854143553863,2.1842829179631513e-05,0.00139216106232598,5.011001988268406e-05,associated,transition
1525,Big business,Academia,Big business + Academia,4653,2608,7,11.33088427868391,-0.6575954086957011,-1.9245389870403258,0.1122151768643892,0.5406668255920704,0.17791104447776113,0.0026840490797546013,-1.2982422748749198,0.38255889871343707,-2.0480577163532567,-0.5484268333965832,0.000689866912445556,0.23128435782108944,0.0012811814088274612,not distinguishable,transition
1525,Big business,Exploration & Invention,Big business + Exploration & Invention,4653,2608,5,1.5498142017614316,1.423938471026214,-0.3076315572296944,2.2488907639928555,0.6659937176666104,0.0384807596201899,0.0019171779141104294,0.7086459093806032,0.44813514290356155,-0.16969897071037743,1.5869907894715838,0.11380445788006044,0.06125508674234311,0.14794579524407858,not distinguishable,transition
1525,Big business,Culture (core),Big business + Culture (core),4653,2608,5,11.51643691444028,-1.1275056511753363,-2.9132498188818428,-0.26392358190167536,0.6734664221970473,0.08495752123938032,0.0019171779141104294,-1.8334994621755234,0.44097088390554867,-2.697802394630399,-0.9691965297206481,3.2122919709899095e-05,0.1226114215619463,6.959965937144805e-05,not distinguishable,transition
1525,Big business,Culture (periphery),Big business + Culture (periphery),4653,2608,0,3.3103889191781817,-2.929938258383665,-3.2216437924389925,-2.5769309041014634,0.16485979911891646,0.0004997501249375312,0.0,-2.456862319690437,1.4194429880352923,-5.23897057623961,0.32524593685873615,0.08347608013287248,0.00139216106232598,0.11035820763328906,dissociated,transition
1525,Big business,Sport & Games,Big business + Sport & Games,4653,2608,0,0.2865549209445102,-0.6536194099881464,-0.9023923478922713,-0.41078874214005073,0.12658681349764903,0.0004997501249375312,0.0,-0.13992013722840338,1.4304674804160171,-2.943636398843797,2.66379612438699,0.9220797731968224,0.00139216106232598,0.9220797731968224,dissociated,transition
1525,Small business,Academia,Small business + Academia,4653,2608,47,41.48740216833436,0.1779709844943394,-0.20312215166155617,0.5047475520374568,0.18195747906837037,0.3188405797101449,0.018021472392638037,-0.5734364507739707,0.16185937561306626,-0.8906808269755806,-0.25619207457236076,0.00039589304782365874,0.38260869565217387,0.0007719914432561346,not distinguishable,transition
1525,Small business,Exploration & Invention,Small business + Exploration & Invention,4653,2608,1,5.674558445154364,-2.0413734696987285,-3.8138547296754486,-0.682178573686028,1.0265513711385221,0.0009995002498750624,0.0003834355828220859,-1.9175477529900622,0.8229450273356425,-3.5305200065679214,-0.30457549941220297,0.019800638829533073,0.0024362818590704647,0.030283329974579994,dissociated,transition
1525,Small business,Culture (core),Small business + Culture (core),4653,2608,60,42.166792817262,0.5038214724511592,0.16919968842573646,0.7836446079261017,0.15583705339887985,0.0024987506246876563,0.023006134969325152,-0.47214803487480933,0.14757546297930646,-0.76139594231425,-0.18290012743536865,0.0013772982065469105,0.005267636452044248,0.002387316891347978,associated,transition
1525,Small business,Culture (periphery),Small business + Culture (periphery),4653,2608,38,12.120804788546918,1.6090545364834223,1.1370886661746111,1.951863913475288,0.20736805287213,0.0004997501249375312,0.014570552147239263,0.9338646432773927,0.18505121892692658,0.5711642541806166,1.2965650323741689,4.4993024759325267e-07,0.00139216106232598,1.5258504048814656e-06,associated,transition
1525,Small business,Sport & Games,Small business + Sport & Games,4653,2608,2,1.0492048948823085,0.6904001300484882,-1.6919673629803251,1.8070714367916192,0.9430090973804477,0.38130934532733635,0.0007668711656441718,0.30598126452714525,0.6643002508084948,-0.9960472270575044,1.608009756111795,0.6450806761368855,0.4506383172050339,0.6892642840914667,not distinguishable,transition
1525,Academia,Exploration & Invention,Academia + Exploration & Invention,4653,2608,20,17.8100665235415,0.16298687703298714,-0.4742555875938962,0.6441013526156539,0.29227652268445287,0.5642178910544727,0.007668711656441718,-0.6719200644917523,0.24098782801183372,-1.1442562073949465,-0.19958392158855826,0.005300330360265228,0.6314842578710645,0.008987516697841038,not distinguishable,transition
1525,Academia,Culture (core),Academia + Culture (core),4653,2608,232,132.3439334387539,0.8074983701962729,0.6727611122914975,0.9373002454901694,0.06717633988330309,0.0004997501249375312,0.08895705521472393,-0.5176966412262916,0.08221540377270113,-0.6788388326207857,-0.35655444983179735,3.037888853145348e-10,0.00139216106232598,1.3164185030296508e-09,associated,transition
1525,Academia,Culture (periphery),Academia + Culture (periphery),4653,2608,28,38.04213873014548,-0.4354747107310303,-0.9886408679897197,0.0206490444839855,0.2548955983625577,0.08445777111444278,0.010736196319018405,-1.058733145607684,0.20093784405712567,-1.4525713199596504,-0.6648949712557177,1.3720003444363907e-07,0.1226114215619463,5.096001279335166e-07,not distinguishable,transition
1525,Academia,Sport & Games,Academia + Sport & Games,4653,2608,0,3.293015510420204,-2.923345271120829,-3.3947808295356436,-2.3372016760100744,0.2759447855592844,0.0004997501249375312,0.0,-2.909546647577255,1.4269762365533507,-5.706420071221823,-0.11267322393268797,0.04145407719115315,0.00139216106232598,0.05878941856199901,dissociated,transition
1525,Exploration & Invention,Culture (core),Exploration & Invention + Culture (core),4653,2608,18,18.101721146884213,-0.007910843881799167,-0.7312061085992292,0.5121748207218414,0.3189807361738408,0.9825087456271864,0.006901840490797546,-0.9945947972212072,0.2512172733430324,-1.4869806529735508,-0.5022089414688637,7.523211867534108e-05,0.9825087456271863,0.00015442382254412116,not distinguishable,transition
1525,Exploration & Invention,Culture (periphery),Exploration & Invention + Culture (periphery),4653,2608,14,5.203322655079317,1.3461783422699607,0.5162419954335864,1.911760197236215,0.35639436030272253,0.0024987506246876563,0.005368098159509203,0.6067382065068401,0.2842117179367473,0.04968323935081531,1.1637931736628648,0.03277647880194988,0.005267636452044248,0.0473438027139276,associated,transition
1525,Exploration & Invention,Sport & Games,Exploration & Invention + Sport & Games,4653,2608,0,0.45041164300573755,-0.9266244150768117,-1.2311215311072152,-0.620321438700135,0.15716671301755336,0.0004997501249375312,0.0,-0.6014500975549381,1.4290834301071684,-3.4024536205649882,2.199553425455112,0.6738542263531864,0.00139216106232598,0.7090816191645734,dissociated,transition
1525,Culture (core),Culture (periphery),Culture (core) + Culture (periphery),4653,2608,127,38.665110330382134,1.7028563194384467,1.5258344043205714,1.8634211255282818,0.08633707787444043,0.0004997501249375312,0.04869631901840491,0.8631030789182231,0.12582176177424254,0.6164924258407077,1.1097137319957384,6.899171968901768e-12,0.00139216106232598,3.411362101645528e-11,associated,transition
1525,Culture (core),Sport & Games,Culture (core) + Sport & Games,4653,2608,8,3.3469413729139696,1.1437509980080078,0.14966668355924737,1.7829353523384646,0.42729489450109376,0.015492253873063468,0.003067484662576687,0.06386699920297777,0.4092672776873281,-0.7382968650641853,0.8660308634701409,0.8759919908389711,0.028102227955789545,0.8873685102005161,associated,transition
1525,Culture (periphery),Sport & Games,Culture (periphery) + Sport & Games,4653,2608,2,0.9620751380264828,0.7739106396348389,-1.6439110049320977,1.8778700010836704,0.9568412144000724,0.31784107946026985,0.0007668711656441718,0.41414893164078265,0.6645665789068895,-0.8884015630167208,1.7166994262982862,0.5331619608764147,0.38260869565217387,0.5857272246247937,not distinguishable,transition
1550,Politics,Administration & Law,Politics + Administration & Law,5563,2988,134,58.547207860852645,1.1876654265149045,0.9919762420510566,1.3745416457722421,0.09732702625307912,0.0004997501249375312,0.04484605087014726,0.40058960778545194,0.1055355156644363,0.1937399970831568,0.6074392184877471,0.00014717992939637905,0.0013441555084526702,0.00030210617086625177,associated,transition
1550,Politics,Military,Politics + Military,5563,2988,88,38.619293889480176,1.1777971255838908,0.915114547718895,1.4031626122671397,0.12233859306602302,0.0004997501249375312,0.029451137884872823,0.3001831723730891,0.12595626311883384,0.05330889666017477,0.5470574480860034,0.017161310138030173,0.0013441555084526702,0.024788559088265806,associated,transition
1550,Politics,Religion,Politics + Religion,5563,2988,62,95.06578733584824,-0.61263803434089,-0.9744432534348079,-0.3141064947648203,0.16682934274365382,0.0004997501249375312,0.020749665327978582,-1.7411596189347254,0.13479028573149493,-2.0053485789684555,-1.4769706589009952,3.583937277288034e-38,0.0013441555084526702,5.590942152569333e-37,dissociated,transition
1550,Politics,Nobility,Politics + Nobility,5563,2988,162,94.76456114565117,0.7704281882748711,0.5927108624695743,0.9385955244547681,0.08868701540918131,0.0004997501249375312,0.05421686746987952,0.0101735722607959,0.09469008214435368,-0.1754189887421373,0.1957661332637291,0.914439337667505,0.0013441555084526702,0.9385035307640183,associated,transition
1550,Politics,Kinship,Politics + Kinship,5563,2988,55,61.63131811575009,-0.16283288991299372,-0.5484338028496037,0.14802536063256683,0.17492604922767646,0.34332833583208394,0.018406961178045515,-0.6538998776974592,0.14650152601990468,-0.9410428686964724,-0.36675688669844597,8.065648783685392e-06,0.41199400299850075,2.097068683758202e-05,not distinguishable,transition
1550,Politics,Big business,Politics + Big business,5563,2988,27,11.44872452542097,1.2025749936579613,0.6649968878685939,1.5824771476628121,0.2372840361341011,0.0004997501249375312,0.009036144578313253,0.3048046959414105,0.2195650885753799,-0.1255428776663341,0.7351522695491551,0.1650699964543072,0.0013441555084526702,0.20766870521670905,associated,transition
1550,Politics,Small business,Politics + Small business,5563,2988,45,42.15447603271718,0.09316940373555026,-0.2938606903390527,0.4201723843193446,0.18621540211400128,0.6056971514242878,0.015060240963855422,-0.5361561882795434,0.16169073032240408,-0.8530700197114554,-0.21924235684763138,0.0009133659219055797,0.6738822369637099,0.0015157987640135153,not distinguishable,transition
1550,Politics,Academia,Politics + Academia,5563,2988,38,99.4702296813393,-1.3766400902251557,-1.8546423139300108,-1.0167125959671477,0.22146675975942637,0.0004997501249375312,0.012717536813922356,-2.082500051722127,0.16794800903636067,-2.411678149433394,-1.7533219540108602,2.6239883597963464e-35,0.0013441555084526702,3.41118486773525e-34,dissociated,transition
1550,Politics,Exploration & Invention,Politics + Exploration & Invention,5563,2988,19,14.836438279126066,0.3465106524556402,-0.34251894024819657,0.846727070135069,0.3017027495869902,0.2288855572213893,0.006358768406961178,-0.49734944771804035,0.24364976601433969,-0.9749029891061461,-0.019795906329934554,0.04122624394568737,0.28795279779465105,0.05846630959570209,not distinguishable,transition
1550,Politics,Culture (core),Politics + Culture (core),5563,2988,34,120.13866657705694,-1.806024120650628,-2.3095684616422973,-1.4099282610324875,0.2319246822681677,0.0004997501249375312,0.011378848728246318,-2.7250231215987646,0.17603134320412822,-3.070044554278856,-2.3800016889186733,4.710570572172976e-54,0.0013441555084526702,1.8371225231474604e-52,dissociated,transition
1550,Politics,Culture (periphery),Politics + Culture (periphery),5563,2988,6,31.288285388394286,-2.289983578551754,-3.7540597731921785,-1.4786425509157683,0.6165738366623637,0.0034982508745627187,0.002008032128514056,-2.373725362351632,0.3979860719546532,-3.1537780633827524,-1.5936726613205119,2.456206051461382e-09,0.006821589205397302,8.70836690972672e-09,dissociated,transition
1550,Politics,Sport & Games,Politics + Sport & Games,5563,2988,0,2.0350111775969455,-2.34199210850204,-2.8286818689369686,-1.735538185672166,0.27597441116707405,0.0004997501249375312,0.0,-2.322904432718967,1.4296099065149421,-5.124939849488253,0.4791309840503195,0.10419411033900178,0.0013441555084526702,0.1354523434407023,dissociated,transition
1550,Administration & Law,Military,Administration & Law + Military,5563,2988,18,26.555754025457713,-0.548410178068331,-1.326380258302401,0.0062987652397935336,0.33548758032184395,0.09945027486256872,0.006024096385542169,-0.9014268115907587,0.2422991639972705,-1.376333173025409,-0.4265204501561085,0.00019898226291458526,0.13608984981193614,0.0003785516221301866,not distinguishable,transition
1550,Administration & Law,Religion,Administration & Law + Religion,5563,2988,34,65.37001095752659,-0.9330254282266881,-1.4765310638889724,-0.5558694907895106,0.23420783567352796,0.0009995002498750624,0.011378848728246318,-1.6992415858862817,0.17857670482823637,-2.049251927349625,-1.3492312444229384,1.808903069117039e-21,0.0024362818590704647,1.2826767217375367e-20,dissociated,transition
1550,Administration & Law,Nobility,Administration & Law + Nobility,5563,2988,62,65.16287903440569,-0.07122181748615765,-0.41455908615201026,0.21201839257210423,0.16000712803357162,0.6306846576711644,0.020749665327978582,-0.5057247249805538,0.13924924212256715,-0.7786532395407854,-0.23279621042032217,0.00028145648606968577,0.6738822369637099,0.0005105489747310579,not distinguishable,transition
1550,Administration & Law,Kinship,Administration & Law + Kinship,5563,2988,18,42.37949375331329,-1.2127626023139912,-1.9378946139195707,-0.6539181293359531,0.3280105540110972,0.0014992503748125937,0.006024096385542169,-1.2151559921998325,0.24095888382294803,-1.6874354044928106,-0.7428765799068544,4.582858598644677e-07,0.003248375812093953,1.276653466765303e-06,dissociated,transition
1550,Administration & Law,Big business,Administration & Law + Big business,5563,2988,6,7.872477246020322,-0.36521483196698146,-1.8037544829684737,0.4732220900797626,0.5955517138145818,0.46926536731634183,0.002008032128514056,-0.7208156621019688,0.4055621071162048,-1.51571739204973,0.07408606784579252,0.07551478669768277,0.5463089350846965,0.10155436831757338,not distinguishable,transition
1550,Administration & Law,Small business,Administration & Law + Small business,5563,2988,17,28.986648481986467,-0.7527069297351281,-1.544452457308959,-0.21890538885604,0.34265598581332857,0.03398300849575212,0.005689424364123159,-0.9473702063857765,0.2486406076642679,-1.4347057974077417,-0.4600346153638114,0.00013885495099702342,0.05409540127895236,0.0002927212480477791,not distinguishable,transition
1550,Administration & Law,Academia,Administration & Law + Academia,5563,2988,114,68.39863410845456,0.7328003109257589,0.5112971299297673,0.9379198236197595,0.11037581918891858,0.0004997501249375312,0.03815261044176707,-0.05538267279698611,0.11015033372672925,-0.2712773269013754,0.1605119813074032,0.6151107345523392,0.0013441555084526702,0.6572416067819514,associated,transition
1550,Administration & Law,Exploration & Invention,Administration & Law + Exploration & Invention,5563,2988,7,10.201968132350546,-0.5129136373703492,-1.8848627497848578,0.2435558059842353,0.5458149892706187,0.2933533233383308,0.0023427041499330657,-0.9012790910978836,0.37632952094873506,-1.6388849521574045,-0.16367323003836287,0.016623992584715027,0.3631993527046001,0.024788559088265806,not distinguishable,transition
1550,Administration & Law,Culture (core),Administration & Law + Culture (core),5563,2988,64,82.61085476334547,-0.3657377531691488,-0.7287714537009755,-0.08907036370336364,0.1617465698920535,0.02948525737131434,0.0214190093708166,-1.3056329660165493,0.13564259613163154,-1.5714924544345472,-1.0397734775985514,6.237961614483626e-22,0.04893298031835146,4.865610059297229e-21,dissociated,transition
1550,Administration & Law,Culture (periphery),Administration & Law + Culture (periphery),5563,2988,3,21.514738540542105,-2.6530428829458885,-5.421509238649779,-1.5950732861952448,0.8714638513777122,0.044977511244377814,0.001004016064257028,-2.3610408659577895,0.5394000151331884,-3.4182648956188384,-1.3038168362967404,1.2023500125579108e-05,0.06746626686656673,3.0252677735328078e-05,not distinguishable,transition
1550,Administration & Law,Sport & Games,Administration & Law + Sport & Games,5563,2988,2,1.3993331008582284,0.3964351505301355,-2.0366128244595405,1.5443844183870745,0.946770676162319,0.6296851574212894,0.0006693440428380187,0.0169144942780745,0.6696803333994981,-1.2956589591849417,1.3294879477410908,0.9798495216712246,0.6738822369637099,0.9798495216712246,not distinguishable,transition
1550,Military,Religion,Military + Religion,5563,2988,9,43.119796092193916,-2.1989836073264244,-3.3690491675050684,-1.4873325045657408,0.4930284058317512,0.001999000499750125,0.0030120481927710845,-2.6487441811087424,0.3299179729241229,-3.2953834080400233,-2.0021049541774616,9.867713195574418e-16,0.004103211552118677,4.810510182842529e-15,dissociated,transition
1550,Military,Nobility,Military + Nobility,5563,2988,93,42.98316637226072,1.1045093661430325,0.8610179148072937,1.3235195931339605,0.12099747839696053,0.0004997501249375312,0.03112449799196787,0.4917131218704599,0.12420170081855468,0.24827778826609273,0.7351484554748271,7.526781829490376e-05,0.0013441555084526702,0.0001630802729722915,associated,transition
1550,Military,Kinship,Military + Kinship,5563,2988,29,27.954640092084485,0.05205102278635054,-0.5029288194650366,0.47139801813299764,0.2506105771534194,0.8245877061469266,0.009705488621151271,-0.28430641949962165,0.19707089673568445,-0.6705653771015632,0.10195253810231986,0.1491161013514274,0.8575712143928036,0.19067304762969406,not distinguishable,transition
1550,Military,Big business,Military + Big business,5563,2988,10,5.192895161198498,0.8831548910826721,-0.1648528419098286,1.5663102599482746,0.442044786610973,0.049475262368815595,0.0033467202141900937,0.20309171104971444,0.3270757575598589,-0.437976773767609,0.8441601958670379,0.5346445529511572,0.07087365408204988,0.5791982656970869,not distinguishable,transition
1550,Military,Small business,Military + Small business,5563,2988,10,19.120363506615686,-0.9019624427347496,-2.023396541564822,-0.22803001232687115,0.46008087953307736,0.04997501249375312,0.0033467202141900937,-1.0875388321371273,0.3172203578003131,-1.709290733425741,-0.46578693084851364,0.0006072872693072905,0.07087365408204988,0.0010297479783906232,not distinguishable,transition
1550,Military,Academia,Military + Academia,5563,2988,13,45.11755639229489,-1.7566297602170204,-2.663555078123853,-1.1363447785204444,0.3907846586454735,0.001999000499750125,0.004350736278447122,-2.0985284718409276,0.2789057485326159,-2.645183738964855,-1.5518732047170003,5.30647115115579e-14,0.004103211552118677,2.2994708321675093e-13,dissociated,transition
1550,Military,Exploration & Invention,Military + Exploration & Invention,5563,2988,29,6.729489243803864,2.0287493235492184,1.5085828392431788,2.4247967963210884,0.22924872463264534,0.0004997501249375312,0.009705488621151271,1.0789907629068962,0.21007022463402808,0.6672531226242011,1.4907284031895913,2.8015010694990244e-07,0.0013441555084526702,8.404503208497073e-07,associated,transition
1550,Military,Culture (core),Military + Culture (core),5563,2988,23,54.492314751358656,-1.2265692573959117,-1.8764570278249013,-0.7458646615674421,0.2915943369946062,0.0009995002498750624,0.007697456492637216,-2.003555887122598,0.21473332509066442,-2.4244332043003003,-1.5826785699448958,1.0543470586488104e-20,0.0024362818590704647,6.853255881217268e-20,dissociated,transition
1550,Military,Culture (periphery),Military + Culture (periphery),5563,2988,3,14.191693182487164,-2.0695738454572274,-4.839713564089613,-0.9841455149948815,0.8626910628947447,0.047476261869065464,0.001004016064257028,-1.9639147431450814,0.5401029123686863,-3.0225164513877063,-0.9053130349024563,0.0002767043805685773,0.06987072501485106,0.0005105489747310579,not distinguishable,transition
1550,Military,Sport & Games,Military + Sport & Games,5563,2988,0,0.9230372932516222,-1.5089734707780766,-1.9239405298685524,-1.0321772411523362,0.22514893184479484,0.0004997501249375312,0.0,-1.292560478413216,1.4301248406088232,-4.095605166006509,1.5104842091800772,0.36609640072591765,0.0013441555084526702,0.4138481051684286,dissociated,transition
1550,Religion,Nobility,Religion + Nobility,5563,2988,64,105.80795612319059,-0.7208785070430909,-1.063399848951969,-0.4300042148994983,0.16418206362215526,0.0004997501249375312,0.0214190093708166,-1.589425614141073,0.13331289162637827,-1.8507188817287743,-1.3281323465533716,9.033419345724114e-33,0.0013441555084526702,1.0065810128092583e-31,dissociated,transition
1550,Religion,Kinship,Religion + Kinship,5563,2988,42,68.81352822373034,-0.7056741156798981,-1.1416618709983364,-0.34476332351469136,0.2052879569821037,0.0024987506246876563,0.014056224899598393,-1.363925418441448,0.16322688950674416,-1.6838501218746664,-1.0440007150082296,6.487555831357007e-17,0.004997501249375313,3.3735290323056435e-16,dissociated,transition
1550,Religion,Big business,Religion + Big business,5563,2988,1,12.782902464882344,-3.146536020532119,-4.90574174374705,-1.7663750071894904,1.0244247752041191,0.0004997501249375312,0.00033467202141900936,-3.259696846270357,0.8221673614921349,-4.8711448747949415,-1.6482488177457726,7.346961230052727e-05,0.0013441555084526702,0.0001630802729722915,dissociated,transition
1550,Religion,Small business,Religion + Small business,5563,2988,47,47.06695094182383,-0.0020320375643415028,-0.4083125130356045,0.32919380105118934,0.18579807313043822,0.993503248375812,0.01572958500669344,-0.8820841849206857,0.15802965105791258,-1.1918223009941944,-0.5723460688471771,2.3809158695813273e-08,0.993503248375812,8.074410340319283e-08,not distinguishable,transition
1550,Religion,Academia,Religion + Academia,5563,2988,269,111.06200008155506,1.2724395686560082,1.1459089983408854,1.3873127568294215,0.06265051004579676,0.0004997501249375312,0.09002677376171352,-0.053021157121986774,0.07791748409977638,-0.20573942595754846,0.09969711171357493,0.49620165737621813,0.0013441555084526702,0.5529104182192145,associated,transition
1550,Religion,Exploration & Invention,Religion + Exploration & Invention,5563,2988,8,16.565403685555253,-1.0055397957187033,-2.1696195709794575,-0.2629516083649263,0.5015739965814692,0.04297851074462768,0.002677376171352075,-1.7966464607478008,0.3535479975894977,-2.4896005360232163,-1.1036923854723852,3.7395154495093745e-07,0.06573183996237175,1.080304463191597e-06,not distinguishable,transition
1550,Religion,Culture (core),Religion + Culture (core),5563,2988,181,134.1390347637062,0.4308728091812121,0.26018106737990054,0.5914912123171477,0.08279155550845851,0.0004997501249375312,0.06057563587684069,-1.227991096506349,0.08612004980462849,-1.3967863941234209,-1.059195798889277,3.937129719982669e-46,0.0013441555084526702,7.677402953966205e-45,associated,transition
1550,Religion,Culture (periphery),Religion + Culture (periphery),5563,2988,20,34.934467985947215,-0.7895294788065793,-1.5084092474897677,-0.2900590449203228,0.3091592065593249,0.015992003998001,0.006693440428380187,-1.548864379494319,0.2307590831574603,-2.0011521824829415,-1.096576576505697,1.9192101943081307e-11,0.027116876344436477,7.878862902949169e-11,dissociated,transition
1550,Religion,Sport & Games,Religion + Sport & Games,5563,2988,0,2.2721613521581876,-2.4710112312066737,-2.9704551762733575,-1.843640529177649,0.28342040408808206,0.0004997501249375312,0.0,-2.7010860192671666,1.4295246652565967,-5.502954363170096,0.10078232463576287,0.0588249410381311,0.0013441555084526702,0.08049728773638992,dissociated,transition
1550,Nobility,Kinship,Nobility + Kinship,5563,2988,246,68.59548514512392,1.8349242967459116,1.7125265611149532,1.9549024606168643,0.06197801534540174,0.0004997501249375312,0.0823293172690763,1.767895429522675,0.09688944173522604,1.577992123721632,1.957798735323718,2.2050460079438658e-74,0.0013441555084526702,1.7199358861962152e-72,associated,transition
1550,Nobility,Big business,Nobility + Big business,5563,2988,7,12.742398461107001,-0.8202019457869758,-2.2530582037680342,-0.03786287645931802,0.5584829218043399,0.11094452773613193,0.0023427041499330657,-1.107389166797714,0.378678749140215,-1.8495995151125353,-0.3651788184828927,0.003451764920686274,0.14422788605697154,0.005384753276270587,not distinguishable,transition
1550,Nobility,Small business,Nobility + Small business,5563,2988,15,46.91781423645673,-1.6131609466265575,-2.437998256613601,-1.019446567400959,0.3614815005100946,0.0009995002498750624,0.0050200803212851405,-1.6280448027479872,0.2617485662061121,-2.141071992511967,-1.1150176129840075,4.975336654826998e-10,0.0024362818590704647,1.9403812953825292e-09,dissociated,transition
1550,Nobility,Academia,Nobility + Academia,5563,2988,20,110.71008816773433,-2.4395918499214684,-3.1208549162018153,-1.9200224876577654,0.31037029671763405,0.0004997501249375312,0.006693440428380187,-2.6419842211815783,0.22598325259323437,-3.0849113962643178,-2.199057046098839,1.416047117768154e-31,0.0013441555084526702,1.3806459398239502e-30,dissociated,transition
1550,Nobility,Exploration & Invention,Nobility + Exploration & Invention,5563,2988,5,16.512914419110242,-1.6291267811454322,-3.4066405533211155,-0.7569247108680803,0.6620005925138326,0.03298350824587706,0.0016733601070950468,-1.767659945184111,0.43517713617613046,-2.6206071320893267,-0.9147127582788954,4.866825026058429e-05,0.053598200899550225,0.00011503404607047196,not distinguishable,transition
1550,Nobility,Culture (core),Nobility + Culture (core),5563,2988,56,133.7140007790211,-1.2482124041203269,-1.6357879219153866,-0.9354252372940085,0.18259171575988895,0.0004997501249375312,0.018741633199464525,-2.0696101165153995,0.14079900784555693,-2.345576171892691,-1.793644061138108,6.538092394466317e-49,0.0013441555084526702,1.6999040225612425e-47,dissociated,transition
1550,Nobility,Culture (periphery),Nobility + Culture (periphery),5563,2988,4,34.823774360060625,-2.9726425972360153,-4.635461842719148,-1.9886087513951924,0.756670599560544,0.015492253873063468,0.0013386880856760374,-2.6458725996380905,0.47626899680828527,-3.5793598333823295,-1.7123853658938515,2.7695072923061054e-08,0.026853240046643342,9.000898699994842e-08,dissociated,transition
1550,Nobility,Sport & Games,Nobility + Sport & Games,5563,2988,1,2.264961764096021,-0.8822970292395612,-2.7680799789899186,0.4863195450093525,1.0045441406655693,0.47726136931534235,0.00033467202141900936,-1.0763576339812284,0.844055701999693,-2.7307068099006266,0.5779915419381698,0.2022309978517306,0.5474468648028926,0.24646902863179668,not distinguishable,transition
1550,Kinship,Big business,Kinship + Big business,5563,2988,7,8.28717828289304,-0.22850936943910188,-1.6295866375671264,0.5276786425803214,0.5373020892376789,0.6306846576711644,0.0023427041499330657,-0.4725002562958199,0.37973984517145004,-1.216790352831862,0.2717898402402222,0.21339889156037883,0.6738822369637099,0.2560786698724546,not distinguishable,transition
1550,Kinship,Small business,Kinship + Small business,5563,2988,19,30.513587564220273,-0.6694262985167393,-1.3644584392112118,-0.15191557460370833,0.3118175914501001,0.03798100949525238,0.006358768406961178,-0.7327750871740224,0.23694905975212807,-1.1971952442881935,-0.2683549300598514,0.0019844967539530177,0.05925037481259371,0.0032248072251736537,not distinguishable,transition
1550,Kinship,Academia,Kinship + Academia,5563,2988,14,72.00169113853906,-2.321961746869828,-3.205215744654916,-1.7041191733159027,0.3870588771807349,0.0004997501249375312,0.004685408299866131,-2.33864731545911,0.2684277169369958,-2.8647656406556217,-1.812528990262598,2.9753047323911014e-18,0.0013441555084526702,1.6576697794750423e-17,dissociated,transition
1550,Kinship,Exploration & Invention,Kinship + Exploration & Invention,5563,2988,2,10.739380516078542,-2.168562520344353,-4.563912593927787,-0.9712758043173019,0.970350591504539,0.1054472763618191,0.0006693440428380187,-1.9469642138900494,0.6389328201441278,-3.19927254137254,-0.6946558864075589,0.0023097419459606663,0.14180840614175672,0.0036767320772435096,not distinguishable,transition
1550,Kinship,Culture (core),Kinship + Culture (core),5563,2988,63,86.96257354978201,-0.46190920785929945,-0.8004651071017334,-0.17238333787035678,0.16096368007756068,0.006496751624187906,0.02108433734939759,-1.215684103693141,0.1372273419880162,-1.4846496939896527,-0.9467185133966292,8.080357067592944e-19,0.01235967382162577,4.848214240555766e-18,dissociated,transition
1550,Kinship,Culture (periphery),Kinship + Culture (periphery),5563,2988,7,22.648077399707248,-1.625929872414771,-3.09143386225783,-0.8348725921491025,0.5534095506297074,0.012993503248375811,0.0023427041499330657,-1.4829229326774738,0.3725353236959604,-2.213092167121556,-0.7527536982333914,6.873468947159835e-05,0.02303393757666621,0.0001576854640819021,dissociated,transition
1550,Kinship,Sport & Games,Kinship + Sport & Games,5563,2988,0,1.4730462244051494,-1.9804247558277632,-2.434123583225386,-1.4190212018999389,0.25676101132210916,0.0004997501249375312,0.0,-1.592105271180743,1.4299157707198138,-4.394740181791578,1.210529639430092,0.2655255513550441,0.0013441555084526702,0.30954854948397786,dissociated,transition
1550,Big business,Small business,Big business + Small business,5563,2988,19,5.668249016660144,1.6605412097946293,0.9785775457560835,2.1275032610171705,0.30140778395953455,0.0004997501249375312,0.006358768406961178,0.9457600588564185,0.2527957136563019,0.4502804600900668,1.4412396576227702,0.0001831415829651282,0.0013441555084526702,0.000357126086782,associated,transition
1550,Big business,Academia,Big business + Academia,5563,2988,1,13.375140308721031,-3.2094679545783227,-4.978374263549739,-1.8584575968482253,1.0078555336559134,0.0004997501249375312,0.00033467202141900936,-3.079403090114033,0.822229479228152,-4.690972869401211,-1.4678333108268549,0.00018025951585122287,0.0013441555084526702,0.000357126086782,dissociated,transition
1550,Big business,Exploration & Invention,Big business + Exploration & Invention,5563,2988,10,1.9949631593362867,2.0732989099157217,1.0166083682395282,2.7444762866738746,0.43675648607041095,0.0014992503748125937,0.0033467202141900937,1.1638057579985488,0.33290644116069146,0.5113091333235935,1.816302382673504,0.0004724756706094186,0.003248375812093953,0.0008189578290563256,associated,transition
1550,Big business,Culture (core),Big business + Culture (core),5563,2988,8,16.154295884492573,-0.9703596142284444,-2.1949021429497,-0.26166132736203607,0.49538674334454774,0.05747126436781609,0.002677376171352075,-1.7615280296546694,0.35682851997944426,-2.4609119288143804,-1.0621441304949586,7.948674126000567e-07,0.08004926108374384,2.1379192476829114e-06,not distinguishable,transition
1550,Big business,Culture (periphery),Big business + Culture (periphery),5563,2988,4,4.2071402512061145,-0.06492583792543466,-1.8102475647690852,0.8967678226464844,0.7756986167973711,0.9255372313843079,0.0013386880856760374,-0.4399888566150996,0.4839430029913643,-1.3885171424781735,0.5085394292479744,0.3632577835890479,0.9375571954282599,0.4138481051684286,not distinguishable,transition
1550,Big business,Sport & Games,Big business + Sport & Games,5563,2988,0,0.2736352385771256,-0.6297254152358442,-0.8850681520408311,-0.3778720333126432,0.12783073357326763,0.0004997501249375312,0.0,-0.05230302523485713,1.4321201636145318,-2.859258545919339,2.754652495449625,0.970866619872444,0.0013441555084526702,0.9798495216712246,dissociated,transition
1550,Small business,Academia,Small business + Academia,5563,2988,59,49.247584770363616,0.2582631834557897,-0.09595823144249334,0.5587160182309764,0.161199778612939,0.10794602698650675,0.019745649263721552,-0.41981331249200066,0.14474060478124015,-0.7035048978632313,-0.13612172712076998,0.0037262378758262742,0.1427083068635174,0.005698952045381361,not distinguishable,transition
1550,Small business,Exploration & Invention,Small business + Exploration & Invention,5563,2988,7,7.345501806744101,-0.06497513086442908,-1.379348163559745,0.719153436637901,0.531423899033458,0.8960519740129935,0.0023427041499330657,-0.4882933691877226,0.37739807228814043,-1.2279935908724777,0.25140685249703265,0.1957201002918385,0.9196322891185985,0.24232012417084767,not distinguishable,transition
1550,Small business,Culture (core),Small business + Culture (core),5563,2988,81,59.48050170795985,0.4423064696385878,0.15909224571079045,0.6822724905716481,0.13268752831555988,0.0014992503748125937,0.02710843373493976,-0.5225398476569227,0.1279901777041432,-0.7734005959570434,-0.27167909935680207,4.4523933756407136e-05,0.003248375812093953,0.0001085270885312424,associated,transition
1550,Small business,Culture (periphery),Small business + Culture (periphery),5563,2988,32,15.490790479931361,1.0231984601678161,0.554160814183384,1.4126478274671237,0.2229209100729281,0.0004997501249375312,0.0107095046854083,0.4608201874162574,0.19324450526347176,0.08206095709985278,0.8395794177326621,0.017095454540707367,0.0013441555084526702,0.024788559088265806,associated,transition
1550,Small business,Sport & Games,Small business + Sport & Games,5563,2988,2,1.00753145738583,0.7297399879918336,-1.677821674717734,1.7877488249835547,0.941208148390107,0.34332833583208394,0.0006693440428380187,0.42490718287553664,0.6702686774229826,-0.8888194248735093,1.7386337906245826,0.5261228448002855,0.41199400299850075,0.577994111189046,not distinguishable,transition
1550,Academia,Exploration & Invention,Academia + Exploration & Invention,5563,2988,15,17.332886578270966,-0.20227203289761642,-0.9759490354253826,0.34579631675360967,0.34268025305144917,0.5332333833083458,0.0050200803212851405,-0.9612221097413407,0.2688284379321744,-1.4881258480884025,-0.43431837139427887,0.0003494298132711671,0.6027855637398692,0.0006194437598897962,not distinguishable,transition
1550,Academia,Culture (core),Academia + Culture (core),5563,2988,204,140.35375891898366,0.5379027782016735,0.3801332292292385,0.6819256786843261,0.07786223576665033,0.0004997501249375312,0.06827309236947791,-0.8377917573854144,0.08343441637794774,-1.001323213486192,-0.6742603012846369,1.0032153361546558e-23,0.0013441555084526702,8.69453291334035e-23,associated,transition
1550,Academia,Culture (periphery),Academia + Culture (periphery),5563,2988,18,36.55299821040038,-1.00206501479272,-1.7497686409045254,-0.4639313047445178,0.32909058711506683,0.0074962518740629685,0.006024096385542169,-1.4764570014010003,0.24208060724410255,-1.9509349915994414,-1.0019790112025593,1.0671372455168e-09,0.013921610623259797,3.963652626205257e-09,dissociated,transition
1550,Academia,Sport & Games,Academia + Sport & Games,5563,2988,1,2.377431649240764,-0.9398191581411043,-2.7959519810554885,0.41630164015481486,0.9939786055141654,0.45077461269365315,0.00033467202141900936,-1.378647947301891,0.8439204845000713,-3.0327320969220306,0.2754362023182486,0.10233802697690729,0.5327336331834083,0.13529434074913166,not distinguishable,transition
1550,Exploration & Invention,Culture (core),Exploration & Invention + Culture (core),5563,2988,15,20.93440306829302,-0.4676600242630216,-1.3001352065606373,0.10381652842505555,0.3525313749635062,0.1729135432283858,0.0050200803212851405,-1.448478611634067,0.26839296438874855,-1.9745288218360142,-0.92242840143212,6.781816731904844e-08,0.22110256347236218,2.1159268203543114e-07,not distinguishable,transition
1550,Exploration & Invention,Culture (periphery),Exploration & Invention + Culture (periphery),5563,2988,12,5.452046341935308,1.0704704306305306,0.16965216331898525,1.6946177800313498,0.39035687748995507,0.01249375312343828,0.004016064257028112,0.3339037454106789,0.3001200148215271,-0.2543314836395142,0.922138974460872,0.2658942668644425,0.0226630870611206,0.30954854948397786,associated,transition
1550,Exploration & Invention,Sport & Games,Exploration & Invention + Sport & Games,5563,2988,0,0.3546047700884987,-0.7733292747455351,-1.0545750397221436,-0.4831792757344771,0.14665384095503398,0.0004997501249375312,0.0,-0.36951192460189347,1.4313565302776434,-3.1749707239460743,2.4359468747422874,0.7962872429447417,0.0013441555084526702,0.8393297966174306,dissociated,transition
1550,Culture (core),Culture (periphery),Culture (core) + Culture (periphery),5563,2988,156,44.148168537052115,1.8094897546764508,1.6589306553526317,1.9556412729429786,0.07597856165515847,0.0004997501249375312,0.05220883534136546,0.9327839902925471,0.11762541435784711,0.7022381781511667,1.1633298024339274,2.189291427075053e-15,0.0013441555084526702,1.004498419481495e-14,associated,transition
1550,Culture (core),Sport & Games,Culture (core) + Sport & Games,5563,2988,11,2.871426648283507,1.7702027465888022,1.0556715391764635,2.196955931276942,0.29092981751473984,0.0014992503748125937,0.003681392235609103,0.7749408667917556,0.40965807251355124,-0.027988955334804833,1.577870688918316,0.05853399278791394,0.003248375812093953,0.08049728773638992,associated,transition
1550,Culture (periphery),Sport & Games,Culture (periphery) + Sport & Games,5563,2988,1,0.7478193241449884,0.2655534439489139,-1.5747917514903507,1.580772103138777,0.9939899745079449,0.6846576711644178,0.00033467202141900936,0.1228724098725023,0.8453068764842755,-1.5339290680366777,1.7796738877816822,0.8844279499679406,0.7216661939300619,0.9198050679666583,not distinguishable,transition
1575,Politics,Administration & Law,Politics + Administration & Law,6729,3564,184,75.84404020532817,1.2730333736900923,1.113581740909249,1.4237160593142344,0.08016677168512161,0.0004997501249375312,0.051627384960718295,0.50939410796614,0.09253176469058276,0.32803184917259787,0.6907563667596822,3.6901558831630024e-08,0.0010535272904088496,1.0660450329137563e-07,associated,transition
1575,Politics,Military,Politics + Military,6729,3564,122,65.69934858231754,0.8878928234827747,0.6703217182047502,1.073936988617,0.10399720657629452,0.0004997501249375312,0.03423120089786756,0.10358344960822966,0.10662054167095779,-0.10539281206684761,0.31255971128330695,0.3312919149267508,0.0010535272904088496,0.3915268085497964,associated,transition
1575,Politics,Religion,Politics + Religion,6729,3564,89,133.85486069104385,-0.5860889286364911,-0.8749881060441957,-0.3453506566748822,0.13533913883905888,0.0004997501249375312,0.024971941638608306,-1.6771732483215211,0.11359972886423507,-1.899828716895422,-1.4545177797476203,2.504324006823695e-49,0.0010535272904088496,6.511242417741607e-48,dissociated,transition
1575,Politics,Nobility,Politics + Nobility,6729,3564,236,130.56504902804758,0.8515571686115212,0.7091037200179326,0.9867472445694532,0.0710551473986306,0.0004997501249375312,0.06621773288439955,0.16762892693441062,0.08094394826562056,0.00897878833379434,0.3262790655350269,0.03836571208540269,0.0010535272904088496,0.05255157404691158,associated,transition
1575,Politics,Kinship,Politics + Kinship,6729,3564,76,77.35575195066006,-0.025343881147671343,-0.32879425116118827,0.23798358708166562,0.1451170022013103,0.8690654672663668,0.02132435465768799,-0.49627035277408,0.12678778475904845,-0.744774410901815,-0.24776629464634503,9.071153040422292e-05,0.9038280859570214,0.00016454649701231133,not distinguishable,transition
1575,Politics,Big business,Politics + Big business,6729,3564,42,18.875229051757984,1.1332494753856805,0.7622600182360133,1.4536717949354474,0.1788588192989348,0.0004997501249375312,0.011784511784511785,0.3197755376778146,0.1795335696234999,-0.03211025878424523,0.6716613341398744,0.07488856781362702,0.0010535272904088496,0.10071221188729151,associated,transition
1575,Politics,Small business,Politics + Small business,6729,3564,47,43.81253801915916,0.10021255329106253,-0.3233434215141765,0.42518020050773037,0.19417505479798897,0.607696151924038,0.013187429854096521,-0.5406447739562915,0.15833455216689638,-0.8509804962034084,-0.23030905170917465,0.0006388223962044481,0.6676098570433093,0.001083220584868412,not distinguishable,transition
1575,Politics,Academia,Politics + Academia,6729,3564,42,122.88354805681615,-1.5376152922151665,-2.0015887088369673,-1.1688816947906893,0.21008316883700784,0.0004997501249375312,0.011784511784511785,-2.1804512843312662,0.15925949646632925,-2.4925998974052717,-1.8683026712572608,1.1462397284583158e-42,0.0010535272904088496,2.235167470493716e-41,dissociated,transition
1575,Politics,Exploration & Invention,Politics + Exploration & Invention,6729,3564,12,19.54354329604121,-0.6812094757096396,-1.6606302188886115,-0.04550421993851013,0.40807563144228476,0.09245377311344327,0.003367003367003367,-1.216348097374672,0.2946097609479276,-1.79378322883261,-0.638912965916734,3.648589229984143e-05,0.12222702208217924,7.905276664965644e-05,not distinguishable,transition
1575,Politics,Culture (core),Politics + Culture (core),6729,3564,44,165.99005416597603,-1.9035587545192665,-2.338162648492299,-1.5299854553232375,0.20741793358010782,0.0004997501249375312,0.012345679012345678,-2.8162038982540736,0.15509653126905842,-3.120193099541428,-2.512214696966719,1.115036116275538e-73,0.0010535272904088496,8.697281706949197e-72,dissociated,transition
1575,Politics,Culture (periphery),Politics + Culture (periphery),6729,3564,3,41.28767790909041,-3.577650764892385,-6.367346843204722,-2.52371362507746,0.8635347109754378,0.0004997501249375312,0.0008417508417508417,-3.2426359908718396,0.538089998396194,-4.29729238772838,-2.1879795940152995,1.67863222812878e-09,0.0010535272904088496,5.9037890627589425e-09,dissociated,transition
1575,Politics,Sport & Games,Politics + Sport & Games,6729,3564,0,1.2883590501729962,-1.8386364165553017,-2.3972290804971594,-1.0744759669708754,0.33601335445156916,0.0004997501249375312,0.0,-1.8729455982703669,1.4404948485893672,-4.696315501505526,0.9504243049647927,0.19352905385635277,0.0010535272904088496,0.23586353438742994,dissociated,transition
1575,Administration & Law,Military,Administration & Law + Military,6729,3564,47,37.61641125798889,0.3175152206393119,-0.07842695831939411,0.6506814622133438,0.1894109664080813,0.09695152423788106,0.013187429854096521,-0.2505665600044072,0.15712905093212115,-0.5585394998313646,0.05740637982255026,0.11078950115561953,0.1260369815092454,0.1440263515023054,not distinguishable,transition
1575,Administration & Law,Religion,Administration & Law + Religion,6729,3564,35,76.63910826035622,-1.1196434436750236,-1.628765239621426,-0.7322983517215954,0.2327846952818871,0.0009995002498750624,0.009820426487093154,-1.852681773142685,0.17490354890842938,-2.1954927290032065,-1.5098708172821635,3.2253815205911677e-26,0.0020516057760593385,2.0964979883842587e-25,dissociated,transition
1575,Administration & Law,Nobility,Administration & Law + Nobility,6729,3564,72,74.7555141129722,-0.05381629959509516,-0.37045281646145617,0.22722755722701518,0.15345488749011885,0.7261369315342329,0.020202020202020204,-0.5163799719534619,0.12898731382131315,-0.7691951070432357,-0.2635648368636881,6.245465144361434e-05,0.7758723378037009,0.00012277181025513545,not distinguishable,transition
1575,Administration & Law,Kinship,Administration & Law + Kinship,6729,3564,20,44.29032922451482,-1.1275633608127276,-1.8283213022264722,-0.5986203586706157,0.3120576571355003,0.0029985007496251873,0.005611672278338945,-1.1751991740534766,0.22865308380844315,-1.6233592183180252,-0.727039129788928,2.7523562147621253e-07,0.005847076461769115,7.402889129360199e-07,dissociated,transition
1575,Administration & Law,Big business,Administration & Law + Big business,6729,3564,11,10.807083995818546,0.02440694308756499,-0.9177602152890552,0.6867397234927894,0.40786524660031137,0.9555222388805598,0.0030864197530864196,-0.4481730794740464,0.30800702996179685,-1.0518668581991681,0.15552069925107548,0.14564872375243487,0.980667560956364,0.1803269913125384,not distinguishable,transition
1575,Administration & Law,Small business,Administration & Law + Small business,6729,3564,14,25.085034843534658,-0.819247297874617,-1.660796725733508,-0.22125516041268725,0.37504797209915847,0.031984007996002,0.003928170594837262,-1.0643390930159753,0.2709442005403271,-1.5953897260750165,-0.5332884599569342,8.556290617549646e-05,0.04891671811153247,0.00015890254004020772,dissociated,transition
1575,Administration & Law,Academia,Administration & Law + Academia,6729,3564,107,70.35744159250507,0.6013453788371659,0.3549293274008389,0.8160978321406983,0.11906935390237647,0.0004997501249375312,0.030022446689113354,-0.24152473201675895,0.1101035600215543,-0.4573277096590054,-0.025721754374512518,0.02826315716666911,0.0010535272904088496,0.040082295618185285,associated,transition
1575,Administration & Law,Exploration & Invention,Administration & Law + Exploration & Invention,6729,3564,5,11.189729851599468,-1.0877380659775333,-2.91789242417656,-0.23880831434835204,0.675850039223911,0.08995502248875563,0.0014029180695847362,-1.3041528959922029,0.43484322754916166,-2.15644562198856,-0.451860169995846,0.002707486344629888,0.12097399576074033,0.004140861468257475,not distinguishable,transition
1575,Administration & Law,Culture (core),Administration & Law + Culture (core),6729,3564,48,95.038235187673,-0.9780934798390325,-1.4090691872778067,-0.6624725913939182,0.191238536000788,0.0004997501249375312,0.013468013468013467,-1.8549270243852816,0.15154035441878833,-2.151946119046107,-1.5579079297244565,1.889067644258109e-34,0.0010535272904088496,1.6371919583570278e-33,dissociated,transition
1575,Administration & Law,Culture (periphery),Administration & Law + Culture (periphery),6729,3564,3,23.639416609584625,-2.785963982947985,-5.585554132443034,-1.7101837738431167,0.888978974674743,0.026986506746626688,0.0008417508417508417,-2.4605601871933422,0.538743301943978,-3.516497059003539,-1.4046233153831453,4.942308218305078e-06,0.042958112780344525,1.2435485194445035e-05,dissociated,transition
1575,Administration & Law,Sport & Games,Administration & Law + Sport & Games,6729,3564,0,0.7376548615019739,-1.307609053630842,-1.7854686345240673,-0.7043031698193472,0.27552880932138507,0.0004997501249375312,0.0,-1.0999349308382766,1.440738179745905,-3.9237817631402505,1.723911901463697,0.4451936770951749,0.0010535272904088496,0.4960729544774806,dissociated,transition
1575,Military,Religion,Military + Religion,6729,3564,18,66.38807050631499,-1.8542236582709422,-2.643973305639497,-1.2963075996030362,0.33986114426135616,0.0004997501249375312,0.005050505050505051,-2.383245060691307,0.23803288800215883,-2.8497895211755386,-1.9167006002070759,1.3465306621465175e-23,0.0010535272904088496,8.079183972879106e-23,dissociated,transition
1575,Military,Nobility,Military + Nobility,6729,3564,154,64.75642076638061,1.2434150734481408,1.0672391010348,1.417422221831605,0.08830251190078497,0.0004997501249375312,0.043209876543209874,0.6875650011048787,0.10024313644383034,0.4910884536749712,0.8840415485347862,6.9357176353770394e-12,0.0010535272904088496,2.5761236931400432e-11,associated,transition
1575,Military,Kinship,Military + Kinship,6729,3564,53,38.366175782162294,0.4610237301070864,0.07825674650994699,0.7799801621799618,0.17680001111816027,0.01199400299850075,0.014870931537598204,0.06966742809230755,0.15048867644296413,-0.22529037773590213,0.36462523392051727,0.6434064212648961,0.020337657258327358,0.6866498203102092,associated,transition
1575,Military,Big business,Military + Big business,6729,3564,4,9.361557963914848,-1.1318905852478214,-2.814671138777126,-0.17492445610704355,0.748102801559004,0.10844577711144428,0.001122334455667789,-1.2867592271150863,0.4796658794941645,-2.2269043509236486,-0.34661410330652387,0.007304887516005296,0.136431784107946,0.010551504189785428,not distinguishable,transition
1575,Military,Small business,Military + Small business,6729,3564,3,21.729729111519365,-2.6670635408145977,-5.451052379867423,-1.5495563969672328,0.8615862378185996,0.04097951024487756,0.0008417508417508417,-2.3796440090413022,0.5387713300551454,-3.4356358159493876,-1.323652202133217,1.0017387022167478e-05,0.060309467907555654,2.3677460234214038e-05,not distinguishable,transition
1575,Military,Academia,Military + Academia,6729,3564,7,60.94662241135861,-3.034371210213556,-4.562010344666136,-2.1896609689957702,0.5860408179834387,0.0029985007496251873,0.001964085297418631,-3.0108222173155643,0.3688474721619695,-3.7337632627530244,-2.2878811718781042,3.2738984794155065e-16,0.005847076461769115,1.4186893410800528e-15,dissociated,transition
1575,Military,Exploration & Invention,Military + Exploration & Invention,6729,3564,31,9.693022155359172,1.6277699653203506,1.1456950214010921,2.017711051387882,0.22454172628022923,0.0004997501249375312,0.008698092031425365,0.8030201093022388,0.20068310981825146,0.4096812140584659,1.1963590045460117,6.295990269494126e-05,0.0010535272904088496,0.00012277181025513545,associated,transition
1575,Military,Culture (core),Military + Culture (core),6729,3564,33,82.32618047956466,-1.305925764883507,-1.8251868186632614,-0.8847772011890666,0.23959824620478662,0.0004997501249375312,0.009259259259259259,-2.0922562358296646,0.17999260856235838,-2.445041748611887,-1.7394707230474422,3.1076806063257144e-31,0.0010535272904088496,2.4239908729340574e-30,dissociated,transition
1575,Military,Culture (periphery),Military + Culture (periphery),6729,3564,2,20.47747282332436,-3.068840885500315,-5.465983219045315,-1.8838561702365115,0.9966075072810026,0.0004997501249375312,0.0005611672278338945,-2.6474499555526547,0.6361913552929439,-3.8943850119268246,-1.4005148991784846,3.162954242813764e-05,0.0010535272904088496,7.048869455413532e-05,dissociated,transition
1575,Military,Sport & Games,Military + Sport & Games,6729,3564,4,0.6389881623929459,1.9821722483784998,0.387594739197905,2.7103736167302475,0.6532632280467487,0.017991004497751123,0.001122334455667789,1.6090214796276623,0.5739059648360492,0.48416578854900605,2.7338771707063185,0.0050530447213485725,0.029235382308845575,0.0074365563823620496,associated,transition
1575,Religion,Nobility,Religion + Nobility,6729,3564,73,131.9337537977874,-0.8494547180687367,-1.1731128266670041,-0.5810115378613331,0.1547636225694346,0.0004997501249375312,0.02048260381593715,-1.6583104145008436,0.12440730024907592,-1.9021487229890324,-1.4144721060126548,1.5554819942931931e-40,0.0010535272904088496,2.4265519110973812e-39,dissociated,transition
1575,Religion,Kinship,Religion + Kinship,6729,3564,40,78.16666717988757,-0.9578305551681949,-1.4333218719564669,-0.588782355906253,0.21718574901170642,0.0004997501249375312,0.01122334455667789,-1.529161762165352,0.16551654872627258,-1.8535741976688462,-1.2047493266618576,2.494534618304795e-20,0.0010535272904088496,1.2971580015184932e-19,dissociated,transition
1575,Religion,Big business,Religion + Big business,6729,3564,0,19.073096828972414,-5.290800130174476,-5.52610557716563,-5.044624291093296,0.12320652921322461,0.0004997501249375312,0.0,-4.72504203869268,1.4165626739691952,-7.501504879672303,-1.948579197713058,0.0008512513478177937,0.0010535272904088496,0.0014127150027614447,dissociated,transition
1575,Religion,Small business,Religion + Small business,6729,3564,21,44.27182195622834,-1.0582543690305104,-1.6950494964124705,-0.558986671474606,0.3035423878908301,0.004997501249375313,0.005892255892255892,-1.7207616371185763,0.22394542071991647,-2.1596946617296124,-1.28182861250754,1.5438486214387248e-14,0.008859206760256236,6.337904866958975e-14,dissociated,transition
1575,Religion,Academia,Religion + Academia,6729,3564,316,124.17172816014372,1.3440711577219604,1.2320050619960246,1.45162549654982,0.05520057065653417,0.0004997501249375312,0.08866442199775533,0.030980186436306456,0.072083616464522,-0.11030370183415664,0.17226407470676955,0.6673547769297924,0.0010535272904088496,0.694048968006984,associated,transition
1575,Religion,Exploration & Invention,Religion + Exploration & Invention,6729,3564,18,19.748416967257484,-0.13028385094651118,-0.84495876362976,0.38387486282400124,0.3148503269653576,0.6546726636681659,0.005050505050505051,-1.066141368237978,0.2468236698571622,-1.5499157611580157,-0.58236697531794,1.5642179371855206e-05,0.7092287189738464,3.588499973543253e-05,not distinguishable,transition
1575,Religion,Culture (core),Religion + Culture (core),6729,3564,276,167.7301169205769,0.7168434773489925,0.58381800242541,0.8310339104972263,0.0636462602089295,0.0004997501249375312,0.07744107744107744,-0.9585880971532127,0.07225817385790248,-1.1002141179147016,-0.8169620763917238,3.6377500687910205e-40,0.0010535272904088496,4.0534929337957086e-39,associated,transition
1575,Religion,Culture (periphery),Religion + Culture (periphery),6729,3564,19,41.72049390469054,-1.1144693317750785,-1.841425415188278,-0.5841781289541755,0.3212297973671881,0.004997501249375313,0.005331088664421998,-1.7481278835289298,0.23476293115323968,-2.2082632285892796,-1.28799253846858,9.595514176086188e-14,0.008859206760256236,3.7422505286736134e-13,dissociated,transition
1575,Religion,Sport & Games,Religion + Sport & Games,6729,3564,0,1.3018648328478868,-1.8494907912324585,-2.4135063942102764,-1.0798197980588586,0.33618460516316356,0.0004997501249375312,0.0,-2.151643509168234,1.440446700510154,-4.9749190421681355,0.6716320238316675,0.13524528566498706,0.0010535272904088496,0.1701472948688547,dissociated,transition
1575,Nobility,Kinship,Nobility + Kinship,6729,3564,212,76.24552952363548,1.4693082211196744,1.3260168955279419,1.6066004593830032,0.07210898326965176,0.0004997501249375312,0.05948372615039282,1.2429353365509717,0.09356110185042107,1.0595555769241463,1.426315096177797,2.838254401107034e-40,0.0010535272904088496,3.6897307214391445e-39,associated,transition
1575,Nobility,Big business,Nobility + Big business,6729,3564,11,18.604328671630412,-0.7322657009420831,-1.7354966995318606,-0.1030992410160246,0.43017600559093494,0.08095952023988005,0.0030864197530864196,-1.0125394633023588,0.3070750405095039,-1.6144065427009864,-0.4106723839037312,0.0009759547915555064,0.1107867119072043,0.001553560688598561,not distinguishable,transition
1575,Nobility,Small business,Nobility + Small business,6729,3564,23,43.18373329466029,-0.8944354001894887,-1.5096838714380996,-0.44115234865661546,0.28044802768259913,0.004497751124437781,0.006453423120089787,-1.1151857131318692,0.2156367085136445,-1.5378336618186124,-0.692537764445126,2.321042784462375e-07,0.008352966373955878,6.465762042430901e-07,dissociated,transition
1575,Nobility,Academia,Nobility + Academia,6729,3564,29,121.11990324017667,-2.0435924872552977,-2.608069711728926,-1.608093203767783,0.2588732871854452,0.0004997501249375312,0.00813692480359147,-2.3367472999217496,0.18937360623883837,-2.707919568149873,-1.9655750316936262,5.560261255485451e-35,0.0010535272904088496,5.421254724098315e-34,dissociated,transition
1575,Nobility,Exploration & Invention,Nobility + Exploration & Invention,6729,3564,7,19.263051160373905,-1.3978431969162652,-2.9316760688603365,-0.6307724388901723,0.5868044350173646,0.034482758620689655,0.001964085297418631,-1.54163034669417,0.37430496387855794,-2.2752680758961437,-0.8079926174921965,3.8110196654301356e-05,0.05172413793103448,8.034041456852718e-05,not distinguishable,transition
1575,Nobility,Culture (core),Nobility + Culture (core),6729,3564,63,163.60773771049594,-1.3698147667986313,-1.7497507771622964,-1.0655416740879309,0.16970502478296653,0.0004997501249375312,0.017676767676767676,-2.1819910137175595,0.1322727715415059,-2.441245645938911,-1.922736381496208,3.910661885940247e-61,0.0010535272904088496,1.5251581355166962e-59,dissociated,transition
1575,Nobility,Culture (periphery),Nobility + Culture (periphery),6729,3564,6,40.695110390599,-2.6639614851774724,-4.108268041410149,-1.800017038588973,0.6215181963350315,0.0034982508745627187,0.0016835016835016834,-2.3918306280376926,0.3972937676441759,-3.1705264126202772,-1.613134843455108,1.7408608774802012e-09,0.006655208980875417,5.9037890627589425e-09,dissociated,transition
1575,Nobility,Sport & Games,Nobility + Sport & Games,6729,3564,0,1.2698683099824737,-1.8236420181595427,-2.3762713875992834,-1.0611294731482,0.3339309971655356,0.0004997501249375312,0.0,-1.6560799299832012,1.440544343801496,-4.479546843834133,1.1673869838677309,0.25030003332661355,0.0010535272904088496,0.3003600399919363,dissociated,transition
1575,Kinship,Big business,Kinship + Big business,6729,3564,11,11.022489132003782,-0.0028185457575350607,-0.9586192776436373,0.6968401027251302,0.4163432008267434,0.991504247876062,0.0030864197530864196,-0.2810180603115031,0.30840395143353033,-0.8854898051212226,0.3234536844982163,0.3621893553497728,0.991504247876062,0.4216532793624221,not distinguishable,transition
1575,Kinship,Small business,Kinship + Small business,6729,3564,21,25.58502590021319,-0.2788852060251616,-0.9599390215303133,0.21252956717567417,0.3012884803612542,0.32533733133433285,0.005892255892255892,-0.4688714524555433,0.22645035821322526,-0.9127141545534647,-0.02502875035762181,0.03840307334197385,0.3787509230459397,0.05255157404691158,not distinguishable,transition
1575,Kinship,Academia,Kinship + Academia,6729,3564,23,71.75979529806915,-1.6205324110318555,-2.274647194981921,-1.1247281930682438,0.29608125420041725,0.0004997501249375312,0.006453423120089787,-1.8128672358966158,0.21294508340858764,-2.2302395993774478,-1.395494872415784,1.690392331506496e-17,0.0010535272904088496,8.240662616094168e-17,dissociated,transition
1575,Kinship,Exploration & Invention,Kinship + Exploration & Invention,6729,3564,4,11.412761826135096,-1.4045110163832553,-3.1077005268978843,-0.4445276807825704,0.7681911643118895,0.07746126936531735,0.001122334455667789,-1.3465836082055151,0.4792685410455457,-2.2859499486547845,-0.40721726775624556,0.004959323140030591,0.10789248233026345,0.0074365563823620496,not distinguishable,transition
1575,Kinship,Culture (core),Kinship + Culture (core),6729,3564,85,96.93252267552134,-0.18847899985418948,-0.47272423937063507,0.05933585360302345,0.13669602632337885,0.17841079460269865,0.023849607182940515,-1.0043802183985908,0.12026820986359799,-1.2401059097312428,-0.7686545270659387,6.75902828532784e-17,0.217438155922039,3.101201213268068e-16,not distinguishable,transition
1575,Kinship,Culture (periphery),Kinship + Culture (periphery),6729,3564,11,24.110593825945426,-1.097645607654899,-2.0567220605920227,-0.4287394048521729,0.42062757716146176,0.014492753623188406,0.0030864197530864196,-1.0667521692093145,0.3030114292076016,-1.6606545704562135,-0.4728497679624154,0.0004307316736339136,0.024051803885291396,0.0007635697850783014,dissociated,transition
1575,Kinship,Sport & Games,Kinship + Sport & Games,6729,3564,0,0.7523576847576287,-1.3246466679634858,-1.7984632540506518,-0.7346069083385013,0.2772796955914666,0.0004997501249375312,0.0,-0.9358297566813595,1.4408201249300887,-3.7598372015443333,1.8881776881816146,0.5160075842428865,0.0010535272904088496,0.5668815714217627,dissociated,transition
1575,Big business,Small business,Big business + Small business,6729,3564,25,6.242887076706436,1.9190589049520677,1.323423932676325,2.340685436929195,0.25730444000710634,0.0004997501249375312,0.007014590347923681,1.1199548104109376,0.22144892340823302,0.6859149205308008,1.5539947002910743,4.250209730925327e-07,0.0010535272904088496,1.105054530040585e-06,associated,transition
1575,Big business,Academia,Big business + Academia,6729,3564,7,17.509784842144022,-1.26381844515235,-2.5741864386036926,-0.4530593630068868,0.5702681496245904,0.02848575712143928,0.001964085297418631,-1.6716162098729923,0.37467686530144634,-2.405982865863827,-0.9372495538821575,8.139263517070232e-06,0.044437781109445275,1.983945482285869e-05,dissociated,transition
1575,Big business,Exploration & Invention,Big business + Exploration & Invention,6729,3564,13,2.784776673347579,2.0390922147837065,1.1764472545317595,2.6344065094375106,0.37185795528325777,0.0004997501249375312,0.003647586980920314,1.1604545734348548,0.29394702965921443,0.5843183953027945,1.736590751566915,7.886089828407425e-05,0.0010535272904088496,0.00015002805039409248,associated,transition
1575,Big business,Culture (core),Big business + Culture (core),6729,3564,16,23.652068811019785,-0.5496807478431834,-1.3949417746329182,-0.014678680236150881,0.356134807165819,0.10594702648675662,0.004489337822671156,-1.4490114390060007,0.26028470191441433,-1.9591694547582528,-0.9388534232537487,2.591252512154203e-08,0.13547324698306584,7.77375753646261e-08,not distinguishable,transition
1575,Big business,Culture (periphery),Big business + Culture (periphery),6729,3564,4,5.883117538937432,-0.5043362124301694,-2.1569211924183462,0.4591514512358288,0.7173723051530275,0.4027986006996502,0.001122334455667789,-0.7365474977051771,0.4808563502403755,-1.6790259441763131,0.20593094876595885,0.1255863036082817,0.46203368903783404,0.16058576526960613,not distinguishable,transition
1575,Big business,Sport & Games,Big business + Sport & Games,6729,3564,0,0.18357941420708265,-0.45118085644421657,-0.6992244886806154,-0.21688011917980318,0.12462703862652293,0.0004997501249375312,0.0,0.3461129370098301,1.4422405328449863,-2.4806785073663433,3.172904381386003,0.8103435822236337,0.0010535272904088496,0.8103435822236337,dissociated,transition
1575,Small business,Academia,Small business + Academia,6729,3564,47,40.64311548220825,0.20727647017500986,-0.19722270282299711,0.5368765883064919,0.1888640958836521,0.2708645677161419,0.013187429854096521,-0.523702951031944,0.15836690238491094,-0.8341020797063694,-0.21330382235751855,0.0009433574895215637,0.3201126709372586,0.001532955920472541,not distinguishable,transition
1575,Small business,Exploration & Invention,Small business + Exploration & Invention,6729,3564,11,6.463928651745019,0.7236605339842732,-0.25753171771071964,1.3487103330457,0.4210760035183051,0.07746126936531735,0.0030864197530864196,0.1171057308989616,0.3092635370618823,-0.48905080174232773,0.7232622635402509,0.7049403606500438,0.10789248233026345,0.7234914227724134,not distinguishable,transition
1575,Small business,Culture (core),Small business + Culture (core),6729,3564,79,54.900375575471976,0.5210591036345465,0.24242339075017852,0.7721703108870437,0.1366565591224526,0.0004997501249375312,0.022166105499438832,-0.5295596654515302,0.129084201463423,-0.7825647003198393,-0.2765546305832211,4.088230919529365e-05,0.0010535272904088496,8.391631887455012e-05,associated,transition
1575,Small business,Culture (periphery),Small business + Culture (periphery),6729,3564,34,13.655691813809904,1.2852141038542475,0.7840467712418648,1.6566187240925014,0.22350879833647722,0.0004997501249375312,0.009539842873176206,0.6433980174206446,0.18762235110838366,0.27565820924821266,1.0111378255930765,0.0006053222340260035,0.0010535272904088496,0.0010492252056450726,associated,transition
1575,Small business,Sport & Games,Small business + Sport & Games,6729,3564,1,0.4261182760976174,0.6956941413855341,-1.087945433989016,1.9536158575320646,0.9723823986912999,0.5217391304347826,0.0002805836139169473,0.7035313252349149,0.8657253752962192,-0.9932904103456746,2.4003530608155046,0.41641902146277576,0.5813664596273291,0.47765711285436047,not distinguishable,transition
1575,Academia,Exploration & Invention,Academia + Exploration & Invention,6729,3564,18,18.12975287496901,-0.010083266209925123,-0.7728419618010185,0.5224302195125766,0.320714762305281,0.974512743628186,0.005050505050505051,-0.7663710841550959,0.24713062432874422,-1.2507471078394345,-0.28199506047075723,0.00192818172168329,0.9871687532856949,0.0030079634858259322,not distinguishable,transition
1575,Academia,Culture (core),Academia + Culture (core),6729,3564,223,153.9822444756703,0.5328338009095432,0.3890359897196574,0.665926192526992,0.07183180638653484,0.0004997501249375312,0.06257014590347924,-0.8843288615629195,0.07896779230017287,-1.0391057344712582,-0.7295519886545806,4.1421927735358746e-29,0.0010535272904088496,2.9371912394163474e-28,associated,transition
1575,Academia,Culture (periphery),Academia + Culture (periphery),6729,3564,21,38.300905108888394,-0.8517536467439168,-1.5310627563569013,-0.3773108531330344,0.2996006776276439,0.009995002498750625,0.005892255892255892,-1.340339161736961,0.22475193886444259,-1.7808529619112685,-0.8998253615626537,2.466832052920221e-09,0.017324670997834416,8.017204171990719e-09,dissociated,transition
1575,Academia,Sport & Games,Academia + Sport & Games,6729,3564,1,1.1951584643608406,-0.17645764288332177,-2.0848861291848597,1.081585835054477,0.9742681858784598,0.8430784607696152,0.0002805836139169473,-0.6801576782017992,0.8646549106623029,-2.374881303099913,1.0145659466963144,0.4315024297196971,0.8886502694598648,0.4877853553353098,not distinguishable,transition
1575,Exploration & Invention,Culture (core),Exploration & Invention + Culture (core),6729,3564,18,24.489516369925006,-0.4337977100162635,-1.1852427020817546,0.09444394129522275,0.33295269755487095,0.15942028985507245,0.005050505050505051,-1.3981624664129793,0.24659383376040475,-1.8814863805833726,-0.9148385522425859,1.4288059233353295e-08,0.19737750172532778,4.457874480806228e-08,not distinguishable,transition
1575,Exploration & Invention,Culture (periphery),Exploration & Invention + Culture (periphery),6729,3564,11,6.09142077283637,0.8029724861196371,-0.16270748972396082,1.4319365496516483,0.4220591354345644,0.05897051474262868,0.0030864197530864196,0.19179339445652105,0.3095852519813427,-0.4149936994269106,0.7985804883399528,0.535575681798932,0.08517963240601921,0.5802069886155097,not distinguishable,transition
1575,Exploration & Invention,Sport & Games,Exploration & Invention + Sport & Games,6729,3564,1,0.19007940088991113,1.1201282269355375,-0.6091474711402755,2.370652545746582,0.988274225939997,0.4312843578210895,0.0002805836139169473,1.4578374028144534,0.8673518044129898,-0.24217213383500646,3.157846939463913,0.09280345106759517,0.48753883927601416,0.12268930819105803,not distinguishable,transition
1575,Culture (core),Culture (periphery),Culture (core) + Culture (periphery),6729,3564,194,51.73653767460247,1.8966389742944714,1.765134347802394,2.0226831127541183,0.06549433939065785,0.0004997501249375312,0.05443322109988777,1.0895155685693865,0.11049284838197027,0.8729495857407248,1.3060815513980482,6.173650487155048e-23,0.0010535272904088496,3.4396052714149547e-22,associated,transition
1575,Culture (core),Sport & Games,Culture (core) + Sport & Games,6729,3564,3,1.614409913884128,0.7270998275510229,-1.5610977568058275,1.6662809276391852,0.7327674217656749,0.24387806096951525,0.0008417508417508417,-0.2790930130395031,0.6177811866643392,-1.489944138901608,0.9317581128226018,0.6514370090122497,0.29265367316341834,0.6866498203102092,not distinguishable,transition
1575,Culture (periphery),Sport & Games,Culture (periphery) + Sport & Games,6729,3564,0,0.4015616289337472,-0.8504980198629989,-1.2149270402680723,-0.42845017807239283,0.20424773777021477,0.0004997501249375312,0.0,-0.40239653494616323,1.4412036896428637,-3.227155766646176,2.4223626967538494,0.7800847066317302,0.0010535272904088496,0.7902156768477268,dissociated,transition
1600,Politics,Administration & Law,Politics + Administration & Law,7783,4130,256,102.50996128035578,1.316174970026841,1.185990185223814,1.4397106918562486,0.06687493007034813,0.0004997501249375312,0.06198547215496368,0.6541449003416079,0.08146673471271117,0.49447010030469396,0.8138197003785218,9.779481664387568e-16,0.0012574357982299172,4.014734578011739e-15,associated,transition
1600,Politics,Military,Politics + Military,7783,4130,203,101.65836669861956,0.994221429869164,0.8362836339592932,1.1338042664610957,0.07739136638454219,0.0004997501249375312,0.04915254237288136,0.23730001614221,0.0860171984658564,0.06870630714913145,0.40589372513528854,0.005802276054758326,0.0012574357982299172,0.008381065412428692,associated,transition
1600,Politics,Religion,Politics + Religion,7783,4130,102,156.19588902982372,-0.6123434209790368,-0.8724993684537299,-0.38375453901288165,0.1250331166434739,0.0004997501249375312,0.024697336561743343,-1.5695289233608563,0.1062638197396629,-1.7778060100505955,-1.361251836671117,2.283203135697566e-49,0.0012574357982299172,3.5617968916882035e-48,dissociated,transition
1600,Politics,Nobility,Politics + Nobility,7783,4130,263,161.30696033193794,0.7035292933999774,0.5703413676979364,0.8287851961267334,0.06665078481066657,0.0004997501249375312,0.06368038740920097,0.05679232784294086,0.0759737733822976,-0.09211626798636244,0.20570092367224416,0.4547464566082724,0.0012574357982299172,0.4926419946589618,associated,transition
1600,Politics,Kinship,Politics + Kinship,7783,4130,86,100.97801310568698,-0.2303951396024878,-0.515048594501926,0.025346569888035693,0.13743234521887635,0.09245377311344327,0.020823244552058112,-0.6257562346348153,0.11873338868837695,-0.8584736764640342,-0.3930387928055965,1.36228112446095e-07,0.11821957873522254,3.664066472688072e-07,not distinguishable,transition
1600,Politics,Big business,Politics + Big business,7783,4130,49,23.944290542524442,1.0179309912159968,0.6487909949725537,1.3093564011610312,0.16587284903143792,0.0004997501249375312,0.011864406779661017,0.21244308970349254,0.16601265036631177,-0.1129417050144785,0.5378278844214636,0.2006576562086213,0.0012574357982299172,0.23714086642837062,associated,transition
1600,Politics,Small business,Politics + Small business,7783,4130,48,58.38352655065646,-0.2798793300867959,-0.676487077984263,0.04335666873165417,0.19070541990642437,0.14142928535732133,0.01162227602905569,-0.802883375638572,0.15477216096965316,-1.1062368111390923,-0.49952994013805185,2.1311529725369108e-07,0.1779271654495333,5.362255866383196e-07,not distinguishable,transition
1600,Politics,Academia,Politics + Academia,7783,4130,45,146.4936614356608,-1.6918154950288267,-2.1225448995945193,-1.3540792441201812,0.2017063072039288,0.0004997501249375312,0.010895883777239709,-2.2986186446960457,0.15345439556660959,-2.5993892600066006,-1.997848029385491,1.0047204190737094e-50,0.0012574357982299172,1.9592048171937334e-49,dissociated,transition
1600,Politics,Exploration & Invention,Politics + Exploration & Invention,7783,4130,24,24.992563425067303,-0.05729470277825884,-0.649527176398343,0.3964067522554117,0.26804977907290606,0.8275862068965517,0.005811138014527845,-0.7408273019062471,0.21640297506716352,-1.1649771330378877,-0.3166774707746066,0.0006184998631896696,0.83833407971339,0.0010050622776832132,not distinguishable,transition
1600,Politics,Culture (core),Politics + Culture (core),7783,4130,53,207.56033989916634,-1.9593911906294725,-2.338878415054103,-1.6153491033696443,0.18490830861765592,0.0004997501249375312,0.012832929782082324,-2.9323974420261063,0.14145728083464326,-3.209653712462007,-2.6551411715902056,1.8611750186067416e-95,0.0012574357982299172,1.4517165145132585e-93,dissociated,transition
1600,Politics,Culture (periphery),Politics + Culture (periphery),7783,4130,13,55.22980022203791,-2.045489574433618,-2.9624619233727953,-1.4291221246973647,0.3950135676681805,0.0009995002498750624,0.0031476997578692495,-2.135676326570396,0.2780684889188013,-2.680690564851247,-1.5906620882895455,1.58596593493441e-14,0.002165583874729302,6.185267146244199e-14,dissociated,transition
1600,Politics,Sport & Games,Politics + Sport & Games,7783,4130,0,2.7466274677677376,-2.6989418529832303,-3.187369228679811,-2.0797114561871886,0.2819035752702142,0.0004997501249375312,0.0,-2.334633801273039,1.4325013529905994,-5.1423364531346145,0.47306885058853565,0.10315217234021895,0.0012574357982299172,0.1318994990579849,dissociated,transition
1600,Administration & Law,Military,Administration & Law + Military,7783,4130,57,54.12932421243386,0.07388637965117396,-0.31486346105530916,0.37765499509102923,0.17062888010483981,0.6626686656671664,0.013801452784503633,-0.47515214950792717,0.14209692541798608,-0.7536621233271799,-0.19664217568867448,0.0008262157845503233,0.7080569304388902,0.001315200636631127,not distinguishable,transition
1600,Administration & Law,Religion,Administration & Law + Religion,7783,4130,54,83.16853981148488,-0.61842902741472,-1.013539100848266,-0.29666019436528707,0.1847952427915798,0.001999000499750125,0.013075060532687652,-1.3678899883411635,0.14322335913702974,-1.6486077722497416,-1.0871722044325853,1.2876513730733302e-21,0.00399800099950025,6.277300443732485e-21,dissociated,transition
1600,Administration & Law,Nobility,Administration & Law + Nobility,7783,4130,75,85.88999643694102,-0.19438762019212766,-0.4881976848406247,0.09207866065349278,0.15149777293356162,0.20039980009995004,0.018159806295399514,-0.6309121250633946,0.12517324414861342,-0.8762516835946769,-0.38557256653211225,4.6477504521627783e-07,0.23683612739085005,1.018119759760651e-06,not distinguishable,transition
1600,Administration & Law,Kinship,Administration & Law + Kinship,7783,4130,24,53.767061061776324,-1.1472950296125675,-1.7908102126159358,-0.6589192509288467,0.28730141462073483,0.001999000499750125,0.005811138014527845,-1.1780485042549564,0.20929193784538294,-1.5882607024319069,-0.7678363060780059,1.815378164972393e-08,0.00399800099950025,5.0571248881373803e-08,dissociated,transition
1600,Administration & Law,Big business,Administration & Law + Big business,7783,4130,8,12.749450024664025,-0.640397729300988,-1.8687852657610116,0.14072674012948735,0.5055421662790628,0.18240879560219891,0.001937046004842615,-0.9799390519100005,0.35244996619116875,-1.6707409856446913,-0.28913711817530974,0.0054298067155786915,0.22231071964017993,0.00799103629839883,not distinguishable,transition
1600,Administration & Law,Small business,Administration & Law + Small business,7783,4130,19,31.0870707444549,-0.695860029684944,-1.406846975100338,-0.17097049521726707,0.31715345828849234,0.03398300849575212,0.004600484261501211,-0.9559038902367476,0.2346627052007533,-1.4158427924302242,-0.49596498804327116,4.630730711247625e-05,0.05001272948431445,8.599928463745589e-05,not distinguishable,transition
1600,Administration & Law,Academia,Administration & Law + Academia,7783,4130,94,78.00246209370862,0.26757642698955914,-0.0035479822290069704,0.5019513394708857,0.12881967952534928,0.03948025987006497,0.022760290556900726,-0.5616711278921978,0.11369142805289788,-0.7845063268758776,-0.3388359289085179,7.799765862497557e-07,0.05599018672481941,1.6442749656075933e-06,not distinguishable,transition
1600,Administration & Law,Exploration & Invention,Administration & Law + Exploration & Invention,7783,4130,8,13.307616603224995,-0.6999295644379333,-1.9370649279153047,0.05025269358332504,0.5188228817675062,0.1519240379810095,0.001937046004842615,-1.0518573198647672,0.35195539709302914,-1.7416898981671043,-0.36202474156243003,0.0028024985958705374,0.18809642797648796,0.004286174323096116,not distinguishable,transition
1600,Administration & Law,Culture (core),Administration & Law + Culture (core),7783,4130,57,110.51821209515371,-0.9491625031906961,-1.3388716076817309,-0.642602755839,0.1765974373264657,0.0004997501249375312,0.013801452784503633,-1.9133803750021754,0.13916910537295216,-2.1861518215331617,-1.640608928471189,5.192453193805228e-43,0.0012574357982299172,5.785876415954397e-42,dissociated,transition
1600,Administration & Law,Culture (periphery),Administration & Law + Culture (periphery),7783,4130,4,29.40782799776418,-2.7325262345731476,-4.40809685217318,-1.7761645537991435,0.7658332400020809,0.02148925537231384,0.0009685230024213075,-2.420960087186631,0.4754238551897762,-3.352790843358592,-1.4891293310146696,3.5390602442852556e-07,0.032865919981185876,8.119020560419117e-07,dissociated,transition
1600,Administration & Law,Sport & Games,Administration & Law + Sport & Games,7783,4130,0,1.4624776447012795,-1.9726762198323933,-2.4287019960163754,-1.4454799770144446,0.25031099092017517,0.0004997501249375312,0.0,-1.502999616898278,1.4327148298848482,-4.311120683472581,1.3051214496760244,0.29415185440923164,0.0012574357982299172,0.33251948759304445,dissociated,transition
1600,Military,Religion,Military + Religion,7783,4130,17,82.47762278264442,-2.2453674041225944,-3.0633810961940755,-1.6616180974678922,0.3517450759594442,0.0004997501249375312,0.004116222760290557,-2.6185077108441837,0.24329426332371573,-3.0953644669586664,-2.141650954729701,5.162429521903361e-27,0.0012574357982299172,3.0974577131420165e-26,dissociated,transition
1600,Military,Nobility,Military + Nobility,7783,4130,195,85.17647109094072,1.1901976439523514,1.0333157498823966,1.3393125776717603,0.07810191768435842,0.0004997501249375312,0.04721549636803874,0.5878560171521319,0.08857432591689168,0.4142503383550242,0.7614616959492395,3.204206027408115e-11,0.0012574357982299172,9.997122805513319e-11,associated,transition
1600,Military,Kinship,Military + Kinship,7783,4130,66,53.320394832424576,0.3052013658248038,-0.04662517792746247,0.5784675843870589,0.1599090154445024,0.05647176411794103,0.015980629539951573,-0.0876965032030396,0.13475816267657625,-0.351822502049129,0.17642949564304986,0.5151952864211625,0.07465758646100679,0.5504826348061737,not distinguishable,transition
1600,Military,Big business,Military + Big business,7783,4130,14,12.643534829442881,0.1416995732032044,-0.6872676409847596,0.7167458841690924,0.36910082427295987,0.672663668165917,0.003389830508474576,-0.44079361470786366,0.27509239951713604,-0.9799747177614504,0.09838748834572303,0.10907879050152143,0.7090238664451558,0.13504993109712177,not distinguishable,transition
1600,Military,Small business,Military + Small business,7783,4130,11,30.828817003283092,-1.445856432455065,-2.467183696938959,-0.780218319353128,0.4304600376500612,0.005997001499250375,0.0026634382566585956,-1.5489426025109478,0.3010758520040231,-2.139051272438833,-0.9588339325830626,2.679597171217501e-07,0.011408929681500712,6.33359331378682e-07,dissociated,transition
1600,Military,Academia,Military + Academia,7783,4130,14,77.35446190668858,-2.424726823536666,-3.2862194850322517,-1.7957697873419682,0.38283145582784256,0.0004997501249375312,0.003389830508474576,-2.6517380344273263,0.2666221007702133,-3.1743173519369443,-2.129158716917708,2.6336969252468637e-23,0.0012574357982299172,1.3695224011283692e-22,dissociated,transition
1600,Military,Exploration & Invention,Military + Exploration & Invention,7783,4130,28,13.19706447684056,1.0570951880256472,0.4821365570548265,1.483288774606901,0.2530901496103297,0.0009995002498750624,0.006779661016949152,0.25232121752529596,0.20449830260324897,-0.148495455577072,0.6531378906276639,0.21725700536600934,0.002165583874729302,0.25031704859616455,associated,transition
1600,Military,Culture (core),Military + Culture (core),7783,4130,41,109.60008951050062,-1.4076324002301988,-1.864620144565247,-1.0365967070179731,0.21204796015286312,0.0004997501249375312,0.009927360774818402,-2.308645138915996,0.1612525824314259,-2.6247002004815907,-1.992590077350401,1.7148600688395878e-46,0.0012574357982299172,2.229318089491464e-45,dissociated,transition
1600,Military,Culture (periphery),Military + Culture (periphery),7783,4130,4,29.163524452325944,-2.7206931142926263,-4.390617196526878,-1.7439714615006672,0.7745438424489213,0.018490754622688656,0.0009685230024213075,-2.4556037203200365,0.4753844814455221,-3.3873573039532596,-1.5238501366868134,2.397830543436523e-07,0.030047476261869068,5.844711949626524e-07,dissociated,transition
1600,Military,Sport & Games,Military + Sport & Games,7783,4130,1,1.4503282104162365,-0.3787544272001903,-2.23721100451487,0.9251742880940237,0.989450706746449,0.6506746626686657,0.00024213075060532688,-0.3846646494261284,0.8497498252105951,-2.050174306838895,1.280845007986638,0.6507792691332412,0.7080569304388902,0.6679050393735897,not distinguishable,transition
1600,Religion,Nobility,Religion + Nobility,7783,4130,63,130.87181172126017,-1.0488272546705684,-1.3925986769539327,-0.7445594948966443,0.16864594491827237,0.0004997501249375312,0.015254237288135594,-1.7171094614588331,0.13214873348889086,-1.9761209790970593,-1.458097943820607,1.3273480877449025e-38,0.0012574357982299172,1.150368342712249e-37,dissociated,transition
1600,Religion,Kinship,Religion + Kinship,7783,4130,50,81.92563725681882,-0.7068097479735818,-1.12853033403153,-0.35326047560860563,0.19251270746071092,0.004497751124437781,0.012106537530266344,-1.2376338719254132,0.14910877618487578,-1.5298870732477696,-0.9453806706030566,1.0392918814686629e-16,0.008770614692653672,4.503598153030873e-16,dissociated,transition
1600,Religion,Big business,Religion + Big business,7783,4130,6,19.42651871458002,-1.6161780612378036,-3.0854999364159292,-0.7902221746648911,0.6173911888344936,0.019490254872563718,0.0014527845036319612,-2.085235742151218,0.3996913838306822,-2.8686308544593553,-1.3018406298430811,1.8173185986235738e-07,0.031025303674693264,4.725028356421292e-07,dissociated,transition
1600,Religion,Small business,Religion + Small business,7783,4130,27,47.367812762930576,-0.7996242674670683,-1.4195780318916902,-0.35717244426109235,0.2705292241125386,0.0074962518740629685,0.006537530266343826,-1.4236109407224424,0.19892529855115923,-1.8135045258827145,-1.0337173555621704,8.275668719104522e-13,0.013921610623259797,2.934100727682512e-12,dissociated,transition
1600,Religion,Academia,Religion + Academia,7783,4130,327,118.85346322510732,1.4562544775978195,1.3424677108501484,1.564126184393895,0.057265130618608766,0.0004997501249375312,0.0791767554479419,0.17741364358462974,0.07034601020471887,0.03953546358338075,0.3152918235858787,0.011668496512717607,0.0012574357982299172,0.01654804959985406,associated,transition
1600,Religion,Exploration & Invention,Religion + Exploration & Invention,7783,4130,20,20.277005085622804,-0.019363801320191963,-0.7589845091604387,0.4937552889880744,0.30976613356907473,0.9475262368815592,0.004842615012106538,-0.9278272845217798,0.23386545240680748,-1.3862035712391223,-0.4694509978044371,7.26746839014646e-05,0.9475262368815592,0.0001318284963794009,not distinguishable,transition
1600,Religion,Culture (core),Religion + Culture (core),7783,4130,277,168.39817493421685,0.7163340325927189,0.5947756843258769,0.8418305880652767,0.06354285529468608,0.0004997501249375312,0.06707021791767555,-0.9577860686818366,0.07116969584360548,-1.0972786725353032,-0.8182934648283698,2.771196883352875e-41,0.0012574357982299172,2.701916961269053e-40,associated,transition
1600,Religion,Culture (periphery),Religion + Culture (periphery),7783,4130,13,44.8091266563297,-1.7468422755697857,-2.632096862713955,-1.1558397885373708,0.3803330473629854,0.0004997501249375312,0.0031476997578692495,-2.1205253702334654,0.27808075523494913,-2.665563650493966,-1.5754870899729652,2.4295094066727457e-14,0.0012574357982299172,9.023892081927341e-14,dissociated,transition
1600,Religion,Sport & Games,Religion + Sport & Games,7783,4130,0,2.2283980312470777,-2.4480541267000704,-2.911749970279661,-1.8453897320604542,0.2726657109963618,0.0004997501249375312,0.0,-2.3197863043040208,1.4325037171662063,-5.127493589949784,0.48792098134174333,0.10536276018775163,0.0012574357982299172,0.13255314991362305,dissociated,transition
1600,Nobility,Kinship,Nobility + Kinship,7783,4130,250,84.60642339076628,1.5574706751594385,1.4200479981907341,1.6824967995349298,0.06620663942833982,0.0004997501249375312,0.06053268765133172,1.3319927393497275,0.08697093272500697,1.161529711208714,1.502455767490741,6.035963497508071e-53,0.0012574357982299172,1.5693505093520984e-51,associated,transition
1600,Nobility,Big business,Nobility + Big business,7783,4130,11,20.06219691916527,-0.8383605529273601,-1.8444241719357983,-0.16794922272113064,0.4289832698706802,0.051974012993503245,0.0026634382566585956,-1.13944941305888,0.30527614959900223,-1.7377906662729243,-0.5411081598448355,0.0001895734440961209,0.07112233357005707,0.0003360620145340325,not distinguishable,transition
1600,Nobility,Small business,Nobility + Small business,7783,4130,30,48.91779125442794,-0.6962212876695579,-1.249977723056194,-0.26450873027127325,0.25267152635387513,0.00849575212393803,0.007263922518159807,-0.958743141216294,0.19029433243986177,-1.331720032798423,-0.5857662496341649,4.6990142758183893e-07,0.01541089920156201,1.018119759760651e-06,dissociated,transition
1600,Nobility,Academia,Nobility + Academia,7783,4130,28,122.74260863616708,-2.1124673004792376,-2.69258085239577,-1.6744384381670616,0.26231597218798863,0.0004997501249375312,0.006779661016949152,-2.4129013820919654,0.19194595385249336,-2.7891154516428522,-2.0366873125410785,3.058738293225577e-36,0.0012574357982299172,2.38581586871595e-35,dissociated,transition
1600,Nobility,Exploration & Invention,Nobility + Exploration & Invention,7783,4130,2,20.94051306544014,-3.1003394294948325,-5.495958651040524,-1.9353116699517352,0.9777325432926148,0.0004997501249375312,0.00048426150121065375,-2.790552533215985,0.6369190704453224,-4.038913911288817,-1.5421911551431533,1.1795714173713975e-05,0.0012574357982299172,2.300164263874225e-05,dissociated,transition
1600,Nobility,Culture (core),Nobility + Culture (core),7783,4130,56,173.9085317341346,-1.6261478431020275,-2.035348327256029,-1.324471015051559,0.18128981609940634,0.0004997501249375312,0.013559322033898305,-2.466551856941639,0.13863284536585718,-2.738272233858719,-2.194831480024559,8.155681643186016e-71,0.0012574357982299172,3.180715840842546e-69,dissociated,transition
1600,Nobility,Culture (periphery),Nobility + Culture (periphery),7783,4130,8,46.27537933908911,-2.460214607122399,-3.7393340342627717,-1.6812371769460717,0.5231074462812335,0.0009995002498750624,0.001937046004842615,-2.252222797348858,0.347940438270117,-2.9341860563582873,-1.5702595383394289,9.606801798862213e-11,0.002165583874729302,2.882040539658664e-10,dissociated,transition
1600,Nobility,Sport & Games,Nobility + Sport & Games,7783,4130,2,2.3013160913697748,-0.16417668671233815,-2.5589673599664806,0.9832452281715232,0.9334774762484199,0.8205897051474262,0.00048426150121065375,-0.2587478366693901,0.6768457822260502,-1.5853655698324485,1.0678698964936684,0.7022501474370759,0.83833407971339,0.711370279221973,not distinguishable,transition
1600,Kinship,Big business,Kinship + Big business,7783,4130,11,12.55891735399119,-0.18340143443048407,-1.1848086326846743,0.4428124206947661,0.43988617544860126,0.6486756621689156,0.0026634382566585956,-0.45777002811481426,0.30637285551375093,-1.0582608249217662,0.14272076869213757,0.13513383684004984,0.7080569304388902,0.1621606042080598,not distinguishable,transition
1600,Kinship,Small business,Kinship + Small business,7783,4130,21,30.622493637138266,-0.5336209986393559,-1.1965703869838047,-0.03158118462430889,0.29366113198342403,0.06896551724137931,0.005084745762711864,-0.6474339208711278,0.22486715297861573,-1.0881735407092146,-0.20669430103304098,0.003987055721304966,0.0896551724137931,0.005980583581957449,not distinguishable,transition
1600,Kinship,Academia,Kinship + Academia,7783,4130,23,76.83676338568435,-1.7184936307862322,-2.36569653850985,-1.2435141714894276,0.2929210421186909,0.0004997501249375312,0.005569007263922518,-1.9064909774526575,0.21210182807440042,-2.3222105604784824,-1.4907713944268326,2.504802939751314e-19,0.0012574357982299172,1.149262525297662e-18,dissociated,transition
1600,Kinship,Exploration & Invention,Kinship + Exploration & Invention,7783,4130,9,13.108742477141314,-0.5185343414663232,-1.6574735294752678,0.1951100224274983,0.4838201920970038,0.25087456271864067,0.0021791767554479417,-0.734810895514955,0.3343052467549527,-1.3900491791546623,-0.07957261187524778,0.02794740852477893,0.2877678807654996,0.038243822191802744,not distinguishable,transition
1600,Kinship,Culture (core),Kinship + Culture (core),7783,4130,88,108.86658554908774,-0.30542266277534424,-0.5870797228154969,-0.04365205174625912,0.13628415427618468,0.031984007996002,0.021307506053268765,-1.1894131520974887,0.11681871369768816,-1.4183778309449575,-0.9604484732500198,2.393418327050104e-24,0.047976011994003,1.333475925070772e-23,dissociated,transition
1600,Kinship,Culture (periphery),Kinship + Culture (periphery),7783,4130,17,28.968346138055562,-0.7518111718152366,-1.5669612614992312,-0.1881340443165259,0.3482081353356899,0.0384807596201899,0.004116222760290557,-0.8105674805894773,0.24758452732797837,-1.295833154152315,-0.3253018070266397,0.0010607338972154607,0.055583319451385414,0.0016547448796561187,not distinguishable,transition
1600,Kinship,Sport & Games,Kinship + Sport & Games,7783,4130,2,1.4406218179083432,0.36540909717955317,-2.0607907694771406,1.5253556970230473,0.9598274788786887,0.6581709145427287,0.00048426150121065375,0.41477474508805173,0.6773311180781414,-0.9127942463451055,1.7423437365212089,0.5402954386249209,0.7080569304388902,0.5695005974695112,not distinguishable,transition
1600,Big business,Small business,Big business + Small business,7783,4130,26,7.261322165418501,1.771618013618506,1.1858971727661407,2.1957172120980686,0.2594503242436677,0.0004997501249375312,0.006295399515738499,0.952254267293472,0.21440294293187345,0.532024499147,1.372484035439944,8.936572153376694e-06,0.0012574357982299172,1.787314430675339e-05,associated,transition
1600,Big business,Academia,Big business + Academia,7783,4130,9,18.219825586471302,-0.9785675747675987,-2.1311470871526152,-0.2639827325971197,0.4905214090541553,0.047976011994003,0.0021791767554479417,-1.530901755879894,0.33366134728813146,-2.184877996564632,-0.8769255151951564,4.47104989380981e-06,0.06682373099164703,9.177418203083293e-06,not distinguishable,transition
1600,Big business,Exploration & Invention,Big business + Exploration & Invention,7783,4130,15,3.1083948759348865,2.1028390853243986,1.305155079459857,2.6747165996003686,0.3540583482717394,0.0009995002498750624,0.0036319612590799033,1.1184621517127846,0.2738631884139389,0.5816903024214644,1.655234001004105,4.426362720976078e-05,0.002165583874729302,8.420885176491075e-05,associated,transition
1600,Big business,Culture (core),Big business + Culture (core),7783,4130,11,25.814858844881957,-1.1942437949441456,-2.2766278863649316,-0.5844389665133815,0.42256127851684966,0.015992003998001,0.0026634382566585956,-2.063176913131716,0.3046470347109969,-2.66028510116527,-1.4660687250981619,1.2670551729273555e-11,0.027116876344436477,4.117929312013905e-11,dissociated,transition
1600,Big business,Culture (periphery),Big business + Culture (periphery),7783,4130,3,6.869084418803582,-1.0741304589307292,-3.799658949054869,-0.014440224879032213,0.8500148460697348,0.20039980009995004,0.0007263922518159806,-1.1952775544246612,0.5415596331641044,-2.2567344354263055,-0.13382067342301673,0.027306907661951898,0.23683612739085005,0.03803462138629014,not distinguishable,transition
1600,Big business,Sport & Games,Big business + Sport & Games,7783,4130,0,0.34160572493928787,-0.7512164235658428,-1.0234621171642766,-0.4748843188723498,0.13982922722073843,0.0004997501249375312,0.0,-0.03826170251413014,1.4340073376243598,-2.8489160842578753,2.7723926792296147,0.9787136376239851,0.0012574357982299172,0.9787136376239851,dissociated,transition
1600,Small business,Academia,Small business + Academia,7783,4130,52,44.4255246981282,0.2247820692946949,-0.17751408306555064,0.5354837787283628,0.18092304989494065,0.21139430284857572,0.012590799031476998,-0.5330252314401037,0.15000526642575962,-0.8270355536345926,-0.23901490924561486,0.00038031931191601505,0.24610083018192394,0.0006311682197755144,not distinguishable,transition
1600,Small business,Exploration & Invention,Small business + Exploration & Invention,7783,4130,19,7.579220376012678,1.2711861355295755,0.5586567345361413,1.7656231522133077,0.3046434812189095,0.0009995002498750624,0.004600484261501211,0.512938137418008,0.2426247930791308,0.03739354298291164,0.9884827318531043,0.03450494552909639,0.002165583874729302,0.0456167076486359,associated,transition
1600,Small business,Culture (core),Small business + Culture (core),7783,4130,104,62.944545969943555,0.7199348895229583,0.4739198324231056,0.9358499468985645,0.11539522048515452,0.0004997501249375312,0.025181598062953996,-0.4247529493602757,0.114633542832928,-0.6494346933128146,-0.20007120540773682,0.00021113135416239443,0.0012574357982299172,0.0003659610138814837,associated,transition
1600,Small business,Culture (periphery),Small business + Culture (periphery),7783,4130,27,16.748935276728304,0.6729243070880249,0.07948361375618172,1.13643998791983,0.2656108763394113,0.01649175412293853,0.006537530266343826,0.15335563682482917,0.2035923119291278,-0.2456852945562613,0.5523965682059196,0.4513005015994106,0.027369294076366072,0.4926419946589618,associated,transition
1600,Small business,Sport & Games,Small business + Sport & Games,7783,4130,3,0.8329395634599768,1.3927435530884944,-1.186462953449335,2.4164111706674265,0.8027621441494354,0.05547226386806597,0.0007263922518159806,1.2604723143824235,0.5905311354794024,0.10303128884279489,2.417913339922052,0.03280414383381211,0.0746006307191232,0.04411591756960939,not distinguishable,transition
1600,Academia,Exploration & Invention,Academia + Exploration & Invention,7783,4130,18,19.017483343465123,-0.077241767713784,-0.8153814680750745,0.4406278267115004,0.32159130029580474,0.8105947026486756,0.0043583535108958835,-0.8844650848738171,0.24493667302019415,-1.3645409639933976,-0.40438920575423665,0.0003050246234687008,0.83833407971339,0.00051721566588171,not distinguishable,transition
1600,Academia,Culture (core),Academia + Culture (core),7783,4130,268,157.93799298063502,0.761003757134641,0.6249479290974616,0.8851525775119176,0.06617270462411659,0.0004997501249375312,0.0648910411622276,-0.8054060317361057,0.07273959079625923,-0.9479756296967738,-0.6628364337754376,1.706553275712125e-28,0.0012574357982299172,1.2101014136867797e-27,associated,transition
1600,Academia,Culture (periphery),Academia + Culture (periphery),7783,4130,26,42.02577334392356,-0.6823451122927457,-1.2845981102334942,-0.22070518873883294,0.27308077382868523,0.014492753623188406,0.006295399515738499,-1.2436911090597333,0.20287135410232582,-1.641318963100292,-0.8460632550191747,8.76351549400066e-10,0.025120772946859903,2.531682253822413e-09,dissociated,transition
1600,Academia,Sport & Games,Academia + Sport & Games,7783,4130,0,2.089979376288652,-2.3729406099409607,-2.847605743301095,-1.7750821960199514,0.2701824414019105,0.0004997501249375312,0.0,-2.16439536815272,1.4325309982662464,-4.972156124754563,0.6433653884491228,0.1308167266667941,0.0012574357982299172,0.15943288562515529,dissociated,transition
1600,Exploration & Invention,Culture (core),Exploration & Invention + Culture (core),7783,4130,12,26.94502457043151,-1.1346165360127864,-2.0797622526864923,-0.49383451230069636,0.40817525489622347,0.01199400299850075,0.0029055690072639223,-2.0479317541295736,0.2924356613037406,-2.621105650284905,-1.4747578579742422,2.505093601755587e-12,0.021262096224614963,8.495534823345034e-12,dissociated,transition
1600,Exploration & Invention,Culture (periphery),Exploration & Invention + Culture (periphery),7783,4130,14,7.169810594479627,0.9187900442284288,0.05757988277822059,1.5226652282337385,0.36855057203952185,0.01999000499750125,0.003389830508474576,0.23738970007492077,0.27663683242438863,-0.3048184914768809,0.7795978916267224,0.39082201056891763,0.031184407796101953,0.4354873832053654,associated,transition
1600,Exploration & Invention,Sport & Games,Exploration & Invention + Sport & Games,7783,4130,1,0.356561107197922,0.8083344235471253,-0.9336846175606491,2.08537951308008,0.989068905437193,0.48375812093953025,0.00024213075060532688,1.0487537028716574,0.8517717810205306,-0.6207189879285826,2.7182263936718973,0.21822511928896393,0.546857006279469,0.25031704859616455,not distinguishable,transition
1600,Culture (core),Culture (periphery),Culture (core) + Culture (periphery),7783,4130,238,59.54444522926434,1.9898865741525404,1.8696729492837456,2.0971850096807065,0.05922084306856658,0.0004997501249375312,0.0576271186440678,1.110846435763111,0.10157716712915223,0.9117551881899726,1.3099376833362493,7.755859025965988e-28,0.0012574357982299172,5.0413083668778924e-27,associated,transition
1600,Culture (core),Sport & Games,Culture (core) + Sport & Games,7783,4130,10,2.9611986312134158,1.6010456855389852,0.7860976172477372,2.090173249817996,0.33365341660806463,0.001999000499750125,0.002421307506053269,0.878407239327872,0.4484399838346017,-0.0005351289879472754,1.7573496076436914,0.05013543010656822,0.00399800099950025,0.06517605913853869,associated,transition
1600,Culture (periphery),Sport & Games,Culture (periphery) + Sport & Games,7783,4130,0,0.7879463335776987,-1.3650724801805114,-1.7500245453619632,-0.9370039292043376,0.20421109188664888,0.0004997501249375312,0.0,-0.8032991127711797,1.4331072286726063,-3.6121892809694884,2.0055910554271286,0.5751182122183229,0.0012574357982299172,0.5981229407070559,dissociated,transition
1625,Politics,Administration & Law,Politics + Administration & Law,7289,3822,204,77.27399974144835,1.3947410028087988,1.2478326753614364,1.5323079414632408,0.07450264425016805,0.0004997501249375312,0.05337519623233909,0.635865474854123,0.089044104868695,0.46133902931148085,0.8103919203967652,9.264282957535067e-13,0.0012574357982299172,3.4410193842273107e-12,associated,transition
1625,Politics,Military,Politics + Military,7289,3822,142,70.33046995888903,1.008519899589732,0.8071305305134395,1.1934620441420327,0.0996760004500563,0.0004997501249375312,0.037153322867608585,0.08678511968042604,0.09890542270022969,-0.10706950881202415,0.28063974817287624,0.3802392103218445,0.0012574357982299172,0.4493736121985435,associated,transition
1625,Politics,Religion,Politics + Religion,7289,3822,74,117.68704557601413,-0.6657595803993609,-0.9749841228640115,-0.38014033277826165,0.15740071493911656,0.0004997501249375312,0.01936159079016222,-1.7003892673184124,0.12296952905858567,-1.9414095442732404,-1.4593689903635845,1.7341026882927505e-43,0.0012574357982299172,2.7052001937366907e-42,dissociated,transition
1625,Politics,Nobility,Politics + Nobility,7289,3822,221,133.99671569894272,0.719735755014749,0.5714916520340201,0.8575340686780271,0.0748591734084411,0.0004997501249375312,0.05782312925170068,0.032906599340078745,0.0816178743868477,-0.12706443445814275,0.19287763313830025,0.6868166701475511,0.0012574357982299172,0.7545309897395632,associated,transition
1625,Politics,Kinship,Politics + Kinship,7289,3822,94,91.93927553777517,0.031808376128714594,-0.2543403052117306,0.2759723635471896,0.13295164847355556,0.8070964517741129,0.024594453165881738,-0.42125493625832794,0.11500291205936909,-0.6466606438946914,-0.19584922862196452,0.000249284723719992,0.8502948525737132,0.00045219089418975294,not distinguishable,transition
1625,Politics,Big business,Politics + Big business,7289,3822,41,17.490504620010014,1.2058756828009185,0.7748167374131462,1.5172136296435426,0.19107510073413347,0.0004997501249375312,0.010727367870225013,0.3035467093467784,0.18045712438015882,-0.050149254438332846,0.6572426731318897,0.09254968629820244,0.0012574357982299172,0.12031459218766317,associated,transition
1625,Politics,Small business,Politics + Small business,7289,3822,45,52.165201184603504,-0.2109834628309091,-0.6032439750767703,0.1329706352986376,0.19427879203654913,0.2698650674662669,0.011773940345368918,-0.8277093572695405,0.1588853213322183,-1.1391245870806883,-0.5162941274583926,1.893741291188954e-07,0.35082458770614694,4.6251774147358295e-07,not distinguishable,transition
1625,Politics,Academia,Politics + Academia,7289,3822,39,123.80833635333363,-1.6539984911041414,-2.1505162213715243,-1.2638976411708085,0.21965017109624063,0.0004997501249375312,0.01020408163265306,-2.3256518684887206,0.16435595797636168,-2.6477895461223895,-2.003514190855052,1.8651404984958314e-45,0.0012574357982299172,3.637023972066871e-44,dissociated,transition
1625,Politics,Exploration & Invention,Politics + Exploration & Invention,7289,3822,15,16.9752080940961,-0.1730414197597393,-0.9635361620277012,0.37211578764734954,0.34649144633131995,0.6026986506746627,0.003924646781789639,-0.7964185991758367,0.2688797343962566,-1.3234228785924995,-0.26941431975917374,0.0030565950269678915,0.6813115181539665,0.004865600247010113,not distinguishable,transition
1625,Politics,Culture (core),Politics + Culture (core),7289,3822,56,181.9734059604098,-1.6913634454083761,-2.0575909305701536,-1.3788136647762834,0.17624436708400446,0.0004997501249375312,0.014652014652014652,-2.663853522736806,0.13846826481503194,-2.9352513217742686,-2.392455723699343,1.7791707048214217e-82,0.0012574357982299172,1.387753149760709e-80,dissociated,transition
1625,Politics,Culture (periphery),Politics + Culture (periphery),7289,3822,4,48.86064073750092,-3.455364215298982,-5.125416432122138,-2.5058385732189725,0.755530519954048,0.0004997501249375312,0.0010465724751439038,-3.242437440379477,0.4746781886812632,-4.172806690194753,-2.3120681905642013,8.443536070731663e-12,0.0012574357982299172,2.7441492229877906e-11,dissociated,transition
1625,Politics,Sport & Games,Politics + Sport & Games,7289,3822,0,2.4991965453760487,-2.584576068971599,-3.0667772209623827,-1.9863949349998549,0.27289269951298245,0.0004997501249375312,0.0,-2.4792644354267224,1.4283247146456646,-5.278780876132225,0.32025200527878006,0.0826018795516585,0.0012574357982299172,0.11303415096542742,dissociated,transition
1625,Administration & Law,Military,Administration & Law + Military,7289,3822,41,40.81175515057766,0.006558981343140594,-0.41751556545118473,0.37767262584607536,0.205187428742256,0.9820089955022488,0.010727367870225013,-0.5861910864714766,0.16515174613527242,-0.9098885088966104,-0.2624936640463426,0.00038609695419531255,0.982008995502249,0.0006692347206052084,not distinguishable,transition
1625,Administration & Law,Religion,Administration & Law + Religion,7289,3822,41,68.2920914825497,-0.7291313820329471,-1.1860421337234062,-0.357441844790094,0.21074759748313487,0.0014992503748125937,0.010727367870225013,-1.4987766671901144,0.16276806429926177,-1.8178020732166673,-1.1797512611635614,3.3209933537674957e-20,0.0033411865495823513,1.7269165439590978e-19,dissociated,transition
1625,Administration & Law,Nobility,Administration & Law + Nobility,7289,3822,74,77.75635731260513,-0.07096753146495453,-0.40417401606259473,0.20655579623602957,0.15461994711315333,0.6336831584207896,0.01936159079016222,-0.49562395360308326,0.12698802889788663,-0.744520490242941,-0.24672741696322548,9.50396303374256e-05,0.706104090811737,0.0001808071016175414,not distinguishable,transition
1625,Administration & Law,Kinship,Administration & Law + Kinship,7289,3822,28,53.35103269127147,-0.9180120920527473,-1.4870899971107805,-0.47320002749009643,0.2594962707602664,0.0014992503748125937,0.007326007326007326,-0.9747180537292314,0.19556668626283355,-1.3580287588043851,-0.5914073486540776,6.226053882403766e-07,0.0033411865495823513,1.47161273584089e-06,dissociated,transition
1625,Administration & Law,Big business,Administration & Law + Big business,7289,3822,9,10.149487020762855,-0.16478451983614464,-1.3029512895368147,0.5754223385228395,0.46835639124135064,0.7131434282858571,0.002354788069073783,-0.6272482048092912,0.3360621559586766,-1.2859300304882972,0.03143362086971491,0.0619763560352156,0.7725720473096785,0.08632421019190743,not distinguishable,transition
1625,Administration & Law,Small business,Administration & Law + Small business,7289,3822,17,30.270712244225304,-0.8142029158068788,-1.6335657968116521,-0.24784017193666932,0.34615643850267597,0.027486256871564217,0.004447933019361591,-1.0719624526411389,0.24688706065254362,-1.5558610915201243,-0.5880638137621534,1.412466477528235e-05,0.043753633387387934,2.977632033708171e-05,dissociated,transition
1625,Administration & Law,Academia,Administration & Law + Academia,7289,3822,97,71.84418804262505,0.4305251000856807,0.17287126592507074,0.6481908051848636,0.12402208534788176,0.001999000499750125,0.025379382522239664,-0.43785340178922905,0.11338503852027326,-0.6600880772889646,-0.21561872628949347,0.00011262355620235493,0.00399800099950025,0.0002091580329472306,associated,transition
1625,Administration & Law,Exploration & Invention,Administration & Law + Exploration & Invention,7289,3822,4,9.85046789494392,-1.201699079957824,-2.8947821460938408,-0.19986304644592556,0.7696926424265809,0.10844577711144428,0.0010465724751439038,-1.3305368326033282,0.4797885993320944,-2.270922487294233,-0.39015117791242326,0.005551258497973383,0.14839948446829218,0.008490160055723998,not distinguishable,transition
1625,Administration & Law,Culture (core),Administration & Law + Culture (core),7289,3822,52,105.59653720946397,-1.014988242289093,-1.4291218426711818,-0.684887742800471,0.1875635006054978,0.0004997501249375312,0.013605442176870748,-1.8638986741411196,0.14579847992018313,-2.1496636947846786,-1.5781336534975607,2.0124334496205145e-37,0.0012574357982299172,2.2424258438628587e-36,dissociated,transition
1625,Administration & Law,Culture (periphery),Administration & Law + Culture (periphery),7289,3822,7,28.353123581356023,-1.94376500987916,-3.360925536348489,-1.1445219947374379,0.5693271962792402,0.00849575212393803,0.0018315018315018315,-1.9290049101624849,0.37031387925477754,-2.6548201135018488,-1.203189706823121,1.8975086829685454e-07,0.01409933331206737,4.6251774147358295e-07,dissociated,transition
1625,Administration & Law,Sport & Games,Administration & Law + Sport & Games,7289,3822,1,1.4502476315411792,-0.378694820235387,-2.228917207787215,0.9616514177485062,1.0082655749731304,0.6696651674162919,0.00026164311878597594,-0.5587265037505386,0.8420563292880968,-2.209156909155208,1.0917039016541312,0.5069935540210355,0.7356884937812784,0.5731231480237793,not distinguishable,transition
1625,Military,Religion,Military + Religion,7289,3822,14,62.15563973022757,-2.111391474344993,-2.995961439906049,-1.4954077005244,0.3787465352194575,0.0004997501249375312,0.003663003663003663,-2.6206406959412623,0.2669897800508171,-3.143940664840864,-2.0973407270416606,9.654910937446277e-23,0.0012574357982299172,5.792946562467766e-22,dissociated,transition
1625,Military,Nobility,Military + Nobility,7289,3822,176,70.7694848252243,1.3083117825672053,1.1416950510024253,1.4661881884657706,0.08337246383041785,0.0004997501249375312,0.046049188906331764,0.6537668938074765,0.09357772928779406,0.4703545444034002,0.8371792432115529,2.8212705592126264e-12,0.0012574357982299172,9.567787113851515e-12,associated,transition
1625,Military,Kinship,Military + Kinship,7289,3822,59,48.557124188261234,0.27842700527394537,-0.09941383735314073,0.572885602448663,0.1707152895908568,0.1024487756121939,0.01543694400837258,-0.14538506538752585,0.14177552284424602,-0.423265090162248,0.13249495938719633,0.30514639708171554,0.14269650888841293,0.37189717144334083,not distinguishable,transition
1625,Military,Big business,Military + Big business,7289,3822,6,9.237495074672795,-0.5831109753031062,-2.0453989683981293,0.23985799202498687,0.6253908294180706,0.2978510744627686,0.0015698587127158557,-1.0359298575709723,0.4017433164920171,-1.823346757895326,-0.24851295724661882,0.009920548362158787,0.36876799695390394,0.014329680967562692,not distinguishable,transition
1625,Military,Small business,Military + Small business,7289,3822,8,27.55070819745248,-1.7225024487154739,-2.9611856832425816,-0.9506661945763389,0.5098891795352956,0.005497251374312844,0.0020931449502878076,-1.83450293200956,0.34840830152237395,-2.517383202993413,-1.1516226610257072,1.3989786445387888e-07,0.009745127436281859,3.7627701473801907e-07,dissociated,transition
1625,Military,Academia,Military + Academia,7289,3822,14,65.38855922766952,-2.18397507973638,-3.041080203521755,-1.5744525333579162,0.37615094366134344,0.0004997501249375312,0.003663003663003663,-2.5555126008417064,0.267051235654639,-3.078933022724799,-2.0320921789586137,1.075570604286109e-21,0.0012574357982299172,5.992464795308321e-21,dissociated,transition
1625,Military,Exploration & Invention,Military + Exploration & Invention,7289,3822,25,8.965344600827688,1.429770311493625,0.828887330175246,1.8771757682984824,0.2633192719936388,0.0004997501249375312,0.006541077969649398,0.5753920225410099,0.2195815575497688,0.14501216974346304,1.0057718753385567,0.008782608675709179,0.0012574357982299172,0.012925348617081433,associated,transition
1625,Military,Culture (core),Military + Culture (core),7289,3822,34,96.10805850378924,-1.4855471737391217,-2.020286372107799,-1.07417656258483,0.23888327336770443,0.0004997501249375312,0.008895866038723181,-2.3300109610114954,0.17647267188474713,-2.6758973979056,-1.984124524117391,8.40415702323119e-40,0.0012574357982299172,1.0925404130200546e-38,dissociated,transition
1625,Military,Culture (periphery),Military + Culture (periphery),7289,3822,7,25.805426313524123,-1.8103979302838147,-3.084183234069794,-1.0098443724516124,0.5502907604457219,0.0074962518740629685,0.0018315018315018315,-1.9353839580711105,0.37030295322752815,-2.661177746397066,-1.2095901697451552,1.7275998389917395e-07,0.012993503248375811,4.491759581378523e-07,dissociated,transition
1625,Military,Sport & Games,Military + Sport & Games,7289,3822,1,1.319934231751016,-0.2789238149549731,-2.1478155197500675,1.065006150033955,1.0231412349203912,0.7351324337831084,0.00026164311878597594,-0.5650140143118987,0.842051598925592,-2.2154351482060592,1.0854071195822617,0.5022225030174756,0.7854839703435953,0.5731231480237793,not distinguishable,transition
1625,Religion,Nobility,Religion + Nobility,7289,3822,55,118.42166831652972,-1.0994519310621724,-1.4963437669050974,-0.7821294545102926,0.18154854662290254,0.0004997501249375312,0.014390371533228676,-1.7835665084702148,0.14087968338832696,-2.0596906879113357,-1.507442329029094,9.823504401404862e-37,0.0012574357982299172,8.51370381455088e-36,dissociated,transition
1625,Religion,Kinship,Religion + Kinship,7289,3822,54,81.25275560826564,-0.5850111299000965,-0.9846384553037141,-0.2616054115435837,0.18188166638617217,0.005497251374312844,0.0141287284144427,-1.1721390534655995,0.14426595561943698,-1.454900326479696,-0.8893777804515031,4.479210173325906e-16,0.009745127436281859,1.9409910751078927e-15,dissociated,transition
1625,Religion,Big business,Religion + Big business,7289,3822,1,15.457503760414175,-3.4112005819335995,-5.176964129083333,-2.0847689566600756,1.0138237678787632,0.0004997501249375312,0.00026164311878597594,-3.4097535678427264,0.8205582139064593,-5.0180476670993865,-1.801459468586066,3.2470862025016634e-05,0.0012574357982299172,6.665071678819204e-05,dissociated,transition
1625,Religion,Small business,Religion + Small business,7289,3822,32,46.1018027205043,-0.5199460463012846,-1.0557951989205585,-0.1033025293943192,0.24382979044532985,0.033483258370814596,0.00837257980115123,-1.3015458668058255,0.1841454719108768,-1.662470991751144,-0.940620741860507,1.5714767672461915e-12,0.05120968927301056,5.571599447509224e-12,not distinguishable,transition
1625,Religion,Academia,Religion + Academia,7289,3822,276,109.41753061617396,1.330857982106702,1.2118983200586815,1.4472121055417608,0.060716313554589604,0.0004997501249375312,0.07221350078492936,-0.058594329454516765,0.07443290697136383,-0.20448282711838986,0.08729416820935634,0.4311589383218921,0.0012574357982299172,0.5019462267030983,associated,transition
1625,Religion,Exploration & Invention,Religion + Exploration & Invention,7289,3822,11,15.00210249212086,-0.4308300349267958,-1.4220354286420076,0.24531622335262368,0.43705516977275216,0.3078460769615192,0.0028780743066457353,-1.218928895479586,0.3074107327590196,-1.8214539316872644,-0.6164038592719077,7.335057844792862e-05,0.37518740629685154,0.0001430336279734608,not distinguishable,transition
1625,Religion,Culture (core),Religion + Culture (core),7289,3822,267,160.82180977845334,0.7295973957840982,0.6025262111333647,0.8556876830316957,0.06478667573180391,0.0004997501249375312,0.06985871271585557,-0.8993947953507773,0.07291387310733222,-1.0423059866411484,-0.7564836040604062,5.866723772469563e-35,0.0012574357982299172,4.57604454252626e-34,associated,transition
1625,Religion,Culture (periphery),Religion + Culture (periphery),7289,3822,14,43.181346355902576,-1.5909644237613598,-2.52213877921492,-1.010440989541317,0.3876082858600597,0.001999000499750125,0.003663003663003663,-2.1355794080157793,0.2684534266031774,-2.6617481241580068,-1.6094106918735516,1.7895697363534254e-15,0.00399800099950025,7.346654707135115e-15,dissociated,transition
1625,Religion,Sport & Games,Religion + Sport & Games,7289,3822,1,2.2087035701627618,-0.8526400186010169,-2.7298222320866294,0.48296075832499763,0.9982078246969226,0.46676661669165415,0.00026164311878597594,-1.432101746208803,0.8416237075053783,-3.0816842129193445,0.2174807205017384,0.08883152640145436,0.5433999418201347,0.11743828914090577,not distinguishable,transition
1625,Nobility,Kinship,Nobility + Kinship,7289,3822,261,92.51317627787789,1.491303937996408,1.3629689460614662,1.6192484037977917,0.06506594326578138,0.0004997501249375312,0.06828885400313972,1.3697270899466607,0.0863592818188166,1.2004628975817802,1.5389912823115413,1.1838084056336442e-56,0.0012574357982299172,3.0779018546474748e-55,associated,transition
1625,Nobility,Big business,Nobility + Big business,7289,3822,10,17.599683352249095,-0.7855751301830537,-1.8817535153243699,-0.08256254418487573,0.46234077429182985,0.08395802098950525,0.0026164311878597592,-1.0838394431084846,0.3200033666116453,-1.7110460416673092,-0.4566328445496598,0.0007067101426863088,0.1190677388578438,0.0011728381091389807,not distinguishable,transition
1625,Nobility,Small business,Nobility + Small business,7289,3822,19,52.490825325019436,-1.4422684733637166,-2.1413396944035297,-0.9239653493117744,0.3126870625553777,0.0009995002498750624,0.004971219256933543,-1.529100811198187,0.233550226007587,-1.9868592541730574,-1.0713423682233165,5.86245332664881e-11,0.0024362818590704647,1.758735997994643e-10,dissociated,transition
1625,Nobility,Academia,Nobility + Academia,7289,3822,30,124.58116924165535,-2.035983462766303,-2.6166443599338165,-1.5967744363087704,0.26164471350718754,0.0004997501249375312,0.007849293563579277,-2.3605844828411873,0.18605806908492714,-2.7252582982476445,-1.99591066743473,6.9494602881370194e-37,0.0012574357982299172,6.775723780933593e-36,dissociated,transition
1625,Nobility,Exploration & Invention,Nobility + Exploration & Invention,7289,3822,8,17.081170256965187,-1.048496357550022,-2.306215884873963,-0.2803766409058486,0.5101406541338644,0.04597701149425287,0.0020931449502878076,-1.2254226170677616,0.3539073777311985,-1.9190810774209106,-0.5317641567146125,0.0005350789663463772,0.06896551724137931,0.0009073078125003787,not distinguishable,transition
1625,Nobility,Culture (core),Nobility + Culture (core),7289,3822,68,183.1093151977714,-1.4224633608203765,-1.7767935949108666,-1.1350420122265172,0.16355375767090766,0.0004997501249375312,0.017791732077446363,-2.197323551922241,0.1273954246764829,-2.4470185842881476,-1.9476285195563348,1.1572607456934919e-66,0.0012574357982299172,4.513316908204618e-65,dissociated,transition
1625,Nobility,Culture (periphery),Nobility + Culture (periphery),7289,3822,14,49.16563724434879,-1.7761951221061005,-2.6477767176150304,-1.1793520621251539,0.3795237030906973,0.0014992503748125937,0.003663003663003663,-1.813044592242134,0.2688111833227519,-2.3399145115547277,-1.2861746729295405,1.5336787402573545e-11,0.0033411865495823513,4.7850776696029456e-11,dissociated,transition
1625,Nobility,Sport & Games,Nobility + Sport & Games,7289,3822,4,2.514796959221644,0.5778641587822292,-1.120856386501338,1.4676828801285957,0.69604070719145,0.32033983008495753,0.0010465724751439038,0.11581510313414874,0.5193969539054976,-0.9022029265206264,1.133833132788924,0.8235511167672414,0.38440779610194903,0.8680673933492544,not distinguishable,transition
1625,Kinship,Big business,Kinship + Big business,7289,3822,15,12.07568505436728,0.30163122321275226,-0.49586392107594024,0.8672600921069745,0.34837449915279856,0.37181409295352325,0.003924646781789639,-0.06985101556080855,0.2691856339800806,-0.5974548581617665,0.4577528270401494,0.7952570952471821,0.43941665530870927,0.8497267593052084,not distinguishable,transition
1625,Kinship,Small business,Kinship + Small business,7289,3822,25,36.01557267720605,-0.5180146095897106,-1.130245570985023,-0.03782376037181448,0.2760887738089063,0.06146926536731634,0.006541077969649398,-0.6433176336694131,0.20763075941833387,-1.0502739221293473,-0.2363613452094787,0.0019458605082923609,0.09046420186133348,0.0031620233259750867,not distinguishable,transition
1625,Kinship,Academia,Kinship + Academia,7289,3822,33,85.4789789882673,-1.359822882658347,-1.8680787005765263,-0.9366924696316306,0.237234456585424,0.0004997501249375312,0.008634222919937205,-1.6441933728172475,0.17969165480314306,-1.996389016231408,-1.291997729403087,5.689035824052295e-20,0.0012574357982299172,2.773404964225494e-19,dissociated,transition
1625,Kinship,Exploration & Invention,Kinship + Exploration & Invention,7289,3822,4,11.71991724253256,-1.4412376082095355,-3.093931398017297,-0.49576294604636206,0.7258808121051915,0.07596201899050475,0.0010465724751439038,-1.3097576886835136,0.47981648364437596,-2.2501979966264907,-0.36931738074053677,0.006339092872793309,0.10972291631961797,0.009508639309189963,not distinguishable,transition
1625,Kinship,Culture (core),Kinship + Culture (core),7289,3822,90,125.63694338094929,-0.4790011812655048,-0.779407585737749,-0.2292923074043154,0.14003089045368633,0.001999000499750125,0.023547880690737835,-1.2091357907859743,0.11573502522862297,-1.4359764402340753,-0.9822951413378733,1.5051919488726296e-25,0.00399800099950025,9.783747667672092e-25,dissociated,transition
1625,Kinship,Culture (periphery),Kinship + Culture (periphery),7289,3822,11,33.73405867464967,-1.5737984823810194,-2.6066190717185864,-0.910723391450502,0.4262412849980379,0.0034982508745627187,0.0028780743066457353,-1.4652422185879215,0.30134790982943205,-2.0558841218536084,-0.8746003153222347,1.1603294430514457e-06,0.006655208980875417,2.661932251706258e-06,dissociated,transition
1625,Kinship,Sport & Games,Kinship + Sport & Games,7289,3822,0,1.7254796832103414,-2.154116330237282,-2.6023913533051712,-1.6205946723762845,0.25315336541189976,0.0004997501249375312,0.0,-1.678287797046699,1.4285713195424514,-4.478287583349903,1.121711989256506,0.24007412085353053,0.0012574357982299172,0.29723462581865684,dissociated,transition
1625,Big business,Small business,Big business + Small business,7289,3822,24,6.8515934742618105,1.7366528529074676,1.1722439196283871,2.169823551846234,0.2544299194357016,0.0004997501249375312,0.006279434850863423,0.8882411268644345,0.2233382302657086,0.4504981955436456,1.3259840581852234,6.975735203447825e-05,0.0012574357982299172,0.0001395147040689565,associated,transition
1625,Big business,Academia,Big business + Academia,7289,3822,6,16.261499431695512,-1.366639590575348,-2.7625447579962934,-0.4847448376233915,0.593100500283334,0.02948525737131434,0.0015698587127158557,-1.8462057857053678,0.40087822958660624,-2.631927115695116,-1.0604844557156197,4.116679197449125e-06,0.04599700149925037,9.17431364002948e-06,dissociated,transition
1625,Big business,Exploration & Invention,Big business + Exploration & Invention,7289,3822,4,2.2295941041261247,0.7212385658652902,-0.9935354889809331,1.6805058924267802,0.7654535127620736,0.28085957021489255,0.0010465724751439038,0.16617504980418307,0.48441239810181674,-0.7832732504753778,1.115623350083744,0.7315649193954721,0.35711176669729655,0.792528662678428,not distinguishable,transition
1625,Big business,Culture (core),Big business + Culture (core),7289,3822,19,23.901140462495384,-0.3234744541876939,-1.000063645620818,0.1974933655762885,0.3111987519489298,0.28385807096451776,0.004971219256933543,-1.3212074711005348,0.2416589730806872,-1.7948590583386816,-0.8475558838623879,4.570983856669897e-08,0.35711176669729655,1.3205064474824146e-07,not distinguishable,transition
1625,Big business,Culture (periphery),Big business + Culture (periphery),7289,3822,3,6.417558825098905,-0.9829080851285658,-3.7593261164119753,0.056123936666490605,0.8905264981015906,0.22438780609695153,0.0007849293563579278,-1.2102831069825235,0.5421352205960615,-2.2728681393508037,-0.1476980746142431,0.02558604822301383,0.2966482860264783,0.036285668389001435,not distinguishable,transition
1625,Big business,Sport & Games,Big business + Sport & Games,7289,3822,0,0.32825482030825887,-0.728146599693705,-0.9907634250553309,-0.4656536443942631,0.1360151720647816,0.0004997501249375312,0.0,-0.22135106937657734,1.4300770569886032,-3.0243021010742397,2.5815999623210852,0.8769926956772286,0.0012574357982299172,0.9026916469157785,dissociated,transition
1625,Small business,Academia,Small business + Academia,7289,3822,68,48.499709290676044,0.4833307981543828,0.15685000868762308,0.7538531392390142,0.15229301928121222,0.0024987506246876563,0.017791732077446363,-0.3727197283568281,0.13413491503743616,-0.635624161830203,-0.10981529488345321,0.005457810646301117,0.00487256371814093,0.008490160055723998,associated,transition
1625,Small business,Exploration & Invention,Small business + Exploration & Invention,7289,3822,5,6.649735243698105,-0.3784582009214527,-2.156104518220599,0.49355844785299935,0.6465667222243808,0.49025487256371814,0.0013082155939298796,-0.6873337776590738,0.4365015899670902,-1.5428768939945705,0.16820933867642307,0.11533908079674422,0.5623511773525002,0.14748275905157457,not distinguishable,transition
1625,Small business,Culture (core),Small business + Culture (core),7289,3822,106,71.28483870849148,0.5691023530138613,0.3384514891981941,0.7931302639017352,0.11591849137050043,0.0004997501249375312,0.02773417059131345,-0.4962836660916116,0.11305810849093315,-0.7178775587338406,-0.27468977344938267,1.1354183149111101e-05,0.0012574357982299172,2.4600730156407383e-05,associated,transition
1625,Small business,Culture (periphery),Small business + Culture (periphery),7289,3822,48,19.14028522895301,1.3041688657424755,0.8974124365292122,1.6233407621555476,0.1863815763613586,0.0004997501249375312,0.012558869701726845,0.5682413303323891,0.15982264309961544,0.2549889498571428,0.8814937108076354,0.0003773334749184225,0.0012574357982299172,0.0006689093419008399,associated,transition
1625,Small business,Sport & Games,Small business + Sport & Games,7289,3822,1,0.9790157067055733,0.020325127211885046,-1.8365081488653647,1.3902135948417267,1.0037166316035433,0.9665167416291854,0.00026164311878597594,-0.12767141507581156,0.8424646084634854,-1.778902047664243,1.5235592175126198,0.8795457072512713,0.9790689071048891,0.9026916469157785,not distinguishable,transition
1625,Academia,Exploration & Invention,Academia + Exploration & Invention,7289,3822,26,15.782411243827154,0.7026779971772356,0.1461628087401231,1.1441624964083619,0.2542320358338333,0.00849575212393803,0.006802721088435374,-0.20134158996304538,0.2146325347259466,-0.6220213580259008,0.21933817809980996,0.34820544958942945,0.01409933331206737,0.4178465395073153,associated,transition
1625,Academia,Culture (core),Academia + Culture (core),7289,3822,265,169.1866816823268,0.6458385255235278,0.5120140277278737,0.7683599473359352,0.06677831583619348,0.0004997501249375312,0.06933542647828363,-0.8290837745304331,0.07341769943479567,-0.9729824654226327,-0.6851850836382336,1.4259426122605254e-29,0.0012574357982299172,1.0111229432392816e-28,associated,transition
1625,Academia,Culture (periphery),Academia + Culture (periphery),7289,3822,22,45.427350373650626,-1.0294285530057556,-1.7160424440193698,-0.5403626566407247,0.29700335260581656,0.001999000499750125,0.0057561486132914706,-1.6064754672706447,0.21822870020197946,-2.0342037196665244,-1.178747214874765,1.81949379979849e-13,0.00399800099950025,7.096025819214111e-13,dissociated,transition
1625,Academia,Sport & Games,Academia + Sport & Games,7289,3822,2,2.323585515985229,-0.17560023100224004,-2.595795618888531,0.9616801401854747,0.9332974059135077,0.8175912043978011,0.0005232862375719519,-0.8156828420824561,0.6659083398550069,-2.1208631881982694,0.48949750403335723,0.22060627035285807,0.8502948525737132,0.2775369207664989,not distinguishable,transition
1625,Exploration & Invention,Culture (core),Exploration & Invention + Culture (core),7289,3822,17,23.196976979892714,-0.4373481043954478,-1.1866882049739433,0.0911673026990076,0.32639590272456803,0.16891554222888555,0.004447933019361591,-1.3541625561387327,0.25447035511484745,-1.8529244521638337,-0.8554006601136317,1.0291831002242137e-07,0.22716228092850127,2.8670100649103097e-07,not distinguishable,transition
1625,Exploration & Invention,Culture (periphery),Exploration & Invention + Culture (periphery),7289,3822,15,6.22848790694836,1.2039139859750014,0.39502969524090087,1.7591949221299075,0.3485401592652622,0.00399800099950025,0.003924646781789639,0.4666216184086278,0.2716215107961903,-0.06575654275190512,0.9989997795691608,0.08581282514661573,0.007424858999071892,0.1154034545075177,associated,transition
1625,Exploration & Invention,Sport & Games,Exploration & Invention + Sport & Games,7289,3822,0,0.3185839404683584,-0.7112022684072814,-0.9767685635575718,-0.4584753434256342,0.1335839698742566,0.0004997501249375312,0.0,-0.14163591021626637,1.4302401797350288,-2.9449066624969227,2.66163484206439,0.9211148807297612,0.0012574357982299172,0.9211148807297612,dissociated,transition
1625,Culture (core),Culture (periphery),Culture (core) + Culture (periphery),7289,3822,228,66.76908772651895,1.7641785670579497,1.6403993651987903,1.886288485231869,0.06127856057005708,0.0004997501249375312,0.059654631083202514,0.8063411445170834,0.09670066190523376,0.6168078471828252,0.9958744418513416,7.52212331264895e-17,0.0012574357982299172,3.4513271669801063e-16,associated,transition
1625,Culture (core),Sport & Games,Culture (core) + Sport & Games,7289,3822,9,3.415204362147326,1.278839899525821,0.3520972802724076,1.8338648011045386,0.3877469881152829,0.009495252373813094,0.002354788069073783,0.22029996441874375,0.4080515665040318,-0.5794811059291585,1.020081034766646,0.5892779581049494,0.015429785107446277,0.6566240104598008,associated,transition
1625,Culture (periphery),Sport & Games,Culture (periphery) + Sport & Games,7289,3822,1,0.9169970331836873,0.08212576308319396,-1.7519475347070836,1.4114861277542436,0.9920022279633667,0.881559220389805,0.00026164311878597594,-0.1001814281375061,0.8424971854119042,-1.7514759115448384,1.551113055269826,0.9053465765380297,0.9047581472421684,0.9171043242852769,not distinguishable,transition
1650,Politics,Administration & Law,Politics + Administration & Law,7803,4073,181,77.16137070607043,1.224700472387894,1.0603383131210296,1.3746776103786413,0.0824651913681289,0.0004997501249375312,0.04443898846059416,0.5155771486099436,0.09186544032715022,0.3355208855687292,0.695633411651158,1.996456373176332e-08,0.0012574357982299172,5.3697792106122034e-08,associated,post
1650,Politics,Military,Politics + Military,7803,4073,204,98.28534447535193,1.0497319146760768,0.8875868767998443,1.187855975882934,0.0766560225465324,0.0004997501249375312,0.050085931745642034,0.14520809581305394,0.08442247716056746,-0.020259959421658286,0.31067615104776614,0.08542935165406462,0.0012574357982299172,0.10747563595188775,associated,post
1650,Politics,Religion,Politics + Religion,7803,4073,79,106.85999444928254,-0.43342973655100697,-0.7304819556701004,-0.17038841504115604,0.144162322398369,0.0024987506246876563,0.01939602258777314,-1.505443920651896,0.1194392752386974,-1.7395449001197427,-1.2713429411840491,2.0003616585679828e-36,0.00556864424930392,2.2289744195471807e-35,dissociated,post
1650,Politics,Nobility,Politics + Nobility,7803,4073,207,136.7006554735983,0.5968239624834525,0.4351396556681332,0.751085367796318,0.07934886059400068,0.0004997501249375312,0.05082248956543089,-0.12246453803784435,0.08244979332878133,-0.28406613296225575,0.039137056886567045,0.13745839870324025,0.0012574357982299172,0.16752742341957405,associated,post
1650,Politics,Kinship,Politics + Kinship,7803,4073,84,92.95122584083948,-0.14526224716524008,-0.43496559584787065,0.10729616793346362,0.13995592677625515,0.2978510744627686,0.020623618954087895,-0.5607114917696396,0.1197096621577738,-0.7953424295988762,-0.32608055394040303,2.814282880870504e-06,0.3574212893553223,5.932812559672954e-06,not distinguishable,post
1650,Politics,Big business,Politics + Big business,7803,4073,75,24.735977062860083,1.5809946998083249,1.3100360055717886,1.8162651496924214,0.12915449990790048,0.0004997501249375312,0.018413945494721334,0.7361275376224705,0.1419612418878888,0.45788350352220847,1.0143715717227326,2.155377588059504e-07,0.0012574357982299172,4.944689760842392e-07,associated,post
1650,Politics,Small business,Politics + Small business,7803,4073,49,58.296278845654975,-0.2482963261143001,-0.6428351294451103,0.06854296052792307,0.18348178330255874,0.17191404297851073,0.012030444389884607,-0.807766959537077,0.152305795978039,-1.1062863196540333,-0.5092475994201205,1.1354937663690343e-07,0.22348825587206397,2.7577656115407293e-07,not distinguishable,post
1650,Politics,Academia,Politics + Academia,7803,4073,37,133.4607512250767,-1.8368478708037865,-2.32179850030616,-1.4389181197365217,0.22250081248568518,0.0004997501249375312,0.009084213110729192,-2.451610218227603,0.168076412149159,-2.781039986039955,-2.1221804504152515,3.4340157942627086e-48,0.0012574357982299172,5.357064639049826e-47,dissociated,post
1650,Politics,Exploration & Invention,Politics + Exploration & Invention,7803,4073,12,18.22349476547145,-0.5829216461369753,-1.5441146233199292,0.01355012120932512,0.40563824270469845,0.136431784107946,0.0029462312791554137,-1.0377851535097888,0.29546486803562244,-1.6168962948596088,-0.45867401215996884,0.00044411103684835083,0.18347722690378948,0.0007370353377483268,not distinguishable,post
1650,Politics,Culture (core),Politics + Culture (core),7803,4073,42,177.00650100505086,-2.062337116541654,-2.529109725491035,-1.6960214298771763,0.215861474301409,0.0004997501249375312,0.010311809477043948,-2.897721060509303,0.15790748600282842,-3.207219733074847,-2.5882223879437594,3.255770808901885e-75,0.0012574357982299172,2.5395012309434705e-73,dissociated,post
1650,Politics,Culture (periphery),Politics + Culture (periphery),7803,4073,7,51.622759046869014,-2.796950952292402,-4.047217387763454,-2.014389544852,0.5375519363884231,0.0009995002498750624,0.001718634912840658,-2.8080995613879716,0.3689890564116648,-3.5313181119548345,-2.0848810108211087,2.735628295702451e-14,0.0024362818590704647,1.1854389281377288e-13,dissociated,post
1650,Politics,Sport & Games,Politics + Sport & Games,7803,4073,2,3.695647110406313,-0.7469652452116788,-3.155715995735478,0.4604587869115381,0.961715122351612,0.36431784107946025,0.0004910385465259023,-1.0997671141291199,0.6562859903497675,-2.386087655214664,0.1865534269564244,0.09378840599801777,0.430557448548453,0.11611897885468868,not distinguishable,post
1650,Administration & Law,Military,Administration & Law + Military,7803,4073,70,55.34592663999367,0.3361712020596658,-0.016064609941824397,0.6186501703073952,0.1576841349102472,0.0384807596201899,0.01718634912840658,-0.2980701157246086,0.13044163130818953,-0.5537357130886601,-0.04240451836055714,0.022307888823916117,0.058852926477937495,0.03107170229045459,not distinguishable,post
1650,Administration & Law,Religion,Administration & Law + Religion,7803,4073,38,60.17443846903651,-0.6562304057487618,-1.134259093036705,-0.2607937292537647,0.22651224505382356,0.006496751624187906,0.009329732383992144,-1.411478531586203,0.16852232036208495,-1.7417822794958895,-1.0811747836765166,5.493496272395617e-17,0.012668665667166415,2.856618061645721e-16,dissociated,post
1650,Administration & Law,Nobility,Administration & Law + Nobility,7803,4073,70,76.97815467674516,-0.13616633568616224,-0.4760875576742895,0.1427393841413673,0.15924320887840157,0.39430284857571213,0.01718634912840658,-0.5505292067650926,0.1296748882477743,-0.8046919877307303,-0.29636642579945505,2.181480072165754e-05,0.45903913714784395,4.2538861407232204e-05,not distinguishable,post
1650,Administration & Law,Kinship,Administration & Law + Kinship,7803,4073,32,52.34220578811443,-0.701250972008262,-1.2373584049392408,-0.28567470780554055,0.24255776275877866,0.0079960019990005,0.007856616744414437,-0.7753335320875181,0.18410738568076632,-1.1361840080218202,-0.4144830561532161,2.538924743496626e-05,0.014504375719117186,4.71514595220802e-05,dissociated,post
1650,Administration & Law,Big business,Administration & Law + Big business,7803,4073,11,13.929193403121745,-0.32735679376406784,-1.3604867011006394,0.30408455680840113,0.43023854456846305,0.4027986006996502,0.0027007120058924624,-0.6856081477844989,0.3048074558117213,-1.2830307611754725,-0.08818553439352506,0.024492427674550645,0.46203368903783404,0.03351595365991141,not distinguishable,post
1650,Administration & Law,Small business,Administration & Law + Small business,7803,4073,13,32.82749416608465,-1.3037534406230598,-2.264793073609961,-0.7061406867157463,0.39646694785223296,0.0069965017491254375,0.0031917505524183647,-1.3632190915903686,0.27865478743943567,-1.9093824749716624,-0.8170557082090747,9.974388618176422e-07,0.013310417961750833,2.2228637491936025e-06,dissociated,post
1650,Administration & Law,Academia,Administration & Law + Academia,7803,4073,103,75.15371682371155,0.45214789964896707,0.18890248462511194,0.6726241566660794,0.12207368120301407,0.0004997501249375312,0.025288485146083967,-0.3839740581852677,0.11054928870368741,-0.6006506640444951,-0.16729745232604037,0.0005140446742410384,0.0012574357982299172,0.0008353225956416873,associated,post
1650,Administration & Law,Exploration & Invention,Administration & Law + Exploration & Invention,7803,4073,5,10.26191859832193,-0.9684317758489956,-2.6677852837649603,-0.11927156838321042,0.6490318120671237,0.11344327836081959,0.0012275963663147557,-1.0725667455472805,0.4353969093492001,-1.9259446878717128,-0.21918880322284828,0.013761746448531774,0.15660590757252954,0.020642619672797662,not distinguishable,post
1650,Administration & Law,Culture (core),Administration & Law + Culture (core),7803,4073,56,99.67497058408648,-0.8261993134876312,-1.2013916866989602,-0.5087603365891401,0.18066535786786359,0.0004997501249375312,0.013749079302725264,-1.6638722064604354,0.14112879772071177,-1.9404846499930306,-1.3872597629278403,4.408861397692504e-32,0.0012574357982299172,3.126283536545594e-31,dissociated,post
1650,Administration & Law,Culture (periphery),Administration & Law + Culture (periphery),7803,4073,5,29.069536769834386,-2.4266081189271924,-4.268422257872338,-1.5264712159109521,0.6768506324549031,0.0074962518740629685,0.0012275963663147557,-2.28124614857302,0.43053507896869797,-3.125094903351668,-1.437397393794372,1.1667469894980009e-07,0.013921610623259797,2.7577656115407293e-07,dissociated,post
1650,Administration & Law,Sport & Games,Administration & Law + Sport & Games,7803,4073,1,2.0810733782506796,-0.7830086561828498,-2.626889425784247,0.5659430072085389,1.0088461573907377,0.52023988005997,0.00024551927326295114,-0.8096813500479079,0.8350087414754458,-2.4462984833397816,0.8269357832439659,0.33221194997171777,0.579695866352538,0.37554394344628966,not distinguishable,post
1650,Military,Religion,Military + Religion,7803,4073,16,76.64800870463068,-2.2251628948780002,-3.0787937188736243,-1.6567544493074393,0.35937268104658404,0.0004997501249375312,0.003928308372207218,-2.755299057105128,0.25001631647218225,-3.2453310373906055,-2.265267076819651,3.0444159468357974e-28,0.0012574357982299172,1.8266495681014784e-27,dissociated,post
1650,Military,Nobility,Military + Nobility,7803,4073,232,98.05197056829374,1.238274092546704,1.0955890419248364,1.3679050636349104,0.06860768289175163,0.0004997501249375312,0.056960471397004664,0.5404530257113626,0.0821660828286517,0.3794075033672052,0.7014985480555199,4.782040627376937e-11,0.0012574357982299172,1.4919966757416044e-10,associated,post
1650,Military,Kinship,Military + Kinship,7803,4073,63,66.67159589584456,-0.08109471369308077,-0.4467160422895921,0.2161138751351933,0.16733854147550475,0.6131934032983508,0.015467714215565921,-0.46706741457740136,0.13598093085614069,-0.7335900390554371,-0.2005447900993656,0.0005929894778253206,0.6642928535732133,0.0009439424340892858,not distinguishable,post
1650,Military,Big business,Military + Big business,7803,4073,12,17.742499379704718,-0.5453753098169504,-1.6296452923504812,0.07884010943585452,0.425761236472415,0.1714142928535732,0.0029462312791554137,-1.028150262889337,0.2924211970104675,-1.6012958090298532,-0.4550047167488208,0.0004381160272592202,0.22348825587206397,0.0007370353377483268,not distinguishable,post
1650,Military,Small business,Military + Small business,7803,4073,9,41.81446678373228,-2.155151568404806,-3.3933238194514925,-1.4311622260785997,0.4996940065405745,0.0024987506246876563,0.00220967345936656,-2.161467869875659,0.3291748730014093,-2.8066506209584214,-1.5162851187928967,5.1573588354019175e-11,0.00556864424930392,1.5472076506205752e-10,dissociated,post
1650,Military,Academia,Military + Academia,7803,4073,26,95.7280680608805,-1.8604654048601965,-2.4554773483803523,-1.4081551537717245,0.2721060343882632,0.0004997501249375312,0.006383501104836729,-2.384363173700306,0.1989784128242602,-2.7743608628358563,-1.994365484564756,4.361177525143938e-33,0.0012574357982299172,3.4017184696122714e-32,dissociated,post
1650,Military,Exploration & Invention,Military + Exploration & Invention,7803,4073,34,13.071258262843992,1.3460418750758205,0.8906666607058759,1.723772236676504,0.2139216923130011,0.0004997501249375312,0.008347655290940338,0.5656592399785743,0.194034335303936,0.1853519427828597,0.9459665371742888,0.003553999412388016,0.0012574357982299172,0.005435528513064025,associated,post
1650,Military,Culture (core),Military + Culture (core),7803,4073,46,126.96234825513272,-1.454768523729352,-1.8873128389607678,-1.084573269974462,0.2073818386609541,0.0004997501249375312,0.011293886570095753,-2.350077004190545,0.1523199244037649,-2.6486240560219243,-2.0515299523591657,1.0519206529675018e-53,0.0012574357982299172,2.0512452732866284e-52,dissociated,post
1650,Military,Culture (periphery),Military + Culture (periphery),7803,4073,12,37.027717483734484,-1.5860284501992936,-2.5567580112142934,-0.9123663004820156,0.42589937111039056,0.004497751124437781,0.0029462312791554137,-1.8692739332397796,0.28830947913680544,-2.434360512347918,-1.304187354131641,8.957884662690313e-11,0.009481745613679645,2.587833346999424e-10,dissociated,post
1650,Military,Sport & Games,Military + Sport & Games,7803,4073,6,2.6507954950541195,1.0447236000426696,-0.37968887876572904,1.81046370907149,0.5660056250204113,0.05997001499250375,0.0014731156395777069,0.39346749087235916,0.4346111382128814,-0.45837034002488836,1.2453053217696066,0.36528938238518815,0.08995502248875561,0.4070367403720668,not distinguishable,post
1650,Religion,Nobility,Religion + Nobility,7803,4073,48,106.60626044096252,-1.142986156743594,-1.6012318032856165,-0.8033779123271845,0.2022628739658084,0.0004997501249375312,0.011784925116621655,-1.8687580526726741,0.1496006511558651,-2.1619753289381696,-1.5755407764071785,8.292240027432976e-36,0.0012574357982299172,8.084934026747152e-35,dissociated,post
1650,Religion,Kinship,Religion + Kinship,7803,4073,46,72.48818636578571,-0.6504322566662011,-1.0580008278621922,-0.2995729143844224,0.19887367366655173,0.001999000499750125,0.011293886570095753,-1.2471581413139823,0.1545800369778249,-1.550135013790519,-0.9441812688374455,7.143481379476707e-16,0.004724910272136659,3.4824471724948946e-15,dissociated,post
1650,Religion,Big business,Religion + Big business,7803,4073,1,19.290397722593482,-3.7217662003185614,-5.45437134950968,-2.3501647315184333,1.0321840722592155,0.0004997501249375312,0.00024551927326295114,-3.6121650660430515,0.819568128891077,-5.218518598669562,-2.0058115334165407,1.0461858419122828e-05,0.0012574357982299172,2.0923716838245656e-05,dissociated,post
1650,Religion,Small business,Religion + Small business,7803,4073,25,45.46246149170187,-0.8499588156252865,-1.4729238090615018,-0.38510755046924183,0.2787471266362769,0.005997001499250375,0.006137981831573778,-1.538030097663288,0.20518344028006388,-1.9401896406122132,-1.1358705547143626,6.585587358197036e-14,0.012309634656356032,2.568379069696844e-13,dissociated,post
1650,Religion,Academia,Religion + Academia,7803,4073,278,104.07961508637325,1.4130756622124785,1.280294729527186,1.5342129477783943,0.06336121228292105,0.0004997501249375312,0.06825435796710042,-0.03083274733058586,0.07376778205684019,-0.17541760016199262,0.1137521055008209,0.6759687792851008,0.0012574357982299172,0.6937574313715508,associated,post
1650,Religion,Exploration & Invention,Religion + Exploration & Invention,7803,4073,7,14.211626289440709,-0.9719942366958173,-2.3508460736622014,-0.20757714827287535,0.5412863881130582,0.06846576711644178,0.001718634912840658,-1.5811273707204185,0.37474258893205087,-2.3156228450272383,-0.8466318964135988,2.4513172336718586e-05,0.10076094028457469,4.6634815664976826e-05,not distinguishable,post
1650,Religion,Culture (core),Religion + Culture (core),7803,4073,225,138.03884904950147,0.7028368400803369,0.5558848770625515,0.8485075876483051,0.07386501149149075,0.0004997501249375312,0.05524183648416401,-0.9554046071609845,0.07733428070616427,-1.1069797973450666,-0.8038294169769026,4.6222568799355786e-35,0.0012574357982299172,4.005955962610835e-34,associated,post
1650,Religion,Culture (periphery),Religion + Culture (periphery),7803,4073,24,40.258104663546796,-0.7343052155222417,-1.3674877691974296,-0.27137173141362586,0.284805854860755,0.013493253373313344,0.0058924625583108275,-1.572229951914946,0.20907494570213112,-1.9820168454911231,-1.162443058338769,5.4803581551026716e-14,0.02239305878975406,2.2498312426210966e-13,dissociated,post
1650,Religion,Sport & Games,Religion + Sport & Games,7803,4073,0,2.882057273133977,-2.757901091139598,-3.138736420307354,-2.251569246893641,0.22924648240816425,0.0004997501249375312,0.0,-2.765470234825712,1.424440419631882,-5.557373457304201,0.02643298765277713,0.052204536848633465,0.0012574357982299172,0.06675334219989196,dissociated,post
1650,Nobility,Kinship,Nobility + Kinship,7803,4073,266,92.73051754647354,1.515261352109066,1.386178506075561,1.6368062410229594,0.06398897602237275,0.0004997501249375312,0.065308126687945,1.3101634902778483,0.08458824809333144,1.1443705240149187,1.475956456540778,4.1345518027852803e-54,0.0012574357982299172,1.074983468724173e-52,associated,post
1650,Nobility,Big business,Nobility + Big business,7803,4073,16,24.677242653952263,-0.6096542670333462,-1.449677642818935,-0.04183394400803393,0.3567479377142241,0.0814592703648176,0.003928308372207218,-0.9679240562265091,0.25693775000873437,-1.4715220462436285,-0.46432606620938977,0.00016511919521212067,0.11552405615374133,0.0002862066050343425,not distinguishable,post
1650,Nobility,Small business,Nobility + Small business,7803,4073,18,58.15785708568876,-1.664799096154159,-2.4636184165225496,-1.1378226808897534,0.3372538284333815,0.0004997501249375312,0.00441934691873312,-1.7085396290790962,0.2387666972630109,-2.1765223557145976,-1.2405569024435947,8.325522207093451e-13,0.0012574357982299172,2.823437965883866e-12,dissociated,post
1650,Nobility,Academia,Nobility + Academia,7803,4073,36,133.1438549765203,-1.8724251340296436,-2.3726128451476347,-1.468262086814721,0.23464553071643413,0.0004997501249375312,0.00883869383746624,-2.2977782911880205,0.17053979107735445,-2.632036281699635,-1.9635203006764057,2.2380600328717008e-41,0.0012574357982299172,2.909478042733211e-40,dissociated,post
1650,Nobility,Exploration & Invention,Nobility + Exploration & Invention,7803,4073,4,18.180223938102685,-2.0535148435918593,-3.7479089933436867,-1.1009204615190078,0.7598513273985175,0.01899050474762619,0.0009820770930518046,-1.945746534664319,0.4788583256322952,-2.884308852903618,-1.0071842164250204,4.8383130323906845e-05,0.030859570214892555,8.57700946651076e-05,dissociated,post
1650,Nobility,Culture (core),Nobility + Culture (core),7803,4073,66,176.5862074309198,-1.4130256047264285,-1.7523360546477624,-1.1209036727901982,0.16522526196917206,0.0004997501249375312,0.016204272035354777,-2.2236241707352917,0.12870870011231517,-2.4758932229554294,-1.971355118515154,7.082222368216036e-67,0.0012574357982299172,2.762066723604254e-65,dissociated,post
1650,Nobility,Culture (periphery),Nobility + Culture (periphery),7803,4073,10,51.50018324438086,-2.3081273793102883,-3.3027971311322553,-1.6119091557917558,0.44383531069675897,0.0004997501249375312,0.0024551927326295114,-2.289984958935774,0.31332560146280886,-2.9041031378028794,-1.6758667800686686,2.698536939898507e-13,0.0012574357982299172,1.0023137205337311e-12,dissociated,post
1650,Nobility,Sport & Games,Nobility + Sport & Games,7803,4073,4,3.686871970940021,0.10405219841399944,-1.7989977399888541,1.0152754597626699,0.7533552728478314,0.8675662168915542,0.0009820770930518046,-0.2785169507991182,0.5049078784353229,-1.2681363925323512,0.7111024909341147,0.5812091829350183,0.890396906809753,0.6044575502524191,not distinguishable,post
1650,Kinship,Big business,Kinship + Big business,7803,4073,16,16.779582710192077,-0.06660235337718579,-0.8901835399146101,0.472222633175652,0.3508931671137702,0.856071964017991,0.003928308372207218,-0.33606957488286904,0.25808893800721083,-0.8419238933770022,0.16978474361126417,0.1928663528107335,0.8903148425787105,0.22793296241268504,not distinguishable,post
1650,Kinship,Small business,Kinship + Small business,7803,4073,15,39.545122074671994,-1.3693583021088542,-2.2264101567908074,-0.7839260639895175,0.37421314775897885,0.004497751124437781,0.003682789098944267,-1.2595125904519435,0.2608611444600529,-1.7708004335936471,-0.7482247473102399,1.3771221335233163e-06,0.009481745613679645,2.9837646226338516e-06,dissociated,post
1650,Kinship,Academia,Kinship + Academia,7803,4073,28,90.53273731838641,-1.6754235433242513,-2.2663599563905192,-1.2248596771121711,0.2627738299387563,0.0004997501249375312,0.006874539651362632,-1.8999839147779338,0.1933094420721987,-2.2788704212394433,-1.5210974083164244,8.46903092272207e-23,0.0012574357982299172,4.718460085516582e-22,dissociated,post
1650,Kinship,Exploration & Invention,Kinship + Exploration & Invention,7803,4073,6,12.361858070490328,-0.984587451406377,-2.4493471120726205,-0.12397127564393859,0.6053895647038477,0.07946026986506746,0.0014731156395777069,-0.938661751621153,0.4019776459477173,-1.7265379376786787,-0.1507855655636271,0.019537710034991624,0.114775945360653,0.028221136717210122,not distinguishable,post
1650,Kinship,Culture (core),Kinship + Culture (core),7803,4073,121,120.07187815173904,0.011062857521927259,-0.22190635238494924,0.21701047235086415,0.11252506699029347,0.9115442278860569,0.02970783206481709,-0.7978881971573287,0.10277434265255855,-0.9993259087563435,-0.5964504855583139,8.261973568675364e-15,0.9233824646118498,3.7907878726863433e-14,not distinguishable,post
1650,Kinship,Culture (periphery),Kinship + Culture (periphery),7803,4073,16,35.01815808423538,-1.1060907432630864,-1.919610758180327,-0.5397910792746425,0.3566111126192966,0.00849575212393803,0.003928308372207218,-1.1849670494875135,0.25329775295878915,-1.6814306452867402,-0.6885034536882868,2.8946268880295245e-06,0.0150606514924356,5.94160255963955e-06,dissociated,post
1650,Kinship,Sport & Games,Kinship + Sport & Games,7803,4073,1,2.506932157931709,-1.003329817633192,-2.8613485714991644,0.3691182160425736,1.0162367030910424,0.4527736131934033,0.00024551927326295114,-0.850271524430631,0.8349776739138134,-2.4868277653017055,0.7862847164404433,0.3085275798255588,0.5118310410012386,0.3538992827410821,not distinguishable,post
1650,Big business,Small business,Big business + Small business,7803,4073,32,10.523661455116684,1.5598362305490248,1.0725952584824865,1.9427152521684794,0.22439325621021844,0.0004997501249375312,0.007856616744414437,0.7985385261318583,0.19419138917642856,0.4179234033460583,1.1791536489176582,3.920404018877745e-05,0.0012574357982299172,7.111430545871259e-05,associated,post
1650,Big business,Academia,Big business + Academia,7803,4073,5,24.092374183209785,-2.1607074977639567,-4.006531916209696,-1.2547820410043926,0.6971637868366496,0.009495252373813094,0.0012275963663147557,-2.40998846442063,0.43226826199039026,-3.257234257921795,-1.5627426709194654,2.4722445231781137e-08,0.01610064532950916,6.427835760263096e-08,dissociated,post
1650,Big business,Exploration & Invention,Big business + Exploration & Invention,7803,4073,10,3.2897106511491585,1.4702297216351345,0.46609787140233766,2.1434508758549686,0.4305646625322165,0.006496751624187906,0.0024551927326295114,0.7573481717385283,0.32564089237440835,0.11909202268468799,1.3956043207923687,0.02003371650787994,0.012668665667166415,0.02841145250208428,associated,post
1650,Big business,Culture (core),Big business + Culture (core),7803,4073,12,31.953265779857986,-1.376435569387495,-2.3387698875989855,-0.735135257699323,0.4154965608788661,0.008995502248875561,0.0029462312791554137,-2.090803080584403,0.2915133587388268,-2.6621692637125034,-1.5194368974563024,7.378172744346478e-13,0.015592203898050973,2.6158976093592057e-12,dissociated,post
1650,Big business,Culture (periphery),Big business + Culture (periphery),7803,4073,6,9.318955692294631,-0.5951298748648656,-2.012067758827297,0.22004508708085244,0.5950780053043234,0.2708645677161419,0.0014731156395777069,-0.9746178170236279,0.4002176868224038,-1.7590444831955394,-0.19019115085171656,0.014882768628033807,0.33535613145808046,0.021902942509181827,not distinguishable,post
1650,Big business,Sport & Games,Big business + Sport & Games,7803,4073,1,0.6671393066179387,0.36198573318716326,-1.433557270091871,1.75657882498383,1.0202433230845742,0.63968015992004,0.00024551927326295114,0.3082367922881325,0.836625965802974,-1.3315501006856967,1.9480236852619615,0.712553800877595,0.6742574658616638,0.7218077463435377,not distinguishable,post
1650,Small business,Academia,Small business + Academia,7803,4073,95,56.7794738760104,0.737482491942108,0.497919657496831,0.9639622821911454,0.11978907276341419,0.0004997501249375312,0.02332433095998036,-0.12783475842338513,0.11682661916764364,-0.3568149319919667,0.1011454151451964,0.2738557425161203,0.0012574357982299172,0.31881713307846843,associated,post
1650,Small business,Exploration & Invention,Small business + Exploration & Invention,7803,4073,8,7.752994310819365,0.042545195392873617,-1.214728269039011,0.8091803843504305,0.517153634195659,0.9340329835082459,0.001964154186103609,-0.3103945066471034,0.3549499651383194,-1.0060964383182094,0.38530742502400256,0.3818601874815728,0.9340329835082459,0.419508374979756,not distinguishable,post
1650,Small business,Culture (core),Small business + Culture (core),7803,4073,136,75.30555543442705,0.848525465393284,0.646009374438835,1.037035866424839,0.098388752312634,0.0004997501249375312,0.033390621163761354,-0.20503286403484705,0.10269668765762986,-0.4063183718438016,-0.003747356225892534,0.04588066177469031,0.0012574357982299172,0.0596448603070974,associated,post
1650,Small business,Culture (periphery),Small business + Culture (periphery),7803,4073,47,21.96236025800621,1.080417984920769,0.6904669943337323,1.4306787482186583,0.18791699890365166,0.0004997501249375312,0.011539405843358703,0.35315131909797626,0.15936417058693889,0.04079754474757602,0.6655050934483765,0.02669136588033618,0.0012574357982299172,0.03589528514941762,associated,post
1650,Small business,Sport & Games,Small business + Sport & Games,7803,4073,3,1.5722742202041577,0.7561399972416696,-1.961193493174886,1.75717679671316,0.8539037621920218,0.2843578210894553,0.0007365578197888534,0.4011717679832812,0.5643893954847509,-0.7050314471668306,1.507374983133393,0.4772040235224001,0.3465610944527736,0.5029988356046919,not distinguishable,post
1650,Academia,Exploration & Invention,Academia + Exploration & Invention,7803,4073,26,17.74933950253018,0.5381481101307485,-0.014580536523801375,0.9763573918617869,0.2531138065178233,0.03498250874562719,0.006383501104836729,-0.2946610558837916,0.21358495313185635,-0.71328756402223,0.12396545225464684,0.1677109126745827,0.054572713643178415,0.20125309520949927,not distinguishable,post
1650,Academia,Culture (core),Academia + Culture (core),7803,4073,280,172.40098679899498,0.6980546679270151,0.5736093150443413,0.8189634474975032,0.06453801658428951,0.0004997501249375312,0.06874539651362632,-0.7993471204226643,0.07122545654044667,-0.9389490152419397,-0.6597452256033889,3.1522868183788225e-29,0.0012574357982299172,2.048986431946235e-28,associated,post
1650,Academia,Culture (periphery),Academia + Culture (periphery),7803,4073,42,50.27959171235755,-0.256785953953176,-0.7109107088021795,0.09216505039132966,0.20936416513534295,0.21839080459770116,0.010311809477043948,-1.089244404205917,0.16262514473339004,-1.4079896878833615,-0.7704991205284726,2.1145857171008045e-11,0.2792538157150933,6.872403580577614e-11,not distinguishable,post
1650,Academia,Sport & Games,Academia + Sport & Games,7803,4073,1,3.599490442877701,-1.450482096517049,-3.2815909740602645,-0.18142151324380848,0.9964848808555885,0.25087456271864067,0.00024551927326295114,-1.7537790955889203,0.834538464445565,-3.3894744859022277,-0.11808370527561296,0.035597464441680736,0.3156163853557092,0.04706105468561182,not distinguishable,post
1650,Exploration & Invention,Culture (core),Exploration & Invention + Culture (core),7803,4073,12,23.540617384920548,-0.9435458513583304,-1.920273548385017,-0.30538154529783307,0.41532225648096205,0.027486256871564217,0.0029462312791554137,-1.6875476349034269,0.2950439967603948,-2.2658338685538006,-1.109261401253053,1.067453245723738e-08,0.043753633387387934,2.973619755944699e-08,dissociated,post
1650,Exploration & Invention,Culture (periphery),Exploration & Invention + Culture (periphery),7803,4073,21,6.865463201499095,1.545488497941664,0.8926731346989435,2.0039512021550574,0.2845749764434764,0.0004997501249375312,0.005155904738521974,0.7383976469910429,0.23553278579111747,0.2767533868404527,1.200041907141633,0.0017184823297795482,0.0012574357982299172,0.0026808324344560954,associated,post
1650,Exploration & Invention,Sport & Games,Exploration & Invention + Sport & Games,7803,4073,1,0.49149502488205093,0.5972850622829892,-1.1574309840667354,1.906397791366265,1.0033787349657681,0.592703648175912,0.00024551927326295114,0.6857428942018715,0.8377289034037816,-0.9562057564695403,2.327691544873283,0.4130296458425555,0.651139219122833,0.4462444338683228,not distinguishable,post
1650,Culture (core),Culture (periphery),Culture (core) + Culture (periphery),7803,4073,209,66.68488315308332,1.640741681008093,1.5009967105675037,1.768799519209427,0.06875170862700507,0.0004997501249375312,0.05131352811195679,0.49255096587916747,0.09294784811074258,0.310373183582112,0.674728748176223,1.1629932456972861e-07,0.0012574357982299172,2.7577656115407293e-07,associated,post
1650,Culture (core),Sport & Games,Culture (core) + Sport & Games,7803,4073,8,4.77393692787178,0.6885825234401124,-0.38308364618573454,1.3879375830647325,0.45243655227720303,0.11444277861069466,0.001964154186103609,-0.31871805946982856,0.3932246563981199,-1.0894383860101435,0.4520022670704864,0.4176390214408662,0.15660590757252954,0.4462444338683228,not distinguishable,post
1650,Culture (periphery),Sport & Games,Culture (periphery) + Sport & Games,7803,4073,2,1.3922866919189751,0.40179741335796243,-1.9925517137779158,1.4969394328396701,0.942626240276482,0.6351824087956022,0.0004910385465259023,0.040566262457100724,0.6572013501442976,-1.2475483838257224,1.328680908739924,0.9507812138772656,0.6742574658616638,0.9507812138772656,not distinguishable,post
1675,Politics,Administration & Law,Politics + Administration & Law,8075,4148,211,77.84076047032727,1.432822625330131,1.2810382955500772,1.5756163129306076,0.07365467641172922,0.0004997501249375312,0.0508678881388621,0.6977895518561339,0.08757412423471604,0.5261442683560904,0.8694348353561774,1.6127880590527377e-15,0.0012993503248375812,6.620919400321766e-15,associated,post
1675,Politics,Military,Politics + Military,8075,4148,185,90.13594194248505,1.0332640131446684,0.8622305068477135,1.184271102945078,0.08385020695936202,0.0004997501249375312,0.044599807135969144,0.10006202057362215,0.08752147424313887,-0.07148006894293005,0.2716041100901744,0.2529201295554637,0.0012993503248375812,0.27399680701841905,associated,post
1675,Politics,Religion,Politics + Religion,8075,4148,58,106.37926090126885,-0.8694734065275903,-1.2589063165146965,-0.5647385837636356,0.1770515191972823,0.0009995002498750624,0.013982642237222759,-1.7641843717053678,0.13699929928420948,-2.0327029983024185,-1.4956657451083173,6.039340176291351e-38,0.0022274576997215675,6.729550482153221e-37,dissociated,post
1675,Politics,Nobility,Politics + Nobility,8075,4148,238,135.49602569239997,0.8104247750319729,0.6586136848311795,0.9534507902105654,0.07330612182751256,0.0004997501249375312,0.05737704918032787,0.08447375386095422,0.07866867335975626,-0.06971684592416803,0.23866435364607647,0.2829161342223795,0.0012993503248375812,0.3022939516348712,associated,post
1675,Politics,Kinship,Politics + Kinship,8075,4148,112,91.01575361014865,0.2978329846385131,0.06792415690563472,0.5135594608047168,0.11545535875966811,0.01199400299850075,0.02700096432015429,-0.2010094127648293,0.10701949221078876,-0.4107676174979753,0.008748791968316655,0.06034690722327754,0.020337657258327358,0.0784509793902608,associated,post
1675,Politics,Big business,Politics + Big business,8075,4148,38,22.13903003008634,0.7660462986254585,0.327015271505808,1.120336297760848,0.1983460610539891,0.0009995002498750624,0.009161041465766635,-0.22285572428709827,0.17761869735163965,-0.570988371096312,0.12527692252211547,0.20959270580180744,0.0022274576997215675,0.23025677538790115,associated,post
1675,Politics,Small business,Politics + Small business,8075,4148,43,69.90544202373883,-0.6946715460435663,-1.154346518718165,-0.3260898010787147,0.21175637043443102,0.00399800099950025,0.010366441658630666,-1.1945870458485779,0.15976997301608534,-1.5077361929601052,-0.8814378987370506,7.608564326590156e-14,0.007796101949025487,2.6975818976092374e-13,dissociated,post
1675,Politics,Academia,Politics + Academia,8075,4148,42,148.9709695568791,-1.8143305631891171,-2.2723400328702703,-1.428848307663428,0.2127433478567715,0.0004997501249375312,0.010125361620057859,-2.442099118334593,0.15819274357952287,-2.752156895750458,-2.132041340918728,9.159405702603719e-54,0.0012993503248375812,2.381445482676967e-52,dissociated,post
1675,Politics,Exploration & Invention,Politics + Exploration & Invention,8075,4148,19,20.217449369464944,-0.0873722724601452,-0.8020931159918753,0.41165137315108963,0.30760085254076064,0.7736131934032984,0.004580520732883318,-0.6512019249030436,0.24131808250165185,-1.1241853666062813,-0.178218483199806,0.00696483334376289,0.7836601179929515,0.010865140016270107,not distinguishable,post
1675,Politics,Culture (core),Politics + Culture (core),8075,4148,39,174.09557062124392,-2.1440924007721733,-2.6246328111049273,-1.762626043393797,0.2222694461330761,0.0004997501249375312,0.009402121504339441,-3.017294203708259,0.1633004278562392,-3.3373630423064875,-2.69722536511003,3.165660893615134e-76,0.0012993503248375812,2.4692154970198045e-74,dissociated,post
1675,Politics,Culture (periphery),Politics + Culture (periphery),8075,4148,13,60.71169943550366,-2.1808480153225225,-3.1257811235822284,-1.5613012049638761,0.39866130138065337,0.0004997501249375312,0.00313404050144648,-2.4143870727478016,0.27668475820349814,-2.956689198826658,-1.8720849466689453,2.6353654021924206e-18,0.0012993503248375812,1.2091676551235812e-17,dissociated,post
1675,Politics,Sport & Games,Politics + Sport & Games,8075,4148,2,3.0920963532898615,-0.5228979541196154,-2.954521148841123,0.6054604142944651,0.964034445397239,0.5402298850574713,0.00048216007714561236,-1.169819671847806,0.6549766016796957,-2.45357381114001,0.11393446744439761,0.07409148106310694,0.6106946526736632,0.09173230988765621,not distinguishable,post
1675,Administration & Law,Military,Administration & Law + Military,8075,4148,69,49.865231106078376,0.464584843729552,0.12051275775761483,0.7626455042508065,0.16233481533270588,0.0069965017491254375,0.016634522661523626,-0.21219193696365804,0.13133604818749947,-0.469610591411157,0.04522671748384091,0.1061719000801953,0.01240288946435873,0.12740628009623434,associated,post
1675,Administration & Law,Religion,Administration & Law + Religion,8075,4148,22,58.851400622411134,-1.399357074712381,-2.0874034302368547,-0.9105211200979788,0.307110494142521,0.0004997501249375312,0.005303760848601736,-1.8890245281065785,0.2163878872932809,-2.3131447872014093,-1.464904269011748,2.5510721181670026e-18,0.0012993503248375812,1.2091676551235812e-17,dissociated,post
1675,Administration & Law,Nobility,Administration & Law + Nobility,8075,4148,78,74.95945002070259,0.05699106876873158,-0.26369353920679156,0.33520200215662527,0.14879586326626984,0.6976511744127936,0.018804243008678882,-0.39494647091875346,0.12389876552093959,-0.6377880513397951,-0.15210489049771186,0.0014343175415849427,0.7201136273968279,0.002380356771140969,not distinguishable,post
1675,Administration & Law,Kinship,Administration & Law + Kinship,8075,4148,23,50.35196271604884,-1.113642701580887,-1.7745399780679818,-0.6137557192109827,0.29764301351571204,0.0014992503748125937,0.005544840887174542,-1.1056789284999509,0.2135599268196003,-1.5242563850663675,-0.6871014719335343,2.2503468384589826e-07,0.003248375812093953,5.015058668565733e-07,dissociated,post
1675,Administration & Law,Big business,Administration & Law + Big business,8075,4148,10,12.247809532174156,-0.2798600408741401,-1.3504273781157061,0.3875410346361384,0.4398497596784913,0.5132433783108445,0.0024108003857280617,-0.8105287336595496,0.317769269839164,-1.433356502544311,-0.18770096477478815,0.010751200726318643,0.5975072165409833,0.015822521823638757,not distinguishable,post
1675,Administration & Law,Small business,Administration & Law + Small business,8075,4148,12,38.6732633726798,-1.6479412237375624,-2.629406601386015,-1.0217812677406293,0.41104558341577285,0.001999000499750125,0.0028929604628736743,-1.6507702805876767,0.2883958112529572,-2.2160260706434727,-1.0855144905318805,1.0406035229763825e-08,0.004103211552118677,2.618292735230898e-08,dissociated,post
1675,Administration & Law,Academia,Administration & Law + Academia,8075,4148,105,82.41409214750743,0.347553769619693,0.10506517254143614,0.5669856711741291,0.11962920243981422,0.004497751124437781,0.025313404050144647,-0.4694123736674327,0.10919282921322536,-0.6834303189253544,-0.255394428409511,1.7162434782861416e-05,0.008556697261125533,3.522815560692606e-05,associated,post
1675,Administration & Law,Exploration & Invention,Administration & Law + Exploration & Invention,8075,4148,5,11.184747875903911,-1.087123081392856,-2.8653617854010642,-0.2267715859710586,0.6587118203350075,0.09295352323838081,0.0012054001928640309,-1.1560006012031514,0.434746549142917,-2.0081038375232687,-0.3038973648830341,0.007836786550207621,0.12288770868802887,0.01198567354737636,not distinguishable,post
1675,Administration & Law,Culture (core),Administration & Law + Culture (core),8075,4148,48,96.31358675002686,-0.9972247812061822,-1.4121550614126446,-0.650478491155301,0.1939970418821163,0.0004997501249375312,0.011571841851494697,-1.8580895329266132,0.15082696992845504,-2.153710393986385,-1.5624686718668412,7.12704753217808e-35,0.0012993503248375812,6.948871343873628e-34,dissociated,post
1675,Administration & Law,Culture (periphery),Administration & Law + Culture (periphery),8075,4148,4,33.58707811725002,-2.9212280330104448,-4.593757642508635,-1.9490227359421166,0.7562824783514043,0.015992003998001,0.0009643201542912247,-2.673263910042211,0.4747563051910747,-3.603786268216717,-1.7427415518677045,1.7936225843234125e-08,0.025987006496751622,4.371955049288318e-08,dissociated,post
1675,Administration & Law,Sport & Games,Administration & Law + Sport & Games,8075,4148,1,1.7106172736004377,-0.5594867708039918,-2.4200321769437023,0.7281111417551526,0.9938600574712353,0.5847076461769115,0.00024108003857280618,-0.859832897425141,0.8340299038474589,-2.49453150896616,0.7748657141158783,0.30257002098152297,0.6334332833583208,0.31892515725079446,not distinguishable,post
1675,Military,Religion,Military + Religion,8075,4148,14,68.14715577910741,-2.243147046958363,-3.150707075865726,-1.6581899500059252,0.38252050358494827,0.0004997501249375312,0.0033751205400192863,-2.6632175796004303,0.2664253786893196,-3.185411321831497,-2.1410238373693637,1.5850027712036576e-23,0.0012993503248375812,9.510016627221945e-23,dissociated,post
1675,Military,Nobility,Military + Nobility,8075,4148,217,86.7995198695706,1.3169697765151387,1.1660924902909768,1.4580636761024073,0.07344043169110075,0.0004997501249375312,0.05231436837029894,0.6144029820024864,0.08454008968334034,0.44870440622313934,0.7801015577818335,3.6594881469351107e-13,0.0012993503248375812,1.189333647753911e-12,associated,post
1675,Military,Kinship,Military + Kinship,8075,4148,61,58.30520617529198,0.06464252425443348,-0.29606903434507087,0.3657551476080558,0.16434730225154467,0.7016491754122939,0.014705882352941176,-0.35386596469103937,0.13818858228051542,-0.6247155859608495,-0.08301634342122916,0.010444745900681167,0.7201136273968279,0.01566711885102175,not distinguishable,post
1675,Military,Big business,Military + Big business,8075,4148,10,14.182387765025686,-0.483697281749852,-1.5300897231324546,0.20438626894223139,0.4548325062120336,0.25687156421789104,0.0024108003857280617,-1.1192430536848121,0.3172344691745446,-1.7410226132669195,-0.49746349410270474,0.000418513515979333,0.31803146046024605,0.000741910323781545,not distinguishable,post
1675,Military,Small business,Military + Small business,8075,4148,10,44.78182125950707,-2.1085426574254407,-3.214170735422073,-1.4348896724585776,0.4650261725420502,0.001999000499750125,0.0024108003857280617,-2.142049693184481,0.31314867139233,-2.755821089113448,-1.5282782972555142,7.899433027311797e-12,0.004103211552118677,2.200556343322572e-11,dissociated,post
1675,Military,Academia,Military + Academia,8075,4148,24,95.43164506829375,-1.9692250477910784,-2.6227125472445314,-1.5086555490537923,0.28687175848525476,0.0004997501249375312,0.0057859209257473485,-2.440027193365965,0.20661588651718557,-2.844994330939649,-2.0350600557922816,3.486908817183991e-32,0.0012993503248375812,2.7197888774035127e-31,dissociated,post
1675,Military,Exploration & Invention,Military + Exploration & Invention,8075,4148,31,12.951412333235254,1.2275941718764878,0.710882527333285,1.6210831442122693,0.23159379403330413,0.0004997501249375312,0.007473481195756991,0.4729358634836566,0.19898277881713217,0.08292961700207757,0.8629421099652357,0.017465078009978097,0.0012993503248375812,0.02476865608687803,associated,post
1675,Military,Culture (core),Military + Culture (core),8075,4148,35,111.52660651204988,-1.6579504858062002,-2.170227834203838,-1.2636826756177137,0.23243219343032667,0.0004997501249375312,0.008437801350048216,-2.529064868644526,0.17294838071272034,-2.868043694841458,-2.1900860424475943,1.996813925835296e-48,0.0012993503248375812,3.893787155378827e-47,dissociated,post
1675,Military,Culture (periphery),Military + Culture (periphery),8075,4148,10,38.8922577952999,-1.907522780523701,-3.059265007209247,-1.225582120958842,0.4624239019687406,0.0024987506246876563,0.0024108003857280617,-2.117374859960444,0.31320601896404543,-2.731258657129973,-1.503491062790915,1.3768138847384317e-11,0.004997501249375313,3.703154586537851e-11,dissociated,post
1675,Military,Sport & Games,Military + Sport & Games,8075,4148,7,1.9808144001604053,1.5960767902387873,0.44684974869955646,2.289740194140085,0.49082646245501693,0.0074962518740629685,0.0016875602700096432,0.6317167266038292,0.40906811495947704,-0.17005677871674585,1.433490231924404,0.12251991290759892,0.012993503248375811,0.14479626070898055,associated,post
1675,Religion,Nobility,Religion + Nobility,8075,4148,52,102.44158513594769,-0.9714365751354532,-1.368527128484726,-0.6288136131121185,0.18851398322112878,0.0004997501249375312,0.01253616200578592,-1.626722864867431,0.14445282539269072,-1.9098504026371048,-1.3435953270977572,2.037907229390087e-29,0.0012993503248375812,1.4450614899311526e-28,dissociated,post
1675,Religion,Kinship,Religion + Kinship,8075,4148,49,68.81233618861381,-0.4856836204495844,-0.9113281546857073,-0.13961540532244435,0.19278531001792398,0.014992503748125937,0.011812921890067503,-1.0319873413207619,0.15053296532043847,-1.3270319533488213,-0.7369427292927024,7.103513374373695e-12,0.024881176433060065,2.0521260859301785e-11,dissociated,post
1675,Religion,Big business,Religion + Big business,8075,4148,5,16.738183412132383,-1.6481042251321658,-3.4610251333271207,-0.7886196727759704,0.6572433651466434,0.04097951024487756,0.0012054001928640309,-2.201496856367342,0.4322245304864558,-3.0486569361207954,-1.3543367766138887,3.5167955817941473e-07,0.0581163963472809,7.619723760553985e-07,not distinguishable,post
1675,Religion,Small business,Religion + Small business,8075,4148,36,52.8519139505844,-0.5476435633360975,-1.0747933273729455,-0.14640379589364128,0.2332356903402607,0.022988505747126436,0.008678881388621022,-1.2436969242048637,0.17318775645165538,-1.583144926850108,-0.9042489215596191,6.909923550147239e-13,0.03586206896551724,2.1558961476459384e-12,dissociated,post
1675,Religion,Academia,Religion + Academia,8075,4148,305,112.62929803779247,1.43319977556072,1.3174484423547026,1.5421847644268458,0.058418590336162486,0.0004997501249375312,0.07352941176470588,0.13193072274071543,0.07177963878757632,-0.008757369282934135,0.272618814764365,0.06606292540906993,0.0012993503248375812,0.08311142228882991,associated,post
1675,Religion,Exploration & Invention,Religion + Exploration & Invention,8075,4148,9,15.285374978566063,-0.7325891134467314,-1.92693874601764,-0.009520527752882316,0.49026425265438167,0.11644177911044477,0.0021697203471552555,-1.2980299067917405,0.3345704170482009,-1.9537879242062142,-0.6422718893772668,0.00010458915515409275,0.14649127049378538,0.0001989744902931521,not distinguishable,post
1675,Religion,Culture (core),Religion + Culture (core),8075,4148,207,131.62471835207418,0.6512109402158344,0.4877115178187998,0.7991651920795309,0.07880411418744643,0.0004997501249375312,0.04990356798457088,-0.9521830645809657,0.07992461452924715,-1.10883530905829,-0.7955308201036413,1.0064377422340473e-32,0.0012993503248375812,8.722460432695077e-32,associated,post
1675,Religion,Culture (periphery),Religion + Culture (periphery),8075,4148,24,45.90099742548437,-0.9213740683089207,-1.5466174904644874,-0.4779183428453303,0.27978729562302934,0.004997501249375313,0.0057859209257473485,-1.6479343287304116,0.20835405463677875,-2.056308275818498,-1.2395603816423253,2.5884412049848323e-15,0.009281073748839866,1.0094920699440846e-14,dissociated,post
1675,Religion,Sport & Games,Religion + Sport & Games,8075,4148,1,2.337775224073335,-0.9197978194886679,-2.7726245625598795,0.4150710611489537,1.0016143772846602,0.46276861569215394,0.00024108003857280618,-1.5704195872409557,0.8336466675293379,-3.204367055598458,0.06352788111654672,0.059592683664792555,0.5553223388305847,0.0784509793902608,not distinguishable,post
1675,Nobility,Kinship,Nobility + Kinship,8075,4148,242,87.64676491614233,1.4600052201752352,1.3269097157665914,1.593352242590909,0.067987092531534,0.0004997501249375312,0.05834136933461909,1.21754305637489,0.08623636841956568,1.0485197742725412,1.3865663384772386,2.914288387302876e-45,0.0012993503248375812,4.546289884192485e-44,associated,post
1675,Nobility,Big business,Nobility + Big business,8075,4148,14,21.319543964112473,-0.589568048919535,-1.4680236491323686,0.03217732265404233,0.38284534401893905,0.111944027986007,0.0033751205400192863,-1.0851149743152186,0.27238151827702367,-1.618982750138185,-0.5512471984922522,6.782040448491565e-05,0.14314154398210732,0.00013224978874558553,not distinguishable,post
1675,Nobility,Small business,Nobility + Small business,8075,4148,26,67.31786092391887,-1.355672920660334,-1.959636538982926,-0.8878599012836026,0.2788488346131968,0.0009995002498750624,0.00626808100289296,-1.48659097463737,0.2009125159248013,-1.8803795058499806,-1.0928024434247594,1.3701206072735686e-13,0.0022274576997215675,4.646495972492971e-13,dissociated,post
1675,Nobility,Academia,Nobility + Academia,8075,4148,25,143.45674270861264,-2.49706621186581,-3.1080445513544728,-2.017785124792488,0.2774375385212385,0.0004997501249375312,0.006027000964320154,-2.7227967500753545,0.2020901665371704,-3.1188934764882084,-2.3267000236625006,2.2497099525992083e-41,0.0012993503248375812,2.9246229383789706e-40,dissociated,post
1675,Nobility,Exploration & Invention,Nobility + Exploration & Invention,8075,4148,4,19.469091468269937,-2.1497717895700417,-3.918813961452731,-1.1917848194400746,0.7838475333619214,0.02348825587206397,0.0009643201542912247,-1.9777454216828811,0.47832651001084736,-2.915265381304142,-1.0402254620616205,3.5539014198797804e-05,0.03592321486315666,7.107802839759561e-05,dissociated,post
1675,Nobility,Culture (core),Nobility + Culture (core),8075,4148,55,167.65134546422507,-1.5992006460702584,-2.0119213478834013,-1.2788677488566924,0.186995208217939,0.0004997501249375312,0.01325940212150434,-2.3873710967726947,0.1397309465588943,-2.6612437520281276,-2.1134984415172617,1.903514362239125e-65,0.0012993503248375812,7.423706012732588e-64,dissociated,post
1675,Nobility,Culture (periphery),Nobility + Culture (periphery),8075,4148,15,58.46442881608734,-1.927576673774807,-2.749388323738866,-1.3295217336733485,0.36404727143029897,0.0004997501249375312,0.0036162005785920926,-2.026672036745467,0.2591262994886603,-2.534559583743241,-1.518784489747693,5.2332690044821595e-15,0.0012993503248375812,1.9437856302362305e-14,dissociated,post
1675,Nobility,Sport & Games,Nobility + Sport & Games,8075,4148,2,2.977641028339938,-0.47618092649730115,-2.960809685785262,0.6451201862524708,0.9412907599559952,0.559720139930035,0.00048216007714561236,-0.9309297757393009,0.6550849655325813,-2.2148963081831603,0.3530367567045585,0.1552927789890032,0.623688155922039,0.18078860837525745,not distinguishable,post
1675,Kinship,Big business,Kinship + Big business,8075,4148,14,14.320821224110865,-0.03157248958486528,-0.9100221372566965,0.5528785560186857,0.3795192720374237,0.9295352323838081,0.0033751205400192863,-0.46149342007298244,0.2734735719254089,-0.9975016210467839,0.07451478090081898,0.09150249569647473,0.9295352323838082,0.11151866663007858,not distinguishable,post
1675,Kinship,Small business,Kinship + Small business,8075,4148,17,45.21893400270646,-1.3854368435477609,-2.164491110051556,-0.8224880303991606,0.3410890142900264,0.0009995002498750624,0.004098360655737705,-1.2952036328664494,0.24564628559856053,-1.776670352639628,-0.8137369130932708,1.3447756567524848e-07,0.0022274576997215675,3.085073565490994e-07,dissociated,post
1675,Kinship,Academia,Kinship + Academia,8075,4148,38,96.36314778503456,-1.331089441501899,-1.835722072905654,-0.9407685981108158,0.22751500732937768,0.0004997501249375312,0.009161041465766635,-1.6314663866762444,0.16803630485175006,-1.9608175441856746,-1.3021152291668143,2.760012002915365e-22,0.0012993503248375812,1.4352062415159898e-21,dissociated,post
1675,Kinship,Exploration & Invention,Kinship + Exploration & Invention,8075,4148,4,13.077830312988254,-1.5932560541193201,-3.2645039090421304,-0.6179513518459511,0.7416722941161632,0.04047976011994003,0.0009643201542912247,-1.360735721462396,0.47893530014020047,-2.299448909737189,-0.4220225331876032,0.0044948605141579695,0.0581163963472809,0.007155084083761665,not distinguishable,post
1675,Kinship,Culture (core),Kinship + Culture (core),8075,4148,91,112.61521120790852,-0.30594930078843835,-0.5883870076314831,-0.06044428270691424,0.1328409423494703,0.025987006496751622,0.02193828351012536,-1.125774579909478,0.11478096641506402,-1.3507452740830035,-0.9008038857359526,1.0398382998438337e-22,0.03898050974512743,5.793384813415645e-22,dissociated,post
1675,Kinship,Culture (periphery),Kinship + Culture (periphery),8075,4148,28,39.27188285332525,-0.48078694356615903,-1.0625142290294012,-0.035852275839117896,0.26341119229339943,0.06896551724137931,0.006750241080038573,-0.7467551733873152,0.19590070978817334,-1.130720564572135,-0.36278978220249547,0.0001378990871749863,0.09437386569872959,0.00025609830475354603,not distinguishable,post
1675,Kinship,Sport & Games,Kinship + Sport & Games,8075,4148,0,2.000149013891399,-2.3220140849655024,-2.719434559376507,-1.837313417474711,0.2301640372501339,0.0004997501249375312,0.0,-1.9839309256061104,1.4241525830380246,-4.775269988360638,0.8074081371484176,0.1636014505535528,0.0012993503248375812,0.1876604873996635,dissociated,post
1675,Big business,Small business,Big business + Small business,8075,4148,35,10.999231430884766,1.6262815850046133,1.1586356435116014,1.993427105983355,0.21390954813152616,0.0004997501249375312,0.008437801350048216,0.6835717965451483,0.18608185462523089,0.3188513614796958,1.048292231610601,0.00023925015580975273,0.0012993503248375812,0.0004339886547246677,associated,post
1675,Big business,Academia,Big business + Academia,8075,4148,14,23.4397512297107,-0.7233552603316211,-1.6388024220129187,-0.1176529983179668,0.39440960976793304,0.06496751624187906,0.0033751205400192863,-1.4990863988341043,0.2719668709503602,-2.03214146589681,-0.9660313317713983,3.547418095542082e-08,0.0904904690511887,8.384806407644921e-08,not distinguishable,post
1675,Big business,Exploration & Invention,Big business + Exploration & Invention,8075,4148,12,3.1811029029960864,1.763718109825338,0.8642390064461377,2.3996115412405987,0.3871408488494277,0.0009995002498750624,0.0028929604628736743,0.8601359633652504,0.3003435315355289,0.27146264155561384,1.448809285174887,0.004185387319022616,0.0022274576997215675,0.006801254393411751,associated,post
1675,Big business,Culture (core),Big business + Culture (core),8075,4148,15,27.392967084089502,-0.8476331921482394,-1.7457502012887316,-0.28253776921984175,0.3725836568179618,0.033483258370814596,0.0036162005785920926,-1.8889529130732063,0.2634088178496888,-2.405234196058596,-1.3726716300878163,7.435227673717202e-13,0.049277248168368655,2.2305683021151607e-12,dissociated,post
1675,Big business,Culture (periphery),Big business + Culture (periphery),8075,4148,8,9.552647309298926,-0.24204073086834807,-1.4919362745205405,0.502130633860022,0.5128145439253038,0.6036981509245377,0.0019286403085824494,-0.8875680561986306,0.35149479687013135,-1.576497858064088,-0.19863825433317306,0.011565737016203259,0.6450473393440266,0.01670606457896026,not distinguishable,post
1675,Big business,Sport & Games,Big business + Sport & Games,8075,4148,1,0.4865241161751112,0.6045362766809967,-1.1565894078682786,1.9173573603255674,0.997130312286981,0.5782108945527237,0.00024108003857280618,0.2533703236404445,0.835593461723907,-1.384392861338413,1.8911335086193022,0.7617206814679984,0.6334332833583208,0.7716131578506997,not distinguishable,post
1675,Small business,Academia,Small business + Academia,8075,4148,111,74.01255467889223,0.5814882781562473,0.337691007170949,0.7918785721888117,0.11429432457605967,0.0004997501249375312,0.026759884281581485,-0.25535454952694875,0.10799366012220796,-0.4670221233664763,-0.043686975687421165,0.0180528296014911,0.0012993503248375812,0.025145012659219746,associated,post
1675,Small business,Exploration & Invention,Small business + Exploration & Invention,8075,4148,13,10.044541439021344,0.3564630506968661,-0.5321296147421756,0.9332961130182829,0.3797801762119828,0.32233883058470764,0.00313404050144648,-0.07740934941670741,0.285849750883854,-0.6376748611490612,0.48285616231564643,0.7865415317129401,0.3928504497751124,0.7865415317129401,not distinguishable,post
1675,Small business,Culture (core),Small business + Culture (core),8075,4148,151,86.49509349563571,0.8003118530164772,0.6090861028565449,0.9687816111320414,0.09201491651668886,0.0004997501249375312,0.03640308582449373,-0.3297796010425988,0.09638477069260698,-0.5186937516001084,-0.1408654504850891,0.0006227884420379825,0.0012993503248375812,0.0010794999661991698,associated,post
1675,Small business,Culture (periphery),Small business + Culture (periphery),8075,4148,78,30.163111561162488,1.3561885510686673,1.0693478651205632,1.5957840733331368,0.1340818900412497,0.0004997501249375312,0.018804243008678882,0.5687791217940484,0.1284441796279861,0.3170285297231957,0.8205297138649013,9.501383538095661e-06,0.0012993503248375812,2.0029943674904364e-05,associated,post
1675,Small business,Sport & Games,Small business + Sport & Games,8075,4148,0,1.5362318651815556,-2.0259018500685873,-2.3997392130637425,-1.5606100670865761,0.21663663591865875,0.0004997501249375312,0.0,-1.867306944531661,1.4242078371446611,-4.658754305335197,0.9241404162718747,0.18981732789410855,0.0012993503248375812,0.21151073679629237,dissociated,post
1675,Academia,Exploration & Invention,Academia + Exploration & Invention,8075,4148,28,21.405273088998182,0.37968371869149753,-0.1548486654836754,0.7967944175886276,0.2411581700491529,0.10644677661169415,0.006750241080038573,-0.3803875515160399,0.20571144502780375,-0.7835819837705353,0.022806880738455437,0.06443879978690238,0.1383808095952024,0.08239715382587517,not distinguishable,post
1675,Academia,Culture (core),Academia + Culture (core),8075,4148,314,184.32410363104665,0.7669071006029687,0.6419975526850783,0.8802286873693258,0.06005652638823012,0.0004997501249375312,0.07569913211186113,-0.7640721164474604,0.06791059824970129,-0.897176889016875,-0.6309673438780459,2.286000322176681e-29,0.0012993503248375812,1.4859002094148427e-28,associated,post
1675,Academia,Culture (periphery),Academia + Culture (periphery),8075,4148,42,64.27865762715277,-0.6080557310087944,-1.0496091891413224,-0.25003220736181697,0.2069753601895674,0.005997001499250375,0.010125361620057859,-1.3708757353222327,0.1613073106199917,-1.6870380641374165,-1.054713406507049,1.919992822286013e-17,0.010878281789337889,8.319968896572724e-17,dissociated,post
1675,Academia,Sport & Games,Academia + Sport & Games,8075,4148,2,3.2737644422955485,-0.5940762780938825,-3.0068034422470067,0.5665941742928045,0.9534279967484313,0.4802598700649675,0.00048216007714561236,-1.3397581854692733,0.6549151712496184,-2.6233919211185253,-0.056124449820021294,0.040786163377481026,0.5675798464404161,0.054850357645577934,not distinguishable,post
1675,Exploration & Invention,Culture (core),Exploration & Invention + Culture (core),8075,4148,13,25.015365368283003,-0.9184068933229281,-1.7917637740024162,-0.3215687696709843,0.3875279252754088,0.022488755622188907,0.00313404050144648,-1.6914767795011083,0.2838572617988123,-2.2478370126267806,-1.135116546375436,2.539428348040256e-09,0.03579842731695377,6.602513704904666e-09,dissociated,post
1675,Exploration & Invention,Culture (periphery),Exploration & Invention + Culture (periphery),8075,4148,22,8.723515124991831,1.286536423014348,0.6291851029339799,1.749848018572753,0.28737410864418333,0.0004997501249375312,0.005303760848601736,0.5285982664291138,0.22906739416318686,0.07962617386926757,0.9775703589889599,0.02102082396973881,0.0012993503248375812,0.028765338063853108,associated,post
1675,Exploration & Invention,Sport & Games,Exploration & Invention + Sport & Games,8075,4148,1,0.4442957379987632,0.6676518367355848,-1.0847801208185186,2.009222666302028,0.9861738954262761,0.5377311344327836,0.00024108003857280618,0.5761209624865358,0.8364812225963767,-1.0633822338023626,2.215624158775434,0.4909847284655249,0.6106946526736632,0.5039053792146176,not distinguishable,post
1675,Culture (core),Culture (periphery),Culture (core) + Culture (periphery),8075,4148,221,75.11953242738346,1.5504758648236066,1.41029635834785,1.6828395825523164,0.06848260838999151,0.0004997501249375312,0.05327868852459016,0.28689984945996944,0.08742051774476353,0.11555563468023292,0.458244064239706,0.001031333721778287,0.0012993503248375812,0.0017487832673631824,associated,post
1675,Culture (core),Sport & Games,Culture (core) + Sport & Games,8075,4148,7,3.825899034934912,0.7938906019449057,-0.33195520069002593,1.4775920626804506,0.48668869968736894,0.08495752123938032,0.0016875602700096432,-0.5417451801009122,0.4083085437207149,-1.3420299257935135,0.258539565591689,0.18457371248268706,0.11425321821847698,0.20864854454564624,not distinguishable,post
1675,Culture (periphery),Sport & Games,Culture (periphery) + Sport & Games,8075,4148,1,1.3341915101613069,-0.29018177961615604,-2.1355903445012276,1.0485973311122763,1.0071787288808827,0.6806596701649176,0.00024108003857280618,-0.7158682344183553,0.8341478459195738,-2.3507980124207197,0.9190615435840093,0.3907803462750168,0.7174520847684267,0.4064115601260175,not distinguishable,post
1700,Politics,Administration & Law,Politics + Administration & Law,10186,5329,258,90.55339562284414,1.505379555294198,1.3759083719186898,1.634795552344609,0.0649496677349605,0.0004997501249375312,0.04841433664852693,0.8107088586069432,0.07977828913513259,0.6543434119020833,0.967074305311803,2.9293235723925825e-24,0.001082791937364651,1.3440425802742437e-23,associated,post
1700,Politics,Military,Politics + Military,10186,5329,265,119.67154428008824,1.1436165438998849,1.001136281514168,1.2780934741759562,0.06978250003343955,0.0004997501249375312,0.04972790392193657,0.2763262467236387,0.07470529099175822,0.1299038763797926,0.4227486170674848,0.00021654906648393735,0.001082791937364651,0.00034471075889279824,associated,post
1700,Politics,Religion,Politics + Religion,10186,5329,99,121.14899928612627,-0.2899560216004622,-0.5804447390705194,-0.06220016726182136,0.1316289341637398,0.030484757621189407,0.018577594295364985,-1.2650217982119851,0.10712884905304208,-1.4749943423559477,-1.0550492540680225,3.531602165878399e-32,0.04662374695005439,2.5042269903501375e-31,dissociated,post
1700,Politics,Nobility,Politics + Nobility,10186,5329,256,151.48505294290874,0.755029377857356,0.6032863374018181,0.8899394698161326,0.07245234750930193,0.0004997501249375312,0.04803903171326703,0.11283029556663932,0.07487289088620196,-0.03392057057031653,0.25958116170359513,0.13182144481788158,0.001082791937364651,0.15346377157902633,associated,post
1700,Politics,Kinship,Politics + Kinship,10186,5329,105,97.92166003041788,0.10019524390882655,-0.16273629292861608,0.32695239866881354,0.12499525174749457,0.4197901049475262,0.01970350910114468,-0.312667316265103,0.108253205624255,-0.5248435992886429,-0.10049103324156322,0.0038733500964766143,0.48871086844637374,0.005035355125419598,not distinguishable,post
1700,Politics,Big business,Politics + Big business,10186,5329,72,38.55565814855384,0.8924494226494651,0.5902286908124964,1.1401873960616684,0.14331698234499762,0.0004997501249375312,0.013510977669356352,0.019059859804073917,0.13233431070768573,-0.2403153891829901,0.278435108791138,0.8854782775878064,0.001082791937364651,0.9208974086913186,associated,post
1700,Politics,Small business,Politics + Small business,10186,5329,59,108.70196735170535,-0.8760372741437951,-1.2531203393020038,-0.5656154850262807,0.17614076538854753,0.0004997501249375312,0.011071495590167011,-1.2635858423629676,0.13645573892204174,-1.5310390906501694,-0.9961325940757657,2.0435225054118734e-20,0.001082791937364651,7.590226448672673e-20,dissociated,post
1700,Politics,Academia,Politics + Academia,10186,5329,66,201.2345212816231,-1.601031736688954,-1.9572991519549041,-1.2950843241965342,0.16602895986620525,0.0004997501249375312,0.012385062863576657,-2.245989860083389,0.12737695604938462,-2.495648693940183,-1.9963310262265954,1.3839467079988773e-69,0.001082791937364651,3.598261440797081e-68,dissociated,post
1700,Politics,Exploration & Invention,Politics + Exploration & Invention,10186,5329,18,28.46199688684222,-0.6466358067978096,-1.3975187896092467,-0.09381680607540753,0.33062625018524006,0.050974512743628186,0.003377744417339088,-1.111752383549219,0.24215014560213446,-1.5863666689294025,-0.6371380981690353,4.407690048566061e-06,0.07501909422647167,7.639996084181172e-06,not distinguishable,post
1700,Politics,Culture (core),Politics + Culture (core),10186,5329,73,240.0914454817427,-1.7107691916066559,-2.0426893944628555,-1.4277948099963647,0.1550219653543644,0.0004997501249375312,0.0136986301369863,-2.609711374957348,0.12123479373296617,-2.847331570673962,-2.3720911792407344,8.870519146394972e-103,0.001082791937364651,6.919004934188079e-101,dissociated,post
1700,Politics,Culture (periphery),Politics + Culture (periphery),10186,5329,11,81.59906310483622,-2.835731897231493,-3.905340598096396,-2.1683620970903057,0.4470923402404418,0.0004997501249375312,0.0020641771439294425,-2.821713103556351,0.2981118712212228,-3.4060123711499477,-2.2374138359627542,2.927683596467217e-21,0.001082791937364651,1.2018911606549627e-20,dissociated,post
1700,Politics,Sport & Games,Politics + Sport & Games,10186,5329,4,6.5746955963368565,-0.6527430728480681,-2.3665074257590724,0.28052910210996174,0.7332992379545259,0.3213393303348326,0.0007506098705197974,-1.4255915907810024,0.4842107273089711,-2.3746446163065857,-0.47653856525541904,0.003238374316343394,0.3978486947002689,0.004281240621606521,not distinguishable,post
1700,Administration & Law,Military,Administration & Law + Military,10186,5329,53,59.80807299018972,-0.1728122463219884,-0.5567652317252808,0.16733521609448243,0.18570696803807135,0.35782108945527236,0.009945580784387315,-0.7575588146289927,0.14467127964914298,-1.0411145227413128,-0.47400310651667243,1.6372586175676297e-07,0.42938530734632685,3.360688741323029e-07,not distinguishable,post
1700,Administration & Law,Religion,Administration & Law + Religion,10186,5329,16,60.54645852179137,-1.887441578337855,-2.745033581703632,-1.2939123473198948,0.3649078351661855,0.0004997501249375312,0.0030024394820791895,-2.273169257164655,0.25020989489025003,-2.763580651149545,-1.7827578631797651,1.0365159569496166e-19,0.001082791937364651,3.6749202110031863e-19,dissociated,post
1700,Administration & Law,Nobility,Administration & Law + Nobility,10186,5329,61,75.70746377373946,-0.3093458920178418,-0.6666703681876107,-0.005152987581272406,0.1682347051844967,0.06446776611694154,0.011446800525426909,-0.6959278097169449,0.1358336266694549,-0.9621617179890765,-0.42969390144481334,3.001005319087784e-07,0.08890291696257134,6.002010638175568e-07,not distinguishable,post
1700,Administration & Law,Kinship,Administration & Law + Kinship,10186,5329,20,48.938165088876694,-1.2700012884811545,-1.9506977144747493,-0.7610478760555318,0.31042912396856326,0.0014992503748125937,0.0037530493525989865,-1.238135570006341,0.22685623235491478,-1.682773785421974,-0.793497354590708,4.8207469744205957e-08,0.0029985007496251873,1.07433789715659e-07,dissociated,post
1700,Administration & Law,Big business,Administration & Law + Big business,10186,5329,23,19.26890498994913,0.24942779514760166,-0.3818554456915673,0.7054108018668844,0.28716579728347147,0.35782108945527236,0.0043160067554888345,-0.3881504591557094,0.21567931269725474,-0.8108819120423287,0.03458099373090989,0.07191358823737114,0.42938530734632685,0.08498878609871134,not distinguishable,post
1700,Administration & Law,Small business,Administration & Law + Small business,10186,5329,31,54.32582354191059,-0.7995037492558891,-1.3709985983688573,-0.3777639280150141,0.2534363113033699,0.00399800099950025,0.0058172264965284295,-1.0452317621373237,0.18486239351791753,-1.407562053432442,-0.6829014708422054,1.566585567394083e-08,0.007252187859558593,3.5939315957864257e-08,dissociated,post
1700,Administration & Law,Academia,Administration & Law + Academia,10186,5329,137,100.5706829418741,0.44406703591674135,0.22991555268755962,0.6400618733121674,0.10416452747213044,0.0004997501249375312,0.02570838806530306,-0.42841567063938346,0.09642819117113675,-0.6174149253348115,-0.23941641594395544,8.877642130474217e-06,0.001082791937364651,1.5053393177760628e-05,associated,post
1700,Administration & Law,Exploration & Invention,Administration & Law + Exploration & Invention,10186,5329,3,14.224410635754158,-2.072783062240932,-4.870858669785537,-0.9910736702997495,0.8863010795755328,0.0544727636181909,0.000562957402889848,-1.966981756575015,0.5391689520510005,-3.0237529025949756,-0.910210610555054,0.0002641115067926994,0.07725228294943437,0.0004120139505966111,not distinguishable,post
1700,Administration & Law,Culture (core),Administration & Law + Culture (core),10186,5329,76,119.99015122663073,-0.6553835735606279,-0.9750043005518378,-0.3910536460065664,0.14990695747490987,0.0004997501249375312,0.01426158753987615,-1.5854909865639109,0.12192879914275458,-1.8244714328837097,-1.346510540244112,1.1699694703681485e-38,0.001082791937364651,9.125761868871558e-38,dissociated,post
1700,Administration & Law,Culture (periphery),Administration & Law + Culture (periphery),10186,5329,6,40.78064465085336,-2.6669538772392047,-4.0880348388552825,-1.845815864203772,0.6207376097629872,0.0034982508745627187,0.001125914805779696,-2.515363056470578,0.3954478657656057,-3.290440873371165,-1.7402852395699906,2.0071135076569402e-10,0.006655208980875417,4.892339174913791e-10,dissociated,post
1700,Administration & Law,Sport & Games,Administration & Law + Sport & Games,10186,5329,4,3.285826020542297,0.24931688862260482,-1.4760174385617257,1.187029662364653,0.751035162485728,0.6746626686656672,0.0007506098705197974,-0.5504760636342302,0.4848585132026946,-1.5007987495115116,0.3998466222430511,0.25623565351675204,0.7111309210259735,0.28965769527980667,not distinguishable,post
1700,Military,Religion,Military + Religion,10186,5329,18,80.01564317004137,-2.121743837098471,-2.884366018499348,-1.531935513752307,0.3353130251892388,0.0004997501249375312,0.003377744417339088,-2.6020061519927133,0.23593715097287285,-3.064442967899544,-2.1395693360858825,2.788216022865865e-28,0.001082791937364651,1.5534346413109819e-27,dissociated,post
1700,Military,Nobility,Military + Nobility,10186,5329,289,100.05178757809766,1.5256246185639586,1.3978088863358078,1.648687462088507,0.06363323544719943,0.0004997501249375312,0.05423156314505536,0.8308067326658296,0.07474654262758501,0.684303509115763,0.9773099562158962,1.0606794059335902e-28,0.001082791937364651,6.3640764356015415e-28,associated,post
1700,Military,Kinship,Military + Kinship,10186,5329,66,64.67461269826022,0.02904423607830471,-0.31226298116259743,0.3402021800267121,0.16730062591266456,0.8615692153923038,0.012385062863576657,-0.3965134717183066,0.13209129937863112,-0.6554124185004235,-0.1376145249361896,0.002683763668871637,0.8727584259818142,0.0036725187047717137,not distinguishable,post
1700,Military,Big business,Military + Big business,10186,5329,16,25.46497125671327,-0.6541006038885594,-1.4594428515445828,-0.09260913280970803,0.35965100164201835,0.06496751624187906,0.0030024394820791895,-1.2090428760141814,0.25322353694637345,-1.7053610084290733,-0.7127247435992894,1.8005851543512653e-06,0.08890291696257134,3.5111410509849674e-06,not distinguishable,post
1700,Military,Small business,Military + Small business,10186,5329,14,71.79471463031393,-2.317837277290792,-3.2139913575944763,-1.6637746624708434,0.39436042677526684,0.0004997501249375312,0.0026271345468192905,-2.3039984449996087,0.26638510216653666,-2.8261132452460207,-1.7818836447531967,5.189511410045333e-18,0.001082791937364651,1.619127559934144e-17,dissociated,post
1700,Military,Academia,Military + Academia,10186,5329,42,132.90996824773944,-1.6503317207914179,-2.1095041442202387,-1.2731667380815561,0.21349701187776896,0.0004997501249375312,0.007881403640457873,-2.2483082708935265,0.15798352203456395,-2.557955974081272,-1.938660567705781,5.859644977481717e-46,0.001082791937364651,5.713153853044673e-45,dissociated,post
1700,Military,Exploration & Invention,Military + Exploration & Invention,10186,5329,49,18.79838050849834,1.3589487414496912,0.9776513760971423,1.681868419220676,0.18222114795504554,0.0004997501249375312,0.009194970913867517,0.4770956626699476,0.1599769560593,0.16354082879371956,0.7906504965461756,0.0028611261454840353,0.001082791937364651,0.0038477213680647372,associated,post
1700,Military,Culture (core),Military + Culture (core),10186,5329,63,158.57391759773768,-1.324868807954189,-1.6855008814461434,-1.0342106981880317,0.16695721256024829,0.0004997501249375312,0.011822105460686808,-2.2743650097681907,0.13074488065359802,-2.5306249758492427,-2.0181050436871386,8.933469821080364e-68,0.001082791937364651,1.742026615110671e-66,dissociated,post
1700,Military,Culture (periphery),Military + Culture (periphery),10186,5329,12,53.893978116862364,-2.121518846628221,-3.101505718879333,-1.4509512674330567,0.4260099353223621,0.0014992503748125937,0.002251829611559392,-2.2866558568639235,0.2866420791075459,-2.8484743319147134,-1.7248373818131335,1.4945914912382614e-15,0.0029985007496251873,4.1635048684494424e-15,dissociated,post
1700,Military,Sport & Games,Military + Sport & Games,10186,5329,3,4.342408933528662,-0.4683699956646862,-3.1872549344985184,0.5352769143368935,0.8494875847000787,0.4912543728135932,0.000562957402889848,-1.247712962813052,0.545953969373015,-2.3177827427841615,-0.1776431828419427,0.022290482693710735,0.5473977297065752,0.027597740477927575,not distinguishable,post
1700,Religion,Nobility,Religion + Nobility,10186,5329,49,101.28701868762809,-1.0400531500756565,-1.4774508073361465,-0.6971477340230338,0.19557170839832505,0.0004997501249375312,0.009194970913867517,-1.6633967351331933,0.14759463793146188,-1.9526822254788585,-1.374111244787528,1.8449654847368483e-29,0.001082791937364651,1.1992275650789514e-28,dissociated,post
1700,Religion,Kinship,Religion + Kinship,10186,5329,43,65.47308012733403,-0.6008620615500024,-1.055947482152045,-0.25313408390952424,0.208170253485192,0.005997001499250375,0.008069056108087821,-1.1376662053641313,0.15866046720433558,-1.448640721084629,-0.8266916896436336,7.475419685106625e-13,0.010168828629163679,1.8809120498010217e-12,dissociated,post
1700,Religion,Big business,Religion + Big business,10186,5329,2,25.779359689553985,-3.393930124063625,-5.784046313573914,-2.19106299745496,0.9937319525477906,0.0004997501249375312,0.0003753049352598987,-3.398513779980464,0.6350297148135697,-4.643172021015061,-2.1538555389458676,8.711261348461466e-08,0.001082791937364651,1.8874399588333177e-07,dissociated,post
1700,Religion,Small business,Religion + Small business,10186,5329,56,72.68108625003137,-0.3732199626873365,-0.7668299380779707,-0.057701930933342784,0.178754659656686,0.0384807596201899,0.010508538187277162,-1.1235873126015996,0.14001697614192216,-1.398020585839767,-0.8491540393634323,1.0181530788395363e-15,0.057721139430284854,2.9413311166475492e-15,not distinguishable,post
1700,Religion,Academia,Religion + Academia,10186,5329,353,134.55086374316633,1.388207348131165,1.2765114712001342,1.492622923976237,0.05516182844158429,0.0004997501249375312,0.06624132107337212,0.02840119368988423,0.06584866888659545,-0.10066219732784285,0.1574645847076113,0.6662429325605288,0.001082791937364651,0.7022560640502871,associated,post
1700,Religion,Exploration & Invention,Religion + Exploration & Invention,10186,5329,12,19.030463762330886,-0.6437981123850205,-1.638473170159587,-0.030543489864969315,0.4132489271412975,0.09995002498750624,0.002251829611559392,-1.3408767007635458,0.2908330387247786,-1.910909456664112,-0.7708439448629797,4.017616066028968e-06,0.1321373211699235,7.122137571596806e-06,not distinguishable,post
1700,Religion,Culture (core),Religion + Culture (core),10186,5329,223,160.5316580931181,0.4729304878879458,0.31989473360211895,0.615699708514954,0.0769118524569842,0.0004997501249375312,0.0418465002814787,-1.100412333189055,0.07583635775605861,-1.24905159439093,-0.9517730719871801,1.0418280368329212e-47,0.001082791937364651,1.1608940981852551e-46,associated,post
1700,Religion,Culture (periphery),Religion + Culture (periphery),10186,5329,26,54.55934872140391,-1.0549951852021,-1.6880685832063957,-0.6125436130269958,0.27168255242490663,0.0014992503748125937,0.004878964158378683,-1.7642834604382154,0.1994255684665412,-2.155157574632636,-1.3734093462437946,9.004298973545854e-19,0.0029985007496251873,3.0536318258112027e-18,dissociated,post
1700,Religion,Sport & Games,Religion + Sport & Games,10186,5329,3,4.396019955728646,-0.484254516277716,-3.157094424529069,0.551650819384295,0.8341920123621203,0.4847576211894053,0.000562957402889848,-1.500456477320052,0.5458121588682612,-2.570248308701844,-0.43066464593826015,0.0059771087313582865,0.5473977297065752,0.007642860345015514,not distinguishable,post
1700,Nobility,Kinship,Nobility + Kinship,10186,5329,249,81.86772542792528,1.5988887609816227,1.4614545554357077,1.7311488955470435,0.06893331502952328,0.0004997501249375312,0.04672546443985738,1.3119761055644195,0.08362074771834876,1.1480794400364558,1.4758727710923831,1.7817402361216294e-55,0.001082791937364651,2.779514768349742e-54,associated,post
1700,Nobility,Big business,Nobility + Big business,10186,5329,29,32.23458460588033,-0.15010071710999912,-0.67693905688112,0.28467343629023906,0.24720141430287917,0.543728135932034,0.0054419215612685305,-0.6746666369415347,0.19351902896980996,-1.0539639337223623,-0.2953693401607072,0.000489739649841078,0.5890388139263701,0.0007346094747616168,not distinguishable,post
1700,Nobility,Small business,Nobility + Small business,10186,5329,29,90.88063676473944,-1.631173541192161,-2.203974406667913,-1.1883251909673673,0.25664261170655106,0.0004997501249375312,0.0054419215612685305,-1.6574599455399666,0.18936163790472924,-2.0286087558332357,-1.2863111352466974,2.0797334437383983e-18,0.001082791937364651,6.759133692149794e-18,dissociated,post
1700,Nobility,Academia,Nobility + Academia,10186,5329,36,168.24278234035572,-2.208857425772438,-2.7065131472146007,-1.8159712792085831,0.22893574869537714,0.0004997501249375312,0.006755488834678176,-2.5059080866701526,0.16958363204941165,-2.8382920054869993,-2.173524167853306,2.0667416106115815e-49,0.001082791937364651,2.6867640937950557e-48,dissociated,post
1700,Nobility,Exploration & Invention,Nobility + Exploration & Invention,10186,5329,4,23.795745962013374,-2.4327068222235986,-4.078325312190861,-1.4616078354714936,0.7108309005071358,0.009995002498750625,0.0007506098705197974,-2.236357959327673,0.476218906813589,-3.169747016682307,-1.3029689019730384,2.652129480510317e-06,0.016587450955373378,5.045514621458651e-06,dissociated,post
1700,Nobility,Culture (core),Nobility + Culture (core),10186,5329,71,200.72924141795843,-1.4928248171029401,-1.8444044302939802,-1.216103936758916,0.16141647446356022,0.0004997501249375312,0.013323325201726403,-2.246255156759147,0.12358289611104754,-2.4884776331368004,-2.004032680381494,7.981101453436354e-74,0.001082791937364651,3.1126295668401777e-72,dissociated,post
1700,Nobility,Culture (periphery),Nobility + Culture (periphery),10186,5329,22,68.2211646674243,-1.6108294856405683,-2.287995980154345,-1.1200136292534661,0.29964606779170844,0.0004997501249375312,0.004128354287858885,-1.7703089568347044,0.2157955936541584,-2.1932683203968546,-1.3473495932725539,2.3321944456434607e-16,0.001082791937364651,6.996583336930381e-16,dissociated,post
1700,Nobility,Sport & Games,Nobility + Sport & Games,10186,5329,5,5.496795843594709,-0.1247602395345768,-1.7584383935186698,0.7661516639655288,0.6463130800562394,0.8235882058970515,0.0009382623381497466,-0.8618437212060226,0.4408827001102789,-1.7259738134221694,0.0022863710101240775,0.05060501561933495,0.8452615797364477,0.06072601874320194,not distinguishable,post
1700,Kinship,Big business,Kinship + Big business,10186,5329,32,20.83680187370271,0.6070957681604409,0.0808595919711737,1.0276977625915937,0.23966659586353226,0.013493253373313344,0.006004878964158379,0.0808686962478211,0.18692351570502017,-0.2855013945340184,0.44723878702966063,0.6652836858890953,0.021926536731634184,0.7022560640502871,associated,post
1700,Kinship,Small business,Kinship + Small business,10186,5329,23,58.746276571449,-1.3340637315547828,-1.9841545833444874,-0.8647012211120993,0.28748476642143167,0.0004997501249375312,0.0043160067554888345,-1.2493892613289457,0.21233601375670227,-1.6655678482920822,-0.8332106743658092,4.004204503893026e-09,0.001082791937364651,9.464483372838062e-09,dissociated,post
1700,Kinship,Academia,Kinship + Academia,10186,5329,48,108.7540467844891,-1.1716300659202203,-1.5983328347925123,-0.8353663843610367,0.19739432590885087,0.0004997501249375312,0.009007318446237568,-1.5294707276258117,0.15034035205696072,-1.8241378176574548,-1.2348036375941687,2.6068047120170158e-24,0.001082791937364651,1.2708172971082953e-23,dissociated,post
1700,Kinship,Exploration & Invention,Kinship + Exploration & Invention,10186,5329,6,15.381840656851018,-1.288866502868353,-2.696733769530788,-0.47246260463951617,0.6029885159479621,0.05247376311844078,0.001125914805779696,-1.2275319816947352,0.3987500943355379,-2.0090821665923895,-0.44598179679708094,0.0020808087526298165,0.07579543561552556,0.0028982693340201017,not distinguishable,post
1700,Kinship,Culture (core),Kinship + Culture (core),10186,5329,113,129.75366317956667,-0.19863164908878292,-0.44431357720899856,0.020391884012849144,0.11999847347533503,0.09345327336331834,0.021204728842184276,-0.9991480849634731,0.10409768768369813,-1.2031795528235214,-0.7951166171034247,8.137042411136382e-22,0.12567854004032467,3.526051711492432e-21,not distinguishable,post
1700,Kinship,Culture (periphery),Kinship + Culture (periphery),10186,5329,29,44.09893625584528,-0.5962943458792072,-1.1486711832344738,-0.1565568692657889,0.2589726889558805,0.021989005497251374,0.0054419215612685305,-0.8349456552774722,0.1913853407346843,-1.2100609231174535,-0.459830387437491,1.2850134261076289e-05,0.03500290670991035,2.1325754731147882e-05,dissociated,post
1700,Kinship,Sport & Games,Kinship + Sport & Games,10186,5329,6,3.5531913109338347,0.6813814458351146,-0.7394541159977412,1.472387823653257,0.5795565636383476,0.1854072963518241,0.001125914805779696,-0.05153682770933096,0.40879017978429,-0.8527655800865394,0.7496919246678774,0.8996752563536107,0.23835623172020545,0.9233509209944952,not distinguishable,post
1700,Big business,Small business,Big business + Small business,10186,5329,65,23.130749175265173,1.470829538264836,1.13249725100408,1.7351512761795624,0.15441356439029708,0.0004997501249375312,0.012197410395946707,0.6489753576908038,0.139452121830146,0.3756491989037177,0.92230151647789,3.2595145391341643e-06,0.001082791937364651,5.9126077686619725e-06,associated,post
1700,Big business,Academia,Big business + Academia,10186,5329,18,42.82080030906415,-1.2275346248189853,-1.9801809885184436,-0.6820993845189837,0.33230598103658,0.001999000499750125,0.003377744417339088,-1.8446517075228115,0.23920745940545232,-2.313498327957498,-1.3758050870881249,1.2433367157130621e-14,0.0038980509745127436,3.344147028469615e-14,dissociated,post
1700,Big business,Exploration & Invention,Big business + Exploration & Invention,10186,5329,7,6.056443384199681,0.19397717458228317,-1.2533776380201012,0.9586915558837966,0.5576881177162137,0.729135432283858,0.0013135672734096453,-0.3961101737408604,0.3737630263088895,-1.1286857053062838,0.33646535782456305,0.2892403224124166,0.7583008495752123,0.3133436826134513,not distinguishable,post
1700,Big business,Culture (core),Big business + Culture (core),10186,5329,27,51.089185778916985,-0.9076370582857686,-1.522969601524065,-0.4706930261170152,0.27134953173200443,0.004997501249375313,0.005066616626008632,-1.857609843074191,0.19872164406310866,-2.247104265437884,-1.468115420710498,8.949114685151253e-21,0.008662335498917208,3.4901547272089885e-20,dissociated,post
1700,Big business,Culture (periphery),Big business + Culture (periphery),10186,5329,12,17.363507833374925,-0.5150873135055328,-1.551803507810993,0.09524286432843955,0.4181309522083093,0.18640679660169915,0.002251829611559392,-1.0479215741266845,0.28963862304427695,-1.6156132752934673,-0.4802298729599017,0.0002968526204956466,0.23835623172020545,0.00045400989016981244,not distinguishable,post
1700,Big business,Sport & Games,Big business + Sport & Games,10186,5329,1,1.3990329563267327,-0.3403024418997868,-2.1155061533784707,1.0516167654225856,1.0243617852391835,0.6496751624187906,0.00018765246762994934,-0.9071546206602035,0.8248802787951943,-2.5239199670987844,0.7096107257783775,0.2714450075984858,0.6941734612145982,0.2982071914462238,not distinguishable,post
1700,Small business,Academia,Small business + Academia,10186,5329,168,120.72690392770214,0.47503867926510246,0.2819642678775328,0.6385647529142132,0.09166405037286376,0.0004997501249375312,0.03152561456183149,-0.34799182397904,0.08833197577177247,-0.521122496491714,-0.17486115146636594,8.162076470557756e-05,0.001082791937364651,0.00013263374264656352,associated,post
1700,Small business,Exploration & Invention,Small business + Exploration & Invention,10186,5329,26,17.075245051715427,0.5924475547347872,0.009155526315163868,1.0366402797987346,0.26501152486315266,0.029985007496251874,0.004878964158378683,0.02073905172205198,0.20721504529924561,-0.3854024370644694,0.4268805405085734,0.9202770969963296,0.04662374695005439,0.9322287476066716,associated,post
1700,Small business,Culture (core),Small business + Culture (core),10186,5329,224,144.03839206083808,0.6352626949457438,0.4713220258357046,0.7843609636518354,0.07821487297892801,0.0004997501249375312,0.04203415274910865,-0.4237502890372225,0.07941960211718779,-0.5794127091869106,-0.26808786888753444,9.523534022365621e-08,0.001082791937364651,2.007663929039239e-07,associated,post
1700,Small business,Culture (periphery),Small business + Culture (periphery),10186,5329,116,48.95383848311759,1.236175546059798,1.0032972744577104,1.4351533715491303,0.11050979864424697,0.0004997501249375312,0.021767686245074122,0.49599399086296947,0.10622913379263514,0.2877848886294046,0.7042030930965344,3.025284500822089e-06,0.001082791937364651,5.618385501526736e-06,associated,post
1700,Small business,Sport & Games,Small business + Sport & Games,10186,5329,4,3.944366197994535,0.017947307518029785,-1.7380568096105076,0.9444862246130896,0.7554353136480308,0.9815092453773113,0.0007506098705197974,-0.7023372285512802,0.48470048944934435,-1.652350187871995,0.24767573076943472,0.14733399926886973,0.9815092453773113,0.16900076386723292,not distinguishable,post
1700,Academia,Exploration & Invention,Academia + Exploration & Invention,10186,5329,47,31.610548065158373,0.5648802241463855,0.17875412294450724,0.9075266798601952,0.18228080014662554,0.00399800099950025,0.00881966597860762,-0.3406596981926742,0.16131728948407253,-0.6568415855814564,-0.024477810803892053,0.034709008662248304,0.007252187859558593,0.04230160430711512,associated,post
1700,Academia,Culture (core),Academia + Culture (core),10186,5329,430,266.65107889680485,0.6883573940870088,0.5884046445842921,0.7828806586020084,0.050620171425480656,0.0004997501249375312,0.08069056108087821,-0.8224745453702031,0.05848092529942285,-0.9370971589570719,-0.7078519317833344,6.322819814870064e-45,0.001082791937364651,5.479777172887389e-44,associated,post
1700,Academia,Culture (periphery),Academia + Culture (periphery),10186,5329,56,90.62579539314584,-0.6896086345563475,-1.0733571332868723,-0.38125448018406044,0.17827889836846295,0.0004997501249375312,0.010508538187277162,-1.4593933967919026,0.13993005897254923,-1.733656312378099,-1.1851304812057062,1.8194048632162026e-25,0.001082791937364651,9.460905288724252e-25,dissociated,post
1700,Academia,Sport & Games,Academia + Sport & Games,10186,5329,5,7.302008077229097,-0.5044138733130181,-2.2496293121123916,0.37603075805202796,0.6404489682049408,0.36731634182908546,0.0009382623381497466,-1.5181462952567466,0.44054352613106457,-2.381611606473633,-0.6546809840398601,0.0005687912159279701,0.43410113125255556,0.0008370889592902201,not distinguishable,post
1700,Exploration & Invention,Culture (core),Exploration & Invention + Culture (core),10186,5329,18,37.7143152630992,-1.0465879091510075,-1.8062762679690596,-0.5240767541246761,0.32659937381340226,0.004997501249375313,0.003377744417339088,-1.8552709903789557,0.24170173009219337,-2.3290063813596547,-1.3815355993982568,1.6430005083051603e-14,0.008662335498917208,4.271801321593416e-14,dissociated,post
1700,Exploration & Invention,Culture (periphery),Exploration & Invention + Culture (periphery),10186,5329,34,12.817836074644061,1.3732366742258584,0.8712043218803296,1.739998999874139,0.22707356561641145,0.0004997501249375312,0.006380183899418277,0.4985868443716144,0.18577360362974593,0.13447058125731237,0.8627031074859164,0.007278167532227225,0.001082791937364651,0.009156404314737477,associated,post
1700,Exploration & Invention,Sport & Games,Exploration & Invention + Sport & Games,10186,5329,2,1.0327737499419314,0.7057833358723968,-1.6829236512876669,1.8629650853108708,0.9857889446611158,0.42628685657171417,0.0003753049352598987,0.018284110614223036,0.6442599988741666,-1.2444654871791434,1.2810337084075896,0.9773590607990461,0.48897610018520155,0.977359060799046,not distinguishable,post
1700,Culture (core),Culture (periphery),Culture (core) + Culture (periphery),10186,5329,296,108.12497813644286,1.4486762181108774,1.327930447371876,1.556614635837171,0.058655045013078534,0.0004997501249375312,0.055545130418465004,0.24007891828907854,0.07586222006673563,0.09138896695827672,0.38876886961988033,0.0015525874798781613,0.001082791937364651,0.0022018513350999377,associated,post
1700,Culture (core),Sport & Games,Culture (core) + Sport & Games,10186,5329,12,8.71197279182433,0.4403460397336403,-0.503217905392743,1.0201651697189387,0.37821278843673634,0.2143928035982009,0.002251829611559392,-1.039301046958591,0.30528922388851093,-1.6376679257800726,-0.4409341681371096,0.0006632992530699698,0.2697199787203173,0.0009580989211010675,not distinguishable,post
1700,Culture (periphery),Sport & Games,Culture (periphery) + Sport & Games,10186,5329,4,2.9609085662393912,0.3787741740029402,-1.36127215633395,1.3058582157708722,0.7401833529513013,0.5312343828085957,0.0007506098705197974,-0.5360358497974672,0.4848748476884584,-1.4863905512668456,0.4143188516719112,0.2689370052240885,0.5836096036488797,0.2982071914462238,not distinguishable,post
1725,Politics,Administration & Law,Politics + Administration & Law,15102,7906,471,220.51715184629577,1.0930994378292964,1.003590148071197,1.1814741327506857,0.046038033368695226,0.0004997501249375312,0.05957500632431065,0.35456641285557755,0.060547945636824044,0.23589243940740243,0.47324038630375265,4.742592971361435e-09,0.0012181409295352324,8.602843064330044e-09,associated,post
1725,Politics,Military,Politics + Military,15102,7906,790,330.95189119429585,1.2539659779838923,1.1882979013426782,1.3184402554968266,0.034253298681551164,0.0004997501249375312,0.09992410827219833,0.42061004357367715,0.04883364859136008,0.32489609233461136,0.5163239948127429,7.109900802675668e-18,0.0012181409295352324,1.8485742086956737e-17,associated,post
1725,Politics,Religion,Politics + Religion,15102,7906,300,261.55373799006264,0.197502302906008,0.048218367396314236,0.32998096333650134,0.06983738965017601,0.005997001499250375,0.037945863900834806,-0.9164352075519775,0.06542361692415657,-1.0446654967233244,-0.7882049183806306,1.3983721422176227e-44,0.009546247284521005,1.0907302709297457e-43,associated,post
1725,Politics,Nobility,Politics + Nobility,15102,7906,350,259.996054480085,0.428152922884216,0.3007787812245136,0.5457503835369362,0.06172212590572049,0.0004997501249375312,0.04427017455097394,-0.312894694068109,0.0638607110753239,-0.43806168777574384,-0.18772770036047415,9.601088774198902e-07,0.0012181409295352324,1.5601769258073214e-06,associated,post
1725,Politics,Kinship,Politics + Kinship,15102,7906,123,163.03211876036767,-0.40506297633239513,-0.6436404476324563,-0.19487019975827924,0.11730467279689609,0.0009995002498750624,0.015557804199342272,-0.9257347327754981,0.09894924936554082,-1.119675261531958,-0.7317942040190382,8.308575135945452e-21,0.001999000499750125,2.945767548198842e-20,dissociated,post
1725,Politics,Big business,Politics + Big business,15102,7906,140,95.07183431066532,0.5559127168281073,0.339652125107918,0.7434727103553409,0.1028494711307105,0.0004997501249375312,0.01770806982038958,-0.39564132503200417,0.09709012836806898,-0.5859379766334194,-0.205344673430589,4.6016277902006055e-05,0.0012181409295352324,6.08350792602792e-05,associated,post
1725,Politics,Small business,Politics + Small business,15102,7906,141,210.59971317044736,-0.5771225653822728,-0.792575098015046,-0.3857158493643653,0.10612072565244712,0.0004997501249375312,0.01783455603339236,-1.1818652743105535,0.09138563156679465,-1.360981112181471,-1.002749436439636,2.942020693859323e-38,0.0012181409295352324,1.7652124163155938e-37,dissociated,post
1725,Politics,Academia,Politics + Academia,15102,7906,175,412.11038981738085,-1.2333091192192551,-1.4360143679854531,-1.0527904430511716,0.09871366625180919,0.0004997501249375312,0.02213508727548697,-2.164496496991886,0.08007420609474737,-2.321441940937591,-2.007551053046181,6.3660921509940685e-161,0.0012181409295352324,2.482775938887687e-159,dissociated,post
1725,Politics,Exploration & Invention,Politics + Exploration & Invention,15102,7906,31,72.73478764342808,-1.217177284906953,-1.7722498732872507,-0.8186312852841744,0.24624785505168567,0.0004997501249375312,0.0039210726030862635,-1.7194494243191913,0.18562798787677848,-2.0832802805576773,-1.3556185680807056,1.989944931600669e-20,0.0012181409295352324,6.208628186594087e-20,dissociated,post
1725,Politics,Culture (core),Politics + Culture (core),15102,7906,153,502.9164511540847,-1.713513707527611,-1.9303410245601678,-1.50935406382709,0.1098764650305285,0.0004997501249375312,0.019352390589425752,-2.8395821604753655,0.08453239782749504,-3.0052656602172556,-2.6738986607334754,2.221789841728766e-247,0.0012181409295352324,1.7329960765484374e-245,dissociated,post
1725,Politics,Culture (periphery),Politics + Culture (periphery),15102,7906,31,169.91415132590825,-2.43562140935032,-2.987276608625595,-1.9987770461488041,0.25434011329858597,0.0004997501249375312,0.0039210726030862635,-2.7480785672403094,0.18163905913602077,-3.10409112314691,-2.392066011333709,1.037349754854662e-51,0.0012181409295352324,1.3485546813110608e-50,dissociated,post
1725,Politics,Sport & Games,Politics + Sport & Games,15102,7906,4,9.601718165569496,-1.1666037901974027,-2.8536933880300523,-0.21097273071183356,0.7356375340643694,0.09095452273863068,0.0005059448520111307,-2.0952948308799493,0.48344482861878796,-3.0428466949727735,-1.1477429667871248,1.4636231876439253e-05,0.11261036148592371,2.0756837933859305e-05,not distinguishable,post
1725,Administration & Law,Military,Administration & Law + Military,15102,7906,72,116.56646797080684,-0.6912749952407075,-1.0485475804025222,-0.404711437290472,0.16545742031463864,0.0009995002498750624,0.009107007336200354,-1.1138284760708932,0.12314295798959239,-1.3551886737304943,-0.872468278411292,1.496604866880878e-19,0.001999000499750125,4.489814600642634e-19,dissociated,post
1725,Administration & Law,Religion,Administration & Law + Religion,15102,7906,40,92.12334551720164,-1.193453959537847,-1.6718446929229815,-0.8226672258392549,0.22179705032557476,0.0004997501249375312,0.0050594485201113076,-1.6376823565871044,0.16148323703871886,-1.9541895011829933,-1.3211752119912155,3.615028756783923e-24,0.0012181409295352324,1.5665124612730335e-23,dissociated,post
1725,Administration & Law,Nobility,Administration & Law + Nobility,15102,7906,92,91.57470485429675,0.006648498059188923,-0.27444948705695466,0.24972984308934063,0.13721873486086197,0.9545227386306847,0.011636731596256009,-0.40457366683452667,0.11145273909860177,-0.6230210354677861,-0.1861262982012672,0.0002834190138448764,0.9545227386306846,0.00036844471799833933,not distinguishable,post
1725,Administration & Law,Kinship,Administration & Law + Kinship,15102,7906,35,57.42247968764809,-0.706304341555456,-1.2426223787586963,-0.32997424973234435,0.22939809617815507,0.005497251374312844,0.004427017455097395,-0.8286399776520855,0.17389986982359237,-1.1694837225063266,-0.48779623279784445,1.8881542396230595e-06,0.00893303348325837,3.005633279399972e-06,dissociated,post
1725,Administration & Law,Big business,Administration & Law + Big business,15102,7906,22,33.48579725321429,-0.5950069651201567,-1.3091923453003742,-0.07707035054655723,0.3039304567505646,0.054972513743128434,0.0027826966860612194,-1.0016405821908712,0.216554785271211,-1.4260879613224446,-0.5771932030592977,3.739754799395893e-06,0.07146426786606695,5.7196249873113655e-06,not distinguishable,post
1725,Administration & Law,Small business,Administration & Law + Small business,15102,7906,38,74.17653554223646,-0.9557965525657298,-1.4754177691810184,-0.5639271348817454,0.22753091776005255,0.0009995002498750624,0.004806476094105743,-1.1151311794074312,0.16642547743359537,-1.4413251151772781,-0.7889372436375843,2.0773093751184103e-11,0.001999000499750125,4.379192736736108e-11,dissociated,post
1725,Administration & Law,Academia,Administration & Law + Academia,15102,7906,167,145.15176928504712,0.2016378690440193,0.0025980465344804613,0.38698014072155773,0.09818566854555691,0.0384807596201899,0.02112319757146471,-0.5931316433300842,0.08532794535645559,-0.7603744162287371,-0.4258888704314312,3.6219106226464185e-12,0.0517499870754278,7.847473015733907e-12,not distinguishable,post
1725,Administration & Law,Exploration & Invention,Administration & Law + Exploration & Invention,15102,7906,8,25.618337649031773,-1.6195283303905272,-2.843655656651198,-0.8548240205465781,0.5140907361884486,0.009495252373813094,0.0010118897040222615,-1.6276313087165557,0.34748792247844623,-2.3087076367743102,-0.9465549806588011,2.8133838583494664e-06,0.014242878560719641,4.388878819025168e-06,dissociated,post
1725,Administration & Law,Culture (core),Administration & Law + Culture (core),15102,7906,132,177.1350941186429,-0.42292427330319154,-0.6694419313907799,-0.20886493694132682,0.11772754331061135,0.0004997501249375312,0.016696180116367317,-1.3456616710651248,0.09347822690120847,-1.5288789957914934,-1.1624443463387562,5.525948062680571e-47,0.0012181409295352324,4.789154987656495e-46,dissociated,post
1725,Administration & Law,Culture (periphery),Administration & Law + Culture (periphery),15102,7906,19,59.84643993676531,-1.629794539514616,-2.361437783172072,-1.113986266169456,0.3296853261442793,0.0009995002498750624,0.0024032380470528714,-1.7583288451535548,0.23029443181158668,-2.209705931504265,-1.306951758802845,2.2558568297003038e-14,0.001999000499750125,5.6760268618265707e-14,dissociated,post
1725,Administration & Law,Sport & Games,Administration & Law + Sport & Games,15102,7906,1,3.3818763475640226,-1.3717916627715874,-3.1750657451858393,-0.03755225679585594,1.0082693559655247,0.3258370814592704,0.00012648621300278268,-1.7764639174634231,0.8235972245353788,-3.3907144775527653,-0.1622133573740807,0.031009003772284632,0.35299017158087626,0.03610003424236122,not distinguishable,post
1725,Military,Religion,Military + Religion,15102,7906,22,138.25861238818453,-2.6245804120365914,-3.354155135352232,-2.1149289853242355,0.3045737175937491,0.0004997501249375312,0.0027826966860612194,-2.8254789107509617,0.21334353875457243,-3.2436322467099235,-2.407325574792,4.900596108384182e-40,0.0012181409295352324,3.1853874704497186e-39,dissociated,post
1725,Military,Nobility,Military + Nobility,15102,7906,290,137.43521310402807,1.0745473580797162,0.9382444529246627,1.1984384857111035,0.06701565785738343,0.0004997501249375312,0.036681001770806985,0.41543284468023267,0.06994285492475573,0.27834484902771145,0.552520840332754,2.857117827187716e-09,0.0012181409295352324,5.306075964777187e-09,associated,post
1725,Military,Kinship,Military + Kinship,15102,7906,76,86.179592338193,-0.1802326205195789,-0.5044271047318143,0.09042512662300146,0.1496589573248522,0.22688655672163918,0.009612952188211486,-0.5595227237625425,0.12211279811600868,-0.7988638080699195,-0.32018163945516553,4.605159309947452e-06,0.2602522268277626,6.907738964921177e-06,not distinguishable,post
1725,Military,Big business,Military + Big business,15102,7906,16,50.255446509777606,-1.6210966201130932,-2.488134820292025,-1.0413181575000359,0.36340755917485434,0.0014992503748125937,0.002023779408044523,-1.8921552257371734,0.25048133589761107,-2.383098644096491,-1.4012118073778557,4.21841514617849e-14,0.0027843221246519594,9.6775406294683e-14,dissociated,post
1725,Military,Small business,Military + Small business,15102,7906,19,111.3240603481721,-2.519684606413692,-3.30320911791456,-1.9866515793837372,0.33920209961591313,0.0004997501249375312,0.0024032380470528714,-2.3974849480634854,0.22952491635180508,-2.8473537841130234,-1.9476161120139475,1.5376758216730246e-25,0.0012181409295352324,7.496169630655995e-25,dissociated,post
1725,Military,Academia,Military + Academia,15102,7906,75,217.84361058938367,-1.5320517644582088,-1.8747262083504483,-1.2463751762416082,0.15914081912490732,0.0004997501249375312,0.009486465975208701,-2.106230619502275,0.11900530078476093,-2.3394810090404063,-1.8729802299641434,4.296426276575059e-70,0.0012181409295352324,8.378031239321365e-69,dissociated,post
1725,Military,Exploration & Invention,Military + Exploration & Invention,15102,7906,103,38.4479720657317,1.4100106502910752,1.1614897730194795,1.625064933868181,0.11819349094773741,0.0004997501249375312,0.013028079939286617,0.6040515692913476,0.11448291327273569,0.3796650592767857,0.8284380793059096,1.317844842905402e-07,0.0012181409295352324,2.2842643943693638e-07,associated,post
1725,Military,Culture (core),Military + Culture (core),15102,7906,100,265.84414819716983,-1.406096082631087,-1.6910604930538928,-1.172211234993408,0.1355306519203046,0.0004997501249375312,0.01264862130027827,-2.2779547157660587,0.10387542112145196,-2.4815505411641046,-2.074358890368013,1.3537690522985394e-106,0.0012181409295352324,3.519799535976202e-105,dissociated,post
1725,Military,Culture (periphery),Military + Culture (periphery),15102,7906,19,89.81746912876707,-2.211530935580068,-2.954571584243669,-1.670202772719326,0.3293781843247795,0.0004997501249375312,0.0024032380470528714,-2.3275235164921098,0.229645164472763,-2.777628038858725,-1.8774189941254944,3.851742607374212e-24,0.0012181409295352324,1.5812417019746762e-23,dissociated,post
1725,Military,Sport & Games,Military + Sport & Games,15102,7906,6,5.075516183846322,0.22133434155620935,-1.1843297990920616,1.0524340004907229,0.5963101699864344,0.665167416291854,0.0007589172780166962,-0.8103681879409189,0.40720746273706765,-1.6084948149055713,-0.012241560976266386,0.04658408173143769,0.6917741129435282,0.05343468198606088,not distinguishable,post
1725,Religion,Nobility,Religion + Nobility,15102,7906,57,108.61606981334857,-0.9242297256684906,-1.3353561047643718,-0.5941608718606003,0.18890571748094173,0.0009995002498750624,0.007209714141158613,-1.4158035605703159,0.13671692640135022,-1.6837687363169622,-1.1478383848236695,3.9416857164270406e-25,0.001999000499750125,1.8085381522429953e-24,dissociated,post
1725,Religion,Kinship,Religion + Kinship,15102,7906,50,68.10837198473952,-0.4421012451504109,-0.8591311625846281,-0.10389756058794511,0.1946488174279099,0.026486756621689155,0.006324310650139135,-0.9203273038609942,0.14709536655599625,-1.2086342223107467,-0.6320203854112415,3.932820237139295e-10,0.03624503537704832,7.86564047427859e-10,dissociated,post
1725,Religion,Big business,Religion + Big business,15102,7906,4,39.717252684545265,-3.1598176252683854,-4.806127441585376,-2.1820062379505494,0.7379876209776566,0.00849575212393803,0.0005059448520111307,-3.1172769583450406,0.4736720510476367,-4.045674178398409,-2.1888797382916727,4.670213211573236e-11,0.012993503248375813,9.586227118492431e-11,dissociated,post
1725,Religion,Small business,Religion + Small business,15102,7906,51,87.98023183134352,-0.7807827333569115,-1.1939106206934573,-0.43018301075911164,0.19871324427472314,0.001999000499750125,0.006450796863141917,-1.2788614669101293,0.14453279816919865,-1.5621457513217587,-0.9955771824984999,8.890708636139185e-19,0.003543682704102494,2.47669740578163e-18,dissociated,post
1725,Religion,Academia,Religion + Academia,15102,7906,405,172.16342363625972,1.2317394142469944,1.1245690937439359,1.3339929566408968,0.054275819187848656,0.0004997501249375312,0.05122691626612699,0.020624041520033966,0.0597916542761268,-0.09656760086117457,0.1378156839012425,0.7301456609098345,0.0012181409295352324,0.7493600204074616,associated,post
1725,Religion,Exploration & Invention,Religion + Exploration & Invention,15102,7906,16,30.38571792304948,-0.9044738413338944,-1.6577317106782448,-0.31929380724692474,0.35110088486368973,0.01249375312343828,0.002023779408044523,-1.4042010524200141,0.2519839475447996,-1.8980895896078214,-0.9103125152322069,2.5099219061594322e-08,0.018387032898645017,4.449407015464448e-08,dissociated,post
1725,Religion,Culture (core),Religion + Culture (core),15102,7906,302,210.0986050656307,0.5224392619189578,0.38855712842508505,0.6537268266198175,0.06904539633947733,0.0004997501249375312,0.038198836326840374,-0.8809976768181991,0.06529008209580846,-1.0089662377259836,-0.7530291159104145,1.705847783828732e-41,0.0012181409295352324,1.2096011558058283e-40,associated,post
1725,Religion,Culture (periphery),Religion + Culture (periphery),15102,7906,35,70.98341303523266,-1.009789494085715,-1.5245613678248473,-0.6278691397350995,0.2315285755035023,0.0004997501249375312,0.004427017455097395,-1.6035703796033884,0.1722846185019821,-1.9412482318672732,-1.2658925273395036,1.3065294581916487e-20,0.0012181409295352324,4.4308390321281996e-20,dissociated,post
1725,Religion,Sport & Games,Religion + Sport & Games,15102,7906,2,4.011218142079449,-0.851588955055311,-3.2699235216774,0.3112075102540059,0.9643210426255197,0.2708645677161419,0.00025297242600556537,-1.7138528781966904,0.6414917240013415,-2.9711766572393197,-0.45652909915406115,0.007547529285545012,0.3018205183122724,0.009198551316757984,not distinguishable,post
1725,Nobility,Kinship,Nobility + Kinship,15102,7906,221,67.70275251721701,1.6994048291571164,1.5454038030735007,1.8383718210005573,0.0749615766312496,0.0004997501249375312,0.027953453073614975,1.259625183556613,0.0833147727186925,1.0963282290279757,1.4229221380852504,1.2161230578067357e-51,0.0012181409295352324,1.3551085501275057e-50,associated,post
1725,Nobility,Big business,Nobility + Big business,15102,7906,30,39.48071655226226,-0.3904950862637308,-0.949158288204549,0.0304441749517535,0.2523652555010747,0.11244377811094453,0.003794586390083481,-0.8257505729164788,0.18752962839123902,-1.1933086445633072,-0.45819250126965033,1.0661300570017995e-05,0.13704085457271364,1.539965637891488e-05,not distinguishable,post
1725,Nobility,Small business,Nobility + Small business,15102,7906,46,87.45626548553315,-0.919555634221885,-1.3567444354847642,-0.567881627915409,0.20523221235076988,0.0004997501249375312,0.0058183657981280045,-1.062726723102724,0.15212102504297959,-1.360883932186964,-0.764569514018484,2.827116868121706e-12,0.0012181409295352324,6.3004318775283736e-12,dissociated,post
1725,Nobility,Academia,Nobility + Academia,15102,7906,48,171.1381042197592,-1.823313218993615,-2.269846254565407,-1.4763718265379202,0.20367191184009673,0.0004997501249375312,0.006071338224133569,-2.135671290093293,0.14743070927557106,-2.424635480273412,-1.8467070999131736,1.4869114062699395e-47,0.0012181409295352324,1.449738621113191e-46,dissociated,post
1725,Nobility,Exploration & Invention,Nobility + Exploration & Invention,15102,7906,5,30.204755754008083,-2.4809586032249795,-4.316286150138555,-1.5669844667225077,0.6899325938787382,0.00849575212393803,0.0006324310650139134,-2.2176818018606657,0.429894001394431,-3.0602740445937506,-1.375089559127581,2.487086381349004e-07,0.012993503248375813,4.217233429243964e-07,dissociated,post
1725,Nobility,Culture (core),Nobility + Culture (core),15102,7906,104,208.84736264372933,-1.002395800826847,-1.2635344218622904,-0.7665647147351142,0.12826325801889976,0.0004997501249375312,0.013154566152289401,-1.7770535258097102,0.1031132507605969,-1.9791554973004801,-1.5749515543189403,1.4758933750846182e-66,0.0012181409295352324,2.3023936651320046e-65,dissociated,post
1725,Nobility,Culture (periphery),Nobility + Culture (periphery),15102,7906,32,70.56067125827853,-1.1286115986791208,-1.7223420005453751,-0.6789583875855979,0.26025226695931597,0.0004997501249375312,0.004047558816089046,-1.3733542591629404,0.18012315172836424,-1.7263956365505342,-1.0203128817753466,2.4492631486650263e-14,0.0012181409295352324,5.970078924871001e-14,dissociated,post
1725,Nobility,Sport & Games,Nobility + Sport & Games,15102,7906,2,3.9873293290085465,-0.8439289736582621,-3.2881269910532924,0.33958643063719274,0.9918571595289906,0.29485257371314344,0.00025297242600556537,-1.3987456563815892,0.6416164189231359,-2.6563138374709356,-0.14117747529224278,0.029254935802718443,0.32392254576936885,0.03457401503957634,not distinguishable,post
1725,Kinship,Big business,Kinship + Big business,15102,7906,31,24.756625182502003,0.3186899510762852,-0.2691086783188471,0.7482043834212756,0.25334635387373333,0.20339830084957522,0.0039210726030862635,-0.1721457693823551,0.18614806839119533,-0.5369959834290979,0.19270444466438774,0.35508103043648653,0.23679205173532636,0.38467111630619377,not distinguishable,post
1725,Kinship,Small business,Kinship + Small business,15102,7906,33,54.839987050910516,-0.7241612107990445,-1.2524476504782007,-0.3254024502585436,0.23746460605645853,0.005497251374312844,0.004174045029091829,-0.7897024628667926,0.1788677492880786,-1.1402832514714265,-0.43912167426215853,1.0100646679081139e-05,0.00893303348325837,1.4865102659779788e-05,dissociated,post
1725,Kinship,Academia,Kinship + Academia,15102,7906,67,107.31319668436394,-0.6755743721671477,-1.020300641527802,-0.3795850889099986,0.16650048107960022,0.0009995002498750624,0.00847457627118644,-1.1348609891539212,0.12845476743532147,-1.3866323333271513,-0.8830896449806911,1.0035567447532227e-18,0.001999000499750125,2.6992215893362543e-18,dissociated,post
1725,Kinship,Exploration & Invention,Kinship + Exploration & Invention,15102,7906,11,18.940077137180314,-0.7574000823217141,-1.7968914670148777,-0.09952861480691318,0.43054484266645315,0.08845577211394302,0.0013913483430306097,-0.8540108614832871,0.3008036321655808,-1.4435859805278255,-0.2644357424387487,0.004524132087296537,0.11128306814334768,0.005691650045308547,not distinguishable,post
1725,Kinship,Culture (core),Kinship + Culture (core),15102,7906,144,130.95901819513998,0.13645637732662977,-0.07893929411796907,0.3410738157402429,0.10502385643537544,0.191904047976012,0.01821401467240071,-0.7072962298645762,0.09305149187849367,-0.8896771539464238,-0.5249153057827286,2.935622846894983e-14,0.22679569306255962,6.938744910842687e-14,not distinguishable,post
1725,Kinship,Culture (periphery),Kinship + Culture (periphery),15102,7906,31,44.24550118421923,-0.5063908091724584,-1.050379160584816,-0.10856454615308307,0.24515276480945913,0.04447776111944028,0.0039210726030862635,-0.7855209534294738,0.1842310645386915,-1.1466138399253092,-0.42442806693363844,2.0099625073100774e-05,0.058801107920615964,2.7995906351818937e-05,not distinguishable,post
1725,Kinship,Sport & Games,Kinship + Sport & Games,15102,7906,4,2.5002792830973966,0.5848282001924977,-1.225497741695017,1.5684770989587384,0.7845425508915086,0.36231884057971014,0.0005059448520111307,-0.18405944812201025,0.4843913320466134,-1.1334664589333725,0.765347562689352,0.7039596027538881,0.3871351995235259,0.7321179868640436,not distinguishable,post
1725,Big business,Small business,Big business + Small business,15102,7906,116,31.979822148828205,1.8427143170500497,1.6056364308543216,2.0504427354107615,0.11451154112419637,0.0004997501249375312,0.014672400708322793,0.9961526230901936,0.10707739895579624,0.7862809211368329,1.2060243250435543,1.3639885435642054e-20,0.0012181409295352324,4.432962766583668e-20,associated,post
1725,Big business,Academia,Big business + Academia,15102,7906,30,62.57946306592354,-1.0483611372463961,-1.6242653182349593,-0.6253336790704097,0.25962980310814626,0.001999000499750125,0.003794586390083481,-1.6749440245024148,0.1866211553276142,-2.0407214889445386,-1.3091665600602909,2.830877169377056e-19,0.003543682704102494,8.178089600422607e-19,dissociated,post
1725,Big business,Exploration & Invention,Big business + Exploration & Invention,15102,7906,25,11.044865816066183,1.143245842063997,0.5547039629737337,1.6166787998843963,0.2717086067020238,0.0014992503748125937,0.0031621553250695674,0.3023376743380608,0.2079570657954082,-0.10525817462093928,0.7099335232970609,0.14598883879001046,0.0027843221246519594,0.16267327750886879,associated,post
1725,Big business,Culture (core),Big business + Culture (core),15102,7906,50,76.36847373391564,-0.606108635375341,-0.9822161013926507,-0.266715140692087,0.18704621393016174,0.0034982508745627187,0.006324310650139135,-1.5874459874558797,0.14769038955074523,-1.8769191509753405,-1.297972823936419,6.0251568799042246e-27,0.0060636348492420465,3.1330815775501967e-26,dissociated,post
1725,Big business,Culture (periphery),Big business + Culture (periphery),15102,7906,20,25.801670183538196,-0.3595305053382384,-1.1047914426456005,0.15840201653026298,0.3223003691274012,0.2493753123438281,0.0025297242600556538,-0.9303501801675642,0.2266153143736911,-1.3745161963399988,-0.4861841639951297,4.035875938980806e-05,0.2819025269973709,5.427557297250049e-05,not distinguishable,post
1725,Big business,Sport & Games,Big business + Sport & Games,15102,7906,8,1.4580325615617895,2.118058084473638,0.938112186102474,2.821862357369911,0.4907676789847293,0.00399800099950025,0.0010118897040222615,0.80543046984,0.3619098204360031,0.09608722178543394,1.514773717894566,0.0260476606561112,0.006779219086109119,0.031257192787333445,associated,post
1725,Small business,Academia,Small business + Academia,15102,7906,185,138.62377924652742,0.41505015827404823,0.22723907895664341,0.5926270998055896,0.09459241834148871,0.0009995002498750624,0.0233999494055148,-0.35152578805252616,0.08255393161270348,-0.513331494013425,-0.18972008209162733,2.061394280097127e-05,0.001999000499750125,2.8208553306592263e-05,associated,post
1725,Small business,Exploration & Invention,Small business + Exploration & Invention,15102,7906,36,24.466190115453337,0.5479207837320724,0.01874335840497191,0.9346696518312115,0.23445939473221766,0.021989005497251374,0.004553503668100177,0.019784946231399755,0.17533590731179682,-0.323873432099722,0.36344332456252154,0.9101572134828503,0.03118440779610195,0.9101572134828502,associated,post
1725,Small business,Culture (core),Small business + Culture (core),15102,7906,249,169.1687004909638,0.556319366246132,0.40194195627026247,0.6964009112576384,0.07369289638672227,0.0004997501249375312,0.03149506703769289,-0.44411528363902986,0.0735403487386241,-0.5882543671667331,-0.29997620011132664,1.550053901110799e-09,0.0012181409295352324,2.9488830313815197e-09,associated,post
1725,Small business,Culture (periphery),Small business + Culture (periphery),15102,7906,134,57.154933207826545,1.2220902112237384,1.0040869931854157,1.4192274317904046,0.10708558263829689,0.0004997501249375312,0.01694915254237288,0.49391135256236746,0.09724502869322853,0.3033110963236395,0.6845116088010954,3.793476223419559e-07,0.0012181409295352324,6.295556285675013e-07,associated,post
1725,Small business,Sport & Games,Small business + Sport & Games,15102,7906,3,3.2297813698924167,-0.09173614386090648,-2.786304278418132,0.9174575662591746,0.8580588270403132,0.887056471764118,0.0003794586390083481,-0.8072489532354741,0.5455927792137012,-1.8766108004943285,0.26211289402338034,0.1389849810084889,0.8985766856831325,0.15711345679220487,not distinguishable,post
1725,Academia,Exploration & Invention,Academia + Exploration & Invention,15102,7906,85,47.8764714065171,0.8216188774267198,0.540441471633782,1.0613916412878899,0.13429607318589806,0.0004997501249375312,0.010751328105236529,-0.08127566092895748,0.12187968372582045,-0.32015984103156553,0.1576085191736506,0.5048669353469051,0.0012181409295352324,0.5394468624254602,associated,post
1725,Academia,Culture (core),Academia + Culture (core),15102,7906,591,331.03643900885345,0.8352107236019529,0.7489609666945868,0.917264610117646,0.04282040844577022,0.0004997501249375312,0.07475335188464458,-0.6078371743197641,0.04987617747161876,-0.7055944821641369,-0.5100798664753914,3.6493865345177517e-34,0.0012181409295352324,2.0332296406598903e-33,associated,post
1725,Academia,Culture (periphery),Academia + Culture (periphery),15102,7906,94,111.8431808366253,-0.24952632200954816,-0.5367674424811149,0.011110139385903656,0.13902082357022572,0.07196401799100449,0.011889704022261574,-1.0764462502562644,0.10944671057406517,-1.290961802981432,-0.8619306975310966,7.929468810361576e-23,0.09201956398849755,3.092492836041015e-22,not distinguishable,post
1725,Academia,Sport & Games,Academia + Sport & Games,15102,7906,2,6.320172232589992,-1.4478800777881797,-3.858387986193708,-0.3009945605898537,0.938049725941618,0.12193903048475763,0.00025297242600556537,-2.2330047480545554,0.6413583970623596,-3.4900672062967804,-0.9759422898123304,0.0004982786346680167,0.14632683658170917,0.0006371431721984476,not distinguishable,post
1725,Exploration & Invention,Culture (core),Exploration & Invention + Culture (core),15102,7906,26,58.42576573770744,-1.1529062416793714,-1.7962497937448525,-0.7218657608010131,0.2775020437107183,0.0014992503748125937,0.0032886415380723503,-1.8810763861126256,0.20105381556452043,-2.2751418646190857,-1.4870109076061655,8.274680483960957e-21,0.0027843221246519594,2.945767548198842e-20,dissociated,post
1725,Exploration & Invention,Culture (periphery),Exploration & Invention + Culture (periphery),15102,7906,31,19.739589703434298,0.638171784569482,0.07914085234523055,1.041398802136251,0.24576534659610882,0.012993503248375811,0.0039210726030862635,-0.07433313185028485,0.1873915153601255,-0.4416205019561308,0.2929542382555611,0.6916087024613544,0.01876839358098728,0.7289929566484546,associated,post
1725,Exploration & Invention,Sport & Games,Exploration & Invention + Sport & Games,15102,7906,2,1.1154690504430858,0.6299749835288956,-1.7933821633498435,1.794111262307536,1.0052289874810412,0.5022488755622189,0.00025297242600556537,-0.11982058348387196,0.6428275743898407,-1.3797626292879597,1.1401214623202158,0.852134113206396,0.5293974634304469,0.8632007900012841,not distinguishable,post
1725,Culture (core),Culture (periphery),Culture (core) + Culture (periphery),15102,7906,410,136.48715728100254,1.5833415769596115,1.4841170362290053,1.6778233759010575,0.04916973982065175,0.0004997501249375312,0.051859347331140906,0.4002274081393783,0.06470650405163493,0.27340266019817383,0.5270521560805828,6.199499122420782e-10,0.0012181409295352324,1.2089023288720527e-09,associated,post
1725,Culture (core),Sport & Games,Culture (core) + Sport & Games,15102,7906,14,7.712784410277181,0.8201095680254266,0.014964766645059404,1.3816592942320898,0.33543017948474296,0.022988505747126436,0.0017708069820389577,-0.7790834536673868,0.28613189020509766,-1.3399019584693783,-0.2182649488653955,0.0064728806107688,0.03201970443349754,0.008014042660951848,associated,post
1725,Culture (periphery),Sport & Games,Culture (periphery) + Sport & Games,15102,7906,3,2.6058229243139746,0.17237934394106347,-2.569456147953515,1.1687537842990796,0.8830703505185493,0.8095952023988006,0.0003794586390083481,-0.7390802444345071,0.5456421090511232,-1.8085387781747086,0.33037828930569424,0.17557223449601556,0.8309003393040322,0.19288217310829878,not distinguishable,post
1750,Politics,Administration & Law,Politics + Administration & Law,22176,11190,1093,480.89826138547613,1.1836503838786592,1.1326649657117822,1.2367009316793518,0.027397140324472637,0.0004997501249375312,0.09767649687220732,0.744188735121354,0.04504765924420475,0.6558953230027127,0.8324821472399953,2.632619658241662e-61,0.0009507441401250595,2.0534433334284963e-60,associated,post
1750,Politics,Military,Politics + Military,22176,11190,1462,696.2831415317931,1.0696550008169827,1.0216725674266234,1.1152247328279474,0.024186992528772006,0.0004997501249375312,0.13065236818588025,0.053267495155312414,0.03593566996582644,-0.01716641797770742,0.12370140828833225,0.1382601066791811,0.0009507441401250595,0.15629403363733516,associated,post
1750,Politics,Religion,Politics + Religion,22176,11190,197,269.7108262694973,-0.4522328255648832,-0.6449132976283182,-0.2918205401765292,0.09016549756292744,0.0004997501249375312,0.017605004468275245,-1.5137000968335976,0.07671634400171935,-1.6640641310769675,-1.3633360625902278,1.1653793110570122e-86,0.0009507441401250595,1.817991725248939e-85,dissociated,post
1750,Politics,Nobility,Politics + Nobility,22176,11190,470,398.68569025475654,0.23713471813164888,0.12974382880845123,0.340155408080718,0.05382892455965303,0.0004997501249375312,0.0420017873100983,-0.39880366476461987,0.05546253621985724,-0.5075102357555401,-0.2900970937736997,6.455193609905887e-13,0.0009507441401250595,1.2280612233479493e-12,associated,post
1750,Politics,Kinship,Politics + Kinship,22176,11190,183,276.114906776002,-0.5920988423437297,-0.7777150515480366,-0.42271151125405826,0.0929057982578135,0.0004997501249375312,0.016353887399463807,-1.0233956905399233,0.08171865228843177,-1.1835642490252496,-0.863227132054597,5.5598569049013255e-36,0.0009507441401250595,2.2824675714858074e-35,dissociated,post
1750,Politics,Big business,Politics + Big business,22176,11190,240,166.0395496608509,0.5301720661042498,0.39114748895579177,0.6692734628714099,0.07184525191731053,0.0004997501249375312,0.021447721179624665,-0.3252977847556658,0.07668610878503662,-0.4756025579743376,-0.174993011536994,2.2159706792591253e-05,0.0009507441401250595,3.0323809295124873e-05,associated,post
1750,Politics,Small business,Politics + Small business,22176,11190,241,362.9234156157734,-0.5896281873201352,-0.7569726274855869,-0.43174343556173467,0.08134483076419755,0.0004997501249375312,0.02153708668453977,-1.1325729778578555,0.0711671463489736,-1.2720605847018438,-0.9930853710138672,5.04543354527232e-57,0.0009507441401250595,3.2795318044270076e-56,dissociated,post
1750,Politics,Academia,Politics + Academia,22176,11190,278,651.1201915168748,-1.226353981255053,-1.3861809238986293,-1.0839477183072788,0.07639944540717608,0.0004997501249375312,0.02484361036639857,-2.180170073900632,0.06390920012926607,-2.3054321061539937,-2.0549080416472707,4.643672352130748e-255,0.0009507441401250595,1.8110322173309917e-253,dissociated,post
1750,Politics,Exploration & Invention,Politics + Exploration & Invention,22176,11190,57,137.8502367013012,-1.26669125106518,-1.6698404231775896,-0.9481406350256891,0.18164291858844225,0.0004997501249375312,0.005093833780160858,-1.7656591853400405,0.13832460808901975,-2.0367754171945194,-1.4945429534855619,2.5845357946603444e-37,0.0009507441401250595,1.1199655110194826e-36,dissociated,post
1750,Politics,Culture (core),Politics + Culture (core),22176,11190,239,789.7446520594017,-1.7222737108358448,-1.9024954234188824,-1.5657095659008982,0.0868821961232237,0.0004997501249375312,0.02135835567470956,-2.825413621393184,0.06788266907969955,-2.9584636527893955,-2.692363589996973,0.0,0.0009507441401250595,0.0,dissociated,post
1750,Politics,Culture (periphery),Politics + Culture (periphery),22176,11190,71,284.5917731006483,-1.9954112609914378,-2.332160184365416,-1.7102183458726843,0.16204411053519288,0.0004997501249375312,0.006344950848972296,-2.3286514581608424,0.12221177498299718,-2.568186537127517,-2.089116379194168,6.0599796874188235e-81,0.0009507441401250595,7.87797359364447e-80,dissociated,post
1750,Politics,Sport & Games,Politics + Sport & Games,22176,11190,11,28.037354843048607,-1.3112177549449247,-2.2427744770043123,-0.6558209104163466,0.4180505828955121,0.004997501249375313,0.0009830205540661305,-2.413750490547841,0.30181200549584425,-3.0053020213196957,-1.822198959775986,1.2694011832023748e-15,0.007496251874062969,2.828951208279578e-15,dissociated,post
1750,Administration & Law,Military,Administration & Law + Military,22176,11190,119,243.307525986974,-1.0287320423562958,-1.289941073236885,-0.807122046359099,0.12433813036893239,0.0004997501249375312,0.010634495084897229,-1.5364717425534196,0.09563643595534875,-1.7239191570259031,-1.349024328080936,4.434177153682316e-58,0.0009507441401250595,3.1442347089747333e-57,dissociated,post
1750,Administration & Law,Religion,Administration & Law + Religion,22176,11190,23,94.24711005808194,-2.0114211826047126,-2.6938802695189383,-1.5239748333194514,0.2977319017804252,0.0004997501249375312,0.002055406613047364,-2.2435257624856613,0.20883216600632798,-2.652836807858064,-1.8342147171132583,6.379399497068093e-27,0.0009507441401250595,2.163448525092658e-26,dissociated,post
1750,Administration & Law,Nobility,Administration & Law + Nobility,22176,11190,103,139.31577996975614,-0.4338964284634791,-0.7226161427071546,-0.19436015006299112,0.13251638163950039,0.0029985007496251873,0.009204647006255586,-0.6696407476938177,0.10375059860263504,-0.8729919209549823,-0.46628957443265295,1.0869770462295585e-10,0.004872563718140929,1.8431349914327297e-10,dissociated,post
1750,Administration & Law,Kinship,Administration & Law + Kinship,22176,11190,40,96.48493672846661,-1.2598387836871447,-1.7722838976009985,-0.8790889628081446,0.22342718694573518,0.0004997501249375312,0.0035746201966041107,-1.1727116647223879,0.16152256034292276,-1.4892958829945164,-0.8561274464502593,3.8606623994062087e-13,0.0009507441401250595,7.528291678842108e-13,dissociated,post
1750,Administration & Law,Big business,Administration & Law + Big business,22176,11190,24,58.0204655753945,-1.2561594980448787,-1.8786363001771418,-0.7706274071683685,0.28320596217123695,0.0009995002498750624,0.0021447721179624667,-1.419696979498435,0.20606403360254483,-1.823582485359423,-1.0158114736374473,5.595289274338541e-12,0.001771841352051247,1.0391251509485861e-11,dissociated,post
1750,Administration & Law,Small business,Administration & Law + Small business,22176,11190,37,126.81909572297779,-1.7634863147378537,-2.2837865203277254,-1.3480125411856498,0.23432923482089166,0.0004997501249375312,0.0033065236818588025,-1.6372192555598302,0.1667252673956675,-1.9640007796553385,-1.3104377314643219,9.246928577728975e-23,0.0009507441401250595,2.575930103795929e-22,dissociated,post
1750,Administration & Law,Academia,Administration & Law + Academia,22176,11190,217,227.5258920812199,-0.06818224911426678,-0.25783529317462256,0.0939954428153023,0.08922293875764983,0.4427786106946527,0.0193923145665773,-0.8033805739747778,0.07358718972270735,-0.9476114658312842,-0.6591496821182714,9.518456587191546e-28,0.47310591279702613,3.3747255172770025e-27,not distinguishable,post
1750,Administration & Law,Exploration & Invention,Administration & Law + Exploration & Invention,22176,11190,10,48.17005905776463,-2.2126451973371495,-3.401457750908192,-1.4918713125402743,0.47401868644463047,0.0004997501249375312,0.0008936550491510277,-2.035848374305242,0.31172558045950965,-2.646830512005881,-1.4248662366046032,6.537594654522338e-11,0.0009507441401250595,1.1589372342107781e-10,dissociated,post
1750,Administration & Law,Culture (core),Administration & Law + Culture (core),22176,11190,192,275.9664940778159,-0.5222462000888586,-0.7158101647947595,-0.34207683059081856,0.09674273330185362,0.0004997501249375312,0.017158176943699734,-1.3685519341526553,0.07707148651019113,-1.5196120477126298,-1.2174918205926808,1.5237970778640145e-70,0.0009507441401250595,1.4857021509174142e-69,dissociated,post
1750,Administration & Law,Culture (periphery),Administration & Law + Culture (periphery),22176,11190,38,99.44707274835444,-1.3763058681030798,-1.8541873378365095,-0.9694707271536386,0.2263882596489621,0.0004997501249375312,0.0033958891867739054,-1.4466196948099206,0.1649410495286658,-1.7699041518861056,-1.1233352377337356,1.778342197039839e-18,0.0009507441401250595,4.334709105284608e-18,dissociated,post
1750,Administration & Law,Sport & Games,Administration & Law + Sport & Games,22176,11190,4,9.797306634587782,-1.19427012861548,-2.8479249963244535,-0.24171224673060857,0.7424280297451635,0.08745627186406797,0.00035746201966041106,-1.8809040764068274,0.4759695854240932,-2.81380446383805,-0.9480036889756048,7.758771599710672e-05,0.09886361167242468,0.00010086403079623874,not distinguishable,post
1750,Military,Religion,Military + Religion,22176,11190,31,136.458538407841,-2.120315477076484,-2.6705606942628686,-1.691489850904166,0.24952516467718142,0.0004997501249375312,0.002770330652368186,-2.722647285475063,0.180539881871153,-3.0765054539425227,-2.368789117007603,2.1733015230672125e-51,0.0009507441401250595,1.3039809138403274e-50,dissociated,post
1750,Military,Nobility,Military + Nobility,22176,11190,396,201.71257983513163,0.9714481144785393,0.8539693185567487,1.0898809978653723,0.059905306099381765,0.0004997501249375312,0.0353887399463807,0.15290201642271042,0.05944739908384891,0.03638511421836656,0.2694189186270543,0.01010966509521876,0.0009507441401250595,0.011947786021622171,associated,post
1750,Military,Kinship,Military + Kinship,22176,11190,138,139.6986436637219,-0.017586415947913474,-0.24949842568296532,0.18555102043661625,0.11074491450393409,0.8810594702648675,0.012332439678284183,-0.6008378764136598,0.09215849696791407,-0.7814685304707714,-0.4202072223565482,7.04882979394753e-11,0.8925018010475282,1.2217971642842385e-10,not distinguishable,post
1750,Military,Big business,Military + Big business,22176,11190,40,84.00669182621637,-1.0611436805246712,-1.5391557456406915,-0.6763229546844959,0.2179234959234599,0.0004997501249375312,0.0035746201966041107,-1.666754866657435,0.16169924652216466,-1.9836853898408777,-1.3498243434739923,6.500764402666692e-25,0.0009507441401250595,1.9502293208000075e-24,dissociated,post
1750,Military,Small business,Military + Small business,22176,11190,47,183.61887631245867,-1.9546381242985835,-2.381277928339788,-1.5991673763879874,0.20165764244207934,0.0004997501249375312,0.0042001787310098305,-2.1721619443851123,0.14823450274430183,-2.462701569763944,-1.8816223190062806,1.2785391182255337e-48,0.0009507441401250595,6.648403414772775e-48,dissociated,post
1750,Military,Academia,Military + Academia,22176,11190,108,329.4302675616205,-1.6044660930930632,-1.8795865203002242,-1.3448643422561934,0.133519526885487,0.0004997501249375312,0.0096514745308311,-2.4017255549114784,0.09888702202469114,-2.5955441180798733,-2.2079069917430836,2.652675254038668e-130,0.0009507441401250595,5.172716745375403e-129,dissociated,post
1750,Military,Exploration & Invention,Military + Exploration & Invention,22176,11190,134,69.74448182009029,0.9371493713532002,0.7190576389779306,1.1306014519846666,0.10655609960442958,0.0004997501249375312,0.011974977658623771,-0.022194268636638686,0.09733696067596662,-0.21297471156153325,0.1685861742882559,0.8196347267162141,0.0009507441401250595,0.8196347267162141,associated,post
1750,Military,Culture (core),Military + Culture (core),22176,11190,130,399.56646318584484,-1.6161898885632953,-1.8615867432444013,-1.4010400725488574,0.11905664645199432,0.0004997501249375312,0.01161751563896336,-2.63888630672336,0.09037183660751996,-2.816015106474099,-2.4617575069726207,1.9213075347967952e-187,0.0009507441401250595,4.995399590471668e-186,dissociated,post
1750,Military,Culture (periphery),Military + Culture (periphery),22176,11190,23,143.98746219184451,-2.620211647304534,-3.3029758822327713,-2.1134333092222852,0.3065751608469693,0.0004997501249375312,0.002055406613047364,-2.734666357796147,0.2087144217840137,-3.143746624492814,-2.3255860910994803,3.188768861739828e-39,0.0009507441401250595,1.4630821836218033e-38,dissociated,post
1750,Military,Sport & Games,Military + Sport & Games,22176,11190,14,14.185327729045282,-0.018322562071687098,-0.8311144889430138,0.5752948442754819,0.36445894577333293,0.960519740129935,0.0012511170688114387,-1.4336073657427346,0.2706154397125705,-1.964013627579373,-0.9032011039060964,1.1734648996199465e-07,0.960519740129935,1.726986078685959e-07,not distinguishable,post
1750,Religion,Nobility,Religion + Nobility,22176,11190,42,78.13497603374208,-0.8877083099965808,-1.3707347164995607,-0.5155748518158128,0.21817592374049602,0.0014992503748125937,0.0037533512064343165,-1.4135221977949162,0.15714574353759833,-1.7215278551286088,-1.1055165404612235,2.36283748676686e-19,0.0025422071572909198,5.945203998961777e-19,dissociated,post
1750,Religion,Kinship,Religion + Kinship,22176,11190,52,54.11338342671919,-0.05693711513107898,-0.4496626572217791,0.27783505837396794,0.18965201885603336,0.768615692153923,0.004647006255585344,-0.6836956789773958,0.14336836226430597,-0.9646976690154354,-0.40269368893935614,1.8532247272337221e-06,0.7888424208948157,2.5812772986469703e-06,not distinguishable,post
1750,Religion,Big business,Religion + Big business,22176,11190,11,32.54066185599479,-1.52260872530919,-2.5900394419216495,-0.8414800403900506,0.4504386894363234,0.0034982508745627187,0.0009830205540661305,-1.9887980756243093,0.2977852084722652,-2.5724570842299492,-1.4051390670186694,2.411815359056745e-11,0.005457271364317842,4.374920883870374e-11,dissociated,post
1750,Religion,Small business,Religion + Small business,22176,11190,52,71.12623571491216,-0.4481707010649157,-0.8573966268076696,-0.09971778905472677,0.18892949696156935,0.01899050474762619,0.004647006255585344,-1.0705422245258662,0.14242108895086678,-1.3496875588695652,-0.7913968901821673,5.615915775834424e-14,0.025987006496751626,1.1231831551668848e-13,dissociated,post
1750,Religion,Academia,Religion + Academia,22176,11190,387,127.60744065518813,1.5968420385746471,1.477732708285269,1.7039936222527492,0.05658090680545909,0.0004997501249375312,0.03458445040214477,0.1730937640051118,0.05996451221460143,0.05556332006449301,0.29062420794573063,0.0038942478191370798,0.0009507441401250595,0.004821449680836384,associated,post
1750,Religion,Exploration & Invention,Religion + Exploration & Invention,22176,11190,11,27.016081098921106,-1.2586411516848588,-2.298608720639396,-0.5818795779887806,0.43575578411538557,0.011494252873563218,0.0009830205540661305,-1.734639220165122,0.29830563506879604,-2.3193182648999624,-1.1499601754302817,6.064366569971399e-09,0.01600985221674877,9.653481478729982e-09,dissociated,post
1750,Religion,Culture (core),Religion + Culture (core),22176,11190,262,154.77525521923627,0.7574894836966114,0.6129366299192125,0.8988498458485011,0.07394389919511961,0.0004997501249375312,0.023413762287756927,-0.7642156953048744,0.06852066135078588,-0.8985161915524148,-0.6299151990573341,6.917806735100743e-29,0.0009507441401250595,2.5694710730374186e-28,associated,post
1750,Religion,Culture (periphery),Religion + Culture (periphery),22176,11190,32,55.774691477916726,-0.7920465240847686,-1.316950527639952,-0.3577989386543751,0.2515449202830554,0.0034982508745627187,0.0028596961572832885,-1.412395550171165,0.1791398076297791,-1.763509573125532,-1.061281527216798,3.1625316220098537e-15,0.005457271364317842,6.491512276757068e-15,dissociated,post
1750,Religion,Sport & Games,Religion + Sport & Games,22176,11190,7,5.494799794071588,0.3231790222731221,-0.9341808354225084,1.138919687550144,0.5438629450487303,0.5287356321839081,0.0006255585344057193,-1.1495421579249938,0.37120822173680246,-1.8771102725291267,-0.42197404332086097,0.0019564929747536127,0.5573159366262814,0.002461394387593255,not distinguishable,post
1750,Nobility,Kinship,Nobility + Kinship,22176,11190,278,79.99023221242402,1.7907917049858644,1.6462945781282097,1.923393123666388,0.07006988895505122,0.0004997501249375312,0.02484361036639857,1.3634423426203315,0.07354452907337372,1.219295065636519,1.507589619604144,1.0005696360555497e-76,0.0009507441401250595,1.1149204516047554e-75,associated,post
1750,Nobility,Big business,Nobility + Big business,22176,11190,21,48.10150342441458,-1.1766642826047895,-1.857193124214103,-0.6588697740030108,0.30970552282108454,0.0024987506246876563,0.0018766756032171583,-1.3410131827847236,0.21965710608055988,-1.7715411107026209,-0.9104852548668263,1.027814903296898e-09,0.0041468627388433444,1.7057353714288947e-09,dissociated,post
1750,Nobility,Small business,Nobility + Small business,22176,11190,46,105.13857665056317,-1.1838341468802491,-1.633104691379034,-0.8053614990350215,0.2115269695952046,0.0004997501249375312,0.004110813226094728,-1.1944247148266907,0.15079722870434306,-1.4899872830872032,-0.8988621465661782,2.361128457255909e-15,0.0009507441401250595,5.11577832405447e-15,dissociated,post
1750,Nobility,Academia,Nobility + Academia,22176,11190,61,188.62891513454332,-1.62071163224023,-2.0031898716537593,-1.3154342635266303,0.176245436878803,0.0004997501249375312,0.005451295799821269,-1.968288380397357,0.13088915306943455,-2.2248311204134485,-1.7117456403812652,4.1495161820427186e-51,0.0009507441401250595,2.3118733014238005e-50,dissociated,post
1750,Nobility,Exploration & Invention,Nobility + Exploration & Invention,22176,11190,17,39.93508562440665,-1.2082527444185627,-1.9983514894190657,-0.6438064039348069,0.3507396264836664,0.00399800099950025,0.0015192135835567471,-1.2977724592850195,0.2432882710985131,-1.774617470638105,-0.8209274479319338,9.591419619455611e-08,0.006114589763941559,1.4387129429183418e-07,dissociated,post
1750,Nobility,Culture (core),Nobility + Culture (core),22176,11190,128,228.78829268714446,-0.8353943342985506,-1.090196495612126,-0.6169994481862532,0.12003683368076944,0.0004997501249375312,0.011438784629133154,-1.5883352254799703,0.09282827721042815,-1.7702786488124094,-1.4063918021475312,1.240001143249885e-65,0.0009507441401250595,1.0746676574832339e-64,dissociated,post
1750,Nobility,Culture (periphery),Nobility + Culture (periphery),22176,11190,28,82.44597251873141,-1.5412100128583677,-2.1609892977139613,-1.100250440796062,0.262959982910411,0.0004997501249375312,0.0025022341376228774,-1.544178606952918,0.19081067317432182,-1.9181675263745888,-1.1701896875312472,5.834373215675683e-16,0.0009507441401250595,1.338473855360892e-15,dissociated,post
1750,Nobility,Sport & Games,Nobility + Sport & Games,22176,11190,9,8.12239567469999,0.13983874531019602,-1.0170716463860956,0.8226398205347822,0.46991942379910506,0.7406296851574213,0.0008042895442359249,-0.899434242188221,0.33129817665264416,-1.5487786684274036,-0.25008981594903845,0.006630012257093921,0.7702548725637183,0.007956014708512706,not distinguishable,post
1750,Kinship,Big business,Kinship + Big business,22176,11190,44,33.31331537214438,0.39621385766332234,-0.038020118720626106,0.7517629935304362,0.2016607583940518,0.051974012993503245,0.003932082216264522,-0.07071235992263357,0.15677556773970677,-0.37799247269245884,0.23656775284719167,0.6519593048576203,0.06236881559220389,0.6780376770519251,not distinguishable,post
1750,Kinship,Small business,Kinship + Small business,22176,11190,49,72.81507463155167,-0.5666813424733776,-0.9945894562259778,-0.23444984975966474,0.19678323315495533,0.005997001499250375,0.004378909740840035,-0.6227304522837872,0.1475548154620267,-0.9119378905893596,-0.3335230139782149,2.4394174603773077e-05,0.008825775791349608,3.2805958949901727e-05,dissociated,post
1750,Kinship,Academia,Kinship + Academia,22176,11190,102,130.6373832588576,-0.35545510271042463,-0.6290749037419401,-0.11388847555307545,0.13304427339428765,0.009495252373813094,0.009115281501340482,-0.8923686085672944,0.10490176274778595,-1.097976063552955,-0.6867611535816339,1.7894226110688927e-17,0.013465994275589479,4.2295443534355645e-17,dissociated,post
1750,Kinship,Exploration & Invention,Kinship + Exploration & Invention,22176,11190,16,27.657557604409522,-0.7710561750999168,-1.6559974262187251,-0.21722900247030305,0.36394176258660244,0.04047976011994003,0.0014298480786416443,-0.8656126865603477,0.2509352654943873,-1.357445806929347,-0.37377956619134856,0.0005615305057946709,0.05011779824373527,0.0007180226139669563,not distinguishable,post
1750,Kinship,Culture (core),Kinship + Culture (core),22176,11190,178,158.4502771252846,0.1673485424785472,-0.028212968725144796,0.34212905476098376,0.09615837439703609,0.08545727136431784,0.01590705987488829,-0.6553749606066285,0.0828400339316448,-0.8177414271126523,-0.49300849410060466,2.5465066823984344e-15,0.09886361167242468,5.3683113845156185e-15,not distinguishable,post
1750,Kinship,Culture (periphery),Kinship + Culture (periphery),22176,11190,40,57.09901953471166,-0.5081223459542092,-0.9867730448991717,-0.11106415075992937,0.21859888593894977,0.019490254872563718,0.0035746201966041107,-0.6748001300297743,0.16233230892041595,-0.9929714555137896,-0.3566288045457591,3.225868052167497e-05,0.026211032414827067,4.264706916424827e-05,dissociated,post
1750,Kinship,Sport & Games,Kinship + Sport & Games,22176,11190,12,5.625269678188136,1.0290828265052538,0.054635363754926905,1.6669615508419144,0.4107098440764502,0.020989505247376312,0.0010723860589812334,-0.12039490138134683,0.2913058948382969,-0.6913544552644086,0.450564652501715,0.6793914192167951,0.027748837445683936,0.6972701407751319,associated,post
1750,Big business,Small business,Big business + Small business,22176,11190,145,43.78677827109218,1.7160711986725454,1.4985262736081384,1.9069285521379016,0.10538679709295316,0.0004997501249375312,0.012957998212689902,0.9258248198129102,0.09438804219872221,0.7408242571034147,1.1108253825224057,1.0328162004480062e-22,0.0009507441401250595,2.7779194356877406e-22,associated,post
1750,Big business,Academia,Big business + Academia,22176,11190,39,78.55777342282168,-1.001054670485444,-1.5027321818822408,-0.6223439110490595,0.2255957228742438,0.0009995002498750624,0.003485254691689008,-1.639334788576611,0.16364651234301936,-1.9600819527689288,-1.3185876243842931,1.2764581590795699e-23,0.001771841352051247,3.6875457928965354e-23,dissociated,post
1750,Big business,Exploration & Invention,Big business + Exploration & Invention,22176,11190,34,16.631656953895128,1.009931667937571,0.48394517901182976,1.4554942276253404,0.24286832024930177,0.0014992503748125937,0.0030384271671134943,0.19449130422921998,0.1779588852573525,-0.15430811087519095,0.5432907193336309,0.274437613219216,0.0025422071572909198,0.29323471001505275,associated,post
1750,Big business,Culture (core),Big business + Culture (core),22176,11190,70,95.28284062860266,-0.44214396465705313,-0.7830592109509178,-0.1574701324594106,0.16012776608401136,0.0079960019990005,0.006255585344057194,-1.4210978659936337,0.12502558673270267,-1.666148015989731,-1.1760477159975364,6.143132645357356e-30,0.011549780665222944,2.3958217316893687e-29,dissociated,post
1750,Big business,Culture (periphery),Big business + Culture (periphery),22176,11190,20,34.336050886636336,-0.7649571754807907,-1.506836878278437,-0.20046103885139935,0.32769596346026464,0.025487256371814093,0.0017873100983020554,-1.1123570072477231,0.2251149355030042,-1.5535822808336115,-0.6711317336618349,7.760944858435235e-07,0.03313343328335832,1.1006430890144515e-06,dissociated,post
1750,Big business,Sport & Games,Big business + Sport & Games,22176,11190,6,3.382712128776584,0.7433749709209658,-0.705481130825789,1.5626189106070505,0.6056677402415404,0.18990504747626186,0.0005361930294906167,-0.5312736247257225,0.3985774637876792,-1.3124854537495736,0.24993820429812874,0.1825566160823653,0.2116084814735489,0.2005551556961196,not distinguishable,post
1750,Small business,Academia,Small business + Academia,22176,11190,268,171.7088218560901,0.6407630376824731,0.48246568128192,0.7804246008755568,0.07599959660296712,0.0004997501249375312,0.023949955317247543,-0.16801879494244085,0.06905091679937812,-0.303358591869222,-0.03267899801565974,0.014963574976206609,0.0009507441401250595,0.017420281315583815,associated,post
1750,Small business,Exploration & Invention,Small business + Exploration & Invention,22176,11190,72,36.35289159351793,0.9762031729859936,0.6395568915752164,1.2624703741427874,0.15667301597578923,0.0004997501249375312,0.006434316353887399,0.36068575689264215,0.1266790625404853,0.11239479431329097,0.6089767194719933,0.004410003259269285,0.0009507441401250595,0.005374691472234441,associated,post
1750,Small business,Culture (core),Small business + Culture (core),22176,11190,331,208.26588629720482,0.667122884918141,0.5284547426157565,0.7949119299115659,0.06691507973714284,0.0004997501249375312,0.029579982126899017,-0.31881242873220195,0.06347620845715514,-0.44322579730822603,-0.19439906015617786,5.098992559440234e-07,0.0009507441401250595,7.365211474747005e-07,associated,post
1750,Small business,Culture (periphery),Small business + Culture (periphery),22176,11190,164,75.0505339961978,1.122573726357261,0.9317175309089953,1.3014079224613881,0.09692140016004035,0.0004997501249375312,0.014655942806076854,0.5240209676257496,0.08715453120528699,0.3531980864633871,0.6948438487881121,1.8262759284781933e-09,0.0009507441401250595,2.967698383777064e-09,associated,post
1750,Small business,Sport & Games,Small business + Sport & Games,22176,11190,13,7.393813355481312,0.7741650941947873,-0.0672111938780752,1.3888561890344158,0.37995903587763125,0.044977511244377814,0.001161751563896336,-0.41318813790050535,0.2805247046156359,-0.9630165589471517,0.13664028314614096,0.1407748291934306,0.054816341829085465,0.15686338110125125,not distinguishable,post
1750,Academia,Exploration & Invention,Academia + Exploration & Invention,22176,11190,141,65.22065184579628,1.1063833583133496,0.8960732263123989,1.2997322956272859,0.10144123073309737,0.0004997501249375312,0.01260053619302949,0.09768480383809505,0.09559770573214915,-0.08968669939691729,0.28505630707310736,0.3068603765003062,0.0009507441401250595,0.32344742387870107,associated,post
1750,Academia,Culture (core),Academia + Culture (core),22176,11190,764,373.64942006341556,1.0309019626648679,0.9548530072795012,1.1075293647868931,0.03950157288461588,0.0004997501249375312,0.06827524575513852,-0.46608430600637657,0.043475093278282397,-0.55129548883181,-0.3808731231809431,8.136736095690288e-27,0.0009507441401250595,2.644439231099344e-26,associated,post
1750,Academia,Culture (periphery),Academia + Culture (periphery),22176,11190,122,134.64801654127322,-0.14175858952550918,-0.38487570029795165,0.07666052158032918,0.11862154600506229,0.2273863068465767,0.010902591599642538,-0.9258018071425224,0.0961321979958941,-1.1142209152144749,-0.7373826990705699,5.943548462005923e-22,0.24980467512722512,1.54532260012154e-21,not distinguishable,post
1750,Academia,Sport & Games,Academia + Sport & Games,22176,11190,5,13.26522610808301,-1.3235247841371114,-3.1803734999848245,-0.4534480470309679,0.6901500906872562,0.05297351324337831,0.00044682752457551384,-2.387618584706276,0.4312276099567193,-3.232824700221446,-1.542412469191106,3.080579474450366e-08,0.06260506110581074,4.711474490335854e-08,not distinguishable,post
1750,Exploration & Invention,Culture (core),Exploration & Invention + Culture (core),22176,11190,43,79.10622596275431,-0.8718658666710748,-1.338814036841323,-0.5148140875246446,0.21218968662013402,0.0009995002498750624,0.003842716711349419,-1.6756411495005672,0.15727030371461032,-1.9838909447812034,-1.367391354219931,1.6608166681009737e-26,0.001771841352051247,5.181748004475038e-26,dissociated,post
1750,Exploration & Invention,Culture (periphery),Exploration & Invention + Culture (periphery),22176,11190,37,28.50665851466563,0.37050648490468385,-0.10351944731753017,0.7544978980506419,0.22425066761961598,0.08745627186406797,0.0033065236818588025,-0.2136479158397193,0.1700760746141609,-0.5469970220834747,0.11970119040403607,0.20904698137250244,0.09886361167242468,0.22646756315354433,not distinguishable,post
1750,Exploration & Invention,Sport & Games,Exploration & Invention + Sport & Games,22176,11190,7,2.8084132280332335,1.180751154085491,-0.2950268265066956,1.9624739557992636,0.5495877434893304,0.0399800099950025,0.0006255585344057193,-0.13096195188191384,0.3723902099910965,-0.860846763464463,0.5989228597006353,0.7250787389650419,0.05011779824373527,0.734495345964588,not distinguishable,post
1750,Culture (core),Culture (periphery),Culture (core) + Culture (periphery),22176,11190,582,163.31478021922237,1.8301925194852193,1.7493491925663507,1.9091088704308747,0.04111636496276429,0.0004997501249375312,0.05201072386058981,0.7726932354820856,0.056259503227666686,0.6624246091558589,0.8829618618083123,6.313520340796162e-43,0.0009507441401250595,3.0778411661381286e-42,associated,post
1750,Culture (core),Sport & Games,Culture (core) + Sport & Games,22176,11190,24,16.08941254426726,0.5625189500032769,-0.017859947468555296,1.0279402334588938,0.26983437380270014,0.03798100949525238,0.0021447721179624667,-1.2131764867635118,0.21259746473957963,-1.629867517653088,-0.7964854558739356,1.1535777913814012e-08,0.04856588099392927,1.7995813545549858e-08,associated,post
1750,Culture (periphery),Sport & Games,Culture (periphery) + Sport & Games,22176,11190,8,5.7979682827613805,0.4325763493245061,-0.8131980835961755,1.170382022691694,0.5131304686325802,0.36881559220389803,0.0007149240393208221,-0.739691755762775,0.34969245762535334,-1.4250889727084677,-0.05429453881708246,0.03440747994214094,0.3995502248875562,0.03946740346304402,not distinguishable,post
1775,Politics,Administration & Law,Politics + Administration & Law,24522,12876,1259,497.3546590649201,1.339054585610128,1.2864128520892641,1.3961273648725385,0.026867836790205678,0.0004997501249375312,0.09777881329605467,0.9315580793056908,0.041730702284807054,0.849765902827469,1.0133502557839127,2.2052787339751516e-110,0.0007796101949025487,3.440234825001236e-109,associated,post
1775,Politics,Military,Politics + Military,24522,12876,1056,542.6761190109731,0.9598008099372917,0.901788733840343,1.0193609100920589,0.029891765466952623,0.0004997501249375312,0.08201304753028892,0.08573852518534889,0.039816667110733596,0.007697857648311032,0.16377919272238672,0.03129255266607089,0.0007796101949025487,0.035374189970341,associated,post
1775,Politics,Religion,Politics + Religion,24522,12876,197,268.3579643443502,-0.4449915557233467,-0.6225590982219055,-0.284298202158161,0.08898044389053386,0.0004997501249375312,0.015299782541161851,-1.3635339935961464,0.07635130166654387,-1.5131825448625724,-1.2138854423297203,2.4739088037602076e-71,0.0007796101949025487,1.929648866932962e-70,dissociated,post
1775,Politics,Nobility,Politics + Nobility,24522,12876,445,322.00953735503765,0.4660836067419599,0.3527459336596549,0.5723045533716858,0.05612029897912039,0.0004997501249375312,0.03456042249145697,-0.14573844237499428,0.05687927157614192,-0.25722181466423244,-0.03425507008575612,0.010399891003122889,0.0007796101949025487,0.012107335794680377,associated,post
1775,Politics,Kinship,Politics + Kinship,24522,12876,187,288.2648064648391,-0.6230043272517343,-0.8097531377724845,-0.44975384763582493,0.09396389845108147,0.0004997501249375312,0.01452314383348866,-1.0177947223711965,0.07963328202826424,-1.1738759551465945,-0.8617134895957986,2.0930126096354483e-37,0.0007796101949025487,7.0980427631115205e-37,dissociated,post
1775,Politics,Big business,Politics + Big business,24522,12876,376,220.1032405856737,0.7711958811186674,0.6566859612308026,0.8785311979145548,0.05692428853415818,0.0004997501249375312,0.02920161540851196,-0.045772349417733865,0.062249211358306585,-0.16778080368001477,0.07623610484454704,0.462151875392219,0.0007796101949025487,0.4681538477999102,associated,post
1775,Politics,Small business,Politics + Small business,24522,12876,301,394.32999320845977,-0.38907358597068237,-0.5384069792610638,-0.25513135402466763,0.07421405654170256,0.0004997501249375312,0.023376825100963033,-0.8738857056687743,0.06411765627581048,-0.9995563119693629,-0.7482150993681858,2.677429210090361e-42,0.0007796101949025487,1.3052467399190508e-41,dissociated,post
1775,Politics,Academia,Politics + Academia,24522,12876,396,756.0313160376653,-0.9320789370112936,-1.069146491747855,-0.812446634349333,0.06508984104528832,0.0004997501249375312,0.03075489282385834,-1.9335076886543399,0.05429849951299914,-2.0399327476998184,-1.8270826296088616,1.0216598443743809e-277,0.0007796101949025487,3.984473393060085e-276,dissociated,post
1775,Politics,Exploration & Invention,Politics + Exploration & Invention,24522,12876,83,175.25522103214416,-1.073719444324244,-1.383610792872993,-0.801308450841936,0.1500403281106581,0.0004997501249375312,0.006446101273687481,-1.5227177361927506,0.11515150688739724,-1.7484146896920492,-1.2970207826934521,6.411802460872627e-40,0.0007796101949025487,2.3815266283241187e-39,dissociated,post
1775,Politics,Culture (core),Politics + Culture (core),24522,12876,245,849.5008783633372,-1.7917413075454014,-1.9606075027222865,-1.6346125668952118,0.08345586651906879,0.0004997501249375312,0.019027648337993166,-2.7942781688161316,0.0668235591094957,-2.925252344670743,-2.66330399296152,0.0,0.0007796101949025487,0.0,dissociated,post
1775,Politics,Culture (periphery),Politics + Culture (periphery),24522,12876,70,288.7089053427979,-2.036416813925288,-2.398979661882234,-1.7282547814132372,0.1669761682352296,0.0004997501249375312,0.005436470953712333,-2.348235714101506,0.12239454187967601,-2.5881290161856714,-2.108342412017341,4.865114976638721e-82,0.0007796101949025487,4.743487102222752e-81,dissociated,post
1775,Politics,Sport & Games,Politics + Sport & Games,24522,12876,23,35.40735891694162,-0.6116187860046782,-1.2463320924375152,-0.13831825837518505,0.28418234913584167,0.033483258370814596,0.001786269027648338,-2.108653125010606,0.21177876346096122,-2.52373950139409,-1.6935667486271222,2.3536139051652636e-23,0.04080772113943029,5.73693389384033e-23,dissociated,post
1775,Administration & Law,Military,Administration & Law + Military,24522,12876,138,232.84848596504446,-0.7526001304198866,-0.9887372605429641,-0.5318014765126889,0.11559693557205912,0.0004997501249375312,0.010717614165890028,-1.2131183581237177,0.08924065224242848,-1.3880300365188776,-1.0382066797285578,4.359320658321186e-42,0.0007796101949025487,2.0001588902885442e-41,dissociated,post
1775,Administration & Law,Religion,Administration & Law + Religion,24522,12876,29,115.14556013285674,-1.970923019467265,-2.5445482874262684,-1.5355443121092045,0.2618858038004246,0.0004997501249375312,0.0022522522522522522,-2.181872084227993,0.18664158597237893,-2.5476895927338554,-1.8160545757221302,1.4309794875317726e-31,0.0007796101949025487,4.292938462595318e-31,dissociated,post
1775,Administration & Law,Nobility,Administration & Law + Nobility,24522,12876,92,138.16608214873156,-0.5840896755365306,-0.8830823559629195,-0.3266248354082968,0.13949571387469592,0.0004997501249375312,0.007145076110593352,-0.8164590978492896,0.10889161963176396,-1.029886672327547,-0.6030315233710323,6.484551157828866e-14,0.0007796101949025487,1.0995543267622861e-13,dissociated,post
1775,Administration & Law,Kinship,Administration & Law + Kinship,24522,12876,45,123.68707851871976,-1.4485766206645847,-1.9081391482830647,-1.1081272267332938,0.20818328184148793,0.0004997501249375312,0.003494874184529357,-1.36739563955616,0.15207177552205883,-1.6654563195793952,-1.0693349595329247,2.432627768205668e-19,0.0007796101949025487,5.421284740572632e-19,dissociated,post
1775,Administration & Law,Big business,Administration & Law + Big business,24522,12876,36,94.44068852666378,-1.3791300484922109,-1.9037478186156636,-0.9418886759414407,0.24023106441024977,0.0004997501249375312,0.0027958993476234857,-1.5442822636050355,0.16904409171271112,-1.8756086833619494,-1.2129558438481216,6.51765808223969e-20,0.0007796101949025487,1.495227442396164e-19,dissociated,post
1775,Administration & Law,Small business,Administration & Law + Small business,24522,12876,70,169.19694578883707,-1.2672654368177882,-1.6139033481711893,-0.9629306868527726,0.16924295591319224,0.0004997501249375312,0.005436470953712333,-1.2849070202243995,0.12301133703152106,-1.5260092408061807,-1.0438047996426183,1.5374764496794252e-25,0.0007796101949025487,4.135281485344661e-25,dissociated,post
1775,Administration & Law,Academia,Administration & Law + Academia,24522,12876,284,324.3937610565295,-0.191539387290581,-0.3410560652879652,-0.057799963651358234,0.07434431904061221,0.010494752623688156,0.02205653929791861,-0.9846812658230857,0.06468237708050655,-1.1114587249008785,-0.8579038067452929,2.4759508596077967e-52,0.013643178410794602,1.4855705157646782e-51,dissociated,post
1775,Administration & Law,Exploration & Invention,Administration & Law + Exploration & Invention,24522,12876,20,75.19754683360009,-1.8846226371335641,-2.6012411250975767,-1.3554838901518154,0.320173271510239,0.0004997501249375312,0.0015532774153463808,-1.813303701155908,0.22408864261277422,-2.2525174406769457,-1.3740899616348705,5.873937618833481e-16,0.0007796101949025487,1.0908741292119323e-15,dissociated,post
1775,Administration & Law,Culture (core),Administration & Law + Culture (core),24522,12876,242,364.49916704161944,-0.5899084243468729,-0.762985735113353,-0.43307219018045245,0.08630411353690463,0.0004997501249375312,0.01879465672569121,-1.460869168893366,0.06894495706790378,-1.5960012847464573,-1.3257370530402746,1.208376048923907e-99,0.0007796101949025487,1.346476168800925e-98,dissociated,post
1775,Administration & Law,Culture (periphery),Administration & Law + Culture (periphery),24522,12876,52,123.87763002398948,-1.2443377045584596,-1.6642650769622134,-0.9128529824126174,0.1953709253492587,0.0004997501249375312,0.00403852127990059,-1.4478968554303524,0.14163749712745263,-1.7255063498001595,-1.1702873610605453,1.571462298091992e-24,0.0007796101949025487,3.954001911328238e-24,dissociated,post
1775,Administration & Law,Sport & Games,Administration & Law + Sport & Games,24522,12876,7,15.192394923986075,-1.0651030479703179,-2.2797694140609073,-0.25747452252600056,0.5454196521893893,0.04897551224387806,0.0005436470953712333,-2.1034968649438492,0.3684865750381038,-2.8257305520185327,-1.3812631778691657,1.1399207521323939e-08,0.058770614692653676,1.5598915555495915e-08,not distinguishable,post
1775,Military,Religion,Military + Religion,24522,12876,27,125.63820315210295,-2.1975017634221308,-2.817143906537574,-1.7253151708961996,0.2770232736933415,0.0004997501249375312,0.002096924510717614,-2.5834802723447576,0.19289391159076166,-2.9615523390626506,-2.2054082056268647,6.620050749386131e-41,0.0007796101949025487,2.581819792260591e-40,dissociated,post
1775,Military,Nobility,Military + Nobility,24522,12876,376,150.7564710068149,1.3156530002637543,1.2002973258414815,1.4296653958781411,0.05967116759232098,0.0004997501249375312,0.02920161540851196,0.5426666639472885,0.06131397043749695,0.42249128188979446,0.6628420460047825,8.703428639697423e-19,0.0007796101949025487,1.8347768483686463e-18,associated,post
1775,Military,Kinship,Military + Kinship,24522,12876,161,134.95806768663013,0.25368784398998856,0.03918033261602747,0.4458269636682183,0.1039622665276849,0.014992503748125937,0.012503883193538366,-0.3039448346800584,0.08556654442918606,-0.47165526176126304,-0.13623440759885372,0.0003821031861056476,0.019170742497603657,0.00046568825806625805,associated,post
1775,Military,Big business,Military + Big business,24522,12876,29,103.04659942812408,-1.8114933152292567,-2.469846008679646,-1.3648066705817807,0.27291212182808916,0.0004997501249375312,0.0022522522522522522,-2.093747985585016,0.18702999684095467,-2.460326779393287,-1.7271691917767447,4.3277931272764927e-29,0.0007796101949025487,1.2502513478798756e-28,dissociated,post
1775,Military,Small business,Military + Small business,24522,12876,58,184.61502313424774,-1.6619134530377222,-2.0435932983103453,-1.3513667896552453,0.17983191691070405,0.0004997501249375312,0.0045045045045045045,-1.8152849717025445,0.13395156653079263,-2.077830042102898,-1.552739901302191,7.73097657783569e-42,0.0007796101949025487,3.3500898503954654e-41,dissociated,post
1775,Military,Academia,Military + Academia,24522,12876,167,353.95415338524384,-1.0814379396203206,-1.303826700352359,-0.8895737776630985,0.10555566692395182,0.0004997501249375312,0.01296986641814228,-1.9442263279514864,0.08072112723649415,-2.1024397373350148,-1.7860129185679579,3.528430370586659e-128,0.0007796101949025487,6.880439222643985e-127,dissociated,post
1775,Military,Exploration & Invention,Military + Exploration & Invention,24522,12876,162,82.04992580450985,0.9771008945769447,0.7715900283100638,1.1699894780774291,0.1015735828310123,0.0004997501249375312,0.012581547064305684,0.13324820409881583,0.08762595244030427,-0.038498662684180535,0.3049950708818122,0.12834826674642003,0.0007796101949025487,0.13713924392083235,associated,post
1775,Military,Culture (core),Military + Culture (core),24522,12876,249,397.7141658324323,-0.6745047279787763,-0.8464493520618581,-0.5201249335880981,0.08341673071512871,0.0004997501249375312,0.01933830382106244,-1.7938999281217785,0.06733199754803831,-1.9258706433159336,-1.6619292129276233,2.1799938652154347e-156,0.0007796101949025487,5.6679840495601295e-155,dissociated,post
1775,Military,Culture (periphery),Military + Culture (periphery),24522,12876,24,135.16598320419237,-2.469205371392492,-3.148863621240241,-1.9514561392456742,0.3025495220810559,0.0004997501249375312,0.001863932898415657,-2.566967568587041,0.2042673938251397,-2.967331660484315,-2.166603476689767,3.218709447029997e-36,0.0007796101949025487,1.0460805702847491e-35,dissociated,post
1775,Military,Sport & Games,Military + Sport & Games,24522,12876,13,16.57680241968861,-0.3390784526279148,-1.3194505237814373,0.254328122416681,0.3952337090461726,0.3583208395802099,0.0010096303199751476,-1.8259874744897648,0.2765101596164627,-2.367947387338032,-1.284027561641498,4.0104675209147726e-11,0.36775033535863644,5.7928975302102273e-11,not distinguishable,post
1775,Religion,Nobility,Religion + Nobility,24522,12876,34,74.55035932824758,-1.1212626173480928,-1.6688110544393184,-0.694151864980407,0.24706830475684893,0.0004997501249375312,0.0026405716060888475,-1.5373827896425316,0.17358101463137704,-1.8776015783200306,-1.1971640009650326,8.229959990792906e-19,0.0007796101949025487,1.78315799800513e-18,dissociated,post
1775,Religion,Kinship,Religion + Kinship,24522,12876,71,66.73791428713812,0.08866826886769373,-0.26411746635930233,0.3716062340459973,0.16346409468409626,0.5707146426786607,0.0055141348244796525,-0.555837396380594,0.12362475453173324,-0.7981419152627912,-0.31353287749839687,6.918978381208865e-06,0.578126521155007,8.704521189262765e-06,not distinguishable,post
1775,Religion,Big business,Religion + Big business,24522,12876,8,50.957421353895796,-2.597844415855278,-3.872324094301537,-1.8739116281171062,0.5142858907271579,0.0004997501249375312,0.0006213109661385523,-2.712933524797852,0.34486364017483256,-3.3888662595405235,-2.0370007900551803,3.641628964133854e-15,0.0007796101949025487,6.45561498187365e-15,dissociated,post
1775,Religion,Small business,Religion + Small business,24522,12876,76,91.29370182344447,-0.2629354226116393,-0.5881294705357383,0.015845016887279278,0.15254574288965284,0.08495752123938032,0.005902454178316247,-0.8664456235635711,0.11897109074587776,-1.0996289614254915,-0.6332622857016508,3.2690138698878597e-13,0.09890577099509948,5.42517195428198e-13,not distinguishable,post
1775,Religion,Academia,Religion + Academia,24522,12876,464,175.0333444685287,1.4039334844257925,1.3029198127134163,1.49888944614504,0.05014380863845346,0.0004997501249375312,0.036036036036036036,0.029792604453675344,0.05529139644178261,-0.07857853257221857,0.13816374147956925,0.5900048938172204,0.0007796101949025487,0.5900048938172204,associated,post
1775,Religion,Exploration & Invention,Religion + Exploration & Invention,24522,12876,6,40.574387359503476,-2.6597274337232593,-4.093417925222618,-1.7807411487227431,0.6471023193740667,0.004997501249375313,0.00046598322460391424,-2.6613753943697485,0.39419509609465636,-3.433997782715275,-1.888753006024222,1.464083355100973e-11,0.006606866058496176,2.2391863078014883e-11,dissociated,post
1775,Religion,Culture (core),Religion + Culture (core),24522,12876,314,196.67304345033236,0.6735976902307084,0.5380282791594231,0.8050178182474639,0.06763073015759272,0.0004997501249375312,0.024386455420938178,-0.7786015450457556,0.06315861807381225,-0.9023924364704277,-0.6548106536210836,6.424142423439508e-35,0.0007796101949025487,2.0043324361131266e-34,associated,post
1775,Religion,Culture (periphery),Religion + Culture (periphery),24522,12876,49,66.84073028197183,-0.44405084148068336,-0.8767620349999917,-0.10008427938820649,0.19621137494016963,0.0239880059970015,0.0038055296675986333,-1.182619983786045,0.14609358040755174,-1.4689634013848463,-0.8962765661872436,5.728866742418139e-16,0.030178459157518014,1.089881965630768e-15,dissociated,post
1775,Religion,Sport & Games,Religion + Sport & Games,24522,12876,5,8.19737002762081,-0.6611475959198004,-2.507508243019218,0.2122055866069609,0.6873632356154408,0.2653673163418291,0.0003883193538365952,-2.098875584368436,0.42939855591098625,-2.940496753953969,-1.2572544147829028,1.0189511845103656e-06,0.2835431599268859,1.3703136619277329e-06,not distinguishable,post
1775,Nobility,Kinship,Nobility + Kinship,24522,12876,249,80.08051840811312,1.630536823474082,1.4765771830280077,1.7770295168792114,0.07732935734651342,0.0004997501249375312,0.01933830382106244,1.1150893358020844,0.07462021697114857,0.9688337105386332,1.2613449610655356,1.716409404272312e-50,0.0007796101949025487,9.562852395231452e-50,associated,post
1775,Nobility,Big business,Nobility + Big business,24522,12876,31,61.14510413381423,-0.9686344914439192,-1.5493487012418947,-0.5535650224806695,0.25538879692774646,0.0014992503748125937,0.0024075799937868904,-1.2162543201220424,0.18200764375137127,-1.57298930187473,-0.8595193383693547,2.3500358050640636e-11,0.002165583874729302,3.525053707596095e-11,dissociated,post
1775,Nobility,Small business,Nobility + Small business,24522,12876,43,109.54563155753426,-1.3390145701380132,-1.8260479529976612,-0.9741625300650175,0.21791189937218525,0.0004997501249375312,0.0033395464429947187,-1.3080447244834201,0.15534777129929717,-1.6125263562300427,-1.0035630927367976,3.761433452571178e-17,0.0007796101949025487,7.334795232513798e-17,dissociated,post
1775,Nobility,Academia,Nobility + Academia,24522,12876,69,210.02695564381696,-1.5989200832830985,-1.9596470271403905,-1.3135500784554595,0.16650603046074205,0.0004997501249375312,0.005358807082945014,-2.033028139593268,0.12340318243765402,-2.27489837717107,-1.791157902015466,5.578146375060078e-61,0.0007796101949025487,3.9554128841335093e-60,dissociated,post
1775,Nobility,Exploration & Invention,Nobility + Exploration & Invention,24522,12876,17,48.68623792857768,-1.4908997908742494,-2.2940656728770814,-0.9240244630342823,0.35469687074702505,0.0014992503748125937,0.0013202858030444237,-1.498199399708033,0.2424407604550922,-1.9733832902000137,-1.0230155092160522,6.424327367137984e-10,0.002165583874729302,9.110864266122959e-10,dissociated,post
1775,Nobility,Culture (core),Nobility + Culture (core),24522,12876,116,235.99298007188824,-1.0214674051511445,-1.2907917553555481,-0.7973573230496372,0.12840066390424876,0.0004997501249375312,0.009009009009009009,-1.7569205606959188,0.09701967390072505,-1.9470791215413399,-1.5667619998504978,2.7106157561223002e-73,0.0007796101949025487,2.3492003219726603e-72,dissociated,post
1775,Nobility,Culture (periphery),Nobility + Culture (periphery),24522,12876,40,80.20388993170471,-0.9947163051579447,-1.484582487463433,-0.5933684501171276,0.22810920099283166,0.0009995002498750624,0.0031065548306927616,-1.2355723105875704,0.16095504204093058,-1.5510441929877943,-0.9201004281873465,1.6348668104022712e-14,0.0014992503748125937,2.8337691380306035e-14,dissociated,post
1775,Nobility,Sport & Games,Nobility + Sport & Games,24522,12876,9,9.836232498526185,-0.12171100828119641,-1.2627689190472107,0.60275620129899,0.4893417807814867,0.7766116941529235,0.0006989748369058714,-1.3872124399784218,0.3285150470366595,-2.0311019321702743,-0.7433229477865692,2.4141928361244044e-05,0.7766116941529235,2.9890006542492625e-05,not distinguishable,post
1775,Kinship,Big business,Kinship + Big business,24522,12876,65,54.73745204624961,0.2458481331261536,-0.11459105814303468,0.5580940773735262,0.17083207328439234,0.1519240379810095,0.0050481515998757375,-0.22787211440631963,0.12964463897749895,-0.4819756068022175,0.02623137798957828,0.07880417182823286,0.16928678517883916,0.08537118614725227,not distinguishable,post
1775,Kinship,Small business,Kinship + Small business,24522,12876,48,98.06588506471505,-1.0231036501718502,-1.45621769477941,-0.6503400796136245,0.20850227851187583,0.0004997501249375312,0.003727865796831314,-0.9863995304382864,0.14795793183196942,-1.2763970768289465,-0.6964019840476263,2.6151812141529947e-11,0.0007796101949025487,3.848757258564785e-11,dissociated,post
1775,Kinship,Academia,Kinship + Academia,24522,12876,160,188.01734948089754,-0.2321240052352016,-0.4457053271178665,-0.04238678406682101,0.10406164316568368,0.02448775612193903,0.012426219322771047,-0.892815309479844,0.08516991934939906,-1.0597483514046662,-0.7258822675550218,1.036798258718416e-25,0.03031817424621023,2.8882237207155876e-25,dissociated,post
1775,Kinship,Exploration & Invention,Kinship + Exploration & Invention,24522,12876,23,43.58420272039497,-0.9076010114664916,-1.5401671796190761,-0.4039634007431575,0.2882753685669159,0.004497751124437781,0.001786269027648338,-0.990194421242015,0.21051738135403936,-1.402808488695932,-0.5775803537880978,2.5558485536436366e-06,0.006048699788037015,3.322603119736728e-06,dissociated,post
1775,Kinship,Culture (core),Kinship + Culture (core),24522,12876,282,211.26228523000992,0.4158051986726706,0.260287537076432,0.5467248058853899,0.07411050596323432,0.0004997501249375312,0.02190121155638397,-0.48164815262161786,0.06795452710650764,-0.6148390257503729,-0.34845727949286287,1.362598922437084e-12,0.0007796101949025487,2.125654319001851e-12,associated,post
1775,Kinship,Culture (periphery),Kinship + Culture (periphery),24522,12876,45,71.79898769084834,-0.6681089018150269,-1.1237727333015122,-0.2890004594013396,0.21378007015699493,0.0034982508745627187,0.003494874184529357,-0.9065079719059861,0.15271432723326137,-1.2058280532831784,-0.6071878905287937,2.921096376947162e-09,0.004787080144138457,4.068669953604975e-09,dissociated,post
1775,Kinship,Sport & Games,Kinship + Sport & Games,24522,12876,34,8.805452412437537,1.8904481638485517,1.4391046843501618,2.275940135581497,0.21671396676572297,0.0004997501249375312,0.0026405716060888475,0.17478809167957723,0.17856466256650805,-0.17519864695077855,0.524774830309933,0.32765390185444043,0.0007796101949025487,0.3407600579286181,associated,post
1775,Big business,Small business,Big business + Small business,24522,12876,217,74.87774646635113,1.528804831788598,1.3643215191791367,1.6818341418784366,0.0818723586451432,0.0004997501249375312,0.016853059956508234,0.8026539935177706,0.07788507560811098,0.649999245325873,0.9553087417096681,6.646171791774489e-25,0.0007796101949025487,1.728004665861367e-24,associated,post
1775,Big business,Academia,Big business + Academia,24522,12876,91,143.55976511521317,-0.6548238086271287,-0.9487133193653007,-0.4001069874016248,0.14068861034320687,0.0004997501249375312,0.007067412239826033,-1.4674286766403624,0.10931617006669672,-1.6816883699710878,-1.2531689833096369,4.3915908158367443e-41,0.0007796101949025487,1.8028635980803476e-40,dissociated,post
1775,Big business,Exploration & Invention,Big business + Exploration & Invention,24522,12876,71,33.278513512442835,1.081837400886537,0.7571012567370168,1.3499638460658088,0.155437232219923,0.0004997501249375312,0.0055141348244796525,0.26388510754547684,0.12595850488453486,0.017006437971788524,0.5107637771191651,0.03616955291708808,0.0007796101949025487,0.04030321610761243,associated,post
1775,Big business,Culture (core),Big business + Culture (core),24522,12876,100,161.3083267531371,-0.6870903502224945,-0.9726181585228776,-0.435177050512561,0.13698035114172466,0.0009995002498750624,0.007766387076731904,-1.6426901622049257,0.10463056405004914,-1.847766067743022,-1.4376142566668293,1.514630924785947e-55,0.0014992503748125937,9.845101011108654e-55,dissociated,post
1775,Big business,Culture (periphery),Big business + Culture (periphery),24522,12876,25,54.821780207339316,-1.1173503348376967,-1.7626570227998581,-0.620232862139837,0.29015156567760814,0.0029985007496251873,0.001941596769182976,-1.4589714808910785,0.20144166280255243,-1.8537971399840814,-1.0641458217980757,4.4000101272314547e-13,0.004176483186977939,7.150016456751114e-13,dissociated,post
1775,Big business,Sport & Games,Big business + Sport & Games,24522,12876,10,6.723361878852317,0.5396469738800026,-0.48982823662412484,1.223722286966799,0.44405972659226595,0.2193903048475762,0.0007766387076731904,-1.0304113060664601,0.31313977642418583,-1.6441652678578644,-0.41665734427505596,0.0009998127164584174,0.24102033490297103,0.001199775259750101,not distinguishable,post
1775,Small business,Academia,Small business + Academia,24522,12876,316,257.19712736739586,0.2965290445511996,0.1548833675856757,0.42692804722339595,0.07067066226951985,0.0004997501249375312,0.024541783162472817,-0.49784133889356286,0.06319534274457964,-0.6217042106729389,-0.3739784671141868,3.331504330352008e-15,0.0007796101949025487,6.043193901568758e-15,associated,post
1775,Small business,Exploration & Invention,Small business + Exploration & Invention,24522,12876,100,59.620730582752564,0.7412610554053869,0.4674056513468717,0.9748228845710366,0.13136267686255929,0.0004997501249375312,0.007766387076731904,0.2147908090622065,0.10777299805028004,0.003555732883657625,0.42602588524075535,0.04626223558788118,0.0007796101949025487,0.05082330106837651,associated,post
1775,Small business,Culture (core),Small business + Culture (core),24522,12876,424,288.9948881432906,0.5522266802285204,0.4360869844854505,0.6649828735635361,0.05735213374884806,0.0004997501249375312,0.032929481205343274,-0.40321638970976365,0.05656560185613557,-0.5140849693477894,-0.29234781007173793,1.016185916641445e-12,0.0007796101949025487,1.6176020713884225e-12,associated,post
1775,Small business,Culture (periphery),Small business + Culture (periphery),24522,12876,177,98.2169647267014,0.846449083212809,0.6566417432407562,1.0261923927988836,0.09682621423783991,0.0004997501249375312,0.01374650512581547,0.23196499438093307,0.0827686489802062,0.06973844237972893,0.3941915463821372,0.005069709582810225,0.0007796101949025487,0.005991474961502994,associated,post
1775,Small business,Sport & Games,Small business + Sport & Games,24522,12876,8,12.045362153556665,-0.5616193720205259,-1.8383494312432576,0.2197081149394415,0.5204843621946451,0.24287856071964017,0.0006213109661385523,-1.6683705803896685,0.34672662683828803,-2.3479547689927127,-0.988786391786624,1.4959557227041604e-06,0.2631184407796102,1.9777041757783815e-06,not distinguishable,post
1775,Academia,Exploration & Invention,Academia + Exploration & Invention,24522,12876,242,114.30816874682125,1.0787594520521915,0.9253810986290887,1.2204314088226191,0.07627567684663059,0.0004997501249375312,0.01879465672569121,0.07260556484402308,0.0752822458966868,-0.07494763711348304,0.2201587668015292,0.3348230088786035,0.0007796101949025487,0.34363414069119835,associated,post
1775,Academia,Culture (core),Academia + Culture (core),24522,12876,909,554.0770151248097,0.7136858138769709,0.6403103056748327,0.7863460838952858,0.03685022400317095,0.0004997501249375312,0.07059645852749301,-0.8454446028012313,0.03949126393171269,-0.9228474801073883,-0.7680417254950744,1.1158848782902913e-101,0.0007796101949025487,1.4506503417773786e-100,associated,post
1775,Academia,Culture (periphery),Academia + Culture (periphery),24522,12876,176,188.30700778142074,-0.09724412942298812,-0.30068899736409327,0.08841894512831236,0.09765175167588114,0.3103448275862069,0.013668841255048152,-1.034434153234105,0.08084111017863227,-1.1928827291842243,-0.8759855772839857,1.7285517241915805e-37,0.3271202236719478,6.1285015675883314e-37,not distinguishable,post
1775,Academia,Sport & Games,Academia + Sport & Games,24522,12876,14,23.09403585308702,-0.7023693181347384,-1.5912701727086356,-0.12596960127117612,0.37593658087412885,0.06146926536731634,0.0010872941907424667,-2.313502585393526,0.2669362483709686,-2.8366976322006243,-1.7903075385864273,4.441495922623455e-18,0.07264549543410113,8.88299184524691e-18,not distinguishable,post
1775,Exploration & Invention,Culture (core),Exploration & Invention + Culture (core),24522,12876,58,128.44030094342213,-1.1401947260087104,-1.5372397014186014,-0.8299526792402424,0.18250188178914684,0.0004997501249375312,0.0045045045045045045,-1.8836505280843217,0.13546735769348847,-2.149166549163559,-1.6181345070050843,5.920768204962424e-44,0.0007796101949025487,3.0787994665804604e-43,dissociated,post
1775,Exploration & Invention,Culture (periphery),Exploration & Invention + Culture (periphery),24522,12876,54,43.65134825842379,0.3037987354803259,-0.10201489115456808,0.618831398100355,0.18324753209436376,0.09895052473763119,0.004193849021435228,-0.324246305856739,0.14149991102576942,-0.601586131467247,-0.04690648024623095,0.021934814100980117,0.11350207249316518,0.025160522057006605,not distinguishable,post
1775,Exploration & Invention,Sport & Games,Exploration & Invention + Sport & Games,24522,12876,14,5.353416283295057,1.3087021112161463,0.48978687328420684,1.8979321281146262,0.36589280639235977,0.0029985007496251873,0.0010872941907424667,-0.3729363862710146,0.2684547563683382,-0.8991077087529575,0.15323493621092826,0.16477303028465573,0.004176483186977939,0.1736796805703128,associated,post
1775,Culture (core),Culture (periphery),Culture (core) + Culture (periphery),24522,12876,654,211.58775452671748,1.6257318668870546,1.5439598508198693,1.7005245166340808,0.039836568492674945,0.0004997501249375312,0.05079217148182665,0.4537523839233533,0.05143083408142703,0.3529479491237563,0.5545568187229503,1.1185736678676237e-18,0.0007796101949025487,2.2960196340440694e-18,associated,post
1775,Culture (core),Sport & Games,Culture (core) + Sport & Games,24522,12876,33,25.949194598143396,0.3409373039288581,-0.12442609697854322,0.7240592654495817,0.22159463150758546,0.1199400299850075,0.0025629077353215286,-1.7045813506820369,0.1794298697206968,-2.0562638953346024,-1.352898806029471,2.0991739415536693e-21,0.13558438172218237,4.961683861854127e-21,not distinguishable,post
1775,Culture (periphery),Sport & Games,Culture (periphery) + Sport & Games,24522,12876,6,8.819018034908902,-0.5197382248496493,-1.936323666910283,0.3090921465975461,0.5862886348171245,0.31984007996002,0.00046598322460391424,-1.79749988008179,0.39557520017672226,-2.5728272724281656,-1.0221724877354146,5.519257085993088e-06,0.33263368315842085,7.057410700122309e-06,not distinguishable,post
1800,Politics,Administration & Law,Politics + Administration & Law,39093,20278,2281,851.183831206207,1.421592787475049,1.3819282332954095,1.4591559923065642,0.02008541830432442,0.0004997501249375312,0.11248643850478351,1.124351262507175,0.03265092176228097,1.0603554558531043,1.1883470691612457,7.419429804655818e-260,0.0007087365408204988,1.9290517492105126e-258,associated,post
1800,Politics,Military,Politics + Military,39093,20278,815,441.49987738764327,0.8836389075291938,0.8048215899622859,0.9522821636958446,0.03801023272839006,0.0004997501249375312,0.04019134036887267,-0.1252068102518379,0.04252634453910924,-0.208558445548492,-0.041855174955183816,0.003237723165983704,0.0007087365408204988,0.00371385892568719,associated,post
1800,Politics,Religion,Politics + Religion,39093,20278,336,491.3807457753593,-0.5477020783450429,-0.6836045043039856,-0.41959810496533745,0.06868028409860878,0.0004997501249375312,0.01656968142814873,-1.4253534590313566,0.058512067389140276,-1.5400371111140716,-1.3106698069486415,4.543260081775584e-131,0.0007087365408204988,4.4296785797311946e-130,dissociated,post
1800,Politics,Nobility,Politics + Nobility,39093,20278,570,350.35282582017595,0.7013609043779722,0.6083758718298955,0.7936066699742613,0.04722121107869949,0.0004997501249375312,0.028109280994180887,0.09353660390490744,0.05166885071923222,-0.007734343504787702,0.1948075513146026,0.0702478268708168,0.0007087365408204988,0.07305773994564949,associated,post
1800,Politics,Kinship,Politics + Kinship,39093,20278,284,400.1019838908569,-0.4937409132578395,-0.6602019524421896,-0.3478719336844789,0.07939459751755414,0.0004997501249375312,0.014005325969030476,-0.879589248936357,0.06529293796303295,-1.0075634073439017,-0.7516150905288125,2.303605880219126e-41,0.0007087365408204988,7.486719110712159e-41,dissociated,post
1800,Politics,Big business,Politics + Big business,39093,20278,770,393.99379617853185,0.9657923441891392,0.8904512429372768,1.038202316674571,0.03795780619237503,0.0004997501249375312,0.03797218660617418,0.18411833701677116,0.045425871795469336,0.09508362829765127,0.27315304573589105,5.053036790994908e-05,0.0007087365408204988,6.0636441491938894e-05,associated,post
1800,Politics,Small business,Politics + Small business,39093,20278,622,625.4921251625028,-0.00807067131828677,-0.10105278272947762,0.08846391245419685,0.04782147175862177,0.8770614692653673,0.030673636453299142,-0.5540115023721531,0.04618837261820614,-0.6445407127038372,-0.4634822920404691,3.792003623261896e-33,0.8770614692653672,9.24300883170087e-33,not distinguishable,post
1800,Politics,Academia,Politics + Academia,39093,20278,904,1450.8312437460822,-0.6821844216942237,-0.7638634261227222,-0.606463811582746,0.04023650448583757,0.0004997501249375312,0.04458033336620969,-1.6831808214177262,0.036981115302129317,-1.7556638074098996,-1.6106978354255528,0.0,0.0007087365408204988,0.0,dissociated,post
1800,Politics,Exploration & Invention,Politics + Exploration & Invention,39093,20278,141,267.849801207916,-0.923312766313518,-1.1645453926021456,-0.7064908386349475,0.11681106594744858,0.0004997501249375312,0.006953348456455272,-1.4373626575741574,0.08894223272715461,-1.6116894337193803,-1.2630358814289344,9.557737106669397e-59,0.0007087365408204988,3.923702601685331e-58,dissociated,post
1800,Politics,Culture (core),Politics + Culture (core),39093,20278,513,1581.7399408871668,-1.6235322141594208,-1.7370752526585875,-1.5138709515440818,0.05701737658223784,0.0004997501249375312,0.025298352894762798,-2.738159286694442,0.046769246004783396,-2.8298270088638176,-2.6464915645250664,0.0,0.0007087365408204988,0.0,dissociated,post
1800,Politics,Culture (periphery),Politics + Culture (periphery),39093,20278,298,647.0272039146448,-1.1172098730902968,-1.278106578368191,-0.9690444448768691,0.07689555219739451,0.0004997501249375312,0.014695729361870007,-1.6113890469563494,0.06151949484061474,-1.7319672568439544,-1.4908108370687445,3.180969153902085e-151,0.0007087365408204988,4.1352599000727106e-150,dissociated,post
1800,Politics,Sport & Games,Politics + Sport & Games,39093,20278,48,80.54662446415551,-0.7407673524438522,-1.1646772456470067,-0.38212290585303543,0.20288901776888235,0.001999000499750125,0.0023670973468783905,-1.9239725048382907,0.14835966252263422,-2.214757443382654,-1.6331875662939277,1.8509165987138397e-38,0.00264274642339847,5.347092396284426e-38,dissociated,post
1800,Administration & Law,Military,Administration & Law + Military,39093,20278,119,189.35727149311526,-0.6679046367223336,-0.9432472428185408,-0.4316352361191243,0.12650946585337713,0.0004997501249375312,0.005868428839136009,-1.1858635815727068,0.09474502841221681,-1.3715638372606518,-1.0001633258847618,6.075257281885081e-36,0.0007087365408204988,1.634034717196677e-35,dissociated,post
1800,Administration & Law,Religion,Administration & Law + Religion,39093,20278,64,210.75094705536685,-1.7115867434812915,-2.096771796065132,-1.4087073067484002,0.1750249287344097,0.0004997501249375312,0.0031561297958378537,-1.9772410065249753,0.1267398614673798,-2.2256511350010397,-1.7288308780489108,7.190737996627718e-55,0.0007087365408204988,2.8043878186848104e-54,dissociated,post
1800,Administration & Law,Nobility,Administration & Law + Nobility,39093,20278,147,150.26471932394688,-0.031583906417099156,-0.25359229356595,0.1599563463718097,0.10784810987433426,0.7726136931534233,0.007249235624815071,-0.38431080792536854,0.08738939967617268,-0.555594031290667,-0.2130275845600701,1.0941302333384796e-05,0.7929456324469344,1.3546374317524033e-05,not distinguishable,post
1800,Administration & Law,Kinship,Administration & Law + Kinship,39093,20278,40,171.60190493560364,-2.0872692530418298,-2.564409788137813,-1.6998847644198505,0.22213849221218057,0.0004997501249375312,0.0019725811223986586,-1.7986525367965174,0.15965937109469608,-2.1115849041421217,-1.485720169450913,1.9410962286362398e-29,0.0007087365408204988,3.984355416674387e-29,dissociated,post
1800,Administration & Law,Big business,Administration & Law + Big business,39093,20278,63,168.98213125453847,-1.4163046789636884,-1.8027069885674494,-1.099538931545889,0.18404715214712247,0.0004997501249375312,0.0031068152677778873,-1.5645171574792591,0.12825137758279784,-1.815889857541543,-1.3131444574169753,3.1530987546370593e-34,0.0007087365408204988,8.198056762056355e-34,dissociated,post
1800,Administration & Law,Small business,Administration & Law + Small business,39093,20278,103,268.2707022752089,-1.3767451159802218,-1.6654535490326143,-1.1314806720239838,0.13563803511642344,0.0004997501249375312,0.005079396390176546,-1.3805666580099385,0.10126734273374577,-1.5790506497680803,-1.1820826662517967,2.5526371677945982e-42,0.0007087365408204988,8.656769525564288e-42,dissociated,post
1800,Administration & Law,Academia,Administration & Law + Academia,39093,20278,399,622.2548629872168,-0.6404688791179967,-0.7726562010025795,-0.5140805679140813,0.06423008882280201,0.0004997501249375312,0.01967649669592662,-1.2909352794607598,0.0538686326968793,-1.3965177995466433,-1.1853527593748763,6.523335743116354e-127,0.0007087365408204988,5.653557644034174e-126,dissociated,post
1800,Administration & Law,Exploration & Invention,Administration & Law + Exploration & Invention,39093,20278,42,114.87955065086466,-1.440852803540276,-1.9064766472755905,-1.0562083518174,0.2177063703091749,0.0004997501249375312,0.0020712101785185914,-1.521564784963947,0.15639598782759673,-1.8281009211060366,-1.2150286488218576,2.2697964257457635e-22,0.0007087365408204988,3.9343138046259896e-22,dissociated,post
1800,Administration & Law,Culture (core),Administration & Law + Culture (core),39093,20278,326,678.40100248793,-1.0561182238875848,-1.2048557428634634,-0.9134470117437661,0.07288343203325796,0.0004997501249375312,0.01607653614754907,-1.8637752988840068,0.05863443464297559,-1.978698790784239,-1.7488518069837746,9.991213620117723e-222,0.0007087365408204988,1.948286655922956e-220,dissociated,post
1800,Administration & Law,Culture (periphery),Administration & Law + Culture (periphery),39093,20278,124,277.5069987335986,-1.1589754604797406,-1.4267667006864204,-0.9253701762438561,0.12806239251502988,0.0004997501249375312,0.006115001479435842,-1.3314444715167515,0.09267043941987192,-1.5130785327797005,-1.1498104102538025,8.274040568470857e-47,0.0007087365408204988,2.933523474276031e-46,dissociated,post
1800,Administration & Law,Sport & Games,Administration & Law + Sport & Games,39093,20278,30,34.546077626928856,-0.20044374350520974,-0.7502735729571057,0.22336009158224412,0.25238069931756546,0.4197901049475262,0.001479435841798994,-1.2200444002082815,0.18516263105426936,-1.5829631570746494,-0.8571256433419137,4.4267279757558344e-11,0.45477261369315336,6.514807209602926e-11,not distinguishable,post
1800,Military,Religion,Military + Religion,39093,20278,30,109.31424431831437,-1.848184054774644,-2.4322222876787385,-1.4161144540237227,0.2553874826240366,0.0004997501249375312,0.001479435841798994,-2.339686185078578,0.18286927148320206,-2.6981099571856544,-1.9812624129715022,1.7641190868825575e-37,0.0007087365408204988,4.914331742029981e-37,dissociated,post
1800,Military,Nobility,Military + Nobility,39093,20278,212,77.94069004247717,1.4377887091685653,1.2572726619082668,1.5992719004912537,0.08703556150747448,0.0004997501249375312,0.010454679948712891,0.4600240576990847,0.07550855082151868,0.3120272980889081,0.6080208173092614,1.1126933828350982e-09,0.0007087365408204988,1.549822926091744e-09,associated,post
1800,Military,Kinship,Military + Kinship,39093,20278,96,89.00805820194316,0.10851137168363893,-0.17351076412417066,0.37740062360971494,0.1421084899281101,0.45077461269365315,0.004734194693756781,-0.47485401696079305,0.10623571435988385,-0.6830760171061654,-0.2666320168154207,7.828718812893202e-06,0.479881680781231,9.849033345252739e-06,not distinguishable,post
1800,Military,Big business,Military + Big business,39093,20278,30,87.64920983503445,-1.5311383946840391,-2.139675138503354,-1.0782632692535408,0.26524959358910427,0.0004997501249375312,0.001479435841798994,-1.9167730691228186,0.18324650131828998,-2.275936211706667,-1.5576099265389702,1.3174434336091382e-25,0.0007087365408204988,2.506355800524702e-25,dissociated,post
1800,Military,Small business,Military + Small business,39093,20278,57,139.14912128130894,-1.2801726345600175,-1.668261774141891,-0.9505493292462187,0.18423130373276483,0.0004997501249375312,0.0028109280994180886,-1.587712400356132,0.1344570426778165,-1.8512482040046523,-1.3241765967076118,3.535359007254589e-32,0.0007087365408204988,8.110529487231116e-32,dissociated,post
1800,Military,Academia,Military + Academia,39093,20278,198,322.756889452904,-0.7035421106135336,-0.8959832493165483,-0.5246876713575528,0.09430688518503683,0.0004997501249375312,0.00976427655587336,-1.636064604819316,0.07437656780998742,-1.7818426777268912,-1.4902865319117407,3.073711836911923e-107,0.0007087365408204988,2.1795411207193635e-106,dissociated,post
1800,Military,Exploration & Invention,Military + Exploration & Invention,39093,20278,141,59.58678450791331,1.2356824285791606,1.0275545354985383,1.433244110322564,0.10644129831847048,0.0004997501249375312,0.006953348456455272,0.19042913629221095,0.09031543222118225,0.013410889138693732,0.36744738344572814,0.03498867410167762,0.0007087365408204988,0.03687995378284938,associated,post
1800,Military,Culture (core),Military + Culture (core),39093,20278,276,351.87928675012085,-0.3498496430573129,-0.5133582788944264,-0.18711887116554113,0.07949392083116293,0.0004997501249375312,0.013610809744550745,-1.6014575338563295,0.06405423921642561,-1.7270038427205237,-1.4759112249921353,5.87544505473015e-138,0.0007087365408204988,6.5469244895564525e-137,dissociated,post
1800,Military,Culture (periphery),Military + Culture (periphery),39093,20278,30,143.93988868594386,-2.243588065783982,-2.805969482932375,-1.807815086797891,0.2589393510600609,0.0004997501249375312,0.001479435841798994,-2.384054988358436,0.18283827109663672,-2.7424179997078437,-2.025691977009028,7.327276301991944e-39,0.0007087365408204988,2.1981828905975833e-38,dissociated,post
1800,Military,Sport & Games,Military + Sport & Games,39093,20278,26,17.918678054421527,0.5248228396564288,-0.0955569910641432,0.9903491644290954,0.27800064597228147,0.0559720139930035,0.0012821777295591282,-0.9647200522880572,0.19831211375942423,-1.3534117952565288,-0.5760283093195857,1.146565182230635e-06,0.06516144912618319,1.4660997412129433e-06,not distinguishable,post
1800,Religion,Nobility,Religion + Nobility,39093,20278,31,86.74646667159064,-1.4697448772817376,-2.066678388745533,-1.053157010631585,0.2572496901206984,0.0004997501249375312,0.0015287503698589605,-1.760701000050953,0.18061014391310143,-2.114696882120632,-1.4067051179812742,1.869791704927888e-22,0.0007087365408204988,3.3146307496448925e-22,dissociated,post
1800,Religion,Kinship,Religion + Kinship,39093,20278,134,99.06423140608446,0.43390672257679863,0.19848226409972927,0.6459746587874547,0.11482226369470652,0.0009995002498750624,0.006608146760035506,-0.25088536597052463,0.09128349710443358,-0.42980102029521444,-0.07196971164583482,0.0059883292650335365,0.00139216106232598,0.006769415690907476,associated,post
1800,Religion,Big business,Religion + Big business,39093,20278,18,97.5518596974487,-2.406019722764499,-3.173537053998442,-1.8534702779781356,0.33944979490248434,0.0004997501249375312,0.0008876615050793964,-2.565137276074046,0.23410249591237242,-3.0239781680622957,-2.106296384085796,6.128367376915701e-28,0.0007087365408204988,1.2256734753831401e-27,dissociated,post
1800,Religion,Small business,Religion + Small business,39093,20278,93,154.87025589626856,-0.7326720703238623,-1.0295445525864995,-0.4764613319140137,0.1422542632140962,0.0004997501249375312,0.004586251109576881,-1.2188620601361142,0.10653442319329934,-1.4276695295949808,-1.0100545906772476,2.6081261922390158e-30,0.0007087365408204988,5.4982119728281956e-30,dissociated,post
1800,Religion,Academia,Religion + Academia,39093,20278,804,359.22211798091416,1.1612095527727304,1.0836930281199708,1.2373370384547913,0.039608666230644,0.0004997501249375312,0.03964888056021304,-0.09164910179937921,0.0420724541910832,-0.17411111201390228,-0.009187091584856144,0.029378979327525513,0.0007087365408204988,0.03139123818557521,associated,post
1800,Religion,Exploration & Invention,Religion + Exploration & Invention,39093,20278,27,66.31892806653256,-1.2808252199843722,-1.9103484576273888,-0.811412155838058,0.27816693426016786,0.0004997501249375312,0.0013314922576190946,-1.7069874642492417,0.1932541449195663,-2.0857655882915918,-1.3282093402068917,1.0202959023495375e-18,0.0007087365408204988,1.6579808413179987e-18,dissociated,post
1800,Religion,Culture (core),Religion + Culture (core),39093,20278,523,391.63477772466354,0.41683993961187343,0.3105865536739952,0.5213340948476682,0.05398498530042649,0.0004997501249375312,0.02579149817536246,-1.0058161624366726,0.04877114812112646,-1.1014076127540804,-0.9102247121192647,1.7000866829871432e-94,0.0007087365408204988,1.1050563439416432e-93,associated,post
1800,Religion,Culture (periphery),Religion + Culture (periphery),39093,20278,120,160.20228650532547,-0.4153573096668328,-0.6645163980887885,-0.17949173581173408,0.12335786202098038,0.0014992503748125937,0.005917743367195976,-1.0949844033248692,0.09443278366014714,-1.2800726592987577,-0.9098961473509808,4.349098174705631e-31,0.0020162332626790054,9.423046045195535e-31,dissociated,post
1800,Religion,Sport & Games,Religion + Sport & Games,39093,20278,67,19.94313891498409,1.7232707721598302,1.3822356476009503,2.0027980842282194,0.15916887942801322,0.0004997501249375312,0.003304073380017753,-0.10339172147607939,0.12820512726931566,-0.3546737709239381,0.1478903279717793,0.419980295153515,0.0007087365408204988,0.4254345847009632,associated,post
1800,Nobility,Kinship,Nobility + Kinship,39093,20278,272,70.63246516926498,1.9376761622783638,1.7874435814745504,2.075411912260871,0.07288665153753378,0.0004997501249375312,0.013413551632310878,1.3364285886246978,0.07035718789622343,1.1985285003480999,1.4743286769012958,1.879023937368685e-80,0.0007087365408204988,9.160241694672339e-80,associated,post
1800,Nobility,Big business,Nobility + Big business,39093,20278,43,69.55414920681321,-0.6874551009840528,-1.1745491546114193,-0.31691538377889905,0.21779873988613463,0.00399800099950025,0.002120524706578558,-1.0038602284531268,0.15494094732712904,-1.3075444852143,-0.7001759716919539,9.234107081818059e-11,0.005029743192919669,1.3338154673737197e-10,dissociated,post
1800,Nobility,Small business,Nobility + Small business,39093,20278,38,110.4219737041889,-1.5266148415751908,-2.067803489618026,-1.1267962247233811,0.23710498786960957,0.0004997501249375312,0.0018739520662787257,-1.454569494865046,0.16394591313556375,-1.775903484610751,-1.133235505119341,7.168119305176549e-19,0.0007087365408204988,1.1896027783058955e-18,dissociated,post
1800,Nobility,Academia,Nobility + Academia,39093,20278,81,256.1241668782395,-1.6547850742240093,-1.9827520146739663,-1.3855357059807127,0.1526613295567439,0.0004997501249375312,0.003994476772857284,-2.0175136018051414,0.11392147543967075,-2.240799693666896,-1.7942275099433866,3.530340012582572e-70,0.0007087365408204988,1.5298140054524477e-69,dissociated,post
1800,Nobility,Exploration & Invention,Nobility + Exploration & Invention,39093,20278,11,47.28517357108013,-2.0549291977581046,-3.136639799852282,-1.4021762949193248,0.44770702915797445,0.0024987506246876563,0.0005424598086596311,-1.9163989219918611,0.29696183759506256,-2.498444123678184,-1.3343537203055384,1.0940368535784086e-10,0.0032483758120939532,1.5515431741657431e-10,dissociated,post
1800,Nobility,Culture (core),Nobility + Culture (core),39093,20278,151,279.2342847068325,-0.8847392900955191,-1.1141062213641861,-0.6880804444379889,0.11039343885040068,0.0004997501249375312,0.007446493737054936,-1.6760737120765736,0.08552654265554985,-1.8437057356814512,-1.508441688471696,1.6363421467423184e-85,0.0007087365408204988,8.508979163060055e-85,dissociated,post
1800,Nobility,Culture (periphery),Nobility + Culture (periphery),39093,20278,48,114.22369366839928,-1.2421067268036612,-1.6800851690441787,-0.890901939306853,0.2033505215838875,0.0004997501249375312,0.0023670973468783905,-1.3586310035909444,0.1465870448095955,-1.6459416114177516,-1.071320395764137,1.8891512257679698e-20,0.0007087365408204988,3.203343382823949e-20,dissociated,post
1800,Nobility,Sport & Games,Nobility + Sport & Games,39093,20278,23,14.219391245303795,0.674942750174022,0.023612475577907653,1.1744047869182608,0.2974545652144236,0.026486756621689155,0.0011342341453792286,-0.5479600843489093,0.21061406847833344,-0.9607636585664429,-0.13515651013137575,0.009275594455230029,0.03178410794602699,0.010335662392970603,associated,post
1800,Kinship,Big business,Kinship + Big business,39093,20278,100,79.4306511452834,0.33037475426966595,0.03620151983869883,0.574525801806674,0.13891642152702866,0.019490254872563718,0.004931452805996646,-0.14085539603201477,0.10478422864058615,-0.3462324841675636,0.06452169210353406,0.17887003634635212,0.02375374812593703,0.18357714256599297,associated,post
1800,Kinship,Small business,Kinship + Small business,39093,20278,53,126.1015966997398,-1.2426848035290117,-1.6723761303649791,-0.9113041812257621,0.197011463005222,0.0004997501249375312,0.0026136699871782227,-1.144408509796837,0.13994671590653399,-1.4187040729736435,-0.8701129466200305,2.898923960171665e-16,0.0007087365408204988,4.522321377867797e-16,dissociated,post
1800,Kinship,Academia,Kinship + Academia,39093,20278,309,292.49310905508105,0.07907267533457235,-0.0733857120391845,0.2230547624932146,0.07408079571993964,0.29035482258870565,0.015238189170529638,-0.5501585436011411,0.06326915402015784,-0.6741660854806505,-0.4261510017216318,3.4522819535712825e-18,0.31898135439322595,5.4954692322155104e-18,not distinguishable,post
1800,Kinship,Exploration & Invention,Kinship + Exploration & Invention,39093,20278,46,53.99954092028101,-0.22901336110332673,-0.7004343954180431,0.13637255114438018,0.21141235890849377,0.2748625687156422,0.0022684682907584573,-0.5080779768548667,0.1508124692092195,-0.8036704165049369,-0.21248553720479646,0.0007545818533147244,0.3062754337117156,0.0008784684262469925,not distinguishable,post
1800,Kinship,Culture (core),Kinship + Culture (core),39093,20278,384,318.88480139986433,0.26768793749417386,0.14016036082766467,0.3873566015333015,0.06355340916717807,0.0004997501249375312,0.018936778775027124,-0.6076118227228201,0.058184569969828806,-0.7216535798636845,-0.49357006558195565,1.5802092849734012e-25,0.0007087365408204988,2.934674386379174e-25,associated,post
1800,Kinship,Culture (periphery),Kinship + Culture (periphery),39093,20278,90,130.443150664139,-0.5329509002852221,-0.8362174597360876,-0.2579941910858218,0.1461389948274255,0.0014992503748125937,0.004438307525396982,-0.7311226996241045,0.10916960066359631,-0.9450951169247532,-0.5171502823234557,2.1255662867498145e-11,0.0020162332626790054,3.1883494301247215e-11,dissociated,post
1800,Kinship,Sport & Games,Kinship + Sport & Games,39093,20278,40,16.238506521669688,1.2747510975463174,0.8125426841737157,1.6403391974086905,0.21412306592247324,0.0004997501249375312,0.0019725811223986586,-0.004856319871667942,0.16282231859579976,-0.3239880643194355,0.3142754245760996,0.9762059141058799,0.0007087365408204988,0.9762059141058799,associated,post
1800,Big business,Small business,Big business + Small business,39093,20278,320,124.17645697417414,1.3621352943492397,1.2189443972065288,1.4983634778918773,0.0699531113800052,0.0004997501249375312,0.01578064897918927,0.6346685328726688,0.06320323270592705,0.5107901967690518,0.7585468689762858,9.992664659510415e-24,0.0007087365408204988,1.812622891725145e-23,associated,post
1800,Big business,Academia,Big business + Academia,39093,20278,129,288.02774050755255,-1.155757935581811,-1.4084355444950032,-0.9272953656036004,0.12092490249223344,0.0004997501249375312,0.0063615741197356745,-1.798354492895208,0.09117913211985268,-1.9770655918501192,-1.6196433939402968,1.3602222401685402e-86,0.0007087365408204988,7.57838105236758e-86,dissociated,post
1800,Big business,Exploration & Invention,Big business + Exploration & Invention,39093,20278,146,53.175152775256386,1.4485743671109936,1.2214311138563811,1.6452459578404308,0.10616472099399052,0.0004997501249375312,0.007199921096755104,0.5249854321681503,0.08959471379186515,0.3493797931360946,0.700591071200206,4.6410045519148435e-09,0.0007087365408204988,6.350848334199259e-09,associated,post
1800,Big business,Culture (core),Big business + Culture (core),39093,20278,127,314.0165220511441,-1.3026385590670484,-1.5573297433382174,-1.0826544947389052,0.12275553807207629,0.0004997501249375312,0.006262945063615741,-2.1454856328283896,0.09174072987505999,-2.325297463383507,-1.965673802273272,5.877429417206262e-121,0.0007087365408204988,4.5843949454208844e-120,dissociated,post
1800,Big business,Culture (periphery),Big business + Culture (periphery),39093,20278,62,128.4517302710299,-1.044903036414924,-1.4356771281271434,-0.734194751505995,0.1801266534886999,0.0004997501249375312,0.003057500739717921,-1.3591277648979343,0.1294231557682104,-1.6127971502036267,-1.105458379592242,8.508444932519934e-26,0.0007087365408204988,1.659146761841387e-25,dissociated,post
1800,Big business,Sport & Games,Big business + Sport & Games,39093,20278,13,15.990600112814613,-0.28868449386604383,-1.2616313840032607,0.3451101915747707,0.4026667875513562,0.45527236381809094,0.0006410888647795641,-1.3794333765546682,0.27521402615227936,-1.9188528678131358,-0.8400138852962007,5.380550379164927e-07,0.479881680781231,6.994715492914404e-07,not distinguishable,post
1800,Small business,Academia,Small business + Academia,39093,20278,497,457.2637571028829,0.12009328189283473,0.00688092944046978,0.22457064094021406,0.05577896871394575,0.02798600699650175,0.024509320445803333,-0.6107533888561297,0.05031739451085459,-0.7093754820974048,-0.5121312956148547,6.64161648777942e-34,0.033074371904956615,1.6711164066025635e-33,associated,post
1800,Small business,Exploration & Invention,Small business + Exploration & Invention,39093,20278,168,84.41919552500863,0.9885859822388884,0.7820711950773566,1.174101286741273,0.09930313663041047,0.0004997501249375312,0.008284840714074366,0.3529385580898439,0.08383773806370728,0.18861659148497764,0.5172605246947102,2.5561778465392894e-05,0.0007087365408204988,3.115341750469759e-05,associated,post
1800,Small business,Culture (core),Small business + Culture (core),39093,20278,593,498.52272705559517,0.2501425079644639,0.14439734639053048,0.34803440099179345,0.050236691827460295,0.0004997501249375312,0.029243515139560115,-0.7257825792766968,0.046924161733401915,-0.8177539362741645,-0.633811222279229,5.781936474724836e-54,0.0007087365408204988,2.1475764048977964e-53,associated,post
1800,Small business,Culture (periphery),Small business + Culture (periphery),39093,20278,255,203.9259159086348,0.3217451869480037,0.14980610264152203,0.474356007928106,0.08213817493284843,0.0004997501249375312,0.012575204655291449,-0.15206594970613535,0.06773795395973146,-0.284832339467209,-0.01929955994506169,0.024773589050882918,0.0007087365408204988,0.026838054805123163,associated,post
1800,Small business,Sport & Games,Small business + Sport & Games,39093,20278,19,25.386172432664218,-0.4087075380325355,-1.124979597446028,0.13898251766261632,0.32167226141525895,0.18490754622688654,0.0009369760331393628,-1.3224229010905877,0.22989301048355676,-1.7730132016383588,-0.8718326005428165,8.801623701760656e-09,0.21209983243672278,1.1836666357540192e-08,not distinguishable,post
1800,Academia,Exploration & Invention,Academia + Exploration & Invention,39093,20278,341,195.81062896318988,0.7987472909005437,0.6689179563776251,0.9309922366318124,0.06480721263997319,0.0004997501249375312,0.016816254068448565,-0.1500951931067927,0.06250627149639676,-0.27260748523973033,-0.02758290097385506,0.01633773447855947,0.0007087365408204988,0.01794849703278364,associated,post
1800,Academia,Culture (core),Academia + Culture (core),39093,20278,1873,1156.3252661923627,0.6955650100541255,0.6484142822979221,0.7447457052677798,0.02414874317647392,0.0004997501249375312,0.09236611105631719,-0.8189506156899014,0.02847266723415893,-0.8747570434688529,-0.7631441879109498,6.284758990738977e-182,0.0007087365408204988,9.804224025552804e-181,associated,post
1800,Academia,Culture (periphery),Academia + Culture (periphery),39093,20278,363,473.0068985807274,-0.3814300805048715,-0.5155529533958402,-0.2555875970042075,0.06684845850933309,0.0004997501249375312,0.017901173685767827,-1.1546338704161936,0.056619812297944466,-1.2656087025201648,-1.0436590383122224,1.9391919953607337e-92,0.0007087365408204988,1.1635151972164402e-91,dissociated,post
1800,Academia,Sport & Games,Academia + Sport & Games,39093,20278,35,58.8833186586738,-0.7422386965048957,-1.26376011451588,-0.3499046842277792,0.23497439664531636,0.00399800099950025,0.0017260084820988264,-2.0336525320473102,0.17191147778951982,-2.370599028514769,-1.6967060355798513,2.7428460425227773e-32,0.005029743192919669,6.483090645962928e-32,dissociated,post
1800,Exploration & Invention,Culture (core),Exploration & Invention + Culture (core),39093,20278,103,213.4786482000528,-1.0478360771600561,-1.324745569050698,-0.8118608771028354,0.13341101481538112,0.0004997501249375312,0.005079396390176546,-1.886001739761175,0.10237816208122441,-2.0866629374403747,-1.6853405420819751,8.764803924581686e-76,0.0007087365408204988,4.021498271278656e-75,dissociated,post
1800,Exploration & Invention,Culture (periphery),Exploration & Invention + Culture (periphery),39093,20278,77,87.32566540798473,-0.1804462916290958,-0.5350700248945348,0.10349012933040529,0.15978423805293834,0.24287856071964017,0.0037972186606174177,-0.6657707717423332,0.11790700383198816,-0.89686849925303,-0.43467304423163644,1.636755249481491e-08,0.27455837298741936,2.163845923043327e-08,not distinguishable,post
1800,Exploration & Invention,Sport & Games,Exploration & Invention + Sport & Games,39093,20278,12,10.870930209956569,0.1365778147647085,-0.8082640952137662,0.8130036816297512,0.4122545615009294,0.7151424287856072,0.0005917743367195976,-1.0082651847301354,0.28617226220870895,-1.5691628186592048,-0.4473675508010658,0.00042623980498026953,0.7437481259370314,0.0005037379513403185,not distinguishable,post
1800,Culture (core),Culture (periphery),Culture (core) + Culture (periphery),39093,20278,1432,515.6863742942966,1.4725711745715149,1.4200606669156015,1.5231214925301066,0.026100266190600224,0.0004997501249375312,0.07061840418187199,0.4176100584777236,0.035968056629047056,0.34711266748479136,0.4881074494706558,3.641301397736281e-31,0.0007087365408204988,8.114900257812283e-31,associated,post
1800,Culture (core),Sport & Games,Culture (core) + Sport & Games,39093,20278,63,64.19636837563964,-0.026928139289659186,-0.38654575684435255,0.2672068238741123,0.16813470155280322,0.8710644677661169,0.0031068152677778873,-1.7366049506355494,0.13099535200512813,-1.9933558405656004,-1.4798540607054984,4.110294978377953e-40,0.8770614692653672,1.2824120332539212e-39,not distinguishable,post
1800,Culture (periphery),Sport & Games,Culture (periphery) + Sport & Games,39093,20278,9,26.26019338442416,-1.494089123198249,-2.634482765611641,-0.7754349290964676,0.48209332467422567,0.0069965017491254375,0.0004438307525396982,-2.1993049487689227,0.32676888126070697,-2.8397719560399084,-1.558837941497937,1.6912731193814537e-11,0.00866233549891721,2.5866530061128115e-11,dissociated,post
1825,Politics,Administration & Law,Politics + Administration & Law,46685,23512,2215,787.1953831829154,1.4919226018468021,1.450229370035446,1.5307341567761454,0.02038550036374063,0.0004997501249375312,0.09420721333787002,1.081543718925657,0.03160951217834119,1.0195890750561083,1.1434983627952056,1.4092833525234123e-256,0.0006720777542263351,2.748102537420654e-255,associated,post
1825,Politics,Military,Politics + Military,46685,23512,822,477.2458257121286,0.7837724110888328,0.7029480165300994,0.857362129861166,0.03988543051058934,0.0004997501249375312,0.03496087104457298,-0.21389196377994313,0.041106439648377034,-0.2944605854907621,-0.13332334206912416,1.9570798074818878e-07,0.0006720777542263351,2.348495768978265e-07,associated,post
1825,Politics,Religion,Politics + Religion,46685,23512,309,444.4587060719017,-0.5237320450449393,-0.6697625367781522,-0.3862190803461079,0.07370784770699028,0.0004997501249375312,0.013142225246682545,-1.3761740535560196,0.060487594800583806,-1.494729739365164,-1.2576183677468753,1.3917254561405279e-114,0.0006720777542263351,8.350352736843167e-114,dissociated,post
1825,Politics,Nobility,Politics + Nobility,46685,23512,411,298.2782250163012,0.4618174224318044,0.34248876493868347,0.5803884510240785,0.05961514291798317,0.0004997501249375312,0.01748043552228649,-0.12061719459019378,0.057570025628873416,-0.23345444482278566,-0.0077799443576018895,0.0361586554283188,0.0006720777542263351,0.036628248355959306,associated,post
1825,Politics,Kinship,Politics + Kinship,46685,23512,308,429.8216992531922,-0.48014510158701273,-0.6416713838085383,-0.3399262142170172,0.07587998831933145,0.0004997501249375312,0.013099693773392311,-0.8196992780879392,0.06229141499687416,-0.9417904514818125,-0.6976081046940659,1.5086205814984902e-39,0.0006720777542263351,3.46095309873183e-39,dissociated,post
1825,Politics,Big business,Politics + Big business,46685,23512,995,520.9030049137511,0.9330224186080298,0.8663409955241376,0.9980899417724185,0.034133635392942355,0.0004997501249375312,0.0423188159237836,0.20879630662157111,0.0394721940516306,0.13143080628037515,0.28616180696276705,1.2251304482751679e-07,0.0006720777542263351,1.4931277338353607e-07,associated,post
1825,Politics,Small business,Politics + Small business,46685,23512,874,725.6694226776393,0.26815220129617295,0.1852060162845106,0.34563069503169647,0.040138080014953226,0.0004997501249375312,0.03717250765566519,-0.22074735980441956,0.03993984618159051,-0.29902945832033695,-0.14246526128850218,3.257608633658568e-08,0.0006720777542263351,4.033229736910608e-08,associated,post
1825,Politics,Academia,Politics + Academia,46685,23512,982,1553.5435778242775,-0.6614976472652738,-0.7390563573245208,-0.5827572573896389,0.039678526434149486,0.0004997501249375312,0.041765906771010546,-1.68535985252769,0.035214103780605986,-1.7543794959376777,-1.6163402091177024,0.0,0.0006720777542263351,0.0,dissociated,post
1825,Politics,Exploration & Invention,Politics + Exploration & Invention,46685,23512,221,378.33167219413735,-0.7742502534813095,-0.9573271080922378,-0.6146028122699693,0.08873609878201989,0.0004997501249375312,0.009399455597141886,-1.2796953825930542,0.07138898550110867,-1.419617794175227,-1.1397729710108813,7.434967382186845e-72,0.0006720777542263351,3.2218191989476328e-71,dissociated,post
1825,Politics,Culture (core),Politics + Culture (core),46685,23512,500,1683.6971542982553,-1.7506190578644019,-1.8682082033529497,-1.6422407628341764,0.05888401354717988,0.0004997501249375312,0.021265736645117387,-2.75130385202279,0.04694769749635205,-2.84332133911564,-2.6592863649299403,0.0,0.0006720777542263351,0.0,dissociated,post
1825,Politics,Culture (periphery),Politics + Culture (periphery),46685,23512,495,770.2669974224198,-0.6374097424596333,-0.7485458945714766,-0.5273968239358972,0.057260458621086675,0.0004997501249375312,0.021053079278666214,-1.1925778331586838,0.04872757720715509,-1.2880838844847078,-1.0970717818326599,2.7682502130472194e-132,0.0006720777542263351,2.159235166176831e-131,dissociated,post
1825,Politics,Sport & Games,Politics + Sport & Games,46685,23512,84,146.58833101494562,-0.7996595510395249,-1.1010420230269105,-0.5236106758040078,0.1476566799091374,0.0004997501249375312,0.003572643756379721,-1.9819412715519495,0.11203644554464821,-2.20153270481946,-1.7623498382844391,4.994432502735673e-70,0.0006720777542263351,1.9478286760669123e-69,dissociated,post
1825,Administration & Law,Military,Administration & Law + Military,46685,23512,124,193.5504433517878,-0.6402859869943696,-0.910025910766278,-0.40632828284937444,0.1282412049611741,0.0004997501249375312,0.005273902687989112,-1.190532378834178,0.09254825821486981,-1.3719269649353227,-1.0091377927330332,7.184916091835272e-38,0.0006720777542263351,1.6012098718947177e-37,dissociated,post
1825,Administration & Law,Religion,Administration & Law + Religion,46685,23512,55,180.25339348629174,-1.7034630561882167,-2.127195181318354,-1.3707180664382783,0.19390263679294226,0.0004997501249375312,0.0023392310309629126,-1.9958879939709733,0.13620699400475655,-2.262853702220296,-1.7289222857216504,1.2824459351077305e-48,0.0006720777542263351,3.7048438125334434e-48,dissociated,post
1825,Administration & Law,Nobility,Administration & Law + Nobility,46685,23512,134,120.96885836129427,0.14701968320136619,-0.09081045729616283,0.36689630686319163,0.11588115122820423,0.20189905047476261,0.00569921742089146,-0.2596941623737128,0.09119864831617572,-0.4384435130734172,-0.08094481167400838,0.004405497002744026,0.2128125126625876,0.004772621752972695,not distinguishable,post
1825,Administration & Law,Kinship,Administration & Law + Kinship,46685,23512,49,174.31725113265864,-1.8203471280777002,-2.2599494626416194,-1.4719118089891579,0.20250218453480162,0.0004997501249375312,0.002084042191221504,-1.6106653327322777,0.1445950718036146,-1.8940716734673624,-1.327258991997193,8.089305915389882e-29,0.0006720777542263351,1.502299670000978e-28,dissociated,post
1825,Administration & Law,Big business,Administration & Law + Big business,46685,23512,84,211.2559232841768,-1.325379079003678,-1.6568318735762568,-1.0409008345777202,0.15748578522532009,0.0004997501249375312,0.003572643756379721,-1.4903703262992392,0.11131770362181108,-1.7085530253979888,-1.2721876272004895,7.06496715128272e-41,0.0006720777542263351,1.7776368961292005e-40,dissociated,post
1825,Administration & Law,Small business,Administration & Law + Small business,46685,23512,127,294.3004022644164,-1.2092412459529291,-1.4652825387714241,-0.9868720852285153,0.12264571124053653,0.0004997501249375312,0.0054014971078598165,-1.2391954574778499,0.09142276209279582,-1.4183840711797298,-1.06000684377597,7.445568570744071e-42,0.0006720777542263351,1.9358478283934584e-41,dissociated,post
1825,Administration & Law,Academia,Administration & Law + Academia,46685,23512,449,630.0506616386523,-0.4882911729082784,-0.6109855059177808,-0.37388892949645997,0.06173379109720093,0.0004997501249375312,0.019096631507315415,-1.2543609127109752,0.050834677602569614,-1.3539968808120115,-1.1547249446099388,1.9698576635087813e-134,0.0006720777542263351,1.707209975040944e-133,dissociated,post
1825,Administration & Law,Exploration & Invention,Administration & Law + Exploration & Invention,46685,23512,58,153.43510396960102,-1.3958137372561057,-1.7970703611394083,-1.0586589981277887,0.18453934411653908,0.0004997501249375312,0.0024668254508336167,-1.5054743278109115,0.1333160711946596,-1.7667738273524443,-1.2441748282693788,1.4288133162398393e-29,0.0006720777542263351,2.7182302113831085e-29,dissociated,post
1825,Administration & Law,Culture (core),Administration & Law + Culture (core),46685,23512,281,682.8353714740285,-1.27945888463204,-1.446875867565431,-1.1262448687232358,0.08236337066927164,0.0004997501249375312,0.011951343994555972,-2.0380701678086925,0.06237194527279865,-2.160319180543378,-1.9158211550740072,3.41680462886883e-234,0.0006720777542263351,5.330215221035375e-233,dissociated,post
1825,Administration & Law,Culture (periphery),Administration & Law + Culture (periphery),46685,23512,152,312.38726630641526,-1.0368337031822998,-1.2635759593353277,-0.8351212834221352,0.11070148871008162,0.0004997501249375312,0.006464783940115686,-1.2646460650630158,0.08383470199463314,-1.4289620809724968,-1.1003300491535348,2.032898680854063e-51,0.0006720777542263351,6.342643884264677e-51,dissociated,post
1825,Administration & Law,Sport & Games,Administration & Law + Sport & Games,46685,23512,72,59.44994158053734,0.27422264735146146,-0.06046911246163785,0.5607073257110153,0.16067077846507963,0.08495752123938032,0.003062266076896904,-0.9479106902380161,0.12099100503251889,-1.185053060101753,-0.7107683203742791,4.705058758698256e-15,0.09466695223816664,7.195972219185569e-15,not distinguishable,post
1825,Military,Religion,Military + Religion,46685,23512,47,109.28059469041553,-1.208623641086498,-1.647187000473469,-0.8474550780341935,0.20378876287347492,0.0004997501249375312,0.0019989792446410345,-1.891300057546723,0.14712093754317698,-2.1796570951313496,-1.602943019962096,8.019889706739279e-38,0.0006720777542263351,1.7376427697935103e-37,dissociated,post
1825,Military,Nobility,Military + Nobility,46685,23512,249,73.33869573860882,1.7565908405114359,1.5870154221987243,1.9048294045403897,0.07982754627181453,0.0004997501249375312,0.010590336849268458,0.7386955309184529,0.07078945380441938,0.5999482014617908,0.8774428603751149,1.7142036779232793e-25,0.0006720777542263351,3.109485741349204e-25,associated,post
1825,Military,Kinship,Military + Kinship,46685,23512,87,105.68174335105739,-0.2791808116825993,-0.5833581525574868,-0.016141017607778193,0.1453369654169593,0.054972513743128434,0.0037002381762504255,-0.7479091807915492,0.11047279286943164,-0.9644358548156352,-0.5313825067674632,1.287149475815773e-11,0.06214284162266692,1.7309941226487982e-11,not distinguishable,post
1825,Military,Big business,Military + Big business,46685,23512,42,128.07621804980522,-1.5970890745728907,-2.0752792528489863,-1.2184607901772875,0.22033939941846722,0.0004997501249375312,0.0017863218781898605,-1.9368144456294205,0.1553680630174675,-2.241335849143657,-1.6322930421151842,1.1446266011175536e-35,0.0006720777542263351,2.2892532022351073e-35,dissociated,post
1825,Military,Small business,Military + Small business,46685,23512,69,178.42284328216988,-1.3642527067107795,-1.7379682751172614,-1.0724454562121866,0.16910816775286786,0.0004997501249375312,0.0029346716570261993,-1.60960643668833,0.1222944267671549,-1.8493035131519537,-1.3699093602247063,1.4570752161225625e-39,0.0006720777542263351,3.443995965380602e-39,dissociated,post
1825,Military,Academia,Military + Academia,46685,23512,261,381.97511656943044,-0.5485549441575436,-0.7157429271548297,-0.40052169585944936,0.08219113628185191,0.0004997501249375312,0.011100714528751277,-1.577947983395732,0.0650932466915983,-1.7055307469112646,-1.4503652198801993,8.158523194438822e-130,0.0006720777542263351,5.785134628783892e-129,dissociated,post
1825,Military,Exploration & Invention,Military + Exploration & Invention,46685,23512,231,93.02171284480644,1.3076389353844127,1.1341604661726628,1.4733900700588036,0.08614447382624298,0.0004997501249375312,0.009824770330044233,0.26639927967741317,0.07146472143156467,0.12632842567154642,0.4064701336832799,0.00019323265372701924,0.0006720777542263351,0.0002122837604325,associated,post
1825,Military,Culture (core),Military + Culture (core),46685,23512,349,413.9764252261222,-0.24599759020572404,-0.39540252705418394,-0.12141961778364421,0.07020705846711156,0.0004997501249375312,0.014843484178291936,-1.5056173615688664,0.05719410926286039,-1.6177178157240728,-1.39351690741366,1.0004697208791474e-152,0.0006720777542263351,1.1148091175510499e-151,dissociated,post
1825,Military,Culture (periphery),Military + Culture (periphery),46685,23512,36,189.38820277064266,-2.379181908509681,-2.886468391238552,-1.9568004384225828,0.2349539042293105,0.0004997501249375312,0.001531133038448452,-2.483828394218663,0.1670788957057264,-2.811303029801887,-2.156353758635439,5.4626657358797765e-50,0.0006720777542263351,1.638799720763933e-49,dissociated,post
1825,Military,Sport & Games,Military + Sport & Games,46685,23512,63,36.04217842770132,0.7971939504437032,0.4109229999992718,1.088441429359936,0.17213102914673098,0.0004997501249375312,0.0026794828172847906,-0.823680438290243,0.12903207738178088,-1.0765833099585334,-0.5707775666219524,1.7304903395933984e-10,0.0006720777542263351,2.249637441471418e-10,associated,post
1825,Religion,Nobility,Religion + Nobility,46685,23512,27,68.30027641277823,-1.3229827424898337,-1.92711258886344,-0.8652695477083266,0.2760513988772192,0.0009995002498750624,0.0011483497788363389,-1.6382131006748064,0.19305045551253205,-2.016591993479369,-1.2598342078702436,2.1399596729907355e-17,0.0012181409295352324,3.3383370898655475e-17,dissociated,post
1825,Religion,Kinship,Religion + Kinship,46685,23512,132,98.42133419427007,0.4216387564601319,0.1858137997318331,0.6366937109101943,0.11750794532186215,0.0009995002498750624,0.00561415447431099,-0.2581086095024677,0.09136251115466855,-0.4371791313656181,-0.07903808763931736,0.004726524975820324,0.0012181409295352324,0.005050259563205277,associated,post
1825,Religion,Big business,Religion + Big business,46685,23512,24,119.27729292981955,-2.2895007773040335,-2.955846836903439,-1.8064963112929606,0.2979226913744004,0.0004997501249375312,0.0010207553589656345,-2.4599696207326454,0.2035509645068757,-2.8589295111661217,-2.061009730299169,1.2634491862124909e-33,0.0006720777542263351,2.4637259131143573e-33,dissociated,post
1825,Religion,Small business,Religion + Small business,46685,23512,77,166.1650700465154,-1.1046835579846477,-1.4473018510307325,-0.8105393568778747,0.15933537191773775,0.0004997501249375312,0.0032749234433480778,-1.4569061661193097,0.11611219328062565,-1.6844860649493358,-1.2293262672892835,4.107759499364534e-36,0.0006720777542263351,8.431716867116675e-36,dissociated,post
1825,Religion,Academia,Religion + Academia,46685,23512,779,355.73316080614245,1.1297272035531198,1.047647420301413,1.2080383914347705,0.04081080045135104,0.0004997501249375312,0.03313201769309289,-0.2088197358040374,0.04205787092299379,-0.2912531628131052,-0.1263863087949696,6.868081636172235e-07,0.0006720777542263351,7.995677128678124e-07,associated,post
1825,Religion,Exploration & Invention,Religion + Exploration & Invention,46685,23512,25,86.63105657530315,-1.772689790697052,-2.4043867633348817,-1.2953920682713131,0.28903273756170367,0.0004997501249375312,0.0010632868322558693,-2.057032244794492,0.1998877305624543,-2.4488121966969025,-1.6652522928920819,7.741846885362304e-25,0.0006720777542263351,1.3724183114960448e-24,dissociated,post
1825,Religion,Culture (core),Religion + Culture (core),46685,23512,522,385.53595733545177,0.4366958035512179,0.33255864934529944,0.5366583081540364,0.05261684521396222,0.0004997501249375312,0.022201429057502553,-0.9855491941753642,0.04852546303555417,-1.0806591017250504,-0.8904392866256781,1.0503473257011885e-91,0.0006720777542263351,5.46180609364618e-91,associated,post
1825,Religion,Culture (periphery),Religion + Culture (periphery),46685,23512,123,176.37710172345587,-0.5182362489076693,-0.7702379145908591,-0.2957794836742289,0.12235115889587365,0.0004997501249375312,0.005231371214698877,-1.1796072025819722,0.09293345247939008,-1.3617567694415766,-0.9974576357223676,6.463502701603084e-37,0.0006720777542263351,1.3625762452028123e-36,dissociated,post
1825,Religion,Sport & Games,Religion + Sport & Games,46685,23512,104,33.566055740949416,1.6170961191805193,1.353201424648069,1.858674459848654,0.12885652565634084,0.0004997501249375312,0.004423273222184417,-0.24889491607406883,0.10246570659937523,-0.4497277010088443,-0.04806213113929336,0.015138203433835646,0.0006720777542263351,0.015743731571189072,associated,post
1825,Nobility,Kinship,Nobility + Kinship,46685,23512,243,66.05099746308915,1.8713895778531842,1.7066784196507938,2.020237486302114,0.08110894564500568,0.0004997501249375312,0.01033514800952705,1.2857811248124786,0.07292758021611247,1.142843067588898,1.4287191820360592,1.4259983995337288e-69,0.0006720777542263351,5.296565483982421e-69,associated,post
1825,Nobility,Big business,Nobility + Big business,46685,23512,61,80.04752462673198,-0.3892538424947095,-0.7879767290679334,-0.07074298660181093,0.17980992334397622,0.03948025987006497,0.0025944198707043213,-0.7335658691586391,0.13114481189966826,-0.9906097004819889,-0.4765220378352893,2.224652335908593e-08,0.04528618043919217,2.7987561645301653e-08,dissociated,post
1825,Nobility,Small business,Nobility + Small business,46685,23512,53,111.51412150573536,-1.0660698262103592,-1.4752882777080283,-0.7403029592812443,0.18805820971287374,0.0004997501249375312,0.002254168084382443,-1.060120641687468,0.13992880698956314,-1.3343811033870119,-0.7858601799879242,3.5597962177278164e-14,0.0006720777542263351,5.23894537703339e-14,dissociated,post
1825,Nobility,Academia,Nobility + Academia,46685,23512,87,238.73411485729613,-1.4510682108984452,-1.763264010576706,-1.171903454075973,0.14781522308125883,0.0004997501249375312,0.0037002381762504255,-1.8997449189182047,0.11026659066197708,-2.1158674366156798,-1.6836224012207297,1.6187488059102136e-66,0.0006720777542263351,5.489669863521594e-66,dissociated,post
1825,Nobility,Exploration & Invention,Nobility + Exploration & Invention,46685,23512,18,58.13848943345465,-1.6643226684236299,-2.4150035900655262,-1.1362478359642403,0.3342822990507106,0.0004997501249375312,0.000765566519224226,-1.6143192376723343,0.2347241526709641,-2.074378576907424,-1.1542598984372447,6.090496207602304e-12,0.0006720777542263351,8.48319114630321e-12,dissociated,post
1825,Nobility,Culture (core),Nobility + Culture (core),46685,23512,157,258.7349048695999,-0.7189081553967884,-0.9459328810307501,-0.5229489754268144,0.1082676670685654,0.0004997501249375312,0.00667744130656686,-1.507565777207642,0.08423850905058722,-1.672673254946793,-1.342458299468491,1.2580272190101342e-71,0.0006720777542263351,5.164532793831077e-71,dissociated,post
1825,Nobility,Culture (periphery),Nobility + Culture (periphery),46685,23512,52,118.36746162664026,-1.1789645228162249,-1.6023797311092112,-0.8505881998023527,0.19491615696707656,0.0004997501249375312,0.0022116366110922084,-1.2911664854652931,0.14103447175171244,-1.5675940500986494,-1.0147389208319368,5.437245947352593e-20,0.0006720777542263351,8.835524664447964e-20,dissociated,post
1825,Nobility,Sport & Games,Nobility + Sport & Games,46685,23512,23,22.526330096431806,0.02937626201101454,-0.6190381140871472,0.5056106525692081,0.2922624705410438,0.9185407296351824,0.0009782238856753998,-1.0452548549676355,0.20917098174873014,-1.4552299791951466,-0.6352797307401243,5.818945761803252e-07,0.9304698300200549,6.876935900312934e-07,not distinguishable,post
1825,Kinship,Big business,Kinship + Big business,46685,23512,131,115.34922823881416,0.18281436618876803,-0.08021594982384612,0.40192039634325727,0.1199868969885583,0.12693653173413294,0.005571623001020755,-0.19629214342974774,0.09178188565517796,-0.37618463931389656,-0.016399647545598944,0.03246154029522017,0.13751457604531067,0.033315791355620704,not distinguishable,post
1825,Kinship,Small business,Kinship + Small business,46685,23512,54,160.69288729910687,-1.5644599507700188,-1.9914899880004342,-1.2294531697913207,0.19042763231093293,0.0004997501249375312,0.0022966995576726777,-1.3191584410620831,0.13819116843344711,-1.5900131311916395,-1.0483037509325268,1.3493683601257887e-21,0.0006720777542263351,2.2880593932567722e-21,dissociated,post
1825,Kinship,Academia,Kinship + Academia,46685,23512,415,344.0180821515278,0.27026877172720765,0.14437988126883036,0.39006623200044954,0.06251326704532699,0.0009995002498750624,0.017650561415447432,-0.4228260941554027,0.05548762500616957,-0.531581839167495,-0.31407034914331033,2.533079331279201e-14,0.0012181409295352324,3.7996189969188015e-14,associated,post
1825,Kinship,Exploration & Invention,Kinship + Exploration & Invention,46685,23512,65,83.77810454965514,-0.36366296104614665,-0.7263594382552897,-0.06120587181345509,0.17057446465095605,0.033483258370814596,0.0027645457638652603,-0.580057270542105,0.12724668323547544,-0.8294607696836369,-0.3306537714005731,5.151397176041776e-06,0.03898050974512744,5.908955584283213e-06,dissociated,post
1825,Kinship,Culture (core),Kinship + Culture (core),46685,23512,477,372.83940676892104,0.355012936938231,0.24592988909314245,0.46944987703445995,0.056903143910800126,0.0004997501249375312,0.020287512759441986,-0.494037563908462,0.05267350728768432,-0.5972776381923233,-0.3907974896246007,6.6448798587705575e-21,0.0006720777542263351,1.1027672957108586e-20,associated,post
1825,Kinship,Culture (periphery),Kinship + Culture (periphery),46685,23512,134,170.56861421871835,-0.34696892156031317,-0.601349626619797,-0.1318238323356331,0.1202504729863033,0.005997001499250375,0.00569921742089146,-0.5703169936027882,0.09033078009446928,-0.747365322587948,-0.39326866461762844,2.7252867162724786e-10,0.007196401799100449,3.484792850315629e-10,dissociated,post
1825,Kinship,Sport & Games,Kinship + Sport & Games,46685,23512,59,32.46065139169143,0.8521449140585292,0.45505899830630925,1.1667756543772199,0.18013088802386626,0.0004997501249375312,0.0025093569241238516,-0.3511838715044293,0.1337532439314615,-0.6133402296100938,-0.08902751339876475,0.008649382473941694,0.0006720777542263351,0.009116916661722325,associated,post
1825,Big business,Small business,Big business + Small business,46685,23512,502,194.7444905825095,1.3638417573810846,1.2616317899888871,1.4631656401577189,0.05340119561898683,0.0004997501249375312,0.021350799591697858,0.7520853002135695,0.051649982583765186,0.6508513343493897,0.8533192660777492,4.9585762721817095e-48,0.0006720777542263351,1.3813176758220478e-47,associated,post
1825,Big business,Academia,Big business + Academia,46685,23512,185,416.91718461109235,-1.1700708090586234,-1.3788076121178503,-0.989025018610455,0.09938546991316459,0.0004997501249375312,0.007868322558693432,-1.8383991046194894,0.07634154444700392,-1.988028531735617,-1.6887696775033618,3.93092341432104e-128,0.0006720777542263351,2.555100219308676e-127,dissociated,post
1825,Big business,Exploration & Invention,Big business + Exploration & Invention,46685,23512,248,101.53109180322441,1.2842370019910283,1.1166012535460277,1.4318923919286242,0.08091891451717277,0.0004997501249375312,0.010547805375978225,0.4642211450163073,0.0696380894355803,0.3277304897225699,0.6007118003100447,2.625188350114033e-11,0.0006720777542263351,3.4705879882863485e-11,associated,post
1825,Big business,Culture (core),Big business + Culture (core),46685,23512,209,451.84588789638445,-1.1104761126074172,-1.305961127684228,-0.9306235928044944,0.095212536423056,0.0004997501249375312,0.008889077917659067,-1.9582198570539968,0.07212356329531501,-2.0995820411128143,-1.8168576729951793,2.470621792984993e-162,0.0006720777542263351,3.211808330880491e-161,dissociated,post
1825,Big business,Culture (periphery),Big business + Culture (periphery),46685,23512,62,206.7129320015244,-1.7291859484473042,-2.1113799705410843,-1.4038171000714295,0.1816101044014891,0.0004997501249375312,0.002636951343994556,-1.82415077646469,0.12864802618043594,-2.0763009077783443,-1.5720006451510355,1.2290701681034818e-45,0.0006720777542263351,3.30577493489902e-45,dissociated,post
1825,Big business,Sport & Games,Big business + Sport & Games,46685,23512,43,39.33922107880696,0.12682596030055027,-0.33495141553611885,0.488889529880865,0.2106632073665804,0.5502248875562219,0.0018288533514800953,-1.1127614298567565,0.15462818044106827,-1.4158326635212504,-0.8096901961922627,6.18371839480618e-13,0.5722338830584708,8.932037681386704e-13,not distinguishable,post
1825,Small business,Academia,Small business + Academia,46685,23512,581,580.8068869005892,0.00047919102741922484,-0.10598734521459172,0.09715714202402494,0.051705772510553374,0.9910044977511244,0.024710785981626404,-0.7266289081817043,0.046278140512223544,-0.8173340635856625,-0.6359237527777462,1.480762868251276e-55,0.9910044977511243,4.812479321816647e-55,not distinguishable,post
1825,Small business,Exploration & Invention,Small business + Exploration & Invention,46685,23512,221,141.442856112676,0.6419964577501763,0.45648483025284026,0.8099467634024872,0.08833244802953044,0.0004997501249375312,0.009399455597141886,0.138879608950111,0.07266152723981438,-0.0035369844399251726,0.2812962023401472,0.055963154536242905,0.0006720777542263351,0.055963154536242905,associated,post
1825,Small business,Culture (core),Small business + Culture (core),46685,23512,640,629.4660263350282,0.0239245434775246,-0.07289121698416745,0.11947104921905438,0.04865173396781121,0.6406796601699151,0.027220142905750255,-0.8634538021670838,0.04446240337819009,-0.9506001127883363,-0.7763074915458312,5.242914862500335e-84,0.6575396512270181,2.405572701617801e-83,not distinguishable,post
1825,Small business,Culture (periphery),Small business + Culture (periphery),46685,23512,264,287.9715659355536,-0.12516139997889061,-0.2951456649713,0.025970155071001123,0.08253035298188491,0.1199400299850075,0.01122830894862198,-0.4585797396395295,0.06563909703546825,-0.5872323698290473,-0.3299271094500118,2.8206745806941023e-12,0.13176510336381103,4.000229405348e-12,not distinguishable,post
1825,Small business,Sport & Games,Small business + Sport & Games,46685,23512,64,54.80342708633941,0.22193027524283343,-0.1409976543999262,0.5258629511813674,0.16830199275978072,0.18140929535232383,0.0027220142905750254,-0.8796372295102987,0.1280144789443319,-1.130545608241189,-0.6287288507794082,6.357993865149635e-12,0.19383458955453778,8.700412657573185e-12,not distinguishable,post
1825,Academia,Exploration & Invention,Academia + Exploration & Invention,46685,23512,513,302.80680689585034,0.7595864008540815,0.6609039229224994,0.8562562297661229,0.05187866301029033,0.0004997501249375312,0.02181864579789044,-0.22918961561717308,0.051053896739095654,-0.32925525322580057,-0.12912397800854558,7.150125962823177e-06,0.0006720777542263351,8.082751088408807e-06,associated,post
1825,Academia,Culture (core),Academia + Culture (core),46685,23512,2119,1347.5873064390642,0.6528100333095036,0.6066351342732716,0.6947182105729951,0.02266941064203816,0.0004997501249375312,0.09012419190200749,-0.9229911380869956,0.026450768529304808,-0.974834644404433,-0.8711476317695582,8.952052241008867e-267,0.0006720777542263351,2.3275335826623055e-265,associated,post
1825,Academia,Culture (periphery),Academia + Culture (periphery),46685,23512,446,616.5016230178347,-0.4666141090309531,-0.5966066126449959,-0.3495210393037816,0.06259525746870502,0.0004997501249375312,0.01896903708744471,-1.2843108168718451,0.05093503647136093,-1.3841434883557127,-1.1844781453879776,2.7648871105204453e-140,0.0006720777542263351,2.6957649327574343e-139,dissociated,post
1825,Academia,Sport & Games,Academia + Sport & Games,46685,23512,69,117.32547842320314,-0.7615666563920177,-1.1196565817355488,-0.4645993231710472,0.16523380695612047,0.0004997501249375312,0.0029346716570261993,-2.1596397685868802,0.12289141298685248,-2.400506938041111,-1.9187725991326494,3.927273543916317e-69,0.0006720777542263351,1.3923969837521487e-68,dissociated,post
1825,Exploration & Invention,Culture (core),Exploration & Invention + Culture (core),46685,23512,156,328.1755120037916,-1.0705013151509812,-1.298359870177589,-0.8680114833746639,0.11071815909644349,0.0004997501249375312,0.006634909833276624,-1.884836356916386,0.08335169292159124,-2.0482056750427047,-1.7214670387900672,3.224373189657574e-113,0.0006720777542263351,1.7964364913806486e-112,dissociated,post
1825,Exploration & Invention,Culture (periphery),Exploration & Invention + Culture (periphery),46685,23512,102,150.1355309732543,-0.5554381943624468,-0.8444721221500706,-0.31175779575448936,0.1362552219614862,0.0009995002498750624,0.004338210275603947,-0.934598086856847,0.10218577223792003,-1.1348822004431702,-0.7343139732705237,5.904317946310426e-20,0.0012181409295352324,9.39871020024925e-20,dissociated,post
1825,Exploration & Invention,Sport & Games,Exploration & Invention + Sport & Games,46685,23512,48,28.57206265497393,0.7383513133717455,0.30569605826346935,1.081363711350088,0.19675798730195093,0.0009995002498750624,0.002041510717931269,-0.6351711053259053,0.14719670794345524,-0.9236766528950775,-0.34666555775673297,1.5951795996121854e-05,0.0012181409295352324,1.7774858395678638e-05,associated,post
1825,Culture (core),Culture (periphery),Culture (core) + Culture (periphery),46685,23512,1836,668.1512144957632,1.457633130363941,1.4118754271769247,1.5014456180600972,0.022674247701143048,0.0004997501249375312,0.07808778496087104,0.4217871381057605,0.03175565994372091,0.35954604461606754,0.4840282315954535,2.9337772926831592e-40,0.0006720777542263351,7.1510821509152e-40,associated,post
1825,Culture (core),Sport & Games,Culture (core) + Sport & Games,46685,23512,104,127.15483296869091,-0.28874521641790424,-0.582200169407847,-0.050813588304490696,0.13370990596285098,0.033483258370814596,0.004423273222184417,-1.9737155566494526,0.10141482269487705,-2.1724886091314115,-1.7749425041674936,2.3148444177742e-84,0.03898050974512744,1.1284866536649225e-83,dissociated,post
1825,Culture (periphery),Sport & Games,Culture (periphery) + Sport & Games,46685,23512,23,58.171489539260044,-1.3199988625178762,-1.9973510557237681,-0.8390649426762582,0.29663593618302,0.0009995002498750624,0.0009782238856753998,-2.1351941801291265,0.20826818829428065,-2.543399829185917,-1.7269885310723365,1.1575449590452086e-24,0.0012181409295352324,2.0064112623450283e-24,dissociated,post
